start_index,start_time,can_tapper_id,start_color,V_pre_total_1_10V,V_min_total_1_10V,V_ocv_total_1_10V,V_drop_total_pct,soc_pct_est_pack,soc_pct_est_ocv_pack,V_ocv_slope_mV_per_s_max,n_ocv_samples_min,temp_avg_start_C,I_pre_A,I_load_A,delta_I_A,t_load_s,I_mean_post_A,I_max_post_A,t_charge_onset_s,R_internal_est_ohm_pack,R_internal_est_ohm_min_voltage_method_pack,R_internal_est_ohm_from_ocv_pack,max_abs_imbalance_pct_pack,mean_abs_imbalance_pct_pack,t_recovery_s_max,tau_relax_s_median,relax_fit_r2_min,pre_data_duration_s,post_data_duration_s,t_since_previous_start_s,n_voltage_samples,n_current_samples,n_temperature_samples,t_before_s,t_after_s
0,2022-05-31 10:28:34.824753,can_tapper15,"rgb(228,26,28)",473.0,412.0,475.0,12.896405919661733,40.0,40.0,2.697058976470189,1500,11.725,30.5,494.0,463.5,0.691244,-182.2378048780488,142.0,2.197057,0.010787486515641855,0.013160733549083063,0.01121898597626753,11.212814645308924,1.1930819129510657,1.0000000000001563,5.612187333395914,0.9437703844147958,59.997482,119.891629,,2158,403,476,60.0,120.0
1,2022-05-31 11:28:07.568745,can_tapper15,"rgb(55,126,184)",483.0,454.0,480.0,6.004140786749482,51.20535714285712,46.24999999999997,1.636836283038014,1500,13.941666666666666,0.0,446.0,446.0,0.779423,-125.64379084967321,270.0,2.27187,0.004932735426008968,0.006502242152466367,0.004484304932735425,4.989154013015185,0.697368942855179,0.5000000000000782,119.99999999999996,0.18079863802272755,59.776549,119.874993,3572.743992,2157,415,572,60.0,120.0
2,2022-05-31 11:29:12.108839,can_tapper15,"rgb(77,175,74)",491.0,465.0,500.0,5.295315682281059,66.25000000000003,90.0,51.95796975908945,1500,13.975,0.0,270.0,270.0,0.986018,-102.95454545454545,435.0,2.087473,0.00814814814814815,0.00962962962962963,0.011481481481481481,4.0,0.7408881065429351,0.5000000000000782,119.99999999999996,0.22720575781857688,59.989101,119.885318,64.540094,2159,425,625,60.0,120.0
3,2022-05-31 11:31:08.194613,can_tapper15,"rgb(152,78,163)",493.0,463.0,496.0,6.085192697768763,70.75000000000004,78.00000000000004,9.294021908452525,1500,14.025,24.0,435.0,411.0,0.787474,0.2054794520547945,491.0,2.791624,0.0072992700729927005,0.0072992700729927005,0.008029197080291971,1.079913606911447,0.40039267574337833,0.5000000000000782,45.88440927560299,0.3905549557114171,59.99988,119.887243,116.085774,2158,345,364,60.0,120.0
4,2022-05-31 14:32:00.086011,can_tapper15,"rgb(255,127,0)",468.0,430.0,468.0,8.11965811965812,40.0,40.0,2.115227606767314,1500,14.95,15.5,468.0,452.5,0.890461,-180.8562874251497,19.0,2.29311,0.004861878453038674,0.00839779005524862,0.004861878453038674,7.555555555555555,0.8556663525197387,0.5000000000000782,7.565235559061503,0.9445744821134132,59.991471,119.901755,10851.891398,2159,413,606,60.0,120.0
5,2022-05-31 14:36:47.780271,can_tapper15,"rgb(255,255,51)",483.0,449.0,484.0,7.039337474120083,51.20535714285712,52.857142857142826,0.21105787158112618,1500,,0.0,462.0,462.0,0.831273,-174.2809667673716,22.0,2.229413,0.004329004329004329,0.007359307359307359,0.004329004329004329,6.209850107066381,0.7907667066137932,0.5000000000000782,4.976713576127057,0.9315097831524984,59.98827,119.921044,287.69426,2159,411,449,60.0,120.0
6,2022-06-01 08:12:47.641430,can_tapper15,"rgb(166,86,40)",460.0,405.0,463.0,11.956521739130435,40.0,40.0,2.0991653774063472,1500,14.183333333333332,10.0,497.0,487.0,0.957192,-215.3139534883721,11.0,2.057551,0.005544147843942505,0.011293634496919917,0.006160164271047228,7.547169811320755,0.7569623144075854,1.0000000000001563,5.948992616750902,0.9459865029494343,59.893849,119.957376,63359.861159,2160,528,519,60.0,120.0
7,2022-06-01 08:32:17.097451,can_tapper15,"rgb(247,129,191)",500.0,454.0,508.0,9.2,90.0,100.0,41.935254193439626,1500,15.825,5.0,493.0,488.0,0.795974,-57.4320987654321,11.0,2.388667,0.00860655737704918,0.00942622950819672,0.010245901639344262,12.97071129707113,0.8841886865937416,0.6200000000000969,31.996067694060745,0.4465893096413198,59.984349,119.983425,1169.456021,2160,301,367,60.0,120.0
8,2022-06-01 10:43:08.213664,can_tapper15,"rgb(153,153,153)",479.0,438.0,480.0,8.559498956158663,44.68749999999998,46.24999999999997,7.586850985972613e-14,1500,16.725,0.0,398.0,398.0,1.025931,-174.7133956386293,7.0,2.035033,0.007035175879396985,0.010301507537688444,0.00728643216080402,5.3097345132743365,1.3839188611635276,1.0000000000001563,1.6874737773196231,0.5830678387144557,59.925201,119.986067,7851.116213,2160,367,435,60.0,120.0
9,2022-06-02 09:46:00.293177,can_tapper15,"rgb(228,26,28)",477.0,434.0,479.0,9.014675052410901,41.56249999999999,44.68749999999998,4.690410973515531,1500,,28.5,494.0,465.5,0.655891,-118.7095709570957,37.0,2.154932,0.0036519871106337276,0.009237379162191193,0.004081632653061225,6.956521739130435,0.9348857053274533,0.5000000000000782,7.136925848448924,0.955680246429653,59.997581,119.878847,82972.079513,2158,380,417,60.0,120.0
10,2022-06-07 10:04:37.141009,can_tapper15,"rgb(55,126,184)",467.0,413.0,467.0,11.563169164882227,40.0,40.0,4.724659877626068,1500,13.6,0.0,493.0,493.0,0.714518,-181.062874251497,174.0,2.125314,0.004056795131845842,0.010953346855983773,0.004056795131845842,7.72626931567329,1.0211644114775107,1.5200000000002376,4.67804510221319,0.9358061135974931,37.163015,119.931614,433116.847832,1887,389,485,60.0,120.0
11,2022-06-07 13:20:37.424602,can_tapper15,"rgb(77,175,74)",469.0,415.0,472.0,11.513859275053305,40.0,40.0,2.938499083776993,1500,16.866666666666667,24.0,490.0,466.0,0.565176,-187.683284457478,64.0,2.065679,0.00944206008583691,0.011587982832618025,0.010085836909871243,13.082039911308204,0.9589045728290175,1.0000000000001563,4.148345232772487,0.9634197652433925,59.969602,119.954303,11760.283593,2160,395,552,60.0,120.0
12,2022-06-08 10:59:42.012145,can_tapper15,"rgb(152,78,163)",455.0,401.0,456.0,11.868131868131867,40.0,40.0,2.758196781420501,1500,16.2,0.0,494.0,494.0,0.75424,-213.04941860465115,159.0,2.25706,0.008502024291497975,0.010931174089068827,0.008704453441295546,11.11111111111111,1.3267514039615786,1.5200000000002376,4.148345232772487,0.9008877694304034,59.855341,119.947609,77944.587543,2158,453,446,60.0,120.0
13,2022-06-08 12:27:04.128078,can_tapper15,"rgb(255,127,0)",472.0,438.0,472.0,7.203389830508475,40.0,40.0,0.3148890288392424,1500,21.5,0.0,490.0,490.0,0.800131,-193.33779264214047,29.0,2.394887,0.004897959183673469,0.0069387755102040816,0.004897959183673469,5.357142857142857,0.5096266478441506,0.5000000000000782,7.565235559061503,0.8830403401048554,59.762464,119.875629,5242.115933,2157,387,395,60.0,120.0
14,2022-06-10 10:25:31.455323,can_tapper15,"rgb(255,255,51)",459.0,385.0,460.0,16.122004357298476,40.0,40.0,2.1134439041961401e-13,1500,15.133333333333331,10.0,495.0,485.0,0.755705,-193.1402985074627,146.0,2.16008,0.01443298969072165,0.015257731958762885,0.014639175257731958,24.105011933174225,0.9822491329357741,1.5000000000002345,4.148345232772487,0.8567265860966436,59.946707,119.931754,165507.327245,2158,409,428,60.0,120.0
15,2022-06-22 07:27:05.247930,can_tapper15,"rgb(166,86,40)",456.0,413.0,459.0,9.429824561403509,40.0,40.0,4.94023330676954,1500,13.45,0.0,446.0,446.0,1.011044,-136.46372239747635,19.0,2.014361,0.007847533632286996,0.009641255605381167,0.008520179372197309,6.4133016627078385,0.8260792036564475,1.0000000000001563,3.2620894576029285,0.8935675711939937,35.015126,119.86085,1026093.792607,1860,373,358,60.0,120.0
16,2022-07-05 14:45:17.937934,can_tapper15,"rgb(247,129,191)",472.0,413.0,472.0,12.5,40.0,40.0,2.5523033565785753,1500,19.85,9.0,494.0,485.0,0.627457,-132.61872909698997,72.0,2.136083,0.009484536082474227,0.012164948453608247,0.009484536082474227,7.826086956521739,1.5018284611394788,1.5000000000002345,4.148345232772487,0.914679478282823,55.733503,119.87231,1149492.690004,2109,361,449,60.0,120.0
17,2022-07-05 15:04:08.867471,can_tapper15,"rgb(153,153,153)",479.0,425.0,479.0,11.273486430062631,44.68749999999998,44.68749999999998,1.0400360177937604,1500,18.275,0.0,489.0,489.0,0.59711,-120.24766355140187,332.0,2.11571,0.007770961145194273,0.011042944785276072,0.007975460122699387,8.843537414965986,1.2998472618257133,1.0000000000001563,1.9029463547871976,0.13979702807914385,59.951332,119.901285,1130.929537,1713,344,356,60.0,120.0
18,2022-07-05 15:05:45.626456,can_tapper15,"rgb(228,26,28)",484.0,453.0,485.0,6.40495867768595,52.857142857142826,54.642857142857125,6.603657859841773,394,18.43333333333333,0.0,332.0,332.0,1.017325,-114.89122807017544,10.0,2.024967,0.008734939759036144,0.009337349397590362,0.009036144578313253,5.084745762711864,0.49692211916850315,0.5000000000000782,3.9134845291898115,0.885651432696948,59.896295,119.941449,96.758985,1753,337,413,60.0,120.0
19,2022-08-11 11:28:16.990323,can_tapper15,"rgb(55,126,184)",539.0,444.0,542.0,17.625231910946194,100.0,100.0,0.4561602027377142,1500,22.56666666666667,0.0,489.0,489.0,0.850475,-137.95925925925926,133.0,2.353901,0.014723926380368096,0.019427402862985683,0.015132924335378321,16.595744680851062,2.0343084904422772,1.260000000000197,1.6874737773196231,0.8907618465133781,59.993931,119.953703,3183751.363867,2160,358,513,60.0,120.0
20,2022-08-11 13:39:32.110667,can_tapper15,"rgb(77,175,74)",508.0,482.0,508.0,5.118110236220472,100.0,100.0,9.606592036252402e-13,130,36.35,0.0,462.0,462.0,0.843579,-53.38047138047138,17.0,3.343973,0.005627705627705628,0.005627705627705628,0.005627705627705628,2.4390243902439024,0.35152651758920483,0.5200000000000813,4.148345232772487,0.8723599869205296,5.619517,119.978637,7875.120344,1509,308,477,60.0,120.0
21,2022-08-18 09:18:06.728373,can_tapper15,"rgb(152,78,163)",500.0,472.0,504.0,5.6000000000000005,90.0,95.0,6.279100663081942,1150,21.1,0.0,370.0,370.0,1.116883,-19.095846645367413,103.0,2.023054,0.005945945945945946,0.0075675675675675675,0.007027027027027028,4.065040650406504,0.6041972484137962,0.5000000000000782,3.2620894576029285,0.7155312561848151,26.011213,119.851631,589114.617706,1752,338,341,60.0,120.0
22,2022-08-25 08:04:08.320039,can_tapper15,"rgb(255,127,0)",504.0,472.0,505.0,6.349206349206349,95.0,96.25,7.832625021296482e-13,59,23.3,11.0,363.0,352.0,0.930358,-18.399390243902438,15.0,2.029222,0.0036931818181818185,0.00909090909090909,0.003977272727272727,6.313645621181263,0.5965186487308243,0.5000000000000782,2.892719705486028,0.7764880143145515,4.195476,119.876048,600361.591666,1491,338,352,60.0,120.0
23,2022-09-05 09:38:40.311069,can_tapper15,"rgb(255,255,51)",496.0,459.0,499.0,7.459677419354839,78.00000000000004,87.00000000000001,2.30822324809872,1500,19.683333333333334,0.0,445.0,445.0,0.998192,-32.385474860335194,17.0,2.398349,0.007415730337078652,0.008314606741573034,0.008089887640449439,5.660377358490566,0.8457352298031059,0.5000000000000782,3.2620894576029285,0.7766488766435118,59.9686,119.971198,956071.99103,2160,534,612,60.0,120.0
24,2022-09-05 09:48:06.110392,can_tapper15,"rgb(166,86,40)",493.0,451.0,495.0,8.519269776876268,70.75000000000004,75.58333333333339,0.402693512308309,1500,19.741666666666667,13.0,492.0,479.0,1.035571,-45.32753623188406,162.0,2.048577,0.007515657620041753,0.008768267223382045,0.007933194154488517,9.052631578947368,0.6893568229411551,0.5000000000000782,2.0171482422437275,0.8028637935479774,59.948674,119.975629,565.799323,2160,566,458,60.0,120.0
25,2022-09-12 13:11:19.123457,can_tapper15,"rgb(247,129,191)",495.0,450.0,495.0,9.090909090909092,75.58333333333339,75.58333333333339,1.5043295574796534,1500,16.0,0.0,494.0,494.0,1.090792,-39.60130718954248,9.0,2.092799,0.007692307692307693,0.009109311740890687,0.007692307692307693,5.908096280087527,0.7697126153933402,1.0000000000001563,3.2620894576029285,0.837044222618203,59.918431,119.941574,616993.013065,2158,413,756,60.0,120.0
26,2022-09-14 13:14:46.528857,can_tapper15,"rgb(153,153,153)",496.0,433.0,497.0,12.701612903225806,78.00000000000004,81.00000000000004,1.1811116360492606,1500,17.05,0.0,489.0,489.0,1.01883,-80.52014652014653,8.0,2.022932,0.007770961145194275,0.012883435582822084,0.007975460122699387,18.27956989247312,1.5625780067633852,1.5000000000002345,4.148345232772487,0.8695273133915127,59.944618,119.974782,173007.4054,2160,430,537,60.0,120.0
27,2022-09-15 14:25:24.890309,can_tapper15,"rgb(228,26,28)",495.0,453.0,496.0,8.484848484848486,75.58333333333339,78.00000000000004,0.22582232258777066,1500,15.48333333333333,6.0,490.0,484.0,0.946176,-80.04276315789474,10.0,2.449473,0.006611570247933886,0.008677685950413225,0.006818181818181819,7.758620689655173,0.8704230635660379,1.0000000000001563,3.678623825607137,0.7462018086448527,59.87228,119.987651,90638.361452,2159,469,678,60.0,120.0
28,2022-09-19 09:13:17.640875,can_tapper15,"rgb(55,126,184)",507.0,469.0,,7.495069033530571,98.75,,,0,9.475,19.0,230.0,211.0,1.025441,-10.474747474747474,20.0,2.121545,0.013744075829383886,0.01800947867298578,,2.092050209205021,0.629410162672847,1.0000000000001563,3.2620894576029285,0.6937088802032848,0.889637,119.948136,326872.750566,1452,304,326,60.0,120.0
29,2022-09-19 15:26:05.760813,can_tapper15,"rgb(77,175,74)",496.0,456.0,497.0,8.064516129032258,78.00000000000004,81.00000000000004,0.6224358321939324,1500,13.180000000000001,7.0,492.0,485.0,0.995598,-49.79421221864952,10.0,2.000399,0.008247422680412371,0.008247422680412371,0.008453608247422681,3.171247357293869,0.5771756505861144,1.0200000000001594,3.077404581544478,0.8519184283084043,59.7919,119.846473,22368.119938,2157,473,675,60.0,120.0
30,2022-09-20 10:41:03.282333,can_tapper15,"rgb(152,78,163)",499.0,450.0,500.0,9.819639278557114,87.00000000000001,90.0,0.5420180186746468,1500,13.725,10.0,492.0,482.0,0.57993,-39.40514469453376,115.0,2.074722,0.004771784232365145,0.01016597510373444,0.004979253112033195,3.0303030303030303,0.5812669082478248,1.260000000000197,2.892719705486028,0.8307012885358587,59.783651,119.884424,69297.52152,2157,440,819,60.0,120.0
31,2022-09-20 12:08:37.641110,can_tapper15,"rgb(255,127,0)",496.0,435.0,497.0,12.298387096774194,78.00000000000004,81.00000000000004,3.8582772703447885,1500,14.783333333333331,0.0,492.0,492.0,0.967851,-47.956228956228955,12.0,2.470255,0.010569105691056912,0.012398373983739839,0.010772357723577238,12.663755458515285,1.7966885034953162,1.0000000000001563,2.145932504474109,0.8118802065832507,59.930198,119.981104,5254.358777,2159,407,432,60.0,120.0
32,2022-09-20 15:32:26.634381,can_tapper15,"rgb(255,255,51)",496.0,452.0,500.0,8.870967741935484,78.00000000000004,90.0,4.05256180113779,1500,16.32,0.0,492.0,492.0,0.817289,-63.17314487632509,135.0,2.318609,0.00894308943089431,0.00894308943089431,0.00975609756097561,1.7699115044247788,0.3369159464771779,1.2400000000001938,3.2620894576029285,0.7262984108324366,59.901875,119.995452,12228.993271,2160,408,541,60.0,120.0
33,2022-09-20 15:49:51.407135,can_tapper15,"rgb(166,86,40)",511.0,457.0,516.0,10.567514677103718,100.0,100.0,4.344881931058039,1500,16.835,7.0,487.0,480.0,0.560621,-37.11695906432749,13.0,2.060078,0.008541666666666666,0.01125,0.009375000000000001,8.704883227176222,1.1888299504247046,1.5000000000002345,119.99999999999996,0.40544999003257376,59.969911,119.96641,1044.772754,2160,224,405,60.0,120.0
34,2022-09-20 16:01:48.841056,can_tapper15,"rgb(247,129,191)",507.0,460.0,508.0,9.270216962524655,98.75,100.0,6.779905235512243,1500,14.783333333333335,0.0,490.0,490.0,0.761978,-43.37261146496815,105.0,2.170894,0.007142857142857143,0.009591836734693878,0.007346938775510204,6.882591093117409,0.6162288794362929,1.0000000000001563,2.27471676670449,0.6816459263628115,59.8318,119.814826,717.433921,2157,378,515,60.0,120.0
35,2022-09-21 07:25:06.446286,can_tapper15,"rgb(153,153,153)",500.0,444.0,504.0,11.200000000000001,90.0,95.0,4.224108544047522,1500,16.125,8.0,493.0,485.0,0.648435,-41.48639455782313,135.0,2.152526,0.007422680412371133,0.01154639175257732,0.008041237113402062,11.48936170212766,0.9843293175846914,1.5000000000002345,2.7289468883321724,0.8577090853040266,59.99503,119.89595,55397.60523,2158,391,390,60.0,120.0
36,2022-09-21 07:38:41.185439,can_tapper15,"rgb(228,26,28)",511.0,448.0,516.0,12.32876712328767,100.0,100.0,4.090632929169493,1500,16.175,8.0,490.0,482.0,0.568876,-26.75409836065574,30.0,2.071745,0.01058091286307054,0.013070539419087137,0.011618257261410787,13.934426229508198,0.7715875244189534,1.5000000000002345,119.99999999999996,0.2773542549378626,59.880338,119.769238,814.739153,2157,402,495,60.0,120.0
37,2022-09-21 09:53:48.811277,can_tapper15,"rgb(55,126,184)",491.0,448.0,500.0,8.757637474541752,66.25000000000003,90.0,11.92910752404595,1500,15.408333333333331,35.0,492.0,457.0,0.891075,-61.839228295819936,66.0,2.29535,0.008315098468271335,0.009409190371991248,0.010284463894967177,7.855626326963907,0.991333231466555,0.7400000000001157,2.27471676670449,0.8429125817959955,59.987899,119.941798,8107.625838,2159,359,417,60.0,120.0
38,2022-09-21 11:37:56.742046,can_tapper15,"rgb(77,175,74)",495.0,463.0,495.0,6.4646464646464645,75.58333333333339,75.58333333333339,2.963334650370479,1500,18.866666666666667,0.0,450.0,450.0,0.777208,-79.45695364238411,2.0,2.776708,0.006222222222222223,0.0071111111111111115,0.006222222222222223,5.613305613305613,0.629379951735573,0.5000000000000782,3.077404581544478,0.9011712903607896,59.97085,119.925852,6247.930769,2158,381,457,60.0,120.0
39,2022-09-21 16:33:07.320432,can_tapper15,"rgb(152,78,163)",480.0,436.0,483.0,9.166666666666666,46.24999999999997,51.20535714285712,1.1747916332402166,1500,17.925,22.0,489.0,467.0,0.640849,-150.21978021978023,43.0,2.045126,0.007708779443254819,0.00942184154175589,0.00835117773019272,8.370044052863436,0.9055167852692992,0.5000000000000782,12.234338877368176,0.9349226410942056,59.803153,119.84172,17710.578386,2157,415,501,60.0,120.0
40,2022-09-22 06:47:16.725352,can_tapper15,"rgb(255,127,0)",497.0,469.0,499.0,5.633802816901409,81.00000000000004,87.00000000000001,19.043407291647444,387,15.925,0.0,366.0,366.0,1.013393,-69.19298245614036,23.0,2.020049,0.00546448087431694,0.007650273224043717,0.006010928961748633,2.542372881355932,0.3175952570122931,0.26000000000004064,2.892719705486028,0.7228374932254227,10.761102,119.821225,51249.40492,1569,306,396,60.0,120.0
41,2022-09-22 09:19:58.018085,can_tapper15,"rgb(255,255,51)",493.0,464.0,493.0,5.88235294117647,70.75000000000004,70.75000000000004,1.9891653285176114,1500,14.9,50.0,480.0,430.0,0.933884,-95.56228956228956,63.0,2.032088,0.00627906976744186,0.006744186046511627,0.00627906976744186,4.878048780487805,0.5780427394359262,0.5000000000000782,7.565235559061503,0.8752846392879554,59.9731,119.990225,9161.292733,2159,455,722,60.0,120.0
42,2022-09-22 10:47:50.705165,can_tapper15,"rgb(166,86,40)",496.0,460.0,496.0,7.258064516129033,78.00000000000004,78.00000000000004,8.843540243896139e-14,1500,18.875,0.0,488.0,488.0,0.61023,-125.82154882154882,20.0,2.10571,0.006557377049180328,0.007377049180327869,0.006557377049180328,10.460251046025105,0.5128641511287935,0.5000000000000782,10.849032074111987,0.9275750836754273,59.919408,119.930032,5272.68708,2158,399,724,60.0,120.0
43,2022-09-22 13:17:40.791463,can_tapper15,"rgb(247,129,191)",488.0,457.0,488.0,6.352459016393443,60.0,60.0,2.8201152515774477e-13,1500,19.95,0.0,489.0,489.0,0.690947,-151.6990291262136,25.0,2.687168,0.0049079754601227,0.006339468302658486,0.0049079754601227,5.806451612903226,0.6619303695780973,0.5000000000000782,8.53123623235764,0.8908550706426555,59.907626,119.957441,8990.086298,2158,400,603,60.0,120.0
44,2022-09-22 13:56:54.010200,can_tapper15,"rgb(153,153,153)",504.0,473.0,507.0,6.15079365079365,95.0,98.75,4.984322215253222,1500,22.3,0.0,488.0,488.0,0.675922,-100.65579710144928,26.0,2.183706,0.006147540983606557,0.006352459016393443,0.006762295081967212,7.258064516129032,0.7067191541260576,0.5000000000000782,3.2620894576029285,0.8846208763824908,59.869121,119.810403,2353.218737,2157,349,569,60.0,120.0
45,2022-09-22 14:46:40.424879,can_tapper15,"rgb(228,26,28)",500.0,465.0,503.0,7.000000000000001,90.0,93.75,9.264528562011137,1500,,12.0,486.0,474.0,0.694339,-105.86770428015564,48.0,2.096089,0.005696202531645569,0.007383966244725738,0.006329113924050634,5.708245243128964,0.73530941924694,0.5000000000000782,3.678623825607137,0.9006710961654678,59.894186,119.994938,2986.414679,2160,318,389,60.0,120.0
46,2022-09-23 10:08:55.881704,can_tapper15,"rgb(55,126,184)",497.0,460.0,500.0,7.44466800804829,81.00000000000004,90.0,1.7395918842625622,1500,16.551666666666666,0.0,490.0,490.0,0.990103,-60.63225806451613,8.0,2.986904,0.0071428571428571435,0.0075510204081632665,0.007755102040816328,3.7656903765690375,0.7781273127149286,1.0000000000001563,3.2620894576029285,0.8569473911460821,59.959895,119.948382,69735.456825,2160,435,555,60.0,120.0
47,2022-09-23 10:53:31.912497,can_tapper15,"rgb(77,175,74)",505.0,477.0,505.0,5.544554455445545,96.25,96.25,,2,16.69166666666667,13.0,417.0,404.0,0.813806,-33.37953795379538,11.0,2.316221,0.003465346534653465,0.00693069306930693,0.003465346534653465,3.4623217922606924,0.635534163961276,0.5000000000000782,4.67804510221319,0.6454776374188415,3.05557,119.809219,2676.030793,1476,317,402,60.0,120.0
48,2022-09-23 11:12:32.440000,can_tapper15,"rgb(152,78,163)",499.0,470.0,500.0,5.811623246492986,87.00000000000001,90.0,0.36636460727293313,1500,16.55,13.0,410.0,397.0,0.815699,-42.91639871382637,13.0,3.318087,0.005793450881612091,0.0073047858942065485,0.005793450881612091,4.821802935010482,0.6014259622743339,0.5000000000000782,3.678623825607137,0.7733971902339821,35.220578,119.933475,1140.527503,1863,367,349,60.0,120.0
49,2022-09-26 09:25:13.556536,can_tapper15,"rgb(255,127,0)",488.0,448.0,491.0,8.19672131147541,60.0,66.25000000000003,1.2806761247450202,1500,11.738333333333333,23.0,495.0,472.0,0.781332,-41.04761904761905,29.0,2.280434,0.006355932203389831,0.00847457627118644,0.0069915254237288135,3.1982942430703623,0.7674608487834201,0.5000000000000782,4.148345232772487,0.7139960017976998,59.767142,119.893255,252761.116536,2157,543,552,60.0,120.0
50,2022-09-27 08:32:44.793191,can_tapper15,"rgb(255,255,51)",495.0,449.0,496.0,9.292929292929292,75.58333333333339,78.00000000000004,0.27933345748131894,1500,11.816666666666666,10.0,496.0,486.0,1.023855,-29.359477124183005,11.0,2.026736,0.00823045267489712,0.009465020576131689,0.008436213991769548,5.732484076433121,1.4914523436258698,1.5000000000002345,3.678623825607137,0.7859501964471592,59.767749,119.872556,83251.236655,2157,459,621,60.0,120.0
51,2022-09-28 12:23:09.440911,can_tapper15,"rgb(166,86,40)",496.0,463.0,499.0,6.653225806451612,78.00000000000004,87.00000000000001,22.47249238291263,270,9.825,0.0,348.0,348.0,1.000674,-16.181818181818183,12.0,2.002274,0.008045977011494253,0.009482758620689655,0.008908045977011494,4.273504273504273,0.4203245804676087,0.5000000000000782,3.2620894576029285,0.8254921980531119,8.413726,119.951425,100224.64772,1542,349,516,60.0,120.0
52,2022-09-28 13:03:30.540820,can_tapper15,"rgb(247,129,191)",499.0,463.0,500.0,7.214428857715431,87.00000000000001,90.0,1.7751654262304124e-12,52,10.216666666666665,14.0,462.0,448.0,0.817596,-18.416666666666668,12.0,2.214451,0.0017857142857142859,0.008035714285714287,0.0020089285714285717,2.335456475583864,0.5678625401632901,0.5000000000000782,3.2856717655465824,0.8229139484567884,4.051302,119.781952,2421.099909,1488,338,472,60.0,120.0
53,2022-09-28 13:16:40.728016,can_tapper15,"rgb(153,153,153)",495.0,447.0,497.0,9.696969696969697,75.58333333333339,81.00000000000004,4.3168374741492554,1500,10.3625,0.0,494.0,494.0,0.991595,-25.447674418604652,25.0,2.090853,0.0038461538461538464,0.009716599190283401,0.0038461538461538464,5.219206680584551,0.9395024976300437,1.0000000000001563,119.99999999999996,0.19144096870081506,59.907923,73.906602,790.187196,1606,221,206,60.0,120.0
54,2022-09-28 13:18:45.045431,can_tapper15,"rgb(228,26,28)",499.0,457.0,504.0,8.41683366733467,87.00000000000001,95.0,10.803603013465478,572,8.85,0.0,493.0,493.0,0.697233,-25.84536082474227,82.0,2.198236,0.006896551724137931,0.008519269776876268,0.007707910750507099,7.296137339055794,0.8535670686272433,1.260000000000197,3.2620894576029285,0.8634168437881278,59.910789,119.798091,124.317415,1573,310,368,60.0,120.0
55,2022-09-29 14:28:53.853746,can_tapper15,"rgb(55,126,184)",489.0,429.0,488.0,12.269938650306749,62.08333333333334,60.0,4.878322168142614,1500,8.633333333333333,24.0,497.0,473.0,0.635825,-26.497175141242938,30.0,2.04298,0.01014799154334038,0.012684989429175475,0.009936575052854123,12.582781456953642,0.9859849050517389,1.0000000000001563,3.470356641605033,0.8625099393516404,59.86942,119.996199,90608.808315,2159,451,449,60.0,120.0
56,2022-10-07 11:38:57.519567,can_tapper15,"rgb(77,175,74)",495.0,448.0,499.0,9.494949494949495,75.58333333333339,87.00000000000001,20.002219386337654,269,9.7,0.0,221.0,221.0,0.936878,-7.876923076923077,10.0,2.038635,0.01583710407239819,0.021266968325791856,0.01764705882352941,3.5398230088495577,0.5681002430755807,1.0000000000001563,3.077404581544478,0.8565333113198081,8.400474,119.927179,681003.665821,1542,288,480,60.0,120.0
57,2022-10-11 14:39:52.474937,can_tapper15,"rgb(152,78,163)",491.0,433.0,493.0,11.812627291242363,66.25000000000003,70.75000000000004,0.6739202995197862,1500,9.3,16.0,496.0,480.0,0.788676,-25.219020172910664,18.0,3.387043,0.009583333333333334,0.012083333333333335,0.01,12.472647702407002,0.8472118201496407,1.0200000000001594,2.892719705486028,0.8726491699159871,59.966754,119.931719,356454.95537,2160,451,327,60.0,120.0
58,2022-10-12 09:21:29.330305,can_tapper15,"rgb(255,127,0)",496.0,449.0,,9.475806451612904,78.00000000000004,,,0,8.775,24.0,319.0,295.0,1.313074,-12.842541436464089,59.0,2.312777,0.011864406779661017,0.015932203389830507,,3.2537960954446854,0.5299918228473728,1.0000000000001563,2.892719705486028,0.7772253374841221,1.607221,119.99404,67296.855368,1461,372,390,60.0,120.0
59,2022-10-13 13:43:33.961961,can_tapper15,"rgb(255,255,51)",477.0,433.0,480.0,9.224318658280922,41.56249999999999,46.24999999999997,4.655015402228398,1500,12.9,0.0,493.0,493.0,0.985655,-189.14373088685016,22.0,2.485251,0.006085192697768763,0.008924949290060852,0.006693711967545639,9.333333333333334,1.1155264220126229,1.0000000000001563,3.470356641605033,0.9161975265092839,59.906167,119.933587,102124.631656,2158,401,505,60.0,120.0
60,2022-10-26 13:00:18.180770,can_tapper15,"rgb(166,86,40)",491.0,439.0,489.0,10.590631364562118,66.25000000000003,62.08333333333334,0.7515558895802602,1500,13.225,0.0,496.0,496.0,0.69015,-54.20108695652174,11.0,2.594271,0.010080645161290322,0.010483870967741934,0.00967741935483871,7.72626931567329,1.1570719110726486,1.0000000000001563,3.470356641605033,0.8580973800209742,59.453594,119.96709,1120604.218809,2154,439,538,60.0,120.0
61,2022-10-26 13:18:00.986212,can_tapper15,"rgb(247,129,191)",504.0,448.0,507.0,11.11111111111111,95.0,98.75,0.36663127405845314,1500,13.576666666666668,0.0,494.0,494.0,0.824815,-52.61495844875346,12.0,2.323273,0.009109311740890687,0.011336032388663967,0.0097165991902834,10.828025477707007,0.6410709454952461,1.0000000000001563,2.0171482422437275,0.7695196378107223,59.907831,119.987792,1062.805442,2159,421,361,60.0,120.0
62,2022-11-01 10:32:07.621818,can_tapper15,"rgb(153,153,153)",491.0,460.0,493.0,6.313645621181263,66.25000000000003,70.75000000000004,3.614289782250879,1475,14.0,23.0,437.0,414.0,0.811851,-30.602564102564102,27.0,2.308224,0.003623188405797102,0.00748792270531401,0.004106280193236715,4.958677685950414,0.36857539086064706,0.5000000000000782,4.148345232772487,0.8172447420842659,32.526685,119.858001,508446.635606,3660,718,634,60.0,120.0
63,2022-11-01 10:32:07.621818,can_tapper15,"rgb(228,26,28)",491.0,460.0,493.0,6.313645621181263,66.25000000000003,70.75000000000004,3.614289782250879,1475,14.0,23.0,437.0,414.0,0.811851,-30.602564102564102,27.0,2.308224,0.003623188405797102,0.00748792270531401,0.004106280193236715,4.958677685950414,0.36857539086064706,0.5000000000000782,4.148345232772487,0.8172447420842659,32.526685,119.858001,0.0,3660,718,634,60.0,120.0
64,2022-11-01 11:53:32.846050,can_tapper15,"rgb(55,126,184)",492.0,449.0,495.0,8.739837398373984,68.33333333333339,75.58333333333339,4.014321784142343,1500,14.15,6.0,491.0,485.0,0.791804,-60.42559523809524,13.0,2.290225,0.006597938144329898,0.0088659793814433,0.007216494845360825,6.224066390041494,0.7482041996757653,1.0000000000001563,2.0171482422437275,0.648143696621102,59.991,119.921326,4885.224232,2158,412,396,60.0,120.0
65,2022-11-03 20:21:23.919907,can_tapper15,"rgb(77,175,74)",496.0,457.0,497.0,7.862903225806452,78.00000000000004,81.00000000000004,1.7140985395991575,1500,9.45,0.0,468.0,468.0,0.832328,-25.989547038327526,19.0,3.331275,0.006623931623931624,0.008333333333333333,0.006837606837606838,9.355509355509355,0.2681406423284248,0.5000000000000782,3.470356641605033,0.8245376792772797,50.819385,119.998621,203271.073857,4102,680,950,60.0,120.0
66,2022-11-03 20:21:23.919907,can_tapper15,"rgb(152,78,163)",496.0,457.0,497.0,7.862903225806452,78.00000000000004,81.00000000000004,1.7140985395991575,1500,9.45,0.0,468.0,468.0,0.832328,-25.989547038327526,19.0,3.331275,0.006623931623931624,0.008333333333333333,0.006837606837606838,9.355509355509355,0.2681406423284248,0.5000000000000782,3.470356641605033,0.8245376792772797,50.819385,119.998621,0.0,4102,680,950,60.0,120.0
67,2022-11-04 09:49:37.301675,can_tapper15,"rgb(255,127,0)",492.0,446.0,493.0,9.34959349593496,68.33333333333339,70.75000000000004,4.070632920280529,1500,9.966666666666667,0.0,499.0,499.0,0.812246,-26.169381107491855,150.0,2.214124,0.009218436873747494,0.009218436873747494,0.009418837675350702,2.7139874739039667,0.4563043551117416,1.5000000000002345,3.2620894576029285,0.8393868915136761,55.356274,119.990326,48493.381768,2106,374,251,60.0,120.0
68,2022-11-04 15:06:10.468256,can_tapper15,"rgb(255,255,51)",489.0,419.0,491.0,14.314928425357873,62.08333333333334,66.25000000000003,0.2464712206538702,1500,8.425,7.0,494.0,487.0,0.710138,-59.75,139.0,2.112729,0.011909650924024642,0.014373716632443533,0.012320328542094455,13.22505800464037,1.3947783442882145,1.5000000000002345,3.2620894576029285,0.8478880828834898,59.939376,119.969424,18993.166581,2159,380,870,60.0,120.0
69,2022-11-05 08:10:35.842213,can_tapper15,"rgb(166,86,40)",493.0,425.0,496.0,13.793103448275861,70.75000000000004,78.00000000000004,0.07968003541318218,1500,7.125,11.5,495.0,483.5,0.737804,-32.71044776119403,142.0,2.146202,0.012616339193381593,0.0140641158221303,0.013236814891416752,13.289760348583878,1.4543855497179248,1.2400000000001938,3.678623825607137,0.8350808842527984,59.905501,119.995348,61465.373957,2159,504,315,60.0,120.0
70,2022-11-05 16:02:28.814905,can_tapper15,"rgb(247,129,191)",476.0,433.0,477.0,9.033613445378151,40.0,41.56249999999999,0.3499379333059237,1500,9.4,0.0,494.0,494.0,0.714924,-101.5503144654088,115.0,2.219774,0.002834008097165992,0.008704453441295546,0.002834008097165992,5.579399141630901,0.8134140625874489,1.0000000000001563,3.2620894576029285,0.8585159182701276,59.938801,119.974718,28312.972692,2160,381,478,60.0,120.0
71,2022-11-06 13:01:37.531780,can_tapper15,"rgb(153,153,153)",485.0,442.0,488.0,8.8659793814433,54.642857142857125,60.0,2.3729254990774598,1500,7.25,26.0,494.0,468.0,1.01765,-68.89811320754717,30.0,2.019128,0.007692307692307693,0.009188034188034188,0.008333333333333335,6.013363028953229,0.5532412401591289,0.5000000000000782,2.27471676670449,0.8505804097913485,59.968696,119.950855,75548.716875,2160,399,579,60.0,120.0
72,2022-11-06 15:12:38.844048,can_tapper15,"rgb(228,26,28)",491.0,462.0,492.0,5.906313645621181,66.25000000000003,68.33333333333339,0.17090674262519526,1500,9.516666666666666,0.0,389.0,389.0,0.791873,-73.97826086956522,1.0,2.880103,0.005912596401028277,0.007455012853470437,0.005912596401028277,4.904051172707889,0.6554645826345341,0.5000000000000782,2.565174071178317,0.8464071308913568,59.774167,119.878188,7861.312268,2157,394,561,60.0,120.0
73,2022-11-07 09:42:53.982316,can_tapper15,"rgb(55,126,184)",496.0,454.0,,8.46774193548387,78.00000000000004,,,0,6.475,0.0,315.0,315.0,1.125074,-18.828070175438597,79.0,2.122975,0.009206349206349208,0.013333333333333334,,5.544147843942505,0.744303138151851,1.0000000000001563,4.148345232772487,0.658138472859109,0.202236,119.820668,66615.138268,1437,290,427,60.0,120.0
74,2022-11-07 12:55:54.536789,can_tapper15,"rgb(77,175,74)",491.0,444.0,493.0,9.572301425661914,66.25000000000003,70.75000000000004,2.750819000363393,1500,7.175,0.0,492.0,492.0,0.883129,-46.333333333333336,-34.0,,0.007317073170731707,0.009552845528455286,0.007520325203252033,7.894736842105263,1.1447400750417505,1.0000000000001563,2.27471676670449,0.7996551931745122,59.967748,119.893552,11580.554473,2158,322,502,60.0,120.0
75,2022-11-08 07:47:18.189616,can_tapper15,"rgb(152,78,163)",496.0,463.0,,6.653225806451612,78.00000000000004,,,0,7.425,8.0,336.0,328.0,1.016882,-18.6113074204947,3.0,2.418304,0.009451219512195122,0.010060975609756098,,4.0,0.6206757393185305,0.7600000000001188,4.148345232772487,0.6756514301299935,0.747169,119.834658,67883.652827,1449,291,358,60.0,120.0
76,2022-11-08 13:22:27.141762,can_tapper15,"rgb(255,127,0)",487.0,440.0,491.0,9.650924024640657,58.21428571428571,66.25000000000003,1.0573338032591295,1500,9.066666666666666,7.0,491.0,484.0,0.873584,-73.37864077669903,11.0,2.269782,0.007438016528925619,0.009710743801652892,0.008057851239669421,7.964601769911504,1.155117934137596,1.0000000000001563,2.27471676670449,0.6908666632022311,59.920239,119.993955,20108.952146,2159,382,393,60.0,120.0
77,2022-11-10 07:52:41.884052,can_tapper15,"rgb(255,255,51)",488.0,462.0,491.0,5.327868852459016,60.0,66.25000000000003,12.945233187568702,184,7.325,0.0,278.0,278.0,1.012205,-42.473684210526315,202.0,2.418494,0.00935251798561151,0.00935251798561151,0.010431654676258994,1.0526315789473684,0.3907379426431319,0.26000000000004064,3.2620894576029285,0.7466592566593231,6.706078,119.876702,153014.74229,1521,320,450,60.0,120.0
78,2022-11-10 09:03:56.612318,can_tapper15,"rgb(166,86,40)",509.0,480.0,515.0,5.697445972495088,100.0,100.0,8.120332497924084,1500,8.633333333333335,17.0,314.0,297.0,0.928506,-28.990384615384617,13.0,2.42576,0.006397306397306396,0.009764309764309764,0.008417508417508417,2.857142857142857,0.6583882512395682,0.5000000000000782,58.350444692249376,0.36215667372762506,59.909031,119.979366,4274.728266,2158,476,433,60.0,120.0
79,2022-11-10 13:50:48.085456,can_tapper15,"rgb(247,129,191)",496.0,441.0,499.0,11.088709677419354,78.00000000000004,87.00000000000001,8.843540243896139e-14,1500,10.405,10.0,494.0,484.0,0.656269,-44.7942238267148,145.0,2.157117,0.008884297520661158,0.011363636363636364,0.00950413223140496,10.13215859030837,1.0774525835246012,1.5000000000002345,3.077404581544478,0.8076296894579764,59.9029,119.996092,17211.473138,2160,434,618,60.0,120.0
80,2022-11-10 16:50:44.499889,can_tapper15,"rgb(153,153,153)",495.0,459.0,496.0,7.2727272727272725,75.58333333333339,78.00000000000004,3.8948857460419575,1120,10.975,16.0,497.0,481.0,0.60113,-33.08524590163935,18.0,2.090105,0.0058212058212058215,0.007484407484407485,0.0060291060291060294,2.904564315352697,0.7336659251677995,0.5000000000000782,3.2620894576029285,0.8578962651969575,25.424915,119.955758,10796.414433,1746,338,507,60.0,120.0
81,2022-11-11 08:41:18.223646,can_tapper15,"rgb(228,26,28)",495.0,442.0,,10.707070707070706,75.58333333333339,,,0,,0.0,308.0,308.0,1.423735,-17.135384615384616,34.0,2.023407,0.00974025974025974,0.01720779220779221,,12.820512820512821,1.2562483862844023,1.0000000000001563,4.67804510221319,0.6362667830677762,1.757652,119.846251,57033.723757,1461,330,286,60.0,120.0
82,2022-11-14 08:16:47.308185,can_tapper15,"rgb(55,126,184)",488.0,427.0,491.0,12.5,60.0,66.25000000000003,18.91413717826781,392,5.775,29.0,324.0,295.0,1.310241,-18.591280653950953,29.0,3.416542,0.009491525423728813,0.020677966101694915,0.010508474576271187,14.838709677419354,0.5249427682069547,1.0000000000001563,2.892719705486028,0.8485417362042813,10.85687,119.981809,257729.084539,1572,385,350,60.0,120.0
83,2022-11-18 17:56:04.903451,can_tapper15,"rgb(77,175,74)",480.0,430.0,480.0,10.416666666666668,46.24999999999997,46.24999999999997,4.75833989259484,1500,6.25,35.0,500.0,465.0,0.814226,-38.6578947368421,34.0,3.416563,0.010752688172043012,0.010752688172043012,0.010752688172043012,0.6622516556291391,0.24028674236590455,1.0000000000001563,3.470356641605033,0.8611313737440093,40.412913,95.42293,380357.595266,1632,344,243,60.0,120.0
84,2022-11-18 17:58:39.705372,can_tapper15,"rgb(152,78,163)",496.0,438.0,503.0,11.693548387096774,78.00000000000004,93.75,10.967741935482131,125,6.2,30.0,499.0,469.0,0.622453,-31.56198347107438,36.0,2.124893,,0.012366737739872069,0.0014925373134328358,1.2658227848101267,0.508300469924005,1.5000000000002345,3.2620894576029285,0.877486862274197,59.905696,119.827717,154.801921,1515,385,372,60.0,120.0
85,2022-11-22 10:55:03.531645,can_tapper15,"rgb(255,127,0)",483.0,436.0,484.0,9.730848861283643,51.20535714285712,52.857142857142826,3.3973526210449556,1500,5.501666666666667,0.0,495.0,495.0,0.969045,-47.7787610619469,13.0,2.471718,0.00787878787878788,0.009494949494949495,0.00808080808080808,5.405405405405405,1.2248783894333146,1.0000000000001563,3.2620894576029285,0.827686837190297,59.83547,119.90675,320183.826273,2116,459,805,60.0,120.0
86,2022-11-23 08:11:19.006408,can_tapper15,"rgb(255,255,51)",488.0,440.0,,9.836065573770492,60.0,,,0,5.35,0.0,259.0,259.0,1.101786,-33.602112676056336,72.0,2.10155,0.013127413127413128,0.018532818532818532,,8.849557522123893,0.9245254025300218,1.260000000000197,3.2620894576029285,0.8076293801354851,1.058903,119.768205,76575.474763,1452,291,360,60.0,120.0
87,2022-11-23 09:02:18.641596,can_tapper15,"rgb(166,86,40)",496.0,439.0,500.0,11.491935483870968,78.00000000000004,90.0,4.809948804420755,1500,7.359999999999999,10.0,492.0,482.0,0.59396,-40.023054755043226,16.0,2.093176,0.011203319502074689,0.011825726141078838,0.012033195020746887,10.483870967741936,0.6296040200033396,1.0000000000001563,2.145932504474109,0.8143214538680346,59.909202,119.984904,3059.635188,2158,411,379,60.0,120.0
88,2022-11-23 11:17:43.354078,can_tapper15,"rgb(247,129,191)",488.0,434.0,491.0,11.065573770491802,60.0,66.25000000000003,0.11928005301367822,1500,8.1,12.0,493.0,481.0,0.667698,-46.62057877813505,11.0,2.072943,0.011226611226611227,0.011226611226611227,0.011850311850311851,1.7857142857142858,0.5163877606810903,1.0000000000001563,3.2620894576029285,0.8197915215529413,59.854908,119.793694,8124.712482,2157,345,425,60.0,120.0
89,2022-11-23 12:49:17.200411,can_tapper15,"rgb(153,153,153)",493.0,443.0,497.0,10.141987829614605,70.75000000000004,81.00000000000004,4.406553069578379,1500,9.275,17.0,496.0,479.0,0.949533,-34.67551622418879,23.0,2.045623,0.008977035490605429,0.010438413361169104,0.009812108559498956,10.169491525423728,0.6157967388740527,1.0000000000001563,3.2620894576029285,0.8234063891265843,59.999517,119.849939,5493.846333,2160,446,652,60.0,120.0
90,2022-11-30 09:45:42.505567,can_tapper15,"rgb(228,26,28)",484.0,445.0,485.0,8.057851239669422,52.857142857142826,54.642857142857125,19.927059393209845,357,7.0,0.0,358.0,358.0,1.101217,-24.34890965732087,112.0,2.006458,0.009497206703910615,0.010893854748603354,0.009776536312849162,7.6923076923076925,0.5062714149802422,0.5000000000000782,3.2620894576029285,0.794377996162499,10.402013,119.962226,593785.305156,1565,342,537,60.0,120.0
91,2022-12-05 09:24:15.399845,can_tapper15,"rgb(55,126,184)",472.0,425.0,476.0,9.957627118644067,40.0,40.0,11.287591652788347,660,-0.05,35.0,361.0,326.0,1.5029,-26.122905027932962,416.0,2.005217,0.010736196319018405,0.01441717791411043,0.01196319018404908,1.935483870967742,0.6056458521409385,1.0000000000001563,3.2620894576029285,0.8057487675557181,16.211907,119.899666,430712.894278,1635,396,284,60.0,120.0
92,2022-12-05 10:30:19.425654,can_tapper15,"rgb(77,175,74)",499.5,442.0,500.0,11.511511511511511,88.43749999999999,90.0,3.116783607458617,1500,2.125,19.5,496.0,476.5,0.781701,-27.2,19.0,2.182026,0.011017838405036725,0.012067156348373556,0.01112277019937041,16.949152542372882,0.6818470264885877,1.0000000000001563,1.7887444673306678,0.5337846241292284,59.992743,119.935303,3964.025809,2160,494,565,60.0,120.0
93,2022-12-05 12:13:08.282206,can_tapper15,"rgb(152,78,163)",501.0,457.0,501.0,8.78243512974052,91.25,91.25,2.676010078226114,1500,3.8,0.0,495.0,495.0,1.096718,-43.857142857142854,255.0,2.096918,0.007474747474747474,0.008888888888888889,0.007474747474747474,4.310344827586207,0.8412968615228907,1.0000000000001563,1.7887444673306678,0.6120570085000689,59.961875,23.579409,6168.856552,1003,193,277,60.0,120.0
94,2022-12-05 13:36:52.599655,can_tapper15,"rgb(255,127,0)",493.0,446.0,496.0,9.533468559837727,70.75000000000004,78.00000000000004,8.421400275413585,707,5.65,33.0,500.0,467.0,0.912406,-22.181286549707604,34.0,2.313656,0.007708779443254817,0.01006423982869379,0.008137044967880086,8.296943231441048,0.9433353530675056,1.0000000000001563,3.077404581544478,0.6616137829865127,17.162429,119.969206,5024.317449,1647,371,309,60.0,120.0
95,2022-12-07 10:56:42.448594,can_tapper15,"rgb(255,255,51)",496.0,445.0,499.0,10.28225806451613,78.00000000000004,87.00000000000001,0.36636460727293313,1500,4.675,13.0,497.0,484.0,0.750727,-20.449367088607595,106.0,2.252418,0.010537190082644629,0.010537190082644629,0.011157024793388428,1.0615711252653928,0.24998258231807796,1.5000000000002345,2.4199454189414036,0.7856031118039557,59.958221,119.897126,163189.848939,2160,475,403,60.0,120.0
96,2022-12-08 08:08:16.100666,can_tapper15,"rgb(166,86,40)",492.0,417.0,496.0,15.24390243902439,68.33333333333339,78.00000000000004,9.493402664390963,920,2.25,28.0,441.0,413.0,0.510076,-15.843835616438357,30.0,2.011493,0.010411622276029054,0.018159806295399518,0.011380145278450365,21.603563474387528,2.0161312370527606,1.5000000000002345,2.7289468883321724,0.7891584655569825,21.654601,119.951522,76293.652072,1699,401,472,60.0,120.0
97,2022-12-08 14:03:12.209779,can_tapper15,"rgb(247,129,191)",492.0,441.0,496.0,10.365853658536585,68.33333333333339,78.00000000000004,2.591574485143457,1500,7.576666666666666,12.0,496.0,484.0,0.815003,-33.90584415584416,19.0,2.820483,0.004545454545454545,0.010537190082644627,0.00537190082644628,6.753812636165577,0.378922821202277,0.7400000000001157,3.2620894576029285,0.8829293235880632,59.788914,119.867185,21296.109113,2157,429,426,60.0,120.0
98,2022-12-20 09:27:05.559583,can_tapper15,"rgb(153,153,153)",484.0,448.0,,7.43801652892562,52.857142857142826,,,0,8.05,0.0,159.0,159.0,0.926292,-10.894977168949772,9.0,2.929653,0.011949685534591196,0.022641509433962266,,5.2854122621564485,0.44530287540980773,0.5000000000000782,15.558206486264643,0.7697206023571646,1.601361,119.996389,1020233.349804,1460,231,353,60.0,120.0
99,2022-12-28 08:22:56.259117,can_tapper15,"rgb(228,26,28)",501.0,473.0,504.0,5.588822355289421,91.25,95.0,26.728620242069294,471,17.1,13.0,424.0,411.0,0.824274,-22.298461538461538,-9.0,,0.00510948905109489,0.00681265206812652,0.005839416058394161,5.0,0.6138901876722458,0.5000000000000782,1.5862030873085784,0.8404446018762186,12.440527,119.914476,687350.699534,1590,350,311,60.0,120.0
100,2022-12-28 11:01:29.474699,can_tapper15,"rgb(55,126,184)",495.0,449.0,496.0,9.292929292929292,75.58333333333339,78.00000000000004,8.843540243896139e-14,1500,16.725,11.5,490.0,478.5,0.75635,-105.6829268292683,12.0,3.357649,0.006478578892371996,0.009613375130616511,0.0066875653082549644,3.9647577092511015,0.642169893508135,1.0000000000001563,2.27471676670449,0.8331841001449578,59.860469,119.813623,9513.215582,2157,406,722,60.0,120.0
101,2022-12-28 11:09:37.479604,can_tapper15,"rgb(77,175,74)",509.0,461.0,512.0,9.430255402750491,100.0,100.0,1.9658142070282503,1500,16.683333333333334,0.0,490.0,490.0,0.60387,-79.06756756756756,21.0,2.103567,0.004897959183673469,0.009795918367346938,0.005510204081632652,6.639839034205232,0.5563429955985204,1.0000000000001563,2.0171482422437275,0.8170733115382403,59.990775,119.906899,488.004905,2158,376,639,60.0,120.0
102,2022-12-28 11:22:43.194024,can_tapper15,"rgb(152,78,163)",512.0,466.0,515.0,8.984375,100.0,100.0,4.941682196302278,1500,16.275,15.5,490.0,474.5,0.755768,-55.33956386292835,21.0,2.25552,0.006954689146469968,0.00969441517386723,0.0073761854583772385,13.46938775510204,1.0478471397712137,1.0000000000001563,2.0171482422437275,0.6950575854768541,59.886849,119.8557,785.71442,2157,457,870,60.0,120.0
103,2022-12-28 11:31:27.125799,can_tapper15,"rgb(255,127,0)",509.0,454.0,512.0,10.805500982318271,100.0,100.0,4.327059700914538,1500,16.134999999999998,0.0,491.0,491.0,1.017969,-44.99679487179487,151.0,2.018048,0.007535641547861507,0.01120162932790224,0.008146639511201629,9.635974304068522,1.2051440318246118,1.0000000000001563,2.27471676670449,0.7049038995233172,59.940327,119.959847,523.931775,2159,379,628,60.0,120.0
104,2022-12-28 11:36:45.730097,can_tapper15,"rgb(255,255,51)",511.0,462.0,516.0,9.58904109589041,100.0,100.0,8.005585780258924,1500,16.169999999999998,0.0,490.0,490.0,0.745073,-46.42028985507246,24.0,2.745417,0.007551020408163266,0.01,0.008571428571428572,8.016877637130802,1.0259421178144084,1.0000000000001563,2.0171482422437275,0.6693095464743545,59.935706,100.640799,318.604298,1927,428,320,60.0,120.0
105,2022-12-28 13:24:03.961214,can_tapper15,"rgb(166,86,40)",505.0,477.0,508.0,5.544554455445545,96.25,100.0,6.571929310231017,1239,16.4,0.0,452.0,452.0,0.918221,-31.69968051118211,19.0,2.817099,0.006194690265486726,0.006194690265486726,0.006858407079646018,3.4343434343434343,0.5095971033248845,0.5200000000000813,3.470356641605033,0.8311169471486771,27.804948,119.795293,6438.231117,1773,373,494,60.0,120.0
106,2022-12-28 13:47:26.717583,can_tapper15,"rgb(247,129,191)",503.0,457.0,504.0,9.145129224652088,93.75,95.0,1.5582851370149555,1500,16.15,12.0,492.0,480.0,0.653274,-37.29216867469879,491.0,3.154168,0.009583333333333334,0.009583333333333334,0.009791666666666667,2.6694045174537986,0.7831701683788318,1.0000000000001563,1.7887444673306678,0.1681902584863757,59.8174,119.820249,1402.756369,2157,448,869,60.0,120.0
107,2022-12-28 13:48:32.755782,can_tapper15,"rgb(153,153,153)",515.0,463.0,525.0,10.097087378640776,100.0,100.0,69.47119532052035,1500,16.080000000000002,11.0,491.0,480.0,0.744695,-43.44807121661721,17.0,2.14435,0.008333333333333333,0.010833333333333332,0.010416666666666668,8.631578947368421,1.076681317572195,1.0200000000001594,2.0171482422437275,0.8057655402092969,59.80453,119.855546,66.038199,2157,503,927,60.0,120.0
108,2022-12-28 13:59:19.248979,can_tapper15,"rgb(228,26,28)",529.0,470.0,543.0,11.153119092627598,100.0,100.0,50.39342684151509,1500,15.833333333333332,15.0,492.0,477.0,0.686151,-23.125435540069688,139.0,2.089149,0.009433962264150943,0.012368972746331237,0.012368972746331237,9.917355371900827,1.1685844649488424,1.5000000000002345,119.99999999999996,0.28928865810523563,59.890398,119.973,646.493197,2158,438,761,60.0,120.0
109,2022-12-28 14:04:13.171079,can_tapper15,"rgb(55,126,184)",508.0,461.0,508.0,9.251968503937007,100.0,100.0,3.8826239478320335,1500,15.925,11.5,490.0,478.5,0.782148,-31.094771241830067,17.0,2.37535,0.008986415882967608,0.009822361546499478,0.008986415882967608,13.580246913580247,0.8591772606123165,1.0000000000001563,119.99999999999996,0.2057134693410736,59.869274,119.954525,293.9221,2119,437,477,60.0,120.0
110,2022-12-28 14:07:35.118878,can_tapper15,"rgb(77,175,74)",511.0,449.0,515.0,12.13307240704501,100.0,100.0,6.030758235891426,1500,15.95,0.0,492.0,492.0,0.919846,-32.61736334405145,17.0,2.018595,0.00853658536585366,0.012601626016260161,0.00934959349593496,14.05940594059406,2.014763254839363,1.5000000000002345,1.7887444673306678,0.3685980099229965,59.990874,119.831596,201.947799,2158,452,689,60.0,120.0
111,2022-12-28 14:10:07.674996,can_tapper15,"rgb(152,78,163)",520.0,479.0,528.0,7.884615384615384,100.0,100.0,7.24023432899146,1500,15.95,9.0,493.0,484.0,1.042739,-28.536277602523658,489.0,2.044194,0.00847107438016529,0.00847107438016529,0.01012396694214876,3.0425963488843815,0.46831915247819156,1.0000000000001563,1.7887444673306678,0.20892827580193662,59.980543,119.914732,152.556118,2158,453,641,60.0,120.0
112,2022-12-28 14:11:49.515527,can_tapper15,"rgb(255,127,0)",529.0,478.0,578.0,9.640831758034027,100.0,100.0,55.78790923906202,1500,15.98,9.0,489.0,480.0,0.970526,-29.36283185840708,10.0,2.070027,0.009166666666666667,0.010624999999999999,0.019375,6.391752577319588,0.6497364506265101,1.0000000000001563,2.27471676670449,0.6971932210476723,59.990781,119.883874,101.840531,2158,491,660,60.0,120.0
113,2022-12-28 14:21:57.877552,can_tapper15,"rgb(255,255,51)",508.0,478.0,511.0,5.905511811023622,100.0,100.0,4.0037795572345365,1500,15.95,0.0,385.0,385.0,1.016494,-27.012820512820515,489.0,2.016877,0.006493506493506493,0.007792207792207792,0.007272727272727272,5.112474437627812,0.47974558073925017,0.5000000000000782,2.565174071178317,0.22159919353038326,39.212299,119.87296,608.362025,1911,390,601,60.0,120.0
114,2022-12-28 14:23:32.155246,can_tapper15,"rgb(166,86,40)",527.0,473.0,575.0,10.246679316888045,100.0,100.0,56.121189387186455,1500,15.91,7.0,489.0,482.0,0.776727,-29.178343949044585,12.0,2.182144,0.011203319502074689,0.011203319502074689,0.02116182572614108,2.34375,0.6657448966199977,1.5000000000002345,2.0171482422437275,0.7152673662578548,59.94443,119.923146,94.277694,2160,463,712,60.0,120.0
115,2023-01-11 14:10:19.892136,can_tapper15,"rgb(247,129,191)",500.0,458.0,500.0,8.4,90.0,90.0,2.821974587543707,1500,16.425,8.0,492.0,484.0,0.851392,-40.07055214723926,10.0,2.442797,0.004132231404958678,0.008677685950413225,0.004132231404958678,2.978723404255319,0.418777667580978,1.0000000000001563,2.892719705486028,0.8651566199117091,59.955201,119.935673,1208807.73689,2160,439,752,60.0,120.0
116,2023-01-11 14:21:56.142064,can_tapper15,"rgb(153,153,153)",515.0,475.0,520.0,7.766990291262135,100.0,100.0,9.73333637844011,699,16.55,0.0,492.0,492.0,0.724674,-25.22801302931596,19.0,2.723675,0.008130081300813009,0.008130081300813009,0.009146341463414635,2.1782178217821784,0.49635420638161953,0.7600000000001188,2.892719705486028,0.6796959990717129,16.997117,119.865468,696.249928,1644,343,498,60.0,120.0
117,2023-01-12 09:03:50.162063,can_tapper15,"rgb(228,26,28)",508.0,480.0,512.0,5.511811023622047,100.0,100.0,16.711531283945074,524,,0.0,394.0,394.0,1.031515,-14.100977198697068,107.0,2.02908,0.005837563451776649,0.007106598984771573,0.006852791878172589,3.8076152304609217,0.41828799421370827,0.5000000000000782,2.7289468883321724,0.7487324397069892,13.492756,119.909307,67314.019999,1602,337,450,60.0,120.0
118,2023-01-13 08:28:43.395469,can_tapper15,"rgb(55,126,184)",496.0,461.0,499.0,7.056451612903227,78.00000000000004,87.00000000000001,5.448455635191152,1089,6.6,13.0,433.0,420.0,0.81495,-15.150887573964496,29.0,2.809857,0.004761904761904762,0.008333333333333333,0.0054761904761904765,6.666666666666667,0.753266139540458,0.5000000000000782,3.2620894576029285,0.7976332751393804,24.80183,119.788842,84293.233406,1737,387,332,60.0,120.0
119,2023-01-18 14:04:31.013811,can_tapper15,"rgb(77,175,74)",497.0,461.0,500.0,7.2434607645875255,81.00000000000004,90.0,10.16482103989837,665,0.9833333333333332,15.0,433.0,418.0,0.818653,-6.598187311178248,18.0,2.215428,0.0019138755980861245,0.00861244019138756,0.002631578947368421,2.2494887525562373,0.5289866594060326,0.5000000000000782,2.7289468883321724,0.8213012460867262,16.308718,119.994346,452147.618342,1636,360,407,60.0,120.0
120,2023-02-03 13:22:06.753147,can_tapper15,"rgb(152,78,163)",495.0,455.0,496.0,8.080808080808081,75.58333333333339,78.00000000000004,0.3736475933135828,422,9.4,0.0,458.0,458.0,0.824017,-24.94871794871795,12.0,2.22155,0.005676855895196507,0.008733624454148471,0.0058951965065502186,4.3478260869565215,0.5613320395363106,0.5000000000000782,3.2620894576029285,0.801501580671901,11.45212,119.875054,1379855.739336,1578,334,278,60.0,120.0
121,2023-02-06 12:42:37.891599,can_tapper15,"rgb(255,127,0)",488.0,415.0,488.0,14.959016393442623,60.0,60.0,1.0293071241364444,1500,12.175,8.0,412.0,404.0,0.542779,-11.798816568047338,242.0,2.044326,0.01014851485148515,0.01806930693069307,0.01014851485148515,23.178807947019866,2.0704433605577472,1.260000000000197,119.99999999999996,0.36342825577183246,59.973769,119.837646,256831.138452,2160,261,272,60.0,120.0
122,2023-02-06 12:43:42.208924,can_tapper15,"rgb(255,255,51)",489.0,452.0,497.0,7.566462167689162,62.08333333333334,81.00000000000004,6.02914045739449,1500,12.183333333333334,0.0,242.0,242.0,0.66263,-19.25179856115108,40.0,2.164308,0.015289256198347107,0.015289256198347107,0.01859504132231405,2.074688796680498,0.48853153255496085,1.0000000000001563,2.27471676670449,0.8331708883503839,59.771798,119.815947,64.317325,2157,326,413,60.0,120.0
123,2023-02-06 12:50:46.143953,can_tapper15,"rgb(166,86,40)",507.0,463.0,508.0,8.678500986193294,98.75,100.0,5.909992690820739,1099,12.208333333333334,0.0,413.0,413.0,0.53657,-15.78974358974359,5.0,2.042671,0.004842615012106538,0.010653753026634382,0.005084745762711864,8.316430020283976,1.5315005220280562,1.0000000000001563,2.892719705486028,0.8219756652986898,24.987483,119.863842,423.935029,1740,254,527,60.0,120.0
124,2023-02-06 14:33:19.416701,can_tapper15,"rgb(247,129,191)",491.0,446.0,493.0,9.164969450101832,66.25000000000003,70.75000000000004,5.218740097217018,1500,12.0,2.0,245.0,243.0,0.792419,-25.782222222222224,0.0,,0.013991769547325103,0.018518518518518517,0.014814814814814815,7.658643326039387,0.9310188310157475,1.0000000000001563,2.0171482422437275,0.7660243663945588,59.908798,119.979801,6153.272748,2159,267,461,60.0,120.0
125,2023-02-13 12:35:49.659839,can_tapper15,"rgb(153,153,153)",497.0,456.0,503.0,8.249496981891348,81.00000000000004,93.75,23.459067389907368,425,12.55,0.0,192.0,192.0,1.024217,-7.0041322314049586,58.0,2.029846,0.011458333333333333,0.021354166666666667,0.014583333333333332,1.4736842105263157,0.5727292765505458,1.0000000000001563,1.3269605372976037,0.6738029848316799,11.511177,119.804557,597750.243138,1578,269,331,60.0,120.0
126,2023-02-14 07:57:42.162398,can_tapper15,"rgb(228,26,28)",504.0,476.0,,5.555555555555555,95.0,,,0,16.133333333333333,17.0,154.0,137.0,1.016774,-5.58282208588957,8.0,2.027065,0.016058394160583942,0.020437956204379562,,3.7344398340248963,0.4697775795854907,0.5000000000000782,2.4199454189414036,0.5230790206651916,0.490376,119.856744,69712.502559,1446,174,309,60.0,120.0
127,2023-02-21 10:10:11.156590,can_tapper15,"rgb(55,126,184)",483.0,329.0,490.0,31.88405797101449,51.428571428571416,64.46428571428574,0.15872007054215498,1500,14.5,0.0,84.0,84.0,0.586651,-56.055837563451774,31.0,2.084826,0.1833333333333333,0.1833333333333333,0.19166666666666668,11.854103343465045,3.2460608601345093,1.7600000000002751,2.892719705486028,0.9487034667402241,59.916509,119.989625,612748.994192,2159,310,435,60.0,120.0
128,2023-02-23 13:50:28.505845,can_tapper15,"rgb(77,175,74)",522.0,442.0,523.0,15.32567049808429,100.0,100.0,9.911782183012605,1500,21.65,0.0,174.0,174.0,1.081722,-49.21708185053381,63.0,2.084279,0.04310344827586207,0.04597701149425287,0.04367816091954023,8.315565031982942,1.8777073885031763,1.260000000000197,2.565174071178317,0.8582597082407328,59.896039,119.969404,186017.349255,2158,455,532,60.0,120.0
129,2023-02-27 08:38:08.782264,can_tapper15,"rgb(152,78,163)",477.0,396.0,487.0,16.9811320754717,56.58333333333336,68.75,21.626134056056138,1500,10.65,-3.0,-5.0,2.0,1.986266,-8.62085308056872,-3.0,,1.9500000000000002,4.05,2.45,5.882352941176471,2.87939567646437,1.0000000000001563,2.565174071178317,0.8974580739769931,59.855471,119.969522,326860.276419,2158,289,501,60.0,120.0
130,2023-02-27 08:44:01.735461,can_tapper15,"rgb(255,127,0)",470.0,367.0,496.0,21.914893617021278,62.08333333333334,70.0,20.123013388002686,1500,13.780000000000001,-2.0,-4.0,2.0,0.724671,-8.136150234741784,-2.0,,2.7,5.1499999999999995,3.65,25.526932084309134,6.953548443144412,1.5200000000002376,1.9029463547871976,0.8849187284902336,59.818453,119.997674,352.953197,2158,319,506,60.0,120.0
131,2023-02-27 10:56:54.081215,can_tapper15,"rgb(255,255,51)",493.0,381.0,493.0,22.718052738336713,70.0,70.0,11.397809181637475,620,10.933333333333334,0.0,338.0,338.0,0.712974,-9.611702127659575,86.0,2.213046,0.010059171597633136,0.033136094674556214,0.010059171597633136,27.272727272727273,10.338360470543282,2.520000000000394,2.565174071178317,0.8964110087272519,15.408754,119.941535,7972.345754,1626,232,405,60.0,120.0
132,2023-02-27 14:17:40.858025,can_tapper15,"rgb(166,86,40)",491.0,370.0,,24.643584521384927,70.0,,,0,,31.0,333.0,302.0,0.715285,-4.5337243401759535,118.0,2.111929,0.028807947019867552,0.040066225165562915,,34.643734643734646,14.999358687887115,1.2400000000001938,1.406595676542853,0.6269055677111862,0.800886,119.795018,12046.77681,1449,351,342,60.0,120.0
133,2023-03-20 11:17:24.379286,can_tapper15,"rgb(247,129,191)",484.0,300.0,484.0,38.01652892561984,55.0,55.0,7.166942206374472e-13,47,-0.4166666666666664,28.0,489.0,461.0,0.915596,-15.009345794392523,119.0,2.416275,0.00021691973969631238,0.039913232104121475,0.00021691973969631238,25.619834710743802,10.185907222183804,1.5000000000002345,1.6874737773196231,0.9413190135917497,3.957996,119.877524,1803583.521261,1485,333,425,60.0,120.0
134,2023-03-20 14:18:17.985117,can_tapper15,"rgb(153,153,153)",499.0,460.0,504.0,7.8156312625250495,87.00000000000001,95.0,9.475520667858754,1277,14.458333333333332,1.5,181.0,179.5,0.814567,-5.104,6.0,3.311469,0.012813370473537606,0.021727019498607242,0.014484679665738163,7.276507276507276,0.7723319116165431,0.7400000000001157,119.99999999999996,0.4189575076310893,28.554728,119.776163,10853.605831,1782,163,250,60.0,120.0
135,2023-03-20 14:25:48.541585,can_tapper15,"rgb(228,26,28)",496.0,431.0,495.0,13.104838709677418,78.58333333333337,75.58333333333339,4.836731038546184,1500,14.45,0.0,318.0,318.0,0.591958,-4.451127819548872,317.0,2.100752,0.016352201257861635,0.020440251572327043,0.016037735849056604,15.254237288135593,0.9809658310768833,1.5000000000002345,2.27471676670449,0.11415996728997946,59.860395,119.985482,450.556468,2158,359,474,60.0,120.0
136,2023-03-20 14:27:01.099068,can_tapper15,"rgb(55,126,184)",503.0,450.0,507.0,10.536779324055665,93.75,98.75,23.873468388204326,1500,14.41,0.0,317.0,317.0,0.688078,-5.456204379562044,240.0,2.089822,0.012618296529968456,0.016719242902208203,0.013564668769716088,9.482758620689655,1.0859072909257472,1.5000000000002345,2.0171482422437275,0.14714835893977385,59.891402,119.978475,72.557483,2158,404,502,60.0,120.0
137,2023-03-20 14:28:28.260369,can_tapper15,"rgb(77,175,74)",510.0,450.0,523.0,11.76470588235294,100.0,100.0,88.05758580335767,1500,14.475,0.0,240.0,240.0,0.784099,21.657894736842106,220.0,2.784243,0.020416666666666666,0.025,0.025833333333333337,11.20507399577167,0.6819177540346184,1.0000000000001563,106.41227629404169,0.49849934426120546,59.952379,119.937474,87.161301,2159,295,345,60.0,120.0
138,2023-03-21 12:40:53.066353,can_tapper15,"rgb(152,78,163)",492.0,448.0,495.0,8.94308943089431,68.33333333333339,75.58333333333339,0.37805094328038913,687,16.125,0.0,497.0,497.0,0.6181,-96.05919003115265,10.0,2.118501,0.0016096579476861169,0.008853118712273643,0.0022132796780684107,7.658643326039387,0.5420183698132224,0.5000000000000782,3.2620894576029285,0.8438115153285559,16.753228,119.843726,79944.805984,1641,360,501,60.0,120.0
139,2023-03-29 12:07:12.846906,can_tapper15,"rgb(255,127,0)",487.0,425.0,491.0,12.73100616016427,58.21428571428571,66.25000000000003,5.141113396049362,1500,5.475,14.0,499.0,485.0,0.832378,-27.389240506329113,145.0,2.332832,0.010309278350515464,0.012783505154639175,0.0111340206185567,13.082039911308204,0.735483906692621,1.5000000000002345,3.678623825607137,0.8190513057268108,59.911594,119.962555,689179.780553,2160,457,503,60.0,120.0
140,2023-03-29 12:37:02.075176,can_tapper15,"rgb(255,255,51)",484.0,431.0,487.0,10.950413223140496,52.99107142857141,58.21428571428571,3.2555658913617433,1500,5.775,0.0,496.0,496.0,1.050874,-44.80858085808581,20.0,2.051323,0.008467741935483872,0.010685483870967743,0.009072580645161291,12.368972746331236,2.0244253580226244,1.2400000000001938,2.0171482422437275,0.7275226857662523,59.928971,119.983482,1789.22827,2159,379,450,60.0,120.0
141,2023-04-04 09:15:49.168945,can_tapper15,"rgb(166,86,40)",484.0,431.0,484.0,10.950413223140496,52.99107142857141,52.857142857142826,1.4940865810735444e-12,49,3.0,0.0,389.0,389.0,1.1274,-18.37215909090909,165.0,2.128074,0.012082262210796915,0.013624678663239074,0.012082262210796915,8.474576271186441,1.0214800649256244,1.5000000000002345,3.9134845291898115,0.8146078845756417,3.986795,119.835971,506327.093769,1488,359,244,60.0,120.0
142,2023-04-05 09:12:09.339195,can_tapper15,"rgb(247,129,191)",500.0,460.0,,8.0,90.0,,,0,5.6,0.0,315.0,315.0,1.337703,-15.005524861878452,35.0,2.034054,0.012698412698412698,0.012698412698412698,,2.0242914979757085,0.3424594541268615,1.0000000000001563,3.470356641605033,0.8283954177027483,2.682809,119.908177,86180.17025,1473,368,391,60.0,120.0
143,2023-04-06 07:42:51.559642,can_tapper15,"rgb(153,153,153)",500.0,463.0,,7.3999999999999995,90.0,,,0,,0.0,304.0,304.0,1.092101,-12.5,132.0,2.092799,0.008223684210526315,0.012171052631578947,,3.4188034188034186,0.43757731125282906,0.5000000000000782,3.2620894576029285,0.6752881996526682,1.914937,119.957749,81042.220447,1464,346,425,60.0,120.0
144,2023-04-13 14:02:17.032200,can_tapper15,"rgb(228,26,28)",493.0,445.0,495.0,9.73630831643002,70.75000000000004,75.58333333333339,0.32603570046021646,1500,7.1833333333333345,0.0,496.0,496.0,1.07867,-30.411931818181817,148.0,2.0757,0.008266129032258065,0.00967741935483871,0.008669354838709679,9.322033898305085,0.8522854455022113,1.0000000000001563,1.406595676542853,0.8347189440260578,59.936316,119.96879,627565.472558,2160,491,550,60.0,120.0
145,2023-04-13 14:17:47.329290,can_tapper15,"rgb(55,126,184)",500.0,440.0,504.0,12.0,90.0,95.0,0.15496006887144675,1500,7.408333333333333,9.0,483.0,474.0,0.477228,-24.53416149068323,16.0,2.077248,0.007383966244725738,0.012658227848101266,0.008227848101265823,13.118279569892474,2.3635040179390154,1.0000000000001563,2.0171482422437275,0.8243504405446938,59.927574,119.973953,930.29709,2159,502,340,60.0,120.0
146,2023-04-17 08:31:54.369590,can_tapper15,"rgb(77,175,74)",495.0,462.0,497.0,6.666666666666667,75.58333333333339,81.00000000000004,13.910548068225598,535,8.016666666666666,0.0,427.0,427.0,0.815668,-13.436532507739939,20.0,2.309332,0.006088992974238875,0.007728337236533957,0.006323185011709602,6.382978723404255,0.771329853197143,0.5000000000000782,3.2620894576029285,0.8024527926654803,13.714111,119.878575,324847.0403,1605,346,465,60.0,120.0
147,2023-04-17 11:04:58.779977,can_tapper15,"rgb(152,78,163)",495.0,462.0,496.0,6.666666666666667,75.58333333333339,78.00000000000004,5.932147869509192,1048,8.3,15.0,411.0,396.0,0.805573,-17.393650793650792,17.0,2.302479,0.006313131313131313,0.008333333333333333,0.0065656565656565654,5.531914893617022,0.7227646668125118,0.5000000000000782,3.2620894576029285,0.8349175577471633,23.971007,119.846804,9184.410387,1728,365,441,60.0,120.0
148,2023-04-17 15:09:25.062135,can_tapper15,"rgb(255,127,0)",496.0,463.0,,6.653225806451612,78.00000000000004,,,0,10.85,0.0,387.0,387.0,1.020334,-15.01840490797546,96.0,2.028191,0.006459948320413438,0.008527131782945736,,4.45859872611465,0.727371028647704,0.5000000000000782,3.077404581544478,0.791922818248381,2.49009,119.842782,14666.282158,1470,334,350,60.0,120.0
149,2023-04-17 17:24:52.279191,can_tapper15,"rgb(255,255,51)",492.0,449.0,496.0,8.739837398373984,68.33333333333339,78.00000000000004,3.591966040872865,1500,13.075,0.0,490.0,490.0,1.01952,-37.794019933554814,7.0,2.021572,0.007959183673469388,0.008775510204081634,0.008775510204081634,9.871244635193133,0.7121808994803822,1.0000000000001563,2.145932504474109,0.847772748300272,59.954726,119.908851,8127.217056,2160,325,404,60.0,120.0
150,2023-04-17 18:09:15.212249,can_tapper15,"rgb(166,86,40)",496.0,443.0,500.0,10.685483870967742,78.00000000000004,90.0,0.44305797469220515,1500,13.4,0.0,489.0,489.0,0.634882,-27.080717488789237,7.0,2.040983,0.00838445807770961,0.01083844580777096,0.008997955010224948,9.649122807017545,1.2958207838292908,1.0000000000001563,119.99999999999996,0.49393980173352514,59.881171,119.988117,2662.933058,2160,243,327,60.0,120.0
151,2023-04-17 19:03:35.995827,can_tapper15,"rgb(247,129,191)",488.0,451.0,491.0,7.581967213114754,60.0,66.25000000000003,1.0572804699023335,1500,13.45,0.0,490.0,490.0,0.701137,-78.58741258741259,49.0,2.200968,0.005918367346938776,0.007551020408163266,0.006326530612244898,6.956521739130435,0.8587047665582113,0.5000000000000782,2.565174071178317,0.7992754594065838,59.829608,119.973619,3260.783578,2158,387,383,60.0,120.0
152,2023-04-17 20:30:48.516482,can_tapper15,"rgb(153,153,153)",484.0,452.0,487.0,6.6115702479338845,52.857142857142826,58.21428571428571,0.19800008799974742,1500,13.3,16.0,382.0,366.0,0.992041,-140.76158940397352,20.0,2.091793,0.007377049180327867,0.008743169398907102,0.008196721311475409,4.157549234135668,0.38254870676919694,0.5000000000000782,3.2620894576029285,0.9344325724097126,59.947859,119.92039,5232.520655,2160,419,535,60.0,120.0
153,2023-04-18 06:33:54.358227,can_tapper15,"rgb(228,26,28)",500.0,461.0,501.0,7.8,90.0,91.25,27.376403152610706,159,12.275,0.0,499.0,499.0,0.616541,-34.91437308868502,62.0,2.025822,0.0052104208416833666,0.00781563126252505,0.005410821643286573,3.8626609442060085,0.6152671858968576,1.0000000000001563,3.470356641605033,0.7514939676741001,6.205655,119.881199,36185.841745,1515,338,460,60.0,120.0
154,2023-04-18 07:57:18.658597,can_tapper15,"rgb(55,126,184)",507.0,465.0,511.0,8.284023668639055,98.75,100.0,4.993033330236249,1500,12.16,0.0,491.0,491.0,0.986202,-32.12797619047619,13.0,2.081068,0.004480651731160895,0.008553971486761711,0.005295315682281058,1.4492753623188406,0.5180168951728364,1.0000000000001563,3.077404581544478,0.7726786575000266,59.869091,119.783044,5004.30037,2157,402,673,60.0,120.0
155,2023-04-18 10:01:52.584700,can_tapper15,"rgb(77,175,74)",503.0,459.0,503.0,8.747514910536779,93.75,93.75,4.569602030933728,1500,13.11,0.0,488.0,488.0,0.780757,-40.120588235294115,12.0,2.377476,0.00901639344262295,0.00901639344262295,0.00901639344262295,5.219206680584551,0.8627091347589542,1.0000000000001563,2.4199454189414036,0.7546201710994231,59.901307,119.847335,7473.926103,2157,427,649,60.0,120.0
156,2023-04-18 10:12:02.333719,can_tapper15,"rgb(152,78,163)",511.0,454.0,515.0,11.154598825831702,100.0,100.0,0.4938313305917498,1500,13.133333333333335,0.0,489.0,489.0,0.630692,-37.052287581699346,15.0,51.37375,0.007361963190184048,0.011656441717791411,0.008179959100204498,7.414829659318637,1.0850739083593848,0.7400000000001157,119.99999999999996,0.4265905556162075,59.943583,119.944642,609.749019,2159,197,583,60.0,120.0
157,2023-04-18 10:59:39.271123,can_tapper15,"rgb(255,127,0)",500.0,454.0,504.0,9.2,90.0,95.0,0.2240978773766298,1500,13.475,0.0,489.0,489.0,0.797948,-36.87925696594427,13.0,2.29633,0.006339468302658488,0.009406952965235173,0.007157464212678936,5.4989816700611,0.8846895929788432,1.0000000000001563,2.145932504474109,0.6651803643601344,59.763721,119.902263,2856.937404,2157,337,440,60.0,120.0
158,2023-04-18 13:31:20.600951,can_tapper15,"rgb(255,255,51)",500.0,443.0,504.0,11.4,90.0,95.0,1.7484452215306465,1500,15.7,7.0,494.0,487.0,0.659548,-38.592592592592595,13.0,2.063549,0.006981519507186859,0.011704312114989734,0.0078028747433264885,11.587982832618026,0.7591119453751043,1.0000000000001563,3.2620894576029285,0.8223062386199391,59.997824,119.912168,9101.329828,2159,413,627,60.0,120.0
159,2023-04-18 15:30:03.963149,can_tapper15,"rgb(166,86,40)",500.0,457.0,503.0,8.6,88.25000000000001,93.75,2.9232752156300525e-13,1500,15.325,0.0,489.0,489.0,0.950175,-41.68493150684932,18.0,2.457525,0.007975460122699386,0.008793456032719835,0.008588957055214723,5.485232067510548,0.8885587522843605,0.7600000000001188,8.53123623235764,0.5028843854341369,59.920203,119.821072,7123.362198,2157,326,427,60.0,120.0
160,2023-04-18 15:51:22.708618,can_tapper15,"rgb(247,129,191)",504.0,446.0,508.0,11.507936507936508,95.0,98.75,2.4404810846569656,1500,15.401666666666666,0.0,490.0,490.0,0.7149,-34.0,128.0,2.11485,0.009387755102040816,0.01183673469387755,0.01020408163265306,13.191489361702128,0.6721647548715495,1.5000000000002345,2.4199454189414036,0.751874865511617,59.998123,119.90872,1278.745469,2160,362,448,60.0,120.0
161,2023-04-18 18:06:13.271839,can_tapper15,"rgb(153,153,153)",499.0,446.0,503.0,10.62124248496994,87.00000000000001,93.75,2.580721146986612,1500,16.133333333333333,4.0,490.0,486.0,0.707371,-44.290780141843975,25.0,2.209354,0.007407407407407408,0.010905349794238682,0.008230452674897118,5.3097345132743365,1.0682625221499826,1.5000000000002345,2.892719705486028,0.7787570427587016,59.941398,119.971724,8090.563221,2160,335,533,60.0,120.0
162,2023-04-19 07:03:04.968854,can_tapper15,"rgb(228,26,28)",500.0,458.0,504.0,8.4,90.0,95.0,5.64897310258887,202,13.325,16.0,475.0,459.0,0.518223,-19.525679758308158,16.0,2.022107,0.0032679738562091504,0.009150326797385621,0.004139433551198257,8.668076109936575,1.0525146949080315,0.7600000000001188,3.970067279908059,0.8473461519117113,7.053616,119.793764,46611.697015,1524,350,453,60.0,120.0
163,2023-04-19 08:00:33.911089,can_tapper15,"rgb(55,126,184)",505.0,456.0,508.0,9.702970297029703,96.25,100.0,0.2760801227018344,1500,12.74,5.0,491.0,486.0,0.793167,-27.080701754385966,6.0,2.387538,0.00308641975308642,0.010082304526748971,0.003703703703703704,6.666666666666667,0.8335294978987801,1.0000000000001563,2.27471676670449,0.7300348470752189,59.862708,119.79883,3448.942235,2157,354,508,60.0,120.0
164,2023-04-19 09:19:14.189038,can_tapper15,"rgb(77,175,74)",500.0,451.0,503.0,9.8,90.0,93.75,3.4620104275597745,1500,13.05,6.5,490.0,483.5,0.630694,-36.18456375838926,7.0,2.226797,0.010134436401240952,0.010134436401240952,0.010754912099276112,3.278688524590164,0.728168276741231,1.0000000000001563,2.27471676670449,0.7896378681925051,59.804077,119.900393,4720.277949,2157,352,783,60.0,120.0
165,2023-04-19 09:50:23.198943,can_tapper15,"rgb(152,78,163)",511.0,454.0,515.0,11.154598825831702,100.0,100.0,0.46848020821381486,1500,13.125,0.0,490.0,490.0,0.593737,-25.577464788732396,9.0,2.094631,0.010408163265306122,0.011632653061224489,0.011224489795918368,9.01639344262295,1.036329647523192,1.4800000000002314,4.67804510221319,0.6542735260328414,59.954787,119.991019,1869.009905,2159,409,441,60.0,120.0
166,2023-04-19 10:29:52.875235,can_tapper15,"rgb(255,127,0)",500.0,448.0,504.0,10.4,90.0,95.0,4.638544283796638,1500,13.5,0.0,489.0,489.0,1.00606,-32.603389830508476,9.0,2.012332,0.007770961145194273,0.01063394683026585,0.008588957055214723,9.594882729211088,1.5580145020711125,1.2400000000001938,2.27471676670449,0.8156831101204041,59.958357,119.930735,2369.676292,2158,404,573,60.0,120.0
167,2023-04-19 11:16:03.118925,can_tapper15,"rgb(255,255,51)",507.0,438.0,511.0,13.609467455621301,98.75,100.0,5.2223578766025796,1500,13.615,5.0,490.0,485.0,0.687687,-26.40327868852459,108.0,2.092878,0.01154639175257732,0.014226804123711339,0.012371134020618556,11.751662971175167,0.9392137245793494,1.5000000000002345,2.27471676670449,0.7463241570828436,59.769007,119.867165,2770.24369,2157,372,492,60.0,120.0
168,2023-04-19 11:36:17.294190,can_tapper15,"rgb(166,86,40)",505.0,462.0,508.0,8.514851485148515,96.25,100.0,0.31210680538051133,1500,14.13,5.0,491.0,486.0,0.81619,-26.100323624595468,8.0,2.220306,0.006584362139917696,0.008847736625514404,0.00720164609053498,8.24524312896406,0.7167773319613457,1.0000000000001563,2.27471676670449,0.7155833512142018,59.796816,119.870818,1214.175265,2157,346,618,60.0,120.0
169,2023-04-19 14:10:15.816363,can_tapper15,"rgb(247,129,191)",500.0,451.0,503.0,9.8,90.0,93.75,0.2760801227022467,1500,16.003333333333334,6.0,491.0,485.0,0.8974,-35.14521452145215,6.0,2.295908,0.007216494845360825,0.010103092783505156,0.007628865979381444,13.68421052631579,1.0271347918539369,1.0000000000001563,2.0171482422437275,0.7859032932279186,59.851595,119.874756,9238.522173,2157,328,495,60.0,120.0
170,2023-04-19 18:56:48.441852,can_tapper15,"rgb(153,153,153)",499.0,471.0,500.0,5.61122244488978,87.00000000000001,90.0,15.019819051171329,189,17.266666666666666,0.0,338.0,338.0,1.011604,-30.618518518518517,10.0,2.012791,0.006508875739644971,0.008284023668639054,0.006804733727810651,1.4799154334038056,0.4136475528261342,0.5000000000000782,3.678623825607137,0.8217746645202001,6.803972,119.998354,17192.625489,1522,287,412,60.0,120.0
171,2023-04-20 07:04:56.064555,can_tapper15,"rgb(228,26,28)",500.0,466.0,503.0,6.800000000000001,90.0,93.75,12.279025322502042,300,15.15,13.5,404.0,390.5,0.815876,-17.31958762886598,12.0,2.310415,0.0038412291933418697,0.008706786171574905,0.0046094750320102434,4.259634888438134,0.25491315845952084,0.24000000000003752,3.470356641605033,0.8307642416161329,9.011516,119.824538,43687.622703,1548,307,391,60.0,120.0
172,2023-04-20 09:38:24.005975,can_tapper15,"rgb(55,126,184)",497.0,449.0,500.0,9.6579476861167,81.00000000000004,90.0,0.23712010538682565,1500,12.290000000000001,6.0,455.0,449.0,0.454923,-33.96938775510204,8.0,2.052404,0.008463251670378619,0.010690423162583519,0.00913140311804009,5.882352941176471,1.6533418056447764,1.0000000000001563,2.0171482422437275,0.7823763088707376,59.800067,119.845484,9207.94142,2157,350,598,60.0,120.0
173,2023-04-20 12:20:26.704473,can_tapper15,"rgb(77,175,74)",499.0,442.0,500.0,11.422845691382765,87.00000000000001,90.0,0.45631131391606733,1500,12.35,5.0,494.0,489.0,0.856568,-31.58955223880597,8.0,2.259065,0.009406952965235173,0.011656441717791411,0.009611451942740285,9.492273730684326,1.2420314273185924,1.0000000000001563,2.0171482422437275,0.8249092296040356,59.803498,119.857571,9722.698498,2157,363,551,60.0,120.0
174,2023-04-20 14:51:28.710882,can_tapper15,"rgb(152,78,163)",505.0,435.0,511.0,13.861386138613863,96.25,100.0,0.1980000879996452,1500,13.375,7.0,490.0,483.0,0.980396,-28.39672131147541,7.0,2.079477,0.008281573498964804,0.014492753623188404,0.009523809523809525,19.65811965811966,1.6364834219697375,1.5000000000002345,2.0171482422437275,0.7610797289615416,59.968544,119.98523,9062.006409,2160,382,689,60.0,120.0
175,2023-04-20 15:59:38.348593,can_tapper15,"rgb(255,127,0)",503.0,445.0,505.0,11.530815109343937,93.75,96.25,0.26311122804888426,1500,13.908333333333331,0.0,489.0,489.0,0.875611,-31.206451612903226,10.0,2.872954,0.009406952965235173,0.011860940695296522,0.009815950920245398,11.300639658848613,0.8276868141824006,1.0000000000001563,2.27471676670449,0.6056930952842263,59.82537,119.867299,4089.637711,2157,328,418,60.0,120.0
176,2023-04-21 06:46:38.503974,can_tapper15,"rgb(255,255,51)",497.0,444.0,497.0,10.663983903420524,81.00000000000004,81.00000000000004,0.7427203300976427,1500,13.7,8.0,498.0,490.0,0.837185,-20.984177215189874,9.0,2.931639,0.008775510204081634,0.010816326530612246,0.008775510204081634,12.605042016806722,0.5054664425009427,1.0000000000001563,3.2620894576029285,0.849010900242319,59.927383,119.946724,53220.155381,2160,412,646,60.0,120.0
177,2023-04-21 10:24:56.097943,can_tapper15,"rgb(166,86,40)",491.0,449.0,492.0,8.55397148676171,66.25000000000003,68.33333333333339,1.926054189356894,1500,11.891666666666666,33.0,492.0,459.0,0.595619,-57.75182481751825,45.0,2.091676,0.0067538126361655765,0.00915032679738562,0.006971677559912855,6.956521739130435,1.0346020780940492,1.0000000000001563,2.565174071178317,0.8168188537409878,59.952152,119.939223,13097.593969,2160,333,420,60.0,120.0
178,2023-04-21 11:02:55.726415,can_tapper15,"rgb(247,129,191)",504.0,458.0,505.0,9.126984126984127,95.0,96.25,1.7416896629722192,1500,12.466666666666665,0.0,489.0,489.0,1.026471,-31.251677852348994,22.0,2.031716,0.0071574642126789375,0.009406952965235174,0.007361963190184048,3.896103896103896,0.5780212038527575,1.0000000000001563,2.0171482422437275,0.7259499481171277,59.847824,119.789685,2279.628472,2157,321,585,60.0,120.0
179,2023-04-21 13:06:52.609789,can_tapper15,"rgb(153,153,153)",499.0,445.0,500.0,10.821643286573146,87.00000000000001,90.0,0.3148801399466057,1500,13.583333333333334,3.0,488.0,485.0,0.790825,-35.28472222222222,4.0,2.383591,0.009072164948453608,0.011134020618556702,0.009278350515463918,12.31732776617954,0.5911368572767632,1.0000000000001563,1.9029463547871976,0.7888158024561844,59.918058,119.96965,7436.883374,2158,313,483,60.0,120.0
180,2023-04-21 14:50:39.974842,can_tapper15,"rgb(228,26,28)",499.0,453.0,500.0,9.218436873747494,87.00000000000001,90.0,0.19800008800004176,1500,14.775,0.0,490.0,490.0,0.978246,-41.282051282051285,5.0,2.376591,0.00795918367346939,0.009387755102040818,0.00816326530612245,7.23404255319149,0.686036839450279,1.0000000000001563,2.0171482422437275,0.5999634658093028,59.979213,119.933542,6227.365053,2160,291,438,60.0,120.0
181,2023-04-21 17:51:37.386438,can_tapper15,"rgb(55,126,184)",491.0,457.0,492.0,6.924643584521386,66.25000000000003,68.33333333333339,0.10609782493257916,1500,16.65,28.0,487.0,459.0,0.987805,-97.14641744548287,32.0,2.081934,0.0026143790849673205,0.007407407407407408,0.002832244008714597,4.273504273504273,0.6748645946507317,0.5000000000000782,4.413195167492838,0.7199549079991976,59.923392,119.919683,10857.411596,2158,388,536,60.0,120.0
182,2023-04-22 07:46:50.629927,can_tapper15,"rgb(77,175,74)",500.0,470.0,,6.0,90.0,,,0,16.3,0.0,376.0,376.0,1.029934,-27.54071661237785,16.0,2.030507,0.006117021276595745,0.007978723404255319,,3.5196687370600412,0.5383546091476792,0.5000000000000782,3.2620894576029285,0.7482686292639963,0.486621,119.83699,50113.243489,1446,314,355,60.0,120.0
183,2023-04-22 10:06:45.301824,can_tapper15,"rgb(152,78,163)",492.0,454.0,492.0,7.723577235772358,68.6666666666667,68.33333333333339,1.8000008000001253,1500,13.875,28.0,485.0,457.0,0.990632,-53.83044982698962,31.0,2.48965,0.007221006564551422,0.008315098468271335,0.007221006564551422,5.531914893617022,1.045596754895873,1.0000000000001563,2.27471676670449,0.8409191538621001,59.963893,119.997234,8394.671897,2159,395,529,60.0,120.0
184,2023-04-22 10:28:07.765003,can_tapper15,"rgb(255,127,0)",504.0,459.0,504.0,8.928571428571429,95.0,95.0,0.23466677096355046,1500,14.166666666666668,6.0,472.0,466.0,0.517154,-37.170731707317074,4.0,3.121115,0.005579399141630901,0.009656652360515022,0.005579399141630901,9.623430962343097,1.438528838259046,1.0000000000001563,2.27471676670449,0.8175173595083299,59.904828,119.993109,1282.463179,2158,356,507,60.0,120.0
185,2023-04-22 10:40:13.723094,can_tapper15,"rgb(255,255,51)",502.0,469.0,503.0,6.573705179282868,92.5,93.75,0.4047912910180208,1500,14.35,0.0,389.0,389.0,0.817894,-37.96949152542373,2.0,2.323048,0.007455012853470437,0.008483290488431876,0.007712082262210797,5.349794238683128,0.6898021354063006,0.5000000000000782,2.565174071178317,0.7373037392198598,59.881546,119.954929,725.958091,2158,398,397,60.0,120.0
186,2023-04-22 15:29:55.613774,can_tapper15,"rgb(166,86,40)",500.0,467.0,503.0,6.6000000000000005,90.0,93.75,2.210581602046785e-12,74,,0.0,498.0,498.0,0.628905,-23.98993288590604,8.0,2.13066,,0.006626506024096385,0.0006024096385542169,0.6423982869379015,0.08029978586723768,0.5000000000000782,3.470356641605033,0.7662951113191689,4.495701,119.86636,17381.89068,1494,311,393,60.0,120.0
187,2023-04-22 19:23:10.064748,can_tapper15,"rgb(247,129,191)",500.0,472.0,503.0,5.6000000000000005,90.0,93.75,13.347840563163324,512,13.166666666666666,13.0,375.0,362.0,1.0217,-21.29,23.0,2.021174,0.0060773480662983425,0.007734806629834254,0.006906077348066298,4.065040650406504,0.7106673464864893,0.5000000000000782,3.2620894576029285,0.688012263902527,13.245445,119.831204,13994.450974,1599,330,382,60.0,120.0
188,2023-04-23 07:31:15.650468,can_tapper15,"rgb(153,153,153)",496.0,456.0,499.0,8.064516129032258,78.00000000000004,87.00000000000001,11.051609732119141,625,11.141666666666667,0.0,499.0,499.0,0.610192,-16.705501618122977,13.0,2.107951,0.002404809619238477,0.008016032064128256,0.0028056112224448893,5.732484076433121,0.5962071917036685,0.5000000000000782,3.7052173451877075,0.8501437209517553,15.509921,119.816473,43685.58572,1626,329,394,60.0,120.0
189,2023-04-23 09:57:06.082532,can_tapper15,"rgb(228,26,28)",495.0,446.0,497.0,9.8989898989899,75.58333333333339,81.00000000000004,1.3623383832610947,1500,11.258333333333333,0.0,491.0,491.0,0.838155,-39.1875,8.0,2.338077,0.008961303462321792,0.009979633401221995,0.009368635437881873,6.832298136645963,0.927522298229615,1.0000000000001563,2.27471676670449,0.7413007693764886,59.857803,119.837998,8750.432064,2157,287,368,60.0,120.0
190,2023-04-23 12:34:30.361502,can_tapper15,"rgb(55,126,184)",496.0,455.0,499.0,8.266129032258064,78.00000000000004,87.00000000000001,0.9952359978823744,1500,14.025,0.0,460.0,460.0,1.031269,-38.14335664335665,6.0,2.030098,0.00826086956521739,0.008913043478260869,0.00891304347826087,5.531914893617022,1.1074714906396612,1.0000000000001563,2.27471676670449,0.6284433998342005,59.924199,119.922294,9444.27897,4316,618,1144,60.0,120.0
191,2023-04-23 12:34:30.361502,can_tapper15,"rgb(77,175,74)",496.0,455.0,499.0,8.266129032258064,78.00000000000004,87.00000000000001,0.9952359978823744,1500,14.025,0.0,460.0,460.0,1.031269,-38.14335664335665,6.0,2.030098,0.00826086956521739,0.008913043478260869,0.00891304347826087,5.531914893617022,1.1074714906396612,1.0000000000001563,2.27471676670449,0.6284433998342005,59.924199,119.922294,0.0,4316,618,1144,60.0,120.0
192,2023-04-23 13:27:32.376108,can_tapper15,"rgb(152,78,163)",508.0,461.0,511.0,9.251968503937007,98.75,100.0,0.35352015711976614,1500,15.205000000000002,4.0,492.0,488.0,0.883078,-27.674740484429066,7.0,2.282705,0.0069672131147540985,0.009631147540983606,0.0075819672131147535,8.8659793814433,0.7830615304647441,1.0000000000001563,4.477002937824031,0.584238300482673,59.954696,119.925654,3182.014606,2158,357,539,60.0,120.0
193,2023-04-23 14:52:09.550914,can_tapper15,"rgb(255,127,0)",501.0,447.0,504.0,10.778443113772456,91.25,95.0,0.05319113475133918,1500,15.758333333333331,0.0,490.0,490.0,0.591405,-32.64666666666667,7.0,2.090957,0.004897959183673469,0.011020408163265306,0.005510204081632652,7.096774193548387,0.49771644477489785,1.0000000000001563,2.7289468883321724,0.7277463590876785,59.998127,119.883681,5077.174806,2158,387,431,60.0,120.0
194,2023-04-23 16:57:45.953066,can_tapper15,"rgb(255,255,51)",488.0,457.0,488.0,6.352459016393443,60.0,60.0,2.8201152515774477e-13,1500,16.675,28.0,482.0,454.0,0.774928,-122.92307692307692,33.0,2.275076,0.00682819383259912,0.00682819383259912,0.00682819383259912,3.389830508474576,0.38022777321555323,0.5000000000000782,5.275382050040925,0.7649828851302145,59.998626,119.880241,7536.402152,2158,404,536,60.0,120.0
195,2023-04-24 11:35:16.256814,can_tapper15,"rgb(166,86,40)",503.0,472.0,,6.163021868787276,93.75,,,0,11.75,0.0,418.0,418.0,0.808273,-20.67109634551495,67.0,2.808473,0.0035885167464114833,0.007416267942583732,,1.6666666666666667,0.23695135508812026,0.5000000000000782,3.2856717655465824,0.6713962615257121,1.709911,119.862738,67050.303748,1461,310,356,60.0,120.0
196,2023-04-24 14:00:43.003451,can_tapper15,"rgb(247,129,191)",503.0,456.0,505.0,9.343936381709742,93.75,96.25,2.9362057494238623,1500,12.3,6.0,492.0,486.0,1.064345,-30.08243727598566,7.0,2.062994,0.00823045267489712,0.009670781893004115,0.008641975308641976,7.822410147991543,0.885393971977059,1.0000000000001563,2.4199454189414036,0.6999739977348918,59.987484,119.914872,8726.746637,2158,341,520,60.0,120.0
197,2023-04-24 16:45:18.746640,can_tapper15,"rgb(153,153,153)",500.0,428.0,504.0,14.399999999999999,90.0,95.0,1.5033962237316638,1500,12.3,0.0,492.0,492.0,1.081759,-29.684931506849313,9.0,2.091142,0.00853658536585366,0.014634146341463414,0.00934959349593496,19.474835886214443,1.2987436312465994,1.5000000000002345,2.27471676670449,0.792776826858274,59.920275,119.982114,9875.743189,2160,362,527,60.0,120.0
198,2023-04-25 06:57:55.235403,can_tapper15,"rgb(228,26,28)",496.0,465.0,,6.25,78.00000000000004,,,0,8.766666666666666,0.0,459.0,459.0,0.930392,-21.88704318936877,17.0,2.333796,0.0017429193899782137,0.006753812636165578,,1.639344262295082,0.41392745025859745,0.5000000000000782,3.2620894576029285,0.7717588221122176,2.187952,119.884996,51156.488763,1467,308,434,60.0,120.0
199,2023-04-25 09:23:40.806302,can_tapper15,"rgb(55,126,184)",504.0,441.0,508.0,12.5,95.0,98.75,0.6377691723415935,1500,9.408333333333335,7.0,493.0,486.0,0.635995,-24.386885245901638,7.0,2.13445,0.010493827160493827,0.012962962962962963,0.011316872427983538,14.822546972860126,0.33315578116243744,1.0200000000001594,2.4199454189414036,0.7832750750696837,59.901477,119.961841,8745.570899,2158,381,544,60.0,120.0
200,2023-04-25 10:27:19.426880,can_tapper15,"rgb(77,175,74)",489.0,450.0,492.0,7.975460122699387,62.08333333333334,68.6666666666667,15.272549010019357,1500,8.5,0.0,492.0,492.0,0.624205,-51.61919504643963,66.0,2.029459,0.007520325203252033,0.007926829268292683,0.008130081300813009,11.11111111111111,0.7439694566697744,0.7400000000001157,2.565174071178317,0.7840584545832874,59.857118,119.835031,3818.620578,2157,397,510,60.0,120.0
201,2023-04-25 14:25:55.443346,can_tapper15,"rgb(152,78,163)",495.0,452.0,495.0,8.686868686868687,75.58333333333339,75.58333333333339,3.37365483273439,1500,13.2,13.0,496.0,483.0,0.623486,-30.996666666666666,15.0,2.121103,0.007246376811594204,0.008902691511387164,0.007246376811594204,10.084033613445378,0.424802181166701,0.5000000000000782,3.470356641605033,0.8384198050400317,45.065846,119.789174,14316.016466,1980,372,488,60.0,120.0
202,2023-04-25 14:54:18.185157,can_tapper15,"rgb(255,127,0)",495.0,452.0,500.0,8.686868686868687,75.58333333333339,90.0,5.247655665623928,1500,12.783333333333335,9.0,492.0,483.0,0.914334,-33.49367088607595,111.0,2.016408,0.004968944099378882,0.008902691511387164,0.006004140786749482,6.581740976645436,0.4232527906251271,1.0000000000001563,2.27471676670449,0.7173172103116078,59.995941,119.898289,1702.741811,2158,378,434,60.0,120.0
203,2023-04-25 15:29:24.279534,can_tapper15,"rgb(255,255,51)",499.0,430.0,500.0,13.827655310621243,87.00000000000001,90.0,0.12039116461837597,1500,12.7,5.0,492.0,487.0,0.665513,-27.173285198555956,166.0,2.167367,0.011498973305954827,0.014168377823408625,0.011704312114989734,14.587737843551798,0.8833593276522758,1.5200000000002376,2.565174071178317,0.7425495041877492,59.831795,119.991446,2106.094377,2158,317,538,60.0,120.0
204,2023-04-25 17:56:35.626599,can_tapper15,"rgb(166,86,40)",503.0,450.0,,10.536779324055665,93.75,,,0,13.3,10.0,465.0,455.0,0.627785,-18.109929078014183,81.0,2.031173,0.0015384615384615385,0.011648351648351648,,14.40677966101695,1.245703654408159,1.0000000000001563,3.470356641605033,0.792781707376674,2.49037,119.85768,8831.347065,1470,294,373,60.0,120.0
205,2023-04-26 09:40:50.426691,can_tapper15,"rgb(247,129,191)",493.0,454.0,493.0,7.910750507099391,70.75000000000004,70.75000000000004,1.2722630265020281e-12,52,6.55,11.0,487.0,476.0,0.913295,-27.538690476190474,17.0,2.31635,0.007142857142857143,0.00819327731092437,0.007142857142857143,5.781584582441114,0.7093671238648445,0.5200000000000813,3.678623825607137,0.8073305802187267,4.04364,119.782546,56654.800092,1488,345,341,60.0,120.0
206,2023-04-26 12:00:54.635623,can_tapper15,"rgb(153,153,153)",496.0,465.0,497.0,6.25,78.00000000000004,81.00000000000004,1.7599598461234023e-12,79,8.6,0.0,341.0,341.0,1.107803,-21.9171974522293,92.0,2.011975,0.00909090909090909,0.00909090909090909,0.0093841642228739,1.4553014553014554,0.42225436492212554,0.5000000000000782,3.678623825607137,0.759482261884257,4.604757,119.978623,8404.208932,1497,329,393,60.0,120.0
207,2023-05-01 10:23:01.220070,can_tapper15,"rgb(228,26,28)",488.0,447.0,485.0,8.401639344262295,60.0,54.642857142857125,33.785830213292364,979,14.45,30.5,499.0,468.5,0.820811,-39.90684931506849,44.0,2.422184,0.008751334044823906,0.008751334044823906,0.008110992529348986,2.092050209205021,0.49947642129425396,0.5000000000000782,3.678623825607137,0.7993803853828025,22.60911,119.963621,426126.584447,1712,423,481,60.0,120.0
208,2023-05-01 10:40:49.092833,can_tapper15,"rgb(55,126,184)",492.0,435.0,493.0,11.585365853658537,68.33333333333339,70.75000000000004,0.2229423213078697,1500,14.6,14.5,494.0,479.5,0.704826,-43.98971722365039,75.0,2.207697,0.010636079249217936,0.011887382690302399,0.010844629822732012,10.583153347732182,1.1603883832494566,1.0000000000001563,2.565174071178317,0.7971116667980792,59.975148,119.836744,1067.872763,2158,609,426,60.0,120.0
209,2023-05-02 09:00:59.145316,can_tapper15,"rgb(77,175,74)",492.0,451.0,495.0,8.333333333333332,68.33333333333339,75.58333333333339,1.8294421233714293,625,13.35,0.0,497.0,497.0,0.621517,-26.294797687861273,69.0,2.02032,0.0028169014084507044,0.008249496981891348,0.0032193158953722333,5.394190871369295,0.7428657593971937,1.0000000000001563,3.9134845291898115,0.8361723765851361,15.50985,119.822818,80410.052483,1626,375,422,60.0,120.0
210,2023-05-02 09:40:22.838080,can_tapper15,"rgb(152,78,163)",497.0,457.0,500.0,8.048289738430583,81.00000000000004,90.0,22.257135375750213,134,,0.0,403.0,403.0,0.524756,-25.4024024024024,13.0,2.028599,0.007444168734491315,0.009925558312655087,0.008188585607940446,4.925053533190578,1.3583340702114983,1.0000000000001563,3.470356641605033,0.8504470899345877,5.697215,119.87863,2363.692764,1509,352,282,60.0,120.0
211,2023-05-02 10:02:40.931657,can_tapper15,"rgb(255,127,0)",494.0,437.0,499.0,11.538461538461538,73.08333333333333,87.00000000000001,4.145779620346022,1500,13.336666666666668,0.0,494.0,494.0,0.890917,-35.24924012158055,17.0,3.39125,0.009311740890688258,0.011538461538461537,0.010323886639676113,9.821428571428571,0.9569320931670505,1.0200000000001594,2.565174071178317,0.7788144500184594,59.948876,119.883588,1338.093577,2158,367,265,60.0,120.0
212,2023-05-17 12:52:21.516237,can_tapper15,"rgb(255,255,51)",489.0,438.0,491.0,10.429447852760736,62.08333333333334,66.25000000000003,2.4000455111309407,1500,11.15,23.0,499.0,476.0,0.642375,10.527272727272727,497.0,2.734992,0.007563025210084033,0.010714285714285713,0.007983193277310925,8.609271523178808,1.1655563663590878,1.0000000000001563,119.99999999999996,0.23451261480610153,36.14878,119.883058,1306180.58458,727,103,111,60.0,120.0
213,2023-05-17 12:54:15.415694,can_tapper15,"rgb(166,86,40)",496.0,450.0,,9.274193548387096,78.00000000000004,,,0,12.45,11.0,497.0,486.0,0.731643,-18.178683385579937,92.0,2.135419,0.006378600823045268,0.009465020576131689,,5.544147843942505,0.5551553834031191,1.0000000000001563,3.9134845291898115,0.7546319584936791,1.789145,119.786857,113.899457,1461,331,316,60.0,120.0
214,2023-05-17 14:11:33.118624,can_tapper15,"rgb(247,129,191)",492.0,438.0,495.0,10.975609756097562,68.33333333333339,75.58333333333339,6.84969193319509,1500,11.675,6.0,494.0,488.0,1.089073,-34.3187134502924,143.0,2.193848,0.009016393442622951,0.011065573770491801,0.009631147540983606,16.379310344827587,0.6989578378012156,1.5200000000002376,2.4199454189414036,0.8353775268380944,59.989111,119.856734,4637.70293,2158,389,436,60.0,120.0
215,2023-05-17 15:20:39.020281,can_tapper15,"rgb(153,153,153)",492.0,430.0,496.0,12.601626016260163,68.33333333333339,78.58333333333337,0.17975119100079928,1500,12.45,6.0,492.0,486.0,0.620355,-36.381107491856675,49.0,2.031202,0.010493827160493827,0.012757201646090535,0.01131687242798354,13.859275053304904,0.8741868580088712,1.5000000000002345,2.565174071178317,0.8469233496591814,59.898441,119.996125,4145.901657,2159,337,578,60.0,120.0
216,2023-06-14 10:11:21.943203,can_tapper15,"rgb(228,26,28)",497.0,460.0,,7.44466800804829,81.00000000000004,,,0,23.966666666666665,0.0,494.0,494.0,0.71188,-18.29096989966555,95.0,2.112531,0.005668016194331984,0.007489878542510122,,3.1982942430703623,0.7328330417782848,0.7400000000001157,3.077404581544478,0.7809911087974627,0.053962,119.992202,2400642.922922,1441,305,485,60.0,120.0
217,2023-06-14 11:34:17.351519,can_tapper15,"rgb(55,126,184)",496.0,450.0,499.0,9.274193548387096,78.58333333333337,87.00000000000001,0.2890312395692867,1500,21.55,5.0,489.0,484.0,0.791968,-43.67333333333333,6.0,2.28958,0.004545454545454545,0.009504132231404958,0.005165289256198346,8.225108225108226,0.6600404009067261,0.7600000000001188,2.4199454189414036,0.7903857856336638,59.859158,119.819874,4975.408316,2157,335,391,60.0,120.0
218,2023-06-15 07:57:08.226590,can_tapper15,"rgb(77,175,74)",499.0,457.0,500.0,8.41683366733467,87.00000000000001,90.0,8.473739106867984e-13,217,18.15,15.0,495.0,480.0,0.625435,-17.824615384615385,92.0,2.12963,0.00875,0.00875,0.008958333333333334,4.365904365904366,0.5679002023522902,1.0000000000001563,2.7289468883321724,0.5490368143010886,7.34954,119.991459,73370.875071,1530,339,349,60.0,120.0
219,2023-06-15 08:47:06.701751,can_tapper15,"rgb(152,78,163)",496.0,441.0,500.0,11.088709677419354,78.00000000000004,90.0,0.3535201571201246,1500,18.259999999999998,5.0,492.0,487.0,0.771978,-34.66323024054983,7.0,2.27258,0.009034907597535936,0.011293634496919919,0.009856262833675564,12.068965517241379,0.42410625597664375,1.0000000000001563,3.470356641605033,0.8629868075791678,59.974025,119.928204,2998.475161,2160,352,370,60.0,120.0
220,2023-06-15 12:35:59.732456,can_tapper15,"rgb(255,127,0)",496.0,471.0,497.0,5.040322580645161,78.58333333333337,81.00000000000004,3.6413449004664846,555,23.0,6.0,252.0,246.0,1.009103,-59.833333333333336,14.0,2.508581,0.008130081300813009,0.010162601626016262,0.00853658536585366,2.277432712215321,0.6211382254413523,0.24000000000003752,3.2620894576029285,0.8273153431332072,14.109623,119.959697,13733.030705,1609,362,385,60.0,120.0
221,2023-06-15 12:47:22.884538,can_tapper15,"rgb(255,255,51)",495.0,449.0,496.0,9.292929292929292,75.58333333333339,78.00000000000004,1.0823115921380828,1500,23.075,6.0,490.0,484.0,0.791296,-54.51376146788991,13.0,2.286771,0.00640495867768595,0.00950413223140496,0.006611570247933884,6.0344827586206895,0.8606543722907603,0.7600000000001188,2.4199454189414036,0.7529440968167924,59.955524,119.882752,683.152082,2158,553,380,60.0,120.0
222,2023-06-27 10:03:11.935337,can_tapper15,"rgb(166,86,40)",491.0,439.0,,10.590631364562118,66.25000000000003,,,0,21.366666666666667,0.0,496.0,496.0,0.62855,-23.583586626139816,34.0,2.619487,0.005040322580645161,0.010483870967741934,,2.928870292887029,0.6244069454510357,1.0000000000001563,2.892719705486028,0.7878323095776587,1.652077,119.910622,1026949.050799,1461,337,475,60.0,120.0
223,2023-06-27 10:52:33.437405,can_tapper15,"rgb(247,129,191)",508.0,459.0,513.0,9.645669291338582,98.75,100.0,7.030500902443689,1500,19.525,21.5,490.0,468.5,0.985846,-25.139130434782608,24.0,2.389984,0.006830309498399146,0.010458911419423692,0.007897545357524013,6.722689075630252,0.7276738780704184,1.0000000000001563,1.7887444673306678,0.7634888911540259,59.966422,119.933243,2961.502068,2160,476,490,60.0,120.0
224,2023-07-08 10:46:42.122107,can_tapper15,"rgb(153,153,153)",496.0,462.0,496.0,6.854838709677419,78.00000000000004,78.00000000000004,4.9821177698294346,1500,21.666666666666664,0.0,432.0,432.0,0.832105,-28.02008032128514,17.0,2.332091,0.005324074074074075,0.007870370370370371,0.005324074074074075,4.862579281183932,0.39427735713228257,0.5000000000000782,119.99999999999996,0.23851570332322058,54.025984,119.834746,950048.684702,2088,316,316,60.0,120.0
225,2023-07-08 10:48:50.024186,can_tapper15,"rgb(228,26,28)",508.0,458.0,512.0,9.84251968503937,100.0,100.0,9.939239972993763,1500,23.375,7.0,492.0,485.0,0.993844,-31.034700315457414,10.0,2.89744,0.0076288659793814426,0.010309278350515464,0.008453608247422681,5.070993914807302,0.8467299272887613,1.0000000000001563,2.0171482422437275,0.706288542542737,59.870563,119.984253,127.902079,2158,410,534,60.0,120.0
226,2023-07-08 11:40:09.521798,can_tapper15,"rgb(55,126,184)",508.0,447.0,511.0,12.007874015748031,98.75,100.0,3.5704371424158277,1500,24.5375,5.5,487.0,481.5,0.892957,-30.133540372670808,6.0,2.293897,0.010176531671858776,0.012668743509865006,0.010799584631360331,11.20507399577167,0.9131251995852456,1.0000000000001563,1.7887444673306678,0.6130155095162504,59.850278,119.80568,3079.497612,2157,369,389,60.0,120.0
227,2023-07-08 11:52:07.012037,can_tapper15,"rgb(77,175,74)",508.0,459.0,512.0,9.645669291338582,100.0,100.0,2.758392337062792,1500,24.9375,0.0,485.0,485.0,0.591388,-28.648387096774194,9.0,2.093982,0.010103092783505156,0.010103092783505156,0.010927835051546392,5.95482546201232,0.7374519844066862,1.5000000000002345,2.0171482422437275,0.6689040841559426,59.851376,119.807271,717.490239,2157,386,632,60.0,120.0
228,2023-07-08 12:33:30.172109,can_tapper15,"rgb(152,78,163)",507.0,466.0,507.0,8.086785009861932,98.75,98.75,5.38810017248771,1500,25.610000000000003,0.0,459.0,459.0,1.009363,-34.293286219081274,3.0,2.00652,0.007407407407407408,0.008932461873638343,0.007407407407407408,4.641350210970464,0.8218103627911617,0.5000000000000782,2.0171482422437275,0.5623709901670152,59.846307,119.791143,2483.160072,2157,351,595,60.0,120.0
229,2023-07-08 12:50:19.546199,can_tapper15,"rgb(255,127,0)",508.0,447.0,511.0,12.007874015748031,100.0,100.0,0.9668982075098923,1500,26.09166666666666,0.0,460.0,460.0,0.507398,-34.64808362369338,5.0,2.0084,0.008695652173913044,0.013260869565217394,0.009347826086956522,14.970059880239521,2.40620497886661,1.260000000000197,1.7887444673306678,0.657496106381108,59.924048,119.925065,1009.37409,2158,320,517,60.0,120.0
230,2023-07-11 08:08:38.622987,can_tapper15,"rgb(255,255,51)",504.0,475.0,,5.753968253968254,95.0,,,0,19.25,16.0,368.0,352.0,0.895468,-20.229508196721312,15.0,2.492921,0.006534090909090909,0.008238636363636363,,3.0303030303030303,0.6287447593900346,0.5000000000000782,3.077404581544478,0.7620491284557068,0.870999,119.947894,242299.076788,1452,316,451,60.0,120.0
231,2023-07-11 17:38:18.423072,can_tapper15,"rgb(166,86,40)",503.0,450.0,504.0,10.536779324055665,93.75,95.0,1.1647471843314818,1500,27.8875,0.0,485.0,485.0,0.924505,-49.33108108108108,5.0,2.019988,0.0088659793814433,0.010927835051546392,0.00907216494845361,8.695652173913043,0.26473813904657734,1.0000000000001563,2.27471676670449,0.5793560047351042,59.838752,119.771456,34179.800085,2157,309,516,60.0,120.0
232,2023-07-12 07:22:13.201618,can_tapper15,"rgb(247,129,191)",504.0,465.0,,7.738095238095238,95.0,,,0,24.965,0.0,364.0,364.0,1.030865,-22.105263157894736,8.0,2.030926,0.006043956043956043,0.010714285714285714,,7.8838174273858925,1.1178641032000551,1.0000000000001563,2.892719705486028,0.7929504213190474,2.346286,119.971304,49434.778546,1470,315,345,60.0,120.0
233,2023-07-12 11:53:24.050011,can_tapper15,"rgb(153,153,153)",500.0,445.0,500.0,11.0,88.25000000000001,90.0,1.3781428347303801,1500,22.908333333333335,0.0,489.0,489.0,0.781549,-61.88235294117647,6.0,2.276872,0.00899795501022495,0.011247443762781187,0.008997955010224948,11.11111111111111,0.800876003696734,1.0000000000001563,2.27471676670449,0.755004284428221,59.962201,119.958901,16270.848393,2160,384,887,60.0,120.0
234,2023-07-13 09:01:33.918270,can_tapper15,"rgb(228,26,28)",503.0,466.0,504.0,7.3558648111332,93.75,95.0,1.822119763388476e-12,19,19.5,13.0,497.0,484.0,0.724571,-18.81305637982196,12.0,2.227151,0.0024793388429752068,0.0076446280991735545,0.002685950413223141,5.05050505050505,0.7423756929061571,0.5000000000000782,3.2620894576029285,0.7632228112994802,3.388259,119.947374,76089.868259,1482,346,465,60.0,120.0
235,2023-07-13 10:21:01.337658,can_tapper15,"rgb(55,126,184)",500.0,460.0,504.0,8.0,90.0,95.0,3.30319257919583,1500,19.1,6.0,487.0,481.0,1.054376,-36.17343173431734,8.0,2.054451,0.006860706860706861,0.008316008316008316,0.007692307692307693,5.353319057815845,1.0035432710929466,1.0000000000001563,2.0171482422437275,0.6320028238176669,59.992718,119.854275,4767.419388,2158,356,506,60.0,120.0
236,2023-07-13 12:07:40.527009,can_tapper15,"rgb(77,175,74)",499.0,445.0,503.0,10.821643286573146,87.00000000000001,93.75,2.6332811703466383,1500,19.625,0.0,487.0,487.0,0.696899,-40.28673835125448,8.0,3.187172,0.008213552361396304,0.01108829568788501,0.008829568788501028,9.565217391304348,1.2724141351652005,1.0000000000001563,2.0171482422437275,0.5896982213497055,59.857452,119.84315,6399.189351,2157,356,576,60.0,120.0
237,2023-07-18 08:18:30.599695,can_tapper15,"rgb(152,78,163)",499.0,455.0,500.0,8.817635270541082,87.00000000000001,90.0,4.156167692041187e-14,1500,18.65,0.0,492.0,492.0,1.143219,-28.763754045307444,148.0,2.046626,0.007113821138211383,0.00894308943089431,0.007317073170731707,6.1571125265392785,1.0835321021500508,1.0200000000001594,2.892719705486028,0.7465836087917055,59.997875,119.931125,418250.072686,2160,492,678,60.0,120.0
238,2023-07-18 08:59:23.390686,can_tapper15,"rgb(255,127,0)",496.0,440.0,500.0,11.29032258064516,78.00000000000004,90.0,1.68159185848495,1500,16.725,9.0,490.0,481.0,0.686777,-30.775147928994084,119.0,2.190303,0.008731808731808732,0.011642411642411643,0.009563409563409564,11.587982832618026,1.2368802300418462,1.5000000000002345,2.27471676670449,0.511335226675655,59.96658,119.948646,2452.790991,2160,408,443,60.0,120.0
239,2023-07-18 09:13:55.431261,can_tapper15,"rgb(255,255,51)",499.0,435.0,500.0,12.825651302605209,87.00000000000001,90.0,0.5426935745301156,1500,16.95,0.0,492.0,492.0,0.952791,-28.60103626943005,15.0,2.053792,0.00975609756097561,0.013008130081300813,0.009959349593495934,12.663755458515285,1.8153576944580578,1.5000000000002345,119.99999999999996,0.2636382863848439,59.911177,119.895047,872.040575,2158,237,363,60.0,120.0
240,2023-07-24 10:51:37.805680,can_tapper15,"rgb(166,86,40)",493.0,458.0,495.0,7.099391480730223,70.75000000000004,75.58333333333339,4.396164470523302e-12,27,14.14,0.0,477.0,477.0,0.814957,-30.772727272727273,13.0,2.312957,0.003983228511530398,0.007337526205450733,0.004402515723270441,3.7974683544303796,0.7560191282234395,0.7600000000001188,3.2620894576029285,0.8259882081424034,3.551067,119.797274,524262.374419,1482,317,449,60.0,120.0
241,2023-08-10 11:47:13.179643,can_tapper15,"rgb(247,129,191)",496.0,466.0,500.0,6.048387096774194,78.00000000000004,90.0,13.615016002283722,541,16.2,0.0,384.0,384.0,1.029102,-14.959501557632398,11.0,2.032105,0.005989583333333333,0.007812499999999999,0.007031249999999999,4.016913319238901,0.6762253895664047,0.5000000000000782,3.2620894576029285,0.7981452230274712,13.840711,119.781283,1472135.373963,1605,340,351,60.0,120.0
242,2023-08-14 12:17:23.199604,can_tapper15,"rgb(153,153,153)",496.0,465.0,497.0,6.25,78.00000000000004,81.00000000000004,23.55571059287102,317,,0.0,465.0,465.0,0.824796,-31.83404255319149,15.0,2.321161,0.006666666666666666,0.006666666666666666,0.006881720430107527,2.459016393442623,0.545649810498684,0.5000000000000782,3.2620894576029285,0.8609901240901257,9.356859,104.741535,347410.019961,1371,248,250,60.0,120.0
243,2023-08-14 14:09:22.194534,can_tapper15,"rgb(228,26,28)",499.0,455.0,499.0,8.817635270541082,87.00000000000001,87.00000000000001,3.3294827104116973e-12,29,22.3,0.0,384.0,384.0,0.509353,-24.954838709677418,11.0,2.01316,0.0015624999999999999,0.011458333333333333,0.0015624999999999999,5.128205128205129,1.195389664876705,0.7600000000001188,3.678623825607137,0.7611974405616978,3.602624,119.979527,6718.99493,1484,322,410,60.0,120.0
244,2023-08-22 10:29:35.986965,can_tapper15,"rgb(55,126,184)",500.0,446.0,503.0,10.8,90.0,93.75,4.1477796212351015,1500,20.393333333333334,12.0,497.0,485.0,0.793943,-22.513513513513512,13.0,2.792969,0.0088659793814433,0.011134020618556702,0.009484536082474227,11.300639658848613,0.49235711041597663,1.0000000000001563,2.892719705486028,0.7483194453522382,59.959298,119.934942,678013.792431,2160,449,724,60.0,120.0
245,2023-08-22 10:49:14.336518,can_tapper15,"rgb(77,175,74)",499.0,438.0,503.0,12.224448897795591,87.00000000000001,93.75,1.9508542003794946,1500,20.43,0.0,494.0,494.0,1.062715,-30.248447204968944,9.0,2.061664,0.009109311740890687,0.012348178137651822,0.009919028340080972,12.742980561555076,2.3049179159090487,1.5000000000002345,2.0171482422437275,0.7588962288409842,59.876887,119.812341,1178.349553,2157,465,571,60.0,120.0
246,2023-08-29 08:19:03.093785,can_tapper15,"rgb(152,78,163)",492.0,442.0,493.0,10.16260162601626,68.33333333333339,70.75000000000004,1.8847652821172585,1500,14.1,12.0,497.0,485.0,0.659484,-10.761744966442953,494.0,2.061274,0.007835051546391752,0.010309278350515465,0.008041237113402062,4.697986577181208,1.028070434295581,1.0000000000001563,2.892719705486028,0.2394882546999889,59.998086,119.888563,595788.757267,2160,384,434,60.0,120.0
247,2023-08-29 08:20:58.953390,can_tapper15,"rgb(255,127,0)",519.0,461.0,584.0,11.175337186897881,100.0,100.0,86.12873161275563,1500,14.064583333333335,0.0,494.0,494.0,0.577935,-16.37123745819398,19.0,2.075656,0.005668016194331983,0.01174089068825911,0.018825910931174087,3.366336633663366,0.5502141326286113,2.0000000000003126,2.27471676670449,0.7398924126300283,59.771693,119.872195,115.859605,2157,443,506,60.0,120.0
248,2023-08-29 08:54:35.125502,can_tapper15,"rgb(255,255,51)",496.0,459.0,500.0,7.459677419354839,78.00000000000004,88.25000000000001,39.39124785746822,187,11.95,16.0,497.0,481.0,0.714387,-13.239520958083832,17.0,2.217899,0.007692307692307693,0.007692307692307693,0.008523908523908524,4.384133611691023,0.5638755213520743,0.5000000000000782,3.678623825607137,0.7649572018379633,6.757593,119.827635,2016.172112,1521,349,356,60.0,120.0
249,2023-08-29 12:30:06.935503,can_tapper15,"rgb(166,86,40)",496.0,497.0,499.0,-0.20161290322580644,78.58333333333337,87.00000000000001,1.077973812432449,1500,17.291666666666668,12.0,5.0,7.0,0.834685,-29.307984790874524,491.0,3.838043,,,0.028571428571428574,0.6036217303822937,0.30137538658806545,0.020000000000003126,9.620584988277706,0.689902336934003,59.951583,119.897272,12931.810001,2159,419,527,60.0,120.0
250,2023-08-29 12:30:13.736625,can_tapper15,"rgb(247,129,191)",496.0,443.0,499.0,10.685483870967742,78.58333333333337,87.00000000000001,1.093858263936901,1500,17.3,0.0,491.0,491.0,0.842153,-36.90262172284644,6.0,2.341902,0.007128309572301425,0.01079429735234216,0.007739307535641548,6.804123711340206,0.8873007556942873,1.0000000000001563,2.145932504474109,0.7828188154102437,59.995356,119.850767,6.801122,2158,418,541,60.0,120.0
251,2023-08-29 14:28:54.927000,can_tapper15,"rgb(153,153,153)",496.0,456.0,499.0,8.064516129032258,78.00000000000004,87.00000000000001,3.18263252561386,1500,18.7,4.0,490.0,486.0,1.07451,-45.119496855345915,6.0,2.077819,0.006790123456790124,0.00823045267489712,0.0074074074074074086,5.399568034557236,1.0196012352963078,1.0000000000001563,2.0171482422437275,0.7569044721100742,59.936849,61.324425,7121.190375,1455,322,486,60.0,120.0
252,2023-08-29 15:23:42.633614,can_tapper15,"rgb(228,26,28)",496.0,446.0,509.0,10.080645161290322,78.00000000000004,100.0,22.796349781299735,992,20.55833333333333,16.5,492.0,475.5,0.642299,-34.15068493150685,112.0,2.045283,0.008412197686645636,0.010515247108307046,0.011146161934805469,11.297071129707113,0.47975405431394663,1.0000000000001563,3.678623825607137,0.8383349295571176,22.844327,119.99252,3287.706614,1719,337,438,60.0,120.0
253,2023-08-30 07:53:31.909428,can_tapper15,"rgb(55,126,184)",504.0,466.0,,7.5396825396825395,95.0,,,0,17.05,0.0,497.0,497.0,0.708279,-12.172727272727272,10.0,2.20699,0.0058350100603621734,0.007645875251509055,,2.736842105263158,0.5410472782692127,0.5000000000000782,3.678623825607137,0.776778491246844,0.802884,119.760852,59389.275814,1449,337,456,60.0,120.0
254,2023-08-30 08:22:06.236936,can_tapper15,"rgb(77,175,74)",519.0,453.0,527.0,12.716763005780345,100.0,100.0,6.505140668950468,1500,16.375,0.0,492.0,492.0,0.734476,-18.178217821782177,132.0,2.232645,0.009146341463414634,0.013414634146341463,0.010772357723577236,8.860759493670885,0.8887597626900074,1.7600000000002751,2.27471676670449,0.6590523354709226,59.916355,119.970293,1714.327508,2159,420,589,60.0,120.0
255,2023-08-30 10:39:04.040330,can_tapper15,"rgb(152,78,163)",499.0,454.0,503.0,9.01803607214429,87.00000000000001,93.75,3.302499245554412,1500,15.991666666666669,0.0,492.0,492.0,0.9162,-29.97037037037037,8.0,2.818069,0.006910569105691057,0.009146341463414635,0.007723577235772357,7.526881720430108,0.7726048403487508,1.0200000000001594,3.2620894576029285,0.7706047287138847,59.941153,119.97204,8217.803394,2160,388,482,60.0,120.0
256,2023-08-30 13:11:07.590654,can_tapper15,"rgb(255,127,0)",488.0,453.0,488.0,7.172131147540983,60.29761904761905,60.0,3.1873888446653465e-13,237,16.925,45.5,496.0,450.5,0.81717,-44.916058394160586,65.0,2.215294,0.0057713651498335185,0.00776914539400666,0.0057713651498335185,2.1645021645021645,0.5345610966560632,0.5000000000000782,3.2620894576029285,0.8559616733867321,7.748957,119.828746,9123.550324,1533,294,435,60.0,120.0
257,2023-08-31 08:01:34.198231,can_tapper15,"rgb(255,255,51)",501.0,474.0,,5.389221556886228,91.25,,,0,14.666666666666666,13.0,260.0,247.0,0.928883,-11.551020408163266,205.0,2.025103,0.006072874493927126,0.010931174089068825,,4.526748971193416,0.5217353458740863,0.5000000000000782,3.2620894576029285,0.7206838602352442,2.845847,119.971213,67826.607577,1476,303,364,60.0,120.0
258,2023-09-01 06:00:23.778660,can_tapper15,"rgb(166,86,40)",500.0,437.0,504.0,12.6,90.0,95.0,0.18492452663285366,1500,18.225,0.0,494.0,494.0,1.035633,-27.91267605633803,10.0,2.035324,0.008097165991902834,0.012753036437246963,0.008906882591093117,13.41991341991342,2.251463105923195,1.5000000000002345,2.892719705486028,0.8405638762918064,59.984093,119.933774,79129.580429,2160,511,442,60.0,120.0
259,2023-09-01 06:36:19.798213,can_tapper15,"rgb(247,129,191)",499.0,455.0,500.0,8.817635270541082,87.00000000000001,90.0,2.1952720867872113,1500,18.14166666666667,13.0,489.0,476.0,0.973016,-41.58895705521472,13.0,2.371444,0.006932773109243697,0.009243697478991595,0.007142857142857142,3.2679738562091503,0.8845909403377253,1.0000000000001563,2.0171482422437275,0.7093477297758415,59.871002,119.815858,2156.019553,2157,389,698,60.0,120.0
260,2023-09-01 09:11:00.362684,can_tapper15,"rgb(153,153,153)",504.0,454.0,508.0,9.920634920634921,95.0,98.75,1.2559916693293176,1500,17.9,6.0,489.0,483.0,0.83949,-29.391176470588235,8.0,2.242028,0.007246376811594204,0.010351966873706006,0.007867494824016562,15.0,1.2454764435351429,1.0000000000001563,2.0171482422437275,0.7495641973447646,59.949184,119.932117,9280.564471,2159,372,538,60.0,120.0
261,2023-09-01 11:39:52.669813,can_tapper15,"rgb(228,26,28)",503.0,449.0,505.0,10.73558648111332,93.75,96.25,0.4438401972617555,1500,18.425,5.0,488.0,483.0,0.693543,-29.252396166134186,37.0,2.093021,0.008281573498964802,0.011180124223602483,0.008695652173913042,11.157894736842104,0.9911904796089903,1.0000000000001563,1.9029463547871976,0.5929380350194878,59.912148,119.99202,8932.307129,2160,349,534,60.0,120.0
262,2023-09-01 13:51:51.731634,can_tapper15,"rgb(55,126,184)",500.0,432.0,505.0,13.600000000000001,90.0,96.25,4.8566332696135275,1500,18.958333333333332,14.0,487.0,473.0,0.985265,-29.185897435897434,17.0,2.080989,0.00824524312896406,0.01437632135306554,0.00930232558139535,19.48608137044968,1.6820498391092786,1.5000000000002345,2.27471676670449,0.8356174083380665,59.979599,119.954245,7919.061821,2160,398,449,60.0,120.0
263,2023-09-01 16:03:12.693999,can_tapper15,"rgb(77,175,74)",500.0,452.0,504.0,9.6,90.0,95.0,0.7885692393637563,1500,19.866666666666667,0.0,487.0,487.0,1.06902,-35.0,5.0,2.069654,0.00862422997946612,0.009856262833675565,0.00944558521560575,11.740890688259109,1.428636607648873,1.5200000000002376,2.27471676670449,0.8417000109955535,59.982976,119.868125,7880.962365,2158,353,586,60.0,120.0
264,2023-09-01 17:02:17.577611,can_tapper15,"rgb(152,78,163)",498.5,442.0,503.0,11.334002006018054,85.4375,93.75,1.7308274359230351,1500,20.40833333333333,11.0,486.0,475.0,0.730294,-33.7027027027027,162.0,2.134375,0.010631578947368422,0.011894736842105263,0.011578947368421052,8.041237113402062,1.1195915239376408,1.0000000000001563,5.948992616750902,0.5902532660854416,59.968141,119.93714,3544.883612,2160,390,485,60.0,120.0
265,2023-09-01 17:27:21.084053,can_tapper15,"rgb(255,127,0)",504.0,450.0,509.0,10.714285714285714,95.0,100.0,2.796721242986672,1500,20.55,11.0,486.0,475.0,0.780175,-28.251633986928105,187.0,2.276777,0.008842105263157894,0.011368421052631578,0.009894736842105263,9.090909090909092,0.6857579260627099,1.0000000000001563,2.0171482422437275,0.6033088961840749,59.922488,120.000651,1503.506442,2159,523,454,60.0,120.0
266,2023-09-02 09:39:27.957302,can_tapper15,"rgb(255,255,51)",497.0,445.0,500.0,10.46277665995976,81.00000000000004,88.25000000000001,3.552552690022782,1500,18.758333333333333,13.0,490.0,477.0,0.884348,-44.355223880597016,124.0,2.296251,0.006289308176100629,0.01090146750524109,0.0067085953878406705,10.169491525423728,1.13254982513603,1.0000000000001563,2.0171482422437275,0.785845610424582,59.756324,119.933747,58326.873249,2157,417,527,60.0,120.0
267,2023-09-02 10:02:32.983908,can_tapper15,"rgb(166,86,40)",504.0,451.0,507.0,10.515873015873016,95.0,98.75,2.8570590475811795,1500,18.915,12.0,491.0,479.0,0.79424,-34.782208588957054,17.0,2.299031,0.009812108559498956,0.01106471816283925,0.010438413361169102,10.0,1.141818928537455,1.0000000000001563,2.291161156711022,0.7822302072220886,59.86506,119.970283,1385.026606,2158,432,684,60.0,120.0
268,2023-09-02 10:13:08.835271,can_tapper15,"rgb(247,129,191)",500.0,443.0,503.0,11.4,90.0,93.75,1.2328805479463738,1500,21.96,14.0,486.0,472.0,1.025124,-37.325581395348834,15.0,2.024193,0.006567796610169492,0.012076271186440678,0.007203389830508475,9.54356846473029,2.288232889565971,1.5000000000002345,2.0171482422437275,0.8270264586106619,59.973429,119.982777,635.851363,2160,456,403,60.0,120.0
269,2023-09-02 10:37:39.725734,can_tapper15,"rgb(153,153,153)",508.0,447.0,513.0,12.007874015748031,100.0,100.0,3.922783965680937,1500,19.375,7.0,490.0,483.0,1.097,-25.270422535211267,143.0,2.09958,0.009523809523809525,0.012629399585921325,0.010559006211180125,11.062906724511931,1.2729314109874807,1.5000000000002345,2.27471676670449,0.7200665629801055,59.972834,119.927351,1470.890463,2160,439,430,60.0,120.0
270,2023-09-02 11:46:22.894118,can_tapper15,"rgb(228,26,28)",497.0,430.0,503.0,13.480885311871226,81.00000000000004,93.75,2.780961235982287,1500,19.7,0.0,449.0,449.0,0.509209,-34.336,130.0,2.015331,0.0071269487750556795,0.014922048997772826,0.008017817371937639,20.342612419700213,2.1349594177513183,1.0000000000001563,1.9029463547871976,0.7609529099649482,59.940219,119.972899,4123.168384,2159,448,464,60.0,120.0
271,2023-09-02 13:49:16.613864,can_tapper15,"rgb(55,126,184)",500.0,458.0,504.0,8.4,90.0,95.0,2.9690324306802376,1500,20.575,4.0,457.0,453.0,0.992806,-33.17595307917889,6.0,2.3941,0.008609271523178808,0.009271523178807946,0.009492273730684326,6.1571125265392785,1.2834492383012739,1.0000000000001563,2.4199454189414036,0.8013248690804143,59.962219,119.871193,7373.719746,2158,374,446,60.0,120.0
272,2023-09-02 15:01:31.821705,can_tapper15,"rgb(77,175,74)",499.0,457.0,503.0,8.41683366733467,87.00000000000001,93.75,1.3591117151604353,1500,21.44166666666667,0.0,485.0,485.0,0.763521,-34.87352941176471,5.0,2.26916,0.006597938144329898,0.00865979381443299,0.007422680412371135,7.0663811563169165,0.9763143185320736,1.0000000000001563,1.9029463547871976,0.7118023361363539,59.843657,119.989427,4335.207841,2158,363,646,60.0,120.0
273,2023-09-02 16:46:16.507524,can_tapper15,"rgb(152,78,163)",492.0,441.0,493.0,10.365853658536585,68.33333333333339,70.75000000000004,0.8777159456513722,1500,22.68333333333333,0.0,486.0,486.0,0.78255,-43.67584097859327,38.0,2.289302,0.008436213991769548,0.010493827160493827,0.008641975308641976,12.050739957716702,0.39057091373074565,0.5000000000000782,1.9029463547871976,0.7207568305226631,59.911919,119.971301,6284.685819,2160,454,612,60.0,120.0
274,2023-09-02 18:25:04.997233,can_tapper15,"rgb(255,127,0)",500.0,446.0,503.0,10.8,88.25000000000001,93.75,0.2760801227020405,1500,25.6,0.0,487.0,487.0,1.010868,-37.130718954248366,5.0,2.013979,0.009856262833675565,0.01108829568788501,0.010472279260780287,9.917355371900827,1.6698692172417033,1.5200000000002376,2.1769592692544926,0.7635812758614577,59.820527,119.835064,5928.489709,2157,333,465,60.0,120.0
275,2023-09-02 18:55:55.178531,can_tapper15,"rgb(255,255,51)",505.0,477.0,507.0,5.544554455445545,96.25,98.75,3.460349427940529e-12,29,23.258333333333333,0.0,358.0,358.0,1.011219,-26.956953642384107,7.0,2.606869,0.0025139664804469273,0.007821229050279328,0.0030726256983240226,1.6129032258064515,0.5122600960188121,0.5000000000000782,3.2620894576029285,0.7606328276354039,3.604576,119.989352,1850.181298,1485,315,567,60.0,120.0
276,2023-09-02 20:17:12.129197,can_tapper15,"rgb(166,86,40)",505.0,460.0,508.0,8.91089108910891,96.25,100.0,1.9580008702219474,1500,26.45,0.0,467.0,467.0,1.106667,-32.4922600619195,10.0,2.009564,0.008779443254817988,0.009635974304068524,0.009421841541755889,5.882352941176471,1.2390190209558676,1.0000000000001563,2.27471676670449,0.7480974835670321,59.970308,119.991241,4876.950666,2160,359,372,60.0,120.0
277,2023-09-02 22:00:49.726516,can_tapper15,"rgb(247,129,191)",504.0,456.0,508.0,9.523809523809524,95.0,100.0,0.624586944260322,1500,23.308333333333334,0.0,490.0,490.0,0.813968,-33.690265486725664,3.0,2.409022,0.009183673469387754,0.009795918367346938,0.01,14.166666666666666,0.45465801655926785,1.0200000000001594,2.27471676670449,0.8127874601972831,59.98018,119.951091,6217.597319,2160,354,523,60.0,120.0
278,2023-09-03 05:06:58.154277,can_tapper15,"rgb(153,153,153)",501.0,452.0,504.0,9.780439121756487,91.25,95.0,0.7802581245589703,1500,20.39166666666667,0.0,492.0,492.0,0.584204,-27.89864864864865,138.0,2.088322,0.009959349593495936,0.009959349593495936,0.01056910569105691,0.8849557522123894,0.22634151331007465,1.5000000000002345,3.2620894576029285,0.8531520726572656,59.895421,119.999206,25568.427761,2160,395,663,60.0,120.0
279,2023-09-03 07:17:47.572773,can_tapper15,"rgb(228,26,28)",500.0,426.0,503.0,14.799999999999999,90.0,93.75,0.2240978773766298,1500,21.766666666666666,0.0,461.0,461.0,0.480026,-33.372972972972974,7.0,2.079128,0.00911062906724512,0.016052060737527116,0.009761388286334056,21.21212121212121,2.3060666663872813,1.0000000000001563,1.9029463547871976,0.8125106748053933,59.983243,119.940326,7849.418496,2160,400,489,60.0,120.0
280,2023-09-03 09:38:22.914016,can_tapper15,"rgb(55,126,184)",489.0,443.0,492.0,9.406952965235174,62.08333333333334,68.6666666666667,0.44630242057847574,1500,19.11,30.0,489.0,459.0,0.565407,-86.24164524421595,43.0,2.064947,0.004139433551198257,0.010021786492374727,0.004793028322440087,6.553911205073995,0.6592885363401371,1.0000000000001563,3.077404581544478,0.9055999138525966,59.815925,119.839557,8435.341243,2157,491,641,60.0,120.0
281,2023-09-03 11:40:19.157972,can_tapper15,"rgb(77,175,74)",504.0,454.0,508.0,9.920634920634921,95.0,98.75,1.5942229307653715,1500,20.975,3.0,487.0,484.0,0.899884,-40.828402366863905,5.0,2.40142,0.009917355371900827,0.010330578512396695,0.01074380165289256,8.779443254817988,1.0929973384566876,1.0000000000001563,2.145932504474109,0.8117143835252721,59.939884,119.947142,7316.243956,2159,382,408,60.0,120.0
282,2023-09-03 12:56:17.389696,can_tapper15,"rgb(152,78,163)",503.0,447.0,505.0,11.133200795228628,93.75,96.25,0.03992001774189657,1500,22.625,3.5,489.0,485.5,0.681383,-40.97435897435897,96.0,2.185231,0.0032955715756951597,0.011534500514933058,0.0037075180226570545,3.490759753593429,1.1237153359197924,1.5000000000002345,1.7887444673306678,0.7218172632443511,59.975573,119.929145,4558.231724,2160,376,630,60.0,120.0
283,2023-09-03 14:40:36.375528,can_tapper15,"rgb(255,127,0)",503.0,456.0,504.0,9.343936381709742,93.75,95.0,1.5277784567897386,1500,24.733333333333334,3.0,486.0,483.0,0.89572,-43.14545454545455,4.0,2.990726,0.007453416149068323,0.009730848861283645,0.0076604554865424435,4.602510460251046,0.82158212936261,1.0000000000001563,2.0171482422437275,0.723787648392788,59.999949,119.943875,6258.985832,2160,351,559,60.0,120.0
284,2023-09-03 16:10:39.192554,can_tapper15,"rgb(255,255,51)",504.0,445.0,507.0,11.706349206349206,95.0,98.75,2.8545879353715877,1500,26.156666666666666,1.5,485.0,483.5,0.888942,-39.664739884393065,3.0,2.389325,0.009720785935884177,0.012202688728024817,0.010341261633919338,12.153518123667377,0.7436933497174041,1.0000000000001563,2.9136317643906224,0.782272391899805,59.820602,119.866528,5402.817026,2157,412,450,60.0,120.0
285,2023-09-03 18:53:19.953821,can_tapper15,"rgb(166,86,40)",503.0,448.0,504.0,10.934393638170974,93.75,95.0,1.2444449975307885,1500,26.48333333333333,1.5,486.0,484.5,0.723702,-48.012012012012015,22.0,2.224945,0.0051599587203302365,0.011351909184726523,0.005366357069143447,6.444906444906445,0.6554603278574394,1.260000000000197,2.565174071178317,0.7579813902281796,59.926363,119.963025,9760.761267,2160,361,573,60.0,120.0
286,2023-09-03 20:54:59.343261,can_tapper15,"rgb(247,129,191)",501.0,457.0,504.0,8.78243512974052,91.25,95.0,2.9232752156300525e-13,1500,25.825,0.0,487.0,487.0,0.992547,-47.034267912772584,5.0,2.093394,0.006160164271047227,0.009034907597535934,0.00677618069815195,4.883227176220807,0.8270235073193332,1.0000000000001563,2.565174071178317,0.79008339700116,59.939191,119.943457,7299.38944,2158,333,514,60.0,120.0
287,2023-09-04 06:41:38.794130,can_tapper15,"rgb(153,153,153)",499.0,461.0,501.0,7.615230460921844,87.00000000000001,91.25,24.416725384850967,284,17.05,0.0,495.0,495.0,0.609576,-24.34069400630915,11.0,2.110472,0.0032323232323232323,0.007676767676767676,0.0036363636363636364,4.842105263157895,0.5187473861873109,0.5000000000000782,4.413195167492838,0.7714645505026688,8.704563,119.88276,35199.450869,1545,332,352,60.0,120.0
288,2023-09-04 09:49:36.415230,can_tapper15,"rgb(228,26,28)",504.0,461.0,507.0,8.531746031746032,95.0,98.75,4.998722221653119,1500,18.875,7.0,491.0,484.0,0.991024,-28.823353293413174,10.0,2.080192,0.004752066115702479,0.00888429752066116,0.005371900826446281,2.7027027027027026,0.6250442383637932,1.0000000000001563,2.0171482422437275,0.7316973994366278,59.920676,119.998146,11277.6211,2160,427,672,60.0,120.0
289,2023-09-04 14:37:26.633543,can_tapper15,"rgb(55,126,184)",500.0,449.0,501.0,10.2,90.0,91.25,0.44535130904504,1500,23.85,6.0,487.0,481.0,0.55329,-46.870588235294115,15.0,2.048972,0.007276507276507277,0.010602910602910603,0.007484407484407484,12.295081967213115,1.2704348177874283,1.260000000000197,3.2620894576029285,0.8001448450306223,59.991934,119.980987,17270.218313,2159,491,754,60.0,120.0
290,2023-09-04 16:35:34.721522,can_tapper15,"rgb(77,175,74)",499.0,446.0,503.0,10.62124248496994,87.00000000000001,93.75,1.1280005013332268,1500,24.7,1.0,489.0,488.0,0.598491,-41.37837837837838,10.0,2.091291,0.00778688524590164,0.010860655737704918,0.008401639344262295,9.090909090909092,1.1406963343579481,1.5000000000002345,25.160402341872658,0.25493606834625226,59.962947,119.899505,7088.087979,2158,99,304,60.0,120.0
291,2023-09-05 11:13:48.935883,can_tapper15,"rgb(152,78,163)",500.0,441.0,500.0,11.799999999999999,90.0,90.0,2.4732366547713456,1500,,5.5,490.0,484.5,1.185169,-48.47008547008547,134.0,2.192095,0.00804953560371517,0.01217750257997936,0.00804953560371517,6.25,0.9338797278550475,1.5000000000002345,3.470356641605033,0.8754639228725749,59.9939,119.992552,67094.214361,2160,451,601,60.0,120.0
292,2023-09-05 11:42:33.159177,can_tapper15,"rgb(255,127,0)",504.0,446.0,505.0,11.507936507936508,95.0,96.25,3.3861526160670223,1500,22.40833333333333,13.0,488.0,475.0,0.818975,-36.94982078853047,27.0,2.916694,0.009684210526315788,0.012210526315789474,0.009894736842105263,13.692946058091286,0.5290323862966546,1.0000000000001563,1.7887444673306678,0.16653544943631926,59.909353,119.986066,1724.223294,2160,454,550,60.0,120.0
293,2023-09-05 12:30:57.468819,can_tapper15,"rgb(255,255,51)",500.0,442.0,500.0,11.600000000000001,90.0,90.0,4.44543308685848,1500,22.7,5.0,489.0,484.0,0.819692,-47.65030674846626,7.0,2.318305,0.009710743801652892,0.011983471074380166,0.009710743801652892,11.397849462365592,0.7554548476365399,1.0000000000001563,2.0171482422437275,0.7623817497615235,59.934752,119.972912,2904.309642,2160,440,502,60.0,120.0
294,2023-09-05 13:57:25.680960,can_tapper15,"rgb(166,86,40)",500.0,454.0,504.0,9.2,90.0,95.0,3.3024636899829076,1500,24.29,3.0,488.0,485.0,0.79275,-41.19875776397515,122.0,2.196039,0.007216494845360825,0.009484536082474227,0.008041237113402062,8.387096774193548,0.6925068312012069,1.260000000000197,2.0171482422437275,0.797179056363964,59.801361,119.837929,5188.212141,2157,350,493,60.0,120.0
295,2023-09-05 14:41:16.245980,can_tapper15,"rgb(247,129,191)",509.0,453.0,515.0,11.00196463654224,100.0,100.0,7.302785467903456,1500,25.775,0.0,421.0,421.0,0.990482,-30.323442136498517,2.0,2.394901,0.00997624703087886,0.01330166270783848,0.01140142517814727,11.864406779661017,1.3371034746810293,1.260000000000197,2.27471676670449,0.7988372507096737,59.853244,119.770468,2630.56502,2157,381,512,60.0,120.0
296,2023-09-05 15:07:52.491379,can_tapper15,"rgb(153,153,153)",507.0,441.0,512.0,13.017751479289942,98.75,100.0,3.6756816336359037,1500,26.145238095238096,13.0,484.0,471.0,0.81007,-30.38840579710145,146.0,2.217328,0.011464968152866243,0.014012738853503185,0.012526539278131636,14.345114345114345,0.7071427981152065,1.5000000000002345,2.27471676670449,0.7967638383229689,59.793396,119.864774,1596.245399,2157,425,537,60.0,120.0
297,2023-09-06 05:34:53.427206,can_tapper15,"rgb(228,26,28)",503.0,448.0,504.0,10.934393638170974,93.75,95.0,1.176249411665467,1500,27.133333333333333,6.0,490.0,484.0,0.663243,-36.38304093567251,118.0,2.071321,0.010537190082644627,0.011363636363636362,0.010743801652892562,16.210526315789473,0.9682564994601304,1.5000000000002345,3.2620894576029285,0.7314946330645131,59.825799,119.858125,52020.935827,2157,468,662,60.0,120.0
298,2023-09-06 07:52:21.624517,can_tapper15,"rgb(55,126,184)",503.0,461.0,504.0,8.34990059642147,93.75,95.0,1.9245697442527048,1500,22.525,3.5,487.0,483.5,0.973607,-37.07267441860465,4.0,2.375332,0.008479834539813859,0.008686659772492245,0.008686659772492245,4.526748971193416,0.7353040265507624,1.5000000000002345,2.0171482422437275,0.8335244659522137,59.775095,119.880881,8248.197311,2157,392,484,60.0,120.0
299,2023-09-06 09:38:11.198351,can_tapper15,"rgb(77,175,74)",500.0,442.0,504.0,11.600000000000001,90.0,95.0,1.5166584518474755,1500,22.125,0.0,488.0,488.0,0.790171,-33.98809523809524,32.0,2.290711,0.00942622950819672,0.011885245901639346,0.010245901639344263,10.13215859030837,0.8771934731980826,1.0000000000001563,2.27471676670449,0.8388357082612332,59.961798,119.976626,6349.573834,2160,364,646,60.0,120.0
300,2023-09-06 11:55:29.560069,can_tapper15,"rgb(152,78,163)",500.0,448.0,504.0,10.4,90.0,95.0,1.1864449717529106,1500,22.955000000000002,2.5,489.0,486.5,0.789917,-36.700934579439256,3.0,2.381179,0.006988694758478933,0.010688591983556012,0.0078108941418293925,7.377049180327869,0.8616038866820335,1.0000000000001563,2.4199454189414036,0.7958011602449053,59.969349,119.838717,8238.361718,2158,392,615,60.0,120.0
301,2023-09-06 14:24:02.027782,can_tapper15,"rgb(255,127,0)",496.0,458.0,497.0,7.661290322580645,78.00000000000004,81.00000000000004,4.662899850176941,1500,23.95,13.5,466.0,452.5,0.787897,-70.85502958579882,13.0,2.285099,0.0066298342541436465,0.008397790055248619,0.006850828729281768,7.172995780590718,0.5071760428335617,0.5000000000000782,3.077404581544478,0.6952215615316513,59.952083,119.934302,8912.467713,2160,451,510,60.0,120.0
302,2023-09-06 15:17:45.753648,can_tapper15,"rgb(255,255,51)",503.0,472.0,503.0,6.163021868787276,93.75,93.75,3.602890490172834,1500,26.375,9.0,340.0,331.0,0.992236,-62.638728323699425,5.0,2.48885,0.008157099697885197,0.009365558912386707,0.008157099697885197,4.294478527607362,0.8850377455788969,1.0000000000001563,2.4199454189414036,0.6730007537518392,59.800344,119.832999,3223.725866,2157,458,550,60.0,120.0
303,2023-09-06 16:22:47.951508,can_tapper15,"rgb(166,86,40)",500.0,464.0,500.0,7.199999999999999,90.0,90.0,4.156167692041187e-14,1500,26.975,9.0,487.0,478.0,0.672773,-74.09246575342466,3.0,2.07405,0.005439330543933054,0.007531380753138075,0.005439330543933054,7.8838174273858925,0.8049016285892361,0.5000000000000782,2.892719705486028,0.7617236420803896,59.914603,119.998503,3902.19786,2160,398,482,60.0,120.0
304,2023-09-06 18:23:38.017720,can_tapper15,"rgb(247,129,191)",495.0,468.0,496.0,5.454545454545454,75.58333333333339,78.00000000000004,0.7393069952477664,1500,27.791666666666664,0.0,411.0,411.0,0.970663,-113.3967213114754,18.0,2.475531,0.00656934306569343,0.00656934306569343,0.006812652068126521,2.5210084033613445,0.47041253955446194,0.5000000000000782,4.148345232772487,0.6572034646768194,59.997643,119.87149,7250.066212,2158,433,606,60.0,120.0
305,2023-09-06 18:47:56.305674,can_tapper15,"rgb(153,153,153)",496.0,466.0,496.0,6.048387096774194,78.58333333333337,78.00000000000004,0.7280181013410728,1500,28.375,0.0,414.0,414.0,0.892443,-124.62622950819672,29.0,2.796366,0.006521739130434782,0.007246376811594202,0.006521739130434782,3.885480572597137,0.6131974111339458,0.5000000000000782,19.78511397269046,0.9058998435304253,59.850459,119.820077,1458.287954,2157,419,455,60.0,120.0
306,2023-09-07 05:31:07.899080,can_tapper15,"rgb(228,26,28)",501.0,453.0,504.0,9.580838323353294,91.25,95.0,0.9866226607214177,1500,24.655,0.0,487.0,487.0,0.870178,-61.2,12.0,2.369832,0.009856262833675565,0.009856262833675565,0.010472279260780287,1.5452538631346577,0.3999348209322929,1.0000000000001563,3.077404581544478,0.8753883318243111,59.89999,119.981423,38591.593406,2158,422,567,60.0,120.0
307,2023-09-07 07:17:55.080778,can_tapper15,"rgb(55,126,184)",507.0,452.0,508.0,10.848126232741617,98.75,100.0,0.14559117581834013,1500,26.860000000000003,0.0,491.0,491.0,0.640657,-39.3800539083558,27.0,2.048226,0.008146639511201629,0.01120162932790224,0.008350305498981669,16.075156576200417,1.3837723527812553,1.5000000000002345,2.4199454189414036,0.7419145307186648,59.979048,119.999451,6407.181698,2160,396,398,60.0,120.0
308,2023-09-07 10:00:06.082114,can_tapper15,"rgb(77,175,74)",492.0,460.0,492.0,6.504065040650407,68.6666666666667,68.33333333333339,0.8169248075219493,1500,23.066666666666666,0.0,300.0,300.0,0.974258,-149.03134796238245,18.0,2.479331,0.008666666666666666,0.010666666666666666,0.008666666666666666,6.526315789473684,0.7224445621815169,1.0000000000001563,5.948992616750902,0.9667233240263063,59.976831,119.963451,9731.001336,2160,421,476,60.0,120.0
309,2023-09-07 11:10:42.444457,can_tapper15,"rgb(152,78,163)",499.0,465.0,500.0,6.813627254509018,87.00000000000001,88.25000000000001,3.1758769670556712,1500,24.525,0.0,489.0,489.0,0.695924,-110.1466275659824,68.0,2.694818,0.005316973415132925,0.006952965235173824,0.005521472392638037,5.708245243128964,0.7785076686259813,0.5000000000000782,3.470356641605033,0.5829710586526891,60.000046,119.963723,4236.362343,2159,456,530,60.0,120.0
310,2023-09-07 13:35:41.903397,can_tapper15,"rgb(255,127,0)",488.0,450.0,489.0,7.786885245901639,60.0,62.08333333333334,0.26311122804934123,1500,25.266666666666666,16.0,367.0,351.0,0.990848,-167.40672782874617,17.0,2.486619,0.007407407407407406,0.010826210826210826,0.007692307692307691,9.401709401709402,1.147136026256113,1.0000000000001563,4.976713576127057,0.9540172378673143,59.912956,119.928749,8699.45894,2158,449,407,60.0,120.0
311,2023-09-07 22:09:09.916220,can_tapper15,"rgb(255,255,51)",504.0,468.0,505.0,7.142857142857142,95.0,96.25,3.1597791821231422,1500,27.858333333333338,0.0,487.0,487.0,1.013703,-67.81524926686217,8.0,2.009381,0.00595482546201232,0.007392197125256674,0.006160164271047228,5.2631578947368425,0.9430181033903522,0.5000000000000782,4.67804510221319,0.8171833222321024,59.804065,119.870486,30808.012823,2157,410,474,60.0,120.0
312,2023-09-07 22:20:56.195618,can_tapper15,"rgb(166,86,40)",499.0,455.0,500.0,8.817635270541082,87.00000000000001,90.0,0.4391557507359717,1500,27.830000000000002,27.0,489.0,462.0,0.590121,-79.34733893557423,33.0,2.085472,0.004761904761904762,0.009523809523809525,0.004978354978354979,8.15450643776824,0.9359824995279604,0.5000000000000782,3.678623825607137,0.6260560545492035,59.866619,119.86452,706.279398,2157,460,489,60.0,120.0
313,2023-09-07 22:56:10.846530,can_tapper15,"rgb(247,129,191)",512.0,469.0,516.0,8.3984375,100.0,100.0,5.017673341187646,1500,27.57,0.0,485.0,485.0,0.791363,-27.576811594202898,8.0,2.284635,0.006804123711340208,0.0088659793814433,0.007422680412371133,7.5,0.9556313453273892,1.0000000000001563,1.801675664776153,0.33366761711807913,59.952465,119.933029,2114.650912,2159,395,378,60.0,120.0
314,2023-09-07 23:44:42.603274,can_tapper15,"rgb(153,153,153)",505.0,466.0,508.0,7.7227722772277225,96.25,100.0,0.5064802251016157,1500,26.939999999999998,6.0,489.0,483.0,0.993666,-49.69387755102041,10.0,2.095055,0.008074534161490683,0.008074534161490683,0.008695652173913044,1.6260162601626016,0.5390599843145059,1.0000000000001563,2.0171482422437275,0.7840917239505437,59.953894,119.993394,2911.756744,2159,365,549,60.0,120.0
315,2023-09-08 20:17:04.887881,can_tapper15,"rgb(228,26,28)",500.0,452.0,503.0,9.6,90.0,93.75,0.32792903463564177,1500,21.466666666666665,4.0,401.0,397.0,0.999485,-77.60233918128655,6.0,2.002177,0.0078085642317380355,0.012090680100755667,0.008564231738035263,13.080168776371307,1.0715771688201305,1.0000000000001563,2.892719705486028,0.7142986789766018,59.949287,119.953976,73942.284607,2160,405,456,60.0,120.0
316,2023-09-08 21:42:03.973142,can_tapper15,"rgb(55,126,184)",504.0,464.0,505.0,7.936507936507936,95.0,96.25,4.10562849138931,1500,23.48,0.0,489.0,489.0,1.018778,-50.51176470588236,7.0,2.02506,0.0081799591002045,0.0081799591002045,0.008384458077709612,1.2048192771084338,0.44136213465271423,1.0000000000001563,2.27471676670449,0.6629993374933614,59.955425,119.947732,5099.085261,2160,395,512,60.0,120.0
317,2023-09-09 12:49:03.564587,can_tapper15,"rgb(77,175,74)",496.0,453.0,495.0,8.669354838709678,78.58333333333337,75.58333333333339,3.3382237058764335,1500,21.53,0.0,489.0,489.0,0.991802,-70.52215189873418,486.0,2.993778,0.007975460122699387,0.008793456032719835,0.007770961145194275,4.925053533190578,0.8164308966935596,1.0200000000001594,2.565174071178317,0.21083763343496387,59.994375,119.922403,54419.591445,2159,417,518,60.0,120.0
318,2023-09-09 12:50:05.220015,can_tapper15,"rgb(152,78,163)",515.0,464.0,533.0,9.902912621359224,100.0,100.0,68.62100827599298,1500,21.43333333333333,3.5,486.0,482.5,0.982103,-64.51818181818182,488.0,2.481437,0.008082901554404144,0.010569948186528498,0.011813471502590673,5.042016806722689,0.7229233200950193,1.0000000000001563,1.7887444673306678,0.14881959475649564,59.855956,119.820399,61.655428,2157,490,577,60.0,120.0
319,2023-09-09 12:51:41.998755,can_tapper15,"rgb(255,127,0)",519.0,455.0,532.0,12.33140655105973,100.0,100.0,69.7179065412806,1500,21.525,0.0,488.0,488.0,0.87496,7.638743455497382,488.0,2.87496,0.010450819672131148,0.013114754098360656,0.013114754098360656,10.256410256410257,1.1245850286895844,1.0000000000001563,40.68887031186959,0.48158170370847964,59.813377,119.84831,96.77874,2157,362,465,60.0,120.0
320,2023-09-10 06:46:35.041513,can_tapper15,"rgb(255,255,51)",504.0,446.0,507.0,11.507936507936508,95.0,98.75,1.0927204856527812,1500,20.78333333333333,7.0,489.0,482.0,0.681202,-31.038888888888888,15.0,2.189299,0.008298755186721992,0.012033195020746889,0.00892116182572614,8.620689655172415,0.770290548028469,1.0000000000001563,3.2620894576029285,0.7575029543267418,59.916848,119.978198,64493.042758,2160,454,586,60.0,120.0
321,2023-09-10 08:49:38.075083,can_tapper15,"rgb(166,86,40)",503.0,459.0,505.0,8.747514910536779,93.75,96.25,0.39200017422188405,1500,19.1,4.5,491.0,486.5,0.790737,-34.894366197183096,20.0,2.292458,0.006988694758478932,0.009044193216855088,0.0073997944501541625,7.462686567164179,1.023895079290455,1.0200000000001594,2.0171482422437275,0.5976798430207753,59.915618,119.995012,7383.03357,2159,302,471,60.0,120.0
322,2023-09-10 14:44:14.729215,can_tapper15,"rgb(247,129,191)",497.0,448.0,500.0,9.859154929577464,81.00000000000004,90.0,1.4044806242132737,1500,22.0125,4.0,487.0,483.0,0.679352,-61.22784810126582,7.0,2.086671,0.007246376811594204,0.010144927536231885,0.007867494824016562,6.557377049180328,1.0448510579309764,1.0000000000001563,2.892719705486028,0.7272545671463568,59.961305,119.931387,21276.654132,2160,373,492,60.0,120.0
323,2023-09-10 17:08:33.210300,can_tapper15,"rgb(153,153,153)",504.0,462.0,508.0,8.333333333333332,95.0,98.75,0.25012455561067676,1500,24.4,0.0,485.0,485.0,0.990645,-43.65972222222222,3.0,2.390857,0.006185567010309279,0.008659793814432989,0.006597938144329898,10.0,1.0261067817991258,1.0000000000001563,3.9830704294973147,0.6963278217885711,59.906673,119.938628,8658.481085,2158,308,443,60.0,120.0
324,2023-09-11 05:03:17.672242,can_tapper15,"rgb(228,26,28)",504.0,442.0,507.0,12.3015873015873,95.0,98.75,0.145591175818139,1500,24.0875,10.0,489.0,479.0,0.602925,-35.92492492492492,21.0,2.095751,0.010647181628392482,0.012943632567849686,0.01127348643006263,13.513513513513514,0.754123878618363,1.5000000000002345,2.892719705486028,0.5925160007733192,59.901425,119.993191,42884.461942,2160,450,599,60.0,120.0
325,2023-09-11 08:33:30.800912,can_tapper15,"rgb(55,126,184)",492.0,454.0,493.0,7.723577235772358,68.33333333333339,70.75000000000004,0.012666672296493575,1500,24.066666666666666,26.0,491.0,465.0,0.868758,-129.15757575757576,38.0,2.368481,0.008172043010752687,0.008172043010752687,0.008387096774193548,2.074688796680498,0.5881537705888247,0.5000000000000782,4.67804510221319,0.9471854040145686,59.825773,119.818118,12613.12867,2157,437,547,60.0,120.0
326,2023-09-11 10:12:58.532166,can_tapper15,"rgb(77,175,74)",505.0,459.0,508.0,9.108910891089108,96.25,100.0,0.013324450366418331,1500,22.566666666666666,3.0,489.0,486.0,0.623579,-51.44213649851632,128.0,2.115811,0.004526748971193416,0.009465020576131689,0.005144032921810699,3.1847133757961785,0.4144516401033894,1.0000000000001563,2.9136317643906224,0.7372540309275748,59.950987,119.94473,5967.731254,2160,360,478,60.0,120.0
327,2023-09-11 13:16:16.620926,can_tapper15,"rgb(152,78,163)",488.0,453.0,489.0,7.172131147540983,60.0,62.08333333333334,0.22409787737673478,1500,24.575,24.5,488.0,463.5,0.782402,-166.79268292682926,29.0,3.380501,0.005825242718446602,0.0075512405609493,0.005825242718446602,6.4935064935064934,0.7694054672273346,0.5000000000000782,4.67804510221319,0.9295095913685069,59.981077,119.891391,10998.08876,2159,430,554,60.0,120.0
328,2023-09-11 15:45:59.580450,can_tapper15,"rgb(255,127,0)",508.0,465.0,509.0,8.46456692913386,98.75,100.0,0.36636460727282816,1500,28.03333333333334,2.0,484.0,482.0,0.806315,-54.98203592814371,4.0,2.406263,0.008506224066390042,0.008921161825726142,0.008713692946058092,12.757201646090534,0.9683512397239691,1.0000000000001563,2.27471676670449,0.4605131775457033,59.962495,119.93704,8982.959524,2160,365,465,60.0,120.0
329,2023-09-11 17:18:04.360672,can_tapper15,"rgb(255,255,51)",507.0,471.0,508.0,7.100591715976331,98.75,100.0,0.17183118748060944,1500,28.083333333333332,2.0,470.0,468.0,1.01875,-47.02824858757062,9.0,2.016976,0.006623931623931624,0.007692307692307693,0.0068376068376068385,4.821802935010482,1.1060155093425472,1.0000000000001563,2.892719705486028,0.7169703404291131,59.934398,119.925672,5524.780222,2159,417,794,60.0,120.0
330,2023-09-11 18:26:21.745028,can_tapper15,"rgb(166,86,40)",505.0,471.0,508.0,6.732673267326733,96.25,100.0,0.23712010538682987,1500,28.2,0.0,440.0,440.0,1.007577,-42.884375,2.0,2.00323,0.007272727272727273,0.007727272727272727,0.007954545454545454,4.384133611691023,1.0660266306804749,1.0000000000001563,2.565174071178317,0.6637647616571156,59.797518,119.871228,4097.384356,2157,379,449,60.0,120.0
331,2023-09-11 18:35:12.001798,can_tapper15,"rgb(247,129,191)",507.0,451.0,508.0,11.045364891518737,98.75,100.0,0.17183118748060944,1500,28.3,0.0,485.0,485.0,0.976456,-45.976401179941,4.0,2.076361,0.0053608247422680414,0.011546391752577318,0.005567010309278351,13.987473903966597,1.2634021666244513,1.0000000000001563,2.145932504474109,0.7272734919424816,59.945676,119.962327,530.25677,2160,408,582,60.0,120.0
332,2023-09-12 09:16:53.534222,can_tapper15,"rgb(153,153,153)",501.0,452.0,505.0,9.780439121756487,91.25,96.25,0.12397338843229692,1500,23.35,6.0,487.0,481.0,0.599048,-53.70926517571885,6.0,3.183667,0.004365904365904366,0.010187110187110188,0.005197505197505197,7.6923076923076925,0.5259302133116828,0.5200000000000813,3.2620894576029285,0.6993008885780753,59.799943,119.87921,52901.532424,2157,339,465,60.0,120.0
333,2023-09-12 10:31:08.137718,can_tapper15,"rgb(228,26,28)",508.0,448.0,509.0,11.811023622047244,98.75,100.0,0.9152981845767842,1500,23.28,5.0,489.0,484.0,0.639606,-32.92977528089887,7.0,2.736229,0.010123966942148762,0.012396694214876033,0.010330578512396695,9.803921568627452,1.031655543204514,1.0200000000001594,2.27471676670449,0.7771968343136367,59.949713,119.921001,4454.603496,2158,427,504,60.0,120.0
334,2023-09-12 13:30:39.884648,can_tapper15,"rgb(55,126,184)",501.0,463.0,,7.584830339321358,91.25,,,0,24.875,0.0,494.0,494.0,0.617042,-37.10028653295129,74.0,2.019262,0.005870445344129555,0.007692307692307693,,7.399577167019028,0.8019124783095258,0.5000000000000782,3.678623825607137,0.7411665962249518,0.89116,119.940796,10771.74693,1452,355,518,60.0,120.0
335,2023-09-12 14:33:04.573799,can_tapper15,"rgb(77,175,74)",504.0,465.0,501.0,7.738095238095238,95.0,91.25,37.011785818423355,763,25.705000000000002,10.0,492.0,482.0,0.710101,-27.504322766570606,77.0,2.114833,0.008091286307053943,0.008091286307053943,0.007468879668049792,2.0242914979757085,0.6238460239244369,1.0000000000001563,3.2620894576029285,0.7786330355271252,18.271728,119.852458,3744.689151,1659,399,651,60.0,120.0
336,2023-09-13 07:35:26.893853,can_tapper15,"rgb(152,78,163)",500.0,467.0,500.0,6.6000000000000005,90.0,90.0,1.737727538360592e-12,26,21.425,0.0,434.0,434.0,0.821106,-41.90169491525424,15.0,2.418615,0.0027649769585253456,0.007603686635944701,0.0027649769585253456,4.878048780487805,0.568897385012961,0.26000000000004064,4.148345232772487,0.6254226299629939,3.540671,119.79346,61342.320054,1482,305,452,60.0,120.0
337,2023-09-13 09:41:31.149480,can_tapper15,"rgb(255,127,0)",505.0,462.0,508.0,8.514851485148515,96.25,100.0,0.37919127963988825,1500,22.9,4.5,488.0,483.5,0.807831,-36.088235294117645,-24.0,,0.006825232678386764,0.008893485005170631,0.007445708376421924,2.542372881355932,0.7280961141692581,1.0000000000001563,2.291161156711022,0.789968891354548,59.998696,119.89838,7564.255627,2158,330,443,60.0,120.0
338,2023-09-13 10:12:54.432248,can_tapper15,"rgb(255,255,51)",505.0,455.0,509.0,9.900990099009901,96.25,100.0,2.738596772709092,1500,22.95,6.0,489.0,483.0,0.631204,-30.785977859778598,11.0,2.13003,0.007867494824016562,0.010351966873706004,0.008695652173913044,8.779443254817988,1.169546295888799,1.0000000000001563,2.7289468883321724,0.8122241944506076,59.966195,119.974581,1883.282768,2160,355,537,60.0,120.0
339,2023-09-13 11:23:22.898091,can_tapper15,"rgb(166,86,40)",503.0,457.0,505.0,9.145129224652088,93.75,96.25,3.148241399217471,1500,20.73,12.0,488.0,476.0,0.837441,-34.785016286644954,20.0,2.334587,0.006512605042016806,0.009663865546218488,0.006932773109243697,3.896103896103896,0.6843289916921763,1.0000000000001563,2.145932504474109,0.8099710146871157,59.798839,119.888851,4228.465843,2157,438,428,60.0,120.0
340,2023-09-13 12:50:26.199560,can_tapper15,"rgb(247,129,191)",501.0,461.0,504.0,7.984031936127744,91.25,95.0,1.0372360165496652,1500,20.73333333333333,0.0,450.0,450.0,1.022281,-38.93910256410256,15.0,2.019277,0.006888888888888889,0.008888888888888889,0.007555555555555557,3.5196687370600412,0.9598938648299591,0.5000000000000782,2.565174071178317,0.6686171132457696,59.802741,119.847172,5223.301469,2157,362,401,60.0,120.0
341,2023-09-13 13:59:24.719269,can_tapper15,"rgb(153,153,153)",505.0,441.0,508.0,12.673267326732674,96.25,100.0,0.7187914305732386,1500,20.56666666666667,6.0,489.0,483.0,0.621856,-22.34980988593156,15.0,3.222881,0.007867494824016562,0.013250517598343685,0.008488612836438923,11.777301927194861,0.9910917628606305,1.0000000000001563,119.99999999999996,0.336704573595741,59.808272,119.838887,4138.519709,2157,306,421,60.0,120.0
342,2023-09-13 14:05:52.006243,can_tapper15,"rgb(228,26,28)",501.0,454.0,505.0,9.3812375249501,91.25,96.25,3.4988726661651115,1500,20.53333333333333,0.0,490.0,490.0,0.969931,-32.25818181818182,12.0,2.066309,0.00795918367346939,0.009591836734693878,0.008775510204081634,9.917355371900827,0.7347040741522752,1.0000000000001563,2.4199454189414036,0.7951783397502334,59.806413,119.851124,387.286974,2157,425,509,60.0,120.0
343,2023-09-13 14:13:53.056497,can_tapper15,"rgb(55,126,184)",503.0,450.0,505.0,10.536779324055665,93.75,96.25,4.068579586034486,1500,20.667857142857144,0.0,415.0,415.0,0.984792,-30.909395973154364,17.0,2.988569,0.00819277108433735,0.012771084337349397,0.008674698795180723,14.105263157894736,1.161727536211811,1.0000000000001563,2.27471676670449,0.7824531864021141,59.764006,119.87795,481.050254,2157,449,479,60.0,120.0
344,2023-09-13 14:28:35.898359,can_tapper15,"rgb(77,175,74)",499.0,458.0,500.0,8.216432865731463,87.00000000000001,90.0,0.1849245266328983,1500,20.825,16.0,487.0,471.0,0.976954,-43.11678832116788,133.0,2.478465,0.007855626326963907,0.00870488322717622,0.008067940552016985,3.8297872340425534,0.9822837305436296,1.0000000000001563,2.565174071178317,0.7494790503015869,59.97037,119.936085,882.841862,2160,338,385,60.0,120.0
345,2023-09-14 12:39:24.187809,can_tapper15,"rgb(152,78,163)",496.0,454.0,497.0,8.46774193548387,78.00000000000004,81.00000000000004,4.112714337782282,1446,15.1,0.0,497.0,497.0,0.622263,-19.359477124183005,33.0,2.125418,0.005633802816901409,0.008450704225352114,0.0058350100603621734,4.918032786885246,0.8263394459868686,0.7600000000001188,3.9134845291898115,0.8251757872232817,31.950329,119.888173,79848.28945,1824,341,584,60.0,120.0
346,2023-09-14 14:10:48.891291,can_tapper15,"rgb(255,127,0)",504.0,453.0,508.0,10.119047619047619,95.0,98.75,3.3055125802273886,1500,18.133333333333333,0.0,489.0,489.0,0.896099,-27.012158054711247,18.0,2.395119,0.0034764826175869117,0.010429447852760735,0.0038854805725971366,6.581740976645436,0.7153864901469289,1.0000000000001563,2.768403112153709,0.7686011871489759,59.991231,119.921286,5484.703482,2159,358,533,60.0,120.0
347,2023-09-14 16:14:37.158229,can_tapper15,"rgb(255,255,51)",504.0,451.0,508.0,10.515873015873016,95.0,100.0,2.5364544606456207,1500,17.67142857142857,0.0,490.0,490.0,0.994335,-25.607142857142858,13.0,2.39331,0.00836734693877551,0.010816326530612243,0.009183673469387754,8.074534161490684,1.5662886184175215,1.5000000000002345,2.27471676670449,0.8650153185508682,59.809813,119.849651,7428.266938,2157,366,469,60.0,120.0
348,2023-09-14 18:23:25.932111,can_tapper15,"rgb(166,86,40)",501.0,428.0,505.0,14.570858283433132,91.25,96.25,1.9526497567325982,1500,17.155,0.0,492.0,492.0,0.683723,-29.638376383763838,139.0,2.085717,0.012195121951219513,0.014837398373983741,0.013008130081300813,13.378684807256235,1.1510388278137456,1.5000000000002345,2.565174071178317,0.8148656578317668,59.816903,119.833541,7728.773882,2157,358,416,60.0,120.0
349,2023-09-14 18:45:19.098452,can_tapper15,"rgb(247,129,191)",499.0,429.0,501.0,14.02805611222445,87.00000000000001,91.25,3.2480992213777227,1500,16.925,14.0,490.0,476.0,0.692951,-34.4336917562724,86.0,2.197095,0.011764705882352943,0.014705882352941178,0.012184873949579832,12.854030501089325,1.3661539101638012,1.5200000000002376,2.27471676670449,0.6674044209537859,59.79338,119.89722,1313.166341,2157,366,604,60.0,120.0
350,2023-09-15 08:12:22.597483,can_tapper15,"rgb(153,153,153)",497.0,466.0,500.0,6.237424547283702,81.00000000000004,90.0,6.262381686109444,825,12.1,14.0,409.0,395.0,0.807681,-19.56896551724138,13.0,2.30719,0.006075949367088608,0.007848101265822785,0.006835443037974684,4.294478527607362,0.33134894441688134,0.5000000000000782,4.178334463910163,0.8211651221046546,19.517232,119.893383,48423.499031,1674,330,356,60.0,120.0
351,2023-09-15 09:36:58.301628,can_tapper15,"rgb(228,26,28)",493.0,445.0,496.0,9.73630831643002,70.75000000000004,78.00000000000004,0.05319113475161269,1500,14.26,0.0,489.0,489.0,0.617076,-36.85865724381625,39.0,2.11785,0.004498977505112474,0.009815950920245398,0.005112474437627811,3.1055900621118013,0.4515267812096183,1.0000000000001563,2.27471676670449,0.7413815219793247,59.996181,119.949495,5075.704145,2158,358,456,60.0,120.0
352,2023-09-16 06:01:30.781955,can_tapper15,"rgb(55,126,184)",496.0,457.0,497.0,7.862903225806452,78.00000000000004,81.00000000000004,4.89577995367921,1500,14.133333333333335,0.0,495.0,495.0,0.729426,-28.13249211356467,22.0,2.131029,0.00787878787878788,0.00787878787878788,0.00808080808080808,5.349794238683128,0.6642377938501031,0.5000000000000782,3.9134845291898115,0.7874114892852777,34.450664,119.929883,73472.480327,1854,372,470,60.0,120.0
353,2023-09-16 06:59:07.409907,can_tapper15,"rgb(77,175,74)",499.0,467.0,500.0,6.4128256513026045,87.00000000000001,90.0,1.962277245613992e-12,27,13.75,12.0,412.0,400.0,0.820472,-27.049180327868854,14.0,2.816442,0.0022500000000000003,0.008,0.0022500000000000003,1.8329938900203666,0.5201109639316615,0.5000000000000782,3.7052173451877075,0.768948608664034,3.554877,94.501269,3456.627952,1179,255,240,60.0,120.0
354,2023-09-16 08:10:32.423122,can_tapper15,"rgb(152,78,163)",497.0,451.0,500.0,9.25553319919517,81.00000000000004,90.0,0.44305797469220515,1500,13.281818181818181,11.5,497.0,485.5,0.783634,-26.959183673469386,12.0,2.285158,0.005561277033985582,0.009474768280123586,0.006179196704428423,9.473684210526315,1.0600477119266485,1.0000000000001563,3.5205324691292574,0.7514116378743533,59.83112,119.783393,4285.013215,2157,382,405,60.0,120.0
355,2023-09-16 08:24:56.108926,can_tapper15,"rgb(255,127,0)",500.0,455.0,504.0,9.0,90.0,95.0,0.17183118748032286,1500,15.758333333333331,0.0,495.0,495.0,0.966419,-29.914191419141915,31.0,2.064027,0.0034343434343434343,0.009090909090909092,0.004242424242424242,5.56701030927835,0.815806368477936,1.0200000000001594,2.291161156711022,0.6918447617740635,59.946478,119.960273,863.685804,2160,353,491,60.0,120.0
356,2023-09-16 08:40:06.885893,can_tapper15,"rgb(255,255,51)",512.0,481.0,516.0,6.0546875,100.0,100.0,8.904154853096783,282,15.825,0.0,364.0,364.0,0.920703,-21.19672131147541,12.0,2.013752,0.004945054945054945,0.008516483516483517,0.006043956043956044,3.585657370517928,0.4304949206859813,0.5000000000000782,3.470356641605033,0.7134713978193588,8.653844,105.426683,910.776967,1371,259,336,60.0,120.0
357,2023-09-16 08:52:12.792083,can_tapper15,"rgb(166,86,40)",508.0,470.0,511.0,7.480314960629922,100.0,100.0,14.021154274659638,534,13.466666666666665,0.0,416.0,416.0,0.824926,-19.867549668874172,16.0,2.328475,0.00625,0.009134615384615385,0.0069711538461538465,3.7974683544303796,0.5101123372538136,0.5000000000000782,3.2856717655465824,0.6918479871024408,13.702481,119.882853,725.90619,1605,336,370,60.0,120.0
358,2023-09-19 16:15:05.498125,can_tapper15,"rgb(247,129,191)",496.0,455.0,,8.266129032258064,78.00000000000004,,,0,17.845,14.0,496.0,482.0,0.623227,-29.34,97.0,2.128163,0.0035269709543568465,0.00850622406639004,,6.382978723404255,0.2875269680557092,0.7600000000001188,2.27471676670449,0.3986362918399021,2.664467,19.374576,285772.706042,267,62,62,60.0,120.0
359,2023-09-20 17:30:07.398742,can_tapper15,"rgb(153,153,153)",496.0,464.0,497.0,6.451612903225806,78.58333333333337,81.00000000000004,30.82549634273328,144,20.3,0.0,475.0,475.0,0.816247,-35.20711974110032,15.0,2.212001,0.006736842105263158,0.006736842105263158,0.006947368421052633,2.542372881355932,0.5242871349826319,0.5000000000000782,3.470356641605033,0.8543438612897563,5.903062,119.936724,90901.900617,1512,329,377,60.0,120.0
360,2023-09-21 11:08:02.280546,can_tapper15,"rgb(228,26,28)",492.0,454.0,493.0,7.723577235772358,68.33333333333339,70.75000000000004,4.969278282258427,1497,17.4,15.0,495.0,480.0,0.707556,-31.81699346405229,17.0,2.116103,0.006875000000000001,0.007916666666666667,0.007083333333333334,5.781584582441114,0.39752299831001603,0.5000000000000782,3.470356641605033,0.8585446243894259,32.963638,119.879043,63474.881804,1836,367,382,60.0,120.0
361,2023-09-21 13:25:40.258535,can_tapper15,"rgb(55,126,184)",500.0,466.0,501.0,6.800000000000001,90.0,91.25,7.807079041075604,421,14.95,0.0,483.0,483.0,0.823549,-27.222551928783382,20.0,2.227358,0.005383022774327123,0.007039337474120083,0.005590062111801242,2.109704641350211,0.4741522420621981,0.5000000000000782,3.470356641605033,0.7891485964280796,11.449585,119.870007,8257.977989,1578,367,439,60.0,120.0
362,2023-09-25 09:35:10.098869,can_tapper15,"rgb(77,175,74)",500.0,460.0,504.0,8.0,90.0,95.0,4.5177336985262245e-13,137,11.25,0.0,497.0,497.0,0.715952,-10.944954128440367,96.0,2.121798,0.008048289738430584,0.008048289738430584,0.008853118712273641,1.7391304347826086,0.4288027334106885,1.0000000000001563,3.077404581544478,0.6763241265592628,5.760475,119.840341,331769.840334,1509,344,345,60.0,120.0
363,2023-09-25 09:56:33.895847,can_tapper15,"rgb(152,78,163)",496.0,446.0,499.0,10.080645161290322,78.00000000000004,87.00000000000001,2.2528898901728036,1500,13.278571428571428,0.0,494.0,494.0,0.921357,-23.3159509202454,13.0,2.017735,0.008502024291497975,0.010121457489878543,0.009109311740890687,10.084033613445378,0.6506287188592095,1.0000000000001563,2.27471676670449,0.7854674610166236,59.801719,119.875962,1283.796978,2157,372,383,60.0,120.0
364,2023-09-26 08:16:52.092360,can_tapper15,"rgb(255,127,0)",499.0,459.0,504.0,8.016032064128256,87.00000000000001,95.0,7.37211474289098,1467,15.225,15.0,465.0,450.0,0.824225,-15.423197492163009,22.0,2.821877,0.007333333333333333,0.008888888888888889,0.008444444444444445,7.172995780590718,0.5034348863106548,0.5000000000000782,3.2620894576029285,0.778043446549864,32.363609,119.961077,80418.196513,1830,380,446,60.0,120.0
365,2023-09-26 10:16:32.471516,can_tapper15,"rgb(255,255,51)",497.0,440.0,501.0,11.468812877263582,81.00000000000004,91.25,5.2252378778825115,1500,15.155000000000001,8.0,491.0,483.0,0.732531,-25.0,11.0,2.728275,0.009316770186335404,0.011801242236024845,0.010144927536231885,12.605042016806722,0.7105904192815733,1.0000000000001563,2.145932504474109,0.7605712075927131,59.809251,119.880568,7180.379156,2157,343,750,60.0,120.0
366,2023-09-26 10:38:53.964202,can_tapper15,"rgb(166,86,40)",496.0,446.0,500.0,10.080645161290322,78.00000000000004,90.0,3.8558950470638482,1500,15.65,0.0,490.0,490.0,0.853401,-27.13240418118467,8.0,2.76396,0.008979591836734694,0.01020408163265306,0.00979591836734694,9.322033898305085,1.1775296278956342,1.0000000000001563,2.145932504474109,0.7262518874643584,59.809167,119.845576,1341.492686,2157,319,399,60.0,120.0
367,2023-09-26 10:51:28.921432,can_tapper15,"rgb(247,129,191)",508.0,446.0,513.0,12.204724409448819,98.75,100.0,5.00482000214137,1500,15.9,7.0,489.0,482.0,0.731696,-22.05439330543933,15.0,2.228324,0.01037344398340249,0.012863070539419087,0.011410788381742738,10.043668122270743,0.4412148708648995,1.0000000000001563,119.99999999999996,0.30460476097288247,59.96673,119.924375,754.95723,2160,299,551,60.0,120.0
368,2023-09-29 09:52:33.375568,can_tapper15,"rgb(153,153,153)",481.0,426.0,485.0,11.434511434511435,47.90178571428569,54.642857142857125,0.2630667835854012,1500,16.725,0.0,493.0,493.0,0.684766,-122.85865724381625,142.0,2.090823,0.00872210953346856,0.011156186612576065,0.009330628803245436,11.161731207289295,1.2256222592317971,1.260000000000197,3.678623825607137,0.8643666305340304,59.901322,119.972673,255664.454136,2158,372,405,60.0,120.0
369,2023-09-29 11:20:02.481039,can_tapper15,"rgb(228,26,28)",485.0,429.0,488.0,11.54639175257732,54.642857142857125,60.0,4.04617068718611,1500,17.15,0.0,493.0,493.0,0.666893,-95.8,140.0,2.170026,0.01075050709939148,0.011359026369168357,0.011359026369168357,17.54385964912281,0.6140018386151929,1.5000000000002345,3.678623825607137,0.8732321134661694,59.847048,46.28232,5249.105471,1275,171,235,60.0,120.0
370,2023-10-02 10:21:00.877963,can_tapper15,"rgb(55,126,184)",480.0,421.0,483.0,12.291666666666666,46.24999999999997,51.20535714285712,1.572222920987608,1500,16.1,11.0,495.0,484.0,0.695623,-75.221875,82.0,2.19905,0.00950413223140496,0.0121900826446281,0.009917355371900825,11.264367816091953,1.617646728472342,1.5000000000002345,3.2620894576029285,0.8367510561486815,59.996549,119.898217,255658.396924,2159,368,422,60.0,120.0
371,2023-10-12 11:25:02.057877,can_tapper15,"rgb(77,175,74)",496.0,463.0,500.0,6.653225806451612,78.00000000000004,90.0,8.96086099648827,1249,15.675,14.0,497.0,483.0,0.716303,-17.014836795252226,35.0,2.215834,0.0068322981366459624,0.0068322981366459624,0.0076604554865424435,2.479338842975207,0.5171929721891637,0.5000000000000782,3.2620894576029285,0.8071442440156794,27.999036,119.85448,867841.179914,1776,402,308,60.0,120.0
372,2023-10-12 13:57:53.167672,can_tapper15,"rgb(152,78,163)",481.0,451.0,499.0,6.237006237006238,47.90178571428569,87.00000000000001,5.133425407794764,1355,14.25,144.0,495.0,351.0,0.727798,-24.19047619047619,85.0,2.223878,0.004273504273504274,0.008547008547008548,0.009401709401709401,3.7974683544303796,0.45643993699837676,0.26000000000004064,3.678623825607137,0.8509900096091916,30.107002,119.998398,9171.109795,1802,345,384,60.0,120.0
373,2023-11-02 11:19:52.891276,can_tapper15,"rgb(255,127,0)",492.0,451.0,493.0,8.333333333333332,68.33333333333339,70.75000000000004,2.6500989555990806,1500,10.75,18.0,499.0,481.0,0.713443,-30.417763157894736,27.0,2.215564,0.0058212058212058215,0.008523908523908524,0.0060291060291060294,4.958677685950414,0.7677747978090095,1.0000000000001563,3.470356641605033,0.8221925261704808,45.828691,119.794959,1804919.723604,1989,363,338,60.0,120.0
374,2023-11-02 13:51:21.986612,can_tapper15,"rgb(255,255,51)",500.0,443.0,503.0,11.4,90.0,93.75,1.714054095135273,1500,11.8,9.0,497.0,488.0,0.835825,-29.99079754601227,12.0,2.242299,0.009221311475409836,0.011680327868852458,0.009836065573770491,14.465408805031446,0.4060684063436201,1.0000000000001563,3.470356641605033,0.8900431894064335,59.898531,119.958971,9089.095336,2160,425,478,60.0,120.0
375,2023-11-07 10:32:36.387557,can_tapper15,"rgb(166,86,40)",489.0,457.0,492.0,6.5439672801636,62.08333333333334,68.6666666666667,1.0781450566880046e-12,90,19.9,0.0,497.0,497.0,0.813178,-78.43827160493827,20.0,2.803007,0.0032193158953722338,0.0064386317907444675,0.0038229376257545274,3.5940803382663846,0.36771337673902305,0.5000000000000782,3.470356641605033,0.8662340298843034,4.814411,120.000433,420074.400945,1499,339,371,60.0,120.0
376,2023-11-07 10:44:28.318910,can_tapper15,"rgb(247,129,191)",500.0,438.0,503.0,12.4,88.25000000000001,93.75,1.465227317878556,1500,17.4125,5.0,490.0,485.0,0.691948,-73.10367892976589,9.0,2.102457,0.010103092783505156,0.012783505154639175,0.010721649484536085,10.864745011086475,0.9405644324507255,1.5000000000002345,2.892719705486028,0.8460730525992777,59.858446,119.785223,711.931353,2157,349,428,60.0,120.0
377,2023-11-09 14:05:07.756008,can_tapper15,"rgb(153,153,153)",477.0,432.0,480.0,9.433962264150944,41.56249999999999,46.339285714285694,22.990632918597377,309,15.75,0.0,497.0,497.0,0.623281,-120.48290598290598,19.0,2.122646,0.004426559356136821,0.009054325955734407,0.005030181086519115,5.781584582441114,0.6034385803987706,1.0000000000001563,119.99999999999996,0.25944843291066955,9.198776,119.899898,184839.437098,1551,254,318,60.0,120.0
378,2023-12-04 09:53:11.092744,can_tapper15,"rgb(228,26,28)",477.0,412.0,480.0,13.626834381551362,43.21428571428571,48.124999999999986,4.406704180756502,1500,16.56666666666667,5.0,472.0,467.0,0.613283,-110.48844884488449,6.0,2.108257,0.008565310492505354,0.0139186295503212,0.009207708779443255,14.038876889848812,3.0332401555727486,1.0000000000001563,2.892719705486028,0.8527346639930575,59.948466,119.977908,2144883.336736,2160,429,578,60.0,120.0
379,2023-12-04 11:30:48.970405,can_tapper15,"rgb(55,126,184)",501.0,464.0,501.0,7.385229540918163,91.25,91.25,1.2933072414694373,1500,24.775,0.0,478.0,478.0,0.804393,-31.567010309278352,34.0,2.30657,0.005857740585774058,0.007740585774058577,0.005857740585774058,5.708245243128964,0.7096551833178137,0.5000000000000782,100.38769042235192,0.5176431833246865,59.978433,119.919967,5857.877661,2160,414,240,60.0,120.0
380,2023-12-04 11:40:32.181577,can_tapper15,"rgb(77,175,74)",500.0,471.0,501.0,5.800000000000001,90.0,91.25,3.25006366669424,1500,24.825,13.0,397.0,384.0,0.797398,-89.64285714285714,17.0,2.286875,0.00625,0.0075520833333333325,0.00625,6.2761506276150625,0.7208636779172357,0.5000000000000782,3.470356641605033,0.8950053573606697,59.758056,119.909041,583.211172,2157,352,509,60.0,120.0
381,2023-12-04 11:45:54.822372,can_tapper15,"rgb(152,78,163)",515.0,474.0,574.0,7.961165048543689,100.0,100.0,65.86725594099205,1500,24.85,0.0,472.0,472.0,0.833196,-43.786941580756015,394.0,2.336156,0.006779661016949153,0.008686440677966102,0.019279661016949154,7.81563126252505,0.8351995008628796,0.5000000000000782,119.99999999999996,0.20263495736591486,59.916271,119.983652,322.640795,2159,436,551,60.0,120.0
382,2023-12-04 11:47:33.491974,can_tapper15,"rgb(255,127,0)",512.0,477.0,523.0,6.8359375,100.0,100.0,76.96593642929315,1500,24.95,0.0,394.0,394.0,1.021045,-16.686900958466452,488.0,2.025267,0.007106598984771573,0.008883248730964466,0.009898477157360405,5.3061224489795915,0.7669509813116997,0.5000000000000782,119.99999999999996,0.2380047477004893,59.997223,119.897877,98.669602,2120,449,451,60.0,120.0
383,2023-12-04 11:48:42.941051,can_tapper15,"rgb(255,255,51)",505.0,469.0,505.0,7.128712871287128,96.25,96.25,2.974614655383892,1500,25.175,7.5,391.0,383.5,0.801525,-77.33650793650794,9.0,2.299491,0.007301173402868318,0.00938722294654498,0.007301173402868318,6.804123711340206,0.6615305011125588,0.5000000000000782,2.892719705486028,0.7837834687377747,59.908423,119.980101,69.449077,2121,463,436,60.0,120.0
384,2023-12-06 08:33:06.007383,can_tapper15,"rgb(166,86,40)",489.0,446.0,493.0,8.793456032719837,62.08333333333334,70.75000000000004,1.1802227467651893,1500,14.466666666666665,11.5,497.0,485.5,0.821121,-51.651026392961874,15.0,2.420601,0.006591143151390319,0.008856848609680742,0.007415036045314108,4.157549234135668,1.0411833530918926,1.0000000000001563,3.2620894576029285,0.8614591298706236,40.030474,119.821148,161063.066332,1920,400,510,60.0,120.0
385,2023-12-06 08:39:36.430155,can_tapper15,"rgb(247,129,191)",497.0,452.0,500.0,9.054325955734406,81.00000000000004,88.25000000000001,4.381086391593221,1500,16.725,0.0,465.0,465.0,0.954982,-46.57412398921833,11.0,2.453593,0.008172043010752687,0.00967741935483871,0.008817204301075268,10.40339702760085,1.2975143143944126,0.5000000000000782,2.0171482422437275,0.8146788969727008,59.802068,119.841804,390.422772,2157,420,562,60.0,120.0
386,2023-12-06 08:42:52.988059,can_tapper15,"rgb(153,153,153)",504.0,451.0,509.0,10.515873015873016,95.0,100.0,4.829282146346157,1500,19.033333333333335,0.0,495.0,495.0,0.992822,-42.6875,20.0,2.092443,0.008686868686868687,0.010707070707070708,0.009696969696969697,10.559006211180124,0.9302072455798603,1.0000000000001563,119.99999999999996,0.20029917082929238,59.959422,56.336152,196.557904,1397,155,235,60.0,120.0
387,2023-12-06 10:46:38.290431,can_tapper15,"rgb(228,26,28)",493.0,446.0,496.0,9.533468559837727,70.75000000000004,78.58333333333337,1.1163165817222725e-12,89,15.15,10.0,496.0,486.0,0.914295,-44.504615384615384,12.0,2.318367,0.009670781893004115,0.009670781893004115,0.0102880658436214,3.930131004366812,0.9830201185070365,1.0000000000001563,3.2620894576029285,0.8321506320677845,4.795219,119.758852,7425.302372,1497,343,576,60.0,120.0
388,2023-12-06 11:00:10.626804,can_tapper15,"rgb(55,126,184)",492.0,428.0,492.0,13.008130081300814,68.6666666666667,68.33333333333339,2.0267742341215196,1500,17.255000000000003,0.0,493.0,493.0,0.686468,-55.05769230769231,15.0,2.583524,0.010141987829614604,0.012981744421906694,0.010141987829614604,10.407239819004525,1.2523911366350888,1.0000000000001563,45.88440927560299,0.5180360452900159,59.776326,119.769819,812.336373,2157,115,274,60.0,120.0
389,2023-12-06 11:26:15.012841,can_tapper15,"rgb(77,175,74)",488.0,435.0,489.0,10.860655737704917,60.29761904761905,62.08333333333334,2.8201152515774477e-13,1500,17.31666666666667,5.5,491.0,485.5,0.692002,-65.05263157894737,141.0,2.197429,0.010916580844490216,0.010916580844490216,0.011122554067971163,5.676855895196507,1.3784564829174426,1.5200000000002376,74.20329583699333,0.48620817819618456,59.998024,119.7911,1564.386037,2160,171,260,60.0,120.0
390,2023-12-06 11:33:01.659263,can_tapper15,"rgb(152,78,163)",488.0,449.0,489.0,7.991803278688526,60.29761904761905,62.08333333333334,0.6632625170053467,1500,15.15,6.0,492.0,486.0,0.990458,-68.09677419354838,13.0,2.093351,0.004526748971193416,0.008024691358024692,0.004732510288065843,4.201680672268908,0.9351311202436614,1.0200000000001594,2.0171482422437275,0.2892962429640452,59.858917,119.963,406.646422,2160,326,497,60.0,120.0
391,2023-12-06 11:39:52.969869,can_tapper15,"rgb(255,127,0)",492.0,436.0,495.0,11.38211382113821,68.6666666666667,75.58333333333339,3.5575571366915484,1500,17.4,0.0,489.0,489.0,0.657418,-59.96028880866426,112.0,2.164901,0.008997955010224948,0.011451942740286297,0.009611451942740287,12.0,1.6483960176515735,1.5000000000002345,1.7887444673306678,0.1715038677912517,59.861011,119.969249,411.310606,2160,348,522,60.0,120.0
392,2023-12-06 11:44:41.097361,can_tapper15,"rgb(255,255,51)",497.0,440.0,500.0,11.468812877263582,81.00000000000004,88.25000000000001,0.7050669800294874,1500,17.508333333333333,6.0,489.0,483.0,0.690743,-54.95625,19.0,2.191377,0.004968944099378882,0.011801242236024845,0.0055900621118012426,8.176100628930818,1.2844087688171022,1.0000000000001563,119.99999999999996,0.5058024215319976,59.920599,119.908699,288.127492,2160,208,295,60.0,120.0
393,2023-12-06 11:47:24.456118,can_tapper15,"rgb(166,86,40)",499.0,450.0,501.0,9.819639278557114,85.12499999999999,91.25,0.9953071090251352,1500,17.51666666666667,0.0,490.0,490.0,0.8877,-53.655913978494624,13.0,2.482142,0.004693877551020408,0.01,0.00510204081632653,6.722689075630252,0.8801950224164776,1.0000000000001563,119.99999999999996,0.46931421512085103,59.970865,119.886795,163.358757,2160,204,316,60.0,120.0
394,2023-12-06 11:50:18.142112,can_tapper15,"rgb(247,129,191)",500.0,447.0,501.0,10.6,88.25000000000001,91.25,1.024667122073602,1500,17.56666666666667,0.0,489.0,489.0,0.66165,-45.08119658119658,490.0,2.166345,0.007975460122699386,0.01083844580777096,0.008179959100204498,4.1214750542299345,1.0002508287594158,1.5000000000002345,119.99999999999996,0.23855042307980057,59.861496,119.9775,173.685994,2159,245,458,60.0,120.0
395,2023-12-06 11:52:05.678111,can_tapper15,"rgb(153,153,153)",503.0,450.0,508.0,10.536779324055665,93.75,98.75,5.394100175154268,1500,17.7,0.0,490.0,490.0,1.052749,-48.54651162790697,13.0,2.058607,0.009183673469387754,0.010816326530612244,0.010204081632653062,5.756929637526652,1.1372225654234893,1.0000000000001563,119.99999999999996,0.5327226499125011,59.837993,119.96018,107.535999,2158,239,366,60.0,120.0
396,2023-12-06 11:59:32.422424,can_tapper15,"rgb(228,26,28)",500.0,424.0,501.0,15.2,88.25000000000001,91.25,4.841486596215574,1500,17.67083333333333,5.0,482.0,477.0,0.526899,-49.6625,8.0,2.033349,0.00880503144654088,0.015932914046121596,0.009014675052410902,20.346320346320347,2.0919473792765486,1.0000000000001563,1.7887444673306678,0.8172551625823418,59.902668,119.920856,446.744313,2160,333,558,60.0,120.0
397,2023-12-06 12:05:37.082209,can_tapper15,"rgb(55,126,184)",497.0,455.0,500.0,8.450704225352112,81.00000000000004,88.25000000000001,1.6037912073045274e-13,1339,17.8,6.0,490.0,484.0,0.937438,-45.835443037974684,13.0,2.037989,0.004958677685950413,0.008677685950413223,0.005578512396694214,5.2854122621564485,1.2030680681949322,1.2400000000001938,119.99999999999996,0.46639755537412453,59.977629,119.958286,364.659785,1764,174,265,60.0,120.0
398,2023-12-06 13:11:55.794615,can_tapper15,"rgb(77,175,74)",488.0,433.0,489.0,11.270491803278688,60.29761904761905,62.08333333333334,2.8201152515774477e-13,1500,18.04,6.5,491.0,484.5,0.697918,-83.51875,17.0,2.193969,0.0037151702786377703,0.011351909184726523,0.00392156862745098,8.403361344537815,1.4989329258215711,1.0000000000001563,2.4199454189414036,0.8610827058273904,59.928657,119.946774,3978.712406,2160,331,520,60.0,120.0
399,2023-12-06 13:17:35.379532,can_tapper15,"rgb(152,78,163)",501.0,444.0,504.0,11.377245508982035,91.25,95.0,4.432926414633453,1500,18.15833333333333,0.0,490.0,490.0,0.797024,-60.12658227848101,6.0,2.294678,0.009183673469387754,0.011632653061224489,0.00979591836734694,12.5,0.9900691438886201,1.0000000000001563,2.0171482422437275,0.7917946901583762,59.911346,119.943097,339.584917,2160,332,517,60.0,120.0
400,2023-12-06 13:30:14.024795,can_tapper15,"rgb(255,127,0)",497.0,453.0,500.0,8.853118712273641,81.00000000000004,88.25000000000001,2.5564383007053357,1455,18.375,5.0,490.0,485.0,0.912752,-52.84431137724551,13.0,2.323183,0.009072164948453608,0.009072164948453608,0.009690721649484537,4.761904761904762,0.7214223462421074,1.0200000000001594,119.99999999999996,0.45540742980939375,32.107609,119.96653,758.645263,1827,195,205,60.0,120.0
401,2023-12-06 15:42:46.597041,can_tapper15,"rgb(255,255,51)",488.0,433.0,489.0,11.270491803278688,60.29761904761905,62.08333333333334,2.8201152515774477e-13,1500,18.616666666666667,4.0,490.0,486.0,0.794497,-89.152466367713,489.0,2.294646,0.00411522633744856,0.01131687242798354,0.004320987654320988,11.965811965811966,0.9037841351057656,1.0000000000001563,1.9029463547871976,0.26852897004074583,59.845452,119.866019,7952.572246,1607,238,416,60.0,120.0
402,2023-12-06 15:43:59.100995,can_tapper15,"rgb(166,86,40)",498.0,454.0,576.0,8.835341365461847,82.25000000000004,100.0,9.57763733051043,722,18.60833333333333,0.0,489.0,489.0,0.834327,-82.13030303030303,7.0,2.330078,0.006748466257668711,0.008997955010224948,0.022699386503067482,4.086021505376344,0.8809533170966745,1.0000000000001563,3.077404581544478,0.8277921608167759,59.836345,119.8734,72.503954,1607,381,625,60.0,120.0
403,2023-12-06 15:58:08.698629,can_tapper15,"rgb(247,129,191)",496.0,447.0,497.0,9.879032258064516,78.1875,81.00000000000004,4.73660763590309,459,18.765,0.0,493.0,493.0,0.834397,-69.37837837837837,13.0,3.423355,0.007505070993914807,0.009939148073022312,0.007707910750507099,4.57516339869281,0.9866037844919109,1.0000000000001563,2.7289468883321724,0.40846775883665265,12.188921,50.100272,849.597634,750,161,275,60.0,120.0
404,2023-12-06 16:24:01.892398,can_tapper15,"rgb(153,153,153)",493.0,447.0,496.0,9.330628803245435,70.75000000000004,78.58333333333337,9.406925434193985,719,18.91,8.0,494.0,486.0,0.922225,-69.88188976377953,13.0,3.433168,0.007613168724279836,0.009465020576131687,0.008024691358024692,10.043668122270743,1.2888980005907764,1.0000000000001563,2.892719705486028,0.6127990491252978,17.390212,45.14675,1553.193769,753,155,256,60.0,120.0
405,2023-12-07 07:32:30.820473,can_tapper15,"rgb(228,26,28)",485.0,442.0,485.0,8.8659793814433,54.642857142857125,54.642857142857125,9.567367060748415,602,17.759999999999998,10.5,496.0,485.5,0.901362,-65.54838709677419,17.0,2.30339,0.008856848609680742,0.008856848609680742,0.008856848609680742,3.9647577092511015,0.913736840517549,1.0000000000001563,3.2620894576029285,0.4021141768294104,15.056784,119.99492,54508.928075,1623,343,544,60.0,120.0
406,2023-12-07 08:15:46.422747,can_tapper15,"rgb(55,126,184)",485.0,423.0,488.0,12.783505154639174,54.642857142857125,60.29761904761905,2.222392098840357,1500,17.925,4.0,492.0,488.0,0.678482,-82.2289156626506,9.0,2.080032,0.009836065573770491,0.012704918032786883,0.010450819672131148,10.755148741418765,1.2712900609596092,1.0000000000001563,2.565174071178317,0.8631190183085705,59.957947,119.876576,2595.602274,2160,388,516,60.0,120.0
407,2023-12-07 08:27:35.168151,can_tapper15,"rgb(77,175,74)",497.0,418.0,497.0,15.895372233400401,79.83333333333337,81.00000000000004,8.843540243896139e-14,1500,18.075,0.0,491.0,491.0,0.966471,-51.415637860082306,12.0,2.057346,0.008757637474541752,0.01608961303462322,0.008757637474541752,22.7765726681128,2.3019694260050936,1.5000000000002345,119.99999999999996,0.3698909372391407,59.796606,120.000503,708.745404,2159,272,420,60.0,120.0
408,2023-12-12 14:09:59.388958,can_tapper15,"rgb(152,78,163)",480.0,426.0,,11.25,46.339285714285694,,,0,16.77,13.0,360.0,347.0,1.016052,-82.0220588235294,25.0,2.111771,0.010086455331412105,0.015561959654178673,,11.818181818181818,1.6446692080823924,1.5000000000002345,119.99999999999996,0.43260031819962597,0.397953,119.88023,452544.220807,1446,142,162,60.0,120.0
409,2023-12-12 14:15:07.217805,can_tapper15,"rgb(255,127,0)",484.0,441.0,485.0,8.884297520661157,52.99107142857141,54.642857142857125,0.519111341826878,1500,16.875,0.0,498.0,498.0,1.001853,-92.21383647798743,13.0,2.002958,0.008634538152610442,0.008634538152610442,0.008835341365461847,3.401360544217687,1.144991290395362,1.0000000000001563,2.27471676670449,0.8527948584243941,59.955717,119.850933,307.828847,2160,341,604,60.0,120.0
410,2023-12-15 14:13:30.248536,can_tapper15,"rgb(255,255,51)",484.0,433.0,485.0,10.537190082644628,52.99107142857141,54.642857142857125,3.6291127240494556,1500,16.765,0.0,293.0,293.0,1.489906,-17.982142857142858,153.0,2.088991,0.014334470989761094,0.0174061433447099,0.014675767918088738,9.956709956709958,0.7947575606917803,1.0000000000001563,16.488456750968332,0.08357510477680674,59.824357,64.454472,259103.030731,1494,124,203,60.0,120.0
411,2023-12-15 15:42:12.988949,can_tapper15,"rgb(166,86,40)",504.0,474.0,508.0,5.952380952380952,95.0,98.75,4.90932662636594,1500,18.14166666666667,0.0,367.0,367.0,1.084941,-21.924092409240924,476.0,2.580671,0.006811989100817439,0.008174386920980926,0.00790190735694823,4.384133611691023,0.7898655192243385,0.5000000000000782,1.9029463547871976,0.14736768424911295,59.928172,119.941147,5322.740413,2160,381,417,60.0,120.0
412,2023-12-15 15:43:51.817665,can_tapper15,"rgb(247,129,191)",509.0,477.0,571.0,6.286836935166994,100.0,100.0,69.7941465751654,1500,18.175,0.0,476.0,476.0,0.790776,-28.323943661971832,-2.0,,0.0067226890756302525,0.0067226890756302525,0.019747899159663865,4.259634888438134,0.4824802289303687,0.7400000000001157,2.145932504474109,0.7781430503328437,59.968569,78.839556,98.828716,1666,357,443,60.0,120.0
413,2023-12-18 07:17:52.106779,can_tapper15,"rgb(153,153,153)",488.0,458.0,492.0,6.147540983606557,60.0,68.6666666666667,6.996029569142384,1055,15.85833333333333,16.0,392.0,376.0,1.004924,-22.16382252559727,29.0,2.004954,0.005053191489361702,0.007978723404255319,0.005851063829787234,4.680851063829787,0.8166269903364649,0.5000000000000782,2.892719705486028,0.607227878398833,24.115004,119.962807,228840.289114,1731,338,505,60.0,120.0
414,2023-12-18 07:20:19.281126,can_tapper15,"rgb(228,26,28)",500.0,436.0,508.0,12.8,88.25000000000001,98.75,54.121677387403736,1500,15.825,0.0,451.0,451.0,1.085778,33.333333333333336,79.0,2.081452,0.011751662971175168,0.014190687361419069,0.01352549889135255,6.753812636165577,1.0779702801115336,1.260000000000197,0.9808458078759222,0.9125989208114672,59.990493,3.299004,147.174347,762,148,272,60.0,120.0
415,2023-12-18 08:26:02.701095,can_tapper15,"rgb(55,126,184)",489.0,453.0,492.0,7.361963190184049,62.08333333333334,68.6666666666667,2.136807622251147e-12,72,15.925,13.5,389.0,375.5,0.499972,-32.885714285714286,23.0,2.004401,0.00692410119840213,0.009587217043941412,0.007723035952063915,7.627118644067797,1.4583111804874884,0.5200000000000813,2.0171482422437275,0.2625954693563879,4.464664,28.065251,3943.419969,393,87,94,60.0,120.0
416,2023-12-18 08:38:21.403202,can_tapper15,"rgb(77,175,74)",488.0,450.0,489.0,7.786885245901639,60.29761904761905,62.08333333333334,3.302499245554463,1500,18.25,14.0,493.0,479.0,0.745005,-26.079310344827586,12.0,2.835728,0.003340292275574113,0.007933194154488517,0.0035490605427974946,5.932203389830509,0.7697758414835918,0.5200000000000813,2.892719705486028,0.8148226915000149,50.15794,119.942378,738.702107,2043,375,326,60.0,120.0
417,2023-12-18 09:09:43.675316,can_tapper15,"rgb(152,78,163)",488.0,424.0,487.0,13.114754098360656,60.29761904761905,58.21428571428571,6.520314009027415,1500,15.8,0.0,499.0,499.0,0.978314,-30.636363636363637,496.0,2.478482,0.008016032064128258,0.012825651302605209,0.00781563126252505,12.304250559284116,2.118090068557991,1.0000000000001563,2.565174071178317,0.21106541950176405,59.872412,119.817606,1882.272114,2157,457,641,60.0,120.0
418,2023-12-18 09:10:37.231425,can_tapper15,"rgb(255,127,0)",501.0,439.0,576.0,12.375249500998004,91.25,100.0,86.87079416478326,1500,15.933333333333332,0.0,496.0,496.0,0.668001,-33.044871794871796,83.0,2.168154,0.011088709677419355,0.0125,0.02620967741935484,12.951167728237792,1.2142427964473246,1.5000000000002345,2.0171482422437275,0.8043346601363758,59.879727,119.9994,53.556109,2158,475,685,60.0,120.0
419,2023-12-18 09:21:53.726242,can_tapper15,"rgb(255,255,51)",508.0,439.0,574.0,13.582677165354331,98.75,100.0,81.21936943081813,1500,15.85,0.0,455.0,455.0,0.480129,20.876363636363635,498.0,2.082788,0.003956043956043956,0.015164835164835166,0.016263736263736263,12.742980561555076,2.4710601918243458,1.5000000000002345,119.99999999999996,0.32593128106194846,59.896642,119.963785,676.494817,2116,416,633,60.0,120.0
420,2023-12-18 09:23:14.903077,can_tapper15,"rgb(166,86,40)",509.0,459.0,574.0,9.823182711198427,98.75,100.0,68.86488393993754,1500,15.85833333333333,0.0,498.0,498.0,0.777311,3.282051282051282,498.0,2.773817,0.007228915662650602,0.010040160642570281,0.020281124497991968,9.090909090909092,1.1878300295418065,1.0000000000001563,119.99999999999996,0.33357441128289056,59.98053,119.901573,81.176835,2120,410,594,60.0,120.0
421,2023-12-18 09:24:09.149763,can_tapper15,"rgb(247,129,191)",497.0,440.0,497.0,11.468812877263582,81.00000000000004,81.00000000000004,15.877331501034005,1500,16.1625,9.5,498.0,488.5,0.772283,-45.46739130434783,11.0,2.269487,0.009416581371545546,0.011668372569089046,0.009416581371545546,12.421052631578947,1.1070461886102287,1.0000000000001563,2.27471676670449,0.8264665479386801,59.986893,119.966403,54.246686,2121,401,593,60.0,120.0
422,2023-12-18 09:38:48.693063,can_tapper15,"rgb(153,153,153)",493.0,442.0,496.0,10.344827586206897,70.75000000000004,78.58333333333337,0.438213528094433,1500,13.85,0.0,498.0,498.0,0.775603,-30.525316455696203,11.0,2.780673,0.004417670682730923,0.010240963855421685,0.0050200803212851405,5.833333333333333,0.9825998284228152,1.0000000000001563,1.9029463547871976,0.6372722568613711,59.852271,119.825956,879.5433,2157,429,352,60.0,120.0
423,2023-12-19 07:56:26.005377,can_tapper15,"rgb(228,26,28)",496.0,439.0,497.0,11.491935483870968,78.58333333333337,81.00000000000004,1.428845079486997,1500,19.78,11.0,339.0,328.0,1.007132,-20.219435736677116,13.0,2.200454,0.01371951219512195,0.017378048780487806,0.014024390243902438,8.71369294605809,1.1697175291580515,0.7600000000001188,3.2620894576029285,0.6331416132609367,59.77694,119.877874,80257.312314,2157,394,416,60.0,120.0
424,2023-12-19 08:00:23.303442,can_tapper15,"rgb(55,126,184)",500.0,436.0,505.0,12.8,90.0,96.25,7.950616866939251,1500,17.4,0.0,500.0,500.0,0.676866,-19.913793103448278,497.0,2.079522,0.0102,0.0128,0.011199999999999998,14.465408805031446,0.9856839429257598,1.0000000000001563,1.5862030873085784,0.08915946760629512,59.985987,119.999593,237.298065,2159,416,563,60.0,120.0
425,2023-12-19 08:01:58.971657,can_tapper15,"rgb(77,175,74)",504.0,445.0,513.0,11.706349206349206,95.0,100.0,36.94932308858225,1500,17.36904761904762,0.0,497.0,497.0,0.573446,-20.118032786885244,42.0,2.069976,0.006841046277665995,0.01187122736418511,0.008048289738430584,10.92436974789916,1.4385699374225926,1.5200000000002376,1.9029463547871976,0.43156443414862655,59.97135,119.892545,95.668215,2159,425,490,60.0,120.0
426,2023-12-19 09:54:45.190465,can_tapper15,"rgb(152,78,163)",496.0,463.0,497.0,6.653225806451612,78.58333333333337,81.00000000000004,12.912631469329838,485,14.9,0.0,458.0,458.0,0.812288,-29.75177304964539,13.0,2.218871,0.005458515283842795,0.007205240174672489,0.005676855895196507,3.8626609442060085,0.8382616641125823,0.5000000000000782,3.2620894576029285,0.8196597756647017,12.71509,119.862538,6766.218808,1593,309,352,60.0,120.0
427,2024-01-11 10:04:06.070441,can_tapper15,"rgb(255,127,0)",482.0,423.0,482.0,12.240663900414937,49.46428571428571,49.68749999999998,2.660701641472504e-12,34,15.15,18.0,473.0,455.0,0.418658,-48.58085808580858,23.0,2.422299,0.001098901098901099,0.01296703296703297,0.001098901098901099,16.444444444444443,1.4828702204578912,0.7600000000001188,3.2620894576029285,0.8742075833202964,3.695856,119.91297,1987760.879976,1485,322,331,60.0,120.0
428,2024-01-11 12:10:30.049410,can_tapper15,"rgb(255,255,51)",489.0,431.0,492.0,11.860940695296524,62.08333333333334,68.6666666666667,2.2707864747000245e-12,79,14.316666666666668,0.0,434.0,434.0,0.534249,-30.538961038961038,13.0,2.04486,0.006682027649769586,0.013364055299539171,0.007373271889400922,16.52173913043478,1.663091252348678,1.0200000000001594,3.2620894576029285,0.8705799241515306,4.592421,119.980583,7583.978969,1496,317,324,60.0,120.0
429,2024-01-11 12:49:35.277296,can_tapper15,"rgb(166,86,40)",508.0,508.0,508.0,0.0,98.75,98.75,1.0951523135739482e-12,352,14.225,0.0,,,,-1.2105263157894737,1.0,23.530226,,,,0.7874015748031497,0.39370078740157505,0.020000000000003126,17.544825121425337,0.16947505053165124,10.05359,112.778623,2345.227886,1293,114,303,60.0,120.0
430,2024-01-12 08:14:02.699223,can_tapper15,"rgb(247,129,191)",500.0,500.0,500.0,0.0,88.25000000000001,88.25000000000001,1.090207008902104e-12,610,4.45,4.0,5.0,1.0,0.307169,2.5255474452554743,5.0,2.502698,,,,0.8,0.3999999999999999,0.020000000000003126,119.99999999999996,0.33826704034687294,15.221316,119.871753,69867.421927,1623,145,363,60.0,120.0
431,2024-01-30 10:29:47.004924,can_tapper15,"rgb(153,153,153)",484.0,416.0,488.0,14.049586776859504,52.99107142857141,60.29761904761905,1.2488361105932761,1500,7.25,0.0,3.0,3.0,0.884726,-0.45454545454545453,1.0,4.382876,1.8333333333333333,2.2666666666666666,1.9666666666666663,15.468409586056644,0.9051020187293337,1.0000000000001563,3.2620894576029285,0.848516545771971,59.920901,119.975034,1563344.305701,2160,155,358,60.0,120.0
432,2024-01-31 13:29:54.408758,can_tapper15,"rgb(228,26,28)",504.0,462.0,509.0,8.333333333333332,95.0,100.0,2.474765544339356,1500,9.633333333333333,0.0,242.0,242.0,0.977722,-0.6601307189542484,23.0,2.074379,0.014462809917355372,0.01735537190082645,0.01652892561983471,5.756929637526652,1.2358552191314245,1.0000000000001563,119.99999999999996,0.18759262220189454,59.810542,119.891074,97207.403834,2157,325,354,60.0,120.0
433,2024-01-31 13:33:14.763827,can_tapper15,"rgb(55,126,184)",500.0,444.0,504.0,11.200000000000001,88.25000000000001,95.0,1.2398761066116255,1500,8.025,0.0,380.0,380.0,0.800586,-5.592198581560283,12.0,2.398786,0.013157894736842106,0.01473684210526316,0.014210526315789474,10.782241014799155,1.2104602523511665,1.0000000000001563,2.27471676670449,0.764307344258227,59.939545,119.991301,200.355069,2159,351,373,60.0,120.0
434,2024-01-31 14:06:34.134922,can_tapper15,"rgb(77,175,74)",496.0,453.0,500.0,8.669354838709678,78.58333333333337,88.25000000000001,0.21105787158127504,1500,6.35,0.0,223.0,223.0,1.033623,-15.77490774907749,7.0,2.034227,0.017040358744394617,0.01928251121076233,0.01883408071748879,5.439330543933054,0.7913246847027944,1.0000000000001563,2.27471676670449,0.7974373229695022,60.000793,119.901398,1999.371095,2160,321,493,60.0,120.0
435,2024-02-05 07:15:41.473116,can_tapper15,"rgb(152,78,163)",497.0,455.0,501.0,8.450704225352112,81.00000000000004,91.25,6.792318584907243,1199,8.975,16.5,233.0,216.5,1.035504,-7.186440677966102,12.0,2.127477,0.015242494226327945,0.019399538106235566,0.017090069284064667,6.339468302658487,0.8101436547053534,0.5000000000000782,2.892719705486028,0.5543923219460987,26.99647,119.875991,407347.338194,1764,335,398,60.0,120.0
436,2024-02-05 07:55:20.216096,can_tapper15,"rgb(255,127,0)",495.0,445.0,497.0,10.1010101010101,75.58333333333339,81.00000000000004,2.2188809861689087,1500,9.125,0.0,296.0,296.0,1.227821,-22.602240896358545,27.0,2.319963,0.01418918918918919,0.016891891891891893,0.014864864864864866,15.498938428874734,1.2913322730923007,1.0000000000001563,2.0171482422437275,0.5704098027734361,59.93496,119.941359,2378.74298,2158,453,592,60.0,120.0
437,2024-02-05 08:27:50.453746,can_tapper15,"rgb(255,255,51)",492.0,463.0,493.0,5.894308943089431,68.6666666666667,70.75000000000004,0.8906315069472325,1500,7.8,0.0,277.0,277.0,1.078093,-25.101503759398497,13.0,2.477501,0.009386281588447653,0.010469314079422382,0.009747292418772563,4.016913319238901,0.6741912585821411,0.5000000000000782,2.145932504474109,0.6306991045266542,59.980395,119.90932,1950.23765,2159,361,422,60.0,120.0
438,2024-02-05 12:33:54.789413,can_tapper15,"rgb(166,86,40)",504.0,463.0,,8.134920634920634,95.0,,,0,10.25,0.0,198.0,198.0,1.101448,-8.03041825095057,14.0,2.103353,0.014141414141414142,0.02070707070707071,,7.172995780590718,0.8289531884604422,0.5000000000000782,3.678623825607137,0.7334087147603485,0.312492,119.99678,14764.335667,1444,266,464,60.0,120.0
439,2024-02-05 13:28:42.499951,can_tapper15,"rgb(247,129,191)",492.0,445.0,493.0,9.552845528455284,68.33333333333339,70.75000000000004,0.20680898080379478,1500,10.665000000000001,16.0,498.0,482.0,0.647479,-27.415770609318997,163.0,2.147127,0.006224066390041493,0.00975103734439834,0.006431535269709543,6.666666666666667,0.8489443933701639,1.0000000000001563,2.0171482422437275,0.6449133390264097,59.990803,119.943334,3287.710538,2160,358,514,60.0,120.0
440,2024-02-05 14:18:19.543848,can_tapper15,"rgb(153,153,153)",493.0,455.0,496.0,7.707910750507099,70.75000000000004,78.58333333333337,1.6325518366892524,1500,9.9,16.0,399.0,383.0,0.484886,-31.844594594594593,10.0,2.084697,0.00443864229765013,0.009921671018276762,0.005221932114882506,7.563025210084033,1.6564283404411864,0.5000000000000782,2.27471676670449,0.7078339527022646,59.816177,119.877517,2977.043897,2157,388,422,60.0,120.0
441,2024-02-06 07:04:02.079542,can_tapper15,"rgb(228,26,28)",493.0,454.0,499.0,7.910750507099391,70.75000000000004,87.00000000000001,6.608849395898714,1455,8.6,16.0,417.0,401.0,0.820874,-13.865771812080537,23.0,2.823466,0.00773067331670823,0.00972568578553616,0.009226932668329177,7.23404255319149,0.7248541440947001,0.5000000000000782,3.678623825607137,0.7298921290183435,32.108178,119.983923,60342.535694,1827,354,412,60.0,120.0
442,2024-02-06 07:36:53.041532,can_tapper15,"rgb(55,126,184)",498.0,445.0,501.0,10.642570281124499,83.87499999999999,91.25,3.184152526289246,1500,11.76,13.0,302.0,289.0,1.238466,-19.037414965986393,21.0,2.725497,0.012110726643598616,0.01833910034602076,0.01314878892733564,6.172839506172839,1.0560245326573723,1.0000000000001563,2.27471676670449,0.7094234657997223,59.983419,119.895382,1970.96199,2158,401,374,60.0,120.0
443,2024-02-06 13:54:43.115528,can_tapper15,"rgb(77,175,74)",497.0,454.0,500.0,8.651911468812877,81.00000000000004,90.0,23.782637917793508,247,10.525,0.0,247.0,247.0,1.007268,-9.36969696969697,36.0,2.110716,0.012550607287449394,0.017408906882591092,0.013765182186234818,4.57516339869281,0.8429416152237217,1.0000000000001563,4.148345232772487,0.6943251539783393,7.960481,119.901976,22670.073996,1536,343,343,60.0,120.0
444,2024-02-06 15:20:18.509004,can_tapper15,"rgb(152,78,163)",492.0,453.0,493.0,7.926829268292683,68.6666666666667,70.75000000000004,3.8987395105502483,1500,11.2,14.0,348.0,334.0,0.968358,-30.575187969924812,13.0,2.468776,0.009580838323353293,0.011676646706586826,0.009880239520958085,7.036247334754798,0.9536000056463858,0.7400000000001157,2.27471676670449,0.695202456265294,59.919216,119.979613,5135.393476,2160,338,517,60.0,120.0
445,2024-02-06 16:01:43.659295,can_tapper15,"rgb(255,127,0)",497.0,452.0,497.0,9.054325955734406,81.00000000000004,81.00000000000004,6.131807169691435,1500,11.55,9.0,470.0,461.0,0.438076,-28.684887459807072,4.0,2.436027,0.0034707158351409977,0.009761388286334056,0.0034707158351409977,8.523908523908524,1.9347587070798689,1.0200000000001594,1.7887444673306678,0.6484506182258736,59.960439,119.944976,2485.150291,2159,427,336,60.0,120.0
446,2024-02-07 13:41:17.098501,can_tapper15,"rgb(255,255,51)",492.0,445.0,493.0,9.552845528455284,68.6666666666667,70.75000000000004,1.0540804684802976,1500,8.05,0.0,352.0,352.0,1.233384,-8.856230031948881,387.0,2.23221,0.01221590909090909,0.013352272727272727,0.0125,3.3333333333333335,0.863923525419577,1.0000000000001563,2.7289468883321724,0.1738473472508082,59.862764,119.794203,77973.439206,2157,423,418,60.0,120.0
447,2024-02-07 13:42:38.654855,can_tapper15,"rgb(166,86,40)",497.0,462.0,591.0,7.042253521126761,81.00000000000004,100.0,130.47963132426054,1500,8.013333333333332,31.0,387.0,356.0,1.014709,-15.547540983606558,29.0,2.017168,0.009269662921348317,0.009831460674157305,0.035674157303370785,2.9535864978902953,0.8846196049948101,1.2400000000001938,2.565174071178317,0.7455210735950615,59.849851,119.843382,81.556354,2157,459,523,60.0,120.0
448,2024-02-07 14:59:24.693669,can_tapper15,"rgb(247,129,191)",489.0,442.0,492.0,9.611451942740286,62.08333333333334,68.6666666666667,1.1536360682822668,1500,8.925,0.0,423.0,423.0,0.470015,-31.49063670411985,13.0,2.065686,0.004018912529550827,0.011111111111111112,0.004728132387706856,10.239651416122005,1.338942297017164,0.7400000000001157,2.0171482422437275,0.7362957476405643,59.842808,119.808816,4606.038814,2157,358,400,60.0,120.0
449,2024-02-07 16:06:53.237266,can_tapper15,"rgb(153,153,153)",496.0,460.0,497.0,7.258064516129033,78.00000000000004,81.00000000000004,3.6460016204443413,1500,10.75,0.0,398.0,398.0,0.795991,-27.841463414634145,8.0,2.297079,0.0030150753768844224,0.009045226130653266,0.0030150753768844224,4.918032786885246,0.63153962585961,0.5000000000000782,2.565174071178317,0.785080750436005,59.853533,119.789873,4048.543597,2157,397,526,60.0,120.0
450,2024-02-08 07:18:32.101014,can_tapper15,"rgb(228,26,28)",496.0,451.0,497.0,9.07258064516129,78.58333333333337,81.00000000000004,9.679291796731498,767,6.966666666666666,0.0,250.0,250.0,1.110618,-6.98576512455516,81.0,2.117943,0.011600000000000001,0.018000000000000002,0.012,4.385964912280702,0.7636091573181836,1.0000000000001563,4.148345232772487,0.7056229979139447,18.361358,119.999096,54698.863748,1661,312,481,60.0,120.0
451,2024-02-08 09:47:46.704114,can_tapper15,"rgb(55,126,184)",524.0,480.0,,8.396946564885496,100.0,,,0,5.75,0.0,206.0,206.0,1.113724,-4.077192982456141,12.0,2.114949,0.014563106796116505,0.021359223300970873,,3.673469387755102,0.8034131346822504,1.0000000000001563,3.2620894576029285,0.7807523684819979,0.814821,119.987422,8954.6031,1450,291,318,60.0,120.0
452,2024-02-08 10:09:36.631147,can_tapper15,"rgb(77,175,74)",497.0,446.0,501.0,10.261569416498995,81.00000000000004,91.25,3.251005889335226,1500,7.125,12.0,335.0,323.0,1.379794,-19.866666666666667,15.0,2.384591,0.013003095975232198,0.015789473684210527,0.014241486068111455,9.803921568627452,1.1885451542160945,1.0000000000001563,2.0171482422437275,0.6956364922561737,59.970296,119.930421,1309.927033,2159,365,570,60.0,120.0
453,2024-02-13 09:51:49.496956,can_tapper15,"rgb(152,78,163)",501.0,464.0,505.0,7.385229540918163,91.25,96.25,24.22848622949461,287,4.6,0.0,432.0,432.0,0.796998,-4.217391304347826,13.0,2.302154,0.003935185185185186,0.008564814814814813,0.004861111111111111,4.878048780487805,0.4155816517260116,1.0000000000001563,2.892719705486028,0.49664181824491827,8.764091,119.83023,430932.865809,1545,276,331,60.0,120.0
454,2024-02-13 10:55:59.703016,can_tapper15,"rgb(255,127,0)",493.0,440.0,496.0,10.75050709939148,70.75000000000004,78.58333333333337,0.7924981299990472,1500,5.2,0.0,342.0,342.0,1.093473,-19.538194444444443,11.0,2.093814,0.011695906432748537,0.015497076023391811,0.012573099415204677,10.13215859030837,1.3164979686734595,1.0200000000001594,2.145932504474109,0.7184453881658086,59.887155,119.971264,3850.20606,2158,378,376,60.0,120.0
455,2024-02-20 15:12:00.509265,can_tapper15,"rgb(255,255,51)",521.0,472.0,526.0,9.404990403071018,100.0,100.0,22.92522732832348,525,7.9333333333333345,0.0,440.0,440.0,0.514624,-5.822134387351778,10.0,2.022934,0.005,0.011136363636363635,0.005909090909090908,8.8,1.5698223154210136,1.5000000000002345,3.2620894576029285,0.6796815939724401,13.5185,119.834303,620160.806249,1602,274,437,60.0,120.0
456,2024-02-29 08:23:45.116333,can_tapper15,"rgb(166,86,40)",489.0,449.0,492.0,8.1799591002045,62.08333333333334,68.6666666666667,5.71828698590444,1500,7.55,0.0,426.0,426.0,0.819742,-16.608856088560884,12.0,2.318206,0.007511737089201879,0.009389671361502348,0.008215962441314555,6.783369803063457,0.4792571226599357,0.5000000000000782,3.678623825607137,0.8152708699702549,33.618862,119.968431,753104.607068,1844,321,407,60.0,120.0
457,2024-03-05 11:26:13.270821,can_tapper15,"rgb(247,129,191)",501.0,462.0,504.0,7.784431137724551,91.25,95.0,2.01796535589833e-12,64,7.283333333333333,0.0,419.0,419.0,0.812829,-4.618461538461538,18.0,3.307424,0.0033412887828162294,0.009307875894988066,0.0038186157517899762,5.906313645621181,0.7541185105168227,1.0000000000001563,2.565174071178317,0.5338190557785374,4.546881,119.799178,442948.154488,1530,340,317,60.0,120.0
458,2024-03-05 11:56:26.732243,can_tapper15,"rgb(153,153,153)",495.0,444.0,497.0,10.303030303030303,75.58333333333339,81.00000000000004,0.2806667914073414,1500,7.296428571428573,10.0,346.0,336.0,1.222474,-18.848484848484848,12.0,2.316406,0.0125,0.015178571428571428,0.013095238095238096,10.874200426439232,0.9762854279201245,1.0000000000001563,2.291161156711022,0.7344557623073833,59.956378,119.906523,1813.461422,2158,411,498,60.0,120.0
459,2024-03-12 13:41:14.705746,can_tapper15,"rgb(228,26,28)",501.0,461.0,505.0,7.984031936127744,91.25,96.25,9.881186505393831,872,7.175,21.5,282.0,260.5,1.017487,-7.377840909090909,18.0,2.121181,0.013435700575815739,0.015355086372360844,0.014971209213051822,2.074688796680498,0.6049780908635063,1.0000000000001563,3.678623825607137,0.6642034168390047,20.455556,119.904334,611087.973503,1686,390,433,60.0,120.0
460,2024-03-12 14:20:21.933035,can_tapper15,"rgb(55,126,184)",496.0,437.0,499.0,11.895161290322582,78.58333333333337,87.00000000000001,1.1272093898702435,1500,7.45,11.5,499.0,487.5,0.818978,-18.546583850931675,11.0,2.908635,0.007794871794871794,0.012102564102564101,0.00841025641025641,8.296943231441048,1.2411098505583122,1.0000000000001563,2.145932504474109,0.7982044512091642,59.931188,119.947284,2347.227289,2158,380,461,60.0,120.0
461,2024-03-18 09:55:56.197777,can_tapper15,"rgb(77,175,74)",492.0,438.0,496.0,10.975609756097562,68.33333333333339,78.58333333333337,3.0531213569422677,1500,9.5,0.0,345.0,345.0,1.249121,-24.61635220125786,12.0,2.24364,0.011014492753623189,0.015652173913043476,0.01217391304347826,5.405405405405405,0.9942938039092402,1.0000000000001563,3.2856717655465824,0.8525216915581568,59.855147,119.837792,502534.264742,2157,350,537,60.0,120.0
462,2024-03-18 13:05:56.183247,can_tapper15,"rgb(152,78,163)",489.0,424.0,492.0,13.29243353783231,62.08333333333334,68.33333333333339,3.271850343043675,1500,13.366666666666665,0.0,497.0,497.0,0.570596,-42.72784810126582,13.0,2.166429,0.010462776659959759,0.013078470824949697,0.011066398390342052,14.838709677419354,0.8577023333337576,1.0000000000001563,2.0171482422437275,0.8012519991889292,59.89985,119.990089,11399.98547,2159,390,470,60.0,120.0
