start_index,start_time,can_tapper_id,start_color,V_pre_total_1_10V,V_min_total_1_10V,V_ocv_total_1_10V,V_drop_total_pct,soc_pct_est_pack,soc_pct_est_ocv_pack,V_ocv_slope_mV_per_s_max,n_ocv_samples_min,temp_avg_start_C,I_pre_A,I_load_A,delta_I_A,t_load_s,I_mean_post_A,I_max_post_A,t_charge_onset_s,R_internal_est_ohm_pack,R_internal_est_ohm_min_voltage_method_pack,R_internal_est_ohm_from_ocv_pack,max_abs_imbalance_pct_pack,mean_abs_imbalance_pct_pack,t_recovery_s_max,tau_relax_s_median,relax_fit_r2_min,pre_data_duration_s,post_data_duration_s,t_since_previous_start_s,n_voltage_samples,n_current_samples,n_temperature_samples,t_before_s,t_after_s,t_running_cmd_s,t_starting_cmd_s,t_glow_plug_s,crank_duration_s,glow_lead_s,post_start_V_mean_1_10V,post_start_V_std_1_10V,n_post_window_samples
0,2021-12-02 14:07:38.655817,can_tapper11,"rgb(228,26,28)",493.0,469.0,493.0,4.86815415821501,70.75000000000004,70.75000000000004,3.711201649422295,1500,21.15,0.0,276.0,276.0,0.93817,-33.2520325203252,13.0,39.151445,0.008695652173913,0.008695652173913,0.008695652173913,1.2345679012345678,0.291837057144189,0.0200000000000031,119.99999999999996,0.1612758028022027,41.487014,62.30897,,1248,151,265,60.0,120.0,1.682118,0.0,0.228067,1.682118,-0.228067,134.98154906731548,9.013527370134115,2466
1,2021-12-02 14:36:30.387233,can_tapper11,"rgb(55,126,184)",495.0,469.0,496.0,5.252525252525253,75.58333333333339,78.00000000000004,5.776302684149814,1097,18.75,0.0,274.0,274.0,0.93232,-15.643086816720258,-4.0,,0.0083941605839416,0.0094890510948905,0.0087591240875912,4.3478260869565215,0.5710361017403398,0.0400000000000062,3.470356641605033,0.8158293029939803,24.953351,119.900029,1731.731416,1740,364,464,60.0,120.0,1.497196,0.0,0.224694,1.497196,-0.224694,142.47275,0.14404543490672395,5000
2,2021-12-02 15:16:49.672519,can_tapper11,"rgb(77,175,74)",485.0,433.0,489.0,10.721649484536082,54.642857142857125,62.08333333333334,3.7566594474033232,1500,18.56714285714286,5.0,488.0,483.0,0.64648,-67.56842105263158,138.0,2.147975,0.0062111801242236,0.0107660455486542,0.0068322981366459,10.19522776572668,1.136809519758231,1.0000000000001563,2.892719705486028,0.8580023371857115,59.970895,32.108548,2419.285286,1107,151,219,60.0,120.0,1.605324,0.0,0.374548,1.605324,-0.374548,144.24320083682008,0.30405486342348703,956
3,2021-12-03 07:51:05.295463,can_tapper11,"rgb(152,78,163)",485.0,437.0,485.0,9.896907216494846,54.642857142857125,54.642857142857125,0.1911111960490335,1500,17.303571428571427,0.0,494.0,494.0,0.995641,-37.87725631768953,8.0,2.092649,0.0078947368421052,0.0097165991902834,0.0078947368421052,5.099778270509978,1.265215617113642,1.0200000000001594,4.148345232772487,0.9176418707243544,59.965424,119.862496,59655.622944,2160,409,742,60.0,120.0,1.779137,0.0,-2.203552,1.779137,2.203552,144.9321,0.24305638292590864,5000
4,2021-12-03 07:54:37.632662,can_tapper11,"rgb(255,127,0)",493.0,450.0,497.0,8.72210953346856,70.75000000000004,81.00000000000004,7.173807632801912,1500,17.205000000000002,0.0,492.0,492.0,0.963253,-26.55078125,10.0,2.062642,0.0087398373983739,0.0087398373983739,0.0095528455284552,4.237288135593221,0.9706238841571015,1.260000000000197,119.99999999999996,0.4097329736549228,59.967852,119.844711,212.337199,2160,340,647,60.0,120.0,1.906647,0.0,-2.103664,1.906647,2.103664,135.91275,9.57894441850088,5000
5,2021-12-06 08:12:36.206141,can_tapper11,"rgb(255,255,51)",485.0,438.0,489.0,9.690721649484535,54.642857142857125,62.08333333333334,3.774890566617316,1500,15.4,0.0,492.0,492.0,0.676912,-46.95192307692308,149.0,2.183406,0.0073170731707317,0.0095528455284552,0.0079268292682926,8.444444444444445,0.8992626164574766,1.5000000000002345,3.678623825607137,0.8900533112088338,59.847112,119.982284,260278.573479,2158,471,528,60.0,120.0,1.780813,0.0,-2.203988,1.780813,2.203988,143.89105,0.20365581906378044,5000
6,2021-12-06 08:18:14.808642,can_tapper11,"rgb(166,86,40)",499.0,442.0,505.0,11.422845691382763,87.00000000000001,96.25,8.768243896995887,1500,15.506666666666666,0.0,486.0,486.0,0.655111,-33.208480565371026,13.0,2.060713,0.0102880658436214,0.0117283950617283,0.0115226337448559,8.423326133909287,1.202658781310768,1.5000000000002345,2.565174071178317,0.8355262110876414,59.813492,119.812792,338.602501,2157,347,368,60.0,120.0,1.541657,0.0,-2.304513,1.541657,2.304513,144.58605,0.33956731098807796,5000
7,2021-12-06 08:50:50.269040,can_tapper11,"rgb(247,129,191)",487.0,439.0,484.0,9.856262833675563,58.21428571428571,52.857142857142826,1.9035652904732356,1500,15.379166666666668,0.0,489.0,489.0,0.681504,-38.7923875432526,489.0,2.084082,0.0098159509202453,0.0098159509202453,0.00920245398773,3.3259423503325944,0.8628376943632131,1.0000000000001563,2.0171482422437275,0.1603441249061744,59.789093,119.809982,1955.460398,2157,427,620,60.0,120.0,1.615108,0.0,-10.113392,1.615108,10.113392,138.67055,7.729152486342376,5000
8,2021-12-06 08:52:05.115946,can_tapper11,"rgb(153,153,153)",505.0,452.0,520.0,10.495049504950495,96.25,100.0,64.05413513516103,1500,15.4,6.0,489.0,483.0,1.069982,-44.34615384615385,6.0,2.069052,0.0072463768115942,0.0109730848861283,0.010351966873706,7.23404255319149,0.736568632482087,1.0000000000001563,2.27471676670449,0.8332113553728797,59.854274,119.9902,74.846906,2158,400,637,60.0,120.0,1.538589,0.0,-2.00815,1.538589,2.00815,143.92035,0.2071882305840498,5000
9,2021-12-06 09:30:45.268621,can_tapper11,"rgb(228,26,28)",485.0,447.0,484.0,7.835051546391752,54.642857142857125,52.857142857142826,1.0502138000948575,1500,15.375,7.0,488.0,481.0,0.976277,-42.893416927899686,485.0,2.082602,0.0049896049896049,0.0079002079002079,0.0047817047817047,2.5,0.7415850777021676,0.5000000000000782,2.892719705486028,0.2146425860403378,59.901221,119.993008,2320.152675,2160,477,657,60.0,120.0,1.653705,0.0,-10.417317,1.653705,10.417317,139.5473,7.1383894563694135,5000
10,2021-12-06 09:32:05.026704,can_tapper11,"rgb(55,126,184)",508.0,443.0,525.0,12.79527559055118,100.0,100.0,74.84123326275844,1500,15.375,5.0,485.0,480.0,0.668803,-45.55161290322581,7.0,2.174438,0.0108333333333333,0.0135416666666666,0.014375,14.87603305785124,0.626306707074806,1.0000000000001563,2.145932504474109,0.8188807519010818,59.866026,119.989291,79.758083,2159,458,696,60.0,120.0,1.448944,0.0,-2.103975,1.448944,2.103975,143.8183,0.2823137442809964,5000
11,2021-12-06 09:47:10.165223,can_tapper11,"rgb(77,175,74)",487.0,428.0,484.0,12.114989733059549,58.21428571428571,52.857142857142826,2.845956820424755,1500,15.341666666666669,5.0,490.0,485.0,0.588018,-48.73214285714285,23.0,2.080275,0.0096907216494845,0.0121649484536082,0.0090721649484536,15.151515151515152,0.5981593602096148,1.5000000000002345,119.99999999999996,0.3494881141479463,59.885299,119.948195,905.138519,2160,315,425,60.0,120.0,1.43797,0.0,-8.408424,1.43797,8.408424,133.44055,7.898531860960711,5000
12,2021-12-06 10:16:31.254854,can_tapper11,"rgb(152,78,163)",485.0,421.0,488.0,13.195876288659797,54.642857142857125,60.0,3.953006201335305,1500,15.275,0.0,491.0,491.0,0.990313,-55.54676258992806,5.0,3.588125,0.0075356415478615,0.0130346232179226,0.0081466395112016,19.290465631929045,1.2597913557723186,1.0000000000001563,2.27471676670449,0.8801258586769531,59.935397,119.931374,1761.089631,2160,352,610,60.0,120.0,1.649242,0.0,-2.304562,1.649242,2.304562,143.71905,0.2938058234145246,5000
13,2021-12-06 10:34:17.070988,can_tapper11,"rgb(255,127,0)",500.0,451.0,508.0,9.8,88.25000000000001,100.0,75.05334891258786,1500,15.275,5.0,488.0,483.0,0.688819,-27.776515151515152,145.0,2.19667,0.0076604554865424,0.0101449275362318,0.0091097308488612,7.758620689655173,0.8740941816169708,1.5000000000002345,2.565174071178317,0.6402606949212186,59.983012,119.957748,1065.816134,2159,408,586,60.0,120.0,1.536581,0.0,-2.206046,1.536581,2.206046,142.9452,0.31387364230339376,5000
14,2021-12-06 10:36:41.051526,can_tapper11,"rgb(255,255,51)",504.0,435.0,518.0,13.690476190476192,95.0,100.0,111.02713378981936,1500,17.119999999999997,4.0,491.0,487.0,0.969779,58.29166666666666,489.0,2.066462,0.0078028747433264,0.0141683778234086,0.0106776180698151,18.629550321199144,1.7706677155881083,1.5000000000002345,17.544825121425337,0.1772933232206368,59.963101,119.895638,143.980538,1692,276,309,60.0,120.0,1.602334,0.0,-2.20574,1.602334,2.20574,124.20709667940054,4.3835062135284115,3403
15,2021-12-06 10:42:10.512549,can_tapper11,"rgb(166,86,40)",493.0,445.0,496.0,9.73630831643002,70.75000000000004,78.00000000000004,2.792436796637845,1500,15.447619047619048,0.0,489.0,489.0,0.94407,-54.11929824561403,8.0,2.051038,0.0087934560327198,0.0098159509202453,0.0094069529652351,5.781584582441114,0.7375225015352713,1.0000000000001563,4.67804510221319,0.8738184279985085,59.802497,119.81298,329.461023,2157,430,568,60.0,120.0,1.525751,0.0,-2.204711,1.525751,2.204711,142.828,0.6302542693935541,5000
16,2021-12-06 10:47:33.222062,can_tapper11,"rgb(247,129,191)",496.0,442.0,500.0,10.887096774193548,78.00000000000004,90.0,3.080499146887665,1500,15.35,3.0,489.0,486.0,0.772201,-31.03249097472924,486.0,2.267011,0.0063786008230452,0.0111111111111111,0.0072016460905349,11.397849462365592,0.6300042450597463,1.2400000000001938,65.80118015445542,0.4494684770733281,59.905909,119.923543,322.709513,2159,335,465,60.0,120.0,1.689757,0.0,-2.306114,1.689757,2.306114,137.97615,8.564717716037471,5000
17,2021-12-06 10:48:10.352193,can_tapper11,"rgb(153,153,153)",496.0,449.0,499.0,9.475806451612904,78.00000000000004,87.00000000000001,26.126420500627194,1500,15.35833333333333,4.0,486.0,482.0,0.760499,-38.27459016393443,7.0,2.260418,0.0074688796680497,0.0097510373443983,0.0080912863070539,8.459869848156183,0.9314031121150764,1.0000000000001563,2.892719705486028,0.6592378407858076,59.964025,119.878029,37.130131,2158,366,509,60.0,120.0,-35.440374,0.0,-39.436245,-35.440374,39.436245,143.1604,0.35038749161317856,5000
18,2021-12-07 07:01:46.625096,can_tapper11,"rgb(228,26,28)",481.0,459.0,,4.573804573804575,47.90178571428569,,,0,15.75,0.0,299.0,299.0,1.051473,-90.46283783783784,5.0,2.051525,0.0046822742474916,0.0073578595317725,,2.78372591006424,0.6024691514244398,0.0200000000000031,3.913484529189812,0.8514931483434907,2.817234,119.979672,72816.272903,1474,311,397,60.0,120.0,1.702556,0.0,0.424735,1.702556,-0.424735,143.40085,0.594371460441001,5000
19,2021-12-16 07:36:08.039748,can_tapper11,"rgb(55,126,184)",473.0,442.0,473.0,6.553911205073996,40.0,40.0,1.1496591079405353e-12,44,19.933333333333334,0.0,349.0,349.0,0.716422,-138.12403100775194,20.0,2.218467,0.0028653295128939,0.0088825214899713,0.0028653295128939,4.635761589403973,0.7143629961727922,1.0000000000001563,3.678623825607137,0.9556875429880926,3.899867,119.928178,779661.414652,1488,270,398,60.0,120.0,1.539855,0.0,0.298026,1.539855,-0.298026,142.4413,0.45146436627363756,5000
20,2021-12-16 09:37:15.952660,can_tapper11,"rgb(77,175,74)",481.0,454.0,,5.613305613305614,47.90178571428569,,,0,13.466666666666663,5.0,357.0,352.0,0.709935,-110.2135231316726,54.0,2.113163,0.0056818181818181,0.0076704545454545,,2.386117136659436,0.4395797821353428,0.5000000000000782,5.275382050040925,0.9392604958205272,1.556985,119.988144,7267.912912,1459,291,455,60.0,120.0,1.678533,0.0,,1.678533,,143.00805,0.6718913491755611,5000
21,2021-12-16 09:41:39.510397,can_tapper11,"rgb(152,78,163)",495.0,426.0,501.0,13.93939393939394,75.58333333333339,91.25,18.21427476189687,1500,13.45,6.5,490.0,483.5,0.651356,-122.07142857142856,7.0,2.147631,0.0113753877973112,0.0142709410548086,0.0126163391933815,17.94871794871795,0.3352880639423634,1.0000000000001563,2.892719705486028,0.799732355569189,59.996518,43.280826,263.557737,1241,259,281,60.0,120.0,1.351982,0.0,-2.305759,1.351982,2.305759,143.28630363036302,0.5952827000279138,1515
22,2022-01-20 08:25:57.775099,can_tapper11,"rgb(255,127,0)",489.0,446.0,493.0,8.793456032719837,62.08333333333334,70.75000000000004,9.841640681468924,697,2.1,0.0,495.0,495.0,0.521371,-10.986206896551725,8.0,2.024439,0.0062626262626262,0.0086868686868686,0.007070707070707,11.20689655172414,0.7952149429032435,1.0000000000001563,3.2620894576029285,0.8460485788242484,16.963946,119.89566,3019458.264702,1644,321,407,60.0,120.0,1.594494,0.0,-2.203984,1.594494,2.203984,142.8213,0.2499075844390222,5000
23,2022-01-24 07:32:32.923586,can_tapper11,"rgb(255,255,51)",488.0,463.0,492.0,5.122950819672131,60.0,68.33333333333339,7.778742833850709,1112,3.5,7.0,304.0,297.0,0.761999,-16.58048780487805,56.0,2.262491,0.006060606060606,0.0084175084175084,0.0074074074074074,3.734439834024896,0.3289112930854156,0.2400000000000375,3.913484529189812,0.8441357616091418,25.270912,119.85697,342395.148487,1743,259,348,60.0,120.0,1.763373,0.0,0.328544,1.763373,-0.328544,144.24395,0.4182533737783256,5000
24,2022-01-24 08:31:49.805103,can_tapper11,"rgb(166,86,40)",484.0,431.0,484.0,10.950413223140496,52.857142857142826,52.857142857142826,1.460800649244552,1500,4.95,10.0,485.0,475.0,0.887794,-21.644787644787645,11.0,2.084442,0.008,0.0111578947368421,0.008,9.287257019438444,1.764448118239038,1.5000000000002345,3.678623825607137,0.7660333371753967,59.995251,119.995725,3556.881517,2159,378,795,60.0,120.0,1.537072,0.0,0.34735,1.537072,-0.34735,144.3159,0.31133033150520906,5000
25,2022-01-25 08:01:13.646631,can_tapper11,"rgb(247,129,191)",448.0,397.0,462.0,11.383928571428571,40.0,40.0,18.531714902981435,1500,6.233333333333333,0.0,495.0,495.0,0.887943,-125.6350974930362,123.0,2.395117,0.0078787878787878,0.0103030303030303,0.0107070707070707,9.535452322738386,1.092730183191798,1.5000000000002345,3.678623825607137,0.7380174116106273,59.889026,119.981499,84563.841528,2160,416,490,60.0,120.0,1.831943,0.0,0.195549,1.831943,-0.195549,139.14195,2.801358102589556,5000
26,2022-01-25 11:27:55.566258,can_tapper11,"rgb(153,153,153)",477.0,433.0,480.0,9.224318658280922,41.56249999999999,46.24999999999997,0.314880139946524,1500,7.796666666666667,6.0,494.0,488.0,0.792976,-93.49469964664311,7.0,2.390395,0.0090163934426229,0.0090163934426229,0.0096311475409836,2.78372591006424,0.5960783189817589,1.0000000000001563,1.9029463547871976,0.5565877174016003,59.889874,119.981325,12401.919627,2160,308,566,60.0,120.0,1.414425,0.0,-2.303875,1.414425,2.303875,132.02645,1.2270855900505548,5000
27,2022-01-25 12:28:00.689893,can_tapper11,"rgb(228,26,28)",480.0,457.0,480.0,4.791666666666667,46.24999999999997,46.24999999999997,4.609637604282655,1500,6.65,0.0,354.0,354.0,0.686331,-80.70462633451957,52.0,2.087749,0.0048022598870056,0.0064971751412429,0.0048022598870056,3.67170626349892,0.4489975539439146,0.0200000000000031,5.948992616750902,0.8708446930561197,59.852419,119.978282,3605.123635,2158,347,451,60.0,120.0,1.747176,0.0,-2.103548,1.747176,2.103548,135.51175,1.249644653432366,5000
28,2022-01-26 07:35:58.318298,can_tapper11,"rgb(55,126,184)",454.0,394.0,454.0,13.215859030837004,40.0,40.0,0.2068889808395942,1500,7.15,0.0,342.0,342.0,0.589709,-88.1018276762402,19.0,2.089709,0.0146198830409356,0.0175438596491228,0.0146198830409356,14.814814814814817,1.4136446407857632,1.5000000000002345,4.413195167492838,0.9117899630818032,59.846187,119.981408,68877.628405,2158,401,479,60.0,120.0,1.565808,0.0,-2.105892,1.565808,2.105892,135.37405,1.4046863444360267,5000
29,2022-01-26 09:03:42.296411,can_tapper11,"rgb(77,175,74)",484.0,436.0,485.0,9.917355371900827,52.857142857142826,54.642857142857125,0.7475647766953226,1500,10.141666666666666,3.5,490.0,486.5,0.685531,-129.96830985915494,97.0,2.190375,0.0098663926002055,0.0098663926002055,0.0100719424460431,2.542372881355932,0.9871137944854932,1.0000000000001563,9.075910610317674,0.8069103332708509,59.98665,119.853675,5263.978113,2160,308,429,60.0,120.0,1.716494,0.0,-2.005761,1.716494,2.005761,143.12425,2.2717133564371306,5000
30,2022-01-27 07:42:40.632569,can_tapper11,"rgb(152,78,163)",405.0,323.0,408.0,20.246913580246915,40.0,40.0,2.155334291259197,1500,5.375,0.0,234.0,234.0,0.958651,-132.07692307692307,7.0,2.055056,0.035042735042735,0.035042735042735,0.0363247863247863,16.408668730650156,5.772329692878516,1.5000000000002345,2.7289468883321724,0.7481831718264726,59.971193,119.906176,81538.336158,2160,383,645,60.0,120.0,1.897282,0.0,0.366575,1.897282,-0.366575,137.3765,2.7724014846335994,5000
31,2022-01-27 09:12:44.861055,can_tapper11,"rgb(255,127,0)",480.0,428.0,481.0,10.833333333333334,46.24999999999997,47.90178571428569,2.0586558921909938e-13,1500,10.6625,0.0,492.0,492.0,0.877168,-146.14590747330962,12.0,2.376125,0.0040650406504065,0.0105691056910569,0.0042682926829268,13.043478260869565,0.4282370122497668,1.0000000000001563,17.544825121425337,0.835683291225797,59.8062,119.837163,5404.228486,2157,304,439,60.0,120.0,1.750016,0.0,0.298699,1.750016,-0.298699,142.6859,4.39387954153103,5000
32,2022-01-27 09:21:26.100844,can_tapper11,"rgb(255,255,51)",496.0,425.0,500.0,14.31451612903226,78.00000000000004,90.0,8.494625997610004,1500,11.1,4.5,489.0,484.5,1.040684,-153.87767584097858,143.0,2.146211,0.0117647058823529,0.0146542827657378,0.0125902992776057,13.895216400911162,1.2822000282167263,1.5000000000002345,3.470356641605033,0.8865465917501364,59.796104,119.820209,521.239789,2157,412,554,60.0,120.0,1.659683,0.0,0.297648,1.659683,-0.297648,143.09475,0.3743166575133027,5000
33,2022-03-15 09:44:19.963826,can_tapper11,"rgb(166,86,40)",557.0,403.0,557.0,27.648114901256733,100.0,100.0,3.177271223367309,690,11.285,0.0,494.0,494.0,0.812076,-64.24024024024024,23.0,3.910546,0.0119433198380566,0.0311740890688259,0.0119433198380566,22.243713733075435,2.5913656108183765,1.0000000000001563,0.6452394786698443,0.8982943784905163,16.810843,119.981603,4062173.862982,1642,368,528,60.0,120.0,1.5743,0.0,-2.104818,1.5743,2.104818,142.4895,0.05692449454859761,5000
34,2022-04-14 08:14:38.731284,can_tapper11,"rgb(247,129,191)",605.0,385.0,605.0,36.36363636363637,100.0,100.0,16.631261180677363,129,11.3,0.0,497.0,497.0,1.131323,-10.203703703703704,193.0,2.033993,0.0376257545271629,0.0442655935613682,0.0376257545271629,29.462365591397848,11.658313396828184,1.5000000000002345,0.7768729930750665,0.6158019140377596,5.587714,119.997157,2586618.767458,1509,229,405,60.0,120.0,1.894443,0.0,0.315321,1.894443,-0.315321,153.4975,0.7004226355376223,5000
35,2022-04-19 07:33:58.915003,can_tapper11,"rgb(153,153,153)",497.0,451.0,,9.25553319919517,81.00000000000004,,,0,17.825,23.0,495.0,472.0,0.82924,-19.75494071146245,494.0,3.327926,0.0048728813559322,0.0097457627118644,,5.2631578947368425,1.1791632873750344,1.0000000000001563,74.73972654976357,0.239813212213341,2.275019,119.864401,429560.183719,1425,260,327,60.0,120.0,4.710171,0.0,0.319633,4.710171,-0.319633,138.54405,5.50380372729576,5000
36,2022-04-19 07:34:25.474679,can_tapper11,"rgb(228,26,28)",500.0,454.0,508.0,9.2,90.0,100.0,82.6300007074564,1290,17.758333333333333,0.0,494.0,494.0,0.916051,-26.29699248120301,28.0,2.813851,0.0093117408906882,0.0093117408906882,0.0109311740890688,2.459016393442623,0.5131846885027478,1.0200000000001594,2.892719705486028,0.6767738837483214,28.834695,119.9834,26.559676,1744,328,436,60.0,120.0,-21.849505,0.0,-26.240043,-21.849505,26.240043,141.0154,0.9163136832730595,5000
37,2022-04-19 13:03:49.727457,can_tapper11,"rgb(55,126,184)",500.0,442.0,501.0,11.6,90.0,91.25,25.264093060699988,296,18.616666666666667,26.5,493.0,466.5,0.729869,-35.15596330275229,28.0,2.130345,0.010075026795284,0.0124330117899249,0.0102893890675241,12.258064516129032,0.6205252984502019,1.0000000000001563,3.913484529189812,0.8416196167470555,8.931461,42.621621,19764.252778,621,137,124,60.0,120.0,1.454701,0.0,0.408551,1.454701,-0.408551,139.66312415654522,0.6701543430089419,1482
38,2022-04-20 08:16:50.247012,can_tapper11,"rgb(77,175,74)",501.0,476.0,504.0,4.990019960079841,91.25,95.0,23.291477904670494,191,18.541666666666668,1.0,387.0,386.0,0.634843,-22.594982078853047,12.0,2.138685,0.0064766839378238,0.0064766839378238,0.0072538860103626,2.459016393442623,0.4060204307265216,0.5000000000000782,6.339790732565064,0.830093751031161,6.843975,119.974076,69180.519555,1524,297,551,60.0,120.0,1.47937,0.0,-2.307441,1.47937,2.307441,140.77695,0.7411450982845313,5000
39,2022-04-20 09:18:49.253907,can_tapper11,"rgb(152,78,163)",504.0,475.0,504.0,5.753968253968254,95.0,95.0,5.871763921546274,755,18.35,1.5,405.0,403.5,0.610822,-21.479508196721312,6.0,2.1095,0.0071871127633209,0.0071871127633209,0.0071871127633209,1.6129032258064515,0.4448917438258099,0.5000000000000782,4.477002937824031,0.8516387278791302,18.109025,119.994175,3719.006895,1659,277,661,60.0,120.0,1.422364,0.0,-2.304276,1.422364,2.304276,140.38775,0.39165433244531717,5000
40,2022-05-16 08:52:17.547990,can_tapper11,"rgb(255,127,0)",491.0,435.0,492.0,11.40529531568228,66.25000000000003,68.33333333333339,4.6416109518261575,1500,15.8,42.0,494.0,452.0,1.012255,-29.854430379746837,108.0,2.018173,0.0070796460176991,0.0123893805309734,0.0073008849557522,16.017316017316016,1.7618275358211375,1.0000000000001563,11.74690886908812,0.7484049273073622,45.174776,119.923339,2244808.294083,1983,394,306,60.0,120.0,1.505791,0.0,-2.006291,1.505791,2.006291,139.831,0.8952090704723048,5000
0,2025-11-05 12:30:17.330882,can_tapper30,"rgb(228,26,28)",497.0,442.0,499.0,11.066398390342052,81.00000000000004,87.00000000000001,6.369149497398741,1500,10.866666666666667,20.0,290.0,270.0,1.593917,-11.243055555555555,154.0,2.102599,0.0129629629629629,0.0203703703703703,0.0137037037037037,9.936575052854122,1.1451700424596936,1.5000000000002345,2.892719705486028,0.269989535040849,59.945714,119.914774,,2160,381,492,60.0,120.0,1.840723,0.0,1.97685,1.840723,-1.97685,141.82325,5.2311920258677524,5000
1,2025-11-05 12:33:27.143982,can_tapper30,"rgb(55,126,184)",509.0,474.0,511.0,6.8762278978389,100.0,100.0,8.027071775364446,699,10.9125,15.0,428.0,413.0,0.856731,-6.147826086956521,26.0,2.355431,0.0053268765133171,0.0084745762711864,0.0058111380145278,6.720977596741344,0.8603063597997381,0.7600000000001188,119.99999999999996,0.2362641377161765,17.002364,94.042418,189.8131,1335,253,283,60.0,120.0,1.695652,0.0,1.95365,1.695652,-1.95365,137.7771403898347,7.083042269950676,4053
2,2026-02-24 13:38:46.840428,can_tapper30,"rgb(77,175,74)",492.0,431.0,496.0,12.398373983739836,68.33333333333339,78.00000000000004,1.3363205939198848,1500,10.008333333333336,18.0,432.0,414.0,1.101073,-27.55128205128205,40.0,2.098573,0.0096618357487922,0.0147342995169082,0.0106280193236714,11.060948081264108,0.8654478313568282,1.0200000000001594,2.565174071178317,0.6848540579265926,59.911745,119.990505,9594319.696446,2160,443,578,60.0,120.0,1.454154,0.0,2.03805,1.454154,-2.03805,143.63885,0.36713095010753255,5000
3,2026-03-02 13:32:31.511431,can_tapper30,"rgb(152,78,163)",496.0,430.0,500.0,13.306451612903224,78.00000000000004,90.0,4.760926560410991,1500,12.79,0.0,357.0,357.0,0.537075,-19.20216606498195,145.0,2.045993,0.0095238095238095,0.0184873949579831,0.0106442577030812,20.346320346320347,2.032326042696325,1.5000000000002345,2.27471676670449,0.6597208847422893,59.933877,119.945225,518024.671003,2160,348,598,60.0,120.0,1.70082,0.0,1.972973,1.70082,-1.972973,144.39075,0.41174730681443955,5000
4,2026-03-02 15:27:46.041950,can_tapper30,"rgb(255,127,0)",508.0,468.0,508.0,7.874015748031496,100.0,100.0,1.6527483802237072e-14,1500,16.875,12.0,456.0,444.0,0.926206,-15.247349823321557,2.0,3.426537,0.006081081081081,0.009009009009009,0.006081081081081,5.410821643286573,0.679367662656313,0.5000000000000782,2.0171482422437275,0.689990248176116,59.89465,119.975001,6914.530519,2160,451,558,60.0,120.0,1.690315,0.0,1.996977,1.690315,-1.996977,142.77975,0.33282817251330077,5000
5,2026-03-05 11:55:58.135259,can_tapper30,"rgb(255,255,51)",503.0,452.0,504.0,10.139165009940358,93.75,95.0,0.6404802846579267,1500,15.330000000000002,16.0,365.0,349.0,1.084044,-24.00990099009901,55.0,2.084023,0.0117478510028653,0.0146131805157593,0.0120343839541547,9.482758620689657,1.299526984768497,1.5000000000002345,1.7887444673306678,0.5237484416619413,59.965774,119.943418,246492.093309,2159,363,599,60.0,120.0,1.497675,0.0,-2.104825,1.497675,2.104825,141.4983,0.6582809254074924,5000
6,2026-03-05 12:42:01.080873,can_tapper30,"rgb(166,86,40)",502.0,449.0,504.0,10.557768924302788,92.5,95.0,0.9421070853808072,1500,16.05,0.0,458.0,458.0,1.108225,-21.775919732441476,138.0,2.111225,0.0087336244541484,0.0115720524017467,0.0091703056768558,3.655913978494624,0.8415894560303292,1.260000000000197,2.0171482422437275,0.5455497185265705,59.990499,119.937125,2762.945614,2160,432,480,60.0,120.0,1.5535,0.0,-2.104075,1.5535,2.104075,141.8689,0.34225168698422387,5000
7,2026-03-05 13:27:40.653327,can_tapper30,"rgb(247,129,191)",507.0,448.0,511.0,11.6370808678501,98.75,100.0,1.9013964006202089,1500,14.733333333333334,0.0,481.0,481.0,1.052549,-18.756849315068493,345.0,2.05112,0.0095634095634095,0.0122661122661122,0.0103950103950103,15.07936507936508,1.8608910067747175,1.260000000000197,1.406595676542853,0.1922351328798116,59.909199,119.893449,2739.572454,2158,403,554,60.0,120.0,1.633449,0.0,-1.904949,1.633449,1.904949,140.64245,4.8144554514252365,5000
8,2026-03-05 13:28:40.470571,can_tapper30,"rgb(153,153,153)",520.0,463.0,569.0,10.961538461538462,100.0,100.0,49.14716850984578,1500,16.73,13.0,345.0,332.0,1.15393,-16.802816901408452,131.0,2.152499,0.0135542168674698,0.0171686746987951,0.0283132530120481,13.043478260869565,0.6595323361556806,1.5000000000002345,1.7887444673306678,0.312790985833514,59.961419,119.852556,59.817244,2158,439,779,60.0,120.0,-58.183795,0.0,1.906105,-58.183795,-1.906105,142.4616,0.3235681988018256,5000
9,2026-03-05 13:44:01.778648,can_tapper30,"rgb(228,26,28)",507.0,449.0,508.0,11.439842209072978,98.75,100.0,0.1455911758183401,1500,16.875,16.0,382.0,366.0,1.157816,-17.945945945945947,21.0,2.154569,0.0109289617486338,0.0158469945355191,0.0112021857923497,9.327548806941431,1.17348087569834,1.5000000000002345,2.0171482422437275,0.4246666506780461,59.958675,119.942776,921.308077,2159,393,678,60.0,120.0,1.646726,0.0,2.000374,1.646726,-2.000374,142.21575,0.31888050184178524,5000
10,2026-03-05 14:19:21.302862,can_tapper30,"rgb(55,126,184)",504.0,445.0,508.0,11.706349206349206,95.0,100.0,1.0691115862712706,1500,17.2,16.5,343.0,326.5,1.071936,-17.179810725552052,155.0,2.168882,0.0165390505359877,0.0180704441041347,0.0177641653905053,17.29957805907173,0.8048790042554127,1.5000000000002345,1.7887444673306678,0.2911307459020631,59.829764,119.815616,2119.524214,2157,390,644,60.0,120.0,1.530892,0.0,-2.006589,1.530892,2.006589,141.78585,0.646943571493697,5000
11,2026-03-05 15:52:30.440835,can_tapper30,"rgb(77,175,74)",500.0,455.0,504.0,9.0,90.0,95.0,1.018987119549449,1500,18.205,17.0,316.0,299.0,1.351948,-28.33118971061093,18.0,3.037988,0.011705685618729,0.0150501672240802,0.0130434782608695,13.333333333333334,0.537641702279205,1.0000000000001563,2.565174071178317,0.3885265377054344,59.980377,119.831574,5589.137973,2158,417,645,60.0,120.0,1.698472,0.0,-2.105302,1.698472,2.105302,142.04835,0.37000291611231767,5000
12,2026-03-05 16:15:49.734753,can_tapper30,"rgb(152,78,163)",500.0,455.0,504.0,9.0,90.0,95.0,0.4811646582951751,1500,18.33333333333333,0.0,328.0,328.0,1.05675,-27.75465838509317,16.0,2.057851,0.0094512195121951,0.0137195121951219,0.010670731707317,8.786610878661088,0.744064426701495,1.0000000000001563,1.7887444673306678,0.4079353751861051,59.884906,119.995974,1399.293918,2160,400,586,60.0,120.0,1.423743,0.0,-0.733395,1.423743,0.733395,142.17985,0.5246632556281554,5000
13,2026-03-05 16:43:17.579715,can_tapper30,"rgb(255,127,0)",522.0,475.0,531.0,9.003831417624522,100.0,100.0,9.762759894558137,1500,18.725,18.0,282.0,264.0,1.391356,-7.352564102564102,221.0,2.090806,0.0162878787878787,0.0178030303030303,0.0196969696969696,6.719367588932807,0.8432933418022448,1.0000000000001563,1.7887444673306678,0.1823169945435171,59.946893,119.967082,1647.844962,2160,440,433,60.0,120.0,1.557406,0.0,-2.104644,1.557406,2.104644,142.17375,4.506801603092737,5000
14,2026-03-05 17:29:13.625330,can_tapper30,"rgb(255,255,51)",500.0,458.0,504.0,8.4,90.0,95.0,0.8885692838080796,1500,18.825,0.0,309.0,309.0,1.233236,-28.621993127147768,17.0,2.331747,0.0090614886731391,0.0135922330097087,0.0103559870550161,7.23404255319149,0.667775151254681,0.7600000000001188,2.0171482422437275,0.3573350531629787,59.993214,119.907139,2756.045615,2160,424,597,60.0,120.0,1.498893,0.0,-2.106315,1.498893,2.106315,142.30285,0.48116076381612416,5000
15,2026-03-05 20:46:52.754628,can_tapper30,"rgb(166,86,40)",500.0,455.0,503.0,9.0,90.0,93.75,1.2905250180107133,1500,18.75,16.0,333.0,317.0,1.254695,-58.61371841155235,20.0,2.257525,0.0085173501577287,0.0141955835962145,0.0094637223974763,13.807531380753138,0.8009052693434187,1.0000000000001563,3.2620894576029285,0.7652888098300479,59.996124,119.885846,11859.129298,2160,395,599,60.0,120.0,1.66385,0.0,-1.907195,1.66385,1.907195,142.8021,0.5571109983952244,5000
16,2026-03-06 09:02:58.564117,can_tapper30,"rgb(247,129,191)",499.0,452.0,500.0,9.4188376753507,87.00000000000001,90.0,4.1561676920411876e-14,1500,14.075,21.0,360.0,339.0,1.296615,-35.1797385620915,145.0,2.397399,0.0117994100294985,0.0138643067846607,0.0120943952802359,10.882956878850102,0.8631084591284388,1.2400000000001938,2.565174071178317,0.6010336827608538,59.99836,119.947969,44165.809489,2160,369,674,60.0,120.0,1.875473,0.0,0.05387,1.875473,-0.05387,142.7827,1.8027078690492864,5000
17,2026-03-06 22:26:07.747308,can_tapper30,"rgb(153,153,153)",496.0,455.0,500.0,8.266129032258064,78.00000000000004,90.0,4.666926518633296,1500,18.525,15.0,302.0,287.0,1.221996,-66.54838709677419,18.0,2.711527,0.0111498257839721,0.0142857142857142,0.0125435540069686,7.296137339055794,0.8402406652169265,0.5000000000000782,1.7887444673306678,0.5044976360474681,59.873955,119.9547,48189.183191,2159,450,697,60.0,120.0,1.464689,0.0,2.044298,1.464689,-2.044298,138.8965,0.893474907024214,5000
18,2026-03-07 19:30:54.515913,can_tapper30,"rgb(228,26,28)",495.0,449.0,499.0,9.292929292929292,75.58333333333339,87.00000000000001,1.2328805479464882,1500,16.93,0.0,294.0,294.0,1.437797,-66.61513157894737,17.0,2.030101,0.0112244897959183,0.0156462585034013,0.0125850340136054,8.15450643776824,0.6077361489639898,1.0000000000001563,2.892719705486028,0.6018930286044779,59.962625,119.941899,75886.768605,2160,371,599,60.0,120.0,1.826425,0.0,-2.008304,1.826425,2.008304,141.06015,1.1185010891532872,5000
19,2026-03-08 11:46:15.140529,can_tapper30,"rgb(55,126,184)",500.0,460.0,503.0,8.0,90.0,93.75,1.9982586658925847,1500,14.325,0.0,277.0,277.0,1.459883,-33.17484662576687,26.0,2.062852,0.0111913357400722,0.0144404332129963,0.0122743682310469,5.128205128205129,0.7060508105849941,0.5000000000000782,2.0171482422437275,0.5837745519911387,59.969174,119.955652,58520.624616,2159,496,668,60.0,120.0,1.681197,0.0,-0.295226,1.681197,0.295226,142.9755,0.19826147261211594,5000
20,2026-03-08 12:51:44.373118,can_tapper30,"rgb(77,175,74)",503.0,434.0,504.0,13.717693836978132,93.75,95.0,2.9232752156300525e-13,1500,15.575,18.0,344.0,326.0,1.062756,-25.469314079422382,132.0,2.159926,0.0171779141104294,0.0211656441717791,0.0174846625766871,14.822546972860126,0.9138071253237257,1.5000000000002345,1.7887444673306678,0.5907204971597146,59.992848,119.966849,3929.232589,2159,494,451,60.0,120.0,1.667196,0.0,1.898874,1.667196,-1.898874,142.4993,0.3346593930874928,5000
21,2026-03-08 14:28:09.287391,can_tapper30,"rgb(152,78,163)",504.0,449.0,507.0,10.912698412698411,95.0,98.75,2.028792012796011,1500,15.0,0.0,306.0,306.0,1.282623,-22.38047138047138,17.0,2.379249,0.0117647058823529,0.0179738562091503,0.0127450980392156,11.864406779661016,0.5313349579369434,1.0000000000001563,1.7887444673306678,0.4878351863874608,59.95303,119.895723,5784.914273,2159,412,563,60.0,120.0,1.456023,0.0,2.098792,1.456023,-2.098792,142.46285,0.20812506025974473,5000
22,2026-03-08 14:57:23.231667,can_tapper30,"rgb(255,127,0)",515.0,448.0,520.0,13.00970873786408,100.0,100.0,4.96359331715228,1500,17.418333333333333,0.0,378.0,378.0,1.070671,-11.188741721854305,132.0,2.16942,0.0124338624338624,0.0177248677248677,0.0137566137566137,7.822410147991543,0.6639492600886852,1.5000000000002345,61.00857412112184,0.3241456851618706,59.889403,119.942346,1753.944276,2160,326,499,60.0,120.0,1.568914,0.0,1.898346,1.568914,-1.898346,143.23315,0.32248934459213185,5000
23,2026-04-02 15:00:33.385433,can_tapper30,"rgb(255,255,51)",496.0,446.0,500.0,10.080645161290322,78.00000000000004,90.0,4.002446223308841,1500,14.075,16.5,339.0,322.5,1.235956,-28.108474576271185,135.0,2.335723,0.0136434108527131,0.0155038759689922,0.0148837209302325,9.322033898305085,0.7100587846168986,1.5000000000002345,2.419945418941404,0.6278706299386025,59.945616,119.992726,2160190.153766,2160,408,629,60.0,120.0,1.742263,0.0,-1.904469,1.742263,1.904469,144.32775,0.3668710350671868,5000
24,2026-04-14 00:16:54.133304,can_tapper30,"rgb(166,86,40)",504.0,452.0,507.0,10.317460317460316,95.0,98.75,4.44444641975264,1500,15.04,,,,,,,,,,,6.693711967545639,1.1309422041477188,1.0000000000001563,5.948992616750902,0.6878618361865914,59.965524,119.94042,983780.747871,2160,0,557,60.0,120.0,1.642567,0.0,-1.904199,1.642567,1.904199,143.1552,0.9588909501977977,5000
25,2026-04-14 20:24:51.504002,can_tapper30,"rgb(247,129,191)",499.0,462.0,500.0,7.414829659318638,87.00000000000001,90.0,1.0572804699021432,1500,24.12,0.0,267.0,267.0,1.037777,-55.46545454545455,10.0,2.042775,0.0097378277153558,0.0138576779026217,0.0101123595505617,7.563025210084033,0.9428674735476922,0.5000000000000782,22.311464047271706,0.5474750003653706,59.967156,119.840575,72477.370698,2159,344,537,60.0,120.0,1.622776,0.0,-2.003999,1.622776,2.003999,139.9347,2.25929896126196,5000
26,2026-04-14 21:07:45.353215,can_tapper30,"rgb(153,153,153)",510.0,458.0,511.0,10.196078431372548,100.0,100.0,0.9859204381863964,1500,21.3,0.0,392.0,392.0,0.651433,-18.614035087719294,24.0,2.149899,0.011734693877551,0.0132653061224489,0.0119897959183673,5.172413793103448,0.8417150749103263,1.0000000000001563,2.565174071178317,0.636814129354699,59.946461,119.986648,2573.849213,2160,416,574,60.0,120.0,1.477174,0.0,-1.904152,1.477174,1.904152,143.5722,0.2697252497302321,5000
27,2026-04-15 09:12:36.435127,can_tapper30,"rgb(228,26,28)",467.0,440.0,479.0,5.781584582441114,40.0,44.68749999999998,2.8815568362469373,1500,14.458333333333332,52.0,198.0,146.0,1.014297,-53.21799307958477,94.0,2.011155,0.0116438356164383,0.0184931506849315,0.0198630136986301,3.111111111111111,0.699638257802953,0.2600000000000406,6.708616137836345,0.973939231711988,59.948974,119.961475,43491.081912,2159,430,658,60.0,120.0,1.550155,0.0,-1.906139,1.550155,1.906139,135.4747,0.747125524467073,5000
28,2026-04-15 09:46:47.334342,can_tapper30,"rgb(55,126,184)",507.0,480.0,507.0,5.325443786982249,98.75,98.75,1.1704805202133388,1500,17.718333333333334,12.0,181.0,169.0,0.833651,-42.88030888030888,12.0,2.335226,0.0118343195266272,0.0159763313609467,0.0118343195266272,4.312114989733059,0.6084478188100672,0.5000000000000782,3.2620894576029285,0.734272444009039,59.963001,119.871381,2050.899215,2158,368,676,60.0,120.0,1.578606,0.0,-2.104281,1.578606,2.104281,142.26995,0.6376878755827818,5000
29,2026-04-15 10:06:54.113817,can_tapper30,"rgb(77,175,74)",505.0,473.0,507.0,6.336633663366337,96.25,98.75,1.5500006888890048,1500,19.55,0.0,234.0,234.0,0.550879,-25.517543859649123,17.0,2.54667,0.0094017094017094,0.0136752136752136,0.0102564102564102,5.785123966942149,0.6505518075883022,0.5000000000000782,3.2620894576029285,0.7564957103448066,59.859187,119.981718,1206.779475,2159,324,813,60.0,120.0,1.373561,0.0,-2.10403,1.373561,2.10403,143.74795,0.3292491131282272,5000
30,2026-04-15 13:07:33.067301,can_tapper30,"rgb(152,78,163)",500.0,479.0,501.0,4.2,90.0,91.25,4.147148509842983,1500,23.428571428571427,0.0,138.0,138.0,0.998749,-44.43514644351465,9.0,2.398218,0.0123188405797101,0.0152173913043478,0.0130434782608695,2.691511387163561,0.5358052705540856,0.0200000000000031,5.275382050040925,0.724390110366407,59.971006,119.960474,10838.953484,2160,352,561,60.0,120.0,1.643025,0.0,-1.9045,1.643025,1.9045,141.9044,1.1712109062835154,5000
31,2026-04-15 13:39:29.042418,can_tapper30,"rgb(255,127,0)",508.0,485.0,511.0,4.52755905511811,100.0,100.0,4.280526346900012,1500,24.35,7.0,128.0,121.0,1.009475,-9.581589958158997,34.0,2.013626,0.0157024793388429,0.0190082644628099,0.0181818181818181,3.067484662576687,0.425974675375784,0.0200000000000031,2.565174071178317,0.5050614784430263,59.976899,119.937744,1915.975117,2159,372,554,60.0,120.0,1.688994,0.0,-2.1034,1.688994,2.1034,144.04285,0.6034892023420597,5000
32,2026-04-15 18:56:09.165879,can_tapper30,"rgb(255,255,51)",496.0,465.0,497.0,6.25,78.00000000000004,81.00000000000004,9.606039824904936,1500,28.1,0.0,167.0,167.0,0.799799,-54.99586776859504,32.0,2.308402,0.0161676646706586,0.018562874251497,0.0167664670658682,4.40251572327044,0.4756622470445384,0.5000000000000782,17.544825121425337,0.8117178329676151,59.934998,119.981192,19000.123461,2159,331,499,60.0,120.0,1.8208,0.0,-2.107256,1.8208,2.107256,136.52535,1.8283977918378869,5000
33,2026-04-15 20:27:03.419379,can_tapper30,"rgb(166,86,40)",496.0,465.0,497.0,6.25,78.00000000000004,81.00000000000004,8.077523590009228,1500,25.475,4.0,171.0,167.0,0.741719,-50.28888888888889,33.0,2.242976,0.0119760479041916,0.018562874251497,0.0125748502994011,3.673469387755102,0.5615476006654951,0.5000000000000782,25.160402341872658,0.8261333916248631,59.861024,119.957101,5454.2535,2158,318,722,60.0,120.0,1.678799,0.0,-2.102651,1.678799,2.102651,139.4749,3.1507388690726814,5000
34,2026-04-22 14:39:51.829379,can_tapper30,"rgb(247,129,191)",495.0,438.0,499.0,11.515151515151516,75.58333333333339,87.00000000000001,7.544225575209892,1500,11.0,18.0,443.0,425.0,0.42207,-45.48874598070739,25.0,2.019542,0.0051764705882352,0.0134117647058823,0.0061176470588235,10.359408033826638,2.031921384458632,1.5000000000002345,3.2620894576029285,0.8274815990791952,59.934475,119.975127,583968.41,2160,458,529,60.0,120.0,1.610149,0.0,-2.003871,1.610149,2.003871,143.1476,0.25995721869411564,5000
35,2026-04-22 15:37:50.173665,can_tapper30,"rgb(153,153,153)",495.0,444.0,499.0,10.303030303030305,75.58333333333339,87.00000000000001,5.35823349254765,1500,11.841666666666663,0.0,476.0,476.0,0.526933,-46.849624060150376,21.0,2.030029,0.0046218487394957,0.0107142857142857,0.0054621848739495,7.017543859649122,1.599769863999594,1.0200000000001594,2.27471676670449,0.7723150176123648,59.781999,119.824075,3478.344286,2157,352,563,60.0,120.0,1.471348,0.0,-1.909868,1.471348,1.909868,143.444,0.4474696032237353,5000
36,2026-05-06 09:27:42.121176,can_tapper30,"rgb(228,26,28)",495.0,445.0,494.0,10.1010101010101,75.58333333333339,73.16666666666671,3.433574859365841,1500,9.0,21.0,318.0,297.0,1.25638,-11.013029315960912,424.0,2.352864,0.0121212121212121,0.0168350168350168,0.0117845117845117,9.090909090909092,1.0898959453488477,1.0000000000001563,2.27471676670449,0.1073200801602535,59.812305,119.810789,1187391.947511,2157,441,496,60.0,120.0,1.524509,0.0,-2.104481,1.524509,2.104481,137.8077,7.86051068542287,5000
37,2026-05-06 09:28:34.541937,can_tapper30,"rgb(55,126,184)",504.0,449.0,572.0,10.912698412698411,95.0,100.0,103.90201062309929,1500,11.0,21.0,424.0,403.0,1.055052,8.88659793814433,497.0,2.054734,0.0101736972704714,0.0136476426799007,0.0270471464019851,7.6923076923076925,0.9726283899576992,1.5000000000002345,119.99999999999996,0.2122939469789531,59.967241,119.918999,52.420761,2160,451,571,60.0,120.0,-50.896252,0.0,-54.525242,-50.896252,54.525242,135.89585,9.451931447017474,5000
38,2026-05-06 09:29:42.877294,can_tapper30,"rgb(77,175,74)",515.0,453.0,574.0,12.03883495145631,100.0,100.0,87.9328479701409,1500,8.966666666666665,0.0,365.0,365.0,1.063371,23.96652719665272,497.0,2.161796,0.0134246575342465,0.016986301369863,0.0295890410958904,8.403361344537815,0.8996848175099076,1.5000000000002345,28.37311996486042,0.3649138920243743,59.966698,119.840026,68.335357,2159,395,467,60.0,120.0,1.724995,0.0,-1.904824,1.724995,1.904824,126.37895,6.4916244219014345,5000
39,2026-05-06 09:50:01.944491,can_tapper30,"rgb(152,78,163)",496.0,448.0,499.0,9.67741935483871,78.00000000000004,87.00000000000001,1.1178938301750518,1500,9.1,0.0,321.0,321.0,1.21501,-25.076666666666668,27.0,2.214177,0.0090342679127725,0.0149532710280373,0.0099688473520249,7.758620689655173,0.9221619744597368,1.0000000000001563,2.27471676670449,0.6777194894765413,59.968583,119.921042,1219.067197,2160,419,602,60.0,120.0,1.540293,0.0,-2.104277,1.540293,2.104277,144.1409,0.36680935078038956,5000
40,2026-05-06 11:17:54.664972,can_tapper30,"rgb(255,127,0)",496.0,435.0,500.0,12.298387096774194,78.00000000000004,90.0,4.1180018302222825,1500,9.7125,0.0,457.0,457.0,0.517588,-18.221153846153847,20.0,2.019107,0.0083150984682713,0.0133479212253829,0.0091903719912472,12.663755458515285,1.888676209629878,1.260000000000197,2.145932504474109,0.7397881312327457,59.883491,119.994531,5272.720481,2160,465,597,60.0,120.0,1.648823,0.0,-2.008442,1.648823,2.008442,143.5426,0.400365206355022,5000
41,2026-05-06 12:17:14.845104,can_tapper30,"rgb(255,255,51)",498.0,449.0,500.0,9.839357429718875,83.87499999999999,90.0,2.4663477628206127,1500,10.475,0.0,476.0,476.0,1.20029,-20.533546325878596,142.0,2.198231,0.0081932773109243,0.0102941176470588,0.0086134453781512,7.592190889370933,0.7112712897828093,1.5000000000002345,2.565174071178317,0.7146810849633292,59.981373,119.884871,3560.180132,2159,435,565,60.0,120.0,1.839605,0.0,-2.004625,1.839605,2.004625,143.66455,0.2434597544367712,5000
42,2026-05-06 12:54:14.564120,can_tapper30,"rgb(166,86,40)",511.0,455.0,515.0,10.95890410958904,100.0,100.0,4.084410704181996,1500,13.02,17.0,335.0,318.0,1.082543,-13.99652777777778,20.0,2.080578,0.0113207547169811,0.0176100628930817,0.0125786163522012,9.917355371900827,0.9623351281301932,1.5000000000002345,1.7887444673306678,0.4082345819117149,59.978847,119.875416,2219.719016,2157,425,429,60.0,120.0,1.530096,0.0,-1.90755,1.530096,1.90755,142.13715,0.7298177199006927,5000
43,2026-05-06 13:15:33.626307,can_tapper30,"rgb(247,129,191)",505.0,470.0,508.0,6.930693069306932,96.25,100.0,5.194642308728606,1500,11.6625,0.0,430.0,430.0,1.0562,-16.355311355311354,20.0,2.056794,0.0067441860465116,0.0081395348837209,0.0074418604651162,5.042016806722689,0.9443777549603288,0.5000000000000782,1.7887444673306678,0.3743178091648039,59.884001,119.933426,1279.062187,2159,367,453,60.0,120.0,1.274399,0.0,-2.105125,1.274399,2.105125,142.2862,0.44933833687775027,5000
44,2026-05-06 13:35:46.455172,can_tapper30,"rgb(153,153,153)",507.0,465.0,511.0,8.284023668639055,98.75,100.0,5.26194900530968,1500,13.566666666666666,18.0,284.0,266.0,1.3854,-14.479310344827589,18.0,2.983374,0.0146616541353383,0.0157894736842105,0.0161654135338345,8.333333333333334,0.8872530557843046,1.0000000000001563,1.7887444673306678,0.2769898687221229,59.998395,119.936129,1212.828865,2160,444,611,60.0,120.0,1.830599,0.0,-1.904245,1.830599,1.904245,142.3064,0.5802037291097764,5000
45,2026-05-06 15:10:03.232217,can_tapper30,"rgb(228,26,28)",499.0,442.0,500.0,11.422845691382763,87.00000000000001,90.0,0.0104533379791238,1500,11.45,17.0,335.0,318.0,1.127568,-33.52063492063492,144.0,2.129275,0.0122641509433962,0.0179245283018867,0.0125786163522012,6.557377049180328,0.9280679002321796,1.0200000000001594,2.27471676670449,0.6950461024509811,59.930177,119.931424,5656.777045,2159,454,652,60.0,120.0,1.687068,0.0,-2.006129,1.687068,2.006129,143.4477,1.4488131425080883,5000
46,2026-06-03 20:18:53.237824,can_tapper30,"rgb(55,126,184)",515.0,464.0,522.0,9.902912621359224,100.0,100.0,5.101095600485663,1500,18.075,0.0,287.0,287.0,1.235569,-11.88888888888889,25.0,2.333893,0.0121951219512195,0.0177700348432055,0.0146341463414634,12.127236580516898,0.8140078092626479,1.0000000000001563,58.350444692249376,0.4708211151484626,59.924399,119.802759,2437730.005607,2157,201,268,60.0,120.0,1.250718,0.0,-2.108344,1.250718,2.108344,132.39885,5.385204848819824,5000
47,2026-06-04 00:29:51.714723,can_tapper30,"rgb(77,175,74)",496.0,451.0,500.0,9.07258064516129,78.00000000000004,90.0,6.407949514643191,1500,20.0,0.0,409.0,409.0,0.443007,-26.73384030418251,327.0,2.044183,0.0041564792176039,0.011002444987775,0.0051344743276283,8.074534161490684,1.7630366835356623,1.0000000000001563,74.20329583699333,0.1014478195696093,59.969343,119.953568,15058.476899,2160,380,503,60.0,120.0,1.829508,0.0,-2.105293,1.829508,2.105293,134.79675,7.262041681743542,5000
48,2026-06-04 00:31:37.169431,can_tapper30,"rgb(152,78,163)",507.0,462.0,516.0,8.875739644970414,98.75,100.0,11.19566719807225,1500,20.09166666666667,23.0,327.0,304.0,1.245645,-47.56666666666667,26.0,2.34686,0.0131578947368421,0.0148026315789473,0.0161184210526315,7.7894736842105265,0.967212372593689,1.0000000000001563,2.27471676670449,0.5860561490679868,59.89295,119.978524,105.454708,2159,407,652,60.0,120.0,1.614574,0.0,-2.005899,1.614574,2.005899,143.89745,0.4562210265045179,5000
49,2026-06-04 00:48:24.846821,can_tapper30,"rgb(255,127,0)",516.0,459.0,520.0,11.046511627906977,100.0,100.0,3.634099392932639,1500,20.30833333333333,0.0,485.0,485.0,0.44898,-27.0390625,23.0,2.047527,0.0039175257731958,0.0117525773195876,0.0045360824742268,10.040160642570282,2.1617712692411404,1.5000000000002345,95.04527461955672,0.4255196122962276,59.897044,119.984848,1007.67739,2160,159,295,60.0,120.0,1.565824,0.0,-2.103571,1.565824,2.103571,134.20305,5.267813414419039,5000
50,2026-06-04 01:08:39.275721,can_tapper30,"rgb(255,255,51)",508.0,454.0,515.0,10.62992125984252,100.0,100.0,5.272597898931402,1500,20.075,0.0,403.0,403.0,1.062501,-31.377551020408163,31.0,2.062902,0.0076923076923076,0.0133995037220843,0.0094292803970223,12.5,2.0062878178939485,1.0000000000001563,1.7887444673306678,0.6724748241991266,59.919198,119.96295,1214.4289,2160,345,533,60.0,120.0,1.426219,0.0,-1.90395,1.426219,1.90395,143.6135,0.3062866505457694,5000
51,2026-06-04 01:11:21.652858,can_tapper30,"rgb(166,86,40)",516.0,461.0,524.0,10.65891472868217,100.0,100.0,11.075889367060013,1500,20.14666666666667,21.5,318.0,296.5,1.141037,-17.105263157894736,38.0,2.230663,0.0124789207419898,0.0185497470489038,0.0151770657672849,5.128205128205129,0.5081657070353315,1.0200000000001594,119.99999999999996,0.5579606401244709,59.997943,119.878938,162.377137,2159,318,543,60.0,120.0,1.336882,0.0,-2.007488,1.336882,2.007488,134.50765,6.273218841426388,5000
52,2026-06-04 01:16:16.248821,can_tapper30,"rgb(247,129,191)",508.0,450.0,511.0,11.41732283464567,100.0,100.0,4.171761854115548,1500,20.085,0.0,395.0,395.0,1.114698,-20.90829694323144,30.0,2.209274,0.010632911392405,0.0146835443037974,0.0113924050632911,9.956709956709958,0.8585707327699579,1.0000000000001563,119.99999999999996,0.4890469039478132,59.987762,119.858698,294.595963,2160,302,343,60.0,120.0,1.515774,0.0,-1.904576,1.515774,1.904576,135.3106,7.190644527004836,5000
53,2026-06-04 01:30:13.061061,can_tapper30,"rgb(153,153,153)",503.0,448.0,504.0,10.934393638170974,93.75,95.0,2.388125505833079,1500,20.135,0.0,343.0,343.0,1.222757,-43.286206896551725,26.0,2.217108,0.0099125364431486,0.0160349854227405,0.010204081632653,9.803921568627452,1.042619994251182,1.0000000000001563,2.565174071178317,0.739038952767374,59.86895,119.994706,836.81224,2159,338,446,60.0,120.0,1.731701,0.0,-1.904768,1.731701,1.904768,144.4008,0.2356808628078727,5000
54,2026-06-04 02:09:29.228633,can_tapper30,"rgb(228,26,28)",511.0,467.0,512.0,8.610567514677104,100.0,100.0,3.0753969223980486,1500,20.025,0.0,483.0,483.0,0.991745,-28.253968253968253,17.0,2.092924,0.0076604554865424,0.0091097308488612,0.0078674948240165,8.130081300813009,1.21104371745791,1.0000000000001563,2.0171482422437275,0.6901433264397525,59.904929,119.981876,2356.167572,2159,417,478,60.0,120.0,1.355618,0.0,-1.908901,1.355618,1.908901,143.0757,0.2787652274052169,5000
55,2026-06-04 02:44:58.683046,can_tapper30,"rgb(55,126,184)",511.0,450.0,515.0,11.937377690802348,100.0,100.0,5.114828939923368,1500,19.821428571428573,0.0,490.0,490.0,0.382128,-20.679180887372013,24.0,2.38323,0.0048979591836734,0.0124489795918367,0.0057142857142857,11.67728237791932,1.970961908737064,1.0000000000001563,2.0171482422437275,0.7871427464593665,59.962994,119.906235,2129.454413,2159,417,686,60.0,120.0,1.650459,0.0,-2.108399,1.650459,2.108399,143.52165,0.44663595268923084,5000
0,2025-11-06 14:12:46.431860,can_tapper31,"rgb(228,26,28)",493.0,452.0,496.0,8.316430020283976,70.75000000000004,78.00000000000004,7.596933883749633,979,12.875,11.0,434.0,423.0,0.818476,-1.6,482.0,2.325077,0.0075650118203309,0.009692671394799,0.0082742316784869,8.742004264392325,0.6225406907129294,0.5000000000000782,1.7887444673306678,0.0590301912178143,22.608545,119.973148,,1322,235,320,60.0,120.0,1.809775,0.0,2.094504,1.809775,-2.094504,131.97207409486387,8.896157927813462,3563
1,2025-11-06 14:14:08.552028,can_tapper31,"rgb(55,126,184)",492.0,447.0,495.0,9.146341463414634,68.33333333333339,75.58333333333339,7.759044286630663,860,13.919999999999998,10.0,482.0,472.0,0.94622,-6.666666666666667,18.0,2.942523,0.0055084745762711,0.0095338983050847,0.0061440677966101,9.871244635193133,0.5361086448334291,0.5000000000000782,119.99999999999996,0.3374017117560387,59.959165,67.853281,82.120168,1145,201,213,60.0,120.0,1.57464,0.0,2.023518,1.57464,-2.023518,130.17325920524974,7.3957123586584705,2743
2,2025-11-20 08:14:06.445153,can_tapper31,"rgb(77,175,74)",485.0,428.0,492.0,11.752577319587628,54.642857142857125,68.33333333333339,5.512535783348127,1500,3.71,0.0,486.0,486.0,1.256218,-6.399361022364217,152.0,2.25875,0.0086419753086419,0.0117283950617283,0.0100823045267489,5.990783410138249,0.6328734005654851,1.5000000000002345,2.892719705486028,0.8552519878049387,59.987924,119.868074,1187997.893125,2160,417,517,60.0,120.0,1.898175,0.0,2.107474,1.898175,-2.107474,141.5,0.0,5000
3,2025-11-20 10:57:23.914498,can_tapper31,"rgb(152,78,163)",484.0,432.0,484.0,10.743801652892564,52.857142857142826,52.857142857142826,4.4491219773865405,1500,4.95,19.0,301.0,282.0,1.926352,-11.645061728395062,382.0,2.430244,0.0138297872340425,0.0184397163120567,0.0138297872340425,7.349665924276169,0.7251838946992745,1.5000000000002345,2.27471676670449,0.1739744784487435,59.950548,119.950576,9797.469345,2160,427,626,60.0,120.0,1.984339,0.0,2.304898,1.984339,-2.304898,136.79545,7.95870215459141,5000
4,2025-11-20 10:58:26.723365,can_tapper31,"rgb(255,127,0)",492.0,427.0,512.0,13.211382113821138,68.33333333333339,100.0,97.60852338155031,1500,5.7,18.5,382.0,363.5,1.161577,-24.087662337662337,148.0,2.156295,0.0156808803301237,0.0178817056396148,0.0211829436038514,4.016913319238901,0.9812279690839052,1.5000000000002345,1.9029463547871976,0.8317880454533564,59.985268,119.9213,62.808867,2160,479,729,60.0,120.0,1.661307,0.0,3.727801,1.661307,-3.727801,141.22465,0.2445032389700549,5000
5,2025-11-20 11:16:59.947622,can_tapper31,"rgb(255,255,51)",493.0,418.0,500.0,15.212981744421908,70.75000000000004,90.0,5.797958132424857,1500,5.283333333333333,30.0,375.0,345.0,1.149397,-19.34313725490196,157.0,2.149371,0.0150724637681159,0.0217391304347826,0.0171014492753623,14.476614699331847,0.9909601265926408,1.5000000000002345,2.892719705486028,0.8929291766818269,59.991476,119.888024,1113.224257,2160,445,459,60.0,120.0,1.776231,0.0,2.022826,1.776231,-2.022826,141.32955,0.19497923192015437,5000
6,2025-11-20 11:20:24.319996,can_tapper31,"rgb(166,86,40)",508.0,441.0,564.0,13.188976377952756,100.0,100.0,66.39385173059009,1500,5.308333333333333,0.0,308.0,308.0,1.59087,-19.6159169550173,168.0,2.088119,0.0155844155844155,0.0217532467532467,0.0337662337662337,8.620689655172415,0.6290540622092824,1.5000000000002345,2.0171482422437275,0.8437754658257823,59.981255,119.869843,204.372374,2159,435,768,60.0,120.0,1.715154,0.0,2.051325,1.715154,-2.051325,142.0125,0.06960401528494677,5000
7,2025-11-20 11:23:08.330320,can_tapper31,"rgb(247,129,191)",524.0,451.0,568.0,13.931297709923664,100.0,100.0,26.9796031020414,1500,5.461904761904762,0.0,311.0,311.0,1.262149,21.123711340206185,499.0,2.259318,0.0160771704180064,0.0234726688102893,0.030225080385852,16.430020283975658,0.6187091179478563,3.000000000000469,119.99999999999996,0.0964421985056982,59.958094,119.92301,164.010324,2121,455,621,60.0,120.0,1.363249,0.0,2.032452,1.363249,-2.032452,132.9318,10.061337876444346,5000
8,2025-11-20 11:24:14.388589,can_tapper31,"rgb(153,153,153)",500.0,462.0,492.0,7.6,90.0,68.33333333333339,22.8372723721174,1500,5.725,0.0,398.0,398.0,0.826977,-27.3,-10.0,,0.007286432160804,0.0095477386934673,0.0057788944723618,6.157112526539279,0.7713522415943906,0.7600000000001188,2.0171482422437275,0.8117184195415876,59.969273,119.88983,66.058269,2121,460,457,60.0,120.0,1.666782,0.0,1.90128,1.666782,-1.90128,142.0916,0.29257744327277696,5000
9,2025-11-27 15:08:16.519270,can_tapper31,"rgb(228,26,28)",479.0,436.0,483.0,8.977035490605429,44.68749999999998,51.20535714285712,4.701744377983959,1342,5.04,0.0,338.0,338.0,1.026408,-29.88,92.0,2.124134,0.0127218934911242,0.0127218934911242,0.0139053254437869,2.5641025641025643,0.7307623668463975,1.0000000000001563,3.678623825607137,0.8619324536361136,29.854241,119.97468,618242.130681,1800,325,537,60.0,120.0,1.704704,0.0,-2.105171,1.704704,2.105171,141.9222,0.25036912137755374,5000
10,2025-11-28 09:04:01.793514,can_tapper31,"rgb(55,126,184)",479.0,415.0,480.0,13.361169102296447,44.68749999999998,46.24999999999997,5.118562274915557,1500,11.8,13.0,287.0,274.0,1.618524,-65.16666666666667,150.0,2.118579,0.010948905109489,0.0233576642335766,0.0113138686131386,17.180616740088105,0.7254914247523219,1.5000000000002345,3.470356641605033,0.8828831702456919,59.882995,119.983856,64545.274244,2159,365,628,60.0,120.0,1.748074,0.0,-2.106018,1.748074,2.106018,142.1528,0.2548335692753276,5000
11,2025-12-16 12:47:37.947398,can_tapper31,"rgb(77,175,74)",500.0,462.0,,7.6,90.0,,,0,6.016666666666668,0.0,460.0,460.0,0.812386,-2.982832618025751,6.0,2.815006,0.0041304347826086,0.0082608695652173,,2.240325865580448,0.2635311785220441,0.5000000000000782,3.2620894576029285,0.7721044970749851,0.053574,119.986971,1568616.153884,1442,239,471,60.0,120.0,1.431689,0.0,,1.431689,,141.6793,0.5808347301915352,5000
12,2025-12-17 10:47:07.005753,can_tapper31,"rgb(152,78,163)",493.0,450.0,496.0,8.72210953346856,70.75000000000004,78.00000000000004,11.81488626833473,672,12.1,0.0,369.0,369.0,1.011498,-12.659763313609467,358.0,2.014199,0.0075880758807588,0.0116531165311653,0.0084010840108401,11.67728237791932,0.913547616926586,1.0000000000001563,2.7289468883321724,0.226620654195308,16.45605,119.907874,79169.058355,1638,361,496,60.0,120.0,1.599448,0.0,-1.904098,1.599448,1.904098,138.65625,5.86285749930105,5000
13,2025-12-17 10:48:30.392632,can_tapper31,"rgb(255,127,0)",501.0,439.0,564.0,12.375249500998004,91.25,100.0,58.90047062242214,1500,12.155,29.0,358.0,329.0,1.087995,-21.04140127388535,35.0,2.090225,0.0112462006079027,0.0188449848024316,0.0303951367781155,13.304721030042918,0.8426346057334744,1.0000000000001563,1.7887444673306678,0.7280639471828504,59.834125,119.824001,83.386879,2157,485,637,60.0,120.0,1.306052,0.0,-1.905949,1.306052,1.905949,141.10965,0.20892129408324395,5000
14,2026-02-12 10:52:33.295564,can_tapper31,"rgb(255,255,51)",487.0,440.0,488.0,9.650924024640656,58.21428571428571,60.0,0.9955826647033864,1500,5.975,0.0,335.0,335.0,1.461941,-13.301948051948052,31.0,2.064524,0.0104477611940298,0.0140298507462686,0.0107462686567164,6.13107822410148,0.7650490030063126,1.0000000000001563,2.892719705486028,0.8193558303798548,59.795957,119.889248,4925042.902932,2157,531,844,60.0,120.0,1.825897,0.0,2.144349,1.825897,-2.144349,140.85405,0.17390269097738714,5000
15,2026-02-12 11:30:07.625654,can_tapper31,"rgb(166,86,40)",488.0,426.0,488.0,12.704918032786884,60.0,60.0,2.976827989700914,1500,6.496666666666667,13.0,311.0,298.0,1.032174,-4.173584905660378,18.0,2.632893,0.0110738255033557,0.0208053691275167,0.0110738255033557,11.617312072892938,1.0081115297434875,1.0000000000001563,119.99999999999996,0.552780475049833,59.922679,119.936925,2254.33009,2159,370,718,60.0,120.0,1.381143,0.0,-1.90395,1.381143,1.90395,128.75065,7.672247698976399,5000
16,2026-02-12 11:33:07.918178,can_tapper31,"rgb(247,129,191)",488.0,436.0,492.0,10.655737704918032,60.0,68.33333333333339,3.5471571320692723,1500,6.475,12.0,303.0,291.0,1.214719,-7.574545454545454,300.0,2.211644,0.0140893470790378,0.0178694158075601,0.0154639175257731,15.517241379310343,1.155543622614786,1.0000000000001563,119.99999999999996,0.248532867517452,59.967375,119.974269,180.292524,2160,363,612,60.0,120.0,1.419894,0.0,-1.904906,1.419894,1.904906,132.5929,8.508216472299237,5000
17,2026-02-12 11:34:54.843683,can_tapper31,"rgb(153,153,153)",492.0,444.0,500.0,9.75609756097561,68.33333333333339,90.0,13.218459208201924,1500,6.625,12.0,300.0,288.0,1.4445,29.65652173913044,499.0,2.046263,0.0111111111111111,0.0166666666666666,0.0138888888888888,6.263498920086393,0.8457686892909688,1.0000000000001563,36.08162758099249,0.4369876820184195,59.981229,119.961114,106.925505,2159,354,404,60.0,120.0,1.82692,0.0,-1.905005,1.82692,1.905005,125.6126,7.575971905310965,5000
18,2026-02-12 11:38:36.182152,can_tapper31,"rgb(228,26,28)",488.0,421.0,492.0,13.729508196721312,60.0,68.33333333333339,7.648554510467329,1500,6.8575,21.5,368.0,346.5,1.060523,-21.910596026490065,144.0,2.060923,0.0173160173160173,0.0193362193362193,0.0184704184704184,12.775330396475772,1.4618076797485484,1.260000000000197,2.0171482422437275,0.8147235442987765,59.875699,119.94305,221.338469,2158,397,698,60.0,120.0,1.673649,0.0,-2.104001,1.673649,2.104001,141.41305,0.3680071784037972,5000
19,2026-02-13 07:55:00.512894,can_tapper31,"rgb(55,126,184)",493.0,453.0,493.0,8.113590263691684,70.75000000000004,70.75000000000004,2.261529894013118,1500,9.55,0.0,299.0,299.0,1.405414,-14.025641025641026,96.0,2.00055,0.0110367892976588,0.0133779264214046,0.0110367892976588,4.439746300211416,0.4769116700732741,1.0000000000001563,3.077404581544478,0.8726146727112376,60.000695,119.84375,72984.330742,2158,392,719,60.0,120.0,1.44144,0.0,-2.10555,1.44144,2.10555,142.4963,0.052790788718011405,5000
20,2026-02-13 09:14:53.473661,can_tapper31,"rgb(77,175,74)",492.0,451.0,497.0,8.333333333333332,68.33333333333339,81.00000000000004,2.62541450018373,1500,9.308333333333334,0.0,299.0,299.0,1.45657,-22.605095541401276,25.0,2.055978,0.0093645484949832,0.0137123745819398,0.0110367892976588,6.724511930585683,0.9574213393238102,0.5000000000000782,2.0171482422437275,0.7603820431952163,59.995354,119.93159,4792.960767,2160,397,726,60.0,120.0,1.62072,0.0,3.641896,1.62072,-3.641896,142.3164,0.597651635566661,5000
21,2026-02-13 09:25:47.177556,can_tapper31,"rgb(152,78,163)",521.0,458.0,532.0,12.092130518234164,100.0,100.0,9.433577526032485,1500,7.76,0.0,500.0,500.0,0.614799,-16.629139072847682,59.0,2.120395,0.0111999999999999,0.0126,0.0133999999999999,8.086785009861932,1.332234166937731,1.5000000000002345,1.5862030873085784,0.5836183237068533,59.916258,119.932074,653.703895,2159,441,504,60.0,120.0,1.551641,0.0,2.061354,1.551641,-2.061354,141.52065,0.39986629779366545,5000
22,2026-02-19 11:15:57.834741,can_tapper31,"rgb(255,127,0)",497.0,456.0,500.0,8.249496981891348,81.00000000000004,90.0,1.8504535173346438e-13,157,2.15,0.0,383.0,383.0,1.015554,43.083333333333336,367.0,68.544855,0.0086161879895561,0.0107049608355091,0.0093994778067885,10.187110187110187,0.646128344979565,1.0000000000001563,0.9808458078759222,0.187309720148132,6.161131,100.910473,525010.657185,576,47,150,60.0,120.0,1.8624,0.0,-1.902965,1.8624,1.902965,123.0488141202427,1.8955449032746015,1813
23,2026-02-19 11:17:17.980689,can_tapper31,"rgb(255,255,51)",492.0,452.0,495.0,8.130081300813007,68.6666666666667,75.58333333333339,15.407762892558486,425,2.175,0.0,367.0,367.0,1.008122,15.950819672131148,226.0,2.4152,0.0092643051771117,0.0108991825613079,0.0100817438692098,5.676855895196507,0.5808925352006522,1.0000000000001563,1.7887444673306678,0.0540194334834625,11.511367,119.890491,80.145948,771,88,198,60.0,120.0,1.834102,0.0,-1.90525,1.834102,1.90525,122.66881868131868,1.6299016587981197,1820
24,2026-02-19 11:19:08.909431,can_tapper31,"rgb(166,86,40)",489.0,453.0,492.0,7.361963190184049,62.08333333333334,68.33333333333339,8.736858304555934,978,2.225,0.0,226.0,226.0,1.006804,-4.945017182130584,86.0,2.110371,0.015929203539823,0.015929203539823,0.0172566371681415,2.286902286902287,0.5070578487645774,0.5000000000000782,2.9136317643906224,0.7637960097609122,22.570424,119.983877,110.928742,1711,325,579,60.0,120.0,1.667446,0.0,-1.903801,1.667446,1.903801,141.2698,0.4660218828329278,5000
25,2026-02-19 13:28:30.487137,can_tapper31,"rgb(247,129,191)",495.0,488.0,497.0,1.414141414141414,75.58333333333339,81.00000000000004,7.795087307619504,935,4.758333333333333,12.0,12.0,0.0,0.0,7.84297520661157,193.0,67.192621,,,,1.4256619144602851,0.2759948047588231,0.0200000000000031,119.99999999999996,0.0909221664163458,21.717342,119.938538,7761.577706,1260,170,311,60.0,120.0,1.597502,0.0,-2.106857,1.597502,2.106857,126.20951598446369,7.172041323996012,3347
26,2026-02-19 13:29:53.382121,can_tapper31,"rgb(153,153,153)",492.0,442.0,493.0,10.16260162601626,68.33333333333339,70.75000000000004,11.44737246432284,649,4.75,8.0,193.0,185.0,1.028731,-4.562700964630225,193.0,2.029181,0.0162162162162162,0.027027027027027,0.0167567567567567,8.849557522123893,1.0469426530368868,0.5000000000000782,40.98301842829774,0.2593099529164485,59.841388,119.850987,82.894984,1716,347,477,60.0,120.0,1.652106,0.0,-2.104297,1.652106,2.104297,138.38755,7.314585984943145,5000
27,2026-02-19 13:30:21.994951,can_tapper31,"rgb(228,26,28)",492.0,456.0,492.0,7.317073170731707,68.33333333333339,68.33333333333339,21.760240782325948,1500,5.4,8.5,193.0,184.5,1.133353,-7.269349845201238,96.0,2.143252,0.0146341463414634,0.0195121951219512,0.0146341463414634,3.79746835443038,0.1930138659762965,0.7600000000001188,2.031730617017579,0.7171038100152672,44.619938,119.990894,28.61283,1977,426,536,60.0,120.0,-26.960724,0.0,-30.717127,-26.960724,30.717127,141.4227,1.1122824031822407,5000
28,2026-02-24 12:22:49.134334,can_tapper31,"rgb(55,126,184)",487.0,442.0,489.0,9.240246406570842,58.21428571428571,62.08333333333334,0.5224891211059091,1500,8.133333333333335,0.0,310.0,310.0,1.369835,-13.436482084690551,24.0,2.067997,0.0132258064516129,0.014516129032258,0.0138709677419354,4.035874439461884,0.7410295254630663,1.0000000000001563,2.7289468883321724,0.8007090514394468,59.928624,119.929381,427947.139383,2160,430,697,60.0,120.0,1.848126,0.0,2.029427,1.848126,-2.029427,141.10415,0.34650294422701716,5000
29,2026-02-24 14:02:44.238836,can_tapper31,"rgb(77,175,74)",488.0,449.0,492.0,7.991803278688526,60.0,68.33333333333339,4.198499643776929,1500,8.705,21.0,447.0,426.0,0.978355,-20.7123745819398,20.0,2.073356,0.0084507042253521,0.0091549295774647,0.0093896713615023,5.531914893617022,0.9736793805318372,0.5000000000000782,1.7887444673306678,0.73411311823365,59.982194,119.960479,5995.104502,2160,432,467,60.0,120.0,1.39688,0.0,3.333956,1.39688,-3.333956,140.9352,0.3805324177838435,5000
30,2026-02-27 07:13:10.630812,can_tapper31,"rgb(152,78,163)",488.0,438.0,488.0,10.245901639344265,60.0,60.0,3.4795659909175964,1500,11.683333333333334,15.0,307.0,292.0,1.174369,-19.186851211072664,494.0,2.270343,0.011986301369863,0.0171232876712328,0.011986301369863,7.894736842105263,0.5181612637908037,1.0000000000001563,2.27471676670449,0.1633529848511495,59.85175,119.989147,234626.391976,2158,407,568,60.0,120.0,1.491972,0.0,-2.104151,1.491972,2.104151,137.54045,6.606370419793757,5000
31,2026-02-27 07:14:03.044279,can_tapper31,"rgb(255,127,0)",500.0,447.0,561.0,10.6,90.0,100.0,90.59020026229685,1500,11.585,0.0,494.0,494.0,0.982575,-18.017605633802816,378.0,2.086806,0.0101214574898785,0.0107287449392712,0.0224696356275303,9.565217391304348,1.0087466700441128,1.5000000000002345,1.6874737773196231,0.1258000932983044,59.969171,119.938078,52.413467,2160,431,635,60.0,120.0,-50.921495,0.0,-54.517618,-50.921495,54.517618,136.9638,6.267529094004225,5000
32,2026-02-27 07:15:27.593761,can_tapper31,"rgb(255,255,51)",508.0,449.0,523.0,11.614173228346456,100.0,100.0,82.43466774872832,1500,11.72,11.0,378.0,367.0,1.282526,-2.8609271523178808,500.0,2.279107,0.0122615803814713,0.0160762942779291,0.0163487738419618,7.878787878787879,0.6391332687794173,1.740000000000272,31.996067694060745,0.3533551907585186,59.988882,119.904899,84.549482,2160,296,415,60.0,120.0,1.812151,0.0,-1.904002,1.812151,1.904002,125.3835,6.385689716595317,5000
33,2026-02-27 07:33:42.710905,can_tapper31,"rgb(166,86,40)",491.0,441.0,492.0,10.183299389002038,66.25000000000003,68.33333333333339,1.6016807118578538,1500,11.791666666666668,0.0,291.0,291.0,1.396651,-31.35016835016835,13.0,3.491076,0.0092783505154639,0.0171821305841924,0.0096219931271477,14.775160599571734,0.6133068495394726,1.0000000000001563,1.7887444673306678,0.7876537434736045,59.829099,119.804595,1095.117144,2157,365,517,60.0,120.0,1.666875,0.0,-2.103506,1.666875,2.103506,140.7919,0.19500511634088857,5000
34,2026-02-27 08:28:00.477943,can_tapper31,"rgb(247,129,191)",496.0,454.0,500.0,8.46774193548387,78.00000000000004,90.0,2.298036576904502,1500,11.9,0.0,472.0,472.0,1.060678,-25.58680555555556,13.0,2.065477,0.0059322033898305,0.0088983050847457,0.0067796610169491,5.982905982905983,1.2018903244003185,0.5000000000000782,1.7887444673306678,0.782149885275905,59.802622,119.808352,3257.767038,2157,400,619,60.0,120.0,1.657324,0.0,-2.007203,1.657324,2.007203,140.96055,0.2523765763444168,5000
35,2026-03-03 19:58:07.668580,can_tapper31,"rgb(153,153,153)",486.0,446.0,489.0,8.23045267489712,56.428571428571416,62.08333333333334,0.8296625909606885,1500,11.58,0.0,291.0,291.0,1.447371,-21.93979933110368,20.0,2.041475,0.0123711340206185,0.0137457044673539,0.0134020618556701,2.479338842975207,0.6055158011914333,1.0000000000001563,2.7289468883321724,0.8480714878071025,59.8942,119.918878,387007.190637,2160,364,536,60.0,120.0,1.607108,0.0,2.106879,1.607108,-2.106879,140.65475,0.24372488150300758,5000
36,2026-03-04 07:02:48.894225,can_tapper31,"rgb(228,26,28)",487.0,428.0,492.0,12.114989733059549,58.21428571428571,68.33333333333339,6.28993168441299,1500,8.24,0.0,353.0,353.0,1.10392,-18.16307692307692,147.0,2.10467,0.0121813031161473,0.01671388101983,0.0135977337110481,13.27433628318584,0.7229516843398558,1.5000000000002345,3.2620894576029285,0.820511637843532,59.976913,119.84162,39881.225645,2159,439,599,60.0,120.0,1.62212,0.0,1.990525,1.62212,-1.990525,140.8669,0.25474962114570954,5000
37,2026-03-04 13:35:12.967953,can_tapper31,"rgb(55,126,184)",484.0,420.0,484.0,13.223140495867767,52.857142857142826,52.857142857142826,2.5161788960789404,1500,9.791666666666666,25.5,311.0,285.5,1.642652,-20.751655629139076,167.0,2.142105,0.0094570928196147,0.022416812609457,0.0094570928196147,7.728337236533957,1.0324574763708534,1.0000000000001563,2.892719705486028,0.8425313974006876,59.860041,119.955083,23544.073728,2160,408,461,60.0,120.0,1.957962,0.0,1.925859,1.957962,-1.925859,140.5102,0.2762448592179655,5000
38,2026-03-04 14:35:35.636799,can_tapper31,"rgb(77,175,74)",496.0,444.0,499.0,10.483870967741936,78.00000000000004,87.00000000000001,2.4518855341711085,1500,11.16,0.0,336.0,336.0,1.298804,-23.553691275167782,146.0,2.400273,0.0142857142857142,0.0154761904761904,0.0151785714285714,14.893617021276595,0.7014581588522706,1.5000000000002345,2.0171482422437275,0.8312070894760106,59.980109,119.814798,3622.668846,2158,339,457,60.0,120.0,1.954099,0.0,2.011097,1.954099,-2.011097,142.4087,0.41354989384949015,5000
39,2026-03-04 17:03:07.037285,can_tapper31,"rgb(152,78,163)",495.0,454.0,497.0,8.282828282828284,75.58333333333339,81.00000000000004,4.863015494672895,1500,13.375,0.0,300.0,300.0,1.501746,-19.124567474048444,159.0,2.015297,0.0123333333333333,0.0136666666666666,0.013,3.640256959314775,0.8347571654899154,1.0200000000001594,2.892719705486028,0.8225999816643244,59.767601,119.820947,8851.400486,2157,387,616,60.0,120.0,1.963917,0.0,2.019467,1.963917,-2.019467,142.1381,0.3664085711990868,5000
40,2026-03-04 22:50:36.680623,can_tapper31,"rgb(255,127,0)",485.0,442.0,488.0,8.8659793814433,54.642857142857125,60.0,0.6444447308639246,1500,12.725,18.0,290.0,272.0,1.224005,-42.5979020979021,18.0,4.42115,0.0158088235294117,0.0158088235294117,0.0169117647058823,2.736842105263158,0.5654086807105061,1.0000000000001563,3.470356641605033,0.8589131104057453,59.886988,119.926057,20849.643338,2160,360,555,60.0,120.0,1.469428,0.0,2.042067,1.469428,-2.042067,142.49485,0.7682961885281754,5000
41,2026-03-05 06:41:36.132870,can_tapper31,"rgb(255,255,51)",488.0,442.0,491.0,9.42622950819672,60.0,66.25000000000003,3.4538237572543298,1500,10.156666666666666,25.5,326.0,300.5,1.262266,-26.154078549848943,33.0,2.263795,0.010981697171381,0.0153078202995008,0.0119800332778702,8.387096774193548,0.9905631847364058,1.0000000000001563,3.2620894576029285,0.854697495596669,59.964208,119.856792,28259.452247,2159,468,603,60.0,120.0,1.57799,0.0,2.117063,1.57799,-2.117063,141.59995,0.7048204394527755,5000
42,2026-03-05 16:34:50.482639,can_tapper31,"rgb(166,86,40)",489.0,438.0,492.0,10.429447852760736,62.08333333333334,68.33333333333339,5.6879051536151e-14,1500,13.9,20.5,300.0,279.5,1.32919,-31.30967741935484,19.0,2.328597,0.0100178890876565,0.0182468694096601,0.0110912343470483,8.928571428571429,0.5126063909853895,1.0000000000001563,3.913484529189812,0.8128566244291903,59.858929,119.94945,35594.349769,2159,362,553,60.0,120.0,1.679694,0.0,1.9968,1.679694,-1.9968,143.02905,0.22428477039611636,5000
43,2026-03-06 06:34:33.231922,can_tapper31,"rgb(247,129,191)",492.0,436.0,490.0,11.38211382113821,68.33333333333339,64.16666666666669,4.525522011342151,1500,9.65,16.0,423.0,407.0,1.139196,-15.332191780821915,290.0,2.13785,0.0113022113022113,0.0137592137592137,0.0108108108108108,7.894736842105263,0.528714679371512,1.0000000000001563,2.27471676670449,0.1558466333825346,59.967454,119.91525,50382.749283,2160,404,678,60.0,120.0,1.646518,0.0,2.096173,1.646518,-2.096173,138.71725,7.771987885775267,5000
44,2026-03-06 06:35:29.044916,can_tapper31,"rgb(153,153,153)",500.0,431.0,568.0,13.8,90.0,100.0,85.39273128564473,1500,9.565,0.0,290.0,290.0,1.653755,-11.96742671009772,445.0,2.153455,0.013103448275862,0.0237931034482758,0.036551724137931,13.91304347826087,0.7880278365859961,1.5000000000002345,1.7887444673306678,0.1197991743094756,59.989793,119.885405,55.812994,2159,449,747,60.0,120.0,-54.166476,0.0,-53.716821,-54.166476,53.716821,137.9371,7.669239338839673,5000
45,2026-03-06 06:36:51.375672,can_tapper31,"rgb(228,26,28)",504.0,429.0,519.0,14.88095238095238,95.0,100.0,78.40613262493513,1500,9.666666666666666,12.0,445.0,433.0,0.449319,0.4564315352697095,497.0,2.052999,0.0096997690531177,0.0173210161662817,0.0131639722863741,21.03004291845493,2.120899863379404,1.5000000000002345,36.08162758099249,0.3598659562357599,59.806983,119.973692,82.330756,2158,395,535,60.0,120.0,1.508618,0.0,2.045523,1.508618,-2.045523,126.29975,7.191024238828417,5000
46,2026-03-06 06:55:43.593292,can_tapper31,"rgb(55,126,184)",489.0,442.0,492.0,9.611451942740286,62.08333333333334,68.33333333333339,2.385992171551557,1500,9.685,23.0,354.0,331.0,1.074275,-26.27777777777778,168.0,2.673799,0.0099697885196374,0.0141993957703927,0.0108761329305135,8.370044052863436,1.1024612363774948,1.0000000000001563,2.291161156711022,0.7087144952404578,59.88675,119.9302,1132.21762,2158,379,567,60.0,120.0,1.485168,0.0,2.0801,1.485168,-2.0801,144.12505,1.175181351001411,5000
47,2026-03-06 17:33:10.055855,can_tapper31,"rgb(77,175,74)",492.0,444.0,493.0,9.75609756097561,68.33333333333339,70.75000000000004,4.443121974720028,1500,14.666666666666668,0.0,291.0,291.0,1.644312,-20.74736842105263,156.0,2.149835,0.0099656357388316,0.0164948453608247,0.0103092783505154,5.531914893617022,0.5118566977598811,1.5000000000002345,3.2620894576029285,0.8453627619823538,59.804975,119.844607,38246.462563,2157,344,645,60.0,120.0,1.694953,0.0,1.88923,1.694953,-1.88923,143.44205,0.476733418642493,5000
48,2026-03-07 06:46:33.875046,can_tapper31,"rgb(152,78,163)",489.0,443.0,492.0,9.406952965235174,62.08333333333334,68.33333333333339,4.581433147302593,1500,10.97,22.0,409.0,387.0,1.240693,-20.876254180602007,30.0,2.245626,0.0090439276485788,0.0118863049095607,0.0098191214470284,6.276150627615063,0.7117618147193788,1.0200000000001594,3.678623825607137,0.8408258460822547,59.995124,119.8628,47603.819191,2160,384,553,60.0,120.0,1.752351,0.0,2.0241,1.752351,-2.0241,143.30965,0.5114994661196381,5000
49,2026-03-07 10:12:21.588126,can_tapper31,"rgb(255,127,0)",488.0,444.0,491.0,9.01639344262295,60.0,66.25000000000003,0.8776803900798905,1500,11.116666666666664,12.0,500.0,488.0,1.030673,-37.37748344370861,148.0,2.034424,0.0047131147540983,0.0090163934426229,0.005327868852459,4.365904365904366,0.5458143615835048,1.0000000000001563,2.145932504474109,0.7367536696791501,59.989801,119.821448,12347.71308,2159,394,642,60.0,120.0,1.746091,0.0,1.980792,1.746091,-1.980792,142.79185,0.9385292989293703,5000
50,2026-03-07 11:44:47.638697,can_tapper31,"rgb(255,255,51)",499.0,436.0,501.0,12.625250501002002,87.00000000000001,91.25,2.9232752156300525e-13,1500,13.675,0.0,499.0,499.0,0.609282,-27.181494661921707,141.0,2.112361,0.0112224448897795,0.012625250501002,0.0116232464929859,11.349036402569594,1.2449814767993774,1.5000000000002345,3.077404581544478,0.7119314019430889,59.924369,119.89451,5546.050571,2158,406,570,60.0,120.0,1.619525,0.0,2.123756,1.619525,-2.123756,144.24285,0.5649116767607018,5000
51,2026-03-07 11:48:34.977587,can_tapper31,"rgb(166,86,40)",508.0,451.0,516.0,11.22047244094488,100.0,100.0,7.916225740543499,1500,13.71,11.5,498.0,486.5,0.654712,-26.25090909090909,14.0,2.160365,0.0102774922918807,0.011716341212744,0.0119218910585817,6.550218340611353,0.8457711202291183,1.0200000000001594,2.145932504474109,0.7562686373229539,59.886691,119.958009,227.33889,2158,434,545,60.0,120.0,1.500734,0.0,1.91929,1.500734,-1.91929,142.1946,0.3864721363080815,5000
52,2026-03-07 13:00:47.821405,can_tapper31,"rgb(247,129,191)",499.0,442.0,501.0,11.422845691382763,87.00000000000001,91.25,0.1192000529780923,1500,15.475,8.0,497.0,489.0,0.725599,-26.690140845070424,143.0,2.238378,0.0089979550102249,0.0116564417177914,0.0094069529652351,8.008213552361397,1.0596712692079044,1.5000000000002345,2.565174071178317,0.8439449721719702,59.999376,119.996556,4332.843818,2160,420,567,60.0,120.0,1.776402,0.0,1.999486,1.776402,-1.999486,144.7007,0.3345398233076427,5000
53,2026-03-07 14:35:45.938740,can_tapper31,"rgb(153,153,153)",493.0,442.0,496.0,10.344827586206897,70.75000000000004,78.00000000000004,3.7460638871387433,1500,17.1,0.0,498.0,498.0,0.651432,-33.51929824561404,102.0,2.055301,0.0080321285140562,0.0102409638554216,0.0086345381526104,6.0344827586206895,1.142406742221543,1.0000000000001563,2.419945418941404,0.843463311675224,59.952901,119.932349,5698.117335,2160,347,687,60.0,120.0,1.659325,0.0,2.105225,1.659325,-2.105225,144.59005,0.2552283797016441,5000
54,2026-03-08 12:15:11.106253,can_tapper31,"rgb(228,26,28)",493.0,447.0,497.0,9.330628803245435,70.75000000000004,81.00000000000004,4.997433332191782,1500,12.3,0.0,206.0,206.0,1.03162,-10.463087248322148,73.0,2.034274,0.0160194174757281,0.0223300970873786,0.0179611650485436,9.012875536480689,0.6297335512605652,0.5000000000000782,2.419945418941404,0.3347583313745004,44.569066,59.456357,77965.167513,1249,241,244,60.0,120.0,1.611377,0.0,1.998349,1.611377,-1.998349,138.57487035436475,6.137919506069986,2314
55,2026-03-10 12:55:09.399390,can_tapper31,"rgb(55,126,184)",488.0,440.0,492.0,9.836065573770492,60.0,68.33333333333339,5.6879051536151e-14,1500,8.373333333333333,19.0,307.0,288.0,1.241524,-11.2875,19.0,2.33549,0.0135416666666666,0.0166666666666666,0.0149305555555555,7.563025210084033,0.4894416149249354,1.0000000000001563,2.7289468883321724,0.7718818031643837,59.99015,119.817899,175198.293137,2159,467,660,60.0,120.0,1.891168,0.0,1.929397,1.891168,-1.929397,140.9866,0.37536464900676675,5000
56,2026-03-10 13:51:49.262774,can_tapper31,"rgb(77,175,74)",484.0,429.0,487.0,11.363636363636363,52.857142857142826,58.21428571428571,2.820115251577448e-13,1500,9.825,0.0,489.0,489.0,1.157782,-25.794019933554814,153.0,2.168149,0.0087934560327198,0.0112474437627811,0.0094069529652351,6.976744186046512,0.9190095756487084,1.0000000000001563,2.419945418941404,0.8354104382770151,59.902425,119.949652,3399.863384,2159,372,525,60.0,120.0,1.909195,0.0,1.9973,1.909195,-1.9973,143.45335,0.1889270128468087,5000
57,2026-03-11 06:47:25.542860,can_tapper31,"rgb(152,78,163)",488.0,442.0,485.0,9.42622950819672,60.0,54.642857142857125,3.3781170569405115,1500,9.616666666666664,0.0,302.0,302.0,1.417217,-13.32258064516129,310.0,2.019799,0.0092715231788079,0.0152317880794701,0.0082781456953642,9.594882729211088,0.5695321173706095,1.0000000000001563,2.0171482422437275,0.1135766421674164,59.998182,119.916526,60936.280086,2160,385,783,60.0,120.0,1.855098,0.0,2.005198,1.855098,-2.005198,136.6181,7.91858372334584,5000
58,2026-03-11 06:48:21.062608,can_tapper31,"rgb(255,127,0)",496.0,438.0,556.0,11.693548387096774,78.00000000000004,100.0,92.39685884303417,1500,9.675,0.0,310.0,310.0,1.247694,8.586466165413533,500.0,3.9465,0.012258064516129,0.0187096774193548,0.0316129032258064,7.43801652892562,1.1171862941801818,1.0000000000001563,119.99999999999996,0.1890818910941064,60.000075,119.913499,55.519748,2160,412,847,60.0,120.0,-53.66465,0.0,-53.51455,-53.66465,53.51455,135.1895,8.615560650768256,5000
59,2026-03-11 06:49:35.184007,can_tapper31,"rgb(255,255,51)",500.0,437.0,513.0,12.6,90.0,100.0,88.29435035303,1500,9.525,0.0,487.0,487.0,0.549052,16.412903225806453,500.0,2.052119,0.0055441478439425,0.0129363449691991,0.0080082135523613,12.033195020746888,2.355573762121028,1.5000000000002345,31.996067694060745,0.3506758484171031,59.995281,119.942949,74.121399,2159,293,536,60.0,120.0,1.443397,0.0,0.221006,1.443397,-0.221006,124.8772,7.043224869568779,5000
60,2026-03-11 07:07:01.489255,can_tapper31,"rgb(166,86,40)",485.0,427.0,489.0,11.958762886597938,54.642857142857125,62.08333333333334,5.930349302376484,1500,9.458333333333334,0.0,499.0,499.0,1.086526,-24.283216783216783,154.0,2.089817,0.0084168336673346,0.0116232464929859,0.0092184368737474,7.159353348729792,1.1047565992838269,1.0200000000001594,2.565174071178317,0.8237900908667001,59.949101,119.947697,1046.305248,2159,380,680,60.0,120.0,1.883698,0.0,2.036323,1.883698,-2.036323,142.8433,0.2698790042507744,5000
61,2026-03-11 08:23:22.284237,can_tapper31,"rgb(247,129,191)",489.0,424.0,495.0,13.29243353783231,62.08333333333334,75.58333333333339,2.1135742726991587,1500,9.315,0.0,420.0,420.0,0.591866,-23.27739726027397,14.0,2.094768,0.0088095238095238,0.0154761904761904,0.0102380952380952,19.469026548672566,1.7054336008788606,1.0000000000001563,2.27471676670449,0.8243082899126593,59.903131,119.941225,4580.794982,2159,421,691,60.0,120.0,1.619853,0.0,1.955754,1.619853,-1.955754,143.08695,0.5105186807207491,5000
62,2026-03-11 09:16:10.685152,can_tapper31,"rgb(153,153,153)",488.0,438.0,491.0,10.245901639344265,60.0,66.25000000000003,1.4590228706767765,1500,9.725,14.0,302.0,288.0,1.054127,-29.318181818181817,15.0,2.656772,0.0145833333333333,0.0173611111111111,0.015625,8.609271523178808,0.9900516097730264,1.0000000000001563,2.145932504474109,0.7898522753252648,59.948929,119.96224,3168.400915,2159,423,633,60.0,120.0,1.495316,0.0,2.103772,1.495316,-2.103772,143.51395,0.7752503467397368,5000
63,2026-03-11 09:58:43.784384,can_tapper31,"rgb(228,26,28)",499.0,438.0,501.0,12.224448897795591,87.00000000000001,91.25,4.493459774871036,1500,10.428571428571429,9.5,499.0,489.5,0.642299,-20.730263157894736,146.0,2.141873,0.0112359550561797,0.012461695607763,0.0116445352400408,10.548523206751057,0.9058719729773655,1.5000000000002345,2.27471676670449,0.8482593817725775,59.91772,119.917411,2553.099232,2158,394,526,60.0,120.0,1.940405,0.0,1.999006,1.940405,-1.999006,143.093,0.443244055863792,5000
64,2026-03-11 10:57:15.162275,can_tapper31,"rgb(55,126,184)",492.0,439.0,495.0,10.772357723577237,68.33333333333339,75.58333333333339,3.8874595055369743,1500,11.275,13.5,499.0,485.5,0.777925,-27.02027027027027,12.0,2.880031,0.0072090628218331,0.0109165808444902,0.007826982492276,8.096280087527353,0.9676440525647344,1.0000000000001563,2.419945418941404,0.8427996331508583,59.875546,119.92285,3511.377891,2158,365,491,60.0,120.0,1.550644,0.0,2.103403,1.550644,-2.103403,144.23195,0.3789002646899926,5000
65,2026-03-11 12:17:32.664883,can_tapper31,"rgb(77,175,74)",489.0,431.0,492.0,11.860940695296524,62.08333333333334,68.33333333333339,5.6879051536151e-14,1500,12.866666666666664,11.0,500.0,489.0,0.640117,-29.10861423220974,13.0,2.145199,0.0069529652351738,0.0118609406952965,0.0075664621676891,12.967032967032967,0.7956119646810276,1.0000000000001563,2.27471676670449,0.8308665594300066,59.962882,119.999997,4817.502608,2160,411,667,60.0,120.0,1.402099,0.0,2.113425,1.402099,-2.113425,143.7002,0.5146580754120034,5000
66,2026-03-11 12:40:27.624377,can_tapper31,"rgb(152,78,163)",487.0,437.0,489.0,10.26694045174538,58.21428571428571,62.08333333333334,3.601770489675043,1500,13.48333333333333,15.0,499.0,484.0,1.119782,-35.15217391304348,163.0,2.025827,0.0084710743801652,0.0103305785123966,0.0088842975206611,9.170305676855897,0.5659612310148197,1.0000000000001563,2.27471676670449,0.8212405569073078,59.835151,119.99255,1374.959494,2158,341,579,60.0,120.0,1.678275,0.0,1.998825,1.678275,-1.998825,142.96695,0.39752585181419825,5000
67,2026-03-11 13:03:53.491472,can_tapper31,"rgb(255,127,0)",500.0,453.0,503.0,9.4,90.0,93.75,4.748410999292525,1500,14.10833333333333,0.0,499.0,499.0,1.064876,-25.185454545454544,12.0,2.069051,0.0080160320641282,0.0094188376753507,0.0086172344689378,6.086956521739131,0.5267244304332216,1.0000000000001563,1.9029463547871976,0.7073234989568259,59.935375,119.931827,1405.867095,2159,346,494,60.0,120.0,1.708999,0.0,1.999627,1.708999,-1.999627,142.08,0.6252025077008322,5000
68,2026-03-11 14:11:14.264980,can_tapper31,"rgb(255,255,51)",485.0,430.0,488.0,11.34020618556701,54.642857142857125,60.0,2.820115251577448e-13,1500,15.166666666666668,18.0,499.0,481.0,0.70567,-40.8576512455516,150.0,2.11607,0.0101871101871101,0.0114345114345114,0.0108108108108108,8.24524312896406,0.9649241426470494,1.0000000000001563,2.27471676670449,0.8361672107962987,59.999599,119.845627,4040.773508,2158,354,532,60.0,120.0,1.825602,0.0,1.912304,1.825602,-1.912304,142.5025,0.42840454723446164,5000
69,2026-03-11 15:13:15.640425,can_tapper31,"rgb(166,86,40)",497.0,449.0,500.0,9.6579476861167,81.00000000000004,90.0,1.7270674342517494,1500,16.09166666666667,10.0,500.0,490.0,0.71615,-29.085185185185185,12.0,2.122098,0.0097959183673469,0.0097959183673469,0.0104081632653061,1.0351966873706004,0.3822258649705518,1.0000000000001563,3.2620894576029285,0.8484463975037644,59.881603,119.967768,3721.375445,2160,425,737,60.0,120.0,1.481175,0.0,-1.909175,1.481175,1.909175,143.26915,0.46603563741726506,5000
70,2026-03-12 07:03:20.019751,can_tapper31,"rgb(247,129,191)",489.0,428.0,488.0,12.47443762781186,62.08333333333334,60.0,4.15186851194058,1500,12.94,0.0,288.0,288.0,1.528468,-14.87360594795539,294.0,2.029627,0.009375,0.0211805555555555,0.0090277777777777,10.06711409395973,1.0645902956421114,1.260000000000197,2.0171482422437275,0.1254661406084656,59.981542,119.869381,57004.379326,2160,394,670,60.0,120.0,1.738126,0.0,-2.103394,1.738126,2.103394,135.6245,7.204729792037658,5000
71,2026-03-12 07:04:13.237131,can_tapper31,"rgb(153,153,153)",500.0,447.0,563.0,10.6,88.25000000000001,100.0,82.85313904582608,1500,12.933333333333332,0.0,294.0,294.0,1.226416,-1.4387351778656126,499.0,45.835845,0.0136054421768707,0.0180272108843537,0.0350340136054421,9.433962264150944,0.7076288290377064,1.0000000000001563,119.99999999999996,0.2461707582413649,59.943275,119.924606,53.21738,2160,388,737,60.0,120.0,-51.479254,0.0,-55.320774,-51.479254,55.320774,133.079,9.014401582311459,5000
72,2026-03-12 07:05:20.161830,can_tapper31,"rgb(228,26,28)",503.0,444.0,516.0,11.72962226640159,93.75,100.0,81.01230267212175,1500,12.85,0.0,344.0,344.0,1.23163,6.599173553719008,499.0,2.226951,0.013953488372093,0.0171511627906976,0.0177325581395348,7.157464212678937,0.8121528210857099,1.5200000000002376,28.37311996486042,0.3629055039437293,59.830396,119.970726,66.924699,2159,382,543,60.0,120.0,1.804387,0.0,-2.104373,1.804387,2.104373,125.23495,6.082627776679596,5000
73,2026-03-12 10:42:16.151853,can_tapper31,"rgb(55,126,184)",488.0,444.0,492.0,9.01639344262295,60.0,68.33333333333339,1.5277784567900494,1500,12.325,12.0,285.0,273.0,1.221328,-30.308724832214764,13.0,2.818305,0.0142857142857142,0.0161172161172161,0.0157509157509157,7.894736842105263,1.0069617272189202,0.7000000000001094,2.892719705486028,0.8323753588370825,59.964044,119.922982,13015.990023,2160,407,608,60.0,120.0,1.397033,0.0,-2.00689,1.397033,2.00689,141.47975,0.5343309268685084,5000
74,2026-03-12 11:40:53.994596,can_tapper31,"rgb(77,175,74)",492.0,443.0,496.0,9.959349593495936,68.33333333333339,78.00000000000004,1.0000004444444222,1500,12.816666666666668,9.0,499.0,490.0,0.742046,-31.513513513513512,16.0,2.744184,0.0063265306122448,0.01,0.0071428571428571,7.158351409978308,0.7846278941985417,1.0000000000001563,2.0171482422437275,0.7835837312791977,59.990004,119.831347,3517.842743,2158,398,656,60.0,120.0,1.556653,0.0,-2.1061,1.556653,2.1061,141.4183,0.5211808092082186,5000
75,2026-03-12 15:09:22.409793,can_tapper31,"rgb(152,78,163)",488.0,436.0,491.0,10.655737704918032,60.0,66.25000000000003,1.8008096892483407,1500,13.583333333333334,0.0,423.0,423.0,1.08298,-48.35540069686411,47.0,2.187535,0.009692671394799,0.0122931442080378,0.010401891252955,8.928571428571429,1.2526768163993296,1.5000000000002345,7.240114424554271,0.7080726402828807,59.896345,119.982799,12508.415197,2159,360,689,60.0,120.0,1.598352,0.0,-2.004492,1.598352,2.004492,141.79255,1.8747079515168175,5000
76,2026-03-12 16:10:47.506960,can_tapper31,"rgb(255,127,0)",496.0,449.0,500.0,9.475806451612904,78.00000000000004,90.0,1.5102140045393746,1500,14.196666666666667,8.0,499.0,491.0,0.785099,-35.38827838827839,137.0,2.190129,0.0071283095723014,0.0095723014256619,0.0079429735234215,8.459869848156183,0.6274234312980232,1.5200000000002376,2.145932504474109,0.8025925132542366,59.879747,119.998381,3685.097167,2160,362,635,60.0,120.0,1.814179,0.0,-2.1074,1.814179,2.1074,140.92705,0.43168630753531445,5000
77,2026-03-12 17:43:44.649703,can_tapper31,"rgb(255,255,51)",493.0,426.0,497.0,13.590263691683573,70.75000000000004,81.00000000000004,1.767778563456393,1500,14.253333333333334,0.0,322.0,322.0,1.029374,-31.03859649122807,112.0,2.025055,0.0136645962732919,0.020807453416149,0.0149068322981366,12.967032967032967,1.054536932831723,1.0000000000001563,2.7289468883321724,0.8242425355417908,59.812369,119.820155,5577.142743,2157,430,661,60.0,120.0,1.453031,0.0,-2.10762,1.453031,2.10762,140.2239,0.2682502220619547,5000
78,2026-03-13 09:48:51.055912,can_tapper31,"rgb(166,86,40)",495.0,432.0,500.0,12.727272727272728,75.58333333333339,90.0,3.875832833702904,1500,8.36,17.0,495.0,478.0,1.013774,-10.764331210191084,149.0,2.113724,0.0104602510460251,0.0131799163179916,0.0115062761506276,15.56503198294243,0.5051395709406676,1.5000000000002345,2.768403112153709,0.6160800128291897,59.808675,119.989824,57906.406209,2158,432,559,60.0,120.0,1.672772,0.0,-2.1038,1.672772,2.1038,140.76585,1.022213412919645,5000
79,2026-03-13 09:56:56.007903,can_tapper31,"rgb(247,129,191)",496.0,442.0,504.0,10.887096774193548,78.00000000000004,95.0,11.64245850775738,1500,9.646428571428572,20.5,350.0,329.5,1.268425,-17.52112676056338,152.0,2.269694,0.0115326251896813,0.0163884673748103,0.0139605462822458,9.168443496801704,0.9996987724957476,1.5000000000002345,2.0171482422437275,0.6113532189038022,59.995951,119.887382,484.951991,2159,394,506,60.0,120.0,1.802,0.0,-2.110519,1.802,2.110519,141.38,1.0048890288944146,5000
80,2026-03-13 10:23:32.813995,can_tapper31,"rgb(153,153,153)",500.0,456.0,504.0,8.799999999999999,90.0,95.0,2.4839541453954657,1107,9.895833333333334,9.0,499.0,490.0,0.620603,-9.234726688102894,72.0,2.12115,0.0073469387755102,0.0089795918367346,0.0081632653061224,7.758620689655173,0.2918644730368797,1.0000000000001563,2.9136317643906224,0.6788347950472979,25.150932,119.93195,1596.806092,1743,341,377,60.0,120.0,1.875325,0.0,-2.10423,1.875325,2.10423,141.19745,0.6346901321216921,5000
81,2026-03-13 10:28:47.894144,can_tapper31,"rgb(228,26,28)",493.0,437.0,496.0,11.359026369168356,70.75000000000004,78.00000000000004,5.5541091351586696,1500,9.975,0.0,286.0,286.0,1.4119,-17.062730627306273,13.0,2.009869,0.0139860139860139,0.0195804195804195,0.015034965034965,14.346895074946469,1.0483626297952513,1.5000000000002345,1.930459927006534,0.5094863958097908,59.899095,119.905954,315.080149,2158,383,491,60.0,120.0,1.606424,0.0,-1.905076,1.606424,1.905076,141.43105,1.2208732546011343,5000
82,2026-03-13 19:03:27.012419,can_tapper31,"rgb(55,126,184)",489.0,439.0,496.0,10.224948875255624,62.08333333333334,78.00000000000004,1.469565097584067,1500,11.75,0.0,385.0,385.0,0.520033,-22.766233766233768,22.0,2.022833,0.0059740259740259,0.0129870129870129,0.0075324675324675,10.736842105263158,1.7016700558056934,1.5000000000002345,3.913484529189812,0.8606682114534442,60.000324,119.792775,30879.118275,2158,393,615,60.0,120.0,1.553607,0.0,2.107334,1.553607,-2.107334,143.8363,0.6637133515929068,5000
83,2026-03-13 20:05:18.299822,can_tapper31,"rgb(77,175,74)",496.0,455.0,499.0,8.266129032258064,78.00000000000004,87.00000000000001,4.460153093400609,1500,11.541666666666666,0.0,485.0,485.0,0.951805,-19.83333333333333,16.0,2.053846,0.0070103092783505,0.0084536082474226,0.0076288659793814,4.958677685950414,0.9397917476115688,1.0000000000001563,2.565174071178317,0.6079777110750035,59.81225,119.979773,3711.287403,2158,377,507,60.0,120.0,1.542501,0.0,2.035245,1.542501,-2.035245,142.16225,1.210590989396359,5000
84,2026-03-17 08:17:24.036524,can_tapper31,"rgb(152,78,163)",489.0,441.0,492.0,9.8159509202454,62.08333333333334,68.33333333333339,3.585672704742642,1500,5.15,9.5,325.0,315.5,1.023994,-5.619565217391305,80.0,2.126899,0.0120443740095087,0.0152139461172741,0.0129952456418383,9.761388286334055,0.6422409388188526,1.0000000000001563,2.9136317643906224,0.708436044878662,42.808026,119.998699,303125.736702,1955,368,554,60.0,120.0,1.863776,0.0,-1.9039,1.863776,1.9039,140.72395,0.6676249262187504,5000
85,2026-03-17 08:45:31.811693,can_tapper31,"rgb(255,127,0)",480.0,420.0,484.0,12.5,46.24999999999997,52.857142857142826,1.008444892642084,1500,6.45,32.0,414.0,382.0,1.01963,-22.548387096774192,149.0,2.025525,0.0102094240837696,0.0157068062827225,0.0112565445026178,10.250569476082005,1.4859056020499448,1.260000000000197,2.0171482422437275,0.834589975783387,59.990456,119.892045,1687.775169,2160,402,497,60.0,120.0,1.493525,0.0,-2.106168,1.493525,2.106168,141.49885,0.4298524539029562,5000
86,2026-03-17 10:18:37.296516,can_tapper31,"rgb(255,255,51)",485.0,436.0,488.0,10.103092783505154,54.642857142857125,60.0,4.761593227373883,1500,7.475,0.0,305.0,305.0,1.260774,-23.661290322580644,15.0,2.258663,0.0121311475409836,0.0160655737704918,0.0131147540983606,14.902807775377967,0.6959763487746001,1.0000000000001563,1.7887444673306678,0.7628517425778993,59.891126,119.959855,5585.484823,2159,436,584,60.0,120.0,1.59763,0.0,-2.106769,1.59763,2.106769,142.3138,0.3054475726599489,5000
87,2026-03-17 10:44:48.732566,can_tapper31,"rgb(166,86,40)",484.0,432.0,488.0,10.743801652892564,52.857142857142826,60.0,2.488623328276612,1500,8.2125,0.0,296.0,296.0,1.2374,-34.07067137809187,17.0,2.932976,0.0121621621621621,0.0175675675675675,0.0135135135135135,15.283842794759826,0.7137024054157055,1.0000000000001563,2.0171482422437275,0.8007625058639676,59.972726,119.94035,1571.43605,2160,421,512,60.0,120.0,1.629246,0.0,-2.109082,1.629246,2.109082,142.2777,0.5849796152261466,5000
88,2026-03-17 10:55:05.838737,can_tapper31,"rgb(247,129,191)",504.0,442.0,508.0,12.3015873015873,95.0,100.0,5.923291521461609,1500,8.518333333333334,12.0,324.0,312.0,1.23057,-20.56422018348624,14.0,2.420622,0.016025641025641,0.0198717948717948,0.0173076923076923,15.0,0.6212716437112046,1.0000000000001563,119.99999999999996,0.4501326709447868,59.864473,116.212749,617.106171,2115,346,380,60.0,120.0,1.500301,0.0,-2.009505,1.500301,2.009505,134.8633,6.343284682411253,5000
89,2026-03-18 10:25:05.591122,can_tapper31,"rgb(153,153,153)",496.0,452.0,499.0,8.870967741935484,78.00000000000004,87.00000000000001,0.3073334699260475,1500,10.575,0.0,296.0,296.0,1.408382,-2.58974358974359,156.0,2.023206,0.0125,0.0148648648648648,0.0135135135135135,6.224066390041494,0.901556471200972,1.0000000000001563,65.80118015445542,0.426462827288587,59.997245,119.836212,84599.752385,2160,354,225,60.0,120.0,1.760155,0.0,1.897829,1.760155,-1.897829,128.6627,6.9597515284862475,5000
90,2026-03-18 12:58:55.434614,can_tapper31,"rgb(228,26,28)",495.0,459.0,496.0,7.272727272727272,75.58333333333339,78.00000000000004,0.400035733349343,1500,9.775,8.5,368.0,359.5,0.812246,-21.09219858156028,5.0,2.806724,0.0061196105702364,0.0100139082058414,0.0063977746870653,4.439746300211416,0.7235635242816387,0.5200000000000813,3.2620894576029285,0.7578188311987064,59.86477,119.972856,9229.843492,2158,381,676,60.0,120.0,1.464325,0.0,-1.906019,1.464325,1.906019,143.86755,0.38327389328716155,5000
91,2026-03-18 14:23:09.716869,can_tapper31,"rgb(55,126,184)",492.0,434.0,496.0,11.788617886178862,68.33333333333339,78.00000000000004,2.2575654478066745,1500,10.43,0.0,488.0,488.0,1.091973,-29.392617449664428,149.0,2.088409,0.0092213114754098,0.0118852459016393,0.0100409836065573,10.22222222222222,1.0361834034544954,1.5000000000002345,2.565174071178317,0.8263408252007718,59.97567,119.999179,5054.282255,2160,432,484,60.0,120.0,1.732448,0.0,-2.10412,1.732448,2.10412,143.3848,0.349325586914512,5000
92,2026-03-18 14:38:38.591346,can_tapper31,"rgb(77,175,74)",496.0,451.0,500.0,9.07258064516129,78.00000000000004,90.0,5.906109291603123,1500,10.725,0.0,500.0,500.0,0.920895,-25.66875,16.0,2.01657,0.0068,0.009,0.0075999999999999,6.493506493506493,1.025138339762915,1.0000000000001563,2.0171482422437275,0.6657586707380523,59.991435,119.920949,928.874477,2159,427,613,60.0,120.0,1.568689,0.0,-1.903626,1.568689,1.903626,143.9358,0.4486297066876303,5000
93,2026-03-18 14:50:10.117523,can_tapper31,"rgb(152,78,163)",492.0,437.0,496.0,11.178861788617883,68.33333333333339,78.00000000000004,0.553378023723495,1500,10.721428571428572,0.0,499.0,499.0,0.622437,-27.963768115942027,14.0,2.616567,0.0070140280561122,0.0110220440881763,0.007815631262525,7.5,1.0664516009229528,1.0000000000001563,2.27471676670449,0.7783154787731968,59.97306,119.998845,691.526177,2160,368,461,60.0,120.0,1.365912,0.0,-1.905493,1.365912,1.905493,143.88865,0.3902808492975046,5000
94,2026-03-18 15:05:58.871435,can_tapper31,"rgb(255,127,0)",489.0,442.0,492.0,9.611451942740286,62.08333333333334,68.33333333333339,2.928579079368137,1500,10.983333333333334,17.0,297.0,280.0,1.249172,-34.86486486486486,19.0,2.247846,0.01,0.0167857142857142,0.0110714285714285,8.547008547008547,0.8006109917268753,1.0000000000001563,2.27471676670449,0.8247212252618188,59.950201,119.892829,948.753912,2160,362,592,60.0,120.0,1.514274,0.0,-2.104495,1.514274,2.104495,143.7302,0.4139048482981463,5000
95,2026-03-18 15:25:58.448278,can_tapper31,"rgb(255,255,51)",489.0,445.0,488.0,8.997955010224949,62.08333333333334,60.0,1.9301341911700904,1500,11.47,16.0,499.0,483.0,0.797556,-20.9774011299435,500.0,2.289748,0.0091097308488612,0.0091097308488612,0.0089026915113871,5.353319057815845,0.58890440162022,1.0000000000001563,1.7887444673306678,0.1382072148740424,59.950716,119.915882,1199.576843,2159,572,700,60.0,120.0,1.563111,0.0,-2.108362,1.563111,2.108362,138.50085,7.771670769584251,5000
96,2026-03-18 15:27:00.684373,can_tapper31,"rgb(166,86,40)",500.0,430.0,519.0,14.000000000000002,90.0,100.0,81.00783155902313,1500,11.43,15.0,500.0,485.0,0.594206,-36.025,106.0,2.101836,0.0115463917525773,0.0144329896907216,0.0154639175257731,12.612612612612612,0.6400936414877466,1.5000000000002345,2.27471676670449,0.826636077874192,59.939967,119.972679,62.236095,2160,518,779,60.0,120.0,1.571252,0.0,-1.912338,1.571252,1.912338,142.97625,0.2567812781823071,5000
97,2026-03-18 15:32:01.589252,can_tapper31,"rgb(247,129,191)",517.0,462.0,540.0,10.638297872340424,100.0,100.0,58.03264801450128,1500,11.716666666666663,13.0,499.0,486.0,0.936352,-30.42058823529412,17.0,2.032852,0.0061728395061728,0.0113168724279835,0.0109053497942386,4.925053533190578,0.3762029856901941,1.0200000000001594,1.7887444673306678,0.7625975126056932,59.892374,119.948119,300.904879,2160,535,817,60.0,120.0,1.64727,0.0,-2.129672,1.64727,2.129672,143.1961,0.17881886152487322,5000
98,2026-03-18 15:35:08.887628,can_tapper31,"rgb(153,153,153)",516.0,465.0,536.0,9.883720930232558,100.0,100.0,54.54333090813841,1500,11.7,13.0,499.0,486.0,0.934044,21.316526610644257,499.0,2.430398,0.0100823045267489,0.0104938271604938,0.0141975308641975,7.753479125248509,1.333230971046135,1.5000000000002345,119.99999999999996,0.128195722894114,59.8619,119.765272,187.298376,2116,554,577,60.0,120.0,1.583663,0.0,-1.904601,1.583663,1.904601,130.1269,9.001758312715586,5000
99,2026-03-18 15:36:31.410025,can_tapper31,"rgb(228,26,28)",498.0,449.0,504.0,9.839357429718875,84.00000000000003,95.0,3.829610590937,1500,11.971428571428572,15.5,499.0,483.5,0.762321,-41.712025316455694,123.0,2.258521,0.0047569803516028,0.0101344364012409,0.0059979317476732,8.008213552361397,0.4763061054836276,1.2400000000001938,2.27471676670449,0.8410255802164881,59.846946,119.805158,82.522397,2116,507,585,60.0,120.0,1.660383,0.0,-2.102918,1.660383,2.102918,143.53795,0.24007045687637846,5000
100,2026-03-19 09:18:23.151107,can_tapper31,"rgb(55,126,184)",495.0,449.0,497.0,9.292929292929292,75.58333333333339,81.00000000000004,2.278125456944301,1500,11.041666666666666,0.0,314.0,314.0,1.234349,-12.2,22.0,2.829135,0.0146496815286624,0.0146496815286624,0.0152866242038216,2.819956616052061,0.5865979368030465,1.0000000000001563,2.7289468883321724,0.1968667909912879,59.792195,119.780284,63711.741082,2157,320,558,60.0,120.0,1.657279,0.0,-2.105091,1.657279,2.105091,141.3363,6.8292609461798826,5000
101,2026-03-19 09:26:57.342036,can_tapper31,"rgb(77,175,74)",493.0,444.0,500.0,9.939148073022311,70.75000000000004,90.0,3.63688161639124,1500,11.008333333333336,14.0,287.0,273.0,1.625781,-13.427609427609427,151.0,2.122324,0.012087912087912,0.0179487179487179,0.0146520146520146,3.508771929824561,0.9234228685367004,1.5000000000002345,119.99999999999996,0.2194835949786361,59.90295,119.91888,514.190929,2160,435,493,60.0,120.0,1.88987,0.0,-2.106575,1.88987,2.106575,138.91155,7.2454546731164085,5000
102,2026-03-19 12:24:25.729594,can_tapper31,"rgb(152,78,163)",491.0,446.0,495.0,9.164969450101832,66.25000000000003,75.58333333333339,1.8333252592553504,1500,13.4,11.0,294.0,283.0,1.317882,-29.649214659685864,18.0,2.015431,0.0134275618374558,0.0159010600706713,0.0148409893992932,5.422993492407809,0.9700532451011242,1.0000000000001563,1.5862030873085784,0.2477293638438163,59.959373,85.652076,10648.387558,1749,313,383,60.0,120.0,1.649277,0.0,-2.106022,1.649277,2.106022,139.1060418387008,5.599015112654307,3633
103,2026-03-19 12:27:08.439915,can_tapper31,"rgb(255,127,0)",504.5,464.0,508.0,8.02775024777007,95.625,100.0,13.364031988824271,372,13.433333333333334,3.5,306.0,302.5,1.131674,-27.431297709923665,64.0,2.133345,0.0120661157024793,0.0133884297520661,0.0132231404958677,2.0242914979757085,0.4523944034442783,1.0000000000001563,2.892719705486028,0.5515292398059175,10.455013,119.895123,162.710321,1566,279,428,60.0,120.0,1.641849,0.0,-2.005074,1.641849,2.005074,141.4671,2.1646719730596535,5000
104,2026-03-25 07:32:11.408183,can_tapper31,"rgb(255,255,51)",489.0,441.0,493.0,9.8159509202454,62.08333333333334,70.75000000000004,0.7311203249422423,1500,8.658333333333335,0.0,365.0,365.0,1.11822,-9.609756097560975,20.0,2.113176,0.0098630136986301,0.0131506849315068,0.010958904109589,4.194260485651214,0.8133820874870059,1.0200000000001594,3.913484529189812,0.8473529652737493,59.791475,119.799377,500702.968268,2157,330,511,60.0,120.0,1.470369,0.0,2.065801,1.470369,-2.065801,144.21575,0.8569926048485825,5000
105,2026-03-25 08:03:37.358350,can_tapper31,"rgb(166,86,40)",488.0,442.0,492.0,9.42622950819672,60.0,68.33333333333339,5.6879051536151e-14,1500,8.525,0.0,375.0,375.0,1.149651,-15.38768115942029,157.0,2.251787,0.0122666666666666,0.0122666666666666,0.0133333333333333,2.978723404255319,0.3943372231922427,1.0000000000001563,3.2620894576029285,0.8354918440811667,59.980435,119.873331,1885.950167,2160,339,512,60.0,120.0,1.737048,0.0,2.010882,1.737048,-2.010882,143.4895,0.3442578288005091,5000
106,2026-03-25 09:01:03.692617,can_tapper31,"rgb(247,129,191)",489.0,446.0,496.0,8.793456032719837,62.08333333333334,78.00000000000004,2.668001185777806,1500,8.701666666666666,20.0,363.0,343.0,1.287795,-19.35646687697161,181.0,2.287971,0.010204081632653,0.012536443148688,0.0122448979591836,7.423580786026201,0.9291107085244192,1.260000000000197,2.0171482422437275,0.7976497728050047,59.930577,119.933827,3446.334267,2159,431,560,60.0,120.0,1.85295,0.0,1.907198,1.85295,-1.907198,142.45935,0.3587977489685551,5000
107,2026-03-25 09:43:56.012603,can_tapper31,"rgb(153,153,153)",488.0,444.0,492.0,9.01639344262295,60.0,68.33333333333339,5.6879051536151e-14,1500,8.98,19.0,333.0,314.0,1.312154,-29.02120141342756,22.0,2.320954,0.0114649681528662,0.0140127388535031,0.0127388535031847,7.017543859649122,0.8827517077020434,1.0000000000001563,2.145932504474109,0.7924096592179513,59.972745,119.919755,2572.319986,2160,354,807,60.0,120.0,1.671052,0.0,1.897858,1.671052,-1.897858,142.68965,0.4324150483676871,5000
108,2026-03-25 10:19:39.196323,can_tapper31,"rgb(228,26,28)",492.0,441.0,496.0,10.365853658536585,68.33333333333339,78.00000000000004,3.446748198554183,1500,9.375,10.0,295.0,285.0,1.296001,-25.652985074626866,9.0,3.394547,0.0157894736842105,0.0178947368421052,0.0171929824561403,9.594882729211088,0.8029460148089346,1.0200000000001594,2.0171482422437275,0.7733745163659775,59.998749,119.940102,2143.18372,2159,396,544,60.0,120.0,1.659172,0.0,1.998599,1.659172,-1.998599,142.67115,1.1127186553937645,5000
109,2026-03-25 10:51:55.238311,can_tapper31,"rgb(55,126,184)",501.0,456.0,505.0,8.982035928143713,91.25,96.25,2.970890209283577,1500,10.075,0.0,500.0,500.0,1.019253,-19.673139158576053,147.0,2.021249,0.0072,0.009,0.0079999999999999,5.544147843942505,0.873766952919632,1.0000000000001563,2.0171482422437275,0.753946759440718,59.967669,119.994801,1936.041988,2159,379,704,60.0,120.0,1.900482,0.0,1.940563,1.900482,-1.940563,143.0706,0.25055577350999714,5000
110,2026-03-25 13:18:45.819854,can_tapper31,"rgb(77,175,74)",491.0,428.0,495.0,12.830957230142568,66.25000000000003,75.58333333333339,1.4270584120257956,1500,12.45,12.0,482.0,470.0,1.095664,-24.73263888888889,139.0,2.1035,0.0093617021276595,0.0134042553191489,0.0102127659574468,7.7894736842105265,1.1090247402113922,1.5000000000002345,3.2620894576029285,0.8105135103711755,59.959549,119.841172,8810.581543,2158,416,685,60.0,120.0,1.71047,0.0,-2.104802,1.71047,2.104802,142.3139,0.9576665468956654,5000
111,2026-03-25 13:49:52.594914,can_tapper31,"rgb(152,78,163)",496.0,441.0,499.0,11.088709677419354,78.00000000000004,87.00000000000001,1.6489251772996736,1500,12.75,8.0,448.0,440.0,1.040581,-23.64102564102564,139.0,2.043258,0.01,0.0124999999999999,0.0106818181818181,15.63169164882227,0.7515403858676416,1.5000000000002345,2.27471676670449,0.6075835411078314,59.851567,119.964011,1866.77506,2159,475,567,60.0,120.0,1.776901,0.0,2.034881,1.776901,-2.034881,143.368,1.5114009615497046,5000
112,2026-03-25 14:21:29.320488,can_tapper31,"rgb(255,127,0)",492.0,444.0,496.0,9.75609756097561,68.33333333333339,78.00000000000004,4.076144033840895,1500,13.330000000000002,0.0,499.0,499.0,0.82945,-25.418250950570343,11.0,2.231651,0.0074148296593186,0.0096192384769539,0.0082164328657314,8.131868131868131,1.046073140747401,1.0200000000001594,2.27471676670449,0.7295025520536238,59.989473,119.999902,1896.725574,2160,386,670,60.0,120.0,1.590747,0.0,-1.903649,1.590747,1.903649,142.7865,1.0697881282420565,5000
113,2026-03-25 15:17:30.568675,can_tapper31,"rgb(255,255,51)",500.0,445.0,504.0,11.0,90.0,95.0,1.4704717646535346,1500,14.628571428571428,0.0,499.0,499.0,0.587478,-21.360294117647054,148.0,2.087551,0.0102204408817635,0.0110220440881763,0.0110220440881763,16.10169491525424,1.0193673185303258,1.5200000000002376,2.27471676670449,0.6579449293937601,59.904201,119.973821,3361.248187,2159,435,820,60.0,120.0,1.597043,0.0,-1.908903,1.597043,1.908903,141.971,1.1871355685731595,5000
114,2026-03-25 15:45:52.505118,can_tapper31,"rgb(166,86,40)",501.0,454.0,505.0,9.3812375249501,91.25,96.25,1.899227510767338,1500,14.557142857142855,7.0,497.0,490.0,0.817351,-22.209302325581397,7.0,2.320227,0.0073469387755102,0.0095918367346938,0.0079591836734693,8.15450643776824,1.05861128051631,1.2400000000001938,2.565174071178317,0.714264183994136,59.985653,119.942127,1701.936443,2159,339,618,60.0,120.0,1.637746,0.0,-2.106649,1.637746,2.106649,141.96655,0.9919376923864065,5000
115,2026-03-25 17:06:16.208455,can_tapper31,"rgb(247,129,191)",492.0,442.0,493.0,10.16260162601626,68.33333333333339,70.75000000000004,4.898037732460374,1500,15.19,11.0,499.0,488.0,0.980716,-30.862204724409448,17.0,3.480597,0.0061475409836065,0.0102459016393442,0.0063524590163934,9.090909090909092,0.5883376485695085,1.0000000000001563,2.0171482422437275,0.7886692586420756,59.931853,119.948321,4823.703337,2160,382,663,60.0,120.0,1.501263,0.0,2.023444,1.501263,-2.023444,141.9937,0.39867542991732835,5000
116,2026-03-26 08:14:14.242987,can_tapper31,"rgb(153,153,153)",489.0,460.0,492.0,5.930470347648262,62.08333333333334,68.33333333333339,11.449703950362984,540,14.2,8.5,431.0,422.5,0.81441,-37.92592592592592,77.0,2.318996,0.0014201183431952,0.0068639053254437,0.0021301775147928,1.8633540372670807,0.3900229565315249,0.5000000000000782,3.470356641605033,0.8161361115286336,13.812013,119.981404,54478.034532,1606,335,534,60.0,120.0,1.732892,0.0,-2.005304,1.732892,2.005304,140.64455,0.7187810005317407,5000
117,2026-03-26 11:14:41.992917,can_tapper31,"rgb(228,26,28)",497.0,456.0,500.0,8.249496981891348,81.00000000000004,90.0,3.802766134562213,1500,15.45,24.5,499.0,474.5,0.825125,-38.29166666666666,26.0,2.331816,0.0023182297154899,0.008640674394099,0.0027397260273972,2.6694045174537986,0.6788086100307242,1.0000000000001563,2.9136317643906224,0.818114292542398,59.984176,119.993193,10827.74993,2160,406,494,60.0,120.0,1.709568,0.0,2.10122,1.709568,-2.10122,142.77965,0.6646214876487967,5000
118,2026-03-26 11:46:43.069760,can_tapper31,"rgb(55,126,184)",497.0,451.0,499.0,9.25553319919517,81.00000000000004,87.00000000000001,1.0337426816632638,1500,15.475,0.0,495.0,495.0,0.858425,-42.58862876254181,28.0,2.262475,0.0082828282828282,0.0092929292929292,0.0086868686868686,8.403361344537815,0.9634083203466312,0.7600000000001188,2.145932504474109,0.758693194908961,59.975274,119.985476,1921.076843,2159,368,703,60.0,120.0,1.503572,0.0,2.092243,1.503572,-2.092243,142.36675,0.9117281322507736,5000
119,2026-03-26 12:50:16.925370,can_tapper31,"rgb(77,175,74)",496.0,454.0,496.0,8.46774193548387,78.00000000000004,78.00000000000004,1.4829695479858356,1500,15.4,0.0,499.0,499.0,1.087493,-67.71147540983607,24.0,2.090794,0.0080160320641282,0.0084168336673346,0.0080160320641282,7.910750507099391,1.3348178054147302,1.260000000000197,3.2620894576029285,0.7408907446477654,59.953949,119.921575,3813.85561,2159,367,478,60.0,120.0,1.623293,0.0,2.005426,1.623293,-2.005426,141.8531,0.48071988550682515,5000
120,2026-03-26 13:38:52.286316,can_tapper31,"rgb(152,78,163)",496.0,448.0,500.0,9.67741935483871,78.00000000000004,90.0,2.777183456525532,1500,15.493333333333334,17.0,499.0,482.0,0.937618,-52.06148867313916,52.0,2.348643,0.0056016597510373,0.0099585062240663,0.0062240663900414,8.24524312896406,0.8774623151745417,1.0000000000001563,2.145932504474109,0.6668868351649928,59.916857,119.940943,2915.360946,2158,361,598,60.0,120.0,1.83539,0.0,2.002464,1.83539,-2.002464,141.0904,1.5751425506317656,5000
121,2026-03-26 15:14:21.732062,can_tapper31,"rgb(255,127,0)",499.0,441.0,503.0,11.623246492985972,87.00000000000001,93.75,3.15283695681539,1500,16.3,0.0,336.0,336.0,1.111275,-33.86144578313253,135.0,2.113993,0.013095238095238,0.0172619047619047,0.0142857142857142,7.6604554865424435,1.1677956700828591,1.5000000000002345,2.583718236095259,0.6942887442490618,59.950375,119.977273,5729.445746,2160,436,559,60.0,120.0,1.523748,0.0,1.928276,1.523748,-1.928276,142.2735,1.053254299266592,5000
122,2026-03-27 09:49:16.021059,can_tapper31,"rgb(255,255,51)",489.0,440.0,491.0,10.020449897750511,62.08333333333334,66.25000000000003,2.8421790409678533,1500,10.36,31.5,368.0,336.5,1.374553,-18.858934169279,40.0,2.372386,0.0104011887072808,0.0145616641901931,0.0109955423476968,8.131868131868131,1.1904538973966594,1.0000000000001563,3.678623825607137,0.801597830465287,59.903016,119.965608,66894.288997,2160,463,905,60.0,120.0,1.76855,0.0,1.927557,1.76855,-1.927557,141.8378,0.7907535761814243,5000
123,2026-03-27 10:25:29.917649,can_tapper31,"rgb(166,86,40)",495.0,447.0,496.0,9.696969696969695,75.58333333333339,78.00000000000004,0.5834580370924966,1500,10.225,14.5,307.0,292.5,1.253029,-27.94117647058824,19.0,2.851211,0.0129914529914529,0.0164102564102564,0.0133333333333333,8.24524312896406,0.9297905421552286,1.0000000000001563,1.6874737773196231,0.2511997267718611,59.976864,119.980224,2173.89659,2160,351,337,60.0,120.0,1.730085,0.0,1.898237,1.730085,-1.898237,138.3626,3.783435491299169,5000
124,2026-03-27 10:43:53.158730,can_tapper31,"rgb(247,129,191)",495.0,442.0,499.0,10.707070707070706,75.58333333333339,87.00000000000001,4.470793098129424,1500,10.2,0.0,341.0,341.0,1.06792,-28.070121951219512,28.0,2.165146,0.013782991202346,0.0155425219941348,0.0149560117302052,9.554140127388536,1.1142586299507584,1.0000000000001563,2.0171482422437275,0.718730704440768,59.955975,119.922193,1103.241081,2159,420,545,60.0,120.0,1.67035,0.0,1.897576,1.67035,-1.897576,140.75725,0.7265607446065656,5000
125,2026-03-27 11:39:33.957611,can_tapper31,"rgb(153,153,153)",493.0,445.0,496.0,9.73630831643002,70.75000000000004,78.00000000000004,0.9059559582028106,1500,10.283333333333331,0.0,404.0,404.0,1.056974,-16.644827586206898,32.0,2.159975,0.0099009900990099,0.0118811881188118,0.0106435643564356,9.170305676855897,1.3424259942482366,1.5000000000002345,119.99999999999996,0.3199037127575389,59.942212,119.99403,3340.798881,2160,417,406,60.0,120.0,1.485677,0.0,2.101431,1.485677,-2.101431,133.89425,5.838201465928318,5000
126,2026-03-27 12:56:11.811895,can_tapper31,"rgb(228,26,28)",489.0,435.0,492.0,11.042944785276074,62.08333333333334,68.33333333333339,1.1164449406418693,1500,10.275,0.0,348.0,348.0,1.019877,-47.86581469648562,20.0,2.020824,0.0120689655172413,0.0155172413793103,0.0129310344827586,10.10752688172043,1.4207675495111416,1.0000000000001563,2.419945418941404,0.7959307807718481,59.910619,119.967804,4597.854284,2159,381,432,60.0,120.0,1.420804,0.0,-1.90377,1.420804,1.90377,141.74435,0.653675023010155,5000
127,2026-03-27 13:44:42.182408,can_tapper31,"rgb(55,126,184)",491.0,446.0,493.0,9.164969450101832,66.25000000000003,70.75000000000004,2.129103168489737,1500,10.816666666666666,13.0,304.0,291.0,1.395058,-48.54966887417218,15.0,2.092352,0.0130584192439862,0.0154639175257731,0.0137457044673539,5.010893246187364,0.896138152767672,1.0000000000001563,2.0171482422437275,0.7664903303559587,59.98257,119.993175,2910.370513,2160,422,508,60.0,120.0,1.926531,0.0,1.963363,1.926531,-1.963363,141.8178,0.34634108972259114,5000
128,2026-03-27 13:50:20.933788,can_tapper31,"rgb(77,175,74)",505.0,451.0,511.0,10.693069306930694,96.25,100.0,4.320144142285448,1500,10.966666666666663,12.0,275.0,263.0,1.666525,-42.042813455657495,144.0,2.168311,0.0136882129277566,0.0205323193916349,0.0159695817490494,11.530398322851154,1.1908359486081823,1.5000000000002345,2.145932504474109,0.7840555747760118,59.94653,119.967576,338.75138,2160,406,420,60.0,120.0,1.6993,0.0,1.898772,1.6993,-1.898772,141.54715,0.366048051128879,5000
129,2026-03-27 15:27:37.864734,can_tapper31,"rgb(152,78,163)",493.0,435.0,500.0,11.76470588235294,70.75000000000004,90.0,1.3363205939198783,1500,10.716666666666669,0.0,353.0,353.0,1.013031,-37.02597402597402,103.0,2.113005,0.0107648725212464,0.0164305949008498,0.0127478753541076,14.587737843551798,0.8865144831509263,1.0000000000001563,1.9029463547871976,0.8082708252397548,59.877544,119.97308,5836.930946,2159,359,510,60.0,120.0,1.636351,0.0,2.099126,1.636351,-2.099126,140.83935,0.5058707923488929,5000
130,2026-03-27 15:45:59.727835,can_tapper31,"rgb(255,127,0)",491.0,432.0,492.0,12.016293279022404,66.25000000000003,68.33333333333339,2.322747698998473,1500,12.016666666666666,0.0,500.0,500.0,1.182151,-47.47077922077922,154.0,2.178851,0.008,0.0118,0.0082,11.597374179431071,0.868914459699236,1.5000000000002345,2.27471676670449,0.8099542686945026,59.957574,119.945975,1101.863101,2159,369,432,60.0,120.0,1.738453,0.0,2.021295,1.738453,-2.021295,141.37095,0.45439508412652546,5000
131,2026-03-28 07:48:25.264460,can_tapper31,"rgb(255,255,51)",497.0,438.0,499.0,11.87122736418511,81.00000000000004,87.00000000000001,2.2618854497262406,1500,7.25,17.5,294.0,276.5,1.646369,-10.449324324324325,156.0,2.150943,0.0126582278481012,0.0213381555153707,0.013381555153707,7.43801652892562,0.7504458569311808,1.5200000000002376,18.072206463416617,0.6731814266328112,59.90804,119.936234,57745.536625,2160,444,648,60.0,120.0,1.653175,0.0,2.097174,1.653175,-2.097174,143.02895,1.7670381666159907,5000
132,2026-03-31 07:30:53.910809,can_tapper31,"rgb(166,86,40)",495.0,467.0,,5.656565656565657,75.58333333333339,,,0,13.365,0.0,280.0,280.0,0.914201,-17.88659793814433,10.0,2.010534,0.01,0.01,,1.0706638115631693,0.5069477093668003,0.5000000000000782,2.7289468883321724,0.770318196822885,2.304141,119.984484,258148.646349,1468,300,454,60.0,120.0,1.484182,0.0,-2.003918,1.484182,2.003918,141.1684,0.2552537382569334,5000
133,2026-03-31 09:24:42.142035,can_tapper31,"rgb(247,129,191)",503.0,464.0,508.0,7.75347912524851,93.75,100.0,5.167282296568705,1500,13.13,0.0,439.0,439.0,0.820698,-11.492700729927009,17.0,2.323032,0.0070615034168564,0.008883826879271,0.0082004555808656,8.333333333333334,0.4345553966798608,0.5000000000000782,4.67804510221319,0.5782360154982622,41.153481,119.972499,6828.231226,1935,337,536,60.0,120.0,1.60155,0.0,2.121118,1.60155,-2.121118,142.3582,1.208981011851448,5000
134,2026-03-31 10:13:43.508128,can_tapper31,"rgb(153,153,153)",492.0,445.0,496.0,9.552845528455284,68.6666666666667,78.00000000000004,2.806152358289701,1500,13.025,25.0,346.0,321.0,1.283089,-26.04123711340206,154.0,2.383757,0.0096573208722741,0.0146417445482866,0.0109034267912772,7.894736842105263,0.798687805622134,1.5000000000002345,2.145932504474109,0.7998312054099443,59.905805,119.935291,2941.366093,2159,451,432,60.0,120.0,1.982695,0.0,2.022401,1.982695,-2.022401,141.24595,0.22171136345647063,5000
135,2026-03-31 10:50:59.988145,can_tapper31,"rgb(228,26,28)",495.0,453.0,499.0,8.484848484848486,75.58333333333339,87.00000000000001,0.6319913919959614,1500,12.9,0.0,286.0,286.0,1.374171,-22.26333333333333,12.0,2.373346,0.0108391608391608,0.0146853146853146,0.0122377622377622,5.394190871369295,1.096071684642494,1.0000000000001563,1.9029463547871976,0.7304228610781718,59.872826,119.926495,2236.480017,2159,451,629,60.0,120.0,1.66359,0.0,2.020046,1.66359,-2.020046,141.14455,0.6369842598443444,5000
136,2026-03-31 14:08:05.392694,can_tapper31,"rgb(55,126,184)",492.0,452.0,495.0,8.130081300813007,68.33333333333339,75.58333333333339,8.843540243896139e-14,1500,13.56,8.0,432.0,424.0,1.028781,-31.892193308550187,12.0,2.033229,0.0073113207547169,0.0094339622641509,0.0080188679245283,3.736263736263736,0.6147927591274517,1.0000000000001563,2.0171482422437275,0.8113053892363387,59.909823,119.922684,11825.404549,2158,411,768,60.0,120.0,1.596155,0.0,1.902201,1.596155,-1.902201,141.8816,0.29664632107600286,5000
137,2026-03-31 14:49:04.496516,can_tapper31,"rgb(77,175,74)",501.0,451.0,505.0,9.98003992015968,91.25,96.25,3.620126053388341,1500,14.875,0.0,293.0,293.0,1.395182,-23.57099697885196,10.0,2.094486,0.0126279863481228,0.0170648464163822,0.0139931740614334,9.623430962343097,0.7813088397076285,1.0000000000001563,1.7887444673306678,0.7150443530525139,59.957486,119.911521,2459.103822,2159,397,706,60.0,120.0,1.765792,0.0,1.898393,1.765792,-1.898393,141.42875,0.8625165067665819,5000
138,2026-03-31 15:10:09.066304,can_tapper31,"rgb(152,78,163)",504.0,451.0,508.0,10.515873015873016,95.0,100.0,0.9555559802467916,1500,13.9,11.0,498.0,487.0,0.624685,-21.240677966101696,140.0,2.12777,0.0024640657084188,0.0108829568788501,0.0032854209445585,8.620689655172415,0.9177642774246336,1.5000000000002345,1.7887444673306678,0.7831851654995066,59.998616,119.886832,1264.569788,2159,422,576,60.0,120.0,1.786008,0.0,2.100819,1.786008,-2.100819,140.98535,0.28829585567628174,5000
139,2026-03-31 15:21:04.286253,can_tapper31,"rgb(255,127,0)",497.0,453.0,504.0,8.853118712273641,81.00000000000004,95.0,4.178801857243916,1500,13.913333333333332,15.5,498.0,482.5,0.813024,-24.12367491166078,21.0,2.323306,0.0068393782383419,0.0091191709844559,0.0080829015544041,8.387096774193548,1.0024065228732375,1.0000000000001563,2.0171482422437275,0.721693453471792,59.870193,119.951897,655.219949,2158,357,493,60.0,120.0,1.775853,0.0,2.097799,1.775853,-2.097799,140.637,0.506070372027734,5000
140,2026-03-31 15:51:27.894995,can_tapper31,"rgb(255,255,51)",496.0,433.0,501.0,12.701612903225806,78.00000000000004,91.25,4.98301554800634,1500,14.091071428571428,16.0,495.0,479.0,1.175094,-26.56474820143885,150.0,2.173256,0.0106471816283924,0.013152400835073,0.0116910229645093,7.43801652892562,0.9983916335000516,1.5000000000002345,2.0171482422437275,0.7802452260707676,59.98245,119.922105,1823.608742,2160,367,552,60.0,120.0,1.756574,0.0,1.93015,1.756574,-1.93015,141.18885,0.34949621889429766,5000
141,2026-04-01 07:39:19.641433,can_tapper31,"rgb(166,86,40)",491.0,432.0,493.0,12.016293279022404,66.25000000000003,70.75000000000004,4.953655534957052,1500,9.416666666666666,25.0,358.0,333.0,1.08762,-15.90282131661442,155.0,2.087352,0.0144144144144144,0.0177177177177177,0.015015015015015,5.172413793103448,0.777039270844409,1.5000000000002345,3.2620894576029285,0.7847383601786158,59.811521,119.999977,56871.746438,2159,410,523,60.0,120.0,1.623575,0.0,2.098571,1.623575,-2.098571,142.8917,0.7047130154090597,5000
142,2026-04-01 08:30:34.422823,can_tapper31,"rgb(247,129,191)",492.0,452.0,496.0,8.130081300813007,68.33333333333339,78.00000000000004,3.836090593817345,1500,9.16,14.0,470.0,456.0,0.990974,-19.493827160493822,13.0,2.588567,0.0087719298245614,0.0087719298245614,0.0096491228070175,1.855670103092784,0.565302439007012,1.0000000000001563,1.9029463547871976,0.7436727370997069,59.962349,119.915625,3074.78139,2160,437,577,60.0,120.0,1.560173,0.0,-1.903576,1.560173,1.903576,140.94245,0.817960457089431,5000
143,2026-04-01 09:07:49.293981,can_tapper31,"rgb(153,153,153)",492.0,432.0,496.0,12.195121951219512,68.33333333333339,78.00000000000004,1.0454315757471688,1500,9.2375,0.0,310.0,310.0,1.064228,-20.420245398773005,14.0,2.157133,0.0125806451612903,0.0193548387096774,0.0138709677419354,13.157894736842104,1.0224047679249428,1.0000000000001563,1.6874737773196231,0.7310623386268242,59.85344,119.941483,2234.871158,2158,448,517,60.0,120.0,1.274029,0.0,-2.106316,1.274029,2.106316,141.21965,0.7054721225414531,5000
144,2026-04-01 09:56:45.151473,can_tapper31,"rgb(228,26,28)",502.0,454.0,504.0,9.56175298804781,92.5,95.0,4.077015145338983,1500,9.8,10.0,328.0,318.0,1.282299,-21.24100719424461,11.0,2.374804,0.0128930817610062,0.0150943396226415,0.0135220125786163,6.748466257668712,0.8114245477605764,1.0000000000001563,1.6874737773196231,0.7149110858894167,59.943269,119.8969,2935.857492,2158,415,547,60.0,120.0,1.592501,0.0,-1.904651,1.592501,1.904651,140.8787,0.5321117726453316,5000
145,2026-04-01 10:20:57.068598,can_tapper31,"rgb(55,126,184)",499.0,446.0,503.0,10.62124248496994,87.00000000000001,93.75,1.1044982686656717,1500,10.1,8.0,499.0,491.0,0.6717,-21.841216216216218,142.0,2.176248,0.0083503054989816,0.0107942973523421,0.0089613034623217,8.932461873638344,0.9750195803029252,1.5000000000002345,2.145932504474109,0.8075669440023264,59.91905,119.992999,1451.917125,2160,411,569,60.0,120.0,1.7728,0.0,-2.10505,1.7728,2.10505,141.21195,0.31318415407373174,5000
146,2026-04-01 11:08:43.320173,can_tapper31,"rgb(77,175,74)",496.0,450.0,499.0,9.274193548387096,78.00000000000004,87.00000000000001,3.037112460938281,1500,10.533333333333337,0.0,498.0,498.0,0.722788,-22.490322580645163,65.0,2.126413,0.0060240963855421,0.0092369477911646,0.0066265060240963,8.936170212765957,1.1027241308685976,1.0000000000001563,2.0171482422437275,0.799991629899913,59.884062,119.983787,2866.251575,2160,393,728,60.0,120.0,1.751411,0.0,-2.007213,1.751411,2.007213,141.23355,0.7771342773529665,5000
147,2026-04-01 11:54:51.125950,can_tapper31,"rgb(152,78,163)",499.0,449.0,501.0,10.02004008016032,87.00000000000001,91.25,1.1044982686656717,1500,11.22,0.0,499.0,499.0,1.057427,-21.55271565495208,12.0,2.062301,0.0086172344689378,0.0100200400801603,0.0090180360721442,8.15450643776824,0.9170822554327503,1.0000000000001563,1.9029463547871976,0.7124316488317988,59.898799,119.975,2767.805777,2159,426,612,60.0,120.0,1.627521,0.0,-2.007894,1.627521,2.007894,141.89365,0.5049783937315526,5000
148,2026-04-01 12:13:08.600198,can_tapper31,"rgb(255,127,0)",508.0,456.0,516.0,10.236220472440944,100.0,100.0,65.4006068447038,1500,11.45,0.0,499.0,499.0,0.987599,-7.063559322033898,499.0,2.485293,0.0094188376753507,0.0104208416833667,0.0110220440881763,7.112970711297071,0.9657502660399072,1.0000000000001563,119.99999999999996,0.2861990970499518,59.998026,119.843929,1097.474248,2158,371,637,60.0,120.0,1.550896,0.0,-2.106207,1.550896,2.106207,136.60095,5.929007271284557,5000
149,2026-04-01 12:15:02.959065,can_tapper31,"rgb(255,255,51)",508.0,451.0,516.0,11.22047244094488,100.0,100.0,6.313025028010213,1500,11.405,0.0,499.0,499.0,0.586979,-16.141479099678456,47.0,2.183238,0.0082164328657314,0.0114228456913827,0.0094188376753507,16.666666666666668,0.9625851786381472,1.5000000000002345,2.27471676670449,0.7457483194976299,59.889919,119.982581,114.358867,2159,417,586,60.0,120.0,1.551376,0.0,-2.107637,1.551376,2.107637,141.6709,0.4446714928430799,5000
150,2026-04-01 13:11:45.167359,can_tapper31,"rgb(166,86,40)",492.0,441.0,495.0,10.365853658536585,68.33333333333339,75.58333333333339,0.8524448233083758,1500,12.154761904761903,0.0,500.0,500.0,0.8698,-25.798045602605864,13.0,2.367093,0.0096,0.0102,0.0102,15.021459227467812,0.6951261005304725,1.0000000000001563,2.0171482422437275,0.7090084372486503,59.842427,119.774475,3402.208294,2157,461,675,60.0,120.0,1.6902,0.0,2.002274,1.6902,-2.002274,141.8416,0.6698127871532419,5000
151,2026-04-01 14:21:28.348270,can_tapper31,"rgb(247,129,191)",499.0,445.0,500.0,10.821643286573146,87.00000000000001,90.0,0.4831113258268824,1500,12.85,8.5,497.0,488.5,0.709652,-26.68794326241135,17.0,2.118493,0.0106448311156601,0.0110542476970317,0.0108495394063459,15.498938428874734,1.0160651251474648,1.5000000000002345,2.0171482422437275,0.6334668574376888,59.856706,119.984198,4183.180911,2159,443,666,60.0,120.0,1.60269,0.0,1.908324,1.60269,-1.908324,141.5973,0.5334928611768113,5000
152,2026-04-01 15:09:05.957099,can_tapper31,"rgb(153,153,153)",496.0,431.0,500.0,13.104838709677418,78.00000000000004,90.0,4.077672923409604,1500,13.425,17.0,499.0,482.0,1.201982,-24.208029197080293,149.0,2.199256,0.0093360995850622,0.0134854771784232,0.0101659751037344,12.93103448275862,1.2929089451235465,1.5200000000002376,2.565174071178317,0.7954655201104068,59.966168,119.952151,2857.608829,2160,369,596,60.0,120.0,1.826257,0.0,0.207533,1.826257,-0.207533,142.07825,0.8221159361201754,5000
153,2026-04-01 15:29:54.965724,can_tapper31,"rgb(228,26,28)",495.0,451.0,500.0,8.88888888888889,75.58333333333339,90.0,4.759548782020864,1500,13.333333333333332,17.0,498.0,481.0,0.94723,-24.83629893238434,19.0,2.045498,0.0064449064449064,0.0091476091476091,0.0074844074844074,4.310344827586207,0.9029120301030518,1.0000000000001563,1.7887444673306678,0.708485031225498,59.914974,119.947027,1249.008625,2159,370,733,60.0,120.0,1.598654,0.0,2.099169,1.598654,-2.099169,142.2672,0.5220475713320101,5000
154,2026-04-02 07:44:04.006219,can_tapper31,"rgb(55,126,184)",492.0,453.0,497.0,7.926829268292683,68.33333333333339,81.00000000000004,1.9622764276782043,1500,11.13,0.0,445.0,445.0,1.031319,-16.468864468864467,25.0,2.039994,0.0080898876404494,0.0087640449438202,0.0092134831460674,5.2854122621564485,0.8727799220448851,1.0000000000001563,43.67844838533943,0.6797135921592412,59.913581,119.930817,58449.040495,2160,401,561,60.0,120.0,1.372598,0.0,1.89897,1.372598,-1.89897,142.7603,1.6747477021847448,5000
155,2026-04-02 08:05:19.952578,can_tapper31,"rgb(77,175,74)",489.0,437.0,492.0,10.633946830265849,62.08333333333334,68.33333333333339,0.7781603458491902,1500,10.983333333333334,19.0,297.0,278.0,1.288926,-27.379061371841157,21.0,2.285531,0.0104316546762589,0.018705035971223,0.0115107913669064,12.173913043478262,0.6667973871150568,1.0000000000001563,2.0171482422437275,0.7366973337387781,59.874028,119.989176,1275.946359,2159,325,504,60.0,120.0,1.483595,0.0,2.102925,1.483595,-2.102925,141.6931,0.571491653956536,5000
156,2026-04-02 09:26:06.962110,can_tapper31,"rgb(152,78,163)",489.0,436.0,492.0,10.83844580777096,62.08333333333334,68.33333333333339,5.6879051536151e-14,1500,10.64,19.5,294.0,274.5,1.327125,-27.46153846153846,184.0,2.323801,0.014207650273224,0.0193078324225865,0.0153005464480874,12.82051282051282,0.8557416715244619,1.0200000000001594,1.7887444673306678,0.6503653740314771,59.935406,119.996825,4847.009532,2160,370,604,60.0,120.0,1.756226,0.0,1.998101,1.756226,-1.998101,141.62585,1.2630393228898351,5000
157,2026-04-02 09:46:09.328531,can_tapper31,"rgb(255,127,0)",505.0,454.0,509.0,10.0990099009901,96.25,100.0,2.200605422490596,1500,10.8375,11.5,272.0,260.5,1.26128,-21.118210862619808,13.0,2.859526,0.0142034548944337,0.01957773512476,0.0157389635316698,9.316770186335404,0.8029233770676969,1.0000000000001563,1.7887444673306678,0.7015883690781756,59.997704,119.97503,1202.366421,2160,462,558,60.0,120.0,1.5356,0.0,1.896943,1.5356,-1.896943,142.1435,0.6392491516580482,5000
158,2026-04-02 10:17:30.035824,can_tapper31,"rgb(255,255,51)",497.0,436.0,501.0,12.27364185110664,81.00000000000004,91.25,2.395218842318973,1500,11.2125,0.0,499.0,499.0,0.685069,-22.965625,127.0,2.190878,0.008817635270541,0.0122244488977955,0.0094188376753507,10.13215859030837,1.1292332430979564,1.5000000000002345,2.0171482422437275,0.7758593108047064,59.9772,119.991618,1880.707293,2160,397,614,60.0,120.0,1.659275,0.0,1.976493,1.659275,-1.976493,141.43305,0.5070321625131583,5000
159,2026-04-02 11:39:27.648304,can_tapper31,"rgb(166,86,40)",496.0,441.0,499.0,11.088709677419354,78.00000000000004,87.00000000000001,2.2952365756603443,1500,12.533333333333337,12.0,500.0,488.0,0.684794,-29.610344827586207,76.0,2.18552,0.0104508196721311,0.0112704918032786,0.0110655737704918,16.23931623931624,0.8345092513709832,1.5000000000002345,2.0171482422437275,0.7549530471267689,59.980474,119.842125,4917.61248,2158,386,926,60.0,120.0,1.674826,0.0,-0.072448,1.674826,0.072448,141.8575,0.49235884621523257,5000
160,2026-04-02 11:57:32.876901,can_tapper31,"rgb(247,129,191)",504.0,440.0,508.0,12.698412698412698,95.0,100.0,1.6527483802237072e-14,1500,12.743333333333334,0.0,497.0,497.0,0.769999,-19.874172185430464,87.0,2.1739,0.0104627766599597,0.0128772635814889,0.0112676056338028,12.446351931330472,0.9629558602825106,1.5000000000002345,1.7887444673306678,0.7612999948721506,59.981925,119.922743,1085.228597,2160,347,463,60.0,120.0,1.7461,0.0,1.998953,1.7461,-1.998953,141.50415,0.9480110877540245,5000
161,2026-04-02 13:21:23.590581,can_tapper31,"rgb(153,153,153)",495.0,447.0,497.0,9.696969696969695,75.58333333333339,81.00000000000004,0.9220004097779098,1500,13.2,11.0,497.0,486.0,1.075194,-29.147368421052636,13.0,2.080251,0.0063786008230452,0.0098765432098765,0.0067901234567901,6.0344827586206895,1.0795875838168372,1.0000000000001563,1.7887444673306678,0.7791122994579375,59.989049,119.881027,5030.71368,2159,449,645,60.0,120.0,1.714376,0.0,1.998376,1.714376,-1.998376,141.88835,0.39077143954443827,5000
162,2026-04-02 14:11:09.861339,can_tapper31,"rgb(228,26,28)",501.0,451.0,504.0,9.98003992015968,91.25,95.0,2.9232752156300525e-13,1500,14.86,0.0,497.0,497.0,1.028257,-25.257246376811597,13.0,2.03105,0.0064386317907444,0.0100603621730382,0.0070422535211267,9.594882729211088,0.6740074515029868,1.0000000000001563,2.0171482422437275,0.6056686088950931,59.962043,119.965756,2986.270758,2160,371,615,60.0,120.0,1.596504,0.0,1.901056,1.596504,-1.901056,142.2744,1.1950586902134162,5000
163,2026-04-02 16:50:42.992232,can_tapper31,"rgb(55,126,184)",492.0,448.0,496.0,8.94308943089431,68.33333333333339,78.00000000000004,2.04018757341636,1500,16.443333333333335,0.0,500.0,500.0,1.01872,-40.45588235294117,15.0,2.026039,0.0052,0.0088,0.006,5.579399141630901,0.789727441960989,1.0000000000001563,2.27471676670449,0.7827271479054688,59.939602,119.980501,9573.130893,2160,393,573,60.0,120.0,1.779202,0.0,1.900913,1.779202,-1.900913,142.0825,0.6346056215154505,5000
164,2026-04-02 18:22:17.356212,can_tapper31,"rgb(77,175,74)",492.0,442.0,495.0,10.16260162601626,68.33333333333339,75.58333333333339,0.3208890315064396,1500,16.78333333333333,7.0,497.0,490.0,0.896426,-43.6518771331058,10.0,2.000851,0.0057142857142857,0.010204081632653,0.0063265306122448,9.787234042553193,0.7699480630152293,1.0000000000001563,2.145932504474109,0.7395833075356454,59.982675,119.869519,5494.36398,2159,361,599,60.0,120.0,1.679644,0.0,2.020352,1.679644,-2.020352,142.10785,1.1620029809279002,5000
165,2026-04-02 21:20:17.207169,can_tapper31,"rgb(152,78,163)",490.0,439.0,493.0,10.408163265306122,64.16666666666669,70.75000000000004,1.710391871285097,1500,16.71666666666667,9.0,499.0,490.0,0.883799,-47.87777777777778,10.0,2.384727,0.0091836734693877,0.0104081632653061,0.0097959183673469,5.353319057815845,0.7440614574290076,1.0000000000001563,2.27471676670449,0.8039014775290689,59.9457,119.923379,10679.850957,2160,332,530,60.0,120.0,1.550328,0.0,2.010903,1.550328,-2.010903,141.97285,0.6360473950559861,5000
166,2026-04-03 07:03:44.645089,can_tapper31,"rgb(255,127,0)",485.0,455.0,488.0,6.185567010309279,54.642857142857125,60.0,4.420819742585735,1500,14.48333333333333,7.0,402.0,395.0,0.820843,-78.62629757785467,70.0,2.317949,0.0055696202531645,0.0075949367088607,0.0063291139240506,5.399568034557236,0.6240070048180107,0.5000000000000782,3.913484529189812,0.9145334190660744,59.988332,119.94905,35007.43792,2160,426,663,60.0,120.0,1.916293,0.0,-1.9067,1.916293,1.9067,142.3888,0.2244875028321847,5000
167,2026-04-03 07:56:39.804720,can_tapper31,"rgb(255,255,51)",484.0,451.0,485.0,6.8181818181818175,52.857142857142826,54.642857142857125,2.7093878708386456,1500,12.6,12.0,399.0,387.0,0.844111,-75.66776315789474,12.0,2.347733,0.0041343669250646,0.0085271317829457,0.0043927648578811,8.403361344537815,0.605567475568661,0.5000000000000782,3.2620894576029285,0.9099044636748576,59.929043,119.952181,3175.159631,2159,374,576,60.0,120.0,1.599736,0.0,1.983075,1.599736,-1.983075,141.83875,0.2785254975590631,5000
168,2026-04-03 09:01:13.475565,can_tapper31,"rgb(166,86,40)",500.0,463.0,501.0,7.399999999999999,90.0,91.25,0.0288889017286598,1500,16.475,0.0,497.0,497.0,0.637703,-51.5,15.0,2.135651,0.0044265593561368,0.0074446680080482,0.0046277665995975,7.112970711297071,0.4531605080914606,0.5000000000000782,3.2856717655465824,0.8075080537498287,59.896028,119.911201,3873.670845,2158,342,450,60.0,120.0,1.701197,0.0,1.962897,1.701197,-1.962897,141.89805,0.6274730607668714,5000
169,2026-04-03 09:19:51.196007,can_tapper31,"rgb(247,129,191)",503.0,472.0,501.0,6.163021868787276,93.75,91.25,11.001151556066043,1500,16.525,0.0,419.0,419.0,0.854226,-44.0893470790378,-1.0,,0.0064439140811455,0.007398568019093,0.0059665871121718,4.703476482617587,0.5340613111130388,0.5200000000000813,2.27471676670449,0.6898439962603915,59.984649,119.985875,1117.720442,2160,379,612,60.0,120.0,1.591211,0.0,1.998075,1.591211,-1.998075,141.2111,0.6077093483981878,5000
170,2026-04-03 10:42:43.348715,can_tapper31,"rgb(153,153,153)",503.0,461.0,504.0,8.34990059642147,93.75,95.0,2.9232752156300525e-13,1500,15.066666666666666,0.0,497.0,497.0,0.622404,-36.94704049844237,75.0,2.131493,0.0056338028169014,0.0084507042253521,0.0058350100603621,9.164969450101832,0.9252429765644176,0.7600000000001188,2.7289468883321724,0.7812474569977068,59.979679,119.903949,4972.152708,2159,394,541,60.0,120.0,1.640625,0.0,1.980874,1.640625,-1.980874,142.87915,0.5867722197135034,5000
171,2026-04-03 11:45:29.884319,can_tapper31,"rgb(228,26,28)",501.0,470.0,504.0,6.187624750499002,91.25,95.0,2.9232752156300525e-13,1500,17.45,0.0,499.0,499.0,0.708455,-35.672955974842765,18.0,2.112873,0.0048096192384769,0.0062124248496993,0.0054108216432865,4.821802935010482,0.6768181196884259,0.5000000000000782,5.612187333395914,0.8497460386841682,59.98335,119.936798,3766.535604,2160,408,700,60.0,120.0,1.497455,0.0,1.90193,1.497455,-1.90193,142.616,0.5721752152055691,5000
172,2026-04-03 11:55:04.581198,can_tapper31,"rgb(55,126,184)",516.0,482.0,576.0,6.5891472868217065,100.0,100.0,61.51890734172704,1500,17.025,13.5,379.0,365.5,0.835325,-2.44390243902439,103.0,3.32882,0.0082079343365253,0.0093023255813953,0.0246238030095759,5.6,0.4687488372976529,0.5000000000000782,119.99999999999996,0.6454544085097186,59.971557,119.965367,574.696879,2160,375,512,60.0,120.0,1.360949,0.0,1.964926,1.360949,-1.964926,130.8742,6.6147165664944,5000
173,2026-04-03 12:38:31.308230,can_tapper31,"rgb(77,175,74)",496.0,471.0,496.0,5.040322580645161,78.00000000000004,78.00000000000004,8.843540243896139e-14,1500,17.205000000000002,0.0,351.0,351.0,0.938431,-47.24644549763033,27.0,2.038808,0.0065527065527065,0.0071225071225071,0.0065527065527065,2.702702702702702,0.445915876744471,0.160000000000025,119.99999999999996,0.4429795691730362,59.871743,119.934956,2606.727032,2158,327,554,60.0,120.0,1.775382,0.0,2.099433,1.775382,-2.099433,131.3507,6.163035462434443,5000
174,2026-04-03 12:47:51.419185,can_tapper31,"rgb(152,78,163)",496.0,470.0,496.0,5.241935483870968,78.00000000000004,78.00000000000004,8.843540243896139e-14,1500,17.2,0.0,341.0,341.0,1.02865,-87.29554655870446,13.0,2.031045,0.0064516129032258,0.007624633431085,0.0064516129032258,3.278688524590164,0.5918438441808305,0.5000000000000782,4.976713576127057,0.9179490007517944,59.888024,119.97345,560.110955,2159,294,577,60.0,120.0,1.66005,0.0,2.0989,1.66005,-2.0989,142.0136,0.6485554446868891,5000
175,2026-04-03 14:03:31.582843,can_tapper31,"rgb(255,127,0)",496.0,468.0,496.0,5.64516129032258,78.00000000000004,78.00000000000004,1.3095116931159576,1500,19.23333333333333,0.0,335.0,335.0,1.044275,-52.12460063897763,18.0,2.045975,0.0077611940298507,0.0083582089552238,0.0077611940298507,4.384133611691023,0.5553201375615745,0.5000000000000782,2.565174071178317,0.7876172093491448,59.891699,119.941424,4540.163658,2158,420,472,60.0,120.0,1.742351,0.0,1.998199,1.742351,-1.998199,141.93125,0.6190820543496252,5000
176,2026-04-03 15:11:20.256302,can_tapper31,"rgb(255,255,51)",496.0,470.0,499.0,5.241935483870968,78.00000000000004,87.00000000000001,2.5856722602983795,1500,17.217857142857145,0.0,329.0,329.0,1.075225,-46.89589905362776,35.0,2.077219,0.0066869300911854,0.00790273556231,0.0075987841945288,3.278688524590164,0.6063313659180871,0.5000000000000782,2.0171482422437275,0.559821448906743,59.9219,119.958625,4068.673459,2159,423,644,60.0,120.0,1.63815,0.0,1.905646,1.63815,-1.905646,141.27845,0.6502981431887601,5000
177,2026-04-03 15:52:51.498368,can_tapper31,"rgb(166,86,40)",495.0,465.0,499.0,6.0606060606060606,75.58333333333339,87.00000000000001,3.984170659630568,1500,16.825,0.0,420.0,420.0,0.93346,-55.37086092715232,10.0,2.339325,0.0049999999999999,0.0071428571428571,0.0057142857142857,8.71369294605809,0.6442301779107055,0.5000000000000782,2.565174071178317,0.7732028561202895,59.937002,119.896749,2491.242066,2158,443,375,60.0,120.0,1.524118,0.0,1.998849,1.524118,-1.998849,141.6297,0.5610845508252453,5000
178,2026-04-04 07:49:36.089447,can_tapper31,"rgb(247,129,191)",492.0,427.0,496.0,13.211382113821138,68.33333333333339,78.00000000000004,3.946481753991158,1500,11.183333333333334,0.0,438.0,438.0,0.542694,-16.928125,27.0,2.04795,0.0084474885844748,0.0148401826484018,0.0093607305936073,19.12087912087912,1.520125584131794,1.0000000000001563,16.260732598816453,0.770426065016795,59.849765,119.995048,57404.591079,2160,433,440,60.0,120.0,1.569792,0.0,1.997699,1.569792,-1.997699,144.4638,1.722478721665191,5000
179,2026-04-04 07:54:43.299439,can_tapper31,"rgb(153,153,153)",492.0,449.0,496.0,8.739837398373984,68.33333333333339,78.00000000000004,4.123592943818213,1500,11.178333333333333,0.0,349.0,349.0,1.24288,-14.638297872340424,33.0,2.83558,0.0100286532951289,0.0123209169054441,0.0111747851002865,5.084745762711864,0.6796279695176721,1.0000000000001563,119.99999999999996,0.4035714182901609,59.931046,119.887425,307.209992,2160,370,383,60.0,120.0,1.546028,0.0,1.918574,1.546028,-1.918574,134.7141,6.230015955818989,5000
180,2026-04-04 08:41:53.341958,can_tapper31,"rgb(228,26,28)",495.0,445.0,499.0,10.1010101010101,75.58333333333339,87.00000000000001,2.264098784043447,1500,10.933333333333334,19.0,365.0,346.0,1.088744,-22.586572438162545,30.0,2.081294,0.0109826589595375,0.0144508670520231,0.0121387283236994,8.296943231441048,1.143632100990328,1.5000000000002345,1.5862030873085784,0.2489098493311402,59.955325,119.905174,2830.042519,2160,373,355,60.0,120.0,1.459269,0.0,2.0861,1.459269,-2.0861,138.4863,4.031818872752399,5000
181,2026-04-04 08:55:24.141030,can_tapper31,"rgb(55,126,184)",493.0,452.0,499.0,8.316430020283976,70.75000000000004,87.00000000000001,3.4258859670598567,1500,10.875,20.0,309.0,289.0,1.487894,-21.697841726618705,40.0,2.087201,0.0121107266435986,0.0141868512110726,0.0141868512110726,5.579399141630901,0.7031387015442876,1.0000000000001563,119.99999999999996,0.1913921894149165,59.899825,119.980249,810.799072,2160,398,519,60.0,120.0,1.825249,0.0,1.8974,1.825249,-1.8974,138.0308,5.567719574498512,5000
182,2026-04-04 09:37:57.214162,can_tapper31,"rgb(77,175,74)",493.0,444.0,497.0,9.939148073022311,70.75000000000004,81.00000000000004,2.4364988606655333,1500,12.2,0.0,467.0,467.0,1.177952,-19.08450704225352,141.0,2.173978,0.0089935760171306,0.010492505353319,0.0098501070663811,8.771929824561404,1.085550396071814,1.0000000000001563,119.99999999999996,0.4341257791306014,59.954159,119.882637,2553.073132,2159,325,260,60.0,120.0,1.779664,0.0,1.998533,1.779664,-1.998533,132.0458,6.0221553974575635,5000
183,2026-04-04 10:33:13.355407,can_tapper31,"rgb(152,78,163)",492.0,442.0,496.0,10.16260162601626,68.33333333333339,78.00000000000004,3.69609942048795,1500,11.966666666666669,19.0,330.0,311.0,1.281576,-38.22485207100592,22.0,2.476302,0.0128617363344051,0.0160771704180064,0.0141479099678456,8.315565031982942,0.9618543302429884,1.0000000000001563,2.27471676670449,0.8086413962003359,59.977531,119.981494,3316.141245,2160,427,578,60.0,120.0,1.498175,0.0,2.001152,1.498175,-2.001152,141.68345,0.48624158982606647,5000
184,2026-04-04 11:11:00.300924,can_tapper31,"rgb(255,127,0)",489.0,442.0,493.0,9.611451942740286,62.08333333333334,70.75000000000004,0.4287201905423655,1500,10.833333333333334,0.0,421.0,421.0,0.558796,-52.099378881987576,168.0,2.060554,0.004750593824228,0.0111638954869358,0.0057007125890736,8.668076109936575,1.6717489721053311,1.0000000000001563,2.145932504474109,0.7222498840660532,59.968725,119.970526,2266.945517,2160,436,463,60.0,120.0,1.699844,0.0,1.99792,1.699844,-1.99792,141.8698,0.6212689876621829,5000
185,2026-04-04 11:15:56.016668,can_tapper31,"rgb(255,255,51)",497.0,437.0,500.0,12.072434607645874,81.00000000000004,90.0,3.776828345256503,1500,10.858333333333334,0.0,380.0,380.0,1.055678,-44.68571428571428,114.0,2.057247,0.0113157894736842,0.0157894736842105,0.0121052631578947,10.714285714285714,1.2083406580218563,1.2400000000001938,2.27471676670449,0.809480571250673,59.970176,119.885927,295.715744,2158,378,564,60.0,120.0,1.644457,0.0,2.099298,1.644457,-2.099298,141.99825,0.4633598795490513,5000
186,2026-04-04 11:29:11.043670,can_tapper31,"rgb(166,86,40)",489.0,443.0,492.0,9.406952965235174,62.08333333333334,68.33333333333339,0.270506786891922,1500,11.025,26.5,388.0,361.5,1.369048,-48.73106060606061,58.0,2.366395,0.0107883817427385,0.0127247579529737,0.0116182572614107,13.9186295503212,0.975770116280489,1.0000000000001563,2.27471676670449,0.7697971651795883,59.988582,119.9248,795.027002,2160,408,531,60.0,120.0,1.928523,0.0,2.0504,1.928523,-2.0504,141.42675,0.6134510591242478,5000
187,2026-04-09 08:12:27.970016,can_tapper31,"rgb(247,129,191)",492.0,451.0,499.0,8.333333333333332,68.33333333333339,87.00000000000001,9.653115401383223,1500,10.5,0.0,297.0,297.0,1.441451,-14.298780487804878,23.0,2.040093,0.0124579124579124,0.0138047138047138,0.0148148148148148,1.855670103092784,0.6959074746103573,1.0000000000001563,3.2620894576029285,0.7413609928178893,59.937222,119.930818,420196.926346,2160,423,582,60.0,120.0,1.512046,0.0,-2.104176,1.512046,2.104176,142.76385,0.9587776219782624,5000
188,2026-04-09 09:26:07.590675,can_tapper31,"rgb(153,153,153)",488.0,451.0,493.0,7.581967213114754,60.0,70.75000000000004,5.73099810266466,1500,10.7,0.0,437.0,437.0,0.938045,-34.83448275862069,23.0,2.438725,0.0075514874141876,0.0084668192219679,0.008695652173913,3.1847133757961785,0.8023703418855257,0.5000000000000782,2.0171482422437275,0.7723851908881608,59.909577,119.97953,4419.620659,2159,363,610,60.0,120.0,1.51972,0.0,-1.9152,1.51972,1.9152,141.6202,0.5257920229998388,5000
189,2026-04-10 13:14:59.617356,can_tapper31,"rgb(228,26,28)",493.0,445.0,497.0,9.73630831643002,70.75000000000004,81.00000000000004,1.130987169327749,1500,14.8,0.0,346.0,346.0,1.327869,-23.70909090909091,25.0,2.329094,0.011271676300578,0.0138728323699421,0.0124277456647398,6.493506493506493,0.7500822996636946,1.0000000000001563,2.892719705486028,0.775070106586939,59.795324,119.884781,100132.026681,2157,368,450,60.0,120.0,1.697817,0.0,2.007125,1.697817,-2.007125,141.7618,0.7926452026496075,5000
190,2026-04-10 15:02:35.939457,can_tapper31,"rgb(55,126,184)",492.0,446.0,496.0,9.34959349593496,68.33333333333339,78.00000000000004,1.0717249207660065,1500,16.78333333333333,17.0,500.0,483.0,0.994098,-34.990033222591364,17.0,2.396619,0.0078674948240165,0.0095238095238095,0.008695652173913,6.607929515418502,1.008376698087548,0.5000000000000782,2.0171482422437275,0.7533373915098762,59.976974,119.971746,6456.322101,2160,409,655,60.0,120.0,1.558924,0.0,2.048925,1.558924,-2.048925,141.62245,0.3163676898847964,5000
191,2026-04-10 15:19:20.040378,can_tapper31,"rgb(77,175,74)",497.0,443.0,500.0,10.865191146881289,81.00000000000004,90.0,3.549192688529483,1500,17.14166666666667,0.0,499.0,499.0,0.599274,-32.95379537953795,148.0,2.101119,0.0072144288577154,0.0108216432865731,0.007815631262525,8.041237113402062,0.993224562967022,1.0000000000001563,2.27471676670449,0.7695935245178921,59.988475,119.869118,1004.100921,2158,361,520,60.0,120.0,1.674777,0.0,2.107375,1.674777,-2.107375,142.0652,0.5789352236637686,5000
192,2026-04-14 08:48:43.448990,can_tapper31,"rgb(152,78,163)",491.0,451.0,496.0,8.146639511201629,66.25000000000003,78.00000000000004,1.845058597803428,1500,9.2,0.0,291.0,291.0,1.35042,-11.448387096774194,28.0,2.046869,0.011340206185567,0.0137457044673539,0.0130584192439862,2.7253668763102725,0.5492943702885362,1.0000000000001563,3.2620894576029285,0.7281017650248575,59.895576,119.943525,322163.408612,2160,410,677,60.0,120.0,1.569818,0.0,2.104592,1.569818,-2.104592,143.00755,1.1169512135732806,5000
193,2026-04-14 09:04:02.140886,can_tapper31,"rgb(255,127,0)",491.0,433.0,496.0,11.812627291242364,66.25000000000003,78.00000000000004,2.771396787286678,1500,9.142857142857142,22.0,305.0,283.0,1.659405,-12.077586206896552,164.0,2.164321,0.0113074204946996,0.0204946996466431,0.0130742049469964,11.44708423326134,0.9082456025803104,1.5000000000002345,119.99999999999996,0.3585236880611528,59.902901,119.899805,918.691896,2158,382,265,60.0,120.0,1.729781,0.0,1.897701,1.729781,-1.897701,134.53655,6.8361939927972015,5000
194,2026-04-14 09:57:18.719170,can_tapper31,"rgb(255,255,51)",491.0,438.0,496.0,10.79429735234216,66.25000000000003,78.00000000000004,0.939013750672672,1500,9.304285714285715,0.0,314.0,314.0,1.352434,-22.73630136986301,21.0,2.348124,0.0136942675159235,0.0168789808917197,0.0152866242038216,5.405405405405405,0.6494513306392156,1.0000000000001563,1.6874737773196231,0.673296112361735,59.996196,119.894429,3196.578284,2160,412,627,60.0,120.0,1.597205,0.0,2.001054,1.597205,-2.001054,140.7756,1.009256339921547,5000
195,2026-04-14 11:50:22.756216,can_tapper31,"rgb(166,86,40)",492.0,435.0,495.0,11.585365853658535,68.33333333333339,75.58333333333339,1.7953341312597335,1500,11.125,11.5,478.0,466.5,1.144625,-25.10355987055016,144.0,2.143253,0.0105037513397642,0.0122186495176848,0.0111468381564844,16.883116883116884,0.8840596087810397,1.5000000000002345,2.0171482422437275,0.7702723125722449,59.917637,119.921736,6784.037046,2160,390,686,60.0,120.0,1.829801,0.0,1.998254,1.829801,-1.998254,141.88245,0.8254730635555042,5000
196,2026-04-14 21:48:46.028805,can_tapper31,"rgb(247,129,191)",483.0,447.0,484.0,7.453416149068323,51.20535714285712,52.857142857142826,1.199102755156763,1500,14.525,28.0,240.0,212.0,1.182259,-74.14179104477611,43.0,2.187081,0.0136792452830188,0.0169811320754716,0.0141509433962264,5.684210526315789,0.8330957258542944,0.5000000000000782,4.148345232772487,0.9578484475586364,59.98076,119.893111,35903.272589,2160,371,554,60.0,120.0,1.720905,0.0,3.505004,1.720905,-3.505004,141.9503,0.3984176920411931,5000
197,2026-04-14 22:47:24.966003,can_tapper31,"rgb(153,153,153)",496.0,458.0,496.0,7.661290322580645,78.00000000000004,78.00000000000004,8.843540243896139e-14,1500,13.066666666666666,0.0,188.0,188.0,1.080794,-68.40636042402826,8.0,2.078619,0.0154255319148936,0.0202127659574468,0.0154255319148936,6.451612903225806,0.5443669561644209,0.5000000000000782,2.565174071178317,0.8823096721706268,59.872159,119.949594,3518.937198,2158,402,572,60.0,120.0,1.318024,0.0,-2.106862,1.318024,2.106862,141.4935,0.3929550008925112,5000
198,2026-04-14 22:58:52.516979,can_tapper31,"rgb(228,26,28)",504.0,463.0,504.0,8.134920634920634,95.0,95.0,2.757147892064731,1500,15.6,0.0,210.0,210.0,1.042567,-55.45296167247387,75.0,2.152913,0.0119047619047619,0.0195238095238095,0.0119047619047619,7.172995780590718,0.7405521305223552,0.5000000000000782,2.27471676670449,0.7703566428303146,59.95873,119.955292,687.550976,2160,384,509,60.0,120.0,1.623288,0.0,-2.105528,1.623288,2.105528,142.14715,0.27708253724546456,5000
199,2026-04-15 06:23:01.409992,can_tapper31,"rgb(55,126,184)",483.0,438.0,484.0,9.316770186335404,51.20535714285712,52.857142857142826,2.663281183679831,1500,13.75,0.0,490.0,490.0,0.70672,-87.16358024691358,14.0,2.70732,0.0073469387755102,0.0091836734693877,0.0075510204081632,8.277404921700224,0.5158062186611216,0.5000000000000782,5.948992616750902,0.9383695778427478,59.954998,119.909228,26648.893013,2159,406,492,60.0,120.0,1.33127,0.0,-1.904944,1.33127,1.904944,140.7847,1.0330098411274735,5000
200,2026-04-15 07:26:17.704455,can_tapper31,"rgb(77,175,74)",504.0,473.0,505.0,6.15079365079365,95.0,96.25,0.1582222925432672,1500,15.633333333333333,9.0,441.0,432.0,0.833224,-46.87025316455696,10.0,2.43103,0.0062499999999999,0.0071759259259259,0.0064814814814814,4.329896907216495,0.571133821586653,0.2400000000000375,2.27471676670449,0.6305876567874328,59.927006,119.961321,3796.294463,2159,392,650,60.0,120.0,1.441521,0.0,2.097979,1.441521,-2.097979,141.75615,1.2503448924074785,5000
201,2026-04-15 08:22:17.948665,can_tapper31,"rgb(152,78,163)",500.0,458.0,500.0,8.4,90.0,90.0,4.1561676920411876e-14,1500,15.77,0.0,500.0,500.0,0.64351,-58.37024221453287,91.0,2.050002,0.0052,0.0084,0.0052,7.949790794979079,0.9629846374693316,0.7600000000001188,3.2856717655465824,0.8213687655106247,59.960447,119.91622,3360.24421,2160,353,524,60.0,120.0,1.579595,0.0,2.099001,1.579595,-2.099001,141.46575,0.7631716213834011,5000
202,2026-04-15 09:21:34.585510,can_tapper31,"rgb(255,127,0)",499.0,473.0,500.0,5.210420841683367,87.00000000000001,90.0,4.1561676920411876e-14,1500,15.91,0.0,406.0,406.0,0.883903,-56.58219178082192,19.0,2.285274,0.0049261083743842,0.0064039408866995,0.0051724137931034,4.384133611691023,0.8334688374079091,0.5000000000000782,3.520532469129257,0.8173385049878579,59.958558,119.963868,3556.636845,2160,362,551,60.0,120.0,1.508325,0.0,1.899764,1.508325,-1.899764,141.23965,0.8616431182761604,5000
203,2026-04-15 09:59:37.270839,can_tapper31,"rgb(255,255,51)",501.0,470.0,503.0,6.187624750499002,91.25,93.75,2.9232752156300525e-13,1500,14.35,7.5,499.0,491.5,0.693126,-37.93069306930693,1.0,2.200532,0.0032553407934893,0.0063072227873855,0.0036622583926754,3.703703703703704,0.6479091425693592,0.5000000000000782,6.339790732565064,0.6623502623856138,59.970644,119.991856,2282.685329,2160,386,428,60.0,120.0,1.516705,0.0,2.001036,1.516705,-2.001036,142.35685,0.711756206070343,5000
204,2026-04-15 10:27:04.506342,can_tapper31,"rgb(166,86,40)",504.0,471.0,505.0,6.547619047619048,95.0,96.25,1.9486675327411525,1500,16.075,0.0,233.0,233.0,0.5735,-25.07565789473684,-4.0,,0.0094420600858369,0.0141630901287553,0.0098712446351931,7.053941908713693,0.999566786023295,0.5000000000000782,2.145932504474109,0.7379832651520822,59.985703,119.93697,1647.235503,2159,377,594,60.0,120.0,1.6287,0.0,1.999445,1.6287,-1.999445,141.41165,0.7547984642567491,5000
205,2026-04-15 10:45:08.244786,can_tapper31,"rgb(247,129,191)",501.0,464.0,503.0,7.385229540918163,91.25,93.75,0.1444267308559405,1500,16.325,0.0,329.0,329.0,1.177878,-30.964912280701757,76.0,2.177405,0.0075987841945288,0.0112462006079027,0.0082066869300911,7.053941908713693,0.5957983827948541,0.5000000000000782,2.7289468883321724,0.7507850480593008,59.980646,119.909321,1083.738444,2159,364,493,60.0,120.0,1.973467,0.0,2.041346,1.973467,-2.041346,141.7758,0.9159023612956847,5000
206,2026-04-15 15:27:34.541093,can_tapper31,"rgb(153,153,153)",488.0,459.0,488.0,5.942622950819672,60.0,60.0,2.820115251577448e-13,1500,17.39166666666667,0.0,387.0,387.0,0.770846,-125.43197278911563,22.0,2.273807,0.0023255813953488,0.0074935400516795,0.0023255813953488,3.8297872340425534,0.5595022835404725,0.2600000000000406,26.766761153366534,0.8683572344645016,59.846193,119.980095,16946.296307,2158,360,641,60.0,120.0,1.325475,0.0,2.100057,1.325475,-2.100057,138.86065,2.85748615445928,5000
207,2026-04-15 16:06:12.410564,can_tapper31,"rgb(228,26,28)",503.0,475.0,503.0,5.566600397614314,93.75,93.75,0.214444539752915,1500,18.675,0.0,345.0,345.0,1.08853,-68.57333333333334,3.0,2.586996,0.0055072463768115,0.0081159420289855,0.0057971014492753,4.742268041237113,0.6744313245813385,0.5000000000000782,2.0171482422437275,0.7591026639837486,59.908578,119.92569,2317.869471,2159,381,626,60.0,120.0,1.689727,0.0,1.997554,1.689727,-1.997554,141.6373,0.5024681132579512,5000
208,2026-04-15 17:05:22.029090,can_tapper31,"rgb(55,126,184)",495.0,467.0,496.0,5.656565656565657,75.58333333333339,78.00000000000004,8.843540243896139e-14,1500,19.2,0.0,371.0,371.0,1.018789,-73.55305466237942,380.0,2.426016,0.0070080862533692,0.0075471698113207,0.007277628032345,3.1578947368421053,0.4846050184529138,0.2600000000000406,4.67804510221319,0.249286606279022,59.958668,119.910885,3549.618526,2160,463,549,60.0,120.0,1.475558,0.0,2.015306,1.475558,-2.015306,138.4711,5.542588190256443,5000
209,2026-04-15 17:06:27.394754,can_tapper31,"rgb(77,175,74)",509.0,470.0,565.0,7.662082514734774,100.0,100.0,68.25325700143698,1500,19.275,0.0,380.0,380.0,0.897492,-81.36619718309859,-4.0,,0.0081578947368421,0.0102631578947368,0.0228947368421052,7.818930041152264,0.6721733154295242,0.5000000000000782,2.565174071178317,0.6251837932979352,59.814901,119.836599,65.365664,2157,433,801,60.0,120.0,1.581191,0.0,2.001201,1.581191,-2.001201,141.2349,1.7334136651668266,5000
210,2026-04-15 18:39:43.198131,can_tapper31,"rgb(152,78,163)",492.0,461.0,493.0,6.300813008130081,68.33333333333339,70.75000000000004,1.4622406498847895,1500,19.70833333333333,19.5,497.0,477.5,0.730203,-85.62977099236642,93.0,2.143039,0.0048167539267015,0.0064921465968586,0.0050261780104712,4.904051172707889,0.5881371663409601,0.5000000000000782,5.275382050040925,0.896172711360984,59.994606,119.959264,5595.803377,2159,356,476,60.0,120.0,1.545673,0.0,1.999045,1.545673,-1.999045,141.58035,0.6881323148323302,5000
211,2026-04-15 20:03:50.172505,can_tapper31,"rgb(255,127,0)",500.0,466.0,503.0,6.800000000000001,90.0,93.75,12.894103508488278,1500,20.66,12.0,499.0,487.0,0.644702,-51.99250936329588,79.0,2.14276,0.0049281314168377,0.0069815195071868,0.0055441478439425,9.917355371900827,0.2612966518375643,0.5000000000000782,4.268735753821927,0.85441898467275,59.991765,119.82533,5046.974374,2158,369,589,60.0,120.0,1.567801,0.0,2.100081,1.567801,-2.100081,142.23105,0.707533404302399,5000
212,2026-04-15 21:19:17.075556,can_tapper31,"rgb(255,255,51)",488.0,466.0,497.0,4.508196721311475,60.0,81.00000000000004,5.299940133305892,1500,20.375,0.0,354.0,354.0,1.025717,-70.34035087719299,85.0,2.031034,0.005367231638418,0.0062146892655367,0.007909604519774,4.201680672268908,0.6407122429051283,0.1000000000000156,4.148345232772487,0.9160668149414242,59.964071,119.939237,4526.903051,2159,362,736,60.0,120.0,1.921925,0.0,1.998063,1.921925,-1.998063,141.41035,0.5712404402949349,5000
213,2026-04-15 23:02:49.435993,can_tapper31,"rgb(166,86,40)",496.0,470.0,496.0,5.241935483870968,78.00000000000004,78.00000000000004,0.9580004257776448,1500,19.75,0.0,367.0,367.0,1.056805,-81.80297397769517,93.0,2.053101,0.0065395095367847,0.0070844686648501,0.0065395095367847,3.95010395010395,0.3662023323175545,0.1400000000000218,4.67804510221319,0.8443066364469878,59.959953,119.890046,6212.360437,2159,350,577,60.0,120.0,1.737316,0.0,2.000121,1.737316,-2.000121,141.7611,1.20898474714275,5000
214,2026-04-16 06:30:09.630771,can_tapper31,"rgb(247,129,191)",488.0,460.0,488.0,5.737704918032787,60.0,60.0,4.068552919356337,1500,16.633333333333333,0.0,374.0,374.0,0.783716,-104.34296028880868,5.0,2.281147,0.005614973262032,0.0074866310160427,0.005614973262032,5.128205128205129,0.5971830459661148,0.5000000000000782,5.612187333395914,0.9593719503932608,59.982503,119.940275,26840.194778,2160,382,533,60.0,120.0,1.628187,0.0,-2.109103,1.628187,2.109103,140.9448,0.5656120078186563,5000
215,2026-04-16 09:24:50.237731,can_tapper31,"rgb(153,153,153)",488.0,452.0,491.0,7.377049180327869,60.0,66.25000000000003,0.0266311229471399,1500,16.666666666666668,10.0,409.0,399.0,0.857585,-95.94736842105264,8.0,2.258797,0.0072681704260651,0.0090225563909774,0.0080200501253132,6.318082788671024,0.4155886327452104,0.5000000000000782,3.913484529189812,0.9399458321082071,59.931749,119.96464,10480.60696,2160,401,573,60.0,120.0,1.650492,0.0,2.101213,1.650492,-2.101213,141.29435,0.4446179421962404,5000
216,2026-04-16 09:41:06.667419,can_tapper31,"rgb(228,26,28)",501.0,478.0,503.0,4.590818363273453,91.25,93.75,2.7569434475297894,1500,16.96333333333333,0.0,243.0,243.0,1.037893,-67.70945945945945,17.0,2.036397,0.0082304526748971,0.0094650205761316,0.0090534979423868,4.098360655737705,0.7054688057291223,0.1200000000000187,2.7289468883321724,0.8523054377268935,59.950917,119.981893,976.429688,2160,388,627,60.0,120.0,1.489804,0.0,1.997694,1.489804,-1.997694,141.887,0.46273515617984956,5000
217,2026-04-16 10:00:31.031596,can_tapper31,"rgb(55,126,184)",496.0,467.0,496.0,5.846774193548387,78.00000000000004,78.00000000000004,8.843540243896139e-14,1500,17.40833333333333,20.5,388.0,367.5,0.897068,-78.24584717607974,23.0,2.390119,0.0032653061224489,0.007891156462585,0.0032653061224489,2.978723404255319,0.2801297207453799,0.2400000000000375,3.678623825607137,0.902204345039193,59.961281,119.911117,1164.364177,2160,444,629,60.0,120.0,1.581942,0.0,2.004538,1.581942,-2.004538,141.6272,0.4826403923727519,5000
218,2026-04-16 12:25:22.665518,can_tapper31,"rgb(77,175,74)",481.0,451.0,493.0,6.237006237006238,47.90178571428569,70.75000000000004,4.937548861132036,1500,16.95,0.0,398.0,398.0,1.043763,-71.48351648351648,89.0,2.047414,0.0065326633165829,0.007537688442211,0.0095477386934673,7.883817427385892,1.1351692589857645,0.5000000000000782,4.148345232772487,0.9076840125703264,59.908241,119.955119,8691.633922,2160,349,551,60.0,120.0,1.589563,0.0,2.000291,1.589563,-2.000291,141.42475,0.2838856384374864,5000
219,2026-04-16 12:55:39.063856,can_tapper31,"rgb(152,78,163)",504.0,477.0,505.0,5.357142857142857,95.0,96.25,2.9775213233420814,1500,19.4,0.0,264.0,264.0,1.03897,-20.279310344827586,10.0,3.131193,0.0094696969696969,0.0102272727272727,0.0098484848484848,3.703703703703704,0.6761677647636386,0.5000000000000782,119.99999999999996,0.5663905085046347,59.848775,119.938584,1816.398338,2158,411,244,60.0,120.0,1.553168,0.0,1.997894,1.553168,-1.997894,132.8906,6.61822233030618,5000
220,2026-04-16 18:34:46.025192,can_tapper31,"rgb(255,127,0)",484.0,458.0,485.0,5.371900826446281,52.857142857142826,54.642857142857125,0.5694580308699029,1500,21.625,0.0,343.0,343.0,0.986811,-131.9401993355482,8.0,2.393614,0.0069970845481049,0.0075801749271137,0.0072886297376093,2.9535864978902957,0.3828653229434559,0.2600000000000406,6.708616137836345,0.953081964015524,59.82144,120.000723,20346.961336,2158,353,570,60.0,120.0,1.472781,0.0,1.995168,1.472781,-1.995168,138.39255,0.8884114207227426,5000
221,2026-04-16 20:06:23.711174,can_tapper31,"rgb(255,255,51)",504.0,476.0,504.0,5.555555555555555,95.0,95.0,2.9232752156300525e-13,1500,24.175,0.0,413.0,413.0,0.890752,-45.04929577464789,1.0,2.989778,0.0043583535108958,0.0067796610169491,0.0043583535108958,6.024096385542169,0.5799166160200186,0.2400000000000375,2.565174071178317,0.7937962644451637,59.984393,119.988555,5497.685982,2160,325,641,60.0,120.0,1.651777,0.0,2.043352,1.651777,-2.043352,141.30785,0.5152853396871256,5000
222,2026-04-16 20:41:53.073167,can_tapper31,"rgb(166,86,40)",501.0,475.0,503.0,5.189620758483033,91.25,93.75,2.9232752156300525e-13,1500,24.15833333333333,0.0,345.0,345.0,1.017651,-49.31407942238267,85.0,2.013832,0.0069565217391304,0.0075362318840579,0.0075362318840579,4.294478527607362,0.5234239787938086,0.5000000000000782,2.565174071178317,0.2349249386017025,59.993952,119.971275,2129.361993,2160,404,439,60.0,120.0,1.72442,0.0,1.998001,1.72442,-1.998001,140.36115,4.068518618152061,5000
223,2026-04-16 20:56:19.832064,can_tapper31,"rgb(247,129,191)",500.0,471.0,501.0,5.800000000000001,90.0,91.25,0.0281244569441605,1500,26.65,0.0,398.0,398.0,0.826601,-45.58571428571429,21.0,2.827582,0.0045226130653266,0.007286432160804,0.0047738693467336,3.734439834024896,0.5293399624754089,0.2600000000000406,2.27471676670449,0.1577273841263212,59.985848,119.866978,866.758897,2159,417,401,60.0,120.0,1.731101,0.0,1.997494,1.731101,-1.997494,139.22695,5.445104317614517,5000
224,2026-04-16 21:58:37.733417,can_tapper31,"rgb(153,153,153)",496.0,468.0,497.0,5.64516129032258,78.00000000000004,81.00000000000004,1.597876265722494,1500,21.4,0.0,436.0,436.0,0.861834,-118.43589743589745,4.0,2.459954,0.0045871559633027,0.0064220183486238,0.0048165137614678,8.488612836438923,0.6267575654150883,0.5000000000000782,10.92746193282294,0.8956801237080504,59.917384,119.928283,3737.901353,2158,408,402,60.0,120.0,1.703227,0.0,1.999562,1.703227,-1.999562,140.46785,1.7606103564572213,5000
225,2026-04-17 06:06:41.363693,can_tapper31,"rgb(228,26,28)",479.0,440.0,479.0,8.1419624217119,44.68749999999998,44.68749999999998,0.270666786962892,1500,21.3,0.0,499.0,499.0,0.62383,-130.3322033898305,74.0,2.03172,0.0060120240480961,0.007815631262525,0.0062124248496994,6.904231625835189,0.940676567438796,0.5000000000000782,4.413195167492838,0.9411479429782272,59.885105,119.98579,29283.630276,2160,340,638,60.0,120.0,1.431545,0.0,1.991995,1.431545,-1.991995,136.2613,0.7408657681504759,5000
226,2026-04-17 06:20:24.794311,can_tapper31,"rgb(55,126,184)",496.0,468.0,496.0,5.64516129032258,78.00000000000004,78.00000000000004,8.843540243896139e-14,1500,21.725,9.0,461.0,452.0,0.836508,-134.3848797250859,10.0,2.331382,0.004646017699115,0.0061946902654867,0.004646017699115,4.421052631578948,0.4925083508689608,0.5000000000000782,3.678623825607137,0.8916891712706897,59.965875,119.971099,823.430618,2160,365,602,60.0,120.0,1.570723,0.0,1.997854,1.570723,-1.997854,136.17585,0.41027179051013507,5000
227,2026-04-17 06:36:40.917710,can_tapper31,"rgb(77,175,74)",503.0,464.0,504.0,7.75347912524851,93.75,95.0,2.9232752156300525e-13,1500,22.465,0.0,395.0,395.0,0.533201,-106.0845588235294,9.0,2.037076,0.0063291139240506,0.0098734177215189,0.0065822784810126,9.166666666666666,1.413022138333319,0.5000000000000782,2.7289468883321724,0.4626224511006693,59.894154,119.967122,976.123399,2159,373,553,60.0,120.0,1.472352,0.0,1.898314,1.472352,-1.898314,142.1448,1.6692034651418823,5000
228,2026-04-17 06:41:27.780080,can_tapper31,"rgb(152,78,163)",503.0,473.0,504.0,5.964214711729622,93.75,95.0,2.9232752156300525e-13,1500,22.8,0.0,455.0,455.0,0.790275,-106.99163179916316,5.0,2.784675,0.0057142857142857,0.0065934065934065,0.0059340659340659,5.112474437627812,0.5448784783038906,0.5000000000000782,2.892719705486028,0.8864125358553112,59.9166,119.945099,286.86237,2159,307,573,60.0,120.0,1.615771,0.0,1.899017,1.615771,-1.899017,142.16165,0.17309757379582708,5000
229,2026-04-17 07:01:50.699659,can_tapper31,"rgb(255,127,0)",512.0,487.0,520.0,4.8828125,100.0,100.0,76.38742061661927,1500,23.575,14.0,356.0,342.0,0.988591,-42.63851351351352,18.0,2.490371,0.0058479532163742,0.0073099415204678,0.0081871345029239,2.6262626262626263,0.3409111972660277,0.0400000000000062,119.99999999999996,0.1676955863367573,59.873559,119.788466,1222.919579,2157,423,564,60.0,120.0,1.641886,0.0,2.095393,1.641886,-2.095393,139.0539,5.091977065550053,5000
230,2026-04-17 07:13:33.179281,can_tapper31,"rgb(255,255,51)",504.0,473.0,505.0,6.15079365079365,95.0,96.25,2.9232752156300525e-13,1500,24.0,0.0,497.0,497.0,0.749461,-37.1498127340824,10.0,2.846921,0.0026156941649899,0.0062374245472837,0.0026156941649899,6.827309236947791,0.438730698338472,0.5000000000000782,119.99999999999996,0.3167789080934845,59.897903,119.954452,702.479622,2160,358,276,60.0,120.0,1.601911,0.0,2.006767,1.601911,-2.006767,137.05175,6.7070378192437285,5000
231,2026-04-17 07:49:26.187342,can_tapper31,"rgb(166,86,40)",500.0,466.0,501.0,6.800000000000001,90.0,91.25,0.9071826254146488,1500,24.116666666666667,5.0,454.0,449.0,0.879535,-56.27835051546392,3.0,2.476692,0.0060133630289532,0.0075723830734966,0.0062360801781737,6.860706860706861,0.4707959187955208,0.5000000000000782,2.565174071178317,0.8244192120372151,59.87272,119.924548,2153.008061,2158,438,547,60.0,120.0,1.565822,0.0,2.002127,1.565822,-2.002127,141.00115,0.4088026436074205,5000
232,2026-04-17 08:17:08.587290,can_tapper31,"rgb(247,129,191)",500.0,473.0,501.0,5.4,90.0,91.25,1.3220894764843227,1500,21.2,5.0,440.0,435.0,0.834619,-51.983108108108105,-2.0,,0.0045977011494252,0.0062068965517241,0.0045977011494252,7.818930041152264,0.5416218793339915,0.5000000000000782,2.565174071178317,0.7318529026176269,59.933474,119.902599,1662.399948,2159,400,637,60.0,120.0,1.649244,0.0,1.998402,1.649244,-1.998402,141.08525,1.2161170690543257,5000
233,2026-04-17 08:58:48.955604,can_tapper31,"rgb(153,153,153)",501.0,475.0,504.0,5.189620758483033,91.25,95.0,2.9232752156300525e-13,1500,23.65,12.0,404.0,392.0,0.83595,-40.59073359073359,8.0,2.236134,0.0061224489795918,0.0066326530612244,0.0068877551020408,7.975460122699387,0.3859087819193023,0.5000000000000782,2.565174071178317,0.8770184506616987,59.896254,119.956394,2500.368314,2160,417,643,60.0,120.0,1.602393,0.0,2.100172,1.602393,-2.100172,141.65875,0.37338160139994503,5000
234,2026-04-17 09:18:35.374425,can_tapper31,"rgb(228,26,28)",500.0,466.0,503.0,6.800000000000001,90.0,93.75,2.388765506117672,1500,26.2,11.0,451.0,440.0,0.818745,-36.64093959731544,9.0,2.32409,0.0043181818181818,0.0077272727272727,0.005,6.860706860706861,0.4151991116219306,0.5000000000000782,2.565174071178317,0.8544836007735734,59.839205,119.998825,1186.418821,2159,434,624,60.0,120.0,1.559194,0.0,1.898043,1.559194,-1.898043,141.3883,0.31771575135626895,5000
235,2026-04-17 09:51:03.653814,can_tapper31,"rgb(55,126,184)",500.0,456.0,500.0,8.799999999999999,90.0,90.0,5.035531126901671,1500,23.45,0.0,450.0,450.0,0.507654,-40.28343949044586,1.0,3.508754,0.0055555555555555,0.0097777777777777,0.0055555555555555,12.421052631578949,1.177598954866058,0.5000000000000782,2.892719705486028,0.8522941045969024,59.914796,119.990722,1948.279389,2160,448,628,60.0,120.0,1.739392,0.0,2.101306,1.739392,-2.101306,142.2079,0.3725323423130801,5000
236,2026-04-17 10:02:14.065410,can_tapper31,"rgb(77,175,74)",513.0,483.0,572.0,5.847953216374268,100.0,100.0,31.697534087787663,1500,23.225,17.0,469.0,452.0,0.853318,-28.41333333333333,10.0,2.351225,0.0061946902654867,0.0066371681415929,0.0192477876106194,8.433734939759036,0.2619749870948906,0.5000000000000782,2.565174071178317,0.7237608122733082,59.88775,119.810776,670.411596,2157,452,789,60.0,120.0,1.737681,0.0,1.998199,1.737681,-1.998199,142.2441,0.3757571405650788,5000
237,2026-04-17 10:21:57.434585,can_tapper31,"rgb(152,78,163)",500.0,464.0,504.0,7.199999999999999,90.0,95.0,4.356748602998352,1500,23.491666666666667,0.0,418.0,418.0,0.559966,-34.540192926045016,9.0,2.068414,0.0033492822966507,0.0086124401913875,0.0043062200956937,6.172839506172839,0.8423478633970282,0.5000000000000782,2.565174071178317,0.7506749776635537,59.994431,119.849717,1183.369175,2159,456,649,60.0,120.0,1.794847,0.0,1.997846,1.794847,-1.997846,141.77845,1.1030736384259265,5000
238,2026-04-17 11:36:21.861271,can_tapper31,"rgb(255,127,0)",500.0,467.0,500.0,6.6000000000000005,90.0,90.0,1.4585162037847854,1500,23.433333333333334,0.0,377.0,377.0,0.533177,-40.78367346938776,75.0,2.045271,0.0039787798408488,0.0087533156498673,0.0039787798408488,6.172839506172839,1.1965531732421226,0.5000000000000782,2.0171482422437275,0.1750791810198867,59.92879,119.910791,4464.426686,2159,383,655,60.0,120.0,1.610544,0.0,1.999217,1.610544,-1.999217,140.1002,5.311412446839055,5000
239,2026-04-17 11:47:33.986160,can_tapper31,"rgb(255,255,51)",500.0,460.0,501.0,8.0,90.0,91.25,3.0738680328297003,1500,23.42166666666667,3.0,498.0,495.0,0.7198,-34.44620253164557,16.0,2.123267,0.0066666666666666,0.008080808080808,0.0068686868686868,7.756813417190775,0.6518488459555534,0.5000000000000782,3.077404581544478,0.7944951161393797,59.938542,119.881825,672.124889,2159,350,791,60.0,120.0,1.657805,0.0,1.897254,1.657805,-1.897254,143.8159,0.3381272778276569,5000
240,2026-04-17 14:23:51.074625,can_tapper31,"rgb(166,86,40)",496.0,465.0,497.0,6.25,78.00000000000004,81.00000000000004,1.0220626764720786,1500,22.86,0.0,442.0,442.0,0.971508,-22.07079646017699,5.0,3.479623,0.0063348416289592,0.0070135746606334,0.0065610859728506,4.421052631578948,0.5288439519346207,0.5000000000000782,22.47275815728156,0.2492990674427578,59.982475,119.872317,9377.088465,2160,231,371,60.0,120.0,1.392842,0.0,1.982075,1.392842,-1.982075,124.6874,0.4896470063609651,5000
241,2026-04-22 08:37:09.391848,can_tapper31,"rgb(247,129,191)",496.0,464.0,500.0,6.451612903225806,78.00000000000004,90.0,3.478659323847971,1500,11.366666666666667,18.5,461.0,442.5,0.915852,-9.554347826086955,16.0,2.330402,0.0054237288135593,0.007231638418079,0.0063276836158192,5.084745762711864,0.6641590315155333,0.5000000000000782,6.121640330637346,0.747427184151814,46.100422,119.99115,411198.317223,1993,362,445,60.0,120.0,1.656239,0.0,1.999776,1.656239,-1.999776,144.38155,0.8622388234461437,5000
242,2026-04-22 09:40:44.924302,can_tapper31,"rgb(153,153,153)",492.0,441.0,496.0,10.365853658536585,68.33333333333339,78.00000000000004,2.689707862091818,1500,9.975,0.0,485.0,485.0,0.586672,-26.213815789473685,68.0,2.088253,0.0047422680412371,0.0105154639175257,0.005360824742268,9.787234042553193,1.7850270125250125,1.0000000000001563,2.145932504474109,0.7672288807073383,59.984518,119.951331,3815.532454,2160,405,578,60.0,120.0,1.526207,0.0,2.000734,1.526207,-2.000734,141.73055,0.5178202632814775,5000
243,2026-04-22 09:53:44.490266,can_tapper31,"rgb(228,26,28)",524.0,492.0,528.0,6.106870229007633,100.0,100.0,8.836211139266896e-13,119,10.058333333333334,0.0,362.0,362.0,1.069495,-13.674285714285714,71.0,2.070318,0.0088397790055248,0.0088397790055248,0.0099447513812154,0.78125,0.19375,0.5000000000000782,2.27471676670449,0.2052941830442066,5.402505,71.918566,779.565964,930,189,211,60.0,120.0,1.579449,0.0,1.951145,1.579449,-1.951145,139.3746322697443,5.162695509715605,2946
244,2026-04-24 10:24:14.551647,can_tapper31,"rgb(55,126,184)",499.0,460.0,503.0,7.8156312625250495,87.00000000000001,93.75,6.190047763780805,1194,10.87,13.0,280.0,267.0,1.139069,-6.25,76.0,2.131468,0.0123595505617977,0.0146067415730337,0.0138576779026217,4.821802935010482,0.9022723396260974,1.0000000000001563,5.693330620024767,0.7562799880658349,26.89801,119.96938,174630.061381,1764,340,629,60.0,120.0,1.713096,0.0,-0.786294,1.713096,0.786294,144.17715,0.8893894423794967,5000
245,2026-04-24 13:17:54.485330,can_tapper31,"rgb(77,175,74)",500.0,467.0,500.0,6.6000000000000005,90.0,90.0,9.259082709958225e-13,78,11.6,10.0,404.0,394.0,0.813247,-13.153558052434455,8.0,2.817231,0.0083756345177664,0.0083756345177664,0.0083756345177664,1.8633540372670807,0.4732705473120387,0.5000000000000782,5.428480685304416,0.7529604118062703,4.569502,119.994448,10419.933683,1497,281,554,60.0,120.0,1.502622,0.0,-2.108581,1.502622,2.108581,143.7365,0.9304922961436606,5000
246,2026-05-12 07:18:04.246575,can_tapper31,"rgb(152,78,163)",493.0,448.0,499.0,9.127789046653144,70.75000000000004,87.00000000000001,3.43200152533318,1500,13.041666666666668,0.0,307.0,307.0,1.35446,-14.664516129032258,25.0,2.357026,0.0127035830618892,0.014657980456026,0.014657980456026,1.4861995753715498,0.4048506636953845,1.0000000000001563,15.817604711231676,0.6673320699331752,59.993025,119.839596,1533609.761245,2160,412,512,60.0,120.0,1.620051,0.0,2.017585,1.620051,-2.017585,142.8299,1.3751615191825757,5000
247,2026-05-12 08:14:56.083444,can_tapper31,"rgb(255,127,0)",492.0,435.0,496.0,11.585365853658535,68.33333333333339,78.00000000000004,2.632436725526862,1500,11.0,0.0,413.0,413.0,0.538474,-27.95774647887324,56.0,2.04775,0.0050847457627118,0.0138014527845036,0.0060532687651331,12.967032967032967,1.555740655407933,1.260000000000197,1.9029463547871976,0.6984411364967764,59.996825,119.806947,3411.836869,2158,410,759,60.0,120.0,1.492595,0.0,1.898573,1.492595,-1.898573,141.20475,0.6247343404192932,5000
248,2026-05-12 09:59:23.130044,can_tapper31,"rgb(255,255,51)",493.0,455.0,499.0,7.707910750507099,70.75000000000004,87.00000000000001,3.2318592141593108,1500,12.966666666666663,0.0,304.0,304.0,1.453324,-31.794007490636705,22.0,2.051093,0.0105263157894736,0.0125,0.0125,5.439330543933054,0.8098865658573255,1.0000000000001563,2.0171482422437275,0.7483712447314848,59.975573,119.999575,6267.0466,2160,305,525,60.0,120.0,1.844116,0.0,1.899326,1.844116,-1.899326,140.98935,0.5074944212676332,5000
249,2026-05-12 11:11:25.394626,can_tapper31,"rgb(166,86,40)",497.0,449.0,499.0,9.6579476861167,81.00000000000004,87.00000000000001,0.6441869529718226,1500,13.491666666666667,0.0,499.0,499.0,0.689653,-30.407692307692308,10.0,3.189451,0.0046092184368737,0.0096192384769539,0.0050100200400801,4.641350210970464,0.9628777224855152,1.260000000000197,2.27471676670449,0.7870216061420154,59.927648,119.931951,4322.264582,2160,330,602,60.0,120.0,1.611294,0.0,2.101227,1.611294,-2.101227,140.78315,0.31931014592997875,5000
250,2026-05-12 12:04:01.583115,can_tapper31,"rgb(247,129,191)",495.0,447.0,499.0,9.696969696969695,75.58333333333339,87.00000000000001,2.041698685198939,1500,14.353571428571428,0.0,499.0,499.0,0.715101,-26.935714285714287,219.0,2.21757,0.0074148296593186,0.0096192384769539,0.0082164328657314,7.423580786026201,1.1198313357001015,1.0000000000001563,2.291161156711022,0.7332904822643045,59.943473,119.928475,3156.188489,2159,372,553,60.0,120.0,1.731095,0.0,1.948475,1.731095,-1.948475,142.40395,0.308878582449063,5000
251,2026-05-12 13:47:48.773517,can_tapper31,"rgb(153,153,153)",500.0,443.0,504.0,11.4,90.0,95.0,2.9232752156300525e-13,1500,15.5975,0.0,499.0,499.0,1.192468,-28.572,140.0,2.0956,0.0076152304609218,0.0114228456913827,0.0084168336673346,11.587982832618026,0.8542218579833043,1.5000000000002345,2.27471676670449,0.7976756076293328,59.888481,119.928392,6227.190402,2158,353,557,60.0,120.0,1.756599,0.0,2.101276,1.756599,-2.101276,142.60705,0.34482108087451624,5000
252,2026-05-12 14:15:42.962479,can_tapper31,"rgb(228,26,28)",503.0,451.0,505.0,10.337972166998012,93.75,96.25,1.1161071627141552,1500,15.8,7.5,497.0,489.5,0.732756,-23.703007518796998,142.0,2.138232,0.0104187946884576,0.0106230847803881,0.0108273748723186,12.065439672801636,0.8336384781659758,1.5000000000002345,2.565174071178317,0.7710161988907991,59.989868,119.880979,1674.188962,2159,321,543,60.0,120.0,1.741477,0.0,1.997956,1.741477,-1.997956,143.88355,0.569510110404623,5000
253,2026-05-12 14:49:04.331878,can_tapper31,"rgb(55,126,184)",500.0,455.0,503.0,9.0,90.0,93.75,2.9232752156300525e-13,1500,15.73,0.0,497.0,497.0,0.900519,-28.144981412639407,7.0,2.405579,0.0086519114688128,0.0090543259557344,0.0092555331991951,12.97071129707113,0.7523022536630937,1.0000000000001563,2.27471676670449,0.6309000484619606,59.923424,119.939696,2001.369399,2158,346,457,60.0,120.0,1.602569,0.0,2.000276,1.602569,-2.000276,143.19815,1.012906349745404,5000
254,2026-05-12 15:19:36.000883,can_tapper31,"rgb(77,175,74)",499.0,446.0,503.0,10.62124248496994,87.00000000000001,93.75,3.743326108144072,1500,15.475,0.0,496.0,496.0,0.686288,-25.539622641509435,128.0,2.090863,0.0094758064516129,0.0106854838709677,0.0102822580645161,9.473684210526317,0.7498604495612029,1.5000000000002345,2.27471676670449,0.7875092728878753,59.917891,119.935656,1831.669005,2159,367,603,60.0,120.0,1.662889,0.0,1.896963,1.662889,-1.896963,143.5797,0.35227507653237417,5000
255,2026-05-14 07:25:23.404102,can_tapper31,"rgb(152,78,163)",499.0,454.0,501.0,9.01803607214429,87.00000000000001,91.25,4.750446555753101,1500,10.385,0.0,460.0,460.0,1.425998,-8.038461538461538,374.0,2.025275,0.0091304347826086,0.0097826086956521,0.0095652173913043,5.785123966942149,0.8482372760151716,1.5200000000002376,3.678623825607137,0.7785891778475731,57.250582,119.858655,144347.403219,2127,427,459,60.0,120.0,2.162805,0.0,2.298132,2.162805,-2.298132,142.55755,0.8254918442099084,5000
256,2026-05-14 08:48:52.888312,can_tapper31,"rgb(255,127,0)",494.0,445.0,496.0,9.919028340080972,73.16666666666671,78.00000000000004,8.843540243896139e-14,1500,10.408333333333337,14.5,329.0,314.5,1.289181,-29.44078947368421,14.0,2.28895,0.0124006359300476,0.0155802861685214,0.0130365659777424,7.423580786026201,0.6580472836931762,1.0000000000001563,2.145932504474109,0.6972980248409825,59.985722,119.934422,5009.48421,2160,446,511,60.0,120.0,1.65782,0.0,1.998297,1.65782,-1.998297,141.13315,0.4908989446461922,5000
257,2026-05-14 10:21:05.710114,can_tapper31,"rgb(255,255,51)",500.0,450.0,504.0,10.0,88.25000000000001,95.0,2.9232752156300525e-13,1500,11.2,0.0,284.0,284.0,1.278255,-25.958199356913184,12.0,2.880602,0.0140845070422535,0.0176056338028169,0.0154929577464788,8.786610878661088,0.9532904290682422,1.0000000000001563,1.9029463547871976,0.7613491968691792,59.955695,119.991597,5532.821802,2159,445,641,60.0,120.0,1.682205,0.0,1.899228,1.682205,-1.899228,140.98495,0.6226865545433915,5000
258,2026-05-14 11:37:17.910701,can_tapper31,"rgb(166,86,40)",501.0,454.0,504.0,9.3812375249501,91.25,95.0,2.9232752156300525e-13,1500,11.785,9.0,500.0,491.0,0.813074,-24.56794425087108,9.0,2.81274,0.0087576374745417,0.0095723014256619,0.0093686354378818,13.333333333333334,0.992190287704527,1.0000000000001563,1.7887444673306678,0.692924967495606,59.860224,119.998401,4572.200587,2159,411,700,60.0,120.0,1.438992,0.0,2.099388,1.438992,-2.099388,141.2055,0.5698330386510604,5000
259,2026-05-14 13:09:29.304024,can_tapper31,"rgb(247,129,191)",499.0,439.0,501.0,12.024048096192384,87.00000000000001,91.25,1.954969757764728,1500,11.804166666666667,8.0,499.0,491.0,0.694866,-24.240625,141.0,2.107082,0.0069246435845213,0.0122199592668024,0.0073319755600814,12.258064516129032,0.9443829945572546,1.5000000000002345,1.9029463547871976,0.710895814358419,59.939817,119.997757,5531.393323,2160,353,633,60.0,120.0,1.784131,0.0,1.904248,1.784131,-1.904248,141.18155,0.5467969411756214,5000
260,2026-05-14 13:32:08.728526,can_tapper31,"rgb(153,153,153)",498.0,438.0,500.0,12.048192771084338,83.87499999999999,90.0,4.1561676920411876e-14,1500,11.784285714285714,7.5,326.0,318.5,1.115293,-26.39840637450199,11.0,2.11135,0.0138147566718995,0.0188383045525902,0.0144427001569858,12.93103448275862,1.0348694610988352,1.5000000000002345,1.7887444673306678,0.7220521066246182,59.944682,119.954748,1359.424502,2159,308,443,60.0,120.0,1.556147,0.0,1.897377,1.556147,-1.897377,141.0121,0.5932739542547385,5000
261,2026-05-14 14:20:09.617063,can_tapper31,"rgb(228,26,28)",499.0,448.0,500.0,10.220440881763528,87.00000000000001,90.0,4.1561676920411876e-14,1500,11.65,9.0,499.0,490.0,0.6704,-23.946428571428573,141.0,2.174795,0.0081632653061224,0.0104081632653061,0.0081632653061224,8.695652173913043,0.9292817611649412,1.5000000000002345,2.145932504474109,0.6925037750026564,59.893973,119.929921,2880.888537,2158,445,564,60.0,120.0,1.767724,0.0,2.001949,1.767724,-2.001949,141.34805,0.6707001306343803,5000
262,2026-05-14 14:49:25.222131,can_tapper31,"rgb(55,126,184)",499.0,451.0,503.0,9.619238476953909,87.00000000000001,93.75,2.6150767178112733,1500,11.865,0.0,500.0,500.0,1.012671,-21.37627118644068,51.0,2.0128,0.0082,0.0096,0.009,6.550218340611353,0.9662827308106416,1.0000000000001563,1.7887444673306678,0.6497322159892049,59.880698,119.959226,1755.605068,2159,315,653,60.0,120.0,1.711676,0.0,2.097213,1.711676,-2.097213,141.7847,1.0412553733596648,5000
263,2026-05-14 15:33:58.388646,can_tapper31,"rgb(77,175,74)",496.0,436.0,500.0,12.096774193548388,78.00000000000004,90.0,2.9348990821768512,1500,11.925,0.0,497.0,497.0,0.690706,-24.650557620817843,143.0,2.199876,0.0114688128772635,0.0120724346076458,0.0122736418511066,14.166666666666666,0.9475612096860055,1.5200000000002376,1.7887444673306678,0.7295590582866138,59.997449,119.995901,2673.166515,2160,407,596,60.0,120.0,1.780847,0.0,1.997047,1.780847,-1.997047,140.85025,0.5665259286434148,5000
264,2026-05-19 10:16:39.408860,can_tapper31,"rgb(152,78,163)",492.0,443.0,496.0,9.959349593495936,68.33333333333339,78.00000000000004,1.310836138149388,1500,10.636666666666668,17.0,406.0,389.0,1.067994,-21.175895765472312,146.0,2.067852,0.0097686375321336,0.0125964010282776,0.0107969151670951,8.771929824561404,0.8820698747594757,1.5000000000002345,3.077404581544478,0.7738286826561107,59.892,119.991171,412961.020214,2160,417,721,60.0,120.0,1.5752,0.0,2.021545,1.5752,-2.021545,141.16635,0.4761675383779852,5000
265,2026-05-19 10:30:39.872053,can_tapper31,"rgb(255,127,0)",489.0,445.0,492.0,8.997955010224949,62.08333333333334,68.33333333333339,0.5026313345025702,1500,10.725,0.0,338.0,338.0,1.213356,-25.945454545454545,21.0,2.40468,0.0112426035502958,0.0130177514792899,0.0121301775147929,10.602910602910605,1.0117973973894918,1.2400000000001938,2.0171482422437275,0.7786485707983002,59.969119,119.966123,840.463193,2160,351,599,60.0,120.0,1.630673,0.0,2.101529,1.630673,-2.101529,141.58505,0.4016046000119489,5000
266,2026-05-19 12:48:31.620752,can_tapper31,"rgb(255,255,51)",491.0,451.0,495.0,8.146639511201629,66.25000000000003,75.58333333333339,4.792126574277682,1500,11.675,13.0,294.0,281.0,1.399561,-24.164658634538156,20.0,2.396468,0.0124555160142348,0.0142348754448398,0.0138790035587188,5.932203389830509,0.762899691460743,1.0000000000001563,119.99999999999996,0.352288977361109,59.964169,119.855005,8271.748699,2159,362,451,60.0,120.0,1.744275,0.0,-2.00385,1.744275,2.00385,134.93625,5.456835515962442,5000
267,2026-05-19 14:35:14.996826,can_tapper31,"rgb(166,86,40)",491.0,444.0,492.0,9.572301425661914,66.25000000000003,68.33333333333339,2.659778959901352,1500,13.416666666666668,0.0,498.0,498.0,1.056179,-44.53007518796993,141.0,2.054876,0.0088353413654618,0.009437751004016,0.0090361445783132,8.533916849015318,0.9978299259746672,1.5000000000002345,2.7289468883321724,0.7930484503032248,59.960999,119.966399,6403.376074,2159,343,546,60.0,120.0,1.829869,0.0,2.09975,1.829869,-2.09975,142.29335,0.715950972245187,5000
268,2026-05-19 14:54:45.524897,can_tapper31,"rgb(247,129,191)",508.0,458.0,511.0,9.84251968503937,100.0,100.0,3.5985704882527307,1500,14.083333333333332,11.0,292.0,281.0,1.458601,-29.02991452991453,17.0,2.055985,0.0117437722419928,0.0177935943060498,0.0128113879003558,7.756813417190775,0.6964994391402635,1.0000000000001563,1.4963993819257158,0.196632090395136,59.99775,110.304624,1170.528071,2044,297,406,60.0,120.0,1.684475,0.0,2.098972,1.684475,-2.098972,138.7918207973695,4.766492210132985,4866
269,2026-05-20 07:15:10.781346,can_tapper31,"rgb(153,153,153)",499.0,455.0,500.0,8.817635270541082,87.00000000000001,90.0,4.645086508926291,1500,12.96,16.0,338.0,322.0,1.553828,-17.993031358885016,297.0,2.052021,0.0114906832298136,0.0136645962732919,0.0118012422360248,4.958677685950414,0.5488385390133362,1.5000000000002345,3.2620894576029285,0.6759150707449393,59.995999,119.858461,58825.256449,2160,386,619,60.0,120.0,2.155445,0.0,2.230371,2.155445,-2.230371,142.4609,1.1819583728367429,5000
270,2026-05-20 07:24:10.648696,can_tapper31,"rgb(228,26,28)",501.0,457.0,508.0,8.78243512974052,91.25,100.0,6.282233903213734,1500,12.941666666666666,0.0,301.0,301.0,1.412224,-9.226415094339623,162.0,2.008596,0.0119601328903654,0.0146179401993355,0.0142857142857142,5.2631578947368425,0.9394495634075658,1.0000000000001563,74.20329583699333,0.4946829209257218,59.926526,119.997276,539.86735,2160,397,242,60.0,120.0,1.579271,0.0,1.90099,1.579271,-1.90099,130.3447,5.208810636954209,5000
271,2026-05-20 08:02:34.653717,can_tapper31,"rgb(55,126,184)",499.0,457.0,503.0,8.41683366733467,87.00000000000001,93.75,0.1682222969874792,1500,12.830000000000002,11.0,285.0,274.0,1.522595,-25.019736842105264,149.0,2.02824,0.0116788321167883,0.0153284671532846,0.0131386861313868,4.680851063829787,0.7928666869800671,1.0000000000001563,1.6874737773196231,0.5796434254633395,59.967428,119.997944,2304.005021,2159,433,568,60.0,120.0,1.654085,0.0,2.00694,1.654085,-2.00694,140.2693,0.5620860237896854,5000
272,2026-05-20 08:55:25.176626,can_tapper31,"rgb(77,175,74)",499.0,454.0,501.0,9.01803607214429,87.00000000000001,91.25,1.0032982236877064,1500,13.10833333333333,0.0,297.0,297.0,1.408174,-27.73333333333333,13.0,2.012751,0.0117845117845117,0.0151515151515151,0.0124579124579124,5.217391304347826,0.6706627896061359,1.0000000000001563,1.801675664776153,0.6955077585708199,59.98205,119.867377,3170.522909,2159,459,537,60.0,120.0,1.821526,0.0,2.041823,1.821526,-2.041823,140.62775,0.6182587534982205,5000
273,2026-05-20 09:39:06.837941,can_tapper31,"rgb(152,78,163)",499.0,454.0,501.0,9.01803607214429,87.00000000000001,91.25,1.1686671860741358,1500,13.475,0.0,289.0,289.0,1.291593,-27.194139194139197,12.0,2.293195,0.0131487889273356,0.0155709342560553,0.0138408304498269,10.061601642710473,1.056814770634955,1.0000000000001563,1.6874737773196231,0.6490264296439608,59.958825,119.980249,2621.661315,2159,398,656,60.0,120.0,1.516942,0.0,2.101749,1.516942,-2.101749,141.028,0.875125230372068,5000
274,2026-05-20 10:16:00.065160,can_tapper31,"rgb(255,127,0)",496.0,448.0,499.0,9.67741935483871,78.00000000000004,87.00000000000001,0.0917422629962578,1500,13.7,11.0,499.0,488.0,0.858192,-30.77007299270073,12.0,2.255502,0.008811475409836,0.0098360655737704,0.0094262295081967,7.096774193548387,0.916325218336938,1.0000000000001563,1.9029463547871976,0.74148805476001,59.980202,119.942915,2213.227219,2159,356,604,60.0,120.0,1.683297,0.0,2.100823,1.683297,-2.100823,141.22105,0.872483032974599,5000
275,2026-05-20 10:55:23.685925,can_tapper31,"rgb(255,255,51)",497.0,451.0,500.0,9.25553319919517,81.00000000000004,90.0,1.0741960329758178,1500,14.067857142857145,11.0,286.0,275.0,1.214548,-25.46180555555556,134.0,2.907648,0.012,0.0167272727272727,0.013090909090909,9.0146750524109,0.7945083945081978,0.7600000000001188,1.6874737773196231,0.6493227661870882,59.995427,119.878572,2363.620765,2159,398,540,60.0,120.0,1.285745,0.0,2.099347,1.285745,-2.099347,141.02065,0.6876813641736341,5000
276,2026-05-20 11:47:54.922860,can_tapper31,"rgb(166,86,40)",496.0,453.0,500.0,8.669354838709678,78.00000000000004,90.0,4.1561676920411876e-14,1500,14.35,0.0,497.0,497.0,0.899998,-33.97037037037037,11.0,2.894194,0.0064386317907444,0.0086519114688128,0.0072434607645875,6.172839506172839,0.735761956419962,1.0000000000001563,1.9029463547871976,0.7343060748869454,59.917966,119.95465,3151.236935,2159,403,704,60.0,120.0,1.626694,0.0,2.001226,1.626694,-2.001226,141.4715,0.7403022082040159,5000
277,2026-05-20 13:03:55.871693,can_tapper31,"rgb(247,129,191)",497.0,440.0,500.0,11.468812877263582,81.00000000000004,90.0,4.1561676920411876e-14,1500,15.31,0.0,500.0,500.0,0.6067,-31.307116104868918,105.0,2.112225,0.0074,0.0114,0.008,8.488612836438923,1.335518500178842,1.0000000000001563,1.9029463547871976,0.7455841234925706,59.930575,119.938042,4560.948833,2159,325,622,60.0,120.0,1.45648,0.0,1.988601,1.45648,-1.988601,141.20495,0.6358961159449085,5000
278,2026-05-20 15:36:40.721018,can_tapper31,"rgb(153,153,153)",503.0,461.0,505.0,8.34990059642147,93.75,96.25,1.2814139028499243,1500,16.925,0.0,497.0,497.0,1.00659,-22.55514705882353,12.0,2.012409,0.0070422535211267,0.0084507042253521,0.0074446680080482,4.918032786885246,0.9391607757086412,1.0000000000001563,19.323400826085404,0.6569626891249889,59.979533,119.985242,9164.849325,2160,391,579,60.0,120.0,1.777209,0.0,2.09759,1.777209,-2.09759,143.548,1.4351856854043448,5000
279,2026-05-20 15:59:52.621953,can_tapper31,"rgb(228,26,28)",500.0,448.0,504.0,10.4,90.0,95.0,0.0100000044441588,1500,15.96,0.0,496.0,496.0,0.642025,-26.96282527881041,150.0,2.045546,0.0068548387096774,0.0104838709677419,0.0076612903225806,7.296137339055794,1.1041823245790494,1.5000000000002345,2.27471676670449,0.738180441386822,59.9906,119.921375,1391.900935,2159,375,496,60.0,120.0,1.438951,0.0,2.082551,1.438951,-2.082551,142.26125,0.8272833958585601,5000
280,2026-05-20 16:34:29.842245,can_tapper31,"rgb(55,126,184)",499.0,448.0,504.0,10.220440881763528,87.00000000000001,95.0,2.962899094621246,1500,15.9,11.0,497.0,486.0,0.851478,-28.23949579831933,12.0,2.255876,0.0092592592592592,0.0104938271604938,0.0102880658436214,9.243697478991596,0.9883025111748256,1.0000000000001563,2.27471676670449,0.7511485579767966,59.974706,119.845451,2077.220292,2158,309,422,60.0,120.0,1.784001,0.0,2.103275,1.784001,-2.103275,142.1045,0.799066612674183,5000
281,2026-05-21 07:22:03.002389,can_tapper31,"rgb(77,175,74)",499.0,446.0,500.0,10.62124248496994,87.00000000000001,90.0,1.3142850285706735,1500,15.915,0.0,362.0,362.0,0.529719,-21.781362007168457,16.0,2.029675,0.0107734806629834,0.0146408839779005,0.011049723756906,6.0344827586206895,1.5515150234044586,1.5000000000002345,18.072206463416617,0.6864307213148246,59.903899,119.930176,53253.160144,2160,403,578,60.0,120.0,1.626226,0.0,1.9018,1.626226,-1.9018,143.0314,1.5499014416714691,5000
282,2026-05-21 08:48:58.267595,can_tapper31,"rgb(152,78,163)",496.0,449.0,499.0,9.475806451612904,78.00000000000004,87.00000000000001,2.4334055259575345,1500,15.878571428571428,11.5,311.0,299.5,1.258719,-37.73870967741936,12.0,2.352725,0.0143572621035058,0.0156928213689482,0.0153589315525876,13.924050632911392,0.7326039630318201,1.0000000000001563,2.0171482422437275,0.7595143648136788,59.892625,119.9678,5215.265206,2160,400,425,60.0,120.0,1.71305,0.0,1.997924,1.71305,-1.997924,140.92685,0.664454571415723,5000
283,2026-05-21 09:54:32.435798,can_tapper31,"rgb(255,127,0)",495.0,449.0,499.0,9.292929292929292,75.58333333333339,87.00000000000001,3.5223660099399625,1500,15.975,12.0,280.0,268.0,1.27093,-40.4537037037037,13.0,2.373549,0.0138059701492537,0.0171641791044776,0.0152985074626865,5.56701030927835,0.7921139479756123,1.0000000000001563,2.0171482422437275,0.7541787346314204,59.910493,119.967481,3934.168203,2159,385,473,60.0,120.0,1.673006,0.0,1.898149,1.673006,-1.898149,141.6549,0.5946231624660603,5000
284,2026-05-21 10:05:42.623526,can_tapper31,"rgb(255,255,51)",512.0,454.0,516.0,11.328125,100.0,100.0,2.7386412171736634,1500,15.95,0.0,499.0,499.0,0.722245,-30.20608108108108,61.0,2.123126,0.0104208416833667,0.0116232464929859,0.0112224448897795,7.630522088353413,1.1285958589987093,1.5000000000002345,1.7887444673306678,0.7676262381594229,59.978775,119.967576,670.187728,2159,341,440,60.0,120.0,1.584526,0.0,1.901723,1.584526,-1.901723,141.828,0.3750255042337634,5000
285,2026-05-21 11:11:10.100716,can_tapper31,"rgb(166,86,40)",495.0,443.0,496.0,10.505050505050503,75.58333333333339,78.00000000000004,1.7851652378509282,1500,16.175,9.0,498.0,489.0,0.75112,-38.178451178451176,130.0,2.161163,0.0079754601226993,0.0106339468302658,0.0081799591002044,8.771929824561404,1.001811125707721,1.5000000000002345,2.0171482422437275,0.777705723135014,59.856654,119.966621,3927.47719,2158,338,434,60.0,120.0,1.659646,0.0,1.931871,1.659646,-1.931871,141.50425,0.6415229908970247,5000
286,2026-05-21 11:51:38.158700,can_tapper31,"rgb(247,129,191)",493.0,451.0,496.0,8.519269776876268,70.66666666666666,78.00000000000004,2.367272163231656,1500,16.263333333333332,11.0,270.0,259.0,1.212571,-40.88644688644688,-25.0,,0.0135135135135135,0.0162162162162162,0.0146718146718146,9.690721649484535,0.8370022402386653,1.0000000000001563,2.0171482422437275,0.761207759721,59.931723,119.871654,2428.057984,2158,348,490,60.0,120.0,1.411672,0.0,2.099473,1.411672,-2.099473,142.10415,0.4948375999762963,5000
287,2026-05-22 08:10:20.301965,can_tapper31,"rgb(153,153,153)",503.0,469.0,505.0,6.759443339960239,93.75,96.25,18.948956100656385,324,15.2,8.0,462.0,454.0,0.925451,-8.713780918727915,75.0,2.330075,0.0074889867841409,0.0074889867841409,0.0079295154185022,4.242424242424242,0.5645233748252448,0.5000000000000782,12.530248011365693,0.6272510618509056,9.490388,119.841006,73122.143265,1554,304,467,60.0,120.0,1.964695,0.0,-0.592142,1.964695,0.592142,144.45895,1.5732919141053174,5000
288,2026-05-22 09:21:59.349854,can_tapper31,"rgb(228,26,28)",500.0,454.0,504.0,9.2,90.0,95.0,0.775333677925708,1500,15.2,14.5,308.0,293.5,1.31615,-14.801282051282053,15.0,2.320799,0.0143100511073253,0.0156729131175468,0.0156729131175468,5.439330543933054,0.5586669126335254,1.0000000000001563,10.846585177098913,0.7731486439909168,59.998849,119.84385,4299.047889,2160,447,660,60.0,120.0,1.639243,0.0,1.99845,1.639243,-1.99845,144.01005,1.4384106863342156,5000
289,2026-05-22 10:05:12.563893,can_tapper31,"rgb(55,126,184)",496.0,442.0,500.0,10.887096774193548,78.58333333333337,90.0,1.9864453273085647,1500,15.525,0.0,499.0,499.0,0.627846,-23.827361563517915,140.0,2.127601,0.0072144288577154,0.0108216432865731,0.0080160320641282,6.25,0.9343463816690948,1.5000000000002345,2.27471676670449,0.6092898744228373,59.95022,119.951875,2593.214039,2160,357,467,60.0,120.0,1.865925,0.0,1.898102,1.865925,-1.898102,142.08655,1.2858663569583595,5000
290,2026-05-22 10:28:55.997187,can_tapper31,"rgb(77,175,74)",497.0,453.0,500.0,8.853118712273641,81.00000000000004,90.0,0.5191113418270804,1500,15.908333333333331,9.0,498.0,489.0,0.911551,-23.53979238754325,10.0,2.317826,0.0069529652351738,0.0089979550102249,0.007361963190184,7.758620689655173,1.0601937946371147,1.0000000000001563,1.7887444673306678,0.5145917193477447,59.936649,119.97982,1423.433294,2159,427,506,60.0,120.0,1.493167,0.0,1.999301,1.493167,-1.999301,142.4088,1.4039147963287035,5000
291,2026-05-22 10:40:45.610378,can_tapper31,"rgb(152,78,163)",499.0,451.0,503.0,9.619238476953909,87.00000000000001,93.75,3.152232512102746,1500,16.06666666666667,0.0,499.0,499.0,1.128999,-19.798969072164947,147.0,2.031126,0.0036072144288577,0.0096192384769539,0.0044088176352705,8.35117773019272,0.5341320048585605,1.0000000000001563,119.99999999999996,0.3539774482622332,59.995629,119.81535,709.613191,2160,359,277,60.0,120.0,1.762804,0.0,2.003946,1.762804,-2.003946,134.35345,6.101664253204298,5000
292,2026-05-22 13:18:56.780911,can_tapper31,"rgb(255,127,0)",508.0,473.0,512.0,6.889763779527559,100.0,100.0,33.076612316027095,217,15.85,6.0,499.0,493.0,0.601102,-7.971731448763251,0.0,,0.0070993914807302,0.0070993914807302,0.0079107505070993,1.0309278350515465,0.2299425957019333,0.7400000000001157,3.705217345187708,0.7829156312708163,7.360175,119.985624,9491.170533,1530,303,436,60.0,120.0,1.37495,0.0,-1.909896,1.37495,1.909896,143.1412,0.8298947554125513,5000
293,2026-05-23 11:56:28.490386,can_tapper31,"rgb(255,255,51)",505.0,471.0,508.0,6.732673267326733,96.25,100.0,2.500614444717121,1500,18.28333333333333,0.0,226.0,226.0,1.028998,-8.614617940199336,9.0,2.125198,0.0150442477876106,0.0150442477876106,0.0163716814159292,2.2132796780684103,0.6958527269432269,1.0000000000001563,3.678623825607137,0.8108948448627458,33.552015,119.997622,81451.709475,1843,355,450,60.0,120.0,1.601468,0.0,-1.904302,1.601468,1.904302,143.0232,0.6999712508026935,5000
294,2026-05-27 10:43:52.093918,can_tapper31,"rgb(166,86,40)",492.0,461.0,496.0,6.300813008130081,68.33333333333339,78.00000000000004,10.5326027493597,1070,20.633333333333333,0.0,354.0,354.0,1.017526,-18.391156462585037,18.0,2.02073,0.0073446327683615,0.0087570621468926,0.0084745762711864,4.721030042918455,0.3784172186741015,0.5000000000000782,4.413195167492838,0.6554692046222317,24.658885,114.927798,341243.603532,1675,334,472,60.0,120.0,1.587755,0.0,-2.003574,1.587755,2.003574,144.24575,1.5104637492002564,5000
295,2026-05-27 11:04:44.226229,can_tapper31,"rgb(247,129,191)",496.0,471.0,499.0,5.040322580645161,78.00000000000004,87.00000000000001,11.775494132045946,592,20.775,8.0,251.0,243.0,0.920655,-15.87748344370861,8.0,2.411782,0.0086419753086419,0.0102880658436214,0.0098765432098765,2.736842105263158,0.6301800352823784,0.5000000000000782,4.711863641406706,0.6461642062968233,14.856347,119.982076,1252.132311,1620,332,585,60.0,120.0,1.420671,0.0,-2.005404,1.420671,2.005404,144.41095,1.0536268900443868,5000
296,2026-05-28 14:26:00.238375,can_tapper31,"rgb(153,153,153)",499.0,447.0,501.0,10.420841683366731,87.00000000000001,91.25,4.363779717234489,1500,25.68,11.5,497.0,485.5,0.789657,-36.1859649122807,17.0,2.193814,0.0072090628218331,0.0107106076210092,0.007621009268795,5.960264900662252,0.6974886020866262,1.0000000000001563,3.077404581544478,0.6825837037962055,59.984464,119.846042,98476.012146,2160,417,456,60.0,120.0,1.579815,0.0,2.020278,1.579815,-2.020278,141.367,1.260318880575959,5000
297,2026-05-28 15:18:57.045759,can_tapper31,"rgb(228,26,28)",497.0,440.0,500.0,11.468812877263582,81.00000000000004,90.0,3.0196991198656984,1500,24.355,0.0,500.0,500.0,1.030162,-39.30434782608695,16.0,2.032266,0.0072,0.0113999999999999,0.0078,12.93103448275862,2.0382352611808265,1.0000000000001563,2.0171482422437275,0.6951209387754123,59.95933,119.952069,3176.807384,2160,369,413,60.0,120.0,1.707854,0.0,2.103337,1.707854,-2.103337,141.7896,1.0865624526885203,5000
298,2026-05-30 08:00:37.232001,can_tapper31,"rgb(55,126,184)",499.0,456.0,500.0,8.617234468937877,87.00000000000001,90.0,5.593302659820794,731,20.2,8.0,182.0,174.0,0.996126,-10.497041420118345,5.0,3.097923,0.0195402298850574,0.0247126436781609,0.0201149425287356,10.559006211180124,0.3280125091737805,0.5000000000000782,7.447983519159315,0.5781665724093953,17.628727,119.955153,146500.186242,1653,366,493,60.0,120.0,1.439255,0.0,-1.914298,1.439255,1.914298,145.21325,1.0010181541651586,5000
299,2026-05-30 08:45:35.080270,can_tapper31,"rgb(77,175,74)",500.0,456.0,501.0,8.799999999999999,90.0,91.25,10.9528193275004,657,20.3,0.0,264.0,264.0,1.112255,-12.91156462585034,73.0,2.119247,0.0106060606060606,0.0166666666666666,0.0109848484848484,4.989154013015185,0.6545549397702185,1.0000000000001563,3.705217345187708,0.6615964298055341,16.161681,119.925722,2697.848269,1635,326,470,60.0,120.0,1.642977,0.0,-1.909668,1.642977,1.909668,143.83775,1.1669553523844196,5000
300,2026-06-02 09:50:16.649881,can_tapper31,"rgb(152,78,163)",496.0,451.0,499.0,9.07258064516129,78.00000000000004,87.00000000000001,0.8217781430121859,1500,18.416666666666664,17.0,495.0,478.0,1.131987,-19.668852459016392,151.0,2.12982,0.00836820083682,0.0094142259414225,0.0089958158995815,5.2854122621564485,0.2023440293486222,1.5000000000002345,3.678623825607137,0.7474910910738065,59.990595,119.824474,263081.569611,2159,363,418,60.0,120.0,1.652101,0.0,1.905201,1.652101,-1.905201,142.0804,1.1598727951722714,5000
301,2026-06-02 09:59:12.527782,can_tapper31,"rgb(255,127,0)",516.0,461.0,524.0,10.65891472868217,100.0,100.0,62.04605424268112,1500,18.45833333333333,14.0,285.0,271.0,0.467623,-11.853846153846154,20.0,2.069195,0.0118081180811808,0.0202952029520295,0.014760147601476,9.917355371900827,1.5246843832782644,1.5000000000002345,60.89437223366532,0.108103391813832,59.946824,119.977019,535.877901,2160,367,340,60.0,120.0,1.546825,0.0,1.897925,1.546825,-1.897925,139.91855,6.19993679328646,5000
302,2026-06-02 10:04:58.968832,can_tapper31,"rgb(255,255,51)",495.0,440.0,500.0,11.11111111111111,75.58333333333339,90.0,3.689281639680116,1500,18.43333333333333,13.0,325.0,312.0,1.2947,-24.91408934707904,16.0,2.294625,0.0108974358974358,0.0176282051282051,0.0124999999999999,9.977827050997783,0.9811900652135264,1.260000000000197,2.419945418941404,0.8141107049469938,59.957297,119.853249,346.44105,2158,375,550,60.0,120.0,1.785951,0.0,1.942625,1.785951,-1.942625,142.5483,0.5737010864443549,5000
303,2026-06-04 17:15:48.272309,can_tapper31,"rgb(166,86,40)",499.0,451.0,500.0,9.619238476953909,87.00000000000001,90.0,4.084081815146624,1500,16.916666666666668,23.0,403.0,380.0,1.112825,-21.813868613138688,26.0,2.225119,0.0102631578947368,0.0126315789473684,0.0105263157894736,8.620689655172415,1.077974688806276,1.0200000000001594,3.077404581544478,0.7615257449568624,59.810899,119.991076,198649.303477,2158,361,583,60.0,120.0,1.600325,0.0,1.961475,1.600325,-1.961475,140.98825,0.6809494665063373,5000
304,2026-06-04 17:44:53.581504,can_tapper31,"rgb(247,129,191)",495.0,439.0,496.0,11.313131313131311,75.58333333333339,78.00000000000004,8.843540243896139e-14,1500,17.070833333333333,0.0,340.0,340.0,0.518268,-33.29197080291971,22.0,2.023517,0.0108823529411764,0.0164705882352941,0.0111764705882352,11.790393013100436,1.6725064094302815,1.2400000000001938,2.0171482422437275,0.6777468589790447,59.867101,119.96725,1745.309195,2158,346,509,60.0,120.0,1.821896,0.0,1.898569,1.821896,-1.898569,141.08405,0.8778822432119666,5000
305,2026-06-04 19:58:28.881865,can_tapper31,"rgb(153,153,153)",492.0,447.0,492.0,9.146341463414634,68.33333333333339,68.33333333333339,0.2279201012977347,1500,16.705000000000002,16.0,500.0,484.0,0.794406,-42.91695501730104,18.0,2.391478,0.006198347107438,0.009297520661157,0.006198347107438,10.37344398340249,0.8364298436791309,1.0000000000001563,2.27471676670449,0.7064192196370267,59.951742,119.969757,8015.300361,2159,311,633,60.0,120.0,1.623632,0.0,2.099263,1.623632,-2.099263,141.34435,0.8388541665644641,5000
306,2026-06-04 22:29:23.327884,can_tapper31,"rgb(228,26,28)",492.0,450.0,496.0,8.536585365853659,68.33333333333339,78.00000000000004,0.5252980112431648,1500,16.375,12.0,335.0,323.0,1.313996,-45.088135593220336,33.0,2.311629,0.009907120743034,0.0130030959752322,0.0111455108359133,10.37344398340249,0.7531227797969595,1.0000000000001563,2.145932504474109,0.7859202936910972,59.888571,119.982509,9054.446019,2159,345,795,60.0,120.0,1.977829,0.0,1.898585,1.977829,-1.898585,142.3211,0.6093390261663775,5000
307,2026-06-05 00:27:34.809135,can_tapper31,"rgb(55,126,184)",503.0,448.0,504.0,10.934393638170974,93.75,95.0,2.9232752156300525e-13,1500,17.4,0.0,497.0,497.0,0.716457,-28.33828996282528,150.0,2.125896,0.0106639839034205,0.011066398390342,0.0108651911468812,15.856236786469344,0.9890247134252764,1.5000000000002345,1.7887444673306678,0.7650051332136512,59.94053,119.906347,7091.481251,2159,347,461,60.0,120.0,1.734571,0.0,1.961679,1.734571,-1.961679,141.452,0.2942164384641721,5000
308,2026-06-05 01:04:30.753403,can_tapper31,"rgb(77,175,74)",500.0,459.0,500.0,8.200000000000001,90.0,90.0,0.5746669220740206,1500,17.40833333333333,14.0,496.0,482.0,0.873601,-41.25862068965517,17.0,2.375574,0.0062240663900414,0.00850622406639,0.0062240663900414,12.5,0.9950123879526636,1.0000000000001563,2.145932504474109,0.7504066020244319,59.9933,119.95325,2215.944268,2160,416,645,60.0,120.0,1.71615,0.0,1.986725,1.71615,-1.986725,142.2597,0.39851307699314714,5000
309,2026-06-05 04:10:31.105509,can_tapper31,"rgb(152,78,163)",500.0,447.0,505.0,10.6,90.0,96.25,5.981798214131168,1500,17.0625,10.0,497.0,487.0,0.773901,-27.724381625441698,15.0,2.263649,0.008829568788501,0.0108829568788501,0.0098562628336755,9.409190371991247,0.7033487454821523,1.0000000000001563,1.6874737773196231,0.7210681540654821,59.995373,119.93045,11160.352106,2160,374,774,60.0,120.0,1.589596,0.0,-2.107924,1.589596,2.107924,141.4286,0.4148631850290322,5000
310,2026-06-05 07:51:13.110158,can_tapper31,"rgb(255,127,0)",500.0,444.0,503.0,11.2,90.0,93.75,3.4691126529383656,1500,16.633333333333333,9.5,498.0,488.5,0.812972,-31.356877323420075,90.0,2.31855,0.0092118730808597,0.0114636642784032,0.009825997952917,10.920770877944326,0.9398621216502152,1.0000000000001563,2.0171482422437275,0.7794711219061543,59.948424,119.856725,13242.004649,2158,356,598,60.0,120.0,1.800674,0.0,2.099549,1.800674,-2.099549,141.99085,0.27330151160080945,5000
311,2026-06-05 16:16:55.763065,can_tapper31,"rgb(255,255,51)",496.0,429.0,499.0,13.508064516129032,78.00000000000004,87.00000000000001,8.843540243896139e-14,1500,20.18,0.0,493.0,493.0,1.036904,-55.83576642335766,137.0,2.036804,0.0060851926977687,0.0135902636916835,0.0066937119675456,19.65442764578834,1.86086245812438,1.5000000000002345,2.27471676670449,0.8485975136650186,59.931421,119.931003,30342.652907,2159,293,665,60.0,120.0,1.688627,0.0,1.998255,1.688627,-1.998255,141.75625,0.26629423580691763,5000
312,2026-06-05 16:31:59.856141,can_tapper31,"rgb(166,86,40)",500.0,456.0,501.0,8.799999999999999,90.0,91.25,4.061041804906307,1500,20.3875,18.0,500.0,482.0,0.886443,-51.91575091575091,23.0,2.291849,0.0080912863070539,0.0091286307053941,0.0082987551867219,8.333333333333334,0.6888603528886723,0.5000000000000782,2.0171482422437275,0.8031935509468698,59.900851,119.971347,904.093076,2159,347,722,60.0,120.0,1.551,0.0,1.901202,1.551,-1.901202,142.2418,0.30955924374026356,5000
313,2026-06-05 17:36:57.703776,can_tapper31,"rgb(247,129,191)",500.0,464.0,501.0,7.199999999999999,90.0,91.25,1.2818672363853736,1500,20.975,0.0,456.0,456.0,1.058125,-51.153225806451616,22.0,2.065574,0.0072368421052631,0.0078947368421052,0.0074561403508771,4.201680672268908,0.5963741766693875,0.5000000000000782,2.419945418941404,0.7623355926586679,59.875857,119.9817,3897.847635,2159,308,473,60.0,120.0,1.41962,0.0,2.000678,1.41962,-2.000678,142.64525,0.5070171109246663,5000
314,2026-06-05 17:53:55.966472,can_tapper31,"rgb(153,153,153)",508.0,445.0,509.0,12.401574803149607,100.0,100.0,2.981672436298469,1500,20.711666666666662,6.5,496.0,489.5,0.620581,-25.29152542372881,137.0,2.120775,0.0114402451481103,0.0128702757916241,0.0116445352400408,11.764705882352942,0.9944846262201,1.5000000000002345,1.9029463547871976,0.7349726513410408,59.906702,119.983298,1018.262696,2159,366,468,60.0,120.0,1.828396,0.0,1.89793,1.828396,-1.89793,141.0753,0.3190223582336643,5000
315,2026-06-06 08:51:50.166390,can_tapper31,"rgb(228,26,28)",484.0,446.0,488.0,7.851239669421488,52.857142857142826,60.0,1.438453972645817,1500,15.775,0.0,500.0,500.0,0.994472,-79.14423076923077,13.0,2.002302,0.0076,0.0076,0.0084,2.631578947368421,0.6039444052601041,1.0000000000001563,3.705217345187708,0.7589825797902578,59.996999,119.854006,53874.199918,2160,376,652,60.0,120.0,1.812974,0.0,-2.104725,1.812974,2.104725,142.21625,0.5223294009536674,5000
316,2026-06-06 12:38:32.609665,can_tapper31,"rgb(55,126,184)",497.0,460.0,500.0,7.44466800804829,81.00000000000004,90.0,4.1561676920411876e-14,1500,19.28,11.0,500.0,489.0,0.794824,-54.93793103448276,52.0,2.292049,0.005521472392638,0.0075664621676891,0.0061349693251533,9.611451942740286,0.7065298123525195,0.7600000000001188,1.9029463547871976,0.6152737360413987,59.981599,119.881677,13602.443275,2160,446,661,60.0,120.0,1.277126,0.0,2.100974,1.277126,-2.100974,140.7855,1.316913665477177,5000
317,2026-06-06 16:19:40.285639,can_tapper31,"rgb(77,175,74)",496.0,457.0,499.0,7.862903225806452,78.00000000000004,87.00000000000001,0.5282046792017534,1500,20.825,0.0,308.0,308.0,1.279524,-63.18148148148149,11.0,2.382525,0.0103896103896103,0.0126623376623376,0.0113636363636363,2.355460385438972,0.4681842997070574,0.5000000000000782,2.0171482422437275,0.7744146885308346,59.869077,119.949326,13267.675974,2159,348,480,60.0,120.0,1.707247,0.0,1.998273,1.707247,-1.998273,140.6243,0.47892628250779223,5000
318,2026-06-06 16:54:39.729251,can_tapper31,"rgb(152,78,163)",509.0,451.0,512.0,11.394891944990176,100.0,100.0,2.629201168533462,1500,21.45833333333333,0.0,486.0,486.0,1.03756,-29.09625668449198,14.0,2.044998,0.0102880658436214,0.0119341563786008,0.0109053497942386,11.20507399577167,1.6538386422391549,1.2400000000001938,119.99999999999996,0.4774257067297951,59.863972,119.99751,2099.443612,2160,255,438,60.0,120.0,1.463504,0.0,1.90656,1.463504,-1.90656,132.6411,5.939362002286018,5000
319,2026-06-06 21:12:33.259445,can_tapper31,"rgb(255,127,0)",495.0,455.0,496.0,8.080808080808081,75.58333333333339,78.00000000000004,8.843540243896139e-14,1500,20.380000000000003,8.0,499.0,491.0,0.949351,-70.96350364963503,8.0,2.051351,0.0063136456211812,0.0081466395112016,0.0065173116089613,3.885480572597137,0.6558845791066024,0.5000000000000782,2.419945418941404,0.7023540978910989,59.956674,119.91575,15473.530194,2160,340,521,60.0,120.0,1.638051,0.0,2.108839,1.638051,-2.108839,140.94095,0.7009449780635483,5000
320,2026-06-07 07:43:33.264752,can_tapper31,"rgb(255,255,51)",476.0,440.0,479.0,7.563025210084033,40.0,44.68749999999998,1.4044806242133916,1500,16.916666666666664,10.0,472.0,462.0,0.704549,-144.26755852842808,9.0,2.109421,0.0051948051948051,0.0077922077922077,0.0058441558441558,5.3097345132743365,0.7220625957065444,0.5000000000000782,5.275382050040925,0.8863292813919478,59.91755,119.90915,37860.005307,2159,400,487,60.0,120.0,1.306625,0.0,-2.109924,1.306625,2.109924,141.55155,1.3999989631850156,5000
321,2026-06-07 16:12:21.862811,can_tapper31,"rgb(166,86,40)",484.0,451.0,484.0,6.8181818181818175,52.857142857142826,52.857142857142826,2.0586558921909938e-13,1500,25.725,0.0,313.0,313.0,0.517529,-156.6985294117647,96.0,2.021224,0.0041533546325878,0.0105431309904153,0.0041533546325878,8.333333333333334,1.091549559315974,0.5000000000000782,7.565235559061503,0.8981174981269491,59.981175,119.928868,30528.598059,2160,324,578,60.0,120.0,1.474919,0.0,1.985124,1.474919,-1.985124,131.7914,0.7812541914274882,5000
322,2026-06-07 20:52:08.755722,can_tapper31,"rgb(247,129,191)",500.0,474.0,503.0,5.2,90.0,93.75,1.035876015945129,1500,30.25,0.0,354.0,354.0,0.974849,-92.94736842105264,8.0,2.4759,0.0033898305084745,0.0073446327683615,0.0042372881355932,3.1055900621118013,0.3750143710986772,0.0400000000000062,3.913484529189812,0.7322769284684125,59.865852,119.953149,16786.892911,2158,368,579,60.0,120.0,1.61802,0.0,1.8983,1.61802,-1.8983,141.72835,1.8674089591581786,5000
323,2026-06-07 22:24:05.135977,can_tapper31,"rgb(153,153,153)",504.0,469.0,504.0,6.944444444444445,95.0,95.0,2.9232752156300525e-13,1500,26.666666666666664,6.5,496.0,489.5,0.641424,-67.57553956834532,79.0,2.148616,0.0036772216547497,0.0071501532175689,0.0036772216547497,6.49895178197065,0.744249315065151,0.5000000000000782,3.678623825607137,0.7385257220211023,59.992975,119.917352,5516.380255,2159,370,559,60.0,120.0,1.680865,0.0,2.099428,1.680865,-2.099428,141.4099,1.1861337920632191,5000
324,2026-06-08 07:06:47.841531,can_tapper31,"rgb(228,26,28)",491.0,461.0,492.0,6.109979633401222,66.25000000000003,68.33333333333339,1.267520563342207,1500,22.235,0.0,499.0,499.0,0.650417,-151.0709219858156,79.0,2.145775,0.0044088176352705,0.0060120240480961,0.0044088176352705,4.958677685950414,0.6078198799957195,0.5000000000000782,9.620584988277706,0.9195353914786306,59.938565,119.965372,31362.705554,2159,350,701,60.0,120.0,1.5631,0.0,-2.004802,1.5631,2.004802,138.2867,1.3102467169551655,5000
325,2026-06-08 09:35:49.567947,can_tapper31,"rgb(55,126,184)",497.0,466.0,497.0,6.237424547283702,81.00000000000004,81.00000000000004,2.437103305378735,1500,23.925,9.0,499.0,490.0,0.702574,-94.46996466431096,6.0,2.207799,0.0042857142857142,0.0063265306122448,0.0044897959183673,8.71369294605809,0.7430667831553108,0.5000000000000782,3.470356641605033,0.6657785346050829,59.99015,119.885824,8941.726416,2159,387,592,60.0,120.0,1.502924,0.0,1.996849,1.502924,-1.996849,141.20445,1.8294144005418382,5000
326,2026-06-08 10:24:05.957684,can_tapper31,"rgb(77,175,74)",493.0,460.0,504.0,6.693711967545639,70.75000000000004,95.0,4.164464073094187,1500,24.525,63.0,470.0,407.0,0.488901,-67.59851301115242,59.0,2.087103,0.0049140049140049,0.0081081081081081,0.0076167076167076,7.822410147991543,1.5634169798575044,0.5000000000000782,2.892719705486028,0.9078795812301044,59.945746,119.98605,2896.389737,2159,339,483,60.0,120.0,1.631,0.0,2.000855,1.631,-2.000855,142.07875,0.3260861909692209,5000
327,2026-06-08 10:34:05.107538,can_tapper31,"rgb(152,78,163)",511.0,482.0,512.0,5.6751467710371815,100.0,100.0,3.171654742957205,1500,24.525,0.0,359.0,359.0,1.03552,-29.84878048780488,9.0,41.954293,0.0061281337047353,0.0080779944289693,0.0064066852367688,1.818181818181818,0.4042760896912845,0.5000000000000782,119.99999999999996,0.5725322642217213,59.905079,119.979845,599.149854,2159,296,368,60.0,120.0,1.47702,0.0,1.997845,1.47702,-1.997845,132.28905,5.942190212573522,5000
328,2026-06-08 15:21:13.520091,can_tapper31,"rgb(255,127,0)",489.0,454.0,491.0,7.157464212678937,62.08333333333334,66.25000000000003,0.2868890163949601,1500,20.58,0.0,499.0,499.0,0.655401,-144.90151515151516,50.0,2.157126,0.0050100200400801,0.0070140280561122,0.0054108216432865,6.0344827586206895,0.7910498867754603,0.5000000000000782,9.620584988277706,0.943387084776046,59.975476,119.913949,17228.412553,2160,365,643,60.0,120.0,1.527251,0.0,1.898521,1.527251,-1.898521,141.2865,1.690033725343581,5000
329,2026-06-08 17:09:53.133590,can_tapper31,"rgb(255,255,51)",488.0,462.0,491.0,5.327868852459016,60.0,66.25000000000003,2.1665609629154545,1500,23.275,0.0,343.0,343.0,1.022548,-132.17708333333334,17.0,2.027603,0.0067055393586005,0.0075801749271137,0.0075801749271137,3.225806451612903,0.2676204315686696,0.0400000000000062,19.78511397269046,0.8001624234332166,59.955871,119.928717,6519.613499,2160,400,477,60.0,120.0,1.580044,0.0,-2.103629,1.580044,2.103629,140.0692,3.6598518088921264,5000
330,2026-06-08 18:05:43.868130,can_tapper31,"rgb(166,86,40)",503.0,470.0,504.0,6.560636182902585,93.75,95.0,2.684178970745614,1500,24.35,8.0,494.0,486.0,0.598121,-64.88389513108615,167.0,2.091447,0.0059670781893004,0.0067901234567901,0.0061728395061728,5.13347022587269,0.6860276109181545,0.5000000000000782,2.892719705486028,0.6179857491813171,59.959249,119.944492,3350.73454,2159,387,479,60.0,120.0,1.51473,0.0,-1.904346,1.51473,1.904346,141.53415,1.9358901858479516,5000
331,2026-06-08 19:25:44.357955,can_tapper31,"rgb(247,129,191)",500.0,463.0,500.0,7.399999999999999,90.0,90.0,7.603150045843343,1500,24.375,0.0,497.0,497.0,0.718907,-75.51624548736461,48.0,2.1275,0.0052313883299798,0.0074446680080482,0.0052313883299798,10.37344398340249,0.7779196654315903,0.5000000000000782,2.892719705486028,0.9022388126525492,59.919113,119.9159,4800.489825,2159,381,475,60.0,120.0,1.514025,0.0,1.996881,1.514025,-1.996881,140.83515,0.3225411354490671,5000
332,2026-06-08 20:03:40.816452,can_tapper31,"rgb(153,153,153)",504.0,472.0,504.0,6.349206349206349,95.0,95.0,2.9232752156300525e-13,1500,26.93333333333333,0.0,470.0,470.0,0.926173,-46.14074074074074,11.0,2.330452,0.0044680851063829,0.0068085106382978,0.0044680851063829,4.3478260869565215,0.5662524759210268,0.5000000000000782,2.565174071178317,0.8539315032682795,59.926498,119.986431,2276.458497,2160,357,457,60.0,120.0,1.624801,0.0,2.000947,1.624801,-2.000947,140.86375,0.28894659632381653,5000
333,2026-06-08 21:02:21.227889,can_tapper31,"rgb(228,26,28)",499.0,476.0,500.0,4.609218436873747,87.00000000000001,90.0,4.1561676920411876e-14,1500,27.03333333333333,24.0,456.0,432.0,0.788276,-76.72900763358778,25.0,2.278843,0.0027777777777777,0.005324074074074,0.0030092592592592,2.6694045174537986,0.2675702809647348,0.0200000000000031,3.678623825607137,0.8696836229717031,59.885254,119.968648,3520.411437,2158,352,405,60.0,120.0,1.395505,0.0,2.100269,1.395505,-2.100269,141.88455,0.27798246770342877,5000
334,2026-06-09 06:20:37.674611,can_tapper31,"rgb(55,126,184)",487.0,447.0,488.0,8.213552361396303,58.21428571428571,60.0,0.1697511865558812,1500,19.666666666666668,9.0,208.0,199.0,1.048377,-148.21033210332104,14.0,2.147326,0.0140703517587939,0.0201005025125628,0.014572864321608,7.252747252747253,0.8367527369420116,0.7400000000001157,9.075910610317674,0.9558372473190244,59.996122,119.966269,33496.446722,2160,328,736,60.0,120.0,1.575119,0.0,-2.10355,1.575119,2.10355,141.51745,1.398919008512952,5000
335,2026-06-09 07:37:18.161944,can_tapper31,"rgb(77,175,74)",504.0,481.0,505.0,4.563492063492063,95.0,96.25,0.2135556504692534,1500,22.35,0.0,321.0,321.0,1.016182,-40.862876254180605,5.0,2.016975,0.0068535825545171,0.0071651090342679,0.0071651090342679,2.880658436213992,0.5565191802452965,0.0200000000000031,2.27471676670449,0.728599689391974,59.994552,119.866819,4600.487333,2159,388,481,60.0,120.0,1.689751,0.0,1.902176,1.689751,-1.902176,141.56555,0.6095613262848363,5000
336,2026-06-09 08:51:59.212808,can_tapper31,"rgb(152,78,163)",500.0,476.0,504.0,4.8,90.0,95.0,8.685559415802558,1500,22.275,9.0,358.0,349.0,1.06497,-56.74812030075188,7.0,2.066608,0.0065902578796561,0.0068767908309455,0.0077363896848137,4.742268041237113,0.425468596620441,0.0200000000000031,2.565174071178317,0.7753679859959535,59.882258,119.935572,4481.050864,2159,375,466,60.0,120.0,1.875071,0.0,1.904912,1.875071,-1.904912,142.52705,0.25068579172593664,5000
337,2026-06-09 10:15:26.555382,can_tapper31,"rgb(255,127,0)",504.0,461.0,504.0,8.531746031746032,95.0,95.0,2.9232752156300525e-13,1500,22.3,6.0,497.0,491.0,0.761851,-42.86713286713287,78.0,2.170194,0.0071283095723014,0.0087576374745417,0.0071283095723014,9.202453987730062,0.5032706753154987,0.5000000000000782,2.565174071178317,0.7725002611863016,59.995119,119.839378,5007.342574,2159,347,713,60.0,120.0,1.827751,0.0,1.9991,1.827751,-1.9991,142.5838,0.33136010608379973,5000
338,2026-06-09 10:35:28.332454,can_tapper31,"rgb(255,255,51)",503.0,471.0,504.0,6.36182902584493,93.75,95.0,2.9232752156300525e-13,1500,22.40833333333333,5.0,373.0,368.0,0.806725,-36.2,1.0,2.4007,0.004891304347826,0.008695652173913,0.0051630434782608,6.804123711340206,0.6008124053764756,0.2600000000000406,2.583718236095259,0.810776760817147,59.897801,119.99265,1201.777072,2159,351,639,60.0,120.0,1.435105,0.0,2.051474,1.435105,-2.051474,143.7646,0.35303932833822,5000
339,2026-06-09 10:47:54.539346,can_tapper31,"rgb(166,86,40)",508.0,463.0,511.0,8.858267716535433,100.0,100.0,4.934259970781239,1500,22.455,0.0,479.0,479.0,0.447579,-21.32631578947369,2.0,57.888204,0.0048016701461377,0.0093945720250521,0.0054279749478079,12.577319587628866,1.2697215848475052,0.5000000000000782,2.145932504474109,0.7007773880664256,59.94067,119.925755,746.206892,2159,416,405,60.0,120.0,1.501996,0.0,2.102498,1.501996,-2.102498,142.23185,1.0766800478717184,5000
340,2026-06-09 11:56:56.372959,can_tapper31,"rgb(247,129,191)",501.0,473.0,503.0,5.588822355289421,91.25,93.75,2.9232752156300525e-13,1500,23.01666666666667,0.0,427.0,427.0,0.881373,-61.7037037037037,23.0,2.392594,0.0058548009367681,0.0065573770491803,0.0063231850117096,5.521472392638037,0.4662779326394579,0.5000000000000782,2.419945418941404,0.7744977788974733,59.9249,119.940076,4141.833613,2159,368,660,60.0,120.0,1.775425,0.0,2.002176,1.775425,-2.002176,141.57095,0.3981021157427725,5000
341,2026-06-09 12:11:58.859881,can_tapper31,"rgb(153,153,153)",503.0,473.0,504.0,5.964214711729622,93.75,95.0,2.9232752156300525e-13,1500,23.3,6.0,417.0,411.0,0.836694,-44.21167883211679,1.0,2.4339,0.0063260340632603,0.0072992700729927,0.0065693430656934,3.1446540880503147,0.5523150898937397,0.5000000000000782,2.27471676670449,0.7848930670664989,59.938273,119.991975,902.486922,2159,360,530,60.0,120.0,1.599449,0.0,1.898776,1.599449,-1.898776,142.8955,0.279321238130748,5000
342,2026-06-09 12:41:20.906599,can_tapper31,"rgb(228,26,28)",500.0,472.0,501.0,5.6000000000000005,90.0,91.25,1.4925251077892332,1500,23.6,0.0,429.0,429.0,0.853502,-54.91519434628975,5.0,2.356196,0.0055944055944055,0.0065268065268065,0.0058275058275058,4.918032786885246,0.382573997561036,0.2600000000000406,2.27471676670449,0.8212390794410618,59.950699,119.980324,1762.046718,2159,344,613,60.0,120.0,1.717969,0.0,1.900876,1.717969,-1.900876,142.31455,0.18608525746198032,5000
343,2026-06-09 13:16:44.147736,can_tapper31,"rgb(55,126,184)",500.0,468.0,501.0,6.4,90.0,91.25,2.0819120364050336,1500,22.3,0.0,390.0,390.0,0.825755,-50.39259259259259,3.0,2.826903,0.0046153846153846,0.0082051282051282,0.0048717948717948,6.224066390041494,0.4456891132685178,0.2400000000000375,2.27471676670449,0.7914323160158163,59.953044,119.982725,2123.241137,2160,338,655,60.0,120.0,1.402879,0.0,1.99695,1.402879,-1.99695,142.34315,0.4490277304137713,5000
344,2026-06-09 14:23:37.705175,can_tapper31,"rgb(77,175,74)",500.0,470.0,500.0,6.0,90.0,90.0,4.1561676920411876e-14,1500,24.45,7.0,426.0,419.0,0.864675,-69.2050209205021,4.0,2.364695,0.0045346062052505,0.0071599045346062,0.0045346062052505,4.365904365904366,0.5262160287387089,0.5000000000000782,2.7289468883321724,0.8630496645811345,59.996179,119.928419,4013.557439,2159,307,541,60.0,120.0,1.6003,0.0,2.043499,1.6003,-2.043499,141.66335,0.3033111884444199,5000
345,2026-06-09 15:05:17.008792,can_tapper31,"rgb(152,78,163)",501.0,463.0,503.0,7.584830339321358,91.25,93.75,0.9002937334640735,1500,26.916666666666668,0.0,478.0,478.0,0.478491,-50.613382899628256,1.0,2.57272,0.003347280334728,0.007949790794979,0.003765690376569,7.23404255319149,1.5410498382683264,0.5000000000000782,2.7289468883321724,0.7577683406492062,59.924725,119.9753,2499.303617,2160,369,550,60.0,120.0,1.55327,0.0,1.897974,1.55327,-1.897974,142.81195,0.5632389769263556,5000
346,2026-06-09 16:27:15.311348,can_tapper31,"rgb(255,127,0)",509.0,508.0,509.0,0.1964636542239685,100.0,100.0,0.1723022988012268,1500,27.7,,,,,,,,,,,0.5893909626719057,0.1473477406679764,0.0200000000000031,45.88440927560299,0.0461836697875945,59.859449,119.992675,4918.302556,2159,0,512,60.0,120.0,1.644149,0.0,2.10005,1.644149,-2.10005,126.94555,0.16248993229003464,5000
347,2026-06-09 16:38:02.691541,can_tapper31,"rgb(255,255,51)",507.0,504.0,505.0,0.591715976331361,98.75,96.25,0.1666045184911075,1500,25.4,,,,,,,,,,,0.594059405940594,0.2962563711992501,0.0200000000000031,0.5417282529849187,0.0040345404337173,59.92262,119.907028,647.380193,2158,0,463,60.0,120.0,1.793799,0.0,1.971596,1.793799,-1.971596,126.5068,0.24993249738809273,5000
348,2026-06-09 17:12:10.734514,can_tapper31,"rgb(166,86,40)",508.0,507.0,508.0,0.1968503937007873,100.0,100.0,1.6527483802237072e-14,1500,25.3,,,,,,,,,,,0.7874015748031497,0.0984251968503937,0.0200000000000031,28.37311996486042,0.0423168387074862,59.918675,119.927649,2048.042973,2158,0,559,60.0,120.0,1.562574,0.0,2.098072,1.562574,-2.098072,126.3,0.21432262325132492,5000
349,2026-06-09 19:00:52.075116,can_tapper31,"rgb(247,129,191)",505.0,473.0,507.0,6.336633663366337,96.25,98.75,11.46961561188753,187,25.06666666666667,-4.0,394.0,398.0,0.815751,-37.91929824561404,-5.0,,0.0032663316582914,0.0080402010050251,0.0037688442211055,4.329896907216495,0.2503674864945663,0.5000000000000782,3.2620894576029285,0.8101243031835281,6.761493,119.812175,6521.340602,1521,302,518,60.0,120.0,1.70245,0.0,-2.009731,1.70245,2.009731,142.98725,0.3704421452486989,5000
350,2026-06-09 19:09:27.208340,can_tapper31,"rgb(153,153,153)",515.0,465.0,587.0,9.70873786407767,100.0,100.0,70.10673338076026,1500,25.045,11.0,495.0,484.0,0.894499,-27.5663430420712,12.0,2.9869,0.0070247933884297,0.0103305785123966,0.0219008264462809,6.534653465346534,0.8619070869891076,1.0000000000001563,4.636895104507331,0.7201173971468108,59.972227,119.952794,515.133224,2160,477,726,60.0,120.0,1.613824,0.0,-0.048577,1.613824,0.048577,146.45225,0.8448077754942537,5000
351,2026-06-09 20:57:43.602291,can_tapper31,"rgb(228,26,28)",500.0,451.0,503.0,9.8,90.0,93.75,2.9232752156300525e-13,1500,25.175,0.0,496.0,496.0,0.574649,-42.29223744292238,14.0,2.075675,0.00625,0.0098790322580645,0.0068548387096774,7.036247334754798,0.8676350977494434,0.7400000000001157,119.99999999999996,0.3196085135584883,59.965653,119.984273,6496.393951,2159,332,535,60.0,120.0,1.326266,0.0,2.052247,1.326266,-2.052247,137.6294,5.681281636409663,5000
352,2026-06-09 21:56:53.751544,can_tapper31,"rgb(55,126,184)",500.0,448.0,501.0,10.4,90.0,91.25,0.1852267489900356,1500,25.18,8.0,496.0,488.0,0.674274,-52.83508771929824,44.0,2.082508,0.0094262295081967,0.010655737704918,0.0096311475409836,9.70464135021097,1.2227278890930822,1.0000000000001563,2.565174071178317,0.7650635543701834,59.887469,119.977788,3550.149253,2159,345,621,60.0,120.0,1.454056,0.0,2.103206,1.454056,-2.103206,142.51135,1.072561772230875,5000
353,2026-06-09 22:51:11.361960,can_tapper31,"rgb(77,175,74)",499.0,452.0,500.0,9.4188376753507,87.00000000000001,90.0,0.4047912910180811,1500,25.25,0.0,496.0,496.0,0.766304,-56.7887323943662,137.0,2.173002,0.0074596774193548,0.0094758064516129,0.0074596774193548,7.991360691144709,1.1123731368798055,1.0000000000001563,2.565174071178317,0.7702921934382599,59.934197,119.995902,3257.610416,2159,342,435,60.0,120.0,1.759324,0.0,0.128228,1.759324,-0.128228,142.6004,0.480849335256581,5000
354,2026-06-10 05:32:16.147552,can_tapper31,"rgb(152,78,163)",488.0,448.0,489.0,8.19672131147541,60.0,62.08333333333334,2.948392421506936,1500,22.666666666666668,0.0,499.0,499.0,0.670843,-126.42492012779552,67.0,2.168317,0.0056112224448897,0.0080160320641282,0.0058116232464929,5.0,0.7441609883438884,0.5000000000000782,4.67804510221319,0.8798755738006502,59.981406,119.924565,24064.785592,2160,427,653,60.0,120.0,1.698845,0.0,1.898891,1.698845,-1.898891,135.13685,1.0443072790316967,5000
355,2026-06-10 06:01:37.898093,can_tapper31,"rgb(255,127,0)",492.0,465.0,504.0,5.487804878048781,68.33333333333339,95.0,2.9232752156300525e-13,1500,23.65833333333333,105.0,497.0,392.0,0.620798,-91.6217105263158,144.0,2.120589,0.0030612244897959,0.0068877551020408,0.0061224489795918,3.79746835443038,0.2903363395443334,0.0600000000000093,3.678623825607137,0.9002776316269773,59.938948,119.94132,1761.750541,2160,380,519,60.0,120.0,1.674441,0.0,2.100148,1.674441,-2.100148,141.794,0.6110758404131527,5000
356,2026-06-10 07:09:05.706498,can_tapper31,"rgb(255,255,51)",504.0,477.0,505.0,5.357142857142857,95.0,96.25,0.1446667309626365,1500,25.208333333333336,0.0,367.0,367.0,1.040479,-46.772413793103446,3.0,3.63957,0.006267029972752,0.0073569482288828,0.0065395095367847,3.1185031185031185,0.4039990779708394,0.0200000000000031,3.077404581544478,0.8119077858518406,59.9028,119.955875,4047.808405,2160,440,549,60.0,120.0,1.487752,0.0,2.102049,1.487752,-2.102049,142.48615,0.5672609932889439,5000
357,2026-06-10 07:29:05.168996,can_tapper31,"rgb(166,86,40)",499.0,467.0,500.0,6.4128256513026045,87.00000000000001,90.0,4.1561676920411876e-14,1500,25.275,24.0,496.0,472.0,0.653923,-52.96103896103896,132.0,2.154392,0.0059322033898305,0.0067796610169491,0.0061440677966101,5.785123966942149,0.7476091963647458,0.5000000000000782,7.136925848448924,0.900235664816551,59.951046,119.979447,1199.462498,2160,378,479,60.0,120.0,1.46126,0.0,2.098931,1.46126,-2.098931,143.4568,0.7765335542474958,5000
358,2026-06-10 07:47:23.538134,can_tapper31,"rgb(247,129,191)",512.0,512.0,512.0,0.0,100.0,100.0,2.2268158053650227e-13,1500,25.125,,,,,,,,,,,0.0,0.0,0.0200000000000031,119.99999999999996,0.0641982276342194,59.899444,119.988807,1098.369138,2160,0,506,60.0,120.0,1.664803,0.0,2.098731,1.664803,-2.098731,127.7015,0.1711829743933121,5000
359,2026-06-10 08:20:55.758629,can_tapper31,"rgb(153,153,153)",509.0,509.0,509.0,0.0,100.0,100.0,0.266444562864262,1500,24.875,,,,,,,,,,,0.5893909626719057,0.2936804832006274,0.0200000000000031,3.233394784771929,0.155184615307223,59.972619,119.888282,2012.220495,2160,0,750,60.0,120.0,1.692928,0.0,2.000455,1.692928,-2.000455,127.0,0.0,5000
360,2026-06-10 08:25:55.480009,can_tapper31,"rgb(228,26,28)",509.0,508.0,509.0,0.1964636542239685,100.0,100.0,0.8148714732761341,1500,24.766666666666666,,,,,,,,,,,0.5893909626719057,0.2946954813359528,0.0200000000000031,22.95897254314288,0.0458897788908028,59.818576,119.807497,299.72138,2157,0,702,60.0,120.0,1.785893,0.0,1.895366,1.785893,-1.895366,127.01095,0.06494952800625738,5000
361,2026-06-10 08:55:31.421450,can_tapper31,"rgb(55,126,184)",508.0,508.0,508.0,0.0,100.0,100.0,1.6527483802237072e-14,1500,24.525,,,,,,,,,,,0.0,0.0,0.0200000000000031,64.2656181161788,0.0013534971749616,59.989424,119.988425,1775.941441,2160,0,460,60.0,120.0,1.668306,0.0,1.998575,1.668306,-1.998575,127.00865,0.06275719236102316,5000
362,2026-06-10 09:15:21.384518,can_tapper31,"rgb(77,175,74)",508.0,508.0,508.0,0.0,100.0,100.0,1.6527483802237072e-14,1500,24.03333333333333,,,,,,,,,,,0.0,0.0,0.0200000000000031,14.19692859776866,0.0009972890881594,59.89857,119.985674,1189.963068,2159,0,435,60.0,120.0,1.531603,0.0,1.898869,1.531603,-1.898869,127.00565,0.0371598394874698,5000
363,2026-06-10 09:17:23.788914,can_tapper31,"rgb(152,78,163)",508.0,508.0,508.0,0.0,100.0,100.0,1.6527483802237072e-14,1500,23.76666666666667,,,,,,,,,,,0.0,0.0,0.0200000000000031,101.83913647253584,0.0007075550901451,59.997867,119.916007,122.404396,2160,0,413,60.0,120.0,1.919429,0.0,2.032057,1.919429,-2.032057,127.01305,0.07030779570736945,5000
364,2026-06-10 09:21:53.783030,can_tapper31,"rgb(255,127,0)",505.0,477.0,508.0,5.544554455445545,96.25,100.0,3.924277299677978,1500,23.475,-1.0,343.0,344.0,0.94607,-21.46099290780142,-3.0,,0.0069767441860465,0.0081395348837209,0.0078488372093023,5.070993914807302,0.3978755959502406,0.0200000000000031,3.2620894576029285,0.8382799402524023,33.725502,119.875844,269.994116,1845,334,612,60.0,120.0,1.60025,0.0,2.021125,1.60025,-2.021125,142.4498,0.38682668855354946,5000
365,2026-06-10 09:37:20.376602,can_tapper31,"rgb(255,255,51)",503.0,450.0,504.0,10.536779324055663,93.75,95.0,2.9232752156300525e-13,1500,23.616666666666667,0.0,500.0,500.0,0.638193,-27.60586319218241,11.0,2.635644,0.0084,0.0106,0.0086,13.043478260869565,0.8030257157120062,1.0000000000001563,2.565174071178317,0.7358597816727711,59.974075,119.999075,926.593572,2159,323,499,60.0,120.0,1.426774,0.0,2.096248,1.426774,-2.096248,143.03785,0.5810958715928217,5000
366,2026-06-10 10:48:47.399387,can_tapper31,"rgb(166,86,40)",500.0,470.0,503.0,6.0,90.0,93.75,0.4303290801460536,1500,23.35833333333333,0.0,431.0,431.0,1.0881,-37.30419580419581,8.0,2.090254,0.0058004640371229,0.0069605568445475,0.0064965197215777,3.5789473684210527,0.868186007824667,0.5000000000000782,2.976670296155813,0.7291446793095993,59.951602,119.917192,4287.022785,2159,325,477,60.0,120.0,1.427391,0.0,2.005879,1.427391,-2.005879,144.6079,0.4158932356227554,5000
367,2026-06-10 13:00:54.208750,can_tapper31,"rgb(247,129,191)",500.0,449.0,501.0,10.2,90.0,91.25,0.7112980939105188,1500,22.72,7.5,499.0,491.5,0.687406,-54.26732673267327,112.0,2.184424,0.007527975584944,0.0103763987792472,0.0077314343845371,7.991360691144709,1.0630291310501498,1.0000000000001563,3.2856717655465824,0.6589997996850145,59.981571,119.951479,7926.809363,2160,382,533,60.0,120.0,1.657031,0.0,1.998557,1.657031,-1.998557,142.4251,1.4262614887765124,5000
368,2026-06-10 13:59:05.459068,can_tapper31,"rgb(153,153,153)",500.0,459.0,504.0,8.200000000000001,89.0625,95.0,0.2530578902476524,1500,22.875,0.0,496.0,496.0,0.835099,-40.3581560283688,121.0,2.236451,0.00625,0.008266129032258,0.0070564516129032,4.602510460251046,0.5994296173120539,1.260000000000197,3.121898948392727,0.8061302904426761,59.980523,119.880398,3491.250318,2160,302,526,60.0,120.0,1.844705,0.0,-0.399524,1.844705,0.399524,142.38445,0.7245106490838698,5000
369,2026-06-10 15:48:11.670212,can_tapper31,"rgb(228,26,28)",499.0,456.0,500.0,8.617234468937877,87.00000000000001,90.0,0.3122223609876745,1500,22.225,8.0,499.0,491.0,0.894205,-48.45906432748538,8.0,2.301201,0.0081466395112016,0.0087576374745417,0.0083503054989816,11.899791231732776,0.9877548227991956,1.0000000000001563,4.985352797719637,0.6007614828771273,59.990019,119.849929,6546.211144,2159,393,553,60.0,120.0,1.542374,0.0,1.965156,1.542374,-1.965156,141.60715,1.093570096798309,5000
370,2026-06-10 17:14:25.135498,can_tapper31,"rgb(55,126,184)",505.0,452.0,507.0,10.495049504950495,96.25,98.75,0.8444181530740946,1500,21.975,3.0,495.0,492.0,0.8334,-27.387205387205388,6.0,2.234073,0.0087398373983739,0.0107723577235772,0.0091463414634146,9.090909090909092,0.872061123244058,1.0000000000001563,2.976670296155813,0.8143051278440596,59.908652,119.930528,5173.465286,2158,315,573,60.0,120.0,1.527398,0.0,2.097275,1.527398,-2.097275,143.8989,0.4761293204853825,5000
371,2026-06-10 18:53:55.884150,can_tapper31,"rgb(77,175,74)",500.0,449.0,501.0,10.2,90.0,91.25,0.5031646680732285,1500,20.95833333333333,0.0,497.0,497.0,0.567268,-45.304054054054056,8.0,2.661695,0.0070422535211267,0.0102615694164989,0.0072434607645875,6.748466257668712,0.9443888151534234,1.0000000000001563,2.419945418941404,0.7896626749274461,59.984879,119.927942,5970.748652,2159,389,566,60.0,120.0,1.250534,0.0,1.975174,1.250534,-1.975174,142.4024,0.2810071760767271,5000
372,2026-06-10 19:57:38.152978,can_tapper31,"rgb(152,78,163)",503.0,460.0,504.0,8.548707753479125,93.75,95.0,2.9232752156300525e-13,1500,20.648333333333333,0.0,497.0,497.0,0.86875,-38.869565217391305,72.0,2.371051,0.0062374245472837,0.0086519114688128,0.0062374245472837,12.629399585921323,0.570923271908731,1.5000000000002345,2.583718236095259,0.7959348291783463,59.841416,119.990485,3822.268828,2158,352,624,60.0,120.0,1.718124,0.0,2.002413,1.718124,-2.002413,143.05065,0.6379878393799688,5000
373,2026-06-10 20:46:33.913649,can_tapper31,"rgb(255,127,0)",500.0,455.0,501.0,9.0,90.0,91.25,1.0728449212640552,1500,20.166666666666668,13.0,497.0,484.0,0.944472,-33.68989547038328,14.0,2.946267,0.006198347107438,0.009297520661157,0.0064049586776859,6.382978723404255,0.774591151648573,0.5000000000000782,2.27471676670449,0.6462436290636284,59.987224,119.98765,2935.760671,2160,369,464,60.0,120.0,1.636199,0.0,2.000401,1.636199,-2.000401,143.27845,1.0140555996847016,5000
374,2026-06-10 20:51:45.208649,can_tapper31,"rgb(255,255,51)",508.0,469.0,512.0,7.677165354330709,100.0,100.0,2.8478323768137206,1500,20.125,0.0,437.0,437.0,1.093023,-21.93406593406593,8.0,2.096198,0.0082379862700228,0.0089244851258581,0.0091533180778032,3.734439834024896,0.6413860764974751,1.0000000000001563,2.419945418941404,0.772224342365453,59.899554,119.894999,311.295,2158,297,476,60.0,120.0,1.476492,0.0,1.99872,1.476492,-1.99872,143.39395,0.39239226781167974,5000
375,2026-06-10 22:35:38.383901,can_tapper31,"rgb(166,86,40)",499.0,441.0,500.0,11.623246492985972,87.00000000000001,90.0,4.1561676920411876e-14,1500,19.4875,8.5,500.0,491.5,1.196727,-45.26449275362319,142.0,2.201166,0.0077314343845371,0.0118006103763987,0.0079348931841302,10.261569416498991,0.913637728528236,1.5000000000002345,2.27471676670449,0.7894608532867999,59.951285,119.990847,6233.175252,2160,362,574,60.0,120.0,1.862353,0.0,2.000173,1.862353,-2.000173,142.5069,0.28921292990421754,5000
376,2026-06-11 00:02:10.788603,can_tapper31,"rgb(247,129,191)",497.0,457.0,500.0,8.048289738430583,81.00000000000004,90.0,4.1561676920411876e-14,1500,19.130000000000003,7.0,496.0,489.0,0.985032,-49.67279411764706,71.0,2.079878,0.0075664621676891,0.0081799591002044,0.0081799591002044,5.882352941176471,0.6775997724667553,0.7400000000001157,1.9029463547871976,0.5602320290817966,59.960394,119.951051,5192.404702,2160,296,737,60.0,120.0,1.463377,0.0,2.09953,1.463377,-2.09953,141.5657,1.5370771064609527,5000
377,2026-06-11 05:48:17.039525,can_tapper31,"rgb(153,153,153)",492.0,446.0,495.0,9.34959349593496,68.33333333333339,75.58333333333339,0.1565245140106445,1500,17.75,10.0,499.0,489.0,0.730721,-87.78153846153846,131.0,2.234424,0.0085889570552147,0.0094069529652351,0.00920245398773,14.04255319148936,0.8348872586401105,1.0000000000001563,3.470356641605033,0.5992530883964343,59.980001,119.862319,20766.250922,2159,486,683,60.0,120.0,1.65967,0.0,1.998099,1.65967,-1.998099,140.15575,0.9530929202984221,5000
378,2026-06-11 07:48:13.922497,can_tapper31,"rgb(228,26,28)",503.0,465.0,504.0,7.5546719681908545,93.75,95.0,2.9232752156300525e-13,1500,18.8,0.0,499.0,499.0,0.962694,-46.91025641025641,10.0,2.463801,0.0070140280561122,0.0076152304609218,0.0072144288577154,3.614457831325301,0.7095606973131097,1.0000000000001563,2.0171482422437275,0.6880455734332181,59.890399,119.941399,7196.882972,2158,436,561,60.0,120.0,1.550099,0.0,2.031575,1.550099,-2.031575,141.68105,1.0056891565667903,5000
379,2026-06-11 10:31:47.140160,can_tapper31,"rgb(55,126,184)",501.0,454.0,504.0,9.3812375249501,91.25,95.0,2.9232752156300525e-13,1500,19.54,7.0,495.0,488.0,0.863368,-34.89818181818182,10.0,2.362918,0.0086065573770491,0.0096311475409836,0.0092213114754098,4.57516339869281,0.6940410432797467,1.0000000000001563,2.565174071178317,0.8018275177075329,59.902705,119.99305,9813.217663,2159,402,430,60.0,120.0,1.838151,0.0,1.998076,1.838151,-1.998076,142.94215,0.5146784008207015,5000
380,2026-06-11 12:43:08.956730,can_tapper31,"rgb(77,175,74)",497.0,458.0,500.0,7.847082494969819,81.00000000000004,90.0,4.394481953102309,1500,21.363333333333333,9.0,500.0,491.0,0.853375,-72.37078651685393,11.0,2.25845,0.0057026476578411,0.0079429735234215,0.0063136456211812,9.01639344262295,0.8188084024715487,0.7600000000001188,2.0171482422437275,0.7347620276193512,59.962802,119.981098,7881.81657,2160,396,658,60.0,120.0,1.694121,0.0,2.0993,1.694121,-2.0993,141.4864,0.3225846434200351,5000
381,2026-06-11 13:10:48.715598,can_tapper31,"rgb(152,78,163)",515.0,475.0,520.0,7.766990291262135,100.0,100.0,6.350847267042428,1500,22.005000000000003,0.0,495.0,495.0,1.026824,-25.56554307116105,8.0,2.029244,0.0066666666666666,0.008080808080808,0.0076767676767676,5.394190871369295,0.9182629857775604,1.0000000000001563,10.218772413455682,0.5989112104115575,59.930474,119.906606,1659.758868,2158,363,589,60.0,120.0,1.681018,0.0,1.899401,1.681018,-1.899401,145.19335,1.217682153710622,5000
382,2026-06-11 13:55:05.301413,can_tapper31,"rgb(255,127,0)",501.0,463.0,504.0,7.584830339321358,91.25,95.0,0.5235646771393018,1500,22.14333333333333,0.0,497.0,497.0,1.062595,-44.60984848484848,8.0,2.063344,0.0058350100603621,0.007645875251509,0.0064386317907444,5.084745762711864,0.6324225131663392,0.7600000000001188,2.0171482422437275,0.6882204187565037,59.954398,119.921401,2656.585815,2158,339,604,60.0,120.0,1.7264,0.0,1.998801,1.7264,-1.998801,141.8387,0.815408050032235,5000
383,2026-06-11 15:41:17.525388,can_tapper31,"rgb(255,255,51)",496.0,449.0,499.0,9.475806451612904,78.00000000000004,87.00000000000001,8.843540243896139e-14,1500,22.595,0.0,497.0,497.0,0.717474,-68.82578397212544,12.0,2.21907,0.0084507042253521,0.0094567404426559,0.0090543259557344,11.11111111111111,0.6668828916896374,0.5000000000000782,2.27471676670449,0.7473911727460427,59.995673,119.882396,6372.223975,2159,424,578,60.0,120.0,1.564176,0.0,2.003925,1.564176,-2.003925,141.3469,0.5361136759818316,5000
384,2026-06-11 16:00:49.167509,can_tapper31,"rgb(166,86,40)",507.0,448.0,508.0,11.6370808678501,98.75,100.0,0.4175646300281897,1500,23.01666666666667,7.0,496.0,489.0,0.635776,-38.77377049180328,130.0,2.134868,0.0112474437627811,0.0120654396728016,0.0114519427402862,16.210526315789473,1.122638131539147,1.2400000000001938,2.27471676670449,0.6849681593350108,59.903125,119.966701,1171.642121,2158,388,593,60.0,120.0,1.542026,0.0,2.097727,1.542026,-2.097727,141.80355,1.240756943586683,5000
385,2026-06-11 16:11:35.011101,can_tapper31,"rgb(247,129,191)",512.0,467.0,515.0,8.7890625,100.0,100.0,5.101202267199876,1500,23.155,8.0,497.0,489.0,0.931456,-30.776666666666667,10.0,2.334774,0.0087934560327198,0.00920245398773,0.0094069529652351,12.653061224489797,0.8907416226597503,1.0000000000001563,21.62702219152396,0.5570551854876051,59.952941,119.965931,645.843592,2159,368,472,60.0,120.0,1.817927,0.0,1.960284,1.817927,-1.960284,143.1911,1.3648272200788487,5000
386,2026-06-11 19:18:32.190916,can_tapper31,"rgb(153,153,153)",495.5,457.0,497.0,7.769929364278506,76.75000000000003,81.00000000000004,8.843540243896139e-14,1500,21.10833333333333,8.0,497.0,489.0,0.860721,-72.20618556701031,124.0,2.261999,0.0061349693251533,0.0078732106339468,0.0061349693251533,7.0663811563169165,0.8158215651525609,1.0000000000001563,3.2620894576029285,0.5167881969063652,59.960891,119.905866,11217.179815,2159,425,721,60.0,120.0,1.827717,0.0,1.897924,1.827717,-1.897924,140.9105,1.7907138468265413,5000
387,2026-06-11 19:36:33.178509,can_tapper31,"rgb(228,26,28)",504.0,460.0,507.0,8.73015873015873,95.0,98.75,1.438613972717424,1500,21.20833333333333,8.0,497.0,489.0,0.638375,-46.81347150259067,10.0,2.63787,0.0069529652351738,0.0089979550102249,0.0075664621676891,7.23404255319149,0.8665621694504371,1.0000000000001563,60.79310154365427,0.1818533870590962,59.878624,119.966926,1080.987593,2007,211,311,60.0,120.0,1.474476,0.0,2.098926,1.474476,-2.098926,139.02273221666303,5.631029782046986,4597
388,2026-06-11 19:38:52.973161,can_tapper31,"rgb(55,126,184)",516.0,515.0,516.0,0.1937984496124031,100.0,100.0,3.8480017102227535,1500,21.2,0.0,-5.0,5.0,0.331193,-5.046511627906977,-3.0,,,0.02,,0.5825242718446602,0.1776699029126213,0.0200000000000031,23.735933194572183,0.1203505946355831,48.355916,119.961849,139.794652,2025,168,412,60.0,120.0,1.833173,0.0,2.004823,1.833173,-2.004823,128.091,0.21812500017927736,5000
389,2026-06-11 20:23:09.454026,can_tapper31,"rgb(77,175,74)",505.0,461.0,508.0,8.712871287128712,96.25,100.0,0.5777780345680245,1500,20.95,0.0,-7.0,7.0,0.349307,-5.675824175824176,-4.0,,,0.6285714285714286,0.0428571428571428,4.838709677419355,0.7483579261715994,1.0000000000001563,2.27471676670449,0.7398893973656233,59.900302,119.967347,2656.480865,2159,197,658,60.0,120.0,1.698992,0.0,2.02635,1.698992,-2.02635,142.06645,0.5479570684734437,5000
390,2026-06-11 20:40:29.607747,can_tapper31,"rgb(152,78,163)",504.0,460.0,505.0,8.73015873015873,95.0,96.25,3.272597010042773,1500,20.92,-6.0,-7.0,1.0,0.322403,-5.854430379746836,-4.0,,,4.4,0.1,8.264462809917354,0.699978054441591,1.0000000000001563,2.27471676670449,0.8273980666358542,59.924151,119.935005,1040.153721,2159,168,673,60.0,120.0,1.724048,0.0,1.997697,1.724048,-1.997697,141.70035,0.409763295930445,5000
391,2026-06-11 21:10:52.466438,can_tapper31,"rgb(255,127,0)",504.0,464.0,507.0,7.936507936507936,95.0,98.75,2.9232752156300525e-13,1500,20.73333333333333,-4.0,-6.0,2.0,0.357694,-6.238866396761134,-4.0,,,2.0,0.15,6.329113924050633,0.5349750561255947,1.5000000000002345,2.583718236095259,0.7136267451502634,59.957733,119.960376,1822.858691,2160,290,676,60.0,120.0,1.855131,0.0,2.003375,1.855131,-2.003375,143.1446,1.1591848782296732,5000
392,2026-06-11 21:28:31.720532,can_tapper31,"rgb(255,255,51)",504.0,466.0,508.0,7.5396825396825395,95.0,100.0,1.6527483802237072e-14,1500,20.6,-6.0,-5.0,1.0,1.576378,-5.985294117647059,-4.0,,3.2,3.8,3.6,4.421052631578948,0.7508087696306021,1.0000000000001563,3.705217345187708,0.5331834294088771,59.895422,119.937402,1059.254094,2158,214,472,60.0,120.0,1.673883,0.0,1.898548,1.673883,-1.898548,143.62495,1.02576090517597,5000
393,2026-06-12 05:05:51.814280,can_tapper31,"rgb(166,86,40)",488.0,446.0,491.0,8.60655737704918,60.0,66.25000000000003,0.1340000595554711,1500,17.593333333333334,0.0,-4.0,4.0,0.313325,-8.595555555555556,-2.0,,,1.05,0.075,5.217391304347826,0.8922594613748416,0.7400000000001157,4.976713576127057,0.592275153434439,59.993826,119.979225,27440.093748,2160,291,626,60.0,120.0,1.788461,0.0,2.043084,1.788461,-2.043084,140.48965,0.9241488991160862,5000
394,2026-06-12 07:56:36.737491,can_tapper31,"rgb(247,129,191)",504.0,456.0,507.0,9.523809523809524,95.0,98.75,1.441920640853173,1500,19.789285714285715,-5.0,0.0,5.0,0.483075,-6.169117647058823,-4.0,,0.56,0.96,0.6200000000000001,9.243697478991596,1.3498414186876984,1.0000000000001563,2.565174071178317,0.7743330579951185,59.918725,119.925425,10244.923211,2158,285,513,60.0,120.0,1.68107,0.0,2.108901,1.68107,-2.108901,142.8853,0.27001572490941433,5000
395,2026-06-12 09:53:43.790138,can_tapper31,"rgb(153,153,153)",500.0,456.0,503.0,8.799999999999999,90.0,93.75,2.9232752156300525e-13,1500,19.05,-4.0,-2.0,2.0,0.818892,-6.46,-2.0,,1.55,2.2,1.7000000000000002,7.462686567164179,0.9837613727026714,0.5000000000000782,2.565174071178317,0.6913945918231839,59.961674,119.95477,7027.052647,2160,312,547,60.0,120.0,1.68562,0.0,1.900005,1.68562,-1.900005,141.39855,0.7098564479775163,5000
396,2026-06-12 10:17:01.882457,can_tapper31,"rgb(228,26,28)",504.0,455.0,505.0,9.722222222222223,95.0,96.25,2.9232752156300525e-13,1500,19.241666666666667,-4.0,-6.0,2.0,1.361497,-5.351020408163265,2.0,104.430569,1.35,2.45,1.4,9.894736842105264,0.9813531831710368,0.7600000000001188,6.092879529728012,0.6589384570878813,59.906947,119.947851,1398.092319,2158,258,569,60.0,120.0,1.573801,0.0,2.098228,1.573801,-2.098228,143.1264,0.8710911547939155,5000
397,2026-06-12 13:56:21.288258,can_tapper31,"rgb(55,126,184)",496.0,446.0,497.0,10.080645161290322,78.00000000000004,81.00000000000004,1.6238762772781925,1500,19.03833333333333,0.0,9.0,9.0,0.487275,-8.518987341772151,-4.0,,0.2111111111111111,0.5555555555555556,0.2222222222222222,11.83673469387755,1.8358457228096297,1.0000000000001563,2.27471676670449,0.4444263281263342,59.9766,119.992526,13159.405801,2160,248,548,60.0,120.0,1.613576,0.0,2.100526,1.613576,-2.100526,140.4362,2.0723811214886423,5000
398,2026-06-12 19:12:09.857535,can_tapper31,"rgb(77,175,74)",492.0,453.0,495.0,7.926829268292683,68.33333333333339,75.58333333333339,8.843540243896139e-14,1500,19.008333333333333,0.0,-5.0,5.0,1.967551,-8.395555555555555,-3.0,,0.18,0.78,0.24,4.535637149028077,0.8094796890173283,0.5000000000000782,2.0171482422437275,0.4349110914348436,59.953258,119.851604,18948.569277,2158,226,783,60.0,120.0,1.527376,0.0,1.900125,1.527376,-1.900125,138.8067,1.795203236664933,5000
399,2026-06-12 20:25:50.606670,can_tapper31,"rgb(152,78,163)",501.0,456.0,504.0,8.982035928143713,91.25,95.0,2.9232752156300525e-13,1500,19.73333333333333,0.0,-6.0,6.0,1.5736,-6.241877256317689,-4.0,,0.5166666666666666,0.7499999999999999,0.5666666666666667,5.660377358490566,0.8297511717274471,1.5000000000002345,2.27471676670449,0.5717580935069861,59.981225,119.888452,4420.749135,2160,288,656,60.0,120.0,1.659974,0.0,1.898349,1.659974,-1.898349,142.1977,2.101588219563708,5000
400,2026-06-12 20:50:06.786990,can_tapper31,"rgb(255,127,0)",507.0,462.0,508.0,8.875739644970414,98.75,100.0,1.695076308922383,1500,19.85,0.0,-6.0,6.0,0.418999,-6.763713080168777,-4.0,,,0.7499999999999999,0.0166666666666666,5.756929637526652,0.8505108777113186,1.0000000000001563,2.0171482422437275,0.2223096608349556,59.929976,119.942223,1456.18032,2159,244,585,60.0,120.0,1.701052,0.0,2.098472,1.701052,-2.098472,141.44335,4.212063220420046,5000
401,2026-06-12 20:52:14.890688,can_tapper31,"rgb(255,255,51)",515.0,466.0,523.0,9.514563106796116,100.0,100.0,72.80234346769677,1500,18.1,-5.0,-7.0,2.0,0.891375,-5.927710843373494,-2.0,,0.95,2.45,1.35,7.246376811594203,0.8075097936974027,1.0000000000001563,2.565174071178317,0.6532049957456858,59.994249,119.900753,128.103698,2159,347,750,60.0,120.0,1.535725,0.0,2.098525,1.535725,-2.098525,143.4875,0.6456795880511851,5000
402,2026-06-12 21:03:20.048336,can_tapper31,"rgb(166,86,40)",505.0,462.0,508.0,8.514851485148515,96.25,100.0,1.6527483802237072e-14,1500,20.041666666666664,-5.0,-4.0,1.0,0.474923,-6.615916955017301,-4.0,,0.6,4.3,0.8999999999999999,7.112970711297071,0.7168170633703043,1.0000000000001563,3.913484529189812,0.5256524546176411,59.974351,119.926451,665.157648,2159,300,616,60.0,120.0,1.560218,0.0,2.100282,1.560218,-2.100282,143.08515,0.9117857468450333,5000
403,2026-06-12 21:37:33.259548,can_tapper31,"rgb(247,129,191)",505.0,460.0,508.0,8.91089108910891,96.25,100.0,1.8464452650858365,1500,20.125,0.0,-7.0,7.0,1.422932,-6.177777777777778,-4.0,,0.3999999999999999,0.6428571428571428,0.4428571428571429,8.264462809917354,0.8559322202619071,1.0000000000001563,2.0171482422437275,0.7765597099550123,59.923945,119.98231,2053.211212,2159,271,524,60.0,120.0,1.564473,0.0,1.997881,1.564473,-1.997881,141.836,0.5301039539944613,5000
404,2026-06-12 21:52:00.719875,can_tapper31,"rgb(153,153,153)",503.0,455.0,504.0,9.542743538767397,93.75,95.0,2.9232752156300525e-13,1500,20.25,-6.0,1.0,7.0,0.716775,-5.859030837004405,0.0,,0.6857142857142857,0.6857142857142857,0.7000000000000001,12.065439672801636,0.8640747646367848,1.5000000000002345,2.565174071178317,0.7794162362132637,59.989424,119.96075,867.460327,2160,242,571,60.0,120.0,1.7371,0.0,1.898699,1.7371,-1.898699,141.97385,0.5635531882077498,5000
405,2026-06-13 16:23:00.480395,can_tapper31,"rgb(228,26,28)",500.0,456.0,500.0,8.799999999999999,90.0,90.0,25.951557093421844,289,16.7,0.0,444.0,444.0,0.522414,-9.996699669966995,17.0,2.03255,0.0036036036036036,0.0099099099099099,0.0036036036036036,9.322033898305085,1.0108818054962028,0.5000000000000782,19.928144584348523,0.7774894184656821,8.790845,119.806094,66659.76052,1545,323,568,60.0,120.0,1.72013,0.0,1.917075,1.72013,-1.917075,142.03335,4.479574599805111,5000
406,2026-06-13 17:36:59.718993,can_tapper31,"rgb(55,126,184)",496.0,457.0,500.0,7.862903225806452,78.00000000000004,90.0,3.5364549050902734,1500,15.725,13.0,287.0,274.0,1.535422,-21.986206896551725,151.0,2.03694,0.0127737226277372,0.0142335766423357,0.0142335766423357,6.418219461697722,0.62712029983502,1.260000000000197,3.913484529189812,0.7863191169669481,59.759631,119.8228,4439.238598,2157,427,416,60.0,120.0,1.556772,0.0,1.997651,1.556772,-1.997651,142.93545,0.9197227709999041,5000
407,2026-06-13 19:28:06.289819,can_tapper31,"rgb(77,175,74)",495.0,441.0,499.0,10.909090909090908,75.58333333333339,87.00000000000001,3.135432504635838,1500,16.564285714285713,9.0,473.0,464.0,1.149951,-41.685483870967744,138.0,2.141997,0.0094827586206896,0.0116379310344827,0.0103448275862068,10.13215859030837,1.2627111576005443,1.0000000000001563,1.7887444673306678,0.3743587774565682,59.9752,119.873047,6666.570826,2159,283,447,60.0,120.0,1.888946,0.0,1.96607,1.888946,-1.96607,140.04155,2.8787442629046125,5000
408,2026-06-13 19:30:55.621818,can_tapper31,"rgb(152,78,163)",508.0,458.0,516.0,9.84251968503937,100.0,100.0,10.802484801102848,1500,16.666666666666668,0.0,267.0,267.0,1.350124,-36.28767123287671,17.0,42.378092,0.0138576779026217,0.0187265917602996,0.0168539325842696,10.655737704918034,1.179166725504093,1.0000000000001563,119.99999999999996,0.510713580597935,59.960201,119.983549,169.331999,2159,202,330,60.0,120.0,1.533792,0.0,-2.104299,1.533792,2.104299,132.61295,5.593224618216708,5000
409,2026-06-13 21:00:33.836446,can_tapper31,"rgb(255,127,0)",493.0,438.0,496.0,11.156186612576064,70.75000000000004,78.00000000000004,1.6486673994074024,1500,16.925,0.0,466.0,466.0,1.118356,-57.2,136.0,2.123469,0.0087982832618025,0.0118025751072961,0.0094420600858369,16.379310344827587,1.19574705428798,1.0000000000001563,2.27471676670449,0.757876587315329,59.995628,119.944025,5378.214628,2159,326,737,60.0,120.0,1.637674,0.0,3.6263,1.637674,-3.6263,141.6464,0.46985230896356656,5000
410,2026-06-13 22:04:27.936808,can_tapper31,"rgb(255,255,51)",499.0,453.0,500.0,9.218436873747494,87.00000000000001,90.0,4.1561676920411876e-14,1500,17.4,0.0,319.0,319.0,1.270316,-42.56317689530686,10.0,2.367627,0.0128526645768025,0.0144200626959247,0.0131661442006269,8.176100628930818,0.824072356949499,1.5000000000002345,2.27471676670449,0.7707100154014264,59.904708,119.956923,3834.100362,2159,330,624,60.0,120.0,1.798971,0.0,1.898299,1.798971,-1.898299,142.1774,0.39352282277213313,5000
411,2026-06-13 22:37:14.987099,can_tapper31,"rgb(166,86,40)",504.0,454.0,508.0,9.92063492063492,95.0,100.0,3.671112742715644,1500,17.81,8.0,498.0,490.0,0.682226,-25.59649122807017,91.0,2.28213,0.0065306122448979,0.010204081632653,0.0073469387755102,7.627118644067797,0.8914994550752738,1.0000000000001563,119.99999999999996,0.4547767797656162,59.904475,119.969151,1967.050291,2160,237,444,60.0,120.0,1.70748,0.0,2.001394,1.70748,-2.001394,133.905,6.15446589803691,5000
412,2026-06-13 22:47:07.300198,can_tapper31,"rgb(247,129,191)",504.0,453.0,507.0,10.11904761904762,95.0,98.75,1.5388806839466522,1500,17.925,0.0,499.0,499.0,0.873321,-24.08130081300813,22.0,2.372175,0.0090180360721442,0.0102204408817635,0.0096192384769539,5.906313645621181,0.9581286593879677,1.0000000000001563,119.99999999999996,0.2664716299379843,59.905524,111.129121,592.313099,2053,274,326,60.0,120.0,1.697704,0.0,1.998225,1.697704,-1.998225,136.16308335031587,5.665165945257043,4907
413,2026-06-13 23:00:01.368435,can_tapper31,"rgb(153,153,153)",504.0,481.0,508.0,4.563492063492063,95.0,100.0,1.9636986505321825,1500,18.0125,0.0,240.0,240.0,1.028428,-21.211469534050178,8.0,2.528106,0.0095833333333333,0.0095833333333333,0.01125,0.7936507936507936,0.2850170598698726,0.0200000000000031,2.892719705486028,0.7768588819905684,50.705998,119.898583,774.068237,2049,350,520,60.0,120.0,1.32011,0.0,2.096131,1.32011,-2.096131,140.871,0.3500835781672389,5000
414,2026-06-13 23:22:11.680320,can_tapper31,"rgb(228,26,28)",497.0,454.0,500.0,8.651911468812877,81.00000000000004,90.0,1.1514316228581014,1500,18.125,15.0,499.0,484.0,0.583689,-45.28252788104089,17.0,2.083512,0.0070247933884297,0.0088842975206611,0.0074380165289256,8.387096774193548,1.0014346268191503,1.0000000000001563,1.9029463547871976,0.7052059216044988,59.983679,119.988863,1330.311885,2160,333,605,60.0,120.0,1.330985,0.0,-1.810287,1.330985,1.810287,141.6415,0.49300239377915994,5000
415,2026-06-14 07:42:44.343058,can_tapper31,"rgb(55,126,184)",493.0,446.0,496.0,9.533468559837727,70.75000000000004,78.00000000000004,0.5725691433638374,1500,17.041666666666668,11.0,314.0,303.0,1.300274,-47.396103896103895,133.0,2.300725,0.0105610561056105,0.0155115511551155,0.0115511551155115,9.554140127388536,1.0458317720403192,0.5000000000000782,3.678623825607137,0.7342843004154606,59.950752,119.9187,30032.662738,2159,460,566,60.0,120.0,1.739223,0.0,1.93895,1.739223,-1.93895,141.4503,1.5341204695599964,5000
416,2026-06-14 10:44:08.949916,can_tapper31,"rgb(77,175,74)",503.0,457.0,504.0,9.145129224652088,93.75,95.0,0.021608898493484,1500,18.025,0.0,492.0,492.0,1.091175,-29.715254237288136,12.0,2.0924,0.0060975609756097,0.0093495934959349,0.00630081300813,6.13107822410148,0.8183160681293941,1.0000000000001563,2.27471676670449,0.773740347231812,59.88883,119.904051,10884.606858,2158,322,741,60.0,120.0,1.553074,0.0,2.002452,1.553074,-2.002452,142.845,0.32557057489871494,5000
417,2026-06-14 13:25:14.984453,can_tapper31,"rgb(152,78,163)",500.0,443.0,503.0,11.4,90.0,93.75,1.4764273228557507,1500,18.5875,0.0,497.0,497.0,0.67688,-29.363036303630363,178.0,2.084999,0.0092555331991951,0.0114688128772635,0.0098591549295774,10.13215859030837,0.7601853333490276,1.0000000000001563,2.27471676670449,0.71782037984346,59.973056,119.853899,9666.034537,2158,364,691,60.0,120.0,1.64775,0.0,2.099031,1.64775,-2.099031,143.21765,1.04692893241994,5000
418,2026-06-14 14:50:06.206308,can_tapper31,"rgb(255,127,0)",500.0,439.0,503.0,12.2,90.0,93.75,2.0404364624154563,1500,18.5375,0.0,497.0,497.0,1.044573,-26.557620817843866,111.0,2.049793,0.0074446680080482,0.0122736418511066,0.0080482897384305,17.419354838709676,1.5467033665043244,1.5000000000002345,2.27471676670449,0.8018654294212275,59.972423,119.8734,5091.221855,2159,413,771,60.0,120.0,1.527949,0.0,-2.00812,1.527949,2.00812,143.5018,0.42137545188870973,5000
419,2026-06-14 16:45:40.683457,can_tapper31,"rgb(255,255,51)",499.0,457.0,503.0,8.41683366733467,87.00000000000001,93.75,2.8735657215840047,1500,18.875,0.0,495.0,495.0,1.066303,-33.07017543859649,10.0,2.076223,0.0076767676767676,0.0084848484848484,0.0084848484848484,4.862579281183932,0.7973619396190256,1.0000000000001563,2.0171482422437275,0.7802415268042321,59.999848,119.944055,6934.477149,2159,356,655,60.0,120.0,1.716273,0.0,1.99795,1.716273,-1.99795,143.69445,0.4124144937351922,5000
420,2026-06-14 17:06:46.402655,can_tapper31,"rgb(166,86,40)",500.0,454.0,503.0,9.2,90.0,93.75,2.9186679638513726,1500,19.14166666666667,8.0,497.0,489.0,0.855022,-30.8102766798419,129.0,2.356899,0.0067484662576687,0.0094069529652351,0.007361963190184,7.0663811563169165,0.6775030906843772,1.5000000000002345,2.27471676670449,0.778208799217077,59.928024,119.889123,1265.719198,2158,346,610,60.0,120.0,1.961847,0.0,2.001993,1.961847,-2.001993,144.3087,0.3365292860835127,5000
421,2026-06-14 17:44:51.579994,can_tapper31,"rgb(247,129,191)",500.0,456.0,504.0,8.799999999999999,90.0,95.0,4.067948474642579,1500,19.258333333333333,0.0,495.0,495.0,1.023779,-26.358267716535437,18.0,2.028448,0.0064646464646464,0.0088888888888888,0.0072727272727272,3.4782608695652173,0.4510827332281094,1.0000000000001563,3.705217345187708,0.830336687106024,59.819627,119.783426,2285.177339,2157,356,676,60.0,120.0,1.625451,0.0,2.09737,1.625451,-2.09737,144.7615,0.6342501120541635,5000
422,2026-06-14 17:56:16.296670,can_tapper31,"rgb(153,153,153)",499.0,455.0,500.0,8.817635270541082,87.00000000000001,90.0,0.8378937057306366,1500,19.289285714285715,0.0,291.0,291.0,1.466724,-29.065693430656932,12.0,2.065119,0.0123711340206185,0.0151202749140893,0.0127147766323024,5.737704918032787,0.7311471297425096,1.0000000000001563,2.27471676670449,0.787371365760663,59.894825,119.986103,684.716676,2160,394,423,60.0,120.0,1.751173,0.0,1.898927,1.751173,-1.898927,144.58725,0.3534471990050075,5000
423,2026-07-01 10:33:52.316871,can_tapper31,"rgb(228,26,28)",496.0,451.0,496.0,9.07258064516129,78.00000000000004,78.00000000000004,4.446081976035972,1500,20.475,14.0,282.0,268.0,1.466822,-22.5387323943662,18.0,2.063126,0.0123134328358208,0.0167910447761194,0.0123134328358208,8.786610878661088,0.7666851556183787,1.0000000000001563,3.470356641605033,0.8139744699530136,59.920168,119.895874,1442256.020201,2160,385,488,60.0,120.0,1.563056,0.0,2.10175,1.563056,-2.10175,143.3487,0.7676921129174568,5000
424,2026-07-01 11:01:09.536434,can_tapper31,"rgb(55,126,184)",495.0,454.0,499.0,8.282828282828284,75.58333333333339,87.00000000000001,2.2099476488653744,1500,20.64333333333333,9.5,499.0,489.5,0.888461,-31.145762711864407,62.0,2.296986,0.0063329928498467,0.0083758937691521,0.0071501532175689,2.586206896551724,0.7583346839431189,1.5200000000002376,2.27471676670449,0.8409671477431575,59.955737,119.883281,1637.219563,2160,406,388,60.0,120.0,1.757761,0.0,1.998756,1.757761,-1.998756,142.74505,0.39783118458731237,5000
425,2026-07-01 12:00:19.797607,can_tapper31,"rgb(77,175,74)",496.0,440.0,499.0,11.29032258064516,78.00000000000004,87.00000000000001,3.3640814951467526,1500,20.90833333333333,11.5,499.0,487.5,0.672592,-39.69444444444444,12.0,2.17517,0.0092307692307692,0.0114871794871794,0.0098461538461538,11.01511879049676,0.725432745505808,1.0000000000001563,2.0171482422437275,0.8309585503557352,59.800156,119.997194,3550.261173,2159,392,559,60.0,120.0,1.267994,0.0,1.900595,1.267994,-1.900595,142.26515,0.2755869502234551,5000
426,2026-07-02 08:28:50.719660,can_tapper31,"rgb(152,78,163)",496.0,440.0,500.0,11.29032258064516,78.00000000000004,90.0,4.040001795555616,1500,19.739285714285717,0.0,495.0,495.0,1.161348,-23.05090909090909,141.0,2.161451,0.0074747474747474,0.0113131313131313,0.0082828282828282,6.804123711340206,0.8257851192689013,1.0000000000001563,3.705217345187708,0.826939855466594,59.797571,119.820474,73710.922053,2157,376,656,60.0,120.0,1.896402,0.0,1.943099,1.896402,-1.943099,143.69315,0.8943939655505742,5000
427,2026-07-02 10:54:55.559904,can_tapper31,"rgb(255,127,0)",495.0,447.0,499.0,9.696969696969695,75.58333333333339,87.00000000000001,4.774508788669504,1500,20.06666666666667,11.5,499.0,487.5,0.650109,-48.60967741935484,140.0,2.150678,0.0047179487179487,0.0098461538461538,0.0053333333333333,8.061002178649238,0.8374676047237097,1.2400000000001938,2.27471676670449,0.8102557991689057,59.946023,119.968446,8764.840244,2160,411,579,60.0,120.0,1.871676,0.0,1.907998,1.871676,-1.907998,141.7624,0.15264632383406884,5000
428,2026-07-02 12:28:58.908138,can_tapper31,"rgb(255,255,51)",495.0,443.0,497.0,10.505050505050503,75.58333333333339,81.00000000000004,3.9251573000690856,1500,20.89166666666667,11.0,499.0,488.0,0.856771,-49.16891891891892,133.0,2.259245,0.0094262295081967,0.010655737704918,0.0098360655737704,9.168443496801704,1.0976244702475162,1.0000000000001563,2.27471676670449,0.8163416978011562,59.989354,119.971571,5643.348234,2160,382,619,60.0,120.0,1.801075,0.0,2.100714,1.801075,-2.100714,142.8875,0.771370697233629,5000
429,2026-07-02 12:49:42.096698,can_tapper31,"rgb(166,86,40)",492.0,447.0,495.0,9.146341463414634,68.33333333333339,75.58333333333339,3.053121356942268,1500,21.21666666666667,0.0,499.0,499.0,1.045333,-59.13382899628253,17.0,2.044207,0.0084168336673346,0.0090180360721442,0.0090180360721442,11.11111111111111,1.1442329378905949,1.0000000000001563,2.27471676670449,0.7791288380942419,59.876414,119.967081,1243.18856,2159,367,497,60.0,120.0,1.761408,0.0,1.996231,1.761408,-1.996231,142.27765,0.41247060974175925,5000
430,2026-07-02 15:36:07.663928,can_tapper31,"rgb(247,129,191)",496.0,448.0,499.0,9.67741935483871,78.00000000000004,87.00000000000001,8.843540243896139e-14,1500,22.45,10.0,287.0,277.0,1.437925,-45.38566552901024,9.0,2.036329,0.0097472924187725,0.0173285198555956,0.0108303249097472,12.605042016806722,1.2428477135619418,1.0000000000001563,3.705217345187708,0.849656023152687,59.974576,119.892977,9985.56723,2159,394,619,60.0,120.0,1.73375,0.0,2.0985,1.73375,-2.0985,143.71175,0.6691703783784204,5000
431,2026-07-02 15:43:25.287684,can_tapper31,"rgb(153,153,153)",508.0,447.0,509.0,12.007874015748031,100.0,100.0,4.635699838088154,1500,24.34,7.0,498.0,491.0,0.669367,-38.74652777777778,127.0,2.170245,0.0077393075356415,0.0124236252545824,0.0079429735234215,7.23404255319149,1.030849571276623,1.5000000000002345,2.145932504474109,0.8264554382839859,59.958551,119.87744,437.623756,2159,314,429,60.0,120.0,1.577598,0.0,1.904416,1.577598,-1.904416,143.7985,0.2763386013652696,5000
432,2026-07-03 07:34:17.498205,can_tapper31,"rgb(228,26,28)",501.0,467.0,504.0,6.786427145708583,91.25,95.0,3.709050220677275,259,22.875,7.0,310.0,303.0,1.028495,-22.072916666666668,75.0,2.128799,0.0092409240924092,0.0112211221122112,0.0102310231023102,4.259634888438134,0.5160288161357467,0.7600000000001188,3.913484529189812,0.7913463973195701,8.200061,119.880798,57052.210521,1539,311,493,60.0,120.0,1.856819,0.0,2.11337,1.856819,-2.11337,143.28995,0.2985537210702022,5000
433,2026-07-03 09:16:29.705779,can_tapper31,"rgb(55,126,184)",503.0,453.0,504.0,9.940357852882704,93.75000000000004,95.0,0.9220004097776252,1500,22.756666666666668,10.5,497.0,486.5,0.819647,-29.158620689655173,498.0,2.324723,0.0050359712230215,0.0102774922918807,0.0051387461459403,10.655737704918034,0.961024576317426,1.5200000000002376,1.5862030873085784,0.2039592195702962,59.935702,119.983201,6132.207574,2159,350,400,60.0,120.0,1.742645,0.0,2.097051,1.742645,-2.097051,138.3658,4.62303632399421,5000
434,2026-07-03 09:18:06.974705,can_tapper31,"rgb(77,175,74)",520.0,468.0,532.0,10.0,100.0,100.0,56.93336752593196,1500,22.805,9.0,498.0,489.0,0.907145,-23.416184971098264,14.0,3.408274,0.0094069529652351,0.0106339468302658,0.0118609406952965,6.995884773662551,0.8124727727213599,1.0000000000001563,119.99999999999996,0.5650269794012421,59.923706,119.9799,97.268926,2159,310,416,60.0,120.0,1.557995,0.0,1.99812,1.557995,-1.99812,132.4421,4.716603318000315,5000
435,2026-07-03 11:20:26.981457,can_tapper31,"rgb(152,78,163)",500.0,472.0,503.0,5.6000000000000005,90.0,93.75,8.940080371356576,694,25.1,8.0,426.0,418.0,0.813619,-25.763698630136982,27.0,2.214405,0.0066985645933014,0.0066985645933014,0.0074162679425837,1.214574898785425,0.274344477209234,0.5000000000000782,2.9136317643906224,0.6406442713250218,16.906807,119.94613,7340.006752,1644,332,608,60.0,120.0,1.56313,0.0,-2.106646,1.56313,2.106646,140.0279,0.6565118365712557,5000
436,2026-07-03 11:22:39.726437,can_tapper31,"rgb(255,127,0)",519.0,467.0,563.0,10.01926782273603,100.0,100.0,47.59142559618151,1500,22.55,0.0,280.0,280.0,1.552242,-27.09765625,149.0,2.05142,0.0132142857142857,0.0185714285714285,0.0289285714285714,8.829568788501026,0.6358969040070719,1.0000000000001563,1.801675664776153,0.6658167794143757,59.868555,119.945448,132.74498,2158,387,853,60.0,120.0,1.583682,0.0,-0.078901,1.583682,0.078901,140.84915,0.34169449589651113,5000
437,2026-07-09 12:55:08.867734,can_tapper31,"rgb(255,255,51)",499.0,448.0,503.0,10.220440881763528,87.00000000000001,93.75,1.2790316795693246,1500,21.235,0.0,286.0,286.0,1.219776,-23.92333333333333,15.0,2.319177,0.0122377622377622,0.0178321678321678,0.0136363636363636,5.726872246696035,0.238109352813729,0.7600000000001188,3.2620894576029285,0.7745175280836996,59.971156,119.863854,523949.141297,2160,414,529,60.0,120.0,1.65422,0.0,-2.106055,1.65422,2.106055,142.1187,0.8166815191620608,5000
438,2026-07-09 14:12:00.391889,can_tapper31,"rgb(166,86,40)",495.0,455.0,500.0,8.080808080808081,75.58333333333339,90.0,2.673530077123996,1500,21.416666666666668,16.0,494.0,478.0,0.983103,-33.36434108527132,124.0,6.585677,0.005439330543933,0.00836820083682,0.0064853556485355,4.904051172707889,0.9502050220908808,0.5000000000000782,1.7887444673306678,0.7167520580657962,60.000072,119.931103,4611.524155,2159,337,594,60.0,120.0,1.474377,0.0,-1.906978,1.474377,1.906978,140.86615,0.3851965118881001,5000
439,2026-07-09 14:53:20.222532,can_tapper31,"rgb(247,129,191)",495.0,457.0,500.0,7.6767676767676765,75.58333333333339,90.0,4.026401789511388,1500,21.71666666666667,0.0,498.0,498.0,1.010744,-32.34013605442177,148.0,2.007502,0.0064257028112449,0.0076305220883534,0.007429718875502,4.761904761904762,0.8904167206920911,1.0000000000001563,1.7887444673306678,0.7297241525949658,59.969824,119.949652,2479.830643,2159,339,504,60.0,120.0,1.7397,0.0,-2.00192,1.7397,2.00192,142.3341,0.2762561374715805,5000
0,2025-11-05 12:00:45.646777,can_tapper32,"rgb(228,26,28)",532.0,492.0,536.0,7.518796992481203,100.0,100.0,9.82324019686355,1031,12.175,15.0,282.0,267.0,1.040525,-3.264705882352941,69.0,2.039448,0.0119850187265917,0.0149812734082397,0.0134831460674157,6.986027944111776,0.9665394887161772,1.5000000000002345,2.892719705486028,0.7239170859939565,23.645138,119.935264,,1725,348,482,60.0,120.0,1.449198,0.0,0.312125,1.449198,-0.312125,141.99645,0.2227326187695361,5000
1,2025-11-05 12:10:30.418556,can_tapper32,"rgb(55,126,184)",525.0,475.0,528.0,9.523809523809524,100.0,100.0,8.489072453343095,1183,12.2,12.0,460.0,448.0,0.445675,-6.774193548387097,20.0,2.444125,0.0042410714285714,0.0111607142857142,0.0049107142857142,8.94308943089431,1.2073895216075288,0.7600000000001188,2.27471676670449,0.2828883513273666,26.679802,93.157975,584.771779,1440,261,318,60.0,120.0,1.691068,0.0,0.3351,1.691068,-0.3351,139.83158682634732,3.7187033971228023,4008
2,2025-11-05 12:18:54.949750,can_tapper32,"rgb(77,175,74)",517.0,489.0,521.0,5.415860735009671,100.0,100.0,6.193041038061985,1067,,12.0,332.0,320.0,0.923899,-6.282392026578073,7.0,2.0217,0.0071874999999999,0.0087499999999999,0.0084375,3.643724696356276,0.6598561026956593,0.5200000000000813,3.470356641605033,0.7438232927029746,24.345894,119.979295,504.531194,1734,333,344,60.0,120.0,1.577126,0.0,0.3038,1.577126,-0.3038,143.0155,0.5330962280090867,5000
3,2025-11-05 15:42:49.527114,can_tapper32,"rgb(152,78,163)",500.0,469.0,504.0,6.2,90.0,95.0,4.8282599236699415,1500,14.95,0.0,326.0,326.0,1.108647,-7.523676880222841,85.0,2.022722,0.008282208588957,0.0095092024539877,0.0095092024539877,4.365904365904366,0.371104436477794,0.5000000000000782,21.823431570027,0.5215093359582381,38.867468,119.984072,12234.577364,1908,420,392,60.0,120.0,1.544116,0.0,0.206922,1.544116,-0.206922,143.61475,1.425096880118795,5000
4,2025-11-06 14:28:07.729711,can_tapper32,"rgb(255,127,0)",496.0,446.0,500.0,10.080645161290322,78.00000000000004,90.0,4.764171006297339,1500,10.95,0.0,321.0,321.0,0.518475,-5.160256410256411,13.0,2.023274,0.0090342679127725,0.0155763239875389,0.0102803738317757,13.490364025695932,1.182375666824055,1.0000000000001563,2.892719705486028,0.5354804004916875,39.218232,119.907873,81918.202597,1911,388,484,60.0,120.0,1.428551,0.0,0.322218,1.428551,-0.322218,141.32725,0.3893266656046935,5000
5,2025-11-06 15:06:33.791293,can_tapper32,"rgb(255,255,51)",508.0,465.0,513.0,8.46456692913386,98.75,100.0,7.280598791375996,1500,11.466666666666669,18.0,484.0,466.0,1.053834,-13.139705882352942,140.0,2.054443,0.0092274678111587,0.0092274678111587,0.0103004291845493,3.901437371663244,0.6328454620674636,1.0000000000001563,2.892719705486028,0.7634004818923876,59.944925,119.908499,2306.061582,2160,351,689,60.0,120.0,1.780843,0.0,0.31205,1.780843,-0.31205,141.594,0.3365065338585959,5000
6,2025-11-06 15:16:07.076665,can_tapper32,"rgb(166,86,40)",526.0,468.0,555.0,11.02661596958175,100.0,100.0,78.05322580142153,1500,11.811904761904762,20.0,500.0,480.0,0.726798,-9.415032679738562,130.0,2.137025,0.0068749999999999,0.0120833333333333,0.011875,10.843373493975903,1.2506580152124558,1.740000000000272,1.7887444673306678,0.3130370302131297,59.901246,120.000219,573.285372,2160,443,842,60.0,120.0,1.785797,0.0,0.397926,1.785797,-0.397926,141.6748,0.48406282997634603,5000
7,2025-11-24 10:15:30.579548,can_tapper32,"rgb(247,129,191)",496.0,457.0,497.0,7.862903225806452,78.00000000000004,81.00000000000004,0.8317781474568982,1500,15.408333333333331,12.0,438.0,426.0,1.044856,-17.987730061349694,131.0,2.045931,0.0049295774647887,0.0091549295774647,0.0051643192488262,3.9337474120082816,0.4851457853073199,0.7600000000001188,2.7289468883321724,0.7915404663245362,59.784851,119.786082,1537163.502883,2157,439,837,60.0,120.0,1.834057,0.0,0.253181,1.834057,-0.253181,140.99105,0.28451465202594717,5000
8,2025-11-24 11:35:49.937666,can_tapper32,"rgb(153,153,153)",493.0,448.0,497.0,9.127789046653144,70.75000000000004,81.00000000000004,4.175015188895163,1500,15.55,0.0,292.0,292.0,1.192519,-26.229965156794425,13.0,2.385794,0.0102739726027397,0.0154109589041095,0.0116438356164383,5.590062111801243,0.6454338871313043,1.0000000000001563,2.0171482422437275,0.7881721543134081,59.815673,96.764071,4819.358118,1881,354,562,60.0,120.0,1.494794,0.0,0.310449,1.494794,-0.310449,141.08452693562506,0.30841243329561624,4189
9,2025-11-26 11:26:37.741167,can_tapper32,"rgb(228,26,28)",497.0,447.0,500.0,10.06036217303823,81.00000000000004,90.0,1.0564449139753955,1500,16.857142857142858,12.5,326.0,313.5,1.05347,-15.29235880398671,23.0,2.153273,0.0118022328548644,0.0159489633173843,0.0127591706539074,5.544147843942505,1.2000555469748733,1.260000000000197,3.2620894576029285,0.5125155919674438,59.951505,119.923673,172247.803501,2160,387,710,60.0,120.0,1.4465,0.0,0.340714,1.4465,-0.340714,141.6677,0.530997270822176,5000
10,2025-11-27 10:03:05.438512,can_tapper32,"rgb(55,126,184)",497.0,441.0,497.0,11.267605633802818,81.00000000000004,81.00000000000004,1.1617427385521797,1500,18.135,13.5,404.0,390.5,1.155049,-14.887905604719764,129.0,2.158142,0.01101152368758,0.0143405889884763,0.01101152368758,9.734513274336283,0.5639894448968985,1.0000000000001563,3.2620894576029285,0.4103706346770356,59.93906,119.895968,81387.697345,2160,428,566,60.0,120.0,1.671484,0.0,0.208473,1.671484,-0.208473,142.0817,0.4291409353444359,5000
11,2025-11-27 10:57:07.190023,can_tapper32,"rgb(77,175,74)",494.0,446.0,497.0,9.7165991902834,73.16666666666671,81.00000000000004,8.843540243896139e-14,1500,15.375,0.0,279.0,279.0,1.377529,-22.79069767441861,11.0,2.970502,0.010752688172043,0.0172043010752688,0.0118279569892473,10.72961373390558,0.5244132445749069,1.0000000000001563,2.0171482422437275,0.7346048652392254,59.967422,119.986048,3241.751511,2160,388,515,60.0,120.0,1.609951,0.0,0.297841,1.609951,-0.297841,142.3868,0.32566389329217704,5000
12,2025-11-27 11:00:28.025525,can_tapper32,"rgb(152,78,163)",508.0,464.0,513.0,8.661417322834646,98.75,100.0,5.4168824075022295,1500,15.425,0.0,274.0,274.0,1.347696,-21.629310344827587,13.0,2.351572,0.014963503649635,0.0160583941605839,0.0167883211678832,7.172995780590718,0.9824731738423468,1.0000000000001563,2.0171482422437275,0.7195832009896748,59.979751,88.921261,200.835502,1787,376,585,60.0,120.0,1.729372,0.0,0.291225,1.729372,-0.291225,142.64605852886896,0.23919618325535277,3793
13,2025-12-02 13:08:06.187532,can_tapper32,"rgb(255,127,0)",517.0,470.0,520.0,9.090909090909092,100.0,100.0,9.32428714750275,582,16.55,0.0,332.0,332.0,1.118628,-6.986622073578595,75.0,2.117131,0.0102409638554216,0.014156626506024,0.011144578313253,9.533468559837727,1.2009383214541027,1.260000000000197,5.275382050040925,0.6584213488095072,14.654786,119.910776,439658.162007,1617,337,397,60.0,120.0,1.635176,0.0,0.395796,1.635176,-0.395796,143.628,1.2088872079958721,5000
14,2026-02-11 16:46:58.635079,can_tapper32,"rgb(255,255,51)",488.0,433.0,489.0,11.270491803278688,60.29761904761905,62.08333333333334,0.4282579681142692,1500,9.12,0.0,458.0,458.0,1.096164,-32.65695792880259,139.0,2.096869,0.0087336244541484,0.0120087336244541,0.0089519650655021,10.561797752808989,1.2550678612840631,1.5000000000002345,2.145932504474109,0.6839253615702232,59.845706,119.966594,6147532.447547,2158,393,456,60.0,120.0,1.786293,0.0,-2.204381,1.786293,2.204381,140.9429,0.4413088948886335,5000
15,2026-02-11 17:23:26.465105,can_tapper32,"rgb(166,86,40)",488.0,439.0,489.0,10.040983606557376,60.29761904761905,62.08333333333334,0.0828889257286245,1500,9.575,20.5,270.0,249.5,1.247752,-34.01587301587302,34.0,2.245481,0.0096192384769539,0.0196392785571142,0.0100200400801603,9.012875536480689,0.8568490380305911,0.5000000000000782,2.0171482422437275,0.7980615065860143,59.969872,119.933479,2187.830026,2159,389,432,60.0,120.0,1.292655,0.0,-2.316895,1.292655,2.316895,141.39655,0.3871570425748878,5000
16,2026-03-02 14:35:15.650977,can_tapper32,"rgb(247,129,191)",504.0,450.0,505.0,10.714285714285714,95.0,96.25,0.1849245266328536,1500,17.1,10.0,455.0,445.0,0.47074,-36.625,22.0,2.072272,0.0047191011235955,0.0121348314606741,0.0049438202247191,9.368191721132897,2.129401543966539,0.5000000000000782,2.145932504474109,0.6935484131492544,59.94705,119.977399,1631509.185872,2160,432,569,60.0,120.0,1.538169,0.0,-2.004876,1.538169,2.004876,142.84915,1.005974241387331,5000
17,2026-03-02 16:53:19.375619,can_tapper32,"rgb(153,153,153)",501.0,466.0,504.0,6.986027944111776,91.25,95.0,4.835593260262682,1500,19.35,0.0,491.0,491.0,0.984991,-34.79113924050633,74.0,2.38782,0.0048879837067209,0.0071283095723014,0.0054989816700611,6.365503080082136,0.8101736206904591,1.0000000000001563,2.0171482422437275,0.6572225018540365,59.953179,119.927085,8283.724642,2160,407,598,60.0,120.0,1.44307,0.0,-2.308406,1.44307,2.308406,142.74255,0.6439059873028471,5000
18,2026-03-02 19:45:37.752267,can_tapper32,"rgb(228,26,28)",502.0,457.0,505.0,8.964143426294822,92.5,96.25,0.0928978190654041,1500,19.501666666666665,0.0,497.0,497.0,0.703378,-43.82534246575342,123.0,2.097349,0.0084507042253521,0.0090543259557344,0.0090543259557344,13.569937369519833,1.0076537732708328,1.0000000000001563,2.7289468883321724,0.7457264284889793,59.941221,119.930172,10338.376648,2159,442,439,60.0,120.0,1.850354,0.0,-2.004098,1.850354,2.004098,143.08445,0.6147204842488616,5000
19,2026-03-03 03:57:40.244480,can_tapper32,"rgb(55,126,184)",494.0,434.0,497.0,12.145748987854253,73.75000000000003,81.00000000000004,3.119112497382838,1500,16.741666666666667,0.0,497.0,497.0,0.593272,-83.52188552188552,127.0,2.094886,0.0108651911468812,0.0120724346076458,0.0114688128772635,13.41991341991342,1.763738630510684,1.0200000000001594,2.565174071178317,0.8004725555447916,59.936249,119.995599,29522.492213,2159,396,530,60.0,120.0,1.633724,0.0,0.327173,1.633724,-0.327173,141.0651,0.4843902525682997,5000
20,2026-03-04 11:50:19.354993,can_tapper32,"rgb(77,175,74)",494.0,457.0,497.0,7.489878542510121,73.75000000000003,81.00000000000004,3.775486122437688,1500,15.708333333333332,11.0,472.0,461.0,0.970909,-57.4314381270903,13.0,2.068796,0.0052060737527114,0.0080260303687635,0.0058568329718004,3.333333333333333,0.7690998402820495,0.5000000000000782,2.27471676670449,0.7681008021826344,59.966488,119.986671,114759.110513,2160,429,623,60.0,120.0,1.627722,0.0,-2.204494,1.627722,2.204494,141.36345,0.5102878366522289,5000
21,2026-03-04 12:08:15.499657,can_tapper32,"rgb(152,78,163)",497.0,442.0,500.0,11.066398390342052,81.00000000000004,88.25000000000001,1.851005267113468,1500,13.85,12.0,444.0,432.0,1.056405,-47.39310344827586,132.0,2.15643,0.0099537037037037,0.0127314814814814,0.0106481481481481,11.013215859030836,1.3177848094833835,1.260000000000197,2.27471676670449,0.7255451577393652,59.941117,119.887707,1076.144664,2159,439,458,60.0,120.0,1.801124,0.0,0.398836,1.801124,-0.398836,142.0164,0.4757376433086934,5000
22,2026-03-04 12:28:51.140079,can_tapper32,"rgb(255,127,0)",496.0,455.0,497.0,8.266129032258064,78.00000000000004,81.00000000000004,0.0633333614816101,1500,16.383333333333333,10.5,500.0,489.5,0.886147,-50.81639344262295,-32.0,,0.0061287027579162,0.0083758937691521,0.0061287027579162,12.605042016806722,1.0043153197027987,0.5000000000000782,2.27471676670449,0.6974411320734215,59.992194,119.89528,1235.640422,2159,464,423,60.0,120.0,1.539504,0.0,0.399329,1.539504,-0.399329,141.63885,0.6077886630334095,5000
23,2026-03-04 15:17:24.186713,can_tapper32,"rgb(255,255,51)",494.0,431.0,497.0,12.753036437246964,73.75000000000003,81.00000000000004,8.843540243896139e-14,1500,17.925,8.0,446.0,438.0,1.042924,-64.05714285714286,127.0,2.04602,0.0073059360730593,0.0143835616438356,0.0079908675799086,18.43817787418655,2.094632639073327,1.0000000000001563,4.178334463910163,0.8332433111633819,59.956954,119.906468,10113.046634,2160,446,661,60.0,120.0,1.815621,0.0,0.261375,1.815621,-0.261375,141.1226,0.6032139035222968,5000
24,2026-03-04 18:59:55.237063,can_tapper32,"rgb(166,86,40)",504.5,467.0,506.0,7.433102081268583,95.625,96.25,3.4794059908464536,1500,20.08,0.0,499.0,499.0,0.872375,-35.57643312101911,10.0,2.269049,0.0058116232464929,0.0075150300601202,0.0060120240480961,6.722689075630252,0.9194367884640476,0.5000000000000782,2.419945418941404,0.7605714802811722,59.938357,119.967218,13351.05035,2160,455,453,60.0,120.0,1.608774,0.0,-2.204802,1.608774,2.204802,143.6307,0.42965617752595264,5000
25,2026-03-04 20:08:42.529826,can_tapper32,"rgb(247,129,191)",502.0,457.0,505.0,8.964143426294822,92.5,96.25,0.9606226491654604,1500,19.83833333333333,0.0,497.0,497.0,0.660669,-35.184375,14.0,2.061476,0.0068410462776659,0.0090543259557344,0.0074446680080482,8.547008547008547,1.2812528440591309,1.0000000000001563,2.419945418941404,0.7124101680440613,59.899949,119.952325,4127.292763,2159,435,683,60.0,120.0,1.514554,0.0,0.290344,1.514554,-0.290344,143.5288,0.1997587062136116,5000
26,2026-03-05 13:49:42.968513,can_tapper32,"rgb(153,153,153)",504.0,464.0,505.0,7.936507936507936,95.0,96.25,1.0668271408112675,1500,18.725,0.0,287.0,287.0,1.280651,-34.70783132530121,17.0,2.379791,0.0104529616724738,0.0139372822299651,0.0108013937282229,7.7894736842105265,0.9753765912445675,1.0000000000001563,2.291161156711022,0.6876248560797553,59.908302,119.950151,63660.438687,2159,407,703,60.0,120.0,1.740791,0.0,0.297948,1.740791,-0.297948,143.438,0.8265395535162491,5000
27,2026-03-05 14:19:17.024875,can_tapper32,"rgb(228,26,28)",501.0,457.0,504.0,8.78243512974052,91.25,95.0,0.6990136440060872,1500,18.825,0.0,500.0,500.0,0.851753,-35.17041800643087,43.0,2.349632,0.0067999999999999,0.0087999999999999,0.0072,8.547008547008547,1.0879767196462613,1.0000000000001563,2.583718236095259,0.6732661298243922,59.9951,119.994533,1774.056362,2160,394,766,60.0,120.0,1.827531,0.0,-1.721168,1.827531,1.721168,143.3361,0.6288210183943737,5000
28,2026-03-05 16:27:02.933416,can_tapper32,"rgb(55,126,184)",496.0,453.0,497.0,8.669354838709678,78.58333333333337,81.00000000000004,0.4807202136533914,1500,19.975,12.0,496.0,484.0,0.647768,-47.071698113207546,147.0,2.050547,0.0066115702479338,0.0088842975206611,0.0068181818181818,7.758620689655173,1.0501480063518662,1.0000000000001563,3.2620894576029285,0.7052260946438205,59.876225,119.963875,7665.908541,2159,348,634,60.0,120.0,1.596899,0.0,-2.107221,1.596899,2.107221,141.91555,0.5870260789978413,5000
29,2026-03-05 21:58:24.523679,can_tapper32,"rgb(77,175,74)",497.0,456.0,497.0,8.249496981891348,81.00000000000004,81.00000000000004,0.1299111688494929,1500,19.65,0.0,477.0,477.0,0.980276,-58.44656488549618,10.0,2.080278,0.0054507337526205,0.0085953878406708,0.0054507337526205,4.883227176220807,0.8354016785350419,0.5000000000000782,2.419945418941404,0.783853743245924,59.967373,119.825526,19881.590263,2158,387,462,60.0,120.0,1.525792,0.0,0.316619,1.525792,-0.316619,142.24705,0.40340593050792994,5000
30,2026-03-06 07:55:26.044213,can_tapper32,"rgb(152,78,163)",500.0,442.0,501.0,11.6,88.25000000000001,91.25,2.9232752156300525e-13,1500,16.025,14.5,404.0,389.5,1.157889,-33.89115646258504,123.0,2.157951,0.0084724005134788,0.0148908857509627,0.0087291399229781,11.48936170212766,1.368098707961329,1.0000000000001563,2.419945418941404,0.7793874485445945,59.981029,119.920315,35821.520534,2159,382,347,60.0,120.0,1.528265,0.0,0.398365,1.528265,-0.398365,142.4243,0.9438870136508822,5000
31,2026-03-06 09:06:07.798955,can_tapper32,"rgb(255,127,0)",496.0,455.0,497.0,8.266129032258064,78.58333333333337,81.00000000000004,0.603555823802405,1500,15.95,12.0,500.0,488.0,0.816916,-54.530546623794216,28.0,2.316297,0.0059426229508196,0.0084016393442622,0.0061475409836065,7.0663811563169165,0.927545483995098,1.0000000000001563,2.419945418941404,0.7966235178615497,59.938423,119.909765,4241.754742,2159,389,554,60.0,120.0,1.903772,0.0,0.39909,1.903772,-0.39909,141.9071,0.5197101208575932,5000
32,2026-03-25 08:10:05.742412,can_tapper32,"rgb(255,255,51)",470.0,395.0,473.0,15.95744680851064,47.08333333333334,47.08333333333334,0.4303201912532808,1500,13.05,10.0,276.0,266.0,1.155059,-153.39590443686006,10.0,2.849732,0.0154135338345864,0.0281954887218045,0.0165413533834586,20.09685230024213,4.6251918575748,1.0000000000001563,2.892719705486028,0.7711533263853356,59.870722,119.862327,1638237.943457,2157,386,452,60.0,120.0,1.436131,0.0,-2.10767,1.436131,2.10767,141.588,1.0271280340831368,5000
33,2026-03-25 09:42:32.899792,can_tapper32,"rgb(166,86,40)",504.0,456.0,505.0,9.523809523809524,95.0,96.25,0.4897779954568015,1500,18.4,0.0,500.0,500.0,0.636175,-44.47457627118644,26.0,2.04515,0.0086,0.0096,0.0087999999999999,10.0,1.2628648737871075,1.0000000000001563,2.27471676670449,0.6891975565209434,59.967474,119.825325,5547.15738,2158,388,453,60.0,120.0,1.576101,0.0,-2.308706,1.576101,2.308706,143.21225,1.719855813230749,5000
34,2026-03-25 11:05:29.952105,can_tapper32,"rgb(247,129,191)",505.0,472.0,508.0,6.534653465346535,96.25,98.75,3.239574773143,1500,18.125,0.0,497.0,497.0,0.982668,-33.47651006711409,50.0,2.387396,0.0062374245472837,0.0066398390342052,0.0068410462776659,8.041237113402062,0.8199002411151572,0.5000000000000782,2.27471676670449,0.5746006276483784,59.91725,119.993224,4977.052313,2159,370,575,60.0,120.0,1.800454,0.0,-2.309751,1.800454,2.309751,144.64615,0.6627899634176422,5000
35,2026-03-25 11:19:35.556326,can_tapper32,"rgb(153,153,153)",505.0,451.0,506.0,10.693069306930694,96.25,96.25,2.7923390188164863,1500,18.125,0.0,500.0,500.0,0.6726,-33.46853146853147,19.0,2.070025,0.0096,0.0108,0.0098,7.535641547861507,1.2291000589718637,0.5000000000000782,3.2620894576029285,0.6114039940327358,59.934298,119.990143,845.604221,2159,381,626,60.0,120.0,1.446142,0.0,-2.204075,1.446142,2.204075,144.81345,0.20327287441330455,5000
36,2026-03-25 11:47:03.154783,can_tapper32,"rgb(228,26,28)",501.0,455.0,502.0,9.181636726546904,91.25,92.5,4.239228550767072,1500,16.979166666666668,0.0,394.0,394.0,1.014569,-45.650485436893206,162.0,2.110651,0.0106598984771573,0.0116751269035532,0.0109137055837563,4.086021505376344,1.2723295783663306,1.0000000000001563,2.565174071178317,0.6226157633819842,59.948775,119.915935,1647.598457,2159,404,868,60.0,120.0,1.544999,0.0,-2.206274,1.544999,2.206274,144.4132,0.948285615793993,5000
37,2026-03-25 12:54:01.274682,can_tapper32,"rgb(55,126,184)",500.0,455.0,501.0,9.0,88.25000000000001,91.25,2.8147123620935948,1500,17.05,21.0,469.0,448.0,0.944417,-68.73630136986301,106.0,2.043223,0.0053571428571428,0.0100446428571428,0.0055803571428571,8.280254777070065,1.4783294980479305,0.7400000000001157,2.27471676670449,0.6604575441797231,59.937213,119.98597,4018.119899,2160,394,551,60.0,120.0,1.434837,0.0,-2.105337,1.434837,2.105337,142.9136,0.23968005612870263,5000
38,2026-03-25 13:36:10.642341,can_tapper32,"rgb(77,175,74)",497.0,466.0,500.0,6.237424547283702,81.00000000000004,88.25000000000001,4.226588545149634,1500,20.1,0.0,488.0,488.0,0.959247,-81.32911392405063,32.0,2.457575,0.005327868852459,0.0063524590163934,0.0059426229508196,4.45859872611465,0.8499466866414451,0.5000000000000782,7.136925848448924,0.5639095604620845,59.943644,119.996051,2529.367659,2160,418,705,60.0,120.0,1.469,0.0,-2.106605,1.469,2.106605,142.84635,1.2278255937379368,5000
39,2026-03-25 13:51:18.976173,can_tapper32,"rgb(152,78,163)",508.0,468.0,509.0,7.874015748031496,98.75,100.0,2.8953701757195103,1500,17.416666666666668,0.0,499.0,499.0,0.828168,-38.54938271604938,21.0,2.829793,0.0058116232464929,0.0080160320641282,0.0060120240480961,7.724425887265136,0.9378039014598226,0.5000000000000782,1.7887444673306678,0.6813593922125267,59.93445,119.90785,908.333832,2159,419,571,60.0,120.0,1.56397,0.0,-2.20697,1.56397,2.20697,143.38735,0.4061471021609115,5000
40,2026-03-25 14:46:06.990142,can_tapper32,"rgb(255,127,0)",500.0,453.0,504.0,9.4,88.25000000000001,95.0,2.986890216394952,1500,17.94166666666667,11.0,270.0,259.0,1.059973,-46.09271523178808,16.0,2.057425,0.0138996138996139,0.0181467181467181,0.0154440154440154,11.020408163265309,0.7376658901220483,0.5000000000000782,2.291161156711022,0.7278969813309022,59.990857,119.804161,3288.013969,2158,403,635,60.0,120.0,1.410793,0.0,-2.108266,1.410793,2.108266,143.3463,0.49335584520494646,5000
41,2026-03-25 15:14:48.877517,can_tapper32,"rgb(255,255,51)",501.0,455.0,504.0,9.181636726546904,91.25,95.0,5.023904455067583,1500,17.81666666666667,10.0,255.0,245.0,1.237419,-36.70175438596491,12.0,2.3304,0.013469387755102,0.0187755102040816,0.0146938775510204,7.758620689655173,1.0250453502708234,0.7600000000001188,2.27471676670449,0.7289242635166586,59.857099,119.949599,1721.887375,2158,385,495,60.0,120.0,1.473325,0.0,-2.10965,1.473325,2.10965,143.0602,0.3615966128464753,5000
42,2026-04-14 17:15:15.677856,can_tapper32,"rgb(166,86,40)",498.0,461.0,500.0,7.429718875502007,82.25000000000004,90.0,1.1767383007730303,1500,21.55,0.0,499.0,499.0,0.620153,-92.81904761904762,11.0,2.718046,0.0056112224448897,0.0074148296593186,0.0062124248496993,7.855626326963907,1.1042811154231928,1.0000000000001563,2.7289468883321724,0.6619810714838206,59.92688,119.901221,1735226.800339,2158,400,552,60.0,120.0,1.540629,0.0,-2.113716,1.540629,2.113716,142.12435,0.7972620038861679,5000
43,2026-04-14 17:37:47.428525,can_tapper32,"rgb(247,129,191)",510.0,462.0,513.0,9.411764705882351,100.0,100.0,0.0133244503666337,1500,21.96666666666667,0.0,499.0,499.0,0.652953,-39.02797202797203,8.0,2.653478,0.0042084168336673,0.0096192384769539,0.0048096192384769,5.833333333333333,0.8429483443853925,0.5000000000000782,2.892719705486028,0.5657391493234695,59.906721,119.925558,1351.750669,2160,336,435,60.0,120.0,1.451288,0.0,-2.006919,1.451288,2.006919,144.48445,0.5140267913334877,5000
44,2026-04-14 17:54:44.185179,can_tapper32,"rgb(153,153,153)",509.0,474.0,510.0,6.8762278978389,98.75,100.0,2.7599656710955998,1500,22.225,0.0,450.0,450.0,0.940749,-29.681355932203388,147.0,2.036602,0.004,0.0077777777777777,0.0042222222222222,3.8076152304609217,0.7476046111852119,0.5000000000000782,15.558206486264645,0.5192833608903091,59.857874,119.999151,1016.756654,2159,402,491,60.0,120.0,1.455595,0.0,-2.304673,1.455595,2.304673,144.7573,1.0894880021463376,5000
45,2026-04-14 18:56:58.829954,can_tapper32,"rgb(228,26,28)",504.0,465.0,505.0,7.738095238095238,95.0,96.25,0.6286047238243697,1500,22.417857142857144,0.0,496.0,496.0,0.82693,-42.47781569965871,497.0,2.818904,0.0056451612903225,0.0078629032258064,0.0058467741935483,6.722689075630252,0.9845036711896584,0.5000000000000782,31.996067694060745,0.3655985777778491,59.961493,119.996201,3734.644775,2160,383,452,60.0,120.0,1.514079,0.0,-2.023663,1.514079,2.023663,140.73875,4.835794962577063,5000
46,2026-04-14 18:57:17.541828,can_tapper32,"rgb(55,126,184)",505.0,471.0,505.0,6.732673267326733,96.25,96.25,34.731242102768846,1500,22.425,0.0,497.0,497.0,0.921106,-49.18855218855219,11.0,2.019137,0.0054325955734406,0.0068410462776659,0.0054325955734406,5.439330543933054,0.7919644028274802,0.5000000000000782,2.031730617017579,0.5356691611778983,59.921942,119.994532,18.711874,2159,418,507,60.0,120.0,-17.197795,0.0,-20.735537,-17.197795,20.735537,142.05495,1.2146143647722174,5000
47,2026-04-14 20:24:39.568812,can_tapper32,"rgb(77,175,74)",501.0,461.0,502.0,7.984031936127744,91.25,92.5,4.741237662771427,1500,21.866666666666667,10.0,499.0,489.0,0.923559,-51.74733096085409,11.0,2.021533,0.0063394683026584,0.0081799591002045,0.0063394683026584,8.474576271186441,1.0927562000961657,0.5000000000000782,2.565174071178317,0.6763125449709941,59.857534,119.943887,5242.026984,2158,341,397,60.0,120.0,1.596111,0.0,-2.104636,1.596111,2.104636,142.0988,0.6700211531505086,5000
48,2026-04-15 07:41:17.235127,can_tapper32,"rgb(152,78,163)",511.0,475.0,516.0,7.045009784735812,100.0,100.0,6.387113949827805,1500,16.175,19.0,311.0,292.0,1.238881,-22.04661016949153,24.0,2.235507,0.0095890410958904,0.0123287671232876,0.0113013698630136,7.43801652892562,1.047950935262968,1.0000000000001563,119.99999999999996,0.1925533415873553,59.980093,119.970282,40597.666315,2160,324,456,60.0,120.0,1.430707,0.0,-2.304944,1.430707,2.304944,137.69545,5.076555533106437,5000
49,2026-04-15 07:59:46.012829,can_tapper32,"rgb(255,127,0)",497.0,454.0,497.0,8.651911468812877,81.00000000000004,81.00000000000004,1.292542796685379,1500,16.43333333333333,0.0,484.0,484.0,0.921175,-47.19178082191781,23.0,2.019294,0.0076446280991735,0.0088842975206611,0.0076446280991735,7.43801652892562,1.5834463992562464,1.0000000000001563,2.419945418941404,0.7884824760425717,59.959725,119.963449,1108.777702,2159,376,640,60.0,120.0,1.587944,0.0,-2.10675,1.587944,2.10675,142.01375,0.6260605624583119,5000
50,2026-04-15 08:10:01.327206,can_tapper32,"rgb(255,255,51)",505.0,464.0,509.0,8.118811881188119,96.25,100.0,5.039540017572469,1500,16.616666666666667,9.0,286.0,277.0,1.280864,-31.606164383561644,12.0,2.27837,0.0111913357400722,0.0148014440433213,0.0126353790613718,7.112970711297071,0.9513370247644384,0.5000000000000782,1.9029463547871976,0.4917203313428691,59.942154,119.898165,615.314377,2148,434,469,60.0,120.0,1.624915,0.0,-2.207376,1.624915,2.207376,141.6008,1.6917407476771067,5000
51,2026-04-15 08:14:38.382057,can_tapper32,"rgb(166,86,40)",540.0,537.0,549.0,0.5555555555555556,100.0,100.0,32.087205372086416,1500,16.575,0.0,9.0,9.0,0.093244,-0.7337662337662337,30.0,2.065849,0.0111111111111111,0.0333333333333333,0.1,1.1152416356877324,0.4022442516866308,0.0200000000000031,119.99999999999996,0.8837993518369227,59.979758,119.882086,277.054851,2136,460,252,60.0,120.0,,0.0,-4.384057,,4.384057,131.93785,1.0924003593961507,5000
52,2026-04-15 08:21:27.519857,can_tapper32,"rgb(247,129,191)",504.0,503.0,505.0,0.1984126984126984,95.0,96.25,1.6526229567212898,1500,16.65,8.0,10.0,2.0,0.170819,3.0,9.0,2.789167,,0.05,0.05,1.386138613861386,0.2674288857457174,0.0200000000000031,1.5862030873085784,0.0033623562309077,59.978164,15.75202,409.1378,898,175,197,60.0,120.0,,0.0,-29.33956,,29.33956,126.0,0.0,138
53,2026-04-15 10:08:19.465229,can_tapper32,"rgb(153,153,153)",498.0,463.0,501.0,7.028112449799197,82.25000000000004,91.25,0.2240978773766744,1500,17.23333333333333,0.0,494.0,494.0,1.051693,-29.56441717791411,35.0,2.056299,0.0064777327935222,0.0070850202429149,0.0070850202429149,3.917525773195876,0.6912152001766511,0.5000000000000782,113.20613814702082,0.5171400458136919,59.989382,119.956774,6411.945372,2160,181,440,60.0,120.0,1.4824,0.0,-2.204255,1.4824,2.204255,130.86035,5.273618073677067,5000
54,2026-04-15 11:27:36.833450,can_tapper32,"rgb(228,26,28)",497.0,457.0,500.0,8.048289738430583,81.00000000000004,90.0,0.4359468604208788,1500,17.875,8.0,470.0,462.0,0.959102,-56.75,27.0,2.456626,0.0086580086580086,0.0086580086580086,0.0093073593073593,4.439746300211416,1.1100774448243922,1.0200000000001594,2.565174071178317,0.6073916224237018,59.920573,119.938776,4757.368221,2160,373,653,60.0,120.0,1.614726,0.0,-2.105074,1.614726,2.105074,141.5174,1.843909498985124,5000
55,2026-04-15 12:23:53.162443,can_tapper32,"rgb(55,126,184)",505.0,467.0,506.0,7.524752475247524,96.25,96.25,0.3920001742222294,1500,18.875,7.0,499.0,492.0,0.809596,-32.94285714285714,17.0,2.810022,0.0058943089430894,0.0077235772357723,0.0060975609756097,4.132231404958677,0.8922384386386328,1.0000000000001563,119.99999999999996,0.4142853784120553,59.990327,119.836547,3376.328993,2159,310,286,60.0,120.0,1.622192,0.0,-2.304322,1.622192,2.304322,134.517,5.757392249369742,5000
56,2026-04-15 17:55:52.759668,can_tapper32,"rgb(77,175,74)",493.0,453.0,493.0,8.113590263691684,71.66666666666669,70.75000000000004,4.521566454028961,1500,22.025,7.5,493.0,485.5,0.9709,-140.26910299003322,120.0,2.378056,0.007621009268795,0.0082389289392378,0.007621009268795,8.779443254817988,1.1585645069106654,0.5000000000000782,3.121898948392727,0.5778163027367424,59.936398,119.9072,19919.597225,2159,415,459,60.0,120.0,1.8569,0.0,-2.104974,1.8569,2.104974,141.174,1.6684216272109613,5000
57,2026-04-15 19:03:28.700560,can_tapper32,"rgb(152,78,163)",509.0,465.0,512.0,8.644400785854616,100.0,100.0,0.7438314417025731,1500,23.93,0.0,496.0,496.0,0.754275,-30.83793103448276,10.0,2.247393,0.0050403225806451,0.0088709677419354,0.0056451612903225,8.264462809917354,0.7332341008745275,0.5200000000000813,1.7887444673306678,0.6550519896011489,59.956524,119.991174,4055.940892,2160,437,508,60.0,120.0,1.436768,0.0,-2.105424,1.436768,2.105424,142.31595,0.5061020898644067,5000
58,2026-04-15 19:30:05.842324,can_tapper32,"rgb(255,127,0)",508.0,473.0,509.0,6.889763779527559,99.375,100.0,2.2268158053650227e-13,1500,24.025,8.5,470.0,461.5,0.9899,-37.49652777777778,9.0,2.490042,0.0069339111592632,0.0075839653304442,0.0071505958829902,3.080082135523614,0.9222893135163808,1.0000000000001563,2.27471676670449,0.7132446685189207,59.952674,119.8737,1597.141764,2159,355,547,60.0,120.0,1.586925,0.0,-2.1071,1.586925,2.1071,143.1031,0.2864643125424663,5000
59,2026-04-15 19:43:45.965071,can_tapper32,"rgb(255,255,51)",508.0,447.0,509.0,12.007874015748031,98.75,100.0,0.1587200705420592,1500,24.1,6.0,480.0,474.0,0.974297,-33.63135593220339,15.0,2.07403,0.0071729957805907,0.0128691983122362,0.0073839662447257,16.27906976744186,1.6049224860221325,1.0000000000001563,119.99999999999996,0.1931016491256124,59.995169,119.937474,820.122747,2160,296,447,60.0,120.0,1.665269,0.0,-2.003931,1.665269,2.003931,138.8747,5.924731673171254,5000
60,2026-04-15 19:47:32.338762,can_tapper32,"rgb(166,86,40)",509.0,473.0,512.0,7.072691552062868,100.0,100.0,4.56894425286335,1500,24.041666666666664,0.0,497.0,497.0,0.775277,-28.425531914893615,13.0,2.267979,0.0034205231388329,0.0072434607645875,0.0038229376257545,6.832298136645963,0.903810854381423,0.7600000000001188,119.99999999999996,0.5474350196553088,59.908068,119.995727,226.373691,2159,183,429,60.0,120.0,1.409226,0.0,-2.304717,1.409226,2.304717,132.5447,6.006622829307891,5000
61,2026-04-15 19:57:18.662169,can_tapper32,"rgb(247,129,191)",508.0,471.0,509.0,7.283464566929133,98.75,100.0,0.34065792918087,1500,24.083333333333336,7.0,499.0,492.0,0.842273,-39.30909090909091,13.0,2.245949,0.0036585365853658,0.007520325203252,0.0038617886178861,6.666666666666667,0.8656764413185021,0.7600000000001188,119.99999999999996,0.436152356422666,59.960276,119.895325,586.323407,2159,235,312,60.0,120.0,1.572498,0.0,-2.304882,1.572498,2.304882,135.21475,6.806420528411523,5000
62,2026-04-15 20:59:55.084597,can_tapper32,"rgb(153,153,153)",504.0,464.0,505.0,7.936507936507936,95.0,96.25,0.1706756314112401,1500,23.925,8.0,498.0,490.0,0.86347,-54.59073359073359,8.0,2.266564,0.0073469387755102,0.0081632653061224,0.0075510204081632,8.264462809917354,0.915092375993622,0.5000000000000782,2.583718236095259,0.7410709032243515,59.992005,119.838469,3756.422428,2158,331,319,60.0,120.0,1.345664,0.0,-2.305854,1.345664,2.305854,143.2429,0.8332997466060782,5000
63,2026-04-15 21:36:03.601160,can_tapper32,"rgb(228,26,28)",501.0,461.0,504.0,7.984031936127744,91.25,95.0,1.438009528004326,1500,23.85,6.0,495.0,489.0,0.861325,-62.153558052434455,8.0,2.2623,0.0071574642126789,0.0081799591002044,0.0077709611451942,6.288032454361055,0.9486877110024858,0.5000000000000782,2.419945418941404,0.7695162711074536,59.852524,119.975424,2168.516563,2159,349,541,60.0,120.0,1.598768,0.0,-2.206826,1.598768,2.206826,142.15315,0.5960735174688042,5000
64,2026-04-16 05:50:09.385313,can_tapper32,"rgb(55,126,184)",476.0,395.0,477.0,17.016806722689076,47.08333333333334,49.500000000000014,1.2551116689381865,1500,21.625,9.0,498.0,489.0,0.612293,-182.3233532934132,129.0,2.117124,0.0100204498977505,0.0165644171779141,0.0102249488752556,18.42105263157895,4.619851096434359,1.5000000000002345,3.2620894576029285,0.7103338352717614,59.972938,119.918486,29645.784153,2160,462,410,60.0,120.0,1.686344,0.0,-2.206631,1.686344,2.206631,138.2797,2.1528864099107876,5000
65,2026-04-16 06:17:10.026945,can_tapper32,"rgb(77,175,74)",498.0,457.0,500.0,8.23293172690763,82.25000000000004,88.25000000000001,0.4047912910180811,1500,22.625,6.0,498.0,492.0,0.784525,-118.05725190839696,14.0,2.283756,0.0040650406504065,0.0083333333333333,0.0044715447154471,6.054279749478079,1.010469207508297,0.7400000000001157,119.99999999999996,0.2688241665433851,59.936618,119.87368,1620.641632,2158,309,409,60.0,120.0,1.687159,0.0,-2.205847,1.687159,2.205847,137.57535,6.569656913103693,5000
66,2026-04-16 07:16:18.862005,can_tapper32,"rgb(152,78,163)",493.0,437.0,496.0,11.359026369168356,70.75000000000004,78.58333333333337,0.1697778532343672,1500,22.616666666666667,6.0,497.0,491.0,0.614345,-122.74829931972788,129.0,2.115471,0.0042769857433808,0.0114052953156822,0.0048879837067209,7.627118644067797,1.369988681252152,1.0000000000001563,4.67804510221319,0.7946278389407154,59.914029,119.897669,3548.83506,2158,325,536,60.0,120.0,1.602669,0.0,-2.30448,1.602669,2.30448,141.9398,0.7458131183088298,5000
67,2026-04-16 07:56:41.288283,can_tapper32,"rgb(255,127,0)",504.0,456.0,505.0,9.523809523809524,95.0,96.25,2.9232752156300525e-13,1500,23.84523809523809,0.0,500.0,500.0,0.66205,-75.65423728813559,85.0,2.065171,0.0062,0.0096,0.0063999999999999,7.317073170731708,1.2041440976804465,0.7600000000001188,2.0171482422437275,0.4376737949408709,59.965322,119.973325,2422.426278,2160,337,531,60.0,120.0,1.603276,0.0,-2.105949,1.603276,2.105949,142.0034,2.200495825121142,5000
68,2026-04-16 08:31:25.374832,can_tapper32,"rgb(255,255,51)",501.0,465.0,504.0,7.18562874251497,91.25,95.0,2.6311122804939147,1500,23.95,0.0,265.0,265.0,1.260626,-68.86624203821655,61.0,2.254453,0.010188679245283,0.0135849056603773,0.0113207547169811,7.399577167019028,0.957700520733529,0.5000000000000782,1.7887444673306678,0.4392612881970055,59.967223,119.867575,2084.086549,2158,372,546,60.0,120.0,1.442151,0.0,-2.3096,1.442151,2.3096,141.9063,2.30551694673415,5000
69,2026-04-16 09:05:13.028152,can_tapper32,"rgb(166,86,40)",501.0,467.0,504.0,6.786427145708583,91.25,95.0,0.1060978249319509,1500,24.041666666666664,0.0,499.0,499.0,1.047496,-61.26623376623377,10.0,2.049198,0.0052104208416833,0.006813627254509,0.0058116232464929,5.833333333333333,0.7020534454689293,0.5000000000000782,1.7887444673306678,0.6928760767034241,59.805775,119.815998,2027.65332,2157,324,521,60.0,120.0,1.561174,0.0,-2.009096,1.561174,2.009096,142.1474,0.292173429768518,5000
70,2026-04-16 10:31:57.247524,can_tapper32,"rgb(247,129,191)",504.0,462.0,506.0,8.333333333333332,95.0,96.25,4.836126593833321,1500,24.7,0.0,499.0,499.0,0.848746,-43.2822299651568,10.0,2.844199,0.006813627254509,0.0084168336673346,0.0072144288577154,6.382978723404255,0.7355049527702979,0.5000000000000782,1.7887444673306678,0.6431375429100121,59.9108,119.957624,5204.219372,2159,358,659,60.0,120.0,1.660254,0.0,-2.004276,1.660254,2.004276,142.7642,0.3257216279522047,5000
71,2026-04-16 10:39:47.599171,can_tapper32,"rgb(153,153,153)",521.0,481.0,560.0,7.677543186180421,100.0,100.0,62.04987646660177,1500,24.375,6.0,497.0,491.0,0.761879,-35.143459915611814,8.0,2.352076,0.0061099796334012,0.0081466395112016,0.0136456211812627,7.910750507099391,1.0428462589408736,1.0000000000001563,1.7887444673306678,0.6215974419177355,59.925225,119.896822,470.351647,2158,386,718,60.0,120.0,1.410575,0.0,-2.107849,1.410575,2.107849,142.8822,0.21801987646385645,5000
72,2026-04-16 11:53:04.563807,can_tapper32,"rgb(228,26,28)",504.0,442.0,505.0,12.3015873015873,95.0,96.25,2.9232752156300525e-13,1500,24.426666666666662,9.5,500.0,490.5,0.644425,-39.46666666666667,118.0,2.144355,0.0101936799184505,0.0126401630988786,0.0103975535168195,11.013215859030836,1.5647435930913018,1.260000000000197,0.8697836259128763,0.1182423707511808,59.996174,119.913732,4396.964636,2160,65,185,60.0,120.0,1.552344,0.0,-2.104831,1.552344,2.104831,126.25,0.0,5000
73,2026-04-16 12:49:57.957751,can_tapper32,"rgb(55,126,184)",501.0,462.0,504.0,7.784431137724551,91.25,95.0,0.2631112280488842,1500,24.225,0.0,497.0,497.0,0.961475,-50.07011070110701,9.0,2.966874,0.0066398390342052,0.0078470824949698,0.0072434607645875,4.273504273504273,0.8454321466560129,0.5000000000000782,2.583718236095259,0.7635513410939739,59.893432,119.954725,3413.393944,2159,290,582,60.0,120.0,1.554206,0.0,-2.10605,1.554206,2.10605,144.1688,0.43916982367519003,5000
74,2026-04-16 13:36:48.564980,can_tapper32,"rgb(77,175,74)",500.0,453.0,501.0,9.4,90.0,91.25,2.9232752156300525e-13,1500,24.03333333333333,0.0,478.0,478.0,1.069999,-49.28977272727273,51.0,2.070249,0.007531380753138,0.0098326359832635,0.0077405857740585,9.052631578947368,1.693720205477614,1.0000000000001563,119.99999999999996,0.3492532421779812,59.876849,119.976475,2810.607229,2159,206,387,60.0,120.0,1.532013,0.0,-2.004924,1.532013,2.004924,136.5553,7.0820581768018736,5000
75,2026-05-27 13:21:19.570271,can_tapper32,"rgb(152,78,163)",502.0,466.0,506.0,7.171314741035857,92.5,96.25,5.309513470893973,1500,26.025,0.0,435.0,435.0,0.910914,-22.84256559766764,15.0,2.005537,0.0048275862068965,0.0082758620689655,0.0057471264367816,6.6115702479338845,0.9092672132009232,0.5000000000000782,7.498688653442237,0.7298759490116198,59.989958,119.861836,3541471.005291,2160,457,445,60.0,120.0,1.356487,0.0,-2.107012,1.356487,2.107012,144.00975,1.1233854353993176,5000
0,2025-11-05 12:40:22.001438,can_tapper33,"rgb(228,26,28)",511.0,476.0,514.0,6.849315068493151,100.0,100.0,8.406283891133194,789,12.25,9.5,235.0,225.5,1.12507,-7.863468634686347,21.0,2.123627,0.0124168514412416,0.0155210643015521,0.0137472283813747,6.391752577319588,0.6772942538319907,1.0000000000001563,4.257083343964609,0.1492542910693868,18.806222,114.966625,,1606,300,386,60.0,120.0,1.667096,0.0,0.394025,1.667096,-0.394025,139.75645,6.442206244894741,5000
1,2025-11-05 12:43:16.082995,can_tapper33,"rgb(55,126,184)",507.0,474.0,510.0,6.508875739644971,98.75,98.75,7.968554388820243,872,14.45,9.0,309.0,300.0,1.119105,-11.23873873873874,90.0,2.223252,0.011,0.011,0.012,1.8036072144288575,0.519630820046966,1.0000000000001563,2.9136317643906224,0.2015431739511104,59.864956,102.86461,174.081557,1492,251,343,60.0,120.0,2.143897,0.0,0.28143,2.143897,-0.28143,137.8269173713099,5.531928985267464,4494
2,2025-11-19 11:06:52.125120,can_tapper33,"rgb(77,175,74)",487.0,445.0,487.0,8.624229979466119,58.21428571428571,58.21428571428571,5.884180392967903,1500,4.4,0.0,280.0,280.0,1.382328,-25.889261744966444,289.0,2.478326,0.0117857142857142,0.015,0.0117857142857142,5.531914893617022,1.151769193186926,1.0000000000001563,2.27471676670449,0.1864703782123582,59.977102,119.983801,1203816.042125,2160,451,667,60.0,120.0,1.592346,0.0,-4.928298,1.592346,4.928298,138.5449,6.314230585873249,5000
3,2025-11-19 11:07:53.542695,can_tapper33,"rgb(152,78,163)",506.0,461.0,564.0,8.893280632411066,97.5,100.0,74.42285974348141,1500,4.375,17.0,289.0,272.0,1.3977,-23.47826086956522,24.0,2.593227,0.0154411764705882,0.0165441176470588,0.0367647058823529,4.722792607802875,1.0980616929603009,1.0000000000001563,1.6874737773196231,0.2220285784126501,59.988056,119.928579,61.417575,2159,431,610,60.0,120.0,-59.825229,0.0,0.379225,-59.825229,-0.379225,139.17805,4.062414471686757,5000
4,2025-11-19 11:23:25.514138,can_tapper33,"rgb(255,127,0)",487.0,431.0,490.0,11.498973305954824,58.21428571428571,64.16666666666669,0.9412537516683522,1500,4.625,18.0,291.0,273.0,1.41385,-31.73611111111111,18.0,2.007981,0.0106227106227106,0.0205128205128205,0.0117216117216117,15.652173913043478,1.5595062014989372,1.5000000000002345,3.470356641605033,0.8408505285616991,59.982049,119.846605,931.971443,2160,387,415,60.0,120.0,1.835376,0.0,-2.205125,1.835376,2.205125,141.53115,0.3279690385357635,5000
5,2025-11-19 14:12:27.123327,can_tapper33,"rgb(255,255,51)",507.0,455.0,510.0,10.256410256410255,98.75,98.75,4.043699574976543,1500,7.3916666666666675,14.5,321.0,306.5,1.145781,-12.927051671732524,130.0,2.147399,0.0137030995106035,0.0169657422512234,0.0146818923327895,6.976744186046512,0.8967808052130478,1.5000000000002345,2.583718236095259,0.6422670856917163,59.953821,119.867599,10141.609189,2160,460,505,60.0,120.0,1.656744,0.0,0.396574,1.656744,-0.396574,139.9678,0.368565229051174,5000
6,2025-11-19 14:16:00.708424,can_tapper33,"rgb(166,86,40)",510.0,457.0,522.0,10.392156862745098,98.75,100.0,75.11185560525715,1500,7.333333333333334,22.0,301.0,279.0,1.152345,-12.939655172413794,24.0,2.246669,0.0154121863799283,0.0189964157706093,0.0197132616487455,7.368421052631579,1.0019576917775104,1.0000000000001563,1.5862030873085784,0.6590259759740633,59.984225,119.895182,213.585097,2160,541,600,60.0,120.0,1.40654,0.0,0.411127,1.40654,-0.411127,141.5462,0.5193452646370434,5000
7,2025-11-19 14:18:20.755619,can_tapper33,"rgb(247,129,191)",514.0,470.0,570.0,8.560311284046692,100.0,100.0,64.79313101915916,1500,7.271666666666666,20.0,500.0,480.0,1.063706,24.225225225225227,494.0,2.061431,0.0072916666666666,0.0091666666666666,0.0189583333333333,5.219206680584551,1.130433214849596,1.0000000000001563,119.99999999999996,0.2154273990961486,59.96117,119.935985,140.047195,2119,516,502,60.0,120.0,1.655282,0.0,0.232131,1.655282,-0.232131,134.8172,10.776496913985872,5000
8,2025-11-19 14:19:22.204925,can_tapper33,"rgb(153,153,153)",500.0,450.0,506.0,10.0,90.0,97.5,37.08843426152069,1500,7.584999999999999,0.0,307.0,307.0,1.1278,-26.852459016393443,130.0,2.228902,0.0117263843648208,0.01628664495114,0.0136807817589576,6.209850107066381,0.7991965102950478,1.0000000000001563,1.7887444673306678,0.4727833971119843,59.89312,119.956924,61.449306,2117,496,516,60.0,120.0,-59.794024,0.0,0.218149,-59.794024,-0.218149,143.27385,1.587158622191612,5000
9,2025-11-19 14:30:29.528479,can_tapper33,"rgb(228,26,28)",514.0,484.0,515.0,5.836575875486381,100.0,100.0,3.3174575657956e-12,66,9.433333333333334,9.5,348.0,338.5,0.836976,-14.89655172413793,13.0,3.336592,0.0088626292466765,0.0088626292466765,0.0091580502215657,1.976284584980237,0.6690773386452669,0.5000000000000782,2.291161156711022,0.4444212091185495,4.341142,37.197591,667.323554,501,104,125,60.0,120.0,1.288599,0.0,0.296883,1.288599,-0.296883,139.101652892562,3.922164192829329,1210
10,2025-11-25 09:50:41.669944,can_tapper33,"rgb(55,126,184)",495.0,460.0,499.0,7.07070707070707,75.58333333333339,87.00000000000001,4.061038641397357,239,3.35,11.0,181.0,170.0,1.026742,-4.066265060240964,353.0,2.132465,0.0205882352941176,0.0205882352941176,0.0229411764705882,2.459016393442623,0.7238650266220039,0.5000000000000782,1.9029463547871976,0.1042214865941449,7.79863,119.856359,501612.141465,1027,183,248,60.0,120.0,1.647742,0.0,-2.107434,1.647742,2.107434,134.36844676001303,8.602731887337994,3071
11,2025-11-25 09:52:21.943700,can_tapper33,"rgb(77,175,74)",495.0,458.0,499.0,7.474747474747474,75.58333333333339,87.00000000000001,12.808613803701144,584,3.4,0.0,353.0,353.0,0.930179,-5.35678391959799,13.0,2.424377,0.0045325779036827,0.0104815864022662,0.0056657223796033,7.306889352818372,0.7293452235987815,0.5000000000000782,119.99999999999996,0.4472198317502823,59.79409,92.835987,100.273756,1327,233,234,60.0,120.0,1.674933,0.0,-2.303499,1.674933,2.303499,128.5868612224449,7.0968960958096945,3992
12,2025-11-25 15:03:10.448164,can_tapper33,"rgb(152,78,163)",495.0,466.0,496.0,5.858585858585859,75.58333333333339,78.58333333333337,9.292005382323666,228,4.75,0.0,353.0,353.0,1.004032,-13.799283154121865,6.0,2.007502,0.0065155807365439,0.0082152974504249,0.006798866855524,5.349794238683128,0.9736952896403892,0.7600000000001188,2.892719705486028,0.7632701579863288,7.568083,119.984833,18648.504464,1532,301,316,60.0,120.0,1.6452,0.0,-2.107434,1.6452,2.107434,140.70645,0.5154066610989982,5000
13,2025-11-27 10:13:24.067660,can_tapper33,"rgb(255,127,0)",495.0,448.0,499.0,9.494949494949497,75.58333333333339,87.00000000000001,3.117725830099637,1500,2.66,15.0,472.0,457.0,1.245628,1.3142857142857145,495.0,2.343844,0.0091903719912472,0.0102844638949671,0.0100656455142231,2.857142857142857,0.6587568579415233,1.5200000000002376,2.291161156711022,0.2924077293847704,59.898849,119.867738,155413.619496,1497,288,251,60.0,120.0,1.917927,0.0,0.390726,1.917927,-0.390726,136.0340269193792,6.767250616768052,2427
14,2025-11-27 10:15:05.068284,can_tapper33,"rgb(255,255,51)",503.0,465.0,504.0,7.5546719681908545,93.75,95.0,1.0154441861435546e-12,57,2.725,0.0,495.0,495.0,0.733493,-6.545454545454546,80.0,2.238252,0.0076767676767676,0.0076767676767676,0.0078787878787878,2.231237322515213,0.749156569107488,1.5000000000002345,3.077404581544478,0.7139720479748288,59.880999,119.942047,101.000624,1497,310,393,60.0,120.0,1.976093,0.0,-0.804264,1.976093,0.804264,140.80785,0.7593294368970516,5000
15,2025-11-27 10:38:12.896297,can_tapper33,"rgb(166,86,40)",488.0,436.0,490.0,10.655737704918032,60.29761904761905,64.46428571428574,0.9976804434130224,1500,2.7266666666666666,0.0,303.0,303.0,1.234926,-21.3485342019544,24.0,3.426982,0.0118811881188118,0.0171617161716171,0.0125412541254125,6.079664570230608,0.8839427458531216,1.0000000000001563,1.6874737773196231,0.7558648067688083,59.974323,119.871981,1387.828013,2159,471,627,60.0,120.0,1.639801,0.0,0.404081,1.639801,-0.404081,140.83815,0.18323152637702367,5000
16,2025-11-27 10:59:57.870735,can_tapper33,"rgb(247,129,191)",495.0,455.0,494.0,8.080808080808081,76.50000000000003,73.50000000000004,119.926274850769,292,2.975,13.0,497.0,484.0,0.72016,-13.80967741935484,50.0,2.22583,0.0053719008264462,0.0082644628099173,0.0051652892561983,4.722792607802875,0.5979175412882017,0.7400000000001157,2.583718236095259,0.7050057902346922,8.848289,119.987584,1304.974438,1548,342,534,60.0,120.0,1.547484,0.0,0.298384,1.547484,-0.298384,139.7746,0.3017251192883196,5000
17,2025-11-27 11:15:15.798279,can_tapper33,"rgb(153,153,153)",494.0,463.0,498.0,6.275303643724696,73.50000000000004,81.08333333333337,66.26586166416888,517,3.25,0.0,417.0,417.0,0.918261,-14.488888888888887,9.0,2.421406,0.005515587529976,0.0074340527577937,0.0064748201438848,1.910828025477707,0.658519359321013,0.5000000000000782,2.583718236095259,0.696906629446657,13.352607,119.98273,917.927544,1602,348,340,60.0,120.0,1.465656,0.0,0.303075,1.465656,-0.303075,140.0331,0.2132803031166861,5000
18,2025-11-27 11:30:25.404149,can_tapper33,"rgb(228,26,28)",482.0,441.0,487.0,8.506224066390041,49.642857142857125,58.21428571428571,9.20347964598928,1500,3.475,47.0,363.0,316.0,1.331982,-21.397435897435894,78.0,2.32953,0.0110759493670886,0.0129746835443037,0.0126582278481012,7.72626931567329,1.1583727659171257,1.0000000000001563,2.0171482422437275,0.7689080884437436,59.933825,119.913644,909.60587,2158,415,400,60.0,120.0,1.705032,0.0,0.397007,1.705032,-0.397007,141.6046,0.4337585380067687,5000
19,2025-11-27 11:41:56.879671,can_tapper33,"rgb(55,126,184)",486.0,444.0,490.0,8.641975308641975,56.428571428571416,64.46428571428574,4.435521971342203,1500,3.635,52.0,326.0,274.0,1.282007,-20.557993730407524,54.0,2.274626,0.0145985401459854,0.0153284671532846,0.0160583941605839,7.172995780590718,1.1003701319405792,1.0000000000001563,1.7887444673306678,0.6126259251012969,59.985569,119.980282,691.475522,2160,473,608,60.0,120.0,1.454658,0.0,0.297707,1.454658,-0.297707,142.3004,0.9139622012868556,5000
20,2025-12-16 11:13:35.367525,can_tapper33,"rgb(77,175,74)",489.0,271.0,494.0,44.58077709611453,80.0,83.75,10.558086339184303,413,4.3,59.0,480.0,421.0,1.096173,51.02197802197802,58.0,5.791579,0.0484560570071258,0.0517814726840855,0.0496437054631829,38.92773892773893,8.077361034202488,3.000000000000469,1.384795137603295,0.8439784779960797,11.268273,119.98953,1639898.487854,855,109,103,60.0,120.0,1.8399,0.0,0.284602,1.8399,-0.284602,123.2741646778043,1.2578198686833801,2514
21,2025-12-16 11:15:35.263625,can_tapper33,"rgb(152,78,163)",490.0,221.0,497.0,54.89795918367347,81.25,85.0,21.59782272918096,1195,,0.0,380.0,380.0,1.21489,20.52054794520548,61.0,2.215342,0.0444736842105263,0.0707894736842105,0.0463157894736842,74.46808510638297,6.257209719188399,1.0000000000001563,13.796534727134544,0.5979852046590836,26.917345,119.759695,119.8961,1202,189,231,60.0,120.0,1.812086,0.0,0.283187,1.812086,-0.283187,133.0900094250707,5.150613771060868,3183
22,2025-12-16 11:17:56.260386,can_tapper33,"rgb(255,127,0)",490.0,251.0,497.0,48.775510204081634,81.25,85.0,23.141067972598016,1049,4.35,0.0,477.0,477.0,0.936025,51.5,58.0,2.034848,0.0471698113207547,0.050104821802935,0.0486373165618448,63.344051446945336,9.533751267170592,3.500000000000547,1.3942226857746738,0.6653029285624549,24.245182,7.781386,140.996761,346,47,37,60.0,120.0,1.950454,0.0,0.40965,1.950454,-0.40965,,,0
23,2025-12-16 11:58:53.589709,can_tapper33,"rgb(255,255,51)",557.0,282.0,555.0,49.371633752244165,100.0,100.0,15.51470887215658,1087,6.541666666666667,0.0,500.0,500.0,1.020081,-6.568464730290456,211.0,2.018035,0.0496,0.055,0.0492,37.16632443531827,7.163431259006432,2.0000000000003126,1.406595676542853,0.9179527765912144,24.759603,119.820356,2457.329323,1737,278,613,60.0,120.0,1.95801,0.0,-2.1022,1.95801,2.1022,148.49915,0.2489963400042407,5000
24,2025-12-17 09:52:10.416910,can_tapper33,"rgb(166,86,40)",488.0,454.0,489.0,6.967213114754098,60.0,62.08333333333334,5.43491976975493,1248,12.8,0.0,497.0,497.0,1.008246,-23.92808219178082,163.0,2.008521,0.0058350100603621,0.0068410462776659,0.0060362173038229,5.010893246187364,0.5842094937866827,0.5000000000000782,2.7289468883321724,0.7544602085866547,27.986769,119.858621,78796.827201,1776,348,429,60.0,120.0,1.532496,0.0,0.361296,1.532496,-0.361296,139.0991,0.35260325553134114,5000
25,2026-01-12 11:09:19.400033,can_tapper33,"rgb(247,129,191)",496.0,457.0,503.0,7.862903225806452,78.00000000000004,93.75,5.24701566533917,1500,-0.8916666666666666,11.0,397.0,386.0,0.819825,-7.285714285714286,10.0,2.317559,0.0067357512953367,0.0101036269430051,0.0085492227979274,4.918032786885246,0.459748798164528,0.7400000000001157,2.419945418941404,0.5282771280239751,42.76725,119.873474,2251028.983123,1182,246,289,60.0,120.0,1.857095,0.0,-2.307123,1.857095,2.307123,139.57735228002568,0.2815280657343697,2076
26,2026-01-12 14:34:15.740229,can_tapper33,"rgb(153,153,153)",496.0,459.0,499.0,7.459677419354839,78.00000000000004,87.00000000000001,2.631371291025835e-13,167,2.2666666666666666,0.0,488.0,488.0,0.607418,-7.796875,6.0,3.102437,0.0075819672131147,0.0075819672131147,0.0081967213114754,0.8264462809917356,0.2199381842893904,0.5000000000000782,2.768403112153709,0.6575202428255792,6.353475,119.961226,12296.340196,1518,336,387,60.0,120.0,1.461148,0.0,-2.102802,1.461148,2.102802,139.6745,0.5623726545630789,5000
27,2026-01-13 10:00:32.803159,can_tapper33,"rgb(228,26,28)",495.0,447.0,499.0,9.696969696969695,75.58333333333339,87.00000000000001,4.08977959545689,1500,10.425,14.0,488.0,474.0,0.421406,-12.479674796747968,15.0,2.021474,0.0075949367088607,0.010126582278481,0.0084388185654008,5.882352941176471,1.5903429839195111,1.5000000000002345,2.4549339738648777,0.7200681481123263,59.991069,119.828405,69977.06293,2160,361,284,60.0,120.0,1.525906,0.0,-2.104095,1.525906,2.104095,139.03105,0.23661063885384293,5000
28,2026-01-13 14:00:36.511048,can_tapper33,"rgb(55,126,184)",495.0,454.0,499.0,8.282828282828284,75.58333333333339,87.00000000000001,2.6424456188641123,1500,11.325,0.0,290.0,290.0,1.191977,-16.00943396226415,19.0,2.194771,0.0127586206896551,0.0141379310344827,0.0141379310344827,2.268041237113402,0.5074761494582526,1.0000000000001563,2.4549339738648777,0.7053432171554967,59.867074,119.984799,14403.707889,2160,424,419,60.0,120.0,1.601775,0.0,-2.102886,1.601775,2.102886,139.0191,0.22922848675476812,5000
29,2026-01-13 14:44:31.175490,can_tapper33,"rgb(77,175,74)",507.0,471.0,508.0,7.100591715976331,98.75,100.0,9.89392543935033e-13,230,11.45,0.0,203.0,203.0,1.113271,-10.69964664310954,81.0,2.118715,0.0133004926108374,0.0177339901477832,0.0137931034482758,1.6666666666666667,0.4803652980596294,0.5000000000000782,2.7289468883321724,0.6153877853474825,7.608584,119.960719,2634.664442,1533,300,436,60.0,120.0,1.647708,0.0,0.389311,1.647708,-0.389311,139.81865,0.6326766420902891,5000
30,2026-01-13 16:21:25.791082,can_tapper33,"rgb(152,78,163)",500.0,468.0,503.0,6.4,90.0,93.75,8.368890709780956,229,11.95,0.0,491.0,491.0,0.626761,-10.519163763066205,9.0,2.122484,0.0065173116089613,0.0065173116089613,0.0071283095723014,1.4314928425357871,0.3590533275851706,1.0200000000001594,61.839311912803545,0.746144855184014,7.604973,119.96051,5814.615592,1533,301,530,60.0,120.0,1.595589,0.0,0.39388,1.595589,-0.39388,141.3462,1.9538318893421291,5000
31,2026-01-29 11:34:37.931663,can_tapper33,"rgb(255,127,0)",499.0,453.0,,9.218436873747494,87.00000000000001,,,0,0.8800000000000001,15.5,181.0,165.5,1.236295,-3.836431226765799,85.0,2.234881,0.0193353474320241,0.0277945619335347,,6.748466257668712,0.735592304682541,0.5000000000000782,2.892719705486028,0.6062959732067208,1.537434,119.787378,1365192.140581,1458,277,586,60.0,120.0,1.7766,0.0,,1.7766,,141.0651,1.1422556367063088,5000
32,2026-01-29 14:30:00.726856,can_tapper33,"rgb(255,255,51)",495.0,494.0,,0.202020202020202,75.58333333333339,,,0,3.65,0.0,12.0,12.0,1.522577,-2.0586319218241043,443.0,2.017761,,0.0083333333333333,,0.6060606060606061,0.303030303030303,0.0200000000000031,5.948992616750902,0.5894774120210073,0.490225,119.844488,10522.795193,1446,308,403,60.0,120.0,5.323269,0.0,4.197169,5.323269,-4.197169,140.07015,0.43026561935705,5000
33,2026-01-29 14:30:04.640676,can_tapper33,"rgb(166,86,40)",495.0,459.0,495.0,7.272727272727272,75.58333333333339,75.58333333333339,1.2095235492757158e-12,69,2.65,12.0,443.0,431.0,0.821349,-6.480645161290322,13.0,2.210775,0.008352668213457,0.008352668213457,0.008352668213457,1.511879049676026,0.6169747875400869,1.0000000000001563,2.583718236095259,0.6285781862020665,4.404045,119.930754,3.91382,1494,322,419,60.0,120.0,1.409449,0.0,0.283349,1.409449,-0.283349,140.01235,0.32121739308858016,5000
34,2026-02-09 09:11:37.128004,can_tapper33,"rgb(247,129,191)",500.0,453.0,504.0,9.4,90.0,95.0,11.091530879742306,669,4.75,13.0,439.0,426.0,0.833291,-6.432692307692308,9.0,2.341342,0.0089201877934272,0.0110328638497652,0.0098591549295774,11.203319502074688,0.3420214824404978,0.7400000000001157,3.077404581544478,0.6130832174556593,16.394503,119.915225,931292.487328,1638,354,477,60.0,120.0,1.808366,0.0,0.397999,1.808366,-0.397999,140.96045,1.037563783687998,5000
35,2026-02-09 10:36:21.003626,can_tapper33,"rgb(153,153,153)",495.0,457.0,500.0,7.6767676767676765,75.58333333333339,90.0,9.884851153801474,907,2.05,0.0,363.0,363.0,1.114545,-8.935374149659864,141.0,2.024345,0.0088154269972451,0.0104683195592286,0.0101928374655647,8.1419624217119,0.5389456423047086,1.0000000000001563,2.9136317643906224,0.6870118792467834,21.149646,119.941174,5083.875622,1695,331,405,60.0,120.0,1.900144,0.0,0.2061,1.900144,-0.2061,140.22425,0.453172716083232,5000
36,2026-02-11 11:52:26.788938,can_tapper33,"rgb(228,26,28)",494.0,444.0,498.0,10.121457489878544,73.16666666666671,84.00000000000003,0.7227025434230064,1500,6.091666666666667,0.0,286.0,286.0,0.564695,-12.66158536585366,19.0,2.070893,0.0125874125874125,0.0174825174825174,0.0139860139860139,6.437768240343348,1.4828030632814608,1.5000000000002345,2.4549339738648777,0.6714139316041805,59.939577,119.885699,177365.785312,2160,458,506,60.0,120.0,1.841154,0.0,0.198119,1.841154,-0.198119,138.96505,0.2446486625624585,5000
37,2026-02-11 12:00:42.263236,can_tapper33,"rgb(55,126,184)",490.0,443.0,492.0,9.591836734693878,64.16666666666669,68.33333333333339,2.497778887901391,1500,6.14,0.0,301.0,301.0,1.13052,-15.013245033112582,24.0,2.234773,0.0122923588039867,0.0156146179401993,0.0129568106312292,3.2967032967032965,0.6249562179555648,1.0200000000001594,1.4963993819257158,0.626758885678163,59.977156,119.832386,495.474298,2158,388,462,60.0,120.0,1.5279,0.0,0.236368,1.5279,-0.236368,139.05625,0.26610636974730456,5000
38,2026-02-11 12:29:17.332280,can_tapper33,"rgb(77,175,74)",491.0,491.0,492.0,0.0,66.25000000000003,68.33333333333339,6.381958391980207,1500,4.3,0.0,9.0,9.0,0.86693,1.0486725663716814,277.0,2.06145,0.0111111111111111,0.0111111111111111,0.0111111111111111,0.6109979633401222,0.1810153615277422,0.0200000000000031,9.620584988277706,0.0272690660523587,59.998906,119.941635,1715.069044,2160,331,263,60.0,120.0,32.171273,0.0,0.366768,32.171273,-0.366768,126.68015,6.089673661417386,5000
39,2026-02-11 12:29:48.107728,can_tapper33,"rgb(152,78,163)",492.0,444.0,495.0,9.75609756097561,68.33333333333339,75.58333333333339,4.992526663344671,1500,6.316666666666666,0.0,277.0,277.0,1.298325,-1.6,20.0,17.994476,0.0122743682310469,0.0173285198555956,0.0133574007220216,8.936170212765957,0.9558951902643188,1.0000000000001563,22.311464047271706,0.3571448944718816,59.991382,119.922476,30.775448,2160,361,183,60.0,120.0,1.395825,0.0,-30.40868,1.395825,30.40868,125.1018,2.8073631787860203,5000
40,2026-02-11 13:57:56.406979,can_tapper33,"rgb(255,127,0)",492.0,440.0,495.0,10.569105691056912,68.33333333333339,75.58333333333339,4.155432957969831,1500,6.993333333333334,13.0,372.0,359.0,1.281808,-17.275964391691396,18.0,2.277034,0.0105849582172701,0.0144846796657381,0.0114206128133704,9.401709401709402,0.9943421758850698,1.0200000000001594,2.419945418941404,0.7378312363558552,59.998892,119.865449,5288.299251,2160,451,745,60.0,120.0,1.624051,0.0,0.396944,1.624051,-0.396944,138.3525,0.27140096111902606,5000
41,2026-02-11 14:27:42.381289,can_tapper33,"rgb(255,255,51)",492.0,450.0,495.0,8.536585365853659,68.33333333333339,75.58333333333339,0.6479202879647424,1500,7.341666666666666,0.0,292.0,292.0,1.436481,-19.963696369636963,23.0,2.039175,0.0136986301369863,0.0143835616438356,0.0147260273972602,9.012875536480689,0.7838525694037927,1.0000000000001563,1.406595676542853,0.5367430977865238,59.974519,119.952627,1785.97431,2160,400,411,60.0,120.0,1.72258,0.0,0.405134,1.72258,-0.405134,138.2517,0.3595107224992529,5000
42,2026-02-11 17:00:44.601059,can_tapper33,"rgb(166,86,40)",490.0,460.0,496.0,6.122448979591836,64.46428571428574,78.00000000000004,1.201333867258883,1500,8.65,32.0,308.0,276.0,0.997573,-26.44200626959248,32.0,2.090849,0.0076086956521739,0.0108695652173913,0.0097826086956521,5.084745762711864,0.5230163856833921,0.5000000000000782,1.6874737773196231,0.6013425199347036,59.939269,119.951782,9182.21977,2159,428,378,60.0,120.0,1.38143,0.0,0.400032,1.38143,-0.400032,138.96735,0.24414831389915356,5000
43,2026-02-12 13:53:33.390062,can_tapper33,"rgb(247,129,191)",499.0,446.0,503.0,10.62124248496994,87.00000000000001,93.75,4.391335285037203,1500,9.266666666666666,0.0,331.0,331.0,1.248269,-19.2031746031746,90.0,2.354693,0.0129909365558912,0.016012084592145,0.0141993957703927,8.771929824561404,0.4293060572011819,1.0000000000001563,2.291161156711022,0.705193188097893,59.791776,119.993017,75168.789003,2158,413,644,60.0,120.0,1.855937,0.0,0.396325,1.855937,-0.396325,139.21435,0.2821036936993869,5000
44,2026-02-12 14:19:49.858430,can_tapper33,"rgb(153,153,153)",500.0,450.0,504.0,10.0,90.0,95.0,4.52977979101228,1500,9.458333333333334,0.0,496.0,496.0,1.180276,-17.522875816993466,152.0,2.187376,0.008266129032258,0.0100806451612903,0.0090725806451612,8.855291576673865,1.0723855163179314,1.5000000000002345,1.5862030873085784,0.5891211974516557,59.842949,119.94393,1576.468368,2158,388,575,60.0,120.0,1.71535,0.0,0.205029,1.71535,-0.205029,139.2083,0.7456019678479936,5000
45,2026-02-16 09:04:03.297399,can_tapper33,"rgb(228,26,28)",496.0,456.0,500.0,8.064516129032258,78.00000000000004,90.0,11.40733022842582,747,0.4833333333333333,0.0,219.0,219.0,1.11659,-5.159468438538206,13.0,2.11929,0.0168949771689497,0.0182648401826484,0.0187214611872146,6.804123711340206,0.5334979854114374,1.0000000000001563,2.9136317643906224,0.6439374690830575,17.958565,119.867994,326653.438969,1656,340,443,60.0,120.0,1.509065,0.0,-2.10708,1.509065,2.10708,139.9515,0.5012713881733033,5000
46,2026-02-23 15:06:13.440862,can_tapper33,"rgb(55,126,184)",487.0,445.0,491.0,8.624229979466119,58.21428571428571,66.25000000000003,2.820115251577448e-13,1500,8.933333333333334,0.0,275.0,275.0,1.437826,-47.09407665505226,18.0,2.032371,0.012,0.0152727272727272,0.0134545454545454,5.217391304347826,1.0358957377311275,1.0000000000001563,1.801675664776153,0.7027752057996147,59.903588,119.926275,626530.143463,2158,358,391,60.0,120.0,1.589776,0.0,0.297751,1.589776,-0.297751,140.09165,0.23658819136733658,5000
47,2026-03-06 15:37:24.272513,can_tapper33,"rgb(77,175,74)",487.0,440.0,491.0,9.650924024640656,58.21428571428571,66.25000000000003,0.327333478815169,1500,14.49375,0.0,470.0,470.0,1.137175,-70.75632911392405,169.0,2.138018,0.0082978723404255,0.01,0.0091489361702127,8.849557522123893,0.9689675667662664,1.0000000000001563,2.145932504474109,0.5700224480143727,59.97615,119.944175,952270.831651,2160,467,665,60.0,120.0,1.69695,0.0,0.398446,1.69695,-0.398446,143.0284,1.9682271778543692,5000
48,2026-03-06 15:56:22.055094,can_tapper33,"rgb(152,78,163)",503.0,456.0,507.0,9.343936381709742,93.75,98.75,0.0910933738190876,1500,15.225,13.0,499.0,486.0,0.89029,-59.28990228013029,15.0,2.30004,0.0055555555555555,0.0096707818930041,0.0061728395061728,9.54356846473029,0.8939731501672818,0.5000000000000782,2.565174071178317,0.5458837181142475,59.96921,119.869239,1137.782581,2159,382,700,60.0,120.0,1.693091,0.0,0.39496,1.693091,-0.39496,143.06535,1.639620245181627,5000
49,2026-04-01 18:17:21.749768,can_tapper33,"rgb(255,127,0)",494.0,454.0,495.0,8.097165991902834,73.50000000000004,75.58333333333339,8.843540243896139e-14,1500,15.43,0.0,497.0,497.0,1.006352,-56.230283911671926,20.0,2.009451,0.0062374245472837,0.0080482897384305,0.0064386317907444,3.054989816700611,0.728854485007296,1.0000000000001563,2.565174071178317,0.6329763726148245,59.825089,119.997702,2254859.694674,2159,465,624,60.0,120.0,1.859438,0.0,0.299438,1.859438,-0.299438,143.18655,0.5133364397353665,5000
50,2026-04-01 21:27:30.792446,can_tapper33,"rgb(255,255,51)",491.0,454.0,494.0,7.535641547861507,66.25000000000003,73.16666666666671,0.1112622716723792,1500,15.875,0.0,496.0,496.0,1.075047,-66.03715170278637,12.0,2.078723,0.0066532258064516,0.0074596774193548,0.007258064516129,4.680851063829787,0.7899077512900858,0.5000000000000782,2.892719705486028,0.596543382683036,59.978547,119.891154,11409.042678,2159,399,552,60.0,120.0,1.600453,0.0,0.396853,1.600453,-0.396853,142.47985,1.0725724030627966,5000
51,2026-04-02 06:02:45.276326,can_tapper33,"rgb(166,86,40)",479.0,436.0,482.0,8.977035490605429,44.68749999999998,49.5535714285714,3.978481768213346,1500,13.891666666666666,14.0,354.0,340.0,0.952408,-184.41612903225808,-30.0,,0.0070588235294117,0.0126470588235294,0.0079411764705882,10.22222222222222,1.8833245483869787,0.7600000000001188,6.708616137836345,0.9361462986300296,59.986092,120.000476,30914.48388,2160,377,649,60.0,120.0,1.592532,0.0,0.304283,1.592532,-0.304283,136.9228,1.0114196725151363,5000
52,2026-04-02 08:05:42.767828,can_tapper33,"rgb(247,129,191)",499.0,460.0,499.0,7.8156312625250495,87.00000000000001,87.00000000000001,1.187484972215234,1500,21.266666666666666,0.0,446.0,446.0,0.445455,-72.09235668789809,18.0,2.046326,0.0033632286995515,0.008744394618834,0.0033632286995515,7.43801652892562,1.443643715463577,0.5000000000000782,2.892719705486028,0.783955332472893,59.944369,119.953336,7377.491502,2160,381,523,60.0,120.0,1.390857,0.0,0.30048,1.390857,-0.30048,145.0512,0.2832747940108194,5000
53,2026-04-02 09:04:16.996410,can_tapper33,"rgb(153,153,153)",502.0,456.0,503.0,9.163346613545816,92.5,93.75,2.9232752156300525e-13,1500,17.98333333333333,0.0,334.0,334.0,1.10883,-45.76897689768977,87.0,2.108874,0.0095808383233532,0.0137724550898203,0.009880239520958,5.306122448979592,0.8623406301884616,1.0000000000001563,2.565174071178317,0.6652683588859436,59.943025,119.964174,3514.228582,2160,414,505,60.0,120.0,1.9278,0.0,0.296824,1.9278,-0.296824,143.3139,0.6698556048181004,5000
54,2026-04-02 09:45:38.556712,can_tapper33,"rgb(228,26,28)",495.0,465.0,496.0,6.0606060606060606,75.58333333333339,78.00000000000004,2.341698818532182,1500,14.466666666666663,0.0,465.0,465.0,0.854949,-76.15562913907284,30.0,2.257899,0.0051612903225806,0.0064516129032258,0.0053763440860215,4.883227176220807,0.4191653242243809,0.0400000000000062,2.892719705486028,0.8199060727237203,59.892101,119.983793,2481.560302,2160,408,475,60.0,120.0,1.721292,0.0,0.397099,1.721292,-0.397099,142.5271,0.12255037216889683,5000
55,2026-04-02 10:27:26.033801,can_tapper33,"rgb(55,126,184)",503.0,477.0,506.0,5.168986083499006,93.75,97.5,0.8047203576527507,1500,18.525,0.0,362.0,362.0,1.079426,-38.790625,7.0,2.084569,0.005524861878453,0.0071823204419889,0.0063535911602209,3.519668737060041,0.7439439119575054,0.5000000000000782,2.27471676670449,0.6305497665425226,59.984149,119.963225,2507.477089,2159,375,501,60.0,120.0,1.780668,0.0,0.263476,1.780668,-0.263476,142.64805,0.52371132526467,5000
56,2026-04-02 10:51:59.525774,can_tapper33,"rgb(77,175,74)",502.0,464.0,503.0,7.569721115537849,92.5,93.75,2.601263378338455,1500,18.525,0.0,416.0,416.0,0.422908,-43.70234113712375,8.0,2.027114,0.0040865384615384,0.0091346153846153,0.0040865384615384,8.008213552361397,1.6848442271761943,1.0000000000001563,2.565174071178317,0.7242094801718436,59.973285,119.912699,1473.491973,2159,388,577,60.0,120.0,1.381533,0.0,0.281987,1.381533,-0.281987,143.6412,0.4757970539710026,5000
57,2026-04-02 12:12:21.009011,can_tapper33,"rgb(152,78,163)",488.0,466.0,500.0,4.508196721311475,60.0,90.0,5.919167075184378,1500,18.525,77.0,412.0,335.0,1.019199,-83.20307692307692,120.0,2.022725,0.004776119402985,0.0065671641791044,0.0083582089552238,3.389830508474576,0.7466180037774439,0.0200000000000031,2.565174071178317,0.8002119443046741,59.994825,119.960098,4821.483237,2159,401,548,60.0,120.0,1.878293,0.0,0.198825,1.878293,-0.198825,142.73665,0.3592145382873229,5000
58,2026-04-02 12:23:00.666508,can_tapper33,"rgb(255,127,0)",502.0,474.0,504.0,5.577689243027888,92.5,95.0,4.380481946880039,1500,21.6,11.0,388.0,377.0,0.884821,-51.294117647058826,34.0,2.385,0.0034482758620689,0.0074270557029177,0.0039787798408488,5.9760956175298805,0.572394840616356,0.5000000000000782,5.159990349844154,0.2011558723399933,59.987075,119.954924,639.657497,2159,406,587,60.0,120.0,1.6975,0.0,0.277325,1.6975,-0.277325,140.76555,4.107803002409248,5000
59,2026-04-02 12:43:07.787689,can_tapper33,"rgb(255,255,51)",495.0,466.0,498.0,5.858585858585859,75.58333333333339,84.00000000000003,4.490437551304787,1500,18.566666666666663,0.0,500.0,500.0,0.583331,-80.53,15.0,2.084699,0.0042,0.0058,0.0048,5.485232067510548,0.8049552964706845,0.5000000000000782,2.565174071178317,0.5799296944242436,59.984095,77.757686,1207.121181,1653,280,442,60.0,120.0,1.473023,0.0,0.322704,1.473023,-0.322704,142.73239654107473,2.229735223005698,3238
60,2026-06-09 13:05:33.844964,can_tapper33,"rgb(166,86,40)",503.0,466.0,504.0,7.3558648111332,93.75,95.0,1.8887030616450824,1500,22.15,0.0,480.0,480.0,1.068174,-52.1115107913669,49.0,2.074642,0.00625,0.0077083333333333,0.0064583333333333,4.862579281183932,0.7871876920987474,0.7600000000001188,16.260732598816453,0.6753556090665294,59.988551,119.878964,5876546.057275,2160,316,504,60.0,120.0,1.569424,0.0,0.297774,1.569424,-0.297774,141.42205,1.4144385546162754,5000
61,2026-06-09 14:05:58.325475,can_tapper33,"rgb(247,129,191)",503.0,455.0,504.0,9.542743538767397,93.75,95.0,2.9232752156300525e-13,1500,22.425,0.0,482.0,482.0,1.072913,-47.93050193050193,9.0,2.077562,0.0070539419087136,0.0099585062240663,0.0072614107883817,11.515151515151516,1.386596225951352,1.0000000000001563,24.22479167339065,0.6394273880678758,59.883,119.992473,3624.480511,2159,276,546,60.0,120.0,1.831159,0.0,0.300274,1.831159,-0.300274,141.384,1.2714430044097182,5000
62,2026-06-09 14:52:58.856395,can_tapper33,"rgb(153,153,153)",504.0,464.0,505.0,7.936507936507936,95.0,96.25,1.1044982686653737,1500,22.380000000000003,0.0,495.0,495.0,1.108654,-39.18367346938776,137.0,2.015757,0.0076767676767676,0.008080808080808,0.0078787878787878,6.639839034205232,0.7811920165693093,1.0000000000001563,2.419945418941404,0.5447534542542689,59.990117,119.952515,2820.53092,2160,321,679,60.0,120.0,1.841632,0.0,0.198032,1.841632,-0.198032,141.78595,1.137158178638525,5000
63,2026-06-09 15:51:34.860806,can_tapper33,"rgb(228,26,28)",504.0,461.0,507.0,8.531746031746032,95.0,98.75,3.5001526667337144,1500,22.135,7.0,477.0,470.0,1.049301,-32.41818181818182,10.0,2.049558,0.0076595744680851,0.0091489361702127,0.0082978723404255,5.982905982905983,0.9466439973150472,0.5000000000000782,2.27471676670449,0.7511518339022263,59.928586,119.889294,3516.004411,2158,291,429,60.0,120.0,1.650264,0.0,0.398856,1.650264,-0.398856,141.0207,0.4143438742988625,5000
64,2026-06-09 16:31:40.018442,can_tapper33,"rgb(55,126,184)",512.0,466.0,515.0,8.984375,100.0,100.0,4.033264014783159,1500,22.23333333333333,0.0,495.0,495.0,1.017657,-28.288753799392097,8.0,2.01757,0.0078787878787878,0.0092929292929292,0.0084848484848484,5.708245243128964,0.8136104928588338,1.0000000000001563,2.0171482422437275,0.7876079512140549,59.946054,119.989851,2405.157636,2158,398,509,60.0,120.0,1.767169,0.0,0.378628,1.767169,-0.378628,140.72765,0.40573501411684576,5000
65,2026-06-09 17:15:39.459272,can_tapper33,"rgb(77,175,74)",508.0,466.0,511.0,8.267716535433072,100.0,100.0,2.2268158053650227e-13,1500,21.975,3.0,494.0,491.0,1.003602,-29.41176470588235,136.0,2.007783,0.0059063136456211,0.0085539714867617,0.0065173116089613,4.801670146137787,0.772186409327627,1.0000000000001563,1.9029463547871976,0.6846078113106908,59.993592,119.825212,2639.44083,2158,323,446,60.0,120.0,1.782726,0.0,0.407682,1.782726,-0.407682,140.57745,0.2898375383896237,5000
66,2026-06-09 19:44:46.931502,can_tapper33,"rgb(152,78,163)",501.0,459.0,504.0,8.383233532934131,91.25,95.0,1.4581695369636314,1500,20.83,0.0,492.0,492.0,1.090439,-46.79099678456592,7.0,2.092439,0.0071138211382113,0.0085365853658536,0.0077235772357723,6.722689075630252,0.7389422228142754,1.0000000000001563,9.225463095875336,0.6498991419789207,59.8432,119.947561,8947.47223,2158,341,588,60.0,120.0,1.635983,0.0,0.397948,1.635983,-0.397948,142.8505,0.9100496624238519,5000
67,2026-06-09 20:01:14.131222,can_tapper33,"rgb(255,127,0)",529.0,473.0,572.0,10.58601134215501,100.0,100.0,39.0723195876913,1500,20.885,6.0,499.0,493.0,0.723225,-25.69407894736842,8.0,2.128542,0.0099391480730223,0.0113590263691683,0.0186612576064908,9.74155069582505,1.1174448381732631,1.0000000000001563,3.2856717655465824,0.7256484687548214,59.900257,119.945356,987.19972,2159,454,639,60.0,120.0,1.670887,0.0,0.385075,1.670887,-0.385075,143.29585,0.6211581481307008,5000
68,2026-06-09 20:45:00.858817,can_tapper33,"rgb(255,255,51)",511.0,462.0,512.0,9.58904109589041,100.0,100.0,0.0639289173015674,1500,20.616666666666667,7.0,497.0,490.0,0.681699,-25.693548387096776,115.0,2.189076,0.0048979591836734,0.01,0.0051020408163265,5.95482546201232,0.7225884948205608,1.260000000000197,1.7887444673306678,0.6970984484431111,59.906225,119.980467,2626.727595,2159,383,651,60.0,120.0,1.706228,0.0,0.398374,1.706228,-0.398374,140.95855,0.4097596589412898,5000
69,2026-06-09 20:56:16.847775,can_tapper33,"rgb(166,86,40)",508.0,464.0,512.0,8.661417322834646,100.0,100.0,2.2268158053650227e-13,1500,20.525,0.0,498.0,498.0,0.869133,-26.948630136986303,10.0,2.274016,0.0068273092369477,0.0088353413654618,0.0076305220883534,7.172995780590718,0.8035654759425028,1.0000000000001563,2.27471676670449,0.7283308640409187,59.929036,119.932509,675.988958,2159,303,509,60.0,120.0,1.602383,0.0,0.397255,1.602383,-0.397255,141.0705,0.3602508933247318,5000
70,2026-06-10 06:21:41.895400,can_tapper33,"rgb(247,129,191)",496.0,438.0,497.0,11.693548387096774,78.00000000000004,81.00000000000004,0.3060534693570427,1500,17.775,8.5,304.0,295.5,1.145998,-70.40728476821192,92.0,2.155331,0.0175972927241962,0.0196277495769881,0.0179357021996615,10.76923076923077,1.316657275690834,1.0000000000001563,15.558206486264645,0.4058907201960394,59.99229,119.939075,33925.047625,2160,347,547,60.0,120.0,1.539705,0.0,0.337122,1.539705,-0.337122,136.6128,1.4646348319764169,5000
71,2026-06-10 07:27:22.836553,can_tapper33,"rgb(153,153,153)",512.0,445.0,512.0,13.0859375,100.0,100.0,1.7938763528334438,1500,18.7,0.0,464.0,464.0,0.994051,-30.33333333333333,17.0,2.091049,0.0066810344827586,0.0144396551724137,0.0066810344827586,17.99163179916318,1.7004574568043944,1.5000000000002345,2.0171482422437275,0.6974212586969109,59.934475,119.999979,3940.941153,2160,432,602,60.0,120.0,1.715901,0.0,0.397304,1.715901,-0.397304,140.8426,0.5867871026365205,5000
72,2026-06-10 08:03:49.610935,can_tapper33,"rgb(228,26,28)",515.0,457.0,517.0,11.262135922330096,100.0,100.0,4.121895165286245,1500,18.696666666666665,0.0,295.0,295.0,1.159304,-23.97297297297297,10.0,2.152128,0.0138983050847457,0.0196610169491525,0.0145762711864406,11.203319502074688,0.8120326858182121,1.0000000000001563,1.5862030873085784,0.5548085509743346,59.953235,119.945258,2186.774382,2160,310,516,60.0,120.0,1.405477,0.0,0.297025,1.405477,-0.297025,140.653,0.44244225728353404,5000
73,2026-06-10 08:33:42.102224,can_tapper33,"rgb(55,126,184)",508.0,463.0,512.0,8.858267716535433,100.0,100.0,2.2268158053650227e-13,1500,18.616666666666667,8.0,498.0,490.0,0.906523,-26.757097791798103,142.0,2.809781,0.0081632653061224,0.0091836734693877,0.0089795918367346,9.240246406570842,0.9583535959629166,1.0000000000001563,2.27471676670449,0.5976923342028073,59.999885,119.936332,1792.491289,2159,339,587,60.0,120.0,1.653007,0.0,0.370752,1.653007,-0.370752,141.98455,0.5912856511401459,5000
74,2026-06-10 08:49:24.494377,can_tapper33,"rgb(77,175,74)",511.0,462.0,512.0,9.58904109589041,100.0,100.0,2.2268158053650227e-13,1500,18.725,7.0,499.0,492.0,0.871647,-25.287128712871286,10.0,2.374375,0.0091463414634146,0.0099593495934959,0.0093495934959349,13.347022587268992,0.7069788434842147,1.0000000000001563,1.7887444673306678,0.5544261802981125,59.881967,119.989227,942.392153,2159,338,586,60.0,120.0,1.755742,0.0,0.396942,1.755742,-0.396942,141.10585,0.43957015581629555,5000
75,2026-06-10 09:43:24.563405,can_tapper33,"rgb(152,78,163)",508.0,450.0,511.0,11.41732283464567,100.0,100.0,2.2268158053650227e-13,1500,18.91,9.5,499.0,489.5,0.732265,-25.181818181818183,125.0,2.140871,0.0106230847803881,0.0118488253319713,0.0112359550561797,11.297071129707112,1.2414573375050155,1.5000000000002345,2.892719705486028,0.7240472811939023,59.972377,119.952489,3240.069028,2159,387,567,60.0,120.0,1.897344,0.0,0.297205,1.897344,-0.297205,143.13565,0.5119951223410761,5000
76,2026-06-10 09:58:37.137395,can_tapper33,"rgb(255,127,0)",509.0,452.0,512.0,11.19842829076621,100.0,100.0,0.9306048580461866,1500,18.975,0.0,459.0,459.0,1.055497,-23.67,8.0,2.059249,0.0078431372549019,0.0124183006535947,0.0084967320261437,11.016949152542374,1.8800613010198368,1.2400000000001938,2.27471676670449,0.7327287461498946,59.874411,119.960078,912.57399,2158,323,610,60.0,120.0,1.729701,0.0,0.374327,1.729701,-0.374327,142.5139,0.4421208931691413,5000
77,2026-06-10 13:01:42.920175,can_tapper33,"rgb(255,255,51)",504.0,444.0,507.0,11.904761904761903,95.0,98.75,2.080347591265113,1500,19.83452380952381,12.0,500.0,488.0,0.754462,-56.98214285714285,120.0,2.157544,0.008811475409836,0.0122950819672131,0.0094262295081967,9.327548806941431,1.2200224133518027,1.0000000000001563,6.708616137836345,0.6200110870597202,59.849664,119.992293,10985.78278,2158,337,525,60.0,120.0,1.56599,0.0,0.299071,1.56599,-0.299071,143.49985,1.5928496198581306,5000
78,2026-06-10 13:22:25.542389,can_tapper33,"rgb(166,86,40)",512.0,458.0,515.0,10.546875,100.0,100.0,0.301964578651164,1500,20.0125,6.0,499.0,493.0,0.787303,-31.197916666666668,8.0,2.284515,0.0087221095334685,0.0109533468559837,0.0093306288032454,12.830957230142566,0.7976146017058372,1.0000000000001563,2.847886033925432,0.5581916464475041,59.965724,119.966139,1242.622214,2160,306,693,60.0,120.0,1.436762,0.0,0.303818,1.436762,-0.303818,144.41875,0.6641906106937344,5000
79,2026-06-10 13:30:18.176709,can_tapper33,"rgb(247,129,191)",512.0,457.0,516.0,10.7421875,100.0,100.0,4.167681852302775,1500,20.117857142857144,0.0,483.0,483.0,1.029693,-27.98269896193772,16.0,2.028151,0.0089026915113871,0.0113871635610766,0.0097308488612836,10.460251046025103,1.2919590530672778,1.2400000000001938,4.800667921661186,0.6776884694324992,59.852445,119.989553,472.63432,2158,379,680,60.0,120.0,1.698457,0.0,0.397925,1.698457,-0.397925,144.15985,0.7534248517941521,5000
80,2026-06-10 14:17:48.570604,can_tapper33,"rgb(153,153,153)",512.0,471.0,515.0,8.0078125,100.0,100.0,1.2014494228661745,1500,17.55,0.0,293.0,293.0,1.321532,-23.87889273356401,12.0,2.32009,0.0109215017064846,0.0139931740614334,0.0119453924914675,7.276507276507276,0.8642360536789984,1.5000000000002345,1.9029463547871976,0.6001511947033943,59.933982,119.941888,2850.393895,2159,304,488,60.0,120.0,1.838233,0.0,0.300426,1.838233,-0.300426,141.0326,0.6921763226321476,5000
81,2026-06-10 14:48:32.325815,can_tapper33,"rgb(228,26,28)",520.0,476.0,524.0,8.461538461538462,100.0,100.0,4.308081914702034,1500,20.39666666666667,0.0,500.0,500.0,1.02015,-21.263665594855304,136.0,2.023283,0.0084,0.0088,0.0092,9.533468559837727,0.5453035388566834,1.0000000000001563,1.9029463547871976,0.6714015856642627,59.9747,119.896819,1843.755211,2160,370,540,60.0,120.0,1.861662,0.0,0.39805,1.861662,-0.39805,141.3485,0.6193137007142074,5000
82,2026-06-10 14:58:55.941812,can_tapper33,"rgb(55,126,184)",509.0,469.0,512.0,7.858546168958743,100.0,100.0,2.2268158053650227e-13,1500,20.47,0.0,401.0,401.0,1.086951,-24.43448275862069,8.0,2.091932,0.0084788029925187,0.0099750623441396,0.0092269326683291,7.157464212678937,0.9726907168595728,0.5000000000000782,2.419945418941404,0.6740598662593177,59.886426,119.971075,623.615997,2160,319,484,60.0,120.0,1.49312,0.0,0.298829,1.49312,-0.298829,143.44725,0.4493276271978838,5000
83,2026-06-10 18:43:16.297304,can_tapper33,"rgb(77,175,74)",501.0,451.0,504.0,9.98003992015968,91.25,95.0,2.9232752156300525e-13,1500,21.08333333333333,6.5,499.0,492.5,0.665125,-71.20422535211267,124.0,2.16868,0.0069035532994923,0.0101522842639593,0.0075126903553299,12.065439672801636,0.6649664651863627,1.0200000000001594,3.6216095866957536,0.6034925405169818,59.856015,119.995994,13460.355492,2159,319,568,60.0,120.0,1.826622,0.0,0.3975,1.826622,-0.3975,139.87615,1.6155171483556698,5000
84,2026-06-10 18:51:38.317462,can_tapper33,"rgb(152,78,163)",519.0,454.0,520.0,12.524084778420038,100.0,100.0,4.236899660843685,1500,21.18333333333333,0.0,499.0,499.0,0.671819,-48.70845481049562,127.0,2.169251,0.0104208416833667,0.0130260521042084,0.0106212424849699,13.535353535353536,0.7701822220187647,1.5000000000002345,2.9136317643906224,0.7850952823515425,59.986954,119.850867,502.020158,2159,400,584,60.0,120.0,1.783042,0.0,0.398169,1.783042,-0.398169,143.7005,0.41226052654647827,5000
85,2026-06-10 19:13:42.412566,can_tapper33,"rgb(255,127,0)",528.0,473.0,572.0,10.416666666666668,100.0,100.0,68.34357704157921,1500,21.05,7.0,497.0,490.0,0.841269,-27.29931972789116,12.0,2.431606,0.0091836734693877,0.0112244897959183,0.0181632653061224,11.287128712871286,0.792621896662962,1.2400000000001938,4.413195167492838,0.4978057636968137,59.90461,119.972978,1324.095104,2159,469,711,60.0,120.0,1.54093,0.0,0.397727,1.54093,-0.397727,142.9654,0.5162423280091353,5000
86,2026-06-10 19:28:49.951736,can_tapper33,"rgb(255,255,51)",512.0,470.0,515.0,8.203125,100.0,100.0,2.2268158053650227e-13,1500,24.125,0.0,480.0,480.0,1.069953,-24.827225130890053,13.0,2.072134,0.0064583333333333,0.0087499999999999,0.0070833333333333,4.990019960079841,0.7492940580494455,1.0000000000001563,119.99999999999996,0.5030170119981756,59.958914,119.868566,907.53917,2159,248,308,60.0,120.0,1.586807,0.0,0.397703,1.586807,-0.397703,133.61515,5.515742258303001,5000
87,2026-06-10 19:35:02.938306,can_tapper33,"rgb(166,86,40)",511.0,468.0,512.0,8.414872798434441,100.0,100.0,2.2268158053650227e-13,1500,20.89,6.5,497.0,490.5,0.932891,-28.88888888888889,162.0,2.344207,0.0067278287461773,0.0087665647298674,0.0067278287461773,6.889352818371608,0.870890448979275,1.5000000000002345,119.99999999999996,0.446594351379331,59.835846,119.974764,372.98657,2158,224,455,60.0,120.0,1.959079,0.0,0.298371,1.959079,-0.298371,133.4295,5.456054751987847,5000
88,2026-06-10 21:06:07.188296,can_tapper33,"rgb(247,129,191)",504.0,455.0,505.0,9.722222222222223,95.0,96.25,2.9232752156300525e-13,1500,20.275,0.0,499.0,499.0,0.890232,-48.78737541528239,8.0,3.388727,0.007815631262525,0.0098196392785571,0.0080160320641282,9.894736842105264,0.7295858054451283,1.0000000000001563,12.99504393643942,0.6830927146877566,59.993123,119.990246,5464.24999,2160,356,585,60.0,120.0,1.702348,0.0,0.302854,1.702348,-0.302854,142.7102,1.117190934046738,5000
89,2026-06-10 21:48:58.984017,can_tapper33,"rgb(153,153,153)",513.0,457.0,516.0,10.916179337231968,100.0,100.0,3.4638948728418844,1500,19.87916666666667,8.0,497.0,489.0,0.676026,-22.429054054054053,129.0,2.184982,0.0087934560327198,0.0114519427402862,0.00920245398773,10.169491525423728,1.1522643921715945,1.5000000000002345,1.9029463547871976,0.7839624489769228,59.953111,119.967478,2571.795721,2159,399,506,60.0,120.0,1.759031,0.0,0.240454,1.759031,-0.240454,141.0032,0.41333875911410894,5000
90,2026-06-10 22:33:00.217610,can_tapper33,"rgb(228,26,28)",505.0,458.0,508.0,9.306930693069306,96.25,100.0,1.6527483802237072e-14,1500,19.55833333333333,8.0,277.0,269.0,1.124378,-36.55743243243244,10.0,2.120236,0.0133828996282527,0.0174721189591078,0.0144981412639405,7.627118644067797,0.9203630114280774,1.0000000000001563,3.785382403849609,0.6472994979542677,59.98311,119.919939,2641.233593,2158,346,473,60.0,120.0,1.327105,0.0,0.35648,1.327105,-0.35648,143.78825,0.6390665995995832,5000
91,2026-06-10 23:34:17.156235,can_tapper33,"rgb(55,126,184)",512.0,462.0,515.0,9.765625,100.0,100.0,4.739237661882423,1500,19.59166666666667,6.0,500.0,494.0,0.8204,-21.588607594936708,-10.0,,0.0042510121457489,0.0101214574898785,0.0048582995951417,4.684317718940937,0.5807612070535668,1.0000000000001563,2.0171482422437275,0.7052698091685266,59.884372,119.838727,3676.938625,2157,328,554,60.0,120.0,1.378146,0.0,0.39753,1.378146,-0.39753,142.99955,0.7165298182880153,5000
92,2026-06-10 23:57:43.230203,can_tapper33,"rgb(77,175,74)",508.0,444.0,509.0,12.598425196850393,100.0,100.0,0.3350757044780238,1500,22.48333333333333,0.0,499.0,499.0,0.674316,-26.417445482866043,114.0,2.080178,0.0114228456913827,0.0128256513026052,0.0116232464929859,12.236286919831224,1.4772824592834486,1.260000000000197,3.121898948392727,0.7598239285777016,59.960595,119.897414,1406.073968,2160,368,597,60.0,120.0,1.599724,0.0,0.305145,1.599724,-0.305145,144.5711,0.548730362748699,5000
93,2026-06-11 00:32:49.608574,can_tapper33,"rgb(152,78,163)",512.0,462.0,515.0,9.765625,100.0,100.0,4.359726382099638,1500,19.2,0.0,499.0,499.0,0.843789,-24.52960526315789,63.0,2.250094,0.008817635270541,0.0100200400801603,0.0094188376753507,9.387755102040815,0.9139209663412486,1.5000000000002345,2.419945418941404,0.7176623315970829,59.958457,119.935699,2106.378371,2158,369,555,60.0,120.0,1.8622,0.0,0.298097,1.8622,-0.298097,143.66815,0.6740021760250222,5000
94,2026-06-11 01:10:32.971296,can_tapper33,"rgb(255,127,0)",508.0,469.0,511.0,7.677165354330709,100.0,100.0,2.503112223604854,1500,18.741666666666667,0.0,485.0,485.0,1.062451,-25.398058252427184,12.0,2.062137,0.0065979381443298,0.008041237113402,0.0072164948453608,5.042016806722689,0.7794221063646092,1.0000000000001563,2.768403112153709,0.6555171403035516,59.951736,119.866514,2263.362722,2158,354,641,60.0,120.0,1.848409,0.0,0.398601,1.848409,-0.398601,144.657,0.511129387386554,5000
95,2026-06-11 01:21:30.984704,can_tapper33,"rgb(255,255,51)",507.0,458.0,508.0,9.664694280078894,98.75,100.0,2.082463147761183,1500,18.585,7.0,499.0,492.0,0.850427,-25.27439024390244,14.0,2.365069,0.0089430894308943,0.0099593495934959,0.0091463414634146,14.285714285714286,0.8365885802954272,1.0000000000001563,3.121898948392727,0.66484948240391,59.900411,119.985445,658.013408,2159,413,601,60.0,120.0,1.746591,0.0,0.398302,1.746591,-0.398302,144.77625,0.742383771531174,5000
96,2026-06-11 02:23:29.339707,can_tapper33,"rgb(166,86,40)",505.0,459.0,508.0,9.108910891089108,96.25,100.0,0.0415111295604279,1500,17.883333333333333,0.0,257.0,257.0,1.349156,-27.22340425531915,10.0,3.348861,0.0124513618677042,0.0178988326848249,0.0136186770428015,6.666666666666667,0.8789534114252956,1.0000000000001563,3.211530999738488,0.6737065835733199,59.968457,119.940966,3718.355003,2159,358,427,60.0,120.0,1.52711,0.0,0.197926,1.52711,-0.197926,145.1517,0.6833231271509183,5000
97,2026-06-11 02:53:36.690830,can_tapper33,"rgb(247,129,191)",505.0,455.0,508.0,9.9009900990099,96.25,100.0,1.6527483802237072e-14,1500,17.75857142857143,7.0,499.0,492.0,0.623963,-28.15753424657534,117.0,2.120746,0.0089430894308943,0.0101626016260162,0.0095528455284552,8.902691511387163,0.7985833306042406,1.0000000000001563,3.920278060609621,0.7336914416021194,59.936615,119.925911,1807.351123,2159,362,570,60.0,120.0,1.526662,0.0,0.396911,1.526662,-0.396911,145.71575,0.6758740997106792,5000
98,2026-06-11 06:42:46.439824,can_tapper33,"rgb(153,153,153)",500.0,459.0,503.0,8.200000000000001,90.0,93.75,2.9232752156300525e-13,1500,16.456666666666667,0.0,494.0,494.0,1.093285,-52.11301369863013,10.0,2.099079,0.0076923076923076,0.0082995951417004,0.0082995951417004,6.365503080082136,1.183408905869455,1.0200000000001594,3.520532469129257,0.6931479327363527,59.941409,119.972063,13749.748994,2159,308,715,60.0,120.0,1.600113,0.0,0.310599,1.600113,-0.310599,143.0613,0.7356463451340537,5000
99,2026-06-11 07:22:40.657749,can_tapper33,"rgb(228,26,28)",511.0,452.0,513.0,11.545988258317024,100.0,100.0,0.4195557420246178,1500,16.542857142857144,0.0,500.0,500.0,0.574107,-25.28938906752412,91.0,2.076656,0.0072,0.0117999999999999,0.0076,7.042253521126761,1.2369425231995994,1.260000000000197,4.257083343964609,0.7209940081685027,59.974341,119.914889,2394.217925,2159,342,600,60.0,120.0,1.516208,0.0,0.3121,1.516208,-0.3121,145.02945,0.805046469133224,5000
100,2026-06-11 07:30:06.777969,can_tapper33,"rgb(55,126,184)",517.0,471.0,524.0,8.897485493230175,100.0,100.0,6.727256323223772,1500,19.4,0.0,499.0,499.0,0.774544,-24.838509316770185,120.0,2.275425,0.0070140280561122,0.0092184368737474,0.0084168336673346,2.9702970297029703,0.6191776182341785,1.5000000000002345,4.636895104507331,0.6276301438446203,59.907512,119.893475,446.12022,2158,384,488,60.0,120.0,1.827012,0.0,0.320863,1.827012,-0.320863,144.86665,0.7600794837804022,5000
101,2026-06-11 12:35:34.841660,can_tapper33,"rgb(77,175,74)",497.0,456.0,500.0,8.249496981891348,81.00000000000004,90.0,4.1561676920411876e-14,1500,16.7,8.0,499.0,491.0,0.88275,-62.24832214765101,15.0,2.288682,0.0063136456211812,0.0083503054989816,0.0069246435845213,8.547008547008547,0.9806464635904968,0.5000000000000782,119.99999999999996,0.4436809580030789,59.935549,119.888541,18328.063691,2158,187,434,60.0,120.0,1.66037,0.0,0.39853,1.66037,-0.39853,132.15115,5.367243486001945,5000
102,2026-06-11 12:49:35.724911,can_tapper33,"rgb(152,78,163)",497.0,444.0,500.0,10.663983903420524,81.00000000000004,90.0,4.1561676920411876e-14,1500,16.68,8.0,497.0,489.0,0.639472,-57.61635220125786,43.0,2.135654,0.0079754601226993,0.0108384458077709,0.0085889570552147,9.170305676855897,1.2806755374132754,1.0000000000001563,2.145932504474109,0.3862555699486849,59.926849,119.98477,840.883251,2159,338,432,60.0,120.0,1.53565,0.0,0.39905,1.53565,-0.39905,140.4921,1.7601511913591872,5000
103,2026-06-11 13:29:45.758632,can_tapper33,"rgb(255,127,0)",496.0,449.0,499.0,9.475806451612904,78.00000000000004,87.00000000000001,8.843540243896139e-14,1500,16.935,0.0,307.0,307.0,1.315493,-60.89808917197452,128.0,2.407756,0.0123778501628664,0.0153094462540716,0.0133550488599348,7.359307359307359,0.6252524670640812,1.0000000000001563,2.145932504474109,0.7017175182666902,59.966341,119.841809,2410.033721,2158,350,492,60.0,120.0,1.857673,0.0,0.3979,1.857673,-0.3979,140.986,0.5393163936269141,5000
104,2026-06-11 13:44:05.082949,can_tapper33,"rgb(255,255,51)",524.0,477.0,536.0,8.969465648854962,100.0,100.0,52.09476981988954,1500,17.26666666666667,0.0,498.0,498.0,0.826376,-44.82051282051282,10.0,2.826799,0.0070281124497991,0.009437751004016,0.0092369477911646,7.755102040816326,0.915373811754715,1.0200000000001594,1.5862030873085784,0.6273985079604494,59.891196,119.977201,859.324317,2158,453,826,60.0,120.0,1.5358,0.0,0.397274,1.5358,-0.397274,142.46365,0.30969397729350595,5000
105,2026-06-11 17:19:47.743443,can_tapper33,"rgb(166,86,40)",505.0,454.0,508.0,10.0990099009901,96.25,100.0,1.6527483802237072e-14,1500,20.005000000000003,0.0,500.0,500.0,0.681537,-47.13915857605178,116.0,2.08664,0.0056,0.0102,0.0061999999999999,10.144927536231885,1.2207947459718274,1.260000000000197,5.159990349844154,0.5112805600005028,59.934159,119.911126,12942.660494,2160,328,586,60.0,120.0,1.739411,0.0,0.397877,1.739411,-0.397877,141.1118,1.8105610694690903,5000
106,2026-06-11 17:25:23.809992,can_tapper33,"rgb(247,129,191)",516.0,465.0,519.0,9.883720930232558,100.0,100.0,4.649797622131889,1500,19.991666666666667,0.0,497.0,497.0,0.655462,-38.11073825503356,12.0,2.149836,0.007645875251509,0.0102615694164989,0.0082494969818913,8.559498956158665,1.088175922536475,1.5000000000002345,4.477002937824031,0.6310199812201589,59.864383,119.991567,336.066549,2160,313,634,60.0,120.0,1.512788,0.0,0.359701,1.512788,-0.359701,143.6063,1.413913059571934,5000
107,2026-06-11 17:36:16.466295,can_tapper33,"rgb(153,153,153)",516.0,467.0,520.0,9.496124031007753,100.0,100.0,4.557042025351789,1500,20.43285714285714,5.0,497.0,492.0,0.681269,-28.05298013245033,101.0,2.182228,0.007520325203252,0.0099593495934959,0.008130081300813,8.333333333333334,1.0043604358903728,1.0000000000001563,3.785382403849609,0.5910734169499311,59.980491,119.958963,652.656303,2159,318,548,60.0,120.0,1.685824,0.0,0.398494,1.685824,-0.398494,144.87265,0.45404923702382277,5000
108,2026-06-11 19:05:00.516408,can_tapper33,"rgb(228,26,28)",504.0,456.0,507.0,9.523809523809524,95.0,98.75,0.3004445779755614,1500,20.645,5.0,500.0,495.0,0.861002,-42.4015444015444,7.0,2.266181,0.0062626262626262,0.0096969696969696,0.0068686868686868,6.504065040650406,0.8760848896364338,1.0000000000001563,8.787677364254185,0.7350152210707128,59.958363,119.994982,5324.050113,2159,281,473,60.0,120.0,1.745225,0.0,0.397776,1.745225,-0.397776,143.5325,1.0156648389175633,5000
109,2026-06-11 19:14:23.856347,can_tapper33,"rgb(55,126,184)",507.0,451.0,508.0,11.045364891518735,98.75,100.0,1.6527483802237072e-14,1500,20.75,5.5,499.0,493.5,0.673987,-34.56488549618321,149.0,2.175009,0.0101317122593718,0.0113475177304964,0.0103343465045592,7.099391480730223,1.3865167001860037,1.5000000000002345,4.257083343964609,0.7952367644261957,59.89341,119.939461,563.339939,2158,282,536,60.0,120.0,1.698411,0.0,0.397849,1.698411,-0.397849,144.1504,0.7731263705740845,5000
110,2026-06-11 20:34:12.107582,can_tapper33,"rgb(77,175,74)",504.0,448.0,508.0,11.11111111111111,95.0,100.0,0.809547026465216,1500,20.375,6.0,499.0,493.0,0.692502,-33.714285714285715,123.0,2.09474,0.0091277890466531,0.0113590263691683,0.0099391480730223,9.803921568627452,0.8317619823440614,1.0200000000001594,5.413662508332216,0.6831629253698202,59.989171,119.930043,4788.251235,2157,318,457,60.0,120.0,1.79491,0.0,0.399377,1.79491,-0.399377,144.12355,1.0860749556369655,5000
111,2026-06-11 20:37:55.377009,can_tapper33,"rgb(152,78,163)",521.0,478.0,575.0,8.253358925143955,100.0,100.0,33.48118821385599,1500,20.456666666666667,28.0,289.0,261.0,1.484761,-26.218543046357617,34.0,2.084982,0.0134099616858237,0.0164750957854406,0.0340996168582375,9.31174089068826,0.6634978830229222,1.260000000000197,4.148345232772487,0.3745394306066332,59.998461,119.940485,223.269427,2159,463,706,60.0,120.0,1.670962,0.0,0.39815,1.670962,-0.39815,142.22745,0.9218589709345295,5000
112,2026-06-11 21:06:04.775938,can_tapper33,"rgb(255,127,0)",513.0,460.0,516.0,10.33138401559454,100.0,100.0,1.6237784994574247,1500,17.683333333333334,0.0,497.0,497.0,0.709251,-25.044117647058822,14.0,2.613406,0.0094567404426559,0.0106639839034205,0.0100603621730382,7.112970711297071,0.9493989081630952,1.0000000000001563,119.99999999999996,0.2540716278248999,59.964535,119.995833,1689.398929,2160,236,477,60.0,120.0,1.572275,0.0,0.397251,1.572275,-0.397251,137.96435,5.043687077264461,5000
113,2026-06-11 22:42:26.210605,can_tapper33,"rgb(255,255,51)",503.0,458.0,504.0,8.946322067594433,93.75,95.0,2.9232752156300525e-13,1500,19.775,9.5,499.0,489.5,0.872799,-45.61034482758621,17.0,2.865551,0.0059244126659856,0.0091930541368743,0.0061287027579162,6.329113924050633,0.9217875163827234,1.0000000000001563,7.254527822036333,0.5487075080504684,59.964557,119.916715,5781.434667,2160,409,541,60.0,120.0,1.587154,0.0,0.318172,1.587154,-0.318172,143.5031,2.203085587811107,5000
114,2026-06-11 23:35:18.441961,can_tapper33,"rgb(166,86,40)",500.0,462.0,503.0,7.6,90.0,93.75,1.1210316093481,1500,19.55,0.0,499.0,499.0,1.035844,-65.95167286245353,147.0,2.033844,0.0072144288577154,0.0076152304609218,0.007815631262525,5.4989816700611,0.9213166441799724,0.7600000000001188,13.717559554288574,0.6566648376426543,59.976301,119.974759,3172.231356,2160,332,680,60.0,120.0,1.819999,0.0,0.314601,1.819999,-0.314601,141.68275,0.9082978247735315,5000
115,2026-06-12 00:07:40.977977,can_tapper33,"rgb(247,129,191)",500.0,463.0,504.0,7.399999999999999,90.0,95.0,0.6988891995066049,1500,19.43,0.0,499.0,499.0,1.03895,-54.08582089552239,17.0,2.040838,0.0058116232464929,0.0074148296593186,0.0066132264529058,5.112474437627812,0.7900968312245719,0.5000000000000782,23.95077875892336,0.6424215902928765,59.983011,119.926734,1942.536016,2159,334,512,60.0,120.0,1.544295,0.0,0.367501,1.544295,-0.367501,142.05335,1.7322576080895387,5000
116,2026-06-12 01:42:23.960134,can_tapper33,"rgb(153,153,153)",503.0,460.0,504.0,8.548707753479125,93.75,95.0,3.6968994208430384,1500,19.20833333333333,22.0,497.0,475.0,0.878944,-45.00704225352113,24.0,2.280731,0.0067368421052631,0.0090526315789473,0.0067368421052631,12.863070539419088,1.101364891607846,0.7600000000001188,2.768403112153709,0.7736928850552699,59.981729,119.987298,5682.982157,2159,379,659,60.0,120.0,1.53478,0.0,-10.551571,1.53478,10.551571,143.3369,0.6852863003613904,5000
117,2026-06-12 09:37:52.060121,can_tapper33,"rgb(228,26,28)",500.0,457.0,501.0,8.6,90.0,91.25,0.6174491633110066,1500,17.366666666666667,0.0,499.0,499.0,1.054776,-55.27090301003344,13.0,2.053603,0.0074148296593186,0.0086172344689378,0.0076152304609218,6.976744186046512,0.6718790638849814,1.0000000000001563,3.2620894576029285,0.71532746305513,59.903974,119.954976,28528.099987,2160,457,511,60.0,120.0,1.876645,0.0,0.398151,1.876645,-0.398151,140.62595,0.9090871164950549,5000
118,2026-06-12 10:42:09.028769,can_tapper33,"rgb(55,126,184)",507.0,463.0,508.0,8.678500986193294,98.75,100.0,1.6527483802237072e-14,1500,17.55,15.0,299.0,284.0,1.290899,-37.35625,17.0,2.290107,0.0112676056338028,0.0154929577464788,0.0116197183098591,7.399577167019028,1.0380415672849332,1.0000000000001563,8.787677364254185,0.749015060956244,59.988868,119.991031,3856.968648,2160,420,560,60.0,120.0,1.603277,0.0,0.398082,1.603277,-0.398082,142.714,1.0537438375692292,5000
119,2026-06-12 10:55:01.645658,can_tapper33,"rgb(77,175,74)",515.0,466.0,524.0,9.514563106796116,100.0,100.0,37.65127006722517,1500,20.25,16.5,497.0,480.5,0.7924,-23.689393939393938,22.0,2.201231,0.0089490114464099,0.010197710718002,0.0108220603537981,6.560636182902584,0.9186288855350452,1.0000000000001563,2.0171482422437275,0.6837295011334756,59.94023,119.995324,772.616889,2159,432,531,60.0,120.0,1.392474,0.0,0.33055,1.392474,-0.33055,141.28575,0.4104182331783364,5000
0,2025-11-05 14:30:06.933344,can_tapper34,"rgb(228,26,28)",508.0,471.0,508.0,7.283464566929133,98.75,100.0,9.415165042124016,600,11.55,12.0,384.0,372.0,1.010525,-5.824120603015075,95.0,2.011577,0.0080645161290322,0.0099462365591397,0.0080645161290322,4.838709677419355,0.8501219090378933,1.0000000000001563,2.27471676670449,0.1920434636869272,15.014745,78.26405,,1120,226,227,60.0,120.0,1.794119,0.0,1.998625,1.794119,-1.998625,139.15004609711124,6.5704300489154575,3254
1,2025-11-05 14:32:31.510653,can_tapper34,"rgb(55,126,184)",504.0,460.0,507.0,8.73015873015873,95.0,98.75,7.9404019639288945,478,13.15,11.5,425.0,413.5,0.809023,-10.325581395348838,32.0,2.312557,0.004111245465538,0.0106408706166868,0.0048367593712212,10.472279260780288,0.3349710286266888,1.0000000000001563,119.99999999999996,0.1922588610069674,12.591045,69.695232,144.577309,990,150,194,60.0,120.0,1.737808,0.0,2.125309,1.737808,-2.125309,136.59047619047618,7.473011730556418,2835
2,2025-11-19 11:38:16.159731,can_tapper34,"rgb(77,175,74)",523.0,468.0,533.0,10.51625239005736,100.0,100.0,66.94122975164744,1500,5.55,0.0,354.0,354.0,1.212648,-1.0818505338078293,478.0,2.803151,0.0127118644067796,0.0155367231638418,0.0155367231638418,9.54356846473029,1.1294419704257177,1.0000000000001563,1.7887444673306678,0.1597157994051832,59.948503,119.937497,1199144.649078,2159,412,784,60.0,120.0,1.5747,0.0,-2.104177,1.5747,2.104177,140.54605,5.877099621198599,5000
3,2025-11-19 11:40:04.718882,can_tapper34,"rgb(152,78,163)",520.0,467.0,571.0,10.192307692307692,100.0,100.0,67.56392336173303,1500,5.65,15.0,478.0,463.0,0.91849,51.18779342723005,490.0,2.013322,0.0047516198704103,0.0114470842332613,0.0157667386609071,7.630522088353413,1.0552856582595884,1.0000000000001563,13.796534727134544,0.2478007981420839,59.979075,119.902523,108.559151,2120,355,465,60.0,120.0,1.443477,0.0,-2.104314,1.443477,2.104314,126.2075,3.120619554396259,5000
4,2025-11-19 11:49:46.547048,can_tapper34,"rgb(255,127,0)",505.0,448.0,509.0,11.287128712871288,96.25,100.0,7.426181078301744,1500,7.4,0.0,490.0,490.0,1.04677,-14.583061889250814,17.0,2.053208,0.01,0.0116326530612244,0.0108163265306122,10.37344398340249,1.9119185286420628,1.5000000000002345,2.7289468883321724,0.8477428225897531,59.970756,119.863725,581.828166,2160,426,604,60.0,120.0,1.657601,0.0,-2.103943,1.657601,2.103943,142.3501,0.3848176281321142,5000
5,2025-11-19 12:10:20.438468,can_tapper34,"rgb(255,255,51)",505.0,463.0,519.0,8.316831683168317,96.25,100.0,40.93368041496198,1500,6.091666666666667,0.0,306.0,306.0,1.466638,-12.180272108843536,101.0,2.061377,0.0127450980392156,0.0137254901960784,0.0173202614379084,5.112474437627812,1.0827771311689367,1.5000000000002345,2.27471676670449,0.8161206379068124,59.884975,119.995582,1233.89142,2160,437,927,60.0,120.0,1.526995,0.0,-2.005998,1.526995,2.005998,143.75855,0.41472737703135537,5000
6,2026-02-24 14:02:06.668734,can_tapper34,"rgb(166,86,40)",492.0,452.0,495.0,8.130081300813007,68.33333333333339,75.58333333333339,4.854002157333609,1500,9.308333333333334,12.0,289.0,277.0,1.387586,-28.292207792207797,13.0,2.581486,0.0129963898916967,0.0144404332129963,0.0140794223826714,6.086956521739131,0.983566827402085,1.0000000000001563,2.0171482422437275,0.7423629724079746,59.98197,119.88308,8387506.230266,2158,417,620,60.0,120.0,1.721186,0.0,-2.106089,1.721186,2.106089,143.48035,0.28882185012954564,5000
7,2026-02-26 08:34:08.670642,can_tapper34,"rgb(247,129,191)",496.0,448.0,499.0,9.67741935483871,78.58333333333337,87.00000000000001,3.824615033161397,1500,11.05,0.0,361.0,361.0,1.166802,-22.6742671009772,138.0,2.26395,0.0124653739612188,0.0132963988919667,0.0132963988919667,8.932461873638344,1.0751179337378762,1.5000000000002345,2.27471676670449,0.6889830903891075,59.935869,119.920156,153122.001908,2159,367,683,60.0,120.0,1.71545,0.0,-2.00373,1.71545,2.00373,142.8469,0.16519941939862928,5000
8,2026-03-03 14:45:52.009706,can_tapper34,"rgb(153,153,153)",503.0,463.0,507.0,7.952286282306163,93.75,98.75,1.6860985271545024,1500,12.066666666666666,19.0,281.0,262.0,1.423504,-24.344594594594597,21.0,2.019805,0.0125954198473282,0.015267175572519,0.0141221374045801,5.349794238683128,0.9391598027389664,1.0000000000001563,2.27471676670449,0.6107283687392742,59.985516,119.98998,454303.339064,2160,402,631,60.0,120.0,1.485982,0.0,-2.10821,1.485982,2.10821,142.7996,1.016130574418641,5000
9,2026-03-06 13:30:03.486558,can_tapper34,"rgb(228,26,28)",503.0,456.0,504.0,9.343936381709742,93.75,95.0,1.2706850091927508,1500,14.933333333333332,9.0,259.0,250.0,1.574283,-24.320284697508896,135.0,2.06845,0.0127999999999999,0.0188,0.0132,4.273504273504273,0.8725582119808488,1.0200000000001594,1.7887444673306678,0.7574263202222037,59.968426,119.870773,254651.476852,2158,418,522,60.0,120.0,1.640215,0.0,1.970324,1.640215,-1.970324,141.6295,0.5902325176444765,5000
10,2026-03-06 14:39:28.138702,can_tapper34,"rgb(55,126,184)",499.0,439.0,503.0,12.024048096192384,87.00000000000001,93.75,1.0809249248553283,1500,16.21666666666667,12.0,499.0,487.0,0.638689,-26.24,138.0,2.043549,0.0117043121149897,0.0123203285420944,0.0125256673511293,17.34475374732334,0.9658965936315022,1.5000000000002345,2.27471676670449,0.7518425710003731,59.863823,119.979426,4164.652144,2158,333,625,60.0,120.0,1.854773,0.0,-2.104383,1.854773,2.104383,141.30205,0.3863717822653991,5000
11,2026-03-06 15:00:06.074121,can_tapper34,"rgb(77,175,74)",502.0,441.0,505.0,12.151394422310757,92.5,96.25,4.150001844444364,1500,16.55,11.0,299.0,288.0,1.019075,-24.02068965517241,10.0,2.113994,0.0138888888888888,0.0211805555555555,0.0149305555555555,12.633832976445396,0.7665647090626173,1.0000000000001563,2.0171482422437275,0.6193387034689206,59.890101,119.924824,1237.935419,2158,321,498,60.0,120.0,1.293943,0.0,-2.103051,1.293943,2.103051,141.9304,0.685255248028722,5000
12,2026-03-17 14:10:01.258615,can_tapper34,"rgb(152,78,163)",496.0,443.0,499.0,10.685483870967742,78.58333333333337,87.00000000000001,6.089700484310044,1500,11.525,9.0,313.0,304.0,0.464585,-31.60439560439561,22.0,2.463478,0.0118421052631578,0.0174342105263157,0.012828947368421,13.46938775510204,1.907380546716256,1.5000000000002345,119.99999999999996,0.3679310314328741,59.950911,119.852452,947395.184494,2158,268,439,60.0,120.0,1.405202,0.0,-1.910316,1.405202,1.910316,135.6145,5.695851849869099,5000
13,2026-04-13 21:43:58.585730,can_tapper34,"rgb(255,127,0)",488.0,431.0,492.0,11.68032786885246,60.29761904761905,68.6666666666667,1.0867115940936287,1500,17.933333333333334,10.0,277.0,267.0,1.264204,-108.28956228956228,10.0,3.460592,0.0116104868913857,0.0213483146067415,0.0131086142322097,11.013215859030836,1.0189821013374956,0.7400000000001157,2.7289468883321724,0.7030154791374326,59.895575,119.946621,2360037.327115,2159,376,451,60.0,120.0,1.535169,0.0,-2.104512,1.535169,2.104512,142.52505,0.8265419722108556,5000
14,2026-04-13 22:43:28.336369,can_tapper34,"rgb(255,255,51)",508.0,454.0,511.0,10.62992125984252,98.75,100.0,1.4495650886953264,1500,17.025,6.0,309.0,303.0,1.007249,-51.63859649122807,10.0,2.00675,0.0092409240924092,0.0178217821782178,0.0102310231023102,11.203319502074688,1.0064454342867255,1.0000000000001563,2.145932504474109,0.7138518989250519,59.949832,119.924574,3569.750639,2159,316,730,60.0,120.0,1.41355,0.0,-2.107556,1.41355,2.107556,144.8142,0.24892921313245364,5000
15,2026-04-13 23:27:04.727007,can_tapper34,"rgb(166,86,40)",504.0,457.0,508.0,9.325396825396826,95.0,98.75,1.4396539731792397,1500,16.98857142857143,8.0,367.0,359.0,1.10038,-48.70234113712375,13.0,2.09445,0.0097493036211699,0.013091922005571,0.0108635097493036,8.474576271186441,1.0963730727253558,1.0000000000001563,2.419945418941404,0.7302017403797731,59.921724,119.996831,2616.390638,2159,349,579,60.0,120.0,1.45235,0.0,-1.906475,1.45235,1.906475,144.457,0.25266334865510426,5000
16,2026-04-13 23:31:14.878233,can_tapper34,"rgb(247,129,191)",519.0,457.0,527.0,11.946050096339114,100.0,100.0,11.139311617469792,1500,16.961666666666666,0.0,399.0,399.0,0.433473,-42.784126984126985,59.0,2.032597,0.0090225563909774,0.0155388471177944,0.0110275689223057,12.215320910973086,2.076933115248754,1.5000000000002345,1.6874737773196231,0.6142031215412016,59.925184,119.971198,250.151226,2159,409,638,60.0,120.0,1.45714,0.0,-2.104602,1.45714,2.104602,142.74955,0.5049141364200279,5000
17,2026-04-14 04:51:35.124696,can_tapper34,"rgb(153,153,153)",489.0,440.0,492.0,10.020449897750511,62.08333333333334,68.6666666666667,0.3117779163454512,1500,14.39166666666667,0.0,296.0,296.0,1.331049,-103.36633663366337,13.0,2.419388,0.0121621621621621,0.016554054054054,0.0131756756756756,8.771929824561404,1.1334407126416677,1.0000000000001563,2.565174071178317,0.7173963023890515,59.986726,119.9954,19220.246463,2159,368,734,60.0,120.0,1.548831,0.0,-2.007971,1.548831,2.007971,144.22865,0.715932391597087,5000
18,2026-04-14 05:26:32.969686,can_tapper34,"rgb(228,26,28)",508.0,472.0,511.0,7.086614173228346,98.75,100.0,0.5457869092385524,1500,15.163333333333332,9.0,398.0,389.0,1.017311,-52.13167259786477,131.0,2.013267,0.0084832904884318,0.0092544987146529,0.0092544987146529,3.734439834024896,0.8316318391368392,0.5000000000000782,2.0171482422437275,0.7877132987934075,59.905781,119.967962,2097.84499,2159,321,583,60.0,120.0,1.583116,0.0,-2.105218,1.583116,2.105218,144.48245,0.2947403465330105,5000
19,2026-04-14 09:50:04.418649,can_tapper34,"rgb(55,126,184)",496.0,439.0,499.0,11.491935483870968,78.58333333333337,87.00000000000001,1.1280005013332717,1500,14.733333333333334,0.0,467.0,467.0,1.0888,-70.328025477707,138.0,2.083901,0.0092077087794432,0.0122055674518201,0.0098501070663811,11.879049676025918,1.0635585336504256,1.0000000000001563,2.892719705486028,0.6581240220433924,59.96,119.979319,15811.448963,2160,373,571,60.0,120.0,1.689174,0.0,-2.103874,1.689174,2.103874,145.1694,0.9402555270197284,5000
20,2026-04-14 10:52:38.954695,can_tapper34,"rgb(77,175,74)",507.0,462.0,508.0,8.875739644970414,98.75,98.75,1.2559916693291944,1500,15.575,12.5,276.0,263.5,1.276477,-35.536977491961416,74.0,2.370151,0.0132827324478178,0.01707779886148,0.013662239089184,8.016877637130802,1.2224844594914694,1.0000000000001563,2.27471676670449,0.6239143296974277,59.997998,119.9014,3754.536046,2159,354,433,60.0,120.0,1.391993,0.0,-2.008925,1.391993,2.008925,144.97035,0.7770966177578349,5000
0,2025-11-05 12:49:31.764789,can_tapper35,"rgb(228,26,28)",503.0,470.0,505.0,6.560636182902585,93.75,96.25,12.391053092946365,599,11.608333333333334,0.0,273.0,273.0,1.019248,-5.032679738562091,418.0,2.021041,0.0109890109890109,0.012087912087912,0.0117216117216117,4.166666666666667,1.0958736449617426,1.0000000000001563,1.7887444673306678,0.0825349151334351,14.997941,119.849049,,957,180,288,60.0,120.0,1.464728,0.0,2.093785,1.464728,-2.093785,133.44289741474145,8.841983520687409,2424
1,2025-11-05 12:51:00.657219,can_tapper35,"rgb(55,126,184)",501.0,468.0,502.0,6.58682634730539,89.50000000000001,92.5,9.798877810729572,754,11.591666666666669,18.0,418.0,400.0,0.734247,-14.656934306569344,20.0,2.234127,0.00375,0.00825,0.004,5.2631578947368425,0.7100904852562002,0.5000000000000782,119.99999999999996,0.1590609680433442,18.09453,72.965208,88.89243,1095,186,303,60.0,120.0,1.639776,0.0,2.019551,1.639776,-2.019551,136.16105368456152,7.187022857564566,2999
2,2025-11-10 15:58:39.960455,can_tapper35,"rgb(77,175,74)",490.0,446.0,494.0,8.979591836734693,64.50000000000001,73.75000000000003,4.479575324255046,1500,8.365,0.0,284.0,284.0,1.221673,-28.37579617834395,27.0,2.3161,0.0123239436619718,0.0154929577464788,0.0137323943661971,5.833333333333333,0.9499230401043852,1.0000000000001563,3.2620894576029285,0.5696451736301347,59.810683,119.882794,443259.303236,2157,421,399,60.0,120.0,1.389491,0.0,3.44285,1.389491,-3.44285,143.14525,0.26301857967570846,5000
3,2026-03-03 23:47:45.652871,can_tapper35,"rgb(152,78,163)",488.0,438.0,492.0,10.245901639344265,60.29761904761905,68.6666666666667,0.9331026369343134,1500,14.228571428571428,10.5,328.0,317.5,1.19202,-77.06106870229007,28.0,2.28422,0.0125984251968503,0.0157480314960629,0.0138582677165354,13.675213675213676,0.6652001847262848,1.0000000000001563,2.27471676670449,0.6213964824020499,59.941071,49.63917,9791345.692416,1317,257,299,60.0,120.0,1.686802,0.0,-1.90698,1.686802,1.90698,142.7020560407569,2.462566094081052,1832
4,2026-03-24 16:22:22.757953,can_tapper35,"rgb(255,127,0)",500.0,456.0,503.0,8.799999999999999,88.25000000000001,93.75,2.9232752156300525e-13,1500,17.384999999999998,0.0,292.0,292.0,1.497282,-43.94,16.0,2.090807,0.009931506849315,0.0150684931506849,0.010958904109589,9.54356846473029,0.751326661014982,1.0200000000001594,2.0171482422437275,0.6099892013114627,59.985793,119.905654,1787677.105082,2160,387,711,60.0,120.0,1.79906,0.0,1.914131,1.79906,-1.914131,143.78255,0.6080723212658847,5000
5,2026-03-24 17:02:10.728726,can_tapper35,"rgb(255,255,51)",504.0,459.0,507.0,8.928571428571429,95.0,98.75,1.1417516185560743,1500,17.891666666666666,6.5,500.0,493.5,0.752317,-33.82170542635659,57.0,2.257432,0.0091185410334346,0.0091185410334346,0.0097264437689969,5.394190871369295,1.0309366393052208,1.5000000000002345,119.99999999999996,0.383800269348162,59.924019,119.944181,2387.970773,2160,147,207,60.0,120.0,1.58983,0.0,1.975607,1.58983,-1.975607,134.5639,7.130754610997555,5000
6,2026-03-24 17:24:46.148253,can_tapper35,"rgb(166,86,40)",500.0,454.0,504.0,9.2,88.25000000000001,95.0,2.247192109862893,1500,20.1,7.0,370.0,363.0,1.091398,-35.587458745874585,10.0,2.092676,0.0085399449035812,0.0126721763085399,0.0096418732782369,5.439330543933054,0.6867804090726214,1.0000000000001563,2.0171482422437275,0.3665981158667629,59.83405,119.898879,1355.419527,2157,362,501,60.0,120.0,1.574901,0.0,-2.86019,1.574901,2.86019,143.40685,0.2866217156837759,5000
7,2026-03-24 17:41:27.409904,can_tapper35,"rgb(247,129,191)",496.0,446.0,499.0,10.080645161290322,78.58333333333337,86.375,2.40800107022232,1500,18.0875,13.5,499.0,485.5,0.682208,-45.60066006600661,148.0,2.185028,0.0080329557157569,0.0102986611740473,0.0086508753861997,5.032822757111598,1.051803858421341,1.260000000000197,2.27471676670449,0.6276976377924309,59.852543,119.980849,1001.261651,2158,395,490,60.0,120.0,1.702553,0.0,1.900251,1.702553,-1.900251,143.76815,0.4657536503266501,5000
8,2026-03-24 18:13:53.550300,can_tapper35,"rgb(153,153,153)",499.0,445.0,500.0,10.821643286573146,85.83333333333334,88.25000000000001,0.5822224809874771,1500,18.19,8.0,315.0,307.0,0.480823,-37.43434343434343,17.0,2.083847,0.0100977198697068,0.0175895765472312,0.0104234527687296,15.254237288135592,1.4219415260306782,1.5000000000002345,2.0171482422437275,0.3616895150630136,59.999427,119.871992,1946.140396,2160,380,462,60.0,120.0,1.783167,0.0,2.099722,1.783167,-2.099722,143.16495,0.44518943858435284,5000
9,2026-04-13 22:51:36.786184,can_tapper35,"rgb(228,26,28)",488.0,436.0,491.0,10.655737704918032,60.29761904761905,66.25000000000003,3.4832282147675406,1500,15.25,0.0,323.0,323.0,1.080551,-82.98257839721255,14.0,2.174556,0.0117647058823529,0.0160990712074303,0.0126934984520123,8.620689655172415,1.4512295561436523,1.0000000000001563,2.892719705486028,0.621050034231261,59.95185,119.905002,1744663.235884,2160,303,472,60.0,120.0,1.607877,0.0,2.114007,1.607877,-2.114007,142.2089,1.3700862079604728,5000
10,2026-04-14 00:05:34.985366,can_tapper35,"rgb(55,126,184)",499.0,437.0,500.0,12.424849699398797,85.83333333333334,88.25000000000001,2.9232752156300525e-13,1500,15.8,0.0,340.0,340.0,1.023565,-65.27169811320755,117.0,2.124135,0.0147058823529411,0.018235294117647,0.015,15.30398322851153,0.8984985238301435,1.0000000000001563,2.0171482422437275,0.595593047936596,59.866017,119.7756,4438.199182,2157,281,461,60.0,120.0,1.614791,0.0,-0.678238,1.614791,0.678238,142.4221,0.5729722937890827,5000
11,2026-04-14 02:00:10.261367,can_tapper35,"rgb(77,175,74)",487.0,442.0,490.0,9.240246406570842,58.51190476190476,64.50000000000001,0.654000290666587,1500,15.45,7.0,498.0,491.0,1.163555,-76.05102040816327,141.0,2.165326,0.0077393075356415,0.0091649694501018,0.0083503054989816,3.862660944206009,0.8326870314690991,1.260000000000197,2.565174071178317,0.6825034376414734,59.866356,119.995344,6875.276001,2159,313,574,60.0,120.0,1.710919,0.0,1.980101,1.710919,-1.980101,141.73235,0.5767083283594718,5000
12,2026-04-14 06:16:40.998381,can_tapper35,"rgb(152,78,163)",491.0,447.0,492.0,8.961303462321792,66.88095238095241,68.6666666666667,2.820115251577448e-13,1500,15.183333333333334,0.0,497.0,497.0,1.288974,-79.08741258741259,140.0,2.386205,0.0080482897384305,0.0088531187122736,0.0082494969818913,3.056768558951965,0.7544576937072882,1.5000000000002345,3.2620894576029285,0.6866793243114817,59.987372,119.867526,15390.737014,2159,306,542,60.0,120.0,2.052769,0.0,2.198228,2.052769,-2.198228,142.80245,0.6304886998988442,5000
13,2026-04-14 06:37:00.509347,can_tapper35,"rgb(255,127,0)",509.0,454.0,512.0,10.805500982318271,100.0,100.0,0.8660003848893661,1500,15.433333333333334,0.0,322.0,322.0,1.02595,-50.17897727272727,130.0,2.132482,0.0130434782608695,0.0170807453416149,0.0139751552795031,8.15450643776824,1.088225471134322,1.0000000000001563,1.7887444673306678,0.3060023921198601,59.948418,119.902157,1219.510966,2159,365,652,60.0,120.0,1.547252,0.0,2.103849,1.547252,-2.103849,142.3907,0.2589245418720798,5000
14,2026-04-14 09:31:29.583137,can_tapper35,"rgb(255,255,51)",491.0,448.0,492.0,8.757637474541752,66.25000000000003,68.6666666666667,2.820115251577448e-13,1500,14.566666666666668,0.0,343.0,343.0,1.296227,-66.38080495356037,127.0,2.394868,0.012536443148688,0.012536443148688,0.0128279883381924,2.286902286902287,0.6082985675271345,1.5200000000002376,2.565174071178317,0.4822514975974407,59.786502,119.831354,10469.07379,2157,344,575,60.0,120.0,1.732844,0.0,2.002546,1.732844,-2.002546,142.15695,2.2173041029585367,5000
15,2026-04-14 09:49:24.849851,can_tapper35,"rgb(166,86,40)",504.0,457.0,507.0,9.325396825396826,95.0,97.5,4.799113244050193,1500,14.866666666666664,0.0,296.0,296.0,1.482997,-52.29325513196481,13.0,2.08518,0.0114864864864864,0.0158783783783783,0.0125,8.24524312896406,1.2338241873459714,1.0200000000001594,1.7887444673306678,0.340733962273926,59.949717,119.90248,1075.266714,2159,411,590,60.0,120.0,1.917327,0.0,1.998057,1.917327,-1.998057,142.7706,0.3207744055311057,5000
16,2026-04-14 09:53:23.324330,can_tapper35,"rgb(247,129,191)",517.0,467.0,570.0,9.67117988394584,100.0,100.0,63.852028378669125,1500,14.775,12.0,294.0,282.0,1.221476,-50.61858974358975,19.0,2.32042,0.0141843971631205,0.0177304964539007,0.0329787234042553,8.282828282828282,1.272019008012375,1.260000000000197,1.7887444673306678,0.2796864692931426,59.895222,119.953306,238.474479,2158,466,620,60.0,120.0,1.61467,0.0,2.107854,1.61467,-2.107854,142.53695,0.27172958045268075,5000
17,2026-04-14 10:42:49.710102,can_tapper35,"rgb(153,153,153)",500.0,448.0,501.0,10.4,88.25000000000001,91.25,2.9232752156300525e-13,1500,15.23,9.5,316.0,306.5,1.195633,-48.910979228486646,11.0,2.292293,0.0097879282218597,0.0169657422512234,0.0101141924959216,13.333333333333334,0.6284708757300906,1.0000000000001563,1.7887444673306678,0.43064886029113,59.975874,119.939024,2966.385772,2160,365,531,60.0,120.0,1.555264,0.0,2.105704,1.555264,-2.105704,142.4881,0.16128729868953576,5000
18,2026-04-14 11:50:30.370196,can_tapper35,"rgb(228,26,28)",501.0,455.0,504.0,9.181636726546904,91.25,95.0,2.9232752156300525e-13,1500,16.15,0.0,308.0,308.0,1.284779,-42.18789808917197,12.0,2.384928,0.0113636363636363,0.0149350649350649,0.0123376623376623,12.734864300626304,1.0897849766342,1.0000000000001563,2.0171482422437275,0.4368211314152487,59.900895,119.957454,4060.660094,2159,325,679,60.0,120.0,1.610724,0.0,1.901979,1.610724,-1.901979,142.1745,1.4752576137764546,5000
19,2026-04-14 13:26:58.429373,can_tapper35,"rgb(55,126,184)",499.0,442.0,500.0,11.422845691382763,87.00000000000001,88.25000000000001,2.9232752156300525e-13,1500,16.8875,8.0,483.0,475.0,0.982434,-43.43354430379747,11.0,2.087479,0.0098947368421052,0.012,0.0101052631578947,8.849557522123893,2.040175565934084,1.0200000000001594,1.6874737773196231,0.5236034735795937,59.898373,119.98728,5788.059177,2159,330,530,60.0,120.0,1.679155,0.0,1.903534,1.679155,-1.903534,141.7854,0.3746997731302896,5000
20,2026-04-14 14:58:07.249872,can_tapper35,"rgb(77,175,74)",504.0,446.0,507.0,11.507936507936508,95.0,97.5,1.68984075103979,1500,16.6,0.0,497.0,497.0,1.091173,-32.0,142.0,2.091324,0.0082494969818913,0.0116700201207243,0.0088531187122736,11.67728237791932,0.8861737487099919,1.5000000000002345,1.930459927006534,0.6029261271856877,59.887999,119.972024,5468.820499,2159,461,531,60.0,120.0,1.70245,0.0,-1.908199,1.70245,1.908199,140.4831,0.49263366468962455,5000
21,2026-04-14 21:32:57.447960,can_tapper35,"rgb(152,78,163)",493.0,443.0,496.0,10.141987829614605,70.75000000000004,78.58333333333337,8.843540243896139e-14,1500,19.075,0.0,499.0,499.0,0.906637,-84.51724137931035,8.0,2.000855,0.0080160320641282,0.0100200400801603,0.0086172344689378,9.492273730684326,0.4725399407164437,0.5000000000000782,2.565174071178317,0.5398705159377604,59.783548,119.831843,23690.198088,2157,302,440,60.0,120.0,1.622086,0.0,-0.296154,1.622086,0.296154,140.89025,1.9419569194075197,5000
22,2026-04-15 07:23:28.041422,can_tapper35,"rgb(255,127,0)",488.0,437.0,491.0,10.450819672131148,60.29761904761905,66.25000000000003,0.4401157511626483,1500,14.975,0.0,319.0,319.0,1.114001,-83.30503144654088,132.0,2.113552,0.0100313479623824,0.015987460815047,0.0109717868338558,9.57683741648107,1.151431754615115,1.5000000000002345,3.678623825607137,0.7202222899546431,59.827268,119.798569,35430.593462,2157,333,733,60.0,120.0,1.713002,0.0,1.905577,1.713002,-1.905577,142.51675,0.7858946898871361,5000
23,2026-04-15 08:26:09.052421,can_tapper35,"rgb(255,255,51)",488.0,432.0,491.0,11.475409836065571,60.29761904761905,66.88095238095241,1.1454849535489346,1500,14.96,0.0,332.0,332.0,1.294396,-65.07272727272728,384.0,2.288984,0.0093373493975903,0.016867469879518,0.0102409638554216,14.346895074946469,0.7991317178059303,1.260000000000197,2.27471676670449,0.2738400737865136,59.894859,119.97671,3761.010999,2160,347,652,60.0,120.0,1.80337,0.0,2.102626,1.80337,-2.102626,139.83835,5.13797494493757,5000
24,2026-04-15 08:27:13.422007,can_tapper35,"rgb(166,86,40)",520.0,440.0,568.0,15.384615384615383,100.0,100.0,32.662156738731056,1500,15.075,0.0,384.0,384.0,0.464653,-68.1896551724138,23.0,2.462509,0.0104166666666666,0.0208333333333333,0.0229166666666666,22.5,2.090368801859464,1.5000000000002345,2.0171482422437275,0.5333997568183576,59.977291,119.896927,64.369586,2160,496,735,60.0,120.0,1.683478,0.0,2.104609,1.683478,-2.104609,142.03455,0.9116797845218894,5000
25,2026-04-15 09:13:03.046716,can_tapper35,"rgb(247,129,191)",508.0,463.0,511.0,8.858267716535433,98.75,98.75,0.3663646072725993,1500,16.576666666666664,0.0,388.0,388.0,1.088127,-35.772277227722775,15.0,2.488898,0.0085051546391752,0.0115979381443298,0.0092783505154639,9.090909090909092,2.023935675716851,1.2400000000001938,11.85902986190728,0.2364766639421989,59.834325,119.9886,2749.624709,2158,324,557,60.0,120.0,1.330573,0.0,2.003274,1.330573,-2.003274,140.73065,2.996958362971825,5000
26,2026-04-15 09:38:04.549049,can_tapper35,"rgb(153,153,153)",504.0,463.0,507.0,8.134920634920634,95.0,97.5,0.1392445063305891,1500,17.038333333333334,0.0,348.0,348.0,1.195105,-39.804532577903686,100.0,2.300759,0.0091954022988505,0.0117816091954022,0.0100574712643678,7.399577167019028,1.0130997392909795,1.0000000000001563,1.801675664776153,0.5397290532623698,59.98397,119.906105,1501.502333,2160,363,501,60.0,120.0,1.817536,0.0,2.09994,1.817536,-2.09994,141.07305,0.7451424326589807,5000
27,2026-04-15 14:12:11.373058,can_tapper35,"rgb(228,26,28)",496.0,442.0,499.0,10.887096774193548,78.58333333333337,85.83333333333334,1.336516149562589,1500,17.7,0.0,492.0,492.0,0.979123,-71.24372759856631,10.0,2.492156,0.0103658536585365,0.0109756097560975,0.0109756097560975,7.625272331154684,1.992629161941596,1.0000000000001563,2.27471676670449,0.741849425307662,59.89433,119.961328,16446.824009,2160,317,493,60.0,120.0,1.56263,0.0,2.107617,1.56263,-2.107617,142.3449,0.7017246422171385,5000
28,2026-04-15 14:17:47.138056,can_tapper35,"rgb(55,126,184)",511.0,451.0,516.0,11.741682974559687,98.75,100.0,10.208191203639204,1500,21.857142857142858,0.0,402.0,402.0,1.158992,-51.19285714285714,93.0,2.161011,0.0092039800995024,0.0149253731343283,0.0104477611940298,12.78825995807128,1.1240473412847012,1.5000000000002345,1.7887444673306678,0.2705316020582341,59.992548,119.920168,335.764998,2160,380,607,60.0,120.0,1.750072,0.0,2.003005,1.750072,-2.003005,141.7317,0.4493667723578513,5000
29,2026-04-15 19:42:29.861788,can_tapper35,"rgb(77,175,74)",494.0,450.0,495.0,8.906882591093117,73.75000000000003,76.1666666666667,0.0913155961401491,1500,19.62,6.0,266.0,260.0,1.398188,-77.54480286738351,9.0,2.097987,0.0138461538461538,0.0169230769230769,0.0142307692307692,10.084033613445378,0.715628694774459,0.5000000000000782,2.27471676670449,0.4979937314838928,59.987868,119.901383,19482.723732,2160,302,462,60.0,120.0,1.796117,0.0,1.900863,1.796117,-1.900863,140.91415,1.9864054064536372,5000
30,2026-04-15 22:06:00.563597,can_tapper35,"rgb(152,78,163)",504.0,466.0,507.0,7.5396825396825395,95.0,98.75,0.6600091822258934,1500,,0.0,393.0,393.0,0.985991,-43.20415224913495,6.0,2.984776,0.0083969465648854,0.0096692111959287,0.0091603053435114,7.377049180327869,0.9094785962063864,1.0000000000001563,2.0171482422437275,0.2584320315407182,59.789173,119.823364,8610.701809,2157,301,539,60.0,120.0,1.498469,0.0,2.103627,1.498469,-2.103627,142.8692,0.25778799609406766,5000
31,2026-04-16 10:13:51.841460,can_tapper35,"rgb(255,127,0)",503.0,449.0,505.0,10.73558648111332,92.0,96.25,3.114659162069645,1500,19.84,14.0,353.0,339.0,1.028546,-27.13522012578616,34.0,2.131043,0.0126843657817109,0.015929203539823,0.0132743362831858,11.83673469387755,1.111346017766197,1.0000000000001563,1.7887444673306678,0.5418157970336048,59.90425,119.954118,43671.277863,2158,425,445,60.0,120.0,1.516449,0.0,2.098953,1.516449,-2.098953,142.4084,1.1773536734280867,5000
32,2026-04-16 11:24:45.247433,can_tapper35,"rgb(255,255,51)",496.0,445.0,497.0,10.28225806451613,78.58333333333337,81.00000000000004,0.9699559866468436,1500,20.59375,0.0,295.0,295.0,1.300394,-75.70608108108108,13.0,2.298875,0.0081355932203389,0.0172881355932203,0.0084745762711864,12.78825995807128,0.6786381791548897,0.5000000000000782,2.0171482422437275,0.4776432935600808,59.886878,119.97915,4253.405973,2160,377,627,60.0,120.0,1.678043,0.0,1.906738,1.678043,-1.906738,143.4358,0.3002022389604635,5000
33,2026-04-16 11:43:23.981899,can_tapper35,"rgb(166,86,40)",505.0,457.0,507.0,9.504950495049505,96.25,98.75,1.952809756804476,1500,20.975,0.0,488.0,488.0,1.187705,-47.84090909090909,141.0,2.184755,0.008811475409836,0.0098360655737704,0.0092213114754098,7.505070993914807,0.8059087875905546,1.260000000000197,2.0171482422437275,0.2498604125887584,59.89895,119.944507,1118.734466,2159,347,402,60.0,120.0,1.84038,0.0,2.006706,1.84038,-2.006706,142.83815,0.37214886329967667,5000
34,2026-06-04 07:54:22.014722,can_tapper35,"rgb(247,129,191)",503.0,443.0,504.0,11.928429423459244,92.0,95.0,1.811094138263948,1500,17.475,0.0,398.0,398.0,1.190133,-29.81935483870968,14.0,2.196483,0.0097989949748743,0.0150753768844221,0.0100502512562814,11.013215859030836,0.7859601642900129,1.0000000000001563,15.323918365782456,0.2719180159502414,59.992034,119.918839,4219858.032823,2160,379,471,60.0,120.0,1.663795,0.0,2.003389,1.663795,-2.003389,143.5898,0.24243084486681185,5000
35,2026-06-04 12:08:12.020427,can_tapper35,"rgb(153,153,153)",506.0,465.0,510.0,8.102766798418973,96.25,100.0,4.1037084905364525,1500,18.875,0.0,499.0,499.0,0.640949,-10.991735537190085,192.0,2.145694,0.0054108216432865,0.0082164328657314,0.0062124248496993,5.835010060362173,0.9003897989249718,1.5000000000002345,51.74336368726529,0.3509633642478551,59.95182,119.989599,15230.005705,2160,148,192,60.0,120.0,1.536299,0.0,2.109061,1.536299,-2.109061,129.2163,5.503764402163279,5000
36,2026-06-04 16:13:52.928951,can_tapper35,"rgb(228,26,28)",496.0,452.0,499.0,8.870967741935484,78.58333333333337,85.83333333333334,3.94200175199983,1500,20.5,0.0,258.0,258.0,1.493644,-47.177474402730375,8.0,2.092119,0.013953488372093,0.0170542635658914,0.0151162790697674,9.322033898305085,1.3419454972685994,1.0000000000001563,2.0171482422437275,0.5228328503643112,59.800855,119.931865,14740.908524,2157,355,418,60.0,120.0,1.752091,0.0,2.003144,1.752091,-2.003144,142.98055,0.16915945283697356,5000
37,2026-06-04 16:37:09.172475,can_tapper35,"rgb(55,126,184)",493.0,444.0,496.0,9.939148073022311,70.75000000000004,78.58333333333337,8.843540243896139e-14,1500,20.996666666666663,34.0,498.0,464.0,0.693037,-57.542435424354245,151.0,2.191063,0.0081896551724137,0.0105603448275862,0.0088362068965517,8.771929824561404,1.101830058946032,1.0000000000001563,2.0171482422437275,0.6118400700810696,59.980381,119.906193,1396.243524,2160,358,416,60.0,120.0,1.630656,0.0,1.906594,1.630656,-1.906594,142.88595,0.18910909536563003,5000
38,2026-06-04 17:05:30.361187,can_tapper35,"rgb(77,175,74)",523.0,475.0,533.0,9.177820267686425,100.0,100.0,47.78611012715272,1500,21.46666666666667,0.0,494.0,494.0,1.258896,-27.42258064516129,154.0,2.363323,0.0095141700404858,0.0097165991902834,0.0115384615384615,13.026052104208416,0.775505552455195,1.740000000000272,19.04938791161811,0.2933634872468799,59.875351,119.991024,1701.188712,2159,434,610,60.0,120.0,1.83655,0.0,2.098501,1.83655,-2.098501,142.78085,0.5659282926897069,5000
39,2026-06-04 17:20:07.524762,can_tapper35,"rgb(152,78,163)",528.0,483.0,569.0,8.522727272727272,100.0,100.0,70.12420894408181,1500,21.71666666666667,0.0,295.0,295.0,1.428321,-24.43225806451613,14.0,2.024352,0.0138983050847457,0.0152542372881355,0.0277966101694915,4.0,0.8715543918420825,1.0000000000001563,16.791135390684662,0.3750138153428825,59.928101,119.94732,877.163575,2159,464,617,60.0,120.0,1.700666,0.0,2.097997,1.700666,-2.097997,142.5079,0.7034462007225555,5000
40,2026-06-04 17:56:21.491031,can_tapper35,"rgb(255,127,0)",504.0,465.0,508.0,7.738095238095238,95.0,98.75,1.4522050898682108,1500,21.630000000000003,16.0,497.0,481.0,0.987369,-37.235099337748345,19.0,2.084415,0.0029106029106029,0.0081081081081081,0.0037422037422037,5.439330543933054,0.7672291540676904,0.5000000000000782,1.7887444673306678,0.5375509931210072,59.891181,119.979423,2173.966269,2160,509,338,60.0,120.0,1.713419,0.0,1.900715,1.713419,-1.900715,143.59155,0.743768603698358,5000
41,2026-06-04 18:22:25.390791,can_tapper35,"rgb(255,255,51)",504.0,447.0,505.0,11.30952380952381,95.0,96.25,4.688882083946547,1500,21.39,17.0,477.0,460.0,1.099399,-41.870307167235495,149.0,2.19608,0.0091304347826086,0.012391304347826,0.0093478260869565,10.084033613445378,1.1075663399648978,1.5000000000002345,2.0171482422437275,0.4986798865867514,59.933746,119.966595,1563.89976,2159,357,490,60.0,120.0,1.852562,0.0,1.903582,1.852562,-1.903582,143.18475,0.32330456642053773,5000
42,2026-06-04 18:33:03.329840,can_tapper35,"rgb(166,86,40)",504.0,446.0,505.0,11.507936507936508,95.0,96.25,1.873778610567694,1500,24.6,13.0,483.0,470.0,1.030344,-31.821875,17.0,2.033642,0.0078723404255319,0.0123404255319148,0.0080851063829787,11.965811965811966,2.007324075497626,1.5200000000002376,1.7887444673306678,0.6024600713216475,59.974482,119.984311,637.939049,2159,509,482,60.0,120.0,1.528868,0.0,2.103693,1.528868,-2.103693,142.96425,0.31922534119928797,5000
43,2026-06-05 12:41:01.364679,can_tapper35,"rgb(247,129,191)",492.0,428.0,493.0,13.008130081300814,68.6666666666667,70.75000000000004,0.1797778576793276,1500,17.75,7.0,371.0,364.0,1.099004,-59.57915057915058,121.0,2.099881,0.0107142857142857,0.0175824175824175,0.0109890109890109,8.647450110864744,1.1091687908088972,1.5000000000002345,2.27471676670449,0.709178377299091,59.803993,119.814823,65278.034839,2157,278,509,60.0,120.0,1.599131,0.0,2.111704,1.599131,-2.111704,142.2886,0.2640529961900982,5000
44,2026-06-05 16:23:32.413981,can_tapper35,"rgb(153,153,153)",499.0,453.0,501.0,9.218436873747494,85.83333333333334,91.25,2.364347717487453,1500,20.866666666666667,0.0,396.0,396.0,0.486274,-57.67153284671533,13.0,3.484374,0.008080808080808,0.0116161616161616,0.0085858585858585,5.781584582441114,1.3025065036511791,1.5000000000002345,1.7887444673306678,0.4868995431087439,59.993962,119.890092,13351.049302,2160,328,481,60.0,120.0,1.602924,0.0,2.10085,1.602924,-2.10085,142.47505,1.6955647983775517,5000
45,2026-06-05 16:57:48.320823,can_tapper35,"rgb(228,26,28)",512.0,468.0,516.0,8.59375,100.0,100.0,1.7039829795475987,1500,21.74,7.0,491.0,484.0,1.015049,-30.302419354838708,136.0,2.013699,0.0078512396694214,0.009090909090909,0.0086776859504132,6.329113924050633,0.7218159724206792,1.0000000000001563,119.99999999999996,0.1892378980555553,59.920905,119.992333,2055.906842,2158,280,357,60.0,120.0,1.701043,0.0,1.999899,1.701043,-1.999899,139.6459,4.823252631076615,5000
46,2026-06-05 19:20:31.092384,can_tapper35,"rgb(55,126,184)",499.0,446.0,500.0,10.62124248496994,85.83333333333334,88.25000000000001,0.701555867357828,1500,21.20833333333333,0.0,392.0,392.0,1.296316,-55.195205479452056,124.0,2.293281,0.010204081632653,0.0135204081632653,0.0104591836734693,12.153518123667377,0.8473746592238778,1.0000000000001563,2.0171482422437275,0.410928483123855,59.838773,119.775884,8562.771561,2157,302,544,60.0,120.0,1.704937,0.0,2.008711,1.704937,-2.008711,142.64155,0.3853969429831888,5000
47,2026-06-09 08:33:49.002554,can_tapper35,"rgb(77,175,74)",505.0,476.0,507.0,5.742574257425743,96.25,98.75,0.2315378806835119,1500,22.2,7.0,338.0,331.0,1.073585,-68.0410447761194,3.0,3.57444,0.0075528700906344,0.0087613293051359,0.0081570996978851,4.646464646464646,0.6832733617208508,0.5000000000000782,2.0171482422437275,0.3146187909193109,59.843985,119.996577,306797.91017,2160,347,468,60.0,120.0,1.524665,0.0,1.99919,1.524665,-1.99919,142.43845,0.19424634830226914,5000
48,2026-06-09 13:23:27.822956,can_tapper35,"rgb(152,78,163)",492.0,442.0,493.0,10.16260162601626,68.6666666666667,70.75000000000004,8.843540243896139e-14,1500,20.15,0.0,439.0,439.0,0.48965,-118.29518072289156,8.0,2.087775,0.006378132118451,0.0113895216400911,0.0066059225512528,15.879828326180258,1.4444409426048717,0.5000000000000782,4.67804510221319,0.9516357180879856,59.980956,119.867262,17378.820402,2160,400,501,60.0,120.0,1.649353,0.0,1.900594,1.649353,-1.900594,139.3388,0.6074029532933259,5000
49,2026-06-09 15:45:26.461121,can_tapper35,"rgb(255,127,0)",492.0,457.0,493.0,7.113821138211382,68.6666666666667,70.75000000000004,8.843540243896139e-14,1500,23.925,0.0,440.0,440.0,0.888196,-114.69014084507042,3.0,2.288663,0.0063636363636363,0.0079545454545454,0.006590909090909,8.474576271186441,0.6636772329220372,0.5000000000000782,4.148345232772487,0.8883007290334259,59.835963,120.00015,8518.638165,2158,351,402,60.0,120.0,1.717689,0.0,2.001989,1.717689,-2.001989,142.29205,0.45181315222648344,5000
50,2026-06-09 18:48:18.196156,can_tapper35,"rgb(255,255,51)",488.0,452.0,488.0,7.377049180327869,60.29761904761905,60.29761904761905,2.820115251577448e-13,1500,23.165,8.5,497.0,488.5,0.698781,-123.09584664536742,88.0,2.203019,0.0073694984646878,0.0073694984646878,0.0073694984646878,1.7699115044247788,0.568691182801238,1.0000000000001563,5.275382050040925,0.8972701341031648,59.776535,119.844299,10971.735035,2157,398,498,60.0,120.0,1.760838,0.0,2.000914,1.760838,-2.000914,140.5616,1.153178825803166,5000
51,2026-06-09 20:16:56.073564,can_tapper35,"rgb(166,86,40)",508.0,473.0,509.0,6.889763779527559,98.75,100.0,2.2268158053650227e-13,1500,24.925,7.0,468.0,461.0,0.895151,-49.78,3.0,2.893126,0.0060737527114967,0.0075921908893709,0.006290672451193,8.19672131147541,0.6408553336474556,0.5000000000000782,2.27471676670449,0.3625356481126073,59.885926,119.987279,5317.877408,2158,385,418,60.0,120.0,1.401658,0.0,1.910828,1.401658,-1.910828,141.12455,1.3567766824695977,5000
52,2026-06-10 07:58:24.517427,can_tapper35,"rgb(247,129,191)",479.0,440.0,480.0,8.1419624217119,46.339285714285694,46.339285714285694,2.0586558921909938e-13,1500,21.05,0.0,450.0,450.0,0.888297,-168.05102040816325,89.0,2.291597,0.006,0.0086666666666666,0.0062222222222222,7.079646017699115,0.9380267145795302,0.5000000000000782,5.275382050040925,0.8616846842536742,59.940725,119.970239,42088.443863,2160,409,384,60.0,120.0,1.881976,0.0,1.915975,1.881976,-1.915975,140.7277,1.4879164926496546,5000
53,2026-06-10 09:59:17.593206,can_tapper35,"rgb(153,153,153)",480.0,480.0,484.0,0.0,46.339285714285694,52.99107142857141,0.8169248075215565,1500,18.7,0.0,7.0,7.0,0.493096,-148.21678321678323,448.0,2.092717,,,0.0571428571428571,0.8333333333333334,0.4166666666666666,0.0200000000000031,7.565235559061503,0.7383132803895429,59.951521,119.936503,7253.075779,2160,304,687,60.0,120.0,4.358979,0.0,4.614927,4.358979,-4.614927,140.85795,1.622424343274648,5000
54,2026-06-10 09:59:19.890902,can_tapper35,"rgb(228,26,28)",480.0,432.0,484.0,10.0,46.339285714285694,52.99107142857141,2.101858711936894,1500,18.675,7.0,448.0,441.0,1.316751,-154.26148409893992,151.0,2.404983,0.0095238095238095,0.0108843537414966,0.0104308390022675,8.771929824561404,1.3222274527512383,1.5000000000002345,3.678623825607137,0.7530933596574528,59.998967,119.888927,2.297696,2160,305,688,60.0,120.0,2.061283,0.0,2.317231,2.061283,-2.317231,140.8729,1.6012755561368328,5000
55,2026-06-10 10:22:46.641086,can_tapper35,"rgb(55,126,184)",504.0,461.0,505.0,8.531746031746032,95.0,95.0,1.5571118031601463,1500,23.05,4.0,275.0,271.0,1.321748,-105.48275862068964,13.0,2.320273,0.0121771217712177,0.0158671586715867,0.0125461254612546,7.006369426751593,0.9136411065845178,0.5000000000000782,58.350444692249376,0.4618143897781275,59.92654,119.847084,1406.750184,2158,131,130,60.0,120.0,1.69062,0.0,1.996997,1.69062,-1.996997,129.74585,4.89745263233404,5000
56,2026-06-10 13:32:20.001045,can_tapper35,"rgb(77,175,74)",492.0,448.0,495.0,8.94308943089431,68.6666666666667,76.50000000000003,2.820115251577448e-13,1500,20.64,7.5,500.0,492.5,0.694723,-113.65845070422536,44.0,2.199484,0.0089340101522842,0.0089340101522842,0.0095431472081218,2.092050209205021,0.7475393227023579,1.0000000000001563,2.27471676670449,0.6099451155241964,59.782846,119.831509,11373.359959,2157,300,503,60.0,120.0,1.738976,0.0,2.000158,1.738976,-2.000158,140.79145,1.3894623127685262,5000
57,2026-06-10 18:37:46.124351,can_tapper35,"rgb(152,78,163)",472.0,431.0,472.0,8.686440677966102,40.0,40.0,3.924642940357044e-13,1500,20.05833333333333,15.5,334.0,318.5,1.118489,-173.34415584415584,101.0,2.121529,0.0103610675039246,0.01287284144427,0.0103610675039246,6.51685393258427,0.9180256118942192,1.0000000000001563,4.148345232772487,0.7862588037912754,59.989503,119.87268,18326.123306,2159,372,517,60.0,120.0,1.665554,0.0,2.131904,1.665554,-2.131904,136.1719,1.976779431647476,5000
58,2026-06-10 20:20:10.835563,can_tapper35,"rgb(255,127,0)",485.0,444.0,487.0,8.45360824742268,55.07440476190475,58.64583333333334,2.820115251577448e-13,1500,24.85,8.0,346.0,338.0,1.103961,-177.58387096774194,110.0,2.198311,0.0097633136094674,0.0121301775147929,0.0103550295857988,11.016949152542374,0.6755060364703723,1.0000000000001563,13.796534727134544,0.6853954335702681,59.97222,119.92542,6144.711212,2160,385,461,60.0,120.0,2.145978,0.0,2.205378,2.145978,-2.205378,139.28575,3.264102527581334,5000
59,2026-06-10 20:34:29.590394,can_tapper35,"rgb(255,255,51)",491.0,462.0,492.0,5.906313645621181,66.88095238095241,68.6666666666667,2.820115251577448e-13,1500,21.975,0.0,385.0,385.0,1.075896,-153.99307958477507,10.0,2.076315,0.0062337662337662,0.0075324675324675,0.0064935064935064,4.925053533190578,0.5636582171018123,0.5000000000000782,5.948992616750902,0.8992289756134346,59.90953,119.987423,858.754831,2160,386,601,60.0,120.0,1.80064,0.0,2.095258,1.80064,-2.095258,139.17415,1.03362128078444,5000
60,2026-06-11 05:27:12.965223,can_tapper35,"rgb(166,86,40)",468.0,431.0,471.0,7.905982905982905,40.0,40.0,0.6105513824673419,1500,17.75,0.0,499.0,499.0,0.744725,-179.13761467889907,94.0,2.146427,0.0056112224448897,0.0074148296593186,0.0062124248496994,5.454545454545454,1.085978311971204,1.0000000000001563,4.148345232772487,0.8795797864169519,59.967736,119.863083,31963.374829,2159,445,553,60.0,120.0,1.882476,0.0,1.949083,1.882476,-1.949083,137.07275,1.3242906352599957,5000
61,2026-06-11 06:07:39.537222,can_tapper35,"rgb(247,129,191)",483.0,443.0,483.0,8.281573498964804,51.428571428571416,51.428571428571416,0.1468889541729409,1500,21.5,11.0,449.0,438.0,0.889931,-192.97971014492757,15.0,2.387491,0.0057077625570776,0.0091324200913242,0.0057077625570776,8.296943231441048,0.7180383000107095,0.5000000000000782,10.849032074111989,0.8383009010560187,59.786578,119.881754,2426.571999,2157,432,401,60.0,120.0,1.54915,0.0,2.001535,1.54915,-2.001535,137.71615,2.1898803146882155,5000
62,2026-06-11 08:46:57.539204,can_tapper35,"rgb(153,153,153)",468.0,424.0,469.0,9.401709401709402,40.0,40.0,2.401613407221671e-13,1500,17.98333333333333,11.5,319.0,307.5,1.201273,-192.0640243902439,97.0,2.201065,0.0117073170731707,0.0143089430894308,0.0120325203252032,7.272727272727272,0.8927946624802133,1.0000000000001563,4.148345232772487,0.8710010010275289,59.886924,119.977894,9558.001982,2160,429,479,60.0,120.0,1.807315,0.0,2.010166,1.807315,-2.010166,136.69415,1.2913178454028102,5000
63,2026-06-11 09:49:40.849875,can_tapper35,"rgb(228,26,28)",480.0,438.0,481.0,8.75,46.339285714285694,47.90178571428569,2.0586558921909938e-13,1500,19.23333333333333,0.0,226.0,226.0,1.198521,-163.31764705882352,12.0,2.192271,0.0097345132743362,0.0185840707964601,0.0101769911504424,11.20689655172414,1.0300278663429938,0.5000000000000782,10.849032074111989,0.6961355083163911,59.980053,119.885895,3763.310671,2159,427,559,60.0,120.0,1.686165,0.0,2.005971,1.686165,-2.005971,134.07665,2.220382466414607,5000
64,2026-06-11 13:50:18.775359,can_tapper35,"rgb(55,126,184)",467.0,446.0,475.0,4.496788008565311,40.0,43.21428571428571,4.044152908511591,1500,20.335,0.0,379.0,379.0,0.987097,-170.06422018348624,16.0,2.08073,0.0026385224274406,0.0055408970976253,0.0047493403693931,3.0837004405286343,0.7586846709308955,0.0200000000000031,15.558206486264645,0.7805253666278615,59.843903,119.986205,14437.925484,2158,434,558,60.0,120.0,1.912655,0.0,1.89698,1.912655,-1.89698,132.051,1.801006031235251,5000
65,2026-06-11 14:04:01.803782,can_tapper35,"rgb(77,175,74)",502.0,462.0,510.0,7.968127490039841,92.5,100.0,47.56408336180715,1500,21.30833333333333,14.0,215.0,201.0,1.132555,-93.05439330543932,47.0,2.130849,0.0134328358208955,0.0199004975124378,0.017412935323383,6.722689075630252,1.1768225300365682,0.5200000000000813,119.99999999999996,0.4969544177315914,59.899632,119.936349,823.028423,2158,409,471,60.0,120.0,1.411754,0.0,2.098784,1.411754,-2.098784,131.16425,6.786364666489487,5000
66,2026-06-11 17:56:37.451414,can_tapper35,"rgb(152,78,163)",465.0,441.0,476.0,5.161290322580645,40.0,41.56249999999999,7.226420989519087,1500,21.3,0.0,414.0,414.0,1.080802,-180.125,69.0,2.089776,0.0057971014492753,0.0057971014492753,0.0084541062801932,2.882483370288248,0.8560919894494512,0.5000000000000782,5.948992616750902,0.970538742000751,59.896833,119.973681,13955.647632,2160,412,470,60.0,120.0,1.715393,0.0,2.000251,1.715393,-2.000251,133.5358,0.506378952888898,5000
67,2026-06-11 18:48:04.073585,can_tapper35,"rgb(255,127,0)",472.0,446.0,476.0,5.508474576271186,40.0,41.56249999999999,5.02022445343176,1500,24.05,0.0,358.0,358.0,0.9903,-134.985559566787,25.0,2.093568,0.0036312849162011,0.0072625698324022,0.0047486033519553,3.655913978494624,0.6131173021691645,0.2600000000000406,119.99999999999996,0.1703000580188282,59.811124,119.794317,3086.622171,2157,375,453,60.0,120.0,1.560695,0.0,1.899925,1.560695,-1.899925,129.76055,5.0002001557758655,5000
68,2026-06-11 19:28:02.608517,can_tapper35,"rgb(255,255,51)",473.0,439.0,473.0,7.188160676532769,40.0,41.56249999999999,4.517735341215315,1500,18.9,11.0,363.0,352.0,0.992461,-180.090625,11.0,3.092298,0.0082386363636363,0.0096590909090909,0.0082386363636363,8.167770419426049,1.2339792447577955,1.0000000000001563,5.275382050040925,0.9274034362494236,59.882301,119.992984,2398.534932,2160,436,400,60.0,120.0,1.795361,0.0,2.102369,1.795361,-2.102369,133.76645,0.9055417708088419,5000
69,2026-06-11 21:28:39.404700,can_tapper35,"rgb(166,86,40)",508.0,471.0,508.0,7.283464566929133,98.75,98.75,6.315718362540422,1500,24.0,5.0,255.0,250.0,1.095123,-46.67192429022082,9.0,2.192994,0.0116,0.0148,0.0116,6.122448979591836,1.0125082856222931,0.7400000000001157,2.565174071178317,0.3301516347867399,59.93055,119.97187,7236.796183,2160,408,360,60.0,120.0,1.580944,0.0,1.907198,1.580944,-1.907198,140.013,0.5446928841719889,5000
70,2026-06-11 22:26:50.707514,can_tapper35,"rgb(247,129,191)",508.0,477.0,508.0,6.102362204724409,98.75,98.75,0.6376536167350828,1500,26.433333333333337,0.0,470.0,470.0,0.832197,-34.583333333333336,23.0,26.948125,0.0057446808510638,0.006595744680851,0.0057446808510638,4.453441295546559,0.8002820038941534,0.5000000000000782,74.20329583699333,0.4386104716031277,59.928151,119.871999,3491.302814,2158,333,337,60.0,120.0,1.549418,0.0,2.098924,1.549418,-2.098924,130.9376,3.9310872452016015,5000
71,2026-06-11 23:09:39.426628,can_tapper35,"rgb(153,153,153)",505.0,472.0,508.0,6.534653465346535,96.25,98.75,4.109361826382713,1500,25.8,7.0,283.0,276.0,1.189494,-41.10288065843621,86.0,2.78687,0.0097826086956521,0.0119565217391304,0.0108695652173913,5.785123966942149,0.5400105518760692,0.5000000000000782,119.99999999999996,0.3680781431983675,59.937007,119.906875,2568.719114,2160,390,188,60.0,120.0,1.604775,0.0,1.997825,1.604775,-1.997825,132.7734,4.812349652907461,5000
