start_index,start_time,can_tapper_id,start_color,group,V_pre_1_10V,V_min_1_10V,V_at_Iload_1_10V,V_drop_pct,soc_pct_est,V_ocv_1_10V,V_ocv_slope_mV_per_s,n_ocv_samples,ocv_window_start_s,ocv_window_end_s,soc_pct_est_ocv,I_pre_A,I_load_A,delta_I_A,t_load_s,R_internal_est_ohm,R_internal_est_ohm_min_voltage_method,R_internal_est_ohm_from_ocv,R_method,t_min_s,t_recovery_s,tau_relax_s,V_inf_1_10V,relax_fit_r2,n_relax_samples,max_abs_imbalance_pct,mean_abs_imbalance_pct,temp_avg_start_C,I_mean_post_A,I_max_post_A,t_charge_onset_s,n_current_samples_crank,n_current_samples_post,t_before_s,t_after_s,V_rec_1s_1_10V,V_rec_2s_1_10V,V_rec_5s_1_10V,V_rec_10s_1_10V,V_rec_30s_1_10V,V_rec_60s_1_10V,pre_data_duration_s,post_data_duration_s,t_since_previous_start_s,n_voltage_samples,n_current_samples,n_temperature_samples,FILE_NAME_ORIGIN
0,2020-03-03 11:07:41.193508,can_tapper17,"rgb(228,26,28)",PG1_est,124.0,105.0,113.0,15.32258064516129,78.00000000000004,124.0,0.4396801954135902,1500,-35.019999999991406,-5.019999999991406,78.00000000000004,3.0,485.0,482.0,1.1361,0.002282157676348548,0.003941908713692946,0.002282157676348548,synchronized_peak_current_voltage_drop,1.080000000009548,0.5000000000000782,1.7887444673306678,137.66455476334664,0.4968023837506004,5945,9.482758620689655,0.733931707870224,16.25,-31.25609756097561,159.0,2.048749,6,328,60.0,120.0,122.0,116.0,140.0,136.0,136.0,138.0,59.805075,119.988257,,2158,401,562,//qar7000185/GP0_UPLOAD/BOXER/CYLOM\KZ-04-84_CP-13\20240402\can_Tapper17-03-03-10-59-23.pcap.gz
0,2020-03-03 11:07:41.193508,can_tapper17,"rgb(228,26,28)",PG2,124.0,113.0,113.0,8.870967741935484,78.00000000000004,125.0,-0.4396801954133613,1500,-35.019999999991406,-5.019999999991406,90.0,3.0,485.0,482.0,1.1361,0.002282157676348548,0.002282157676348548,0.0024896265560165973,synchronized_peak_current_voltage_drop,1.1200000000095542,1.0000000000001563,1.7887444673306678,145.06980337214338,0.3432596741742292,5943,7.079646017699115,0.605514310051869,16.25,-31.25609756097561,159.0,2.048749,6,328,60.0,120.0,121.0,116.0,146.0,148.0,149.0,147.0,59.805075,119.988257,,2158,401,562,//qar7000185/GP0_UPLOAD/BOXER/CYLOM\KZ-04-84_CP-13\20240402\can_Tapper17-03-03-10-59-23.pcap.gz
0,2020-03-03 11:07:41.193508,can_tapper17,"rgb(228,26,28)",PG3_est,124.0,113.0,113.0,8.870967741935484,78.00000000000004,125.0,-0.45054242246318316,1500,-35.019999999991406,-5.019999999991406,90.0,3.0,485.0,482.0,1.1361,0.002282157676348548,0.002282157676348548,0.0024896265560165973,synchronized_peak_current_voltage_drop,1.1000000000095511,0.7600000000001188,2.0171482422437275,134.77584964116105,0.5256949927397904,5944,2.586206896551724,0.5046162887678417,16.25,-31.25609756097561,159.0,2.048749,6,328,60.0,120.0,119.0,118.0,138.0,131.0,133.0,136.0,59.805075,119.988257,,2158,401,562,//qar7000185/GP0_UPLOAD/BOXER/CYLOM\KZ-04-84_CP-13\20240402\can_Tapper17-03-03-10-59-23.pcap.gz
0,2020-03-03 11:07:41.193508,can_tapper17,"rgb(228,26,28)",PG4,124.0,113.0,113.0,8.870967741935484,78.00000000000004,125.0,-0.45054242246318316,1500,-35.019999999991406,-5.019999999991406,90.0,3.0,485.0,482.0,1.1361,0.002282157676348548,0.002282157676348548,0.0024896265560165973,synchronized_peak_current_voltage_drop,1.1000000000095511,0.7600000000001188,2.0171482422437275,134.77584964116105,0.5256949927397904,5944,2.586206896551724,0.5046162887678417,16.25,-31.25609756097561,159.0,2.048749,6,328,60.0,120.0,119.0,118.0,138.0,131.0,133.0,136.0,59.805075,119.988257,,2158,401,562,//qar7000185/GP0_UPLOAD/BOXER/CYLOM\KZ-04-84_CP-13\20240402\can_Tapper17-03-03-10-59-23.pcap.gz
1,2020-09-03 10:02:45.514642,can_tapper17,"rgb(55,126,184)",PG1_est,125.0,109.0,109.0,12.8,90.0,126.0,-4.851611045160015,1500,-35.019999999991406,-5.019999999991406,95.0,16.0,436.0,420.0,1.129901,0.0038095238095238095,0.0038095238095238095,0.004047619047619047,synchronized_peak_current_voltage_drop,1.1000000000095511,0.14000000000002188,119.99999999999996,127.28387971793978,0.22654481496159962,5944,10.284463894967177,2.253534609751721,22.15,-17.544117647058822,49.0,2.132901,4,272,60.0,120.0,112.0,121.0,124.0,145.0,143.0,144.0,59.897274,119.992695,15893704.321134,2160,401,379,//qar7000185/GP0_UPLOAD/BOXER/CYLOM\KZ-04-84_CP-13\20201103\can_Tapper17-09-03-09-04-27.pcap.gz
1,2020-09-03 10:02:45.514642,can_tapper17,"rgb(55,126,184)",PG2,125.0,111.0,114.0,11.200000000000001,90.0,126.0,-2.986943549751391,1500,-35.019999999991406,-5.019999999991406,95.0,16.0,436.0,420.0,1.129901,0.0026190476190476194,0.003333333333333333,0.002857142857142857,synchronized_peak_current_voltage_drop,0.600000000009473,1.0000000000001563,2.27471676670449,138.33712566296583,0.27014551817674126,5969,9.409190371991247,0.9030327300967261,22.15,-17.544117647058822,49.0,2.132901,4,272,60.0,120.0,111.0,122.0,124.0,144.0,143.0,142.0,59.897274,119.992695,15893704.321134,2160,401,379,//qar7000185/GP0_UPLOAD/BOXER/CYLOM\KZ-04-84_CP-13\20201103\can_Tapper17-09-03-09-04-27.pcap.gz
1,2020-09-03 10:02:45.514642,can_tapper17,"rgb(55,126,184)",PG3_est,125.0,110.0,115.0,12.0,90.0,127.0,-4.672322076586355,1500,-35.019999999991406,-5.019999999991406,100.0,16.0,436.0,420.0,1.129901,0.002380952380952381,0.0035714285714285713,0.002857142857142857,synchronized_peak_current_voltage_drop,0.5800000000094698,1.5200000000002376,2.0171482422437275,137.11674383012542,0.3241486083158457,5970,3.719912472647702,0.9862823629628152,22.15,-17.544117647058822,49.0,2.132901,4,272,60.0,120.0,110.0,118.0,124.0,144.0,141.0,140.0,59.897274,119.992695,15893704.321134,2160,401,379,//qar7000185/GP0_UPLOAD/BOXER/CYLOM\KZ-04-84_CP-13\20201103\can_Tapper17-09-03-09-04-27.pcap.gz
1,2020-09-03 10:02:45.514642,can_tapper17,"rgb(55,126,184)",PG4,125.0,110.0,115.0,12.0,90.0,127.0,-4.672322076586355,1500,-35.019999999991406,-5.019999999991406,100.0,16.0,436.0,420.0,1.129901,0.002380952380952381,0.0035714285714285713,0.002857142857142857,synchronized_peak_current_voltage_drop,0.5800000000094698,1.5200000000002376,2.0171482422437275,137.11674383012542,0.3241486083158457,5970,3.719912472647702,0.9862823629628152,22.15,-17.544117647058822,49.0,2.132901,4,272,60.0,120.0,110.0,118.0,124.0,144.0,141.0,140.0,59.897274,119.992695,15893704.321134,2160,401,379,//qar7000185/GP0_UPLOAD/BOXER/CYLOM\KZ-04-84_CP-13\20201103\can_Tapper17-09-03-09-04-27.pcap.gz
2,2020-09-03 13:50:03.820438,can_tapper17,"rgb(77,175,74)",PG1_est,124.0,108.0,108.0,12.903225806451612,78.00000000000004,125.0,-3.4644370953048753,1500,-35.019999999991406,-5.019999999991406,90.0,13.0,348.0,335.0,1.379276,0.004776119402985075,0.004776119402985075,0.005074626865671642,synchronized_peak_current_voltage_drop,1.2800000000095793,0.6400000000001,2.0171482422437275,143.54401899131636,0.47260315108702866,5935,16.595744680851062,2.1647697644129598,19.419999999999998,-37.479729729729726,22.0,2.374797,4,296,60.0,120.0,114.0,124.0,145.0,143.0,144.0,144.0,59.983026,119.989049,13638.305796,2160,443,516,//qar7000185/GP0_UPLOAD/BOXER/CYLOM\KZ-04-84_CP-13\20201103\can_Tapper17-09-03-13-04-27.pcap.gz
2,2020-09-03 13:50:03.820438,can_tapper17,"rgb(77,175,74)",PG2,124.0,111.0,117.0,10.483870967741936,78.00000000000004,125.0,-2.2504987779988292,1500,-35.019999999991406,-5.019999999991406,90.0,13.0,348.0,335.0,1.379276,0.00208955223880597,0.0038805970149253734,0.0023880597014925373,synchronized_peak_current_voltage_drop,0.7800000000095011,1.0000000000001563,1.7887444673306678,140.21807766381565,0.5828830510324021,5960,10.483870967741936,1.0990538467786501,19.419999999999998,-37.479729729729726,22.0,2.374797,4,296,60.0,120.0,111.0,120.0,142.0,140.0,141.0,141.0,59.983026,119.989049,13638.305796,2160,443,516,//qar7000185/GP0_UPLOAD/BOXER/CYLOM\KZ-04-84_CP-13\20201103\can_Tapper17-09-03-13-04-27.pcap.gz
2,2020-09-03 13:50:03.820438,can_tapper17,"rgb(77,175,74)",PG3_est,124.0,111.0,116.0,10.483870967741936,78.00000000000004,125.0,-2.7172545410015503,1500,-35.019999999991406,-5.019999999991406,90.0,13.0,348.0,335.0,1.379276,0.0023880597014925373,0.0038805970149253734,0.0026865671641791047,synchronized_peak_current_voltage_drop,0.8200000000095073,1.0000000000001563,1.7887444673306678,139.12459161947072,0.6375184619362183,5958,5.531914893617022,0.6457251017773916,19.419999999999998,-37.479729729729726,22.0,2.374797,4,296,60.0,120.0,111.0,122.0,141.0,139.0,139.0,139.0,59.983026,119.989049,13638.305796,2160,443,516,//qar7000185/GP0_UPLOAD/BOXER/CYLOM\KZ-04-84_CP-13\20201103\can_Tapper17-09-03-13-04-27.pcap.gz
2,2020-09-03 13:50:03.820438,can_tapper17,"rgb(77,175,74)",PG4,124.0,111.0,116.0,10.483870967741936,78.00000000000004,125.0,-2.7172545410015503,1500,-35.019999999991406,-5.019999999991406,90.0,13.0,348.0,335.0,1.379276,0.0023880597014925373,0.0038805970149253734,0.0026865671641791047,synchronized_peak_current_voltage_drop,0.8200000000095073,1.0000000000001563,1.7887444673306678,139.12459161947072,0.6375184619362183,5958,5.531914893617022,0.6457251017773916,19.419999999999998,-37.479729729729726,22.0,2.374797,4,296,60.0,120.0,111.0,122.0,141.0,139.0,139.0,139.0,59.983026,119.989049,13638.305796,2160,443,516,//qar7000185/GP0_UPLOAD/BOXER/CYLOM\KZ-04-84_CP-13\20201103\can_Tapper17-09-03-13-04-27.pcap.gz
3,2020-09-08 11:08:28.871424,can_tapper17,"rgb(152,78,163)",PG1_est,125.0,116.0,123.0,7.199999999999999,90.0,126.0,-11.413425858391857,487,-14.739999999992925,-5.019999999991406,95.0,0.0,398.0,398.0,1.110826,0.0005025125628140704,0.0022613065326633165,0.0007537688442211055,synchronized_peak_current_voltage_drop,1.400000000009598,0.24000000000003752,2.565174071178317,142.15699903337403,0.7927117766200179,5929,3.7974683544303796,1.0988671232119251,18.7,-12.586805555555555,101.0,2.017067,6,288,60.0,120.0,123.0,117.0,123.0,143.0,143.0,142.0,12.76021,119.861819,422305.050986,1593,315,363,//qar7000185/GP0_UPLOAD/BOXER/CYLOM\KZ-04-84_CP-13\20201103\can_Tapper17-09-08-11-08-15.pcap.gz
3,2020-09-08 11:08:28.871424,can_tapper17,"rgb(152,78,163)",PG2,125.0,117.0,117.0,6.4,90.0,126.0,-11.309530488509877,487,-14.739999999992925,-5.019999999991406,95.0,0.0,398.0,398.0,1.110826,0.0020100502512562816,0.0020100502512562816,0.0022613065326633165,synchronized_peak_current_voltage_drop,0.9000000000095199,0.7600000000001188,3.2620894576029285,144.19805229664004,0.8767672032937701,5954,2.0080321285140563,0.5790606175504988,18.7,-12.586805555555555,101.0,2.017067,6,288,60.0,120.0,117.0,121.0,124.0,143.0,143.0,144.0,12.76021,119.861819,422305.050986,1593,315,363,//qar7000185/GP0_UPLOAD/BOXER/CYLOM\KZ-04-84_CP-13\20201103\can_Tapper17-09-08-11-08-15.pcap.gz
3,2020-09-08 11:08:28.871424,can_tapper17,"rgb(152,78,163)",PG3_est,125.0,117.0,117.0,6.4,90.0,126.0,-4.634252973587725,487,-14.739999999992925,-5.019999999991406,95.0,0.0,398.0,398.0,1.110826,0.0020100502512562816,0.0020100502512562816,0.0022613065326633165,synchronized_peak_current_voltage_drop,0.9000000000095199,0.5000000000000782,2.27471676670449,137.25147504994513,0.6587793360371181,5954,2.0408163265306123,0.5300673973494188,18.7,-12.586805555555555,101.0,2.017067,6,288,60.0,120.0,117.0,123.0,124.0,139.0,139.0,137.0,12.76021,119.861819,422305.050986,1593,315,363,//qar7000185/GP0_UPLOAD/BOXER/CYLOM\KZ-04-84_CP-13\20201103\can_Tapper17-09-08-11-08-15.pcap.gz
3,2020-09-08 11:08:28.871424,can_tapper17,"rgb(152,78,163)",PG4,125.0,117.0,117.0,6.4,90.0,126.0,-4.634252973587725,487,-14.739999999992925,-5.019999999991406,95.0,0.0,398.0,398.0,1.110826,0.0020100502512562816,0.0020100502512562816,0.0022613065326633165,synchronized_peak_current_voltage_drop,0.9000000000095199,0.5000000000000782,2.27471676670449,137.25147504994513,0.6587793360371181,5954,2.0408163265306123,0.5300673973494188,18.7,-12.586805555555555,101.0,2.017067,6,288,60.0,120.0,117.0,123.0,124.0,139.0,139.0,137.0,12.76021,119.861819,422305.050986,1593,315,363,//qar7000185/GP0_UPLOAD/BOXER/CYLOM\KZ-04-84_CP-13\20201103\can_Tapper17-09-08-11-08-15.pcap.gz
4,2020-09-10 09:07:33.503378,can_tapper17,"rgb(255,127,0)",PG1_est,124.0,110.0,117.0,11.29032258064516,78.00000000000004,125.0,-6.332305036578716,1500,-35.019999999991406,-5.019999999991406,90.0,0.0,498.0,498.0,0.966532,0.0014056224899598392,0.0028112449799196785,0.001606425702811245,synchronized_peak_current_voltage_drop,1.0000000000095355,0.26000000000004064,3.678623825607137,143.5847444003032,0.7862068721326302,5949,5.241090146750524,0.8515871679065399,20.366666666666667,-24.361774744027304,71.0,2.064026,7,293,60.0,120.0,110.0,128.0,139.0,145.0,143.0,143.0,59.890955,119.950106,165544.631954,2160,413,528,//qar7000185/GP0_UPLOAD/BOXER/CYLOM\KZ-04-84_CP-13\20201103\can_Tapper17-09-10-08-24-05.pcap.gz
4,2020-09-10 09:07:33.503378,can_tapper17,"rgb(255,127,0)",PG2,124.0,112.0,116.0,9.67741935483871,78.00000000000004,125.0,-2.533698903865686,1500,-35.019999999991406,-5.019999999991406,90.0,0.0,498.0,498.0,0.966532,0.001606425702811245,0.0024096385542168672,0.0018072289156626507,synchronized_peak_current_voltage_drop,1.0600000000095449,1.0000000000001563,3.2620894576029285,141.48222135259923,0.8081468476937381,5946,2.6548672566371683,0.8870182124567344,20.366666666666667,-24.361774744027304,71.0,2.064026,7,293,60.0,120.0,116.0,116.0,123.0,144.0,142.0,142.0,59.890955,119.950106,165544.631954,2160,413,528,//qar7000185/GP0_UPLOAD/BOXER/CYLOM\KZ-04-84_CP-13\20201103\can_Tapper17-09-10-08-24-05.pcap.gz
4,2020-09-10 09:07:33.503378,can_tapper17,"rgb(255,127,0)",PG3_est,124.0,113.0,118.0,8.870967741935484,78.00000000000004,125.0,-4.785024348898922,1500,-35.019999999991406,-5.019999999991406,90.0,0.0,498.0,498.0,0.966532,0.0012048192771084336,0.002208835341365462,0.0014056224899598392,synchronized_peak_current_voltage_drop,1.0200000000095386,0.7600000000001188,2.892719705486028,138.87526210811617,0.7456123239250017,5948,2.3060796645702304,0.43651575770910156,20.366666666666667,-24.361774744027304,71.0,2.064026,7,293,60.0,120.0,118.0,120.0,123.0,143.0,138.0,138.0,59.890955,119.950106,165544.631954,2160,413,528,//qar7000185/GP0_UPLOAD/BOXER/CYLOM\KZ-04-84_CP-13\20201103\can_Tapper17-09-10-08-24-05.pcap.gz
4,2020-09-10 09:07:33.503378,can_tapper17,"rgb(255,127,0)",PG4,124.0,113.0,118.0,8.870967741935484,78.00000000000004,125.0,-4.785024348898922,1500,-35.019999999991406,-5.019999999991406,90.0,0.0,498.0,498.0,0.966532,0.0012048192771084336,0.002208835341365462,0.0014056224899598392,synchronized_peak_current_voltage_drop,1.0200000000095386,0.7600000000001188,2.892719705486028,138.87526210811617,0.7456123239250017,5948,2.3060796645702304,0.43651575770910156,20.366666666666667,-24.361774744027304,71.0,2.064026,7,293,60.0,120.0,118.0,120.0,123.0,143.0,138.0,138.0,59.890955,119.950106,165544.631954,2160,413,528,//qar7000185/GP0_UPLOAD/BOXER/CYLOM\KZ-04-84_CP-13\20201103\can_Tapper17-09-10-08-24-05.pcap.gz
5,2020-09-10 11:44:49.531459,can_tapper17,"rgb(255,255,51)",PG1_est,125.0,117.0,121.0,6.4,90.0,126.0,-3.027290234350617,1500,-35.019999999991406,-5.019999999991406,95.0,0.0,495.0,495.0,0.831856,0.0008080808080808081,0.0016161616161616162,0.00101010101010101,synchronized_peak_current_voltage_drop,0.9400000000095261,0.5000000000000782,2.892719705486028,143.0400819295641,0.8124236248949549,5952,0.819672131147541,0.4496081988875754,19.875,-13.836501901140684,15.0,2.332706,7,263,60.0,120.0,117.0,123.0,141.0,144.0,144.0,143.0,47.958911,119.873375,9436.028081,2016,350,563,//qar7000185/GP0_UPLOAD/BOXER/CYLOM\KZ-04-84_CP-13\20201103\can_Tapper17-09-10-11-44-01.pcap.gz
5,2020-09-10 11:44:49.531459,can_tapper17,"rgb(255,255,51)",PG2,126.0,116.0,121.0,7.936507936507936,95.0,126.0,-4.4880019946663285,1500,-35.019999999991406,-5.019999999991406,95.0,0.0,495.0,495.0,0.831856,0.00101010101010101,0.00202020202020202,0.00101010101010101,synchronized_peak_current_voltage_drop,0.9400000000095261,1.0000000000001563,2.892719705486028,142.92227712846798,0.885297988150007,5952,1.0660980810234542,0.35247167283825176,19.875,-13.836501901140684,15.0,2.332706,7,263,60.0,120.0,116.0,123.0,142.0,142.0,142.0,143.0,47.958911,119.873375,9436.028081,2016,350,563,//qar7000185/GP0_UPLOAD/BOXER/CYLOM\KZ-04-84_CP-13\20201103\can_Tapper17-09-10-11-44-01.pcap.gz
5,2020-09-10 11:44:49.531459,can_tapper17,"rgb(255,255,51)",PG3_est,126.0,116.0,121.0,7.936507936507936,95.0,126.0,-4.589113150715525,1500,-35.019999999991406,-5.019999999991406,95.0,0.0,495.0,495.0,0.831856,0.00101010101010101,0.00202020202020202,0.00101010101010101,synchronized_peak_current_voltage_drop,0.9400000000095261,0.7600000000001188,2.27471676670449,139.64013592086587,0.653018690650908,5952,0.819672131147541,0.25119458081551427,19.875,-13.836501901140684,15.0,2.332706,7,263,60.0,120.0,116.0,121.0,139.0,142.0,141.0,140.0,47.958911,119.873375,9436.028081,2016,350,563,//qar7000185/GP0_UPLOAD/BOXER/CYLOM\KZ-04-84_CP-13\20201103\can_Tapper17-09-10-11-44-01.pcap.gz
5,2020-09-10 11:44:49.531459,can_tapper17,"rgb(255,255,51)",PG4,126.0,116.0,121.0,7.936507936507936,95.0,126.0,-4.589113150715525,1500,-35.019999999991406,-5.019999999991406,95.0,0.0,495.0,495.0,0.831856,0.00101010101010101,0.00202020202020202,0.00101010101010101,synchronized_peak_current_voltage_drop,0.9400000000095261,0.7600000000001188,2.27471676670449,139.64013592086587,0.653018690650908,5952,0.819672131147541,0.25119458081551427,19.875,-13.836501901140684,15.0,2.332706,7,263,60.0,120.0,116.0,121.0,139.0,142.0,141.0,140.0,47.958911,119.873375,9436.028081,2016,350,563,//qar7000185/GP0_UPLOAD/BOXER/CYLOM\KZ-04-84_CP-13\20201103\can_Tapper17-09-10-11-44-01.pcap.gz
6,2020-09-15 13:48:16.764496,can_tapper17,"rgb(166,86,40)",PG1_est,123.0,116.0,116.0,5.691056910569105,68.33333333333339,124.0,-0.7268447674861827,1500,-35.019999999991406,-5.019999999991406,78.00000000000004,0.0,369.0,369.0,1.011596,0.0018970189701897017,0.0018970189701897017,0.002168021680216802,synchronized_peak_current_voltage_drop,0.9800000000095324,0.5000000000000782,3.2620894576029285,144.14293230424389,0.8794343373913801,5950,1.2244897959183674,0.448318428247977,15.25,-15.047297297297296,17.0,2.015633,7,296,60.0,120.0,116.0,121.0,132.0,145.0,144.0,144.0,44.670853,119.924513,439407.233037,1977,351,497,//qar7000185/GP0_UPLOAD/BOXER/CYLOM\KZ-04-84_CP-13\20201103\can_Tapper17-09-15-13-47-31.pcap.gz
6,2020-09-15 13:48:16.764496,can_tapper17,"rgb(166,86,40)",PG2,123.0,115.0,115.0,6.504065040650407,68.33333333333339,124.0,-2.786659016292076,1500,-35.019999999991406,-5.019999999991406,78.00000000000004,0.0,369.0,369.0,1.011596,0.002168021680216802,0.002168021680216802,0.0024390243902439024,synchronized_peak_current_voltage_drop,0.9800000000095324,0.5000000000000782,2.892719705486028,142.00419302502212,0.8609657276819213,5950,1.8789144050104385,0.4532819044898183,15.25,-15.047297297297296,17.0,2.015633,7,296,60.0,120.0,115.0,122.0,132.0,142.0,142.0,142.0,44.670853,119.924513,439407.233037,1977,351,497,//qar7000185/GP0_UPLOAD/BOXER/CYLOM\KZ-04-84_CP-13\20201103\can_Tapper17-09-15-13-47-31.pcap.gz
6,2020-09-15 13:48:16.764496,can_tapper17,"rgb(166,86,40)",PG3_est,123.0,115.0,115.0,6.504065040650407,68.33333333333339,124.0,-2.0597698043417165,1500,-35.019999999991406,-5.019999999991406,78.00000000000004,0.0,369.0,369.0,1.011596,0.002168021680216802,0.002168021680216802,0.0024390243902439024,synchronized_peak_current_voltage_drop,1.0000000000095355,0.24000000000003752,2.892719705486028,139.0941433261568,0.8459509936020406,5949,1.4613778705636744,0.3427558342805988,15.25,-15.047297297297296,17.0,2.015633,7,296,60.0,120.0,115.0,122.0,131.0,140.0,139.0,139.0,44.670853,119.924513,439407.233037,1977,351,497,//qar7000185/GP0_UPLOAD/BOXER/CYLOM\KZ-04-84_CP-13\20201103\can_Tapper17-09-15-13-47-31.pcap.gz
6,2020-09-15 13:48:16.764496,can_tapper17,"rgb(166,86,40)",PG4,123.0,115.0,115.0,6.504065040650407,68.33333333333339,124.0,-2.0597698043417165,1500,-35.019999999991406,-5.019999999991406,78.00000000000004,0.0,369.0,369.0,1.011596,0.002168021680216802,0.002168021680216802,0.0024390243902439024,synchronized_peak_current_voltage_drop,1.0000000000095355,0.24000000000003752,2.892719705486028,139.0941433261568,0.8459509936020406,5949,1.4613778705636744,0.3427558342805988,15.25,-15.047297297297296,17.0,2.015633,7,296,60.0,120.0,115.0,122.0,131.0,140.0,139.0,139.0,44.670853,119.924513,439407.233037,1977,351,497,//qar7000185/GP0_UPLOAD/BOXER/CYLOM\KZ-04-84_CP-13\20201103\can_Tapper17-09-15-13-47-31.pcap.gz
7,2020-09-15 15:50:38.165627,can_tapper17,"rgb(247,129,191)",PG1_est,123.0,97.0,111.0,21.138211382113823,68.33333333333339,124.0,-1.2328805479466942,1500,-35.019999999991406,-5.019999999991406,78.00000000000004,14.0,499.0,485.0,0.836861,0.002474226804123711,0.0053608247422680414,0.0026804123711340207,synchronized_peak_current_voltage_drop,0.7800000000095011,0.5000000000000782,2.565174071178317,144.64077009473502,0.8086829430872191,5960,12.01814058956916,1.6624162371889213,21.85,-37.70034843205575,49.0,2.240879,7,287,60.0,120.0,111.0,120.0,144.0,141.0,145.0,144.0,59.868389,119.988786,7341.401131,2159,432,534,//qar7000185/GP0_UPLOAD/BOXER/CYLOM\KZ-04-84_CP-13\20201103\can_Tapper17-09-15-15-47-31.pcap.gz
7,2020-09-15 15:50:38.165627,can_tapper17,"rgb(247,129,191)",PG2,124.0,110.0,110.0,11.29032258064516,78.00000000000004,124.0,-8.843540243896139e-14,1500,-35.019999999991406,-5.019999999991406,78.00000000000004,14.0,499.0,485.0,0.836861,0.00288659793814433,0.00288659793814433,0.00288659793814433,synchronized_peak_current_voltage_drop,0.8400000000095105,1.0000000000001563,2.0171482422437275,140.1234212046635,0.7759986031808281,5957,12.471655328798185,1.6674266569751768,21.85,-37.70034843205575,49.0,2.240879,7,287,60.0,120.0,110.0,120.0,144.0,137.0,140.0,140.0,59.868389,119.988786,7341.401131,2159,432,534,//qar7000185/GP0_UPLOAD/BOXER/CYLOM\KZ-04-84_CP-13\20201103\can_Tapper17-09-15-15-47-31.pcap.gz
7,2020-09-15 15:50:38.165627,can_tapper17,"rgb(247,129,191)",PG3_est,123.0,110.0,110.0,10.569105691056912,68.33333333333339,124.0,-8.843540243896139e-14,1500,-35.019999999991406,-5.019999999991406,78.00000000000004,14.0,499.0,485.0,0.836861,0.0026804123711340207,0.0026804123711340207,0.00288659793814433,synchronized_peak_current_voltage_drop,0.6200000000094761,1.5000000000002345,2.27471676670449,139.5866981157485,0.8127099230584861,5968,5.781584582441114,0.9425935834518239,21.85,-37.70034843205575,49.0,2.240879,7,287,60.0,120.0,110.0,116.0,142.0,136.0,139.0,139.0,59.868389,119.988786,7341.401131,2159,432,534,//qar7000185/GP0_UPLOAD/BOXER/CYLOM\KZ-04-84_CP-13\20201103\can_Tapper17-09-15-15-47-31.pcap.gz
7,2020-09-15 15:50:38.165627,can_tapper17,"rgb(247,129,191)",PG4,123.0,110.0,110.0,10.569105691056912,68.33333333333339,124.0,-8.843540243896139e-14,1500,-35.019999999991406,-5.019999999991406,78.00000000000004,14.0,499.0,485.0,0.836861,0.0026804123711340207,0.0026804123711340207,0.00288659793814433,synchronized_peak_current_voltage_drop,0.6200000000094761,1.5000000000002345,2.27471676670449,139.5866981157485,0.8127099230584861,5968,5.781584582441114,0.9425935834518239,21.85,-37.70034843205575,49.0,2.240879,7,287,60.0,120.0,110.0,116.0,142.0,136.0,139.0,139.0,59.868389,119.988786,7341.401131,2159,432,534,//qar7000185/GP0_UPLOAD/BOXER/CYLOM\KZ-04-84_CP-13\20201103\can_Tapper17-09-15-15-47-31.pcap.gz
8,2020-09-16 10:44:28.796897,can_tapper17,"rgb(153,153,153)",PG1_est,125.0,103.0,118.0,17.599999999999998,90.0,126.0,-0.6692980752434791,1500,-35.019999999991406,-5.019999999991406,95.0,15.0,499.0,484.0,0.666901,0.001446280991735537,0.004545454545454546,0.0016528925619834713,synchronized_peak_current_voltage_drop,0.7200000000094917,0.5000000000000782,3.2620894576029285,144.08844585868852,0.8127659943759014,5963,5.357142857142857,1.3618652931959887,22.165,-29.987692307692306,154.0,2.071208,8,325,60.0,120.0,117.0,123.0,132.0,145.0,142.0,143.0,59.923767,119.926452,68030.63127,2159,445,372,//qar7000185/GP0_UPLOAD/BOXER/CYLOM\KZ-04-84_CP-13\20201103\can_Tapper17-09-16-10-28-37.pcap.gz
8,2020-09-16 10:44:28.796897,can_tapper17,"rgb(153,153,153)",PG2,126.0,110.0,118.0,12.698412698412698,95.0,126.0,2.9232752156300525e-13,1500,-35.019999999991406,-5.019999999991406,95.0,15.0,499.0,484.0,0.666901,0.0016528925619834713,0.0033057851239669425,0.0016528925619834713,synchronized_peak_current_voltage_drop,0.760000000009498,1.260000000000197,2.892719705486028,141.25707962570743,0.8337242377027414,5961,9.006928406466512,1.314650738582827,22.165,-29.987692307692306,154.0,2.071208,8,325,60.0,120.0,110.0,118.0,133.0,144.0,142.0,141.0,59.923767,119.926452,68030.63127,2159,445,372,//qar7000185/GP0_UPLOAD/BOXER/CYLOM\KZ-04-84_CP-13\20201103\can_Tapper17-09-16-10-28-37.pcap.gz
8,2020-09-16 10:44:28.796897,can_tapper17,"rgb(153,153,153)",PG3_est,125.0,106.0,106.0,15.2,90.0,126.0,2.9232752156300525e-13,1500,-35.019999999991406,-5.019999999991406,95.0,15.0,499.0,484.0,0.666901,0.003925619834710743,0.003925619834710743,0.004132231404958678,synchronized_peak_current_voltage_drop,0.6200000000094761,1.5000000000002345,2.565174071178317,140.00602514969373,0.8109250643325833,5968,5.357142857142857,0.9568926070987277,22.165,-29.987692307692306,154.0,2.071208,8,325,60.0,120.0,111.0,118.0,127.0,142.0,139.0,139.0,59.923767,119.926452,68030.63127,2159,445,372,//qar7000185/GP0_UPLOAD/BOXER/CYLOM\KZ-04-84_CP-13\20201103\can_Tapper17-09-16-10-28-37.pcap.gz
8,2020-09-16 10:44:28.796897,can_tapper17,"rgb(153,153,153)",PG4,125.0,106.0,106.0,15.2,90.0,126.0,2.9232752156300525e-13,1500,-35.019999999991406,-5.019999999991406,95.0,15.0,499.0,484.0,0.666901,0.003925619834710743,0.003925619834710743,0.004132231404958678,synchronized_peak_current_voltage_drop,0.6200000000094761,1.5000000000002345,2.565174071178317,140.00602514969373,0.8109250643325833,5968,5.357142857142857,0.9568926070987277,22.165,-29.987692307692306,154.0,2.071208,8,325,60.0,120.0,111.0,118.0,127.0,142.0,139.0,139.0,59.923767,119.926452,68030.63127,2159,445,372,//qar7000185/GP0_UPLOAD/BOXER/CYLOM\KZ-04-84_CP-13\20201103\can_Tapper17-09-16-10-28-37.pcap.gz
9,2020-09-16 12:41:35.180901,can_tapper17,"rgb(228,26,28)",PG1_est,125.0,108.0,120.0,13.600000000000001,90.0,126.0,-0.7445425531295937,1500,-35.019999999991406,-5.019999999991406,95.0,13.0,496.0,483.0,0.840844,0.0010351966873706005,0.003519668737060041,0.0012422360248447205,synchronized_peak_current_voltage_drop,0.9000000000095199,0.7600000000001188,2.0171482422437275,143.92649620538975,0.7912198624149971,5954,5.042016806722689,1.1469207537080253,22.323333333333334,-31.945054945054945,98.0,2.243153,7,273,60.0,120.0,115.0,122.0,144.0,145.0,143.0,143.0,59.992423,119.895803,7026.384004,2159,412,565,//qar7000185/GP0_UPLOAD/BOXER/CYLOM\KZ-04-84_CP-13\20201103\can_Tapper17-09-16-12-28-37.pcap.gz
9,2020-09-16 12:41:35.180901,can_tapper17,"rgb(228,26,28)",PG2,125.0,112.0,119.0,10.4,90.0,126.0,-0.3644446064195832,1500,-35.019999999991406,-5.019999999991406,95.0,13.0,496.0,483.0,0.840844,0.0012422360248447205,0.0026915113871635614,0.0014492753623188404,synchronized_peak_current_voltage_drop,0.9600000000095292,0.7400000000001157,1.7887444673306678,140.8961749289867,0.7895577989822236,5951,7.526881720430108,1.1667289091597244,22.323333333333334,-31.945054945054945,98.0,2.243153,7,273,60.0,120.0,112.0,122.0,144.0,143.0,142.0,141.0,59.992423,119.895803,7026.384004,2159,412,565,//qar7000185/GP0_UPLOAD/BOXER/CYLOM\KZ-04-84_CP-13\20201103\can_Tapper17-09-16-12-28-37.pcap.gz
9,2020-09-16 12:41:35.180901,can_tapper17,"rgb(228,26,28)",PG3_est,125.0,113.0,113.0,9.6,90.0,126.0,-0.2501245556104521,1500,-35.019999999991406,-5.019999999991406,95.0,13.0,496.0,483.0,0.840844,0.002484472049689441,0.002484472049689441,0.0026915113871635614,synchronized_peak_current_voltage_drop,0.6200000000094761,1.5000000000002345,2.0171482422437275,141.84309057227236,0.86735500986373,5968,5.042016806722689,0.768208073930584,22.323333333333334,-31.945054945054945,98.0,2.243153,7,273,60.0,120.0,113.0,118.0,144.0,144.0,142.0,141.0,59.992423,119.895803,7026.384004,2159,412,565,//qar7000185/GP0_UPLOAD/BOXER/CYLOM\KZ-04-84_CP-13\20201103\can_Tapper17-09-16-12-28-37.pcap.gz
9,2020-09-16 12:41:35.180901,can_tapper17,"rgb(228,26,28)",PG4,125.0,113.0,113.0,9.6,90.0,126.0,-0.2501245556104521,1500,-35.019999999991406,-5.019999999991406,95.0,13.0,496.0,483.0,0.840844,0.002484472049689441,0.002484472049689441,0.0026915113871635614,synchronized_peak_current_voltage_drop,0.6200000000094761,1.5000000000002345,2.0171482422437275,141.84309057227236,0.86735500986373,5968,5.042016806722689,0.768208073930584,22.323333333333334,-31.945054945054945,98.0,2.243153,7,273,60.0,120.0,113.0,118.0,144.0,144.0,142.0,141.0,59.992423,119.895803,7026.384004,2159,412,565,//qar7000185/GP0_UPLOAD/BOXER/CYLOM\KZ-04-84_CP-13\20201103\can_Tapper17-09-16-12-28-37.pcap.gz
10,2020-09-16 13:55:05.408286,can_tapper17,"rgb(55,126,184)",PG1_est,125.0,112.0,125.0,10.4,90.0,125.0,-0.2243823219475103,1500,-35.019999999991406,-5.019999999991406,90.0,0.0,499.0,499.0,0.784986,,0.0026052104208416833,,synchronized_peak_current_voltage_drop,0.8400000000095105,1.0000000000001563,2.0171482422437275,143.57229139059913,0.8307131928081101,5957,7.377049180327869,1.630325517835867,23.008333333333333,-31.215139442231077,20.0,2.286291,7,251,60.0,120.0,112.0,122.0,146.0,143.0,143.0,142.0,59.895402,119.853087,4410.227385,2157,309,618,//qar7000185/GP0_UPLOAD/BOXER/CYLOM\KZ-04-84_CP-13\20201103\can_Tapper17-09-16-13-28-37.pcap.gz
10,2020-09-16 13:55:05.408286,can_tapper17,"rgb(55,126,184)",PG2,125.0,113.0,113.0,9.6,90.0,126.0,-0.3277779234566693,1500,-35.019999999991406,-5.019999999991406,95.0,0.0,499.0,499.0,0.784986,0.002404809619238477,0.002404809619238477,0.0026052104208416833,synchronized_peak_current_voltage_drop,0.7400000000094948,1.0000000000001563,2.0171482422437275,141.37892376850445,0.8565621291617559,5962,5.042016806722689,1.2255083581365958,23.008333333333333,-31.215139442231077,20.0,2.286291,7,251,60.0,120.0,113.0,123.0,144.0,141.0,142.0,142.0,59.895402,119.853087,4410.227385,2157,309,618,//qar7000185/GP0_UPLOAD/BOXER/CYLOM\KZ-04-84_CP-13\20201103\can_Tapper17-09-16-13-28-37.pcap.gz
10,2020-09-16 13:55:05.408286,can_tapper17,"rgb(55,126,184)",PG3_est,125.0,112.0,119.0,10.4,90.0,126.0,-0.4047912910180208,1500,-35.019999999991406,-5.019999999991406,95.0,0.0,499.0,499.0,0.784986,0.0012024048096192384,0.0026052104208416833,0.0014028056112224449,synchronized_peak_current_voltage_drop,0.9000000000095199,0.7400000000001157,1.7887444673306678,141.51482795966086,0.8381994542735242,5954,2.8077753779697625,0.49027615327593993,23.008333333333333,-31.215139442231077,20.0,2.286291,7,251,60.0,120.0,112.0,122.0,145.0,142.0,142.0,141.0,59.895402,119.853087,4410.227385,2157,309,618,//qar7000185/GP0_UPLOAD/BOXER/CYLOM\KZ-04-84_CP-13\20201103\can_Tapper17-09-16-13-28-37.pcap.gz
10,2020-09-16 13:55:05.408286,can_tapper17,"rgb(55,126,184)",PG4,125.0,112.0,119.0,10.4,90.0,126.0,-0.4047912910180208,1500,-35.019999999991406,-5.019999999991406,95.0,0.0,499.0,499.0,0.784986,0.0012024048096192384,0.0026052104208416833,0.0014028056112224449,synchronized_peak_current_voltage_drop,0.9000000000095199,0.7400000000001157,1.7887444673306678,141.51482795966086,0.8381994542735242,5954,2.8077753779697625,0.49027615327593993,23.008333333333333,-31.215139442231077,20.0,2.286291,7,251,60.0,120.0,112.0,122.0,145.0,142.0,142.0,141.0,59.895402,119.853087,4410.227385,2157,309,618,//qar7000185/GP0_UPLOAD/BOXER/CYLOM\KZ-04-84_CP-13\20201103\can_Tapper17-09-16-13-28-37.pcap.gz
11,2020-09-16 14:13:04.017125,can_tapper17,"rgb(77,175,74)",PG1_est,127.0,107.0,112.0,15.748031496062993,100.0,129.0,3.766001673777658,1500,-35.019999999991406,-5.019999999991406,100.0,0.0,349.0,349.0,1.217604,0.004297994269340974,0.0057306590257879654,0.004871060171919771,synchronized_peak_current_voltage_drop,0.8000000000095042,0.5000000000000782,1.7887444673306678,142.17816284905257,0.7469442170867284,5959,10.833333333333334,2.118473971048276,20.375,-22.220216606498195,15.0,2.318714,4,277,60.0,120.0,114.0,124.0,144.0,143.0,144.0,142.0,59.851545,119.97973,1078.608839,2158,342,591,//qar7000185/GP0_UPLOAD/BOXER/CYLOM\KZ-04-84_CP-13\20201103\can_Tapper17-09-16-13-28-37.pcap.gz
11,2020-09-16 14:13:04.017125,can_tapper17,"rgb(77,175,74)",PG2,127.0,114.0,116.0,10.236220472440944,100.0,128.0,-4.010890671506157,1500,-35.019999999991406,-5.019999999991406,100.0,0.0,349.0,349.0,1.217604,0.0031518624641833815,0.0037249283667621777,0.0034383954154727794,synchronized_peak_current_voltage_drop,0.8600000000095136,0.7400000000001157,2.27471676670449,144.0054804182248,0.8097145381082715,5956,6.607929515418502,0.7017995707759603,20.375,-22.220216606498195,15.0,2.318714,4,277,60.0,120.0,114.0,124.0,143.0,140.0,142.0,144.0,59.851545,119.97973,1078.608839,2158,342,591,//qar7000185/GP0_UPLOAD/BOXER/CYLOM\KZ-04-84_CP-13\20201103\can_Tapper17-09-16-13-28-37.pcap.gz
11,2020-09-16 14:13:04.017125,can_tapper17,"rgb(77,175,74)",PG3_est,128.0,113.0,118.0,11.71875,100.0,129.0,-0.9096804043025271,1500,-35.019999999991406,-5.019999999991406,100.0,0.0,349.0,349.0,1.217604,0.0028653295128939827,0.004297994269340974,0.0031518624641833815,synchronized_peak_current_voltage_drop,0.6400000000094792,1.0000000000001563,1.5862030873085784,140.4595709068349,0.5335505950460788,5967,5.833333333333333,0.9243226517347277,20.375,-22.220216606498195,15.0,2.318714,4,277,60.0,120.0,113.0,124.0,145.0,143.0,142.0,140.0,59.851545,119.97973,1078.608839,2158,342,591,//qar7000185/GP0_UPLOAD/BOXER/CYLOM\KZ-04-84_CP-13\20201103\can_Tapper17-09-16-13-28-37.pcap.gz
11,2020-09-16 14:13:04.017125,can_tapper17,"rgb(77,175,74)",PG4,128.0,113.0,118.0,11.71875,100.0,129.0,-0.9096804043025271,1500,-35.019999999991406,-5.019999999991406,100.0,0.0,349.0,349.0,1.217604,0.0028653295128939827,0.004297994269340974,0.0031518624641833815,synchronized_peak_current_voltage_drop,0.6400000000094792,1.0000000000001563,1.5862030873085784,140.4595709068349,0.5335505950460788,5967,5.833333333333333,0.9243226517347277,20.375,-22.220216606498195,15.0,2.318714,4,277,60.0,120.0,113.0,124.0,145.0,143.0,142.0,140.0,59.851545,119.97973,1078.608839,2158,342,591,//qar7000185/GP0_UPLOAD/BOXER/CYLOM\KZ-04-84_CP-13\20201103\can_Tapper17-09-16-13-28-37.pcap.gz
12,2020-09-16 15:04:51.492221,can_tapper17,"rgb(152,78,163)",PG1_est,126.0,102.0,114.0,19.047619047619047,95.0,127.0,-0.32777792345662465,1500,-35.019999999991406,-5.019999999991406,100.0,13.0,494.0,481.0,0.796341,0.0024948024948024945,0.004989604989604989,0.002702702702702703,synchronized_peak_current_voltage_drop,0.760000000009498,1.0000000000001563,2.0171482422437275,143.45862389227247,0.7919287734388357,5961,9.734513274336283,1.5810224840919687,26.35,-23.584362139917694,-14.0,,6,243,60.0,120.0,114.0,124.0,146.0,143.0,145.0,143.0,59.969663,119.956048,3107.475096,2160,368,558,//qar7000185/GP0_UPLOAD/BOXER/CYLOM\KZ-04-84_CP-13\20201103\can_Tapper17-09-16-14-28-37.pcap.gz
12,2020-09-16 15:04:51.492221,can_tapper17,"rgb(152,78,163)",PG2,126.0,114.0,114.0,9.523809523809524,95.0,127.0,1.6527483802237072e-14,1500,-35.019999999991406,-5.019999999991406,100.0,13.0,494.0,481.0,0.796341,0.0024948024948024945,0.0024948024948024945,0.002702702702702703,synchronized_peak_current_voltage_drop,0.8000000000095042,1.0000000000001563,2.0171482422437275,142.10760634801278,0.8566891626760451,5959,11.504424778761061,1.1670389163105028,26.35,-23.584362139917694,-14.0,,6,243,60.0,120.0,114.0,124.0,144.0,140.0,142.0,142.0,59.969663,119.956048,3107.475096,2160,368,558,//qar7000185/GP0_UPLOAD/BOXER/CYLOM\KZ-04-84_CP-13\20201103\can_Tapper17-09-16-14-28-37.pcap.gz
12,2020-09-16 15:04:51.492221,can_tapper17,"rgb(152,78,163)",PG3_est,126.0,112.0,112.0,11.11111111111111,95.0,127.0,1.6527483802237072e-14,1500,-35.019999999991406,-5.019999999991406,100.0,13.0,494.0,481.0,0.796341,0.0029106029106029103,0.0029106029106029103,0.0031185031185031187,synchronized_peak_current_voltage_drop,0.6800000000094855,1.0000000000001563,1.7887444673306678,143.535409436387,0.7182920296736601,5965,6.079664570230608,0.8882533982243621,26.35,-23.584362139917694,-14.0,,6,243,60.0,120.0,112.0,124.0,146.0,144.0,146.0,143.0,59.969663,119.956048,3107.475096,2160,368,558,//qar7000185/GP0_UPLOAD/BOXER/CYLOM\KZ-04-84_CP-13\20201103\can_Tapper17-09-16-14-28-37.pcap.gz
12,2020-09-16 15:04:51.492221,can_tapper17,"rgb(152,78,163)",PG4,126.0,112.0,112.0,11.11111111111111,95.0,127.0,1.6527483802237072e-14,1500,-35.019999999991406,-5.019999999991406,100.0,13.0,494.0,481.0,0.796341,0.0029106029106029103,0.0029106029106029103,0.0031185031185031187,synchronized_peak_current_voltage_drop,0.6800000000094855,1.0000000000001563,1.7887444673306678,143.535409436387,0.7182920296736601,5965,6.079664570230608,0.8882533982243621,26.35,-23.584362139917694,-14.0,,6,243,60.0,120.0,112.0,124.0,146.0,144.0,146.0,143.0,59.969663,119.956048,3107.475096,2160,368,558,//qar7000185/GP0_UPLOAD/BOXER/CYLOM\KZ-04-84_CP-13\20201103\can_Tapper17-09-16-14-28-37.pcap.gz
13,2020-09-17 10:34:01.794219,can_tapper17,"rgb(255,127,0)",PG1_est,124.0,111.0,111.0,10.483870967741936,78.00000000000004,123.0,-2.6068100474707703,1500,-35.019999999991406,-5.019999999991406,68.33333333333339,0.0,375.0,375.0,0.981725,0.003466666666666667,0.003466666666666667,0.0031999999999999997,synchronized_peak_current_voltage_drop,0.9000000000095199,0.5000000000000782,3.2620894576029285,144.06844864015036,0.8244019737745806,5954,6.722689075630252,0.9899441889160944,18.6,-49.69329073482428,15.0,2.080785,7,313,60.0,120.0,116.0,119.0,123.0,146.0,144.0,144.0,59.990304,119.937975,70150.301998,2160,394,570,//qar7000185/GP0_UPLOAD/BOXER/CYLOM\KZ-04-84_CP-13\20201103\can_Tapper17-09-17-10-24-34.pcap.gz
13,2020-09-17 10:34:01.794219,can_tapper17,"rgb(255,127,0)",PG2,123.0,116.0,121.0,5.691056910569105,68.33333333333339,124.0,0.9972271098787495,1500,-35.019999999991406,-5.019999999991406,78.00000000000004,0.0,375.0,375.0,0.981725,0.0005333333333333334,0.0018666666666666666,0.0007999999999999999,synchronized_peak_current_voltage_drop,1.0000000000095355,0.5000000000000782,2.892719705486028,140.7129824669638,0.8549693856659957,5949,4.310344827586207,0.42998127033701466,18.6,-49.69329073482428,15.0,2.080785,7,313,60.0,120.0,116.0,122.0,123.0,142.0,140.0,141.0,59.990304,119.937975,70150.301998,2160,394,570,//qar7000185/GP0_UPLOAD/BOXER/CYLOM\KZ-04-84_CP-13\20201103\can_Tapper17-09-17-10-24-34.pcap.gz
13,2020-09-17 10:34:01.794219,can_tapper17,"rgb(255,127,0)",PG3_est,123.0,116.0,116.0,5.691056910569105,68.33333333333339,124.0,0.9857426603298448,1500,-35.019999999991406,-5.019999999991406,78.00000000000004,0.0,375.0,375.0,0.981725,0.0018666666666666666,0.0018666666666666666,0.0021333333333333334,synchronized_peak_current_voltage_drop,0.9800000000095324,0.5000000000000782,2.892719705486028,142.20722367224062,0.8758794526316038,5950,2.5210084033613445,0.37890340456019106,18.6,-49.69329073482428,15.0,2.080785,7,313,60.0,120.0,116.0,122.0,133.0,143.0,142.0,142.0,59.990304,119.937975,70150.301998,2160,394,570,//qar7000185/GP0_UPLOAD/BOXER/CYLOM\KZ-04-84_CP-13\20201103\can_Tapper17-09-17-10-24-34.pcap.gz
13,2020-09-17 10:34:01.794219,can_tapper17,"rgb(255,127,0)",PG4,123.0,116.0,116.0,5.691056910569105,68.33333333333339,124.0,0.9857426603298448,1500,-35.019999999991406,-5.019999999991406,78.00000000000004,0.0,375.0,375.0,0.981725,0.0018666666666666666,0.0018666666666666666,0.0021333333333333334,synchronized_peak_current_voltage_drop,0.9800000000095324,0.5000000000000782,2.892719705486028,142.20722367224062,0.8758794526316038,5950,2.5210084033613445,0.37890340456019106,18.6,-49.69329073482428,15.0,2.080785,7,313,60.0,120.0,116.0,122.0,133.0,143.0,142.0,142.0,59.990304,119.937975,70150.301998,2160,394,570,//qar7000185/GP0_UPLOAD/BOXER/CYLOM\KZ-04-84_CP-13\20201103\can_Tapper17-09-17-10-24-34.pcap.gz
14,2020-09-17 12:37:16.792118,can_tapper17,"rgb(255,255,51)",PG1_est,124.0,110.0,113.0,11.29032258064516,78.00000000000004,125.0,-5.27128234279126,1500,-35.019999999991406,-5.019999999991406,90.0,34.0,290.0,256.0,1.117352,0.004296875,0.00546875,0.0046875,synchronized_peak_current_voltage_drop,0.7200000000094917,0.5000000000000782,1.7887444673306678,141.2245650093448,0.7806414631961177,5963,7.563025210084033,1.5006285011298466,19.393333333333334,-53.69921875,-45.0,,4,256,60.0,120.0,115.0,122.0,144.0,143.0,141.0,142.0,59.92793,119.986472,7394.997899,2159,359,457,//qar7000185/GP0_UPLOAD/BOXER/CYLOM\KZ-04-84_CP-13\20201103\can_Tapper17-09-17-12-24-34.pcap.gz
14,2020-09-17 12:37:16.792118,can_tapper17,"rgb(255,255,51)",PG2,124.0,115.0,117.0,7.258064516129033,78.00000000000004,126.0,-6.614936273303494,1500,-35.019999999991406,-5.019999999991406,95.0,34.0,290.0,256.0,1.117352,0.002734375,0.003515625,0.003515625,synchronized_peak_current_voltage_drop,0.8400000000095105,0.5000000000000782,2.565174071178317,144.41431532163404,0.8876991505420866,5957,4.8034934497816595,0.7988108263614079,19.393333333333334,-53.69921875,-45.0,,4,256,60.0,120.0,115.0,123.0,143.0,142.0,144.0,144.0,59.92793,119.986472,7394.997899,2159,359,457,//qar7000185/GP0_UPLOAD/BOXER/CYLOM\KZ-04-84_CP-13\20201103\can_Tapper17-09-17-12-24-34.pcap.gz
14,2020-09-17 12:37:16.792118,can_tapper17,"rgb(255,255,51)",PG3_est,124.0,114.0,118.0,8.064516129032258,78.00000000000004,126.0,-6.725087433370815,1500,-35.019999999991406,-5.019999999991406,95.0,34.0,290.0,256.0,1.117352,0.00234375,0.00390625,0.003125,synchronized_peak_current_voltage_drop,0.600000000009473,0.5000000000000782,2.27471676670449,145.43699887243693,0.8703184084727564,5969,4.201680672268908,0.6345583706908742,19.393333333333334,-53.69921875,-45.0,,4,256,60.0,120.0,114.0,120.0,145.0,146.0,146.0,145.0,59.92793,119.986472,7394.997899,2159,359,457,//qar7000185/GP0_UPLOAD/BOXER/CYLOM\KZ-04-84_CP-13\20201103\can_Tapper17-09-17-12-24-34.pcap.gz
14,2020-09-17 12:37:16.792118,can_tapper17,"rgb(255,255,51)",PG4,124.0,114.0,118.0,8.064516129032258,78.00000000000004,126.0,-6.725087433370815,1500,-35.019999999991406,-5.019999999991406,95.0,34.0,290.0,256.0,1.117352,0.00234375,0.00390625,0.003125,synchronized_peak_current_voltage_drop,0.600000000009473,0.5000000000000782,2.27471676670449,145.43699887243693,0.8703184084727564,5969,4.201680672268908,0.6345583706908742,19.393333333333334,-53.69921875,-45.0,,4,256,60.0,120.0,114.0,120.0,145.0,146.0,146.0,145.0,59.92793,119.986472,7394.997899,2159,359,457,//qar7000185/GP0_UPLOAD/BOXER/CYLOM\KZ-04-84_CP-13\20201103\can_Tapper17-09-17-12-24-34.pcap.gz
15,2020-09-17 13:37:38.673825,can_tapper17,"rgb(166,86,40)",PG1_est,125.0,113.0,113.0,9.6,90.0,126.0,-0.8134759171000314,1500,-35.019999999991406,-5.019999999991406,95.0,13.0,419.0,406.0,0.776577,0.0029556650246305416,0.0029556650246305416,0.0032019704433497538,synchronized_peak_current_voltage_drop,0.760000000009498,0.5000000000000782,2.27471676670449,142.0533037105788,0.6660549824475872,5961,5.6367432150313155,1.130794704899654,19.725,-41.74915254237288,15.0,2.273903,6,295,60.0,120.0,118.0,124.0,141.0,142.0,142.0,142.0,59.879902,119.988748,3621.881707,2159,375,470,//qar7000185/GP0_UPLOAD/BOXER/CYLOM\KZ-04-84_CP-13\20201103\can_Tapper17-09-17-13-24-34.pcap.gz
15,2020-09-17 13:37:38.673825,can_tapper17,"rgb(166,86,40)",PG2,126.0,117.0,122.0,7.142857142857142,95.0,126.0,-0.2760801227020405,1500,-35.019999999991406,-5.019999999991406,95.0,13.0,419.0,406.0,0.776577,0.0009852216748768474,0.0022167487684729066,0.0009852216748768474,synchronized_peak_current_voltage_drop,0.8200000000095073,0.5000000000000782,2.27471676670449,142.58782379214946,0.7586123863935889,5958,2.4390243902439024,0.6076091040196581,19.725,-41.74915254237288,15.0,2.273903,6,295,60.0,120.0,117.0,124.0,144.0,142.0,142.0,142.0,59.879902,119.988748,3621.881707,2159,375,470,//qar7000185/GP0_UPLOAD/BOXER/CYLOM\KZ-04-84_CP-13\20201103\can_Tapper17-09-17-13-24-34.pcap.gz
15,2020-09-17 13:37:38.673825,can_tapper17,"rgb(166,86,40)",PG3_est,126.0,117.0,122.0,7.142857142857142,95.0,126.0,2.9232752156300525e-13,1500,-35.019999999991406,-5.019999999991406,95.0,13.0,419.0,406.0,0.776577,0.0009852216748768474,0.0022167487684729066,0.0009852216748768474,synchronized_peak_current_voltage_drop,0.8400000000095105,0.5000000000000782,2.0171482422437275,144.61181328651983,0.6556432660633376,5957,1.8789144050104385,0.4663890775618655,19.725,-41.74915254237288,15.0,2.273903,6,295,60.0,120.0,117.0,124.0,145.0,146.0,146.0,144.0,59.879902,119.988748,3621.881707,2159,375,470,//qar7000185/GP0_UPLOAD/BOXER/CYLOM\KZ-04-84_CP-13\20201103\can_Tapper17-09-17-13-24-34.pcap.gz
15,2020-09-17 13:37:38.673825,can_tapper17,"rgb(166,86,40)",PG4,126.0,117.0,122.0,7.142857142857142,95.0,126.0,2.9232752156300525e-13,1500,-35.019999999991406,-5.019999999991406,95.0,13.0,419.0,406.0,0.776577,0.0009852216748768474,0.0022167487684729066,0.0009852216748768474,synchronized_peak_current_voltage_drop,0.8400000000095105,0.5000000000000782,2.0171482422437275,144.61181328651983,0.6556432660633376,5957,1.8789144050104385,0.4663890775618655,19.725,-41.74915254237288,15.0,2.273903,6,295,60.0,120.0,117.0,124.0,145.0,146.0,146.0,144.0,59.879902,119.988748,3621.881707,2159,375,470,//qar7000185/GP0_UPLOAD/BOXER/CYLOM\KZ-04-84_CP-13\20201103\can_Tapper17-09-17-13-24-34.pcap.gz
16,2020-09-17 14:42:10.597763,can_tapper17,"rgb(247,129,191)",PG1_est,124.0,124.0,124.0,0.0,78.00000000000004,125.0,4.156167692041187e-14,1500,-35.019999999991406,-5.019999999991406,90.0,0.0,13.0,13.0,0.560799,,,0.007692307692307693,synchronized_peak_current_voltage_drop,9.379164112033322e-12,0.020000000000003126,8.53123623235764,142.25396686052056,0.6727546223313853,5999,0.6012024048096193,0.6012024048096193,22.3,-38.048507462686565,500.0,4.064845,1,268,60.0,120.0,124.0,124.0,124.0,124.0,142.0,145.0,59.94557,119.937049,3871.923938,2160,334,353,//qar7000185/GP0_UPLOAD/BOXER/CYLOM\KZ-04-84_CP-13\20201103\can_Tapper17-09-17-14-24-34.pcap.gz
16,2020-09-17 14:42:10.597763,can_tapper17,"rgb(247,129,191)",PG2,125.0,125.0,125.0,0.0,90.0,125.0,4.156167692041187e-14,1500,-35.019999999991406,-5.019999999991406,90.0,0.0,13.0,13.0,0.560799,,,,synchronized_peak_current_voltage_drop,9.379164112033322e-12,0.020000000000003126,9.620584988277706,143.19939572464938,0.699934924022241,5999,0.20040080160320642,0.20040080160320642,22.3,-38.048507462686565,500.0,4.064845,1,268,60.0,120.0,125.0,125.0,125.0,124.0,142.0,144.0,59.94557,119.937049,3871.923938,2160,334,353,//qar7000185/GP0_UPLOAD/BOXER/CYLOM\KZ-04-84_CP-13\20201103\can_Tapper17-09-17-14-24-34.pcap.gz
16,2020-09-17 14:42:10.597763,can_tapper17,"rgb(247,129,191)",PG3_est,125.0,125.0,125.0,0.0,90.0,125.0,4.156167692041187e-14,1500,-35.019999999991406,-5.019999999991406,90.0,0.0,13.0,13.0,0.560799,,,,synchronized_peak_current_voltage_drop,9.379164112033322e-12,0.020000000000003126,8.53123623235764,145.29171067599364,0.649466237222922,5999,0.20040080160320642,0.20040080160320642,22.3,-38.048507462686565,500.0,4.064845,1,268,60.0,120.0,125.0,125.0,125.0,124.0,146.0,148.0,59.94557,119.937049,3871.923938,2160,334,353,//qar7000185/GP0_UPLOAD/BOXER/CYLOM\KZ-04-84_CP-13\20201103\can_Tapper17-09-17-14-24-34.pcap.gz
16,2020-09-17 14:42:10.597763,can_tapper17,"rgb(247,129,191)",PG4,125.0,125.0,125.0,0.0,90.0,125.0,4.156167692041187e-14,1500,-35.019999999991406,-5.019999999991406,90.0,0.0,13.0,13.0,0.560799,,,,synchronized_peak_current_voltage_drop,9.379164112033322e-12,0.020000000000003126,8.53123623235764,145.29171067599364,0.649466237222922,5999,0.20040080160320642,0.20040080160320642,22.3,-38.048507462686565,500.0,4.064845,1,268,60.0,120.0,125.0,125.0,125.0,124.0,146.0,148.0,59.94557,119.937049,3871.923938,2160,334,353,//qar7000185/GP0_UPLOAD/BOXER/CYLOM\KZ-04-84_CP-13\20201103\can_Tapper17-09-17-14-24-34.pcap.gz
17,2020-09-17 14:42:13.249788,can_tapper17,"rgb(153,153,153)",PG1_est,124.0,124.0,124.0,0.0,78.00000000000004,125.0,-0.8720359431266596,1500,-35.019999999991406,-5.019999999991406,90.0,0.0,14.0,14.0,1.41282,,,0.0071428571428571435,synchronized_peak_current_voltage_drop,9.379164112033322e-12,0.020000000000003126,6.708616137836345,142.24025370078166,0.65367510510537,5999,0.6012024048096193,0.6012024048096193,22.25,-38.27509293680298,500.0,2.012774,1,269,60.0,120.0,124.0,124.0,116.0,145.0,142.0,142.0,59.847449,119.977901,2.652025,2159,334,355,//qar7000185/GP0_UPLOAD/BOXER/CYLOM\KZ-04-84_CP-13\20201103\can_Tapper17-09-17-14-24-34.pcap.gz
17,2020-09-17 14:42:13.249788,can_tapper17,"rgb(153,153,153)",PG2,125.0,125.0,125.0,0.0,90.0,125.0,4.156167692041187e-14,1500,-35.019999999991406,-5.019999999991406,90.0,0.0,14.0,14.0,1.41282,,,,synchronized_peak_current_voltage_drop,9.379164112033322e-12,0.020000000000003126,7.565235559061503,143.15819332767308,0.6826131614244362,5999,0.20040080160320642,0.20040080160320642,22.25,-38.27509293680298,500.0,2.012774,1,269,60.0,120.0,125.0,125.0,115.0,144.0,142.0,142.0,59.847449,119.977901,2.652025,2159,334,355,//qar7000185/GP0_UPLOAD/BOXER/CYLOM\KZ-04-84_CP-13\20201103\can_Tapper17-09-17-14-24-34.pcap.gz
17,2020-09-17 14:42:13.249788,can_tapper17,"rgb(153,153,153)",PG3_est,125.0,125.0,125.0,0.0,90.0,125.0,4.156167692041187e-14,1500,-35.019999999991406,-5.019999999991406,90.0,0.0,14.0,14.0,1.41282,,,,synchronized_peak_current_voltage_drop,9.379164112033322e-12,0.020000000000003126,6.708616137836345,145.27341122977637,0.6378643606999829,5999,0.20040080160320642,0.20040080160320642,22.25,-38.27509293680298,500.0,2.012774,1,269,60.0,120.0,125.0,125.0,114.0,148.0,146.0,144.0,59.847449,119.977901,2.652025,2159,334,355,//qar7000185/GP0_UPLOAD/BOXER/CYLOM\KZ-04-84_CP-13\20201103\can_Tapper17-09-17-14-24-34.pcap.gz
17,2020-09-17 14:42:13.249788,can_tapper17,"rgb(153,153,153)",PG4,125.0,125.0,125.0,0.0,90.0,125.0,4.156167692041187e-14,1500,-35.019999999991406,-5.019999999991406,90.0,0.0,14.0,14.0,1.41282,,,,synchronized_peak_current_voltage_drop,9.379164112033322e-12,0.020000000000003126,6.708616137836345,145.27341122977637,0.6378643606999829,5999,0.20040080160320642,0.20040080160320642,22.25,-38.27509293680298,500.0,2.012774,1,269,60.0,120.0,125.0,125.0,114.0,148.0,146.0,144.0,59.847449,119.977901,2.652025,2159,334,355,//qar7000185/GP0_UPLOAD/BOXER/CYLOM\KZ-04-84_CP-13\20201103\can_Tapper17-09-17-14-24-34.pcap.gz
18,2020-09-17 14:42:17.351090,can_tapper17,"rgb(228,26,28)",PG1_est,124.0,111.0,120.0,10.483870967741936,78.00000000000004,125.0,-2.969414653072636,1500,-35.019999999991406,-5.019999999991406,90.0,0.0,500.0,500.0,0.616798,0.0008,0.0026,0.001,synchronized_peak_current_voltage_drop,0.7000000000094886,0.24000000000003752,2.0171482422437275,142.08330855490934,0.6699284558757692,5964,6.122448979591836,0.9723546434208776,20.275,-46.590225563909776,14.0,2.621954,8,266,60.0,120.0,117.0,122.0,144.0,142.0,142.0,142.0,59.948528,119.933986,4.101302,2160,343,364,//qar7000185/GP0_UPLOAD/BOXER/CYLOM\KZ-04-84_CP-13\20201103\can_Tapper17-09-17-14-24-34.pcap.gz
18,2020-09-17 14:42:17.351090,can_tapper17,"rgb(228,26,28)",PG2,125.0,115.0,120.0,8.0,90.0,125.0,4.156167692041187e-14,1500,-35.019999999991406,-5.019999999991406,90.0,0.0,500.0,500.0,0.616798,0.001,0.002,0.001,synchronized_peak_current_voltage_drop,0.7200000000094917,0.5000000000000782,2.27471676670449,142.94095850620312,0.6904494570303056,5963,4.57516339869281,0.9551332057448205,20.275,-46.590225563909776,14.0,2.621954,8,266,60.0,120.0,117.0,124.0,143.0,142.0,142.0,142.0,59.948528,119.933986,4.101302,2160,343,364,//qar7000185/GP0_UPLOAD/BOXER/CYLOM\KZ-04-84_CP-13\20201103\can_Tapper17-09-17-14-24-34.pcap.gz
18,2020-09-17 14:42:17.351090,can_tapper17,"rgb(228,26,28)",PG3_est,125.0,114.0,114.0,8.799999999999999,90.0,125.0,4.156167692041187e-14,1500,-35.019999999991406,-5.019999999991406,90.0,0.0,500.0,500.0,0.616798,0.0022,0.0022,0.0022,synchronized_peak_current_voltage_drop,0.5200000000094605,1.0000000000001563,2.27471676670449,145.13648925075665,0.7053972850041794,5973,2.5641025641025643,0.8263157675372405,20.275,-46.590225563909776,14.0,2.621954,8,266,60.0,120.0,114.0,120.0,145.0,146.0,146.0,144.0,59.948528,119.933986,4.101302,2160,343,364,//qar7000185/GP0_UPLOAD/BOXER/CYLOM\KZ-04-84_CP-13\20201103\can_Tapper17-09-17-14-24-34.pcap.gz
18,2020-09-17 14:42:17.351090,can_tapper17,"rgb(228,26,28)",PG4,125.0,114.0,114.0,8.799999999999999,90.0,125.0,4.156167692041187e-14,1500,-35.019999999991406,-5.019999999991406,90.0,0.0,500.0,500.0,0.616798,0.0022,0.0022,0.0022,synchronized_peak_current_voltage_drop,0.5200000000094605,1.0000000000001563,2.27471676670449,145.13648925075665,0.7053972850041794,5973,2.5641025641025643,0.8263157675372405,20.275,-46.590225563909776,14.0,2.621954,8,266,60.0,120.0,114.0,120.0,145.0,146.0,146.0,144.0,59.948528,119.933986,4.101302,2160,343,364,//qar7000185/GP0_UPLOAD/BOXER/CYLOM\KZ-04-84_CP-13\20201103\can_Tapper17-09-17-14-24-34.pcap.gz
19,2020-09-17 16:14:28.765238,can_tapper17,"rgb(55,126,184)",PG1_est,124.0,116.0,124.0,6.451612903225806,78.00000000000004,124.0,-8.556777136343802,1500,-35.019999999991406,-5.019999999991406,78.00000000000004,12.0,398.0,386.0,0.844181,,0.002072538860103627,,synchronized_peak_current_voltage_drop,0.7000000000094886,0.04000000000000625,2.27471676670449,142.90534560519416,0.7696706977145785,5964,5.531914893617022,1.2736567292083198,23.466666666666665,-63.168,8.0,2.243023,7,250,60.0,120.0,116.0,122.0,144.0,143.0,143.0,142.0,59.94122,119.995303,5531.414148,2160,306,377,//qar7000185/GP0_UPLOAD/BOXER/CYLOM\KZ-04-84_CP-13\20201103\can_Tapper17-09-17-15-24-34.pcap.gz
19,2020-09-17 16:14:28.765238,can_tapper17,"rgb(55,126,184)",PG2,124.0,116.0,116.0,6.451612903225806,78.00000000000004,125.0,-11.102671601185715,1500,-35.019999999991406,-5.019999999991406,90.0,12.0,398.0,386.0,0.844181,0.002072538860103627,0.002072538860103627,0.0023316062176165805,synchronized_peak_current_voltage_drop,0.7400000000094948,0.5000000000000782,2.0171482422437275,142.0666474929943,0.8711191241311992,5962,3.3333333333333335,0.7133881603559746,23.466666666666665,-63.168,8.0,2.243023,7,250,60.0,120.0,116.0,123.0,143.0,141.0,142.0,142.0,59.94122,119.995303,5531.414148,2160,306,377,//qar7000185/GP0_UPLOAD/BOXER/CYLOM\KZ-04-84_CP-13\20201103\can_Tapper17-09-17-15-24-34.pcap.gz
19,2020-09-17 16:14:28.765238,can_tapper17,"rgb(55,126,184)",PG3_est,124.0,115.0,115.0,7.258064516129033,78.00000000000004,125.0,-11.026653789621959,1500,-35.019999999991406,-5.019999999991406,90.0,12.0,398.0,386.0,0.844181,0.0023316062176165805,0.0023316062176165805,0.0025906735751295338,synchronized_peak_current_voltage_drop,0.8000000000095042,0.5000000000000782,2.0171482422437275,143.12976574710075,0.8586366954944336,5959,2.127659574468085,0.509369499859067,23.466666666666665,-63.168,8.0,2.243023,7,250,60.0,120.0,115.0,123.0,144.0,143.0,143.0,143.0,59.94122,119.995303,5531.414148,2160,306,377,//qar7000185/GP0_UPLOAD/BOXER/CYLOM\KZ-04-84_CP-13\20201103\can_Tapper17-09-17-15-24-34.pcap.gz
19,2020-09-17 16:14:28.765238,can_tapper17,"rgb(55,126,184)",PG4,124.0,115.0,115.0,7.258064516129033,78.00000000000004,125.0,-11.026653789621959,1500,-35.019999999991406,-5.019999999991406,90.0,12.0,398.0,386.0,0.844181,0.0023316062176165805,0.0023316062176165805,0.0025906735751295338,synchronized_peak_current_voltage_drop,0.8000000000095042,0.5000000000000782,2.0171482422437275,143.12976574710075,0.8586366954944336,5959,2.127659574468085,0.509369499859067,23.466666666666665,-63.168,8.0,2.243023,7,250,60.0,120.0,115.0,123.0,144.0,143.0,143.0,143.0,59.94122,119.995303,5531.414148,2160,306,377,//qar7000185/GP0_UPLOAD/BOXER/CYLOM\KZ-04-84_CP-13\20201103\can_Tapper17-09-17-15-24-34.pcap.gz
20,2020-09-18 08:29:13.666830,can_tapper17,"rgb(77,175,74)",PG1_est,125.0,117.0,126.0,6.4,90.0,126.0,-3.710071486742473,515,-15.299999999993013,-5.019999999991406,95.0,0.0,462.0,462.0,0.803971,,0.0017316017316017316,,synchronized_peak_current_voltage_drop,0.8200000000095073,0.5000000000000782,2.565174071178317,142.23643857377934,0.8110585335315816,5958,3.917525773195876,0.8770964279367558,20.4,-9.770642201834862,20.0,2.203594,8,327,60.0,120.0,117.0,123.0,141.0,145.0,142.0,142.0,13.321983,119.982369,58484.901592,1601,356,435,//qar7000185/GP0_UPLOAD/BOXER/CYLOM\KZ-04-84_CP-13\20201103\can_Tapper17-09-18-08-29-00.pcap.gz
20,2020-09-18 08:29:13.666830,can_tapper17,"rgb(77,175,74)",PG2,126.0,117.0,125.0,7.142857142857142,95.0,126.0,-11.0485103048245,515,-15.299999999993013,-5.019999999991406,95.0,0.0,462.0,462.0,0.803971,0.00021645021645021645,0.001948051948051948,0.00021645021645021645,synchronized_peak_current_voltage_drop,0.8200000000095073,0.5000000000000782,3.678623825607137,144.08056118760402,0.8898628245065686,5958,3.0927835051546393,0.7738949699731853,20.4,-9.770642201834862,20.0,2.203594,8,327,60.0,120.0,117.0,124.0,142.0,142.0,144.0,144.0,13.321983,119.982369,58484.901592,1601,356,435,//qar7000185/GP0_UPLOAD/BOXER/CYLOM\KZ-04-84_CP-13\20201103\can_Tapper17-09-18-08-29-00.pcap.gz
20,2020-09-18 08:29:13.666830,can_tapper17,"rgb(77,175,74)",PG3_est,125.0,117.0,117.0,6.4,90.0,126.0,-13.200931603077612,515,-15.299999999993013,-5.019999999991406,95.0,0.0,462.0,462.0,0.803971,0.0017316017316017316,0.0017316017316017316,0.001948051948051948,synchronized_peak_current_voltage_drop,0.5800000000094698,0.5000000000000782,2.0171482422437275,138.39348477561043,0.28592586638901574,5970,3.5051546391752577,0.7516482615928132,20.4,-9.770642201834862,20.0,2.203594,8,327,60.0,120.0,117.0,124.0,139.0,147.0,143.0,137.0,13.321983,119.982369,58484.901592,1601,356,435,//qar7000185/GP0_UPLOAD/BOXER/CYLOM\KZ-04-84_CP-13\20201103\can_Tapper17-09-18-08-29-00.pcap.gz
20,2020-09-18 08:29:13.666830,can_tapper17,"rgb(77,175,74)",PG4,125.0,117.0,117.0,6.4,90.0,126.0,-13.200931603077612,515,-15.299999999993013,-5.019999999991406,95.0,0.0,462.0,462.0,0.803971,0.0017316017316017316,0.0017316017316017316,0.001948051948051948,synchronized_peak_current_voltage_drop,0.5800000000094698,0.5000000000000782,2.0171482422437275,138.39348477561043,0.28592586638901574,5970,3.5051546391752577,0.7516482615928132,20.4,-9.770642201834862,20.0,2.203594,8,327,60.0,120.0,117.0,124.0,139.0,147.0,143.0,137.0,13.321983,119.982369,58484.901592,1601,356,435,//qar7000185/GP0_UPLOAD/BOXER/CYLOM\KZ-04-84_CP-13\20201103\can_Tapper17-09-18-08-29-00.pcap.gz
21,2020-09-18 09:46:36.078206,can_tapper17,"rgb(152,78,163)",PG1_est,124.0,105.0,119.0,15.32258064516129,78.00000000000004,125.0,2.426445522864317,1500,-35.019999999991406,-5.019999999991406,90.0,0.0,426.0,426.0,1.016882,0.0011737089201877935,0.004460093896713615,0.001408450704225352,synchronized_peak_current_voltage_drop,0.5200000000094605,0.5000000000000782,2.0171482422437275,142.20921481561479,0.8160615173490103,5973,11.20507399577167,1.887176253722505,17.25,-35.060810810810814,103.0,2.116527,5,296,60.0,120.0,110.0,121.0,144.0,144.0,141.0,142.0,59.987667,119.964534,4642.411376,2160,358,531,//qar7000185/GP0_UPLOAD/BOXER/CYLOM\KZ-04-84_CP-13\20201103\can_Tapper17-09-18-09-29-00.pcap.gz
21,2020-09-18 09:46:36.078206,can_tapper17,"rgb(152,78,163)",PG2,125.0,110.0,113.0,12.0,90.0,125.0,0.8101248045002072,1500,-35.019999999991406,-5.019999999991406,90.0,0.0,426.0,426.0,1.016882,0.002816901408450704,0.0035211267605633804,0.002816901408450704,synchronized_peak_current_voltage_drop,0.6600000000094823,1.0000000000001563,2.0171482422437275,143.24272030074903,0.862328296439872,5966,6.54627539503386,1.5509994022346791,17.25,-35.060810810810814,103.0,2.116527,5,296,60.0,120.0,113.0,121.0,145.0,144.0,144.0,143.0,59.987667,119.964534,4642.411376,2160,358,531,//qar7000185/GP0_UPLOAD/BOXER/CYLOM\KZ-04-84_CP-13\20201103\can_Tapper17-09-18-09-29-00.pcap.gz
21,2020-09-18 09:46:36.078206,can_tapper17,"rgb(152,78,163)",PG3_est,125.0,110.0,110.0,12.0,90.0,126.0,1.331333925037394,1500,-35.019999999991406,-5.019999999991406,95.0,0.0,426.0,426.0,1.016882,0.0035211267605633804,0.0035211267605633804,0.0037558685446009393,synchronized_peak_current_voltage_drop,0.5400000000094636,1.5000000000002345,2.0171482422437275,144.4903066822468,0.8445288221851911,5972,5.708245243128964,0.6784560179757123,17.25,-35.060810810810814,103.0,2.116527,5,296,60.0,120.0,110.0,117.0,146.0,147.0,145.0,144.0,59.987667,119.964534,4642.411376,2160,358,531,//qar7000185/GP0_UPLOAD/BOXER/CYLOM\KZ-04-84_CP-13\20201103\can_Tapper17-09-18-09-29-00.pcap.gz
21,2020-09-18 09:46:36.078206,can_tapper17,"rgb(152,78,163)",PG4,125.0,110.0,110.0,12.0,90.0,126.0,1.331333925037394,1500,-35.019999999991406,-5.019999999991406,95.0,0.0,426.0,426.0,1.016882,0.0035211267605633804,0.0035211267605633804,0.0037558685446009393,synchronized_peak_current_voltage_drop,0.5400000000094636,1.5000000000002345,2.0171482422437275,144.4903066822468,0.8445288221851911,5972,5.708245243128964,0.6784560179757123,17.25,-35.060810810810814,103.0,2.116527,5,296,60.0,120.0,110.0,117.0,146.0,147.0,145.0,144.0,59.987667,119.964534,4642.411376,2160,358,531,//qar7000185/GP0_UPLOAD/BOXER/CYLOM\KZ-04-84_CP-13\20201103\can_Tapper17-09-18-09-29-00.pcap.gz
22,2020-09-18 10:15:32.809382,can_tapper17,"rgb(255,127,0)",PG1_est,126.0,108.0,115.0,14.285714285714285,95.0,126.0,2.9232752156300525e-13,1500,-35.019999999991406,-5.019999999991406,95.0,0.0,499.0,499.0,1.039642,0.002204408817635271,0.0036072144288577155,0.002204408817635271,synchronized_peak_current_voltage_drop,0.4800000000094542,1.5000000000002345,2.0171482422437275,142.06207494478272,0.6911940835427841,5975,6.695464362850972,1.6429905865404175,17.15416666666667,-24.967611336032387,29.0,2.043675,7,247,60.0,120.0,115.0,123.0,144.0,142.0,142.0,142.0,59.922503,119.966073,1736.731176,2160,342,422,//qar7000185/GP0_UPLOAD/BOXER/CYLOM\KZ-04-84_CP-13\20201103\can_Tapper17-09-18-09-29-00.pcap.gz
22,2020-09-18 10:15:32.809382,can_tapper17,"rgb(255,127,0)",PG2,126.0,107.0,114.0,15.079365079365079,95.0,127.0,1.6527483802237072e-14,1500,-35.019999999991406,-5.019999999991406,100.0,0.0,499.0,499.0,1.039642,0.002404809619238477,0.0038076152304609215,0.0026052104208416833,synchronized_peak_current_voltage_drop,0.4800000000094542,1.5000000000002345,2.0171482422437275,142.62331465709008,0.7125736848320601,5975,7.559395248380129,2.03417736090173,17.15416666666667,-24.967611336032387,29.0,2.043675,7,247,60.0,120.0,114.0,124.0,144.0,141.0,144.0,143.0,59.922503,119.966073,1736.731176,2160,342,422,//qar7000185/GP0_UPLOAD/BOXER/CYLOM\KZ-04-84_CP-13\20201103\can_Tapper17-09-18-09-29-00.pcap.gz
22,2020-09-18 10:15:32.809382,can_tapper17,"rgb(255,127,0)",PG3_est,126.0,115.0,119.0,8.73015873015873,95.0,127.0,1.6527483802237072e-14,1500,-35.019999999991406,-5.019999999991406,100.0,0.0,499.0,499.0,1.039642,0.0014028056112224449,0.002204408817635271,0.0016032064128256513,synchronized_peak_current_voltage_drop,1.0600000000095449,1.0000000000001563,1.7887444673306678,143.92527449604322,0.5066420889162824,5946,7.1274298056155505,1.8124401828714007,17.15416666666667,-24.967611336032387,29.0,2.043675,7,247,60.0,120.0,119.0,118.0,145.0,145.0,146.0,144.0,59.922503,119.966073,1736.731176,2160,342,422,//qar7000185/GP0_UPLOAD/BOXER/CYLOM\KZ-04-84_CP-13\20201103\can_Tapper17-09-18-09-29-00.pcap.gz
22,2020-09-18 10:15:32.809382,can_tapper17,"rgb(255,127,0)",PG4,126.0,115.0,119.0,8.73015873015873,95.0,127.0,1.6527483802237072e-14,1500,-35.019999999991406,-5.019999999991406,100.0,0.0,499.0,499.0,1.039642,0.0014028056112224449,0.002204408817635271,0.0016032064128256513,synchronized_peak_current_voltage_drop,1.0600000000095449,1.0000000000001563,1.7887444673306678,143.92527449604322,0.5066420889162824,5946,7.1274298056155505,1.8124401828714007,17.15416666666667,-24.967611336032387,29.0,2.043675,7,247,60.0,120.0,119.0,118.0,145.0,145.0,146.0,144.0,59.922503,119.966073,1736.731176,2160,342,422,//qar7000185/GP0_UPLOAD/BOXER/CYLOM\KZ-04-84_CP-13\20201103\can_Tapper17-09-18-09-29-00.pcap.gz
23,2020-10-08 10:15:52.876865,can_tapper17,"rgb(255,255,51)",PG1_est,124.0,110.0,125.0,11.29032258064516,78.00000000000004,125.0,0.6015024895563216,1500,-35.019999999991406,-5.019999999991406,90.0,6.0,319.0,313.0,0.790404,,0.004472843450479233,,synchronized_peak_current_voltage_drop,1.1800000000095636,0.2200000000000344,2.565174071178317,142.4835789115965,0.8421590020038903,5940,8.932461873638344,2.2045030089273707,11.775,-1.841726618705036,10.0,2.290219,7,278,60.0,120.0,112.0,122.0,139.0,143.0,143.0,143.0,59.981445,119.925697,1728020.067483,2159,372,784,//qar7000185/GP0_UPLOAD/BOXER/CYLOM\KZ-04-84_CP-13\20201103\can_Tapper17-10-08-10-12-23.pcap.gz
23,2020-10-08 10:15:52.876865,can_tapper17,"rgb(255,255,51)",PG2,125.0,112.0,112.0,10.4,90.0,125.0,1.1491649551845815,1500,-35.019999999991406,-5.019999999991406,90.0,6.0,319.0,313.0,0.790404,0.004153354632587859,0.004153354632587859,0.004153354632587859,synchronized_peak_current_voltage_drop,0.6800000000094855,1.0000000000001563,3.2620894576029285,143.75351166757258,0.8844520499609382,5965,8.008213552361397,0.7363774352253608,11.775,-1.841726618705036,10.0,2.290219,7,278,60.0,120.0,112.0,122.0,139.0,143.0,143.0,143.0,59.981445,119.925697,1728020.067483,2159,372,784,//qar7000185/GP0_UPLOAD/BOXER/CYLOM\KZ-04-84_CP-13\20201103\can_Tapper17-10-08-10-12-23.pcap.gz
23,2020-10-08 10:15:52.876865,can_tapper17,"rgb(255,255,51)",PG3_est,125.0,111.0,111.0,11.200000000000001,90.0,126.0,2.617770052342137,1500,-35.019999999991406,-5.019999999991406,95.0,6.0,319.0,313.0,0.790404,0.004472843450479233,0.004472843450479233,0.004792332268370607,synchronized_peak_current_voltage_drop,0.7200000000094917,1.0000000000001563,2.892719705486028,144.1759468647958,0.7999144856810491,5963,3.2679738562091503,0.9215564563383947,11.775,-1.841726618705036,10.0,2.290219,7,278,60.0,120.0,111.0,122.0,135.0,145.0,146.0,144.0,59.981445,119.925697,1728020.067483,2159,372,784,//qar7000185/GP0_UPLOAD/BOXER/CYLOM\KZ-04-84_CP-13\20201103\can_Tapper17-10-08-10-12-23.pcap.gz
23,2020-10-08 10:15:52.876865,can_tapper17,"rgb(255,255,51)",PG4,125.0,111.0,111.0,11.200000000000001,90.0,126.0,2.617770052342137,1500,-35.019999999991406,-5.019999999991406,95.0,6.0,319.0,313.0,0.790404,0.004472843450479233,0.004472843450479233,0.004792332268370607,synchronized_peak_current_voltage_drop,0.7200000000094917,1.0000000000001563,2.892719705486028,144.1759468647958,0.7999144856810491,5963,3.2679738562091503,0.9215564563383947,11.775,-1.841726618705036,10.0,2.290219,7,278,60.0,120.0,111.0,122.0,135.0,145.0,146.0,144.0,59.981445,119.925697,1728020.067483,2159,372,784,//qar7000185/GP0_UPLOAD/BOXER/CYLOM\KZ-04-84_CP-13\20201103\can_Tapper17-10-08-10-12-23.pcap.gz
24,2020-10-08 14:32:51.225798,can_tapper17,"rgb(166,86,40)",PG1_est,124.0,112.0,121.0,9.67741935483871,78.00000000000004,124.0,0.7630758947005487,1500,-35.019999999991406,-5.019999999991406,78.00000000000004,5.0,262.0,257.0,1.035407,0.0011673151750972762,0.004669260700389105,0.0011673151750972762,synchronized_peak_current_voltage_drop,0.8800000000095167,0.14000000000002188,2.27471676670449,143.65334018520673,0.7780597538088081,5955,6.373626373626373,1.4960550169544262,12.566666666666666,-9.43867924528302,8.0,2.035007,7,212,60.0,120.0,112.0,121.0,143.0,142.0,144.0,143.0,59.883536,119.944012,15418.348933,2158,329,622,//qar7000185/GP0_UPLOAD/BOXER/CYLOM\KZ-04-84_CP-13\20201103\can_Tapper17-10-08-14-12-23.pcap.gz
24,2020-10-08 14:32:51.225798,can_tapper17,"rgb(166,86,40)",PG2,124.0,112.0,112.0,9.67741935483871,78.00000000000004,124.0,2.715494540219522,1500,-35.019999999991406,-5.019999999991406,78.00000000000004,5.0,262.0,257.0,1.035407,0.004669260700389105,0.004669260700389105,0.004669260700389105,synchronized_peak_current_voltage_drop,1.0200000000095386,1.0000000000001563,1.7887444673306678,142.13835450175333,0.814417197344051,5948,6.373626373626373,1.4522858205466387,12.566666666666666,-9.43867924528302,8.0,2.035007,7,212,60.0,120.0,121.0,116.0,144.0,141.0,142.0,142.0,59.883536,119.944012,15418.348933,2158,329,622,//qar7000185/GP0_UPLOAD/BOXER/CYLOM\KZ-04-84_CP-13\20201103\can_Tapper17-10-08-14-12-23.pcap.gz
24,2020-10-08 14:32:51.225798,can_tapper17,"rgb(166,86,40)",PG3_est,124.0,111.0,111.0,10.483870967741936,78.00000000000004,124.0,2.979619102052388,1500,-35.019999999991406,-5.019999999991406,78.00000000000004,5.0,262.0,257.0,1.035407,0.005058365758754864,0.005058365758754864,0.005058365758754864,synchronized_peak_current_voltage_drop,0.8400000000095105,1.0000000000001563,2.0171482422437275,144.33525193490968,0.8715237787599518,5957,4.103671706263499,0.9625907765056317,12.566666666666666,-9.43867924528302,8.0,2.035007,7,212,60.0,120.0,111.0,121.0,144.0,142.0,145.0,144.0,59.883536,119.944012,15418.348933,2158,329,622,//qar7000185/GP0_UPLOAD/BOXER/CYLOM\KZ-04-84_CP-13\20201103\can_Tapper17-10-08-14-12-23.pcap.gz
24,2020-10-08 14:32:51.225798,can_tapper17,"rgb(166,86,40)",PG4,124.0,111.0,111.0,10.483870967741936,78.00000000000004,124.0,2.979619102052388,1500,-35.019999999991406,-5.019999999991406,78.00000000000004,5.0,262.0,257.0,1.035407,0.005058365758754864,0.005058365758754864,0.005058365758754864,synchronized_peak_current_voltage_drop,0.8400000000095105,1.0000000000001563,2.0171482422437275,144.33525193490968,0.8715237787599518,5957,4.103671706263499,0.9625907765056317,12.566666666666666,-9.43867924528302,8.0,2.035007,7,212,60.0,120.0,111.0,121.0,144.0,142.0,145.0,144.0,59.883536,119.944012,15418.348933,2158,329,622,//qar7000185/GP0_UPLOAD/BOXER/CYLOM\KZ-04-84_CP-13\20201103\can_Tapper17-10-08-14-12-23.pcap.gz
25,2020-10-14 13:42:44.509695,can_tapper17,"rgb(247,129,191)",PG1_est,132.0,109.0,133.0,17.424242424242426,100.0,136.0,-22.71810787471114,1500,-35.019999999991406,-5.019999999991406,100.0,0.0,488.0,488.0,0.480475,,0.00471311475409836,0.0006147540983606557,synchronized_peak_current_voltage_drop,0.3200000000094292,0.0800000000000125,2.27471676670449,142.97849540180346,0.7379324150532427,5983,13.147410358565738,3.2078308011768546,9.608333333333334,1.696035242290749,10.0,2.081996,7,227,60.0,120.0,109.0,115.0,145.0,142.0,144.0,143.0,59.981549,119.981739,515393.283897,2159,258,511,//qar7000185/GP0_UPLOAD/BOXER/CYLOM\KZ-04-84_CP-13\20201103\can_Tapper17-10-14-13-12-23.pcap.gz
25,2020-10-14 13:42:44.509695,can_tapper17,"rgb(247,129,191)",PG2,133.0,109.0,109.0,18.045112781954884,100.0,136.0,-18.407634847834544,1500,-35.019999999991406,-5.019999999991406,100.0,0.0,488.0,488.0,0.480475,0.0049180327868852455,0.0049180327868852455,0.005532786885245902,synchronized_peak_current_voltage_drop,0.4000000000094417,3.7400000000005775,2.0171482422437275,143.16648909627722,0.829037459515368,5979,13.147410358565738,3.2235079451078867,9.608333333333334,1.696035242290749,10.0,2.081996,7,227,60.0,120.0,116.0,122.0,145.0,142.0,142.0,143.0,59.981549,119.981739,515393.283897,2159,258,511,//qar7000185/GP0_UPLOAD/BOXER/CYLOM\KZ-04-84_CP-13\20201103\can_Tapper17-10-14-13-12-23.pcap.gz
25,2020-10-14 13:42:44.509695,can_tapper17,"rgb(247,129,191)",PG3_est,133.0,115.0,127.0,13.533834586466165,100.0,138.0,-27.861319049470673,1500,-35.019999999991406,-5.019999999991406,100.0,0.0,488.0,488.0,0.480475,0.0012295081967213114,0.0036885245901639345,0.002254098360655738,synchronized_peak_current_voltage_drop,0.920000000009523,3.000000000000469,2.27471676670449,147.14165780790492,0.8581884113849823,5953,7.627118644067797,2.0409234511738408,9.608333333333334,1.696035242290749,10.0,2.081996,7,227,60.0,120.0,115.0,124.0,146.0,143.0,147.0,148.0,59.981549,119.981739,515393.283897,2159,258,511,//qar7000185/GP0_UPLOAD/BOXER/CYLOM\KZ-04-84_CP-13\20201103\can_Tapper17-10-14-13-12-23.pcap.gz
25,2020-10-14 13:42:44.509695,can_tapper17,"rgb(247,129,191)",PG4,133.0,115.0,127.0,13.533834586466165,100.0,138.0,-27.861319049470673,1500,-35.019999999991406,-5.019999999991406,100.0,0.0,488.0,488.0,0.480475,0.0012295081967213114,0.0036885245901639345,0.002254098360655738,synchronized_peak_current_voltage_drop,0.920000000009523,3.000000000000469,2.27471676670449,147.14165780790492,0.8581884113849823,5953,7.627118644067797,2.0409234511738408,9.608333333333334,1.696035242290749,10.0,2.081996,7,227,60.0,120.0,115.0,124.0,146.0,143.0,147.0,148.0,59.981549,119.981739,515393.283897,2159,258,511,//qar7000185/GP0_UPLOAD/BOXER/CYLOM\KZ-04-84_CP-13\20201103\can_Tapper17-10-14-13-12-23.pcap.gz
26,2020-10-26 09:41:55.759239,can_tapper17,"rgb(153,153,153)",PG1_est,124.0,106.0,115.0,14.516129032258066,78.00000000000004,124.0,0.1634489615330148,1500,-35.019999999991406,-5.019999999991406,78.00000000000004,0.0,226.0,226.0,0.833345,0.003982300884955752,0.007964601769911504,0.003982300884955752,synchronized_peak_current_voltage_drop,0.7400000000094948,0.5000000000000782,2.892719705486028,143.13344734195132,0.8702328746263615,5962,11.297071129707113,0.5688332040819262,9.8,-1.6608695652173913,9.0,2.333601,7,230,60.0,120.0,115.0,122.0,142.0,143.0,143.0,143.0,53.912659,119.925875,1022351.249544,2088,352,400,//qar7000185/GP0_UPLOAD/BOXER/CYLOM\KZ-04-84_CP-13\20201103\can_Tapper17-10-26-09-41-01.pcap.gz
26,2020-10-26 09:41:55.759239,can_tapper17,"rgb(153,153,153)",PG2,124.0,115.0,115.0,7.258064516129033,78.00000000000004,125.0,-4.802659912292557,1500,-35.019999999991406,-5.019999999991406,90.0,0.0,226.0,226.0,0.833345,0.003982300884955752,0.003982300884955752,0.004424778761061947,synchronized_peak_current_voltage_drop,0.760000000009498,0.7400000000001157,2.892719705486028,143.01786292394706,0.8696862072015005,5961,3.7656903765690375,0.1699577115058027,9.8,-1.6608695652173913,9.0,2.333601,7,230,60.0,120.0,115.0,123.0,143.0,143.0,143.0,143.0,53.912659,119.925875,1022351.249544,2088,352,400,//qar7000185/GP0_UPLOAD/BOXER/CYLOM\KZ-04-84_CP-13\20201103\can_Tapper17-10-26-09-41-01.pcap.gz
26,2020-10-26 09:41:55.759239,can_tapper17,"rgb(153,153,153)",PG3_est,124.0,115.0,115.0,7.258064516129033,78.00000000000004,125.0,-4.233557437135911,1500,-35.019999999991406,-5.019999999991406,90.0,0.0,226.0,226.0,0.833345,0.003982300884955752,0.003982300884955752,0.004424778761061947,synchronized_peak_current_voltage_drop,0.760000000009498,0.5000000000000782,3.2620894576029285,145.0695939875418,0.8861587871353439,5961,3.7656903765690375,0.24557231644171182,9.8,-1.6608695652173913,9.0,2.333601,7,230,60.0,120.0,115.0,122.0,141.0,144.0,146.0,145.0,53.912659,119.925875,1022351.249544,2088,352,400,//qar7000185/GP0_UPLOAD/BOXER/CYLOM\KZ-04-84_CP-13\20201103\can_Tapper17-10-26-09-41-01.pcap.gz
26,2020-10-26 09:41:55.759239,can_tapper17,"rgb(153,153,153)",PG4,124.0,115.0,115.0,7.258064516129033,78.00000000000004,125.0,-4.233557437135911,1500,-35.019999999991406,-5.019999999991406,90.0,0.0,226.0,226.0,0.833345,0.003982300884955752,0.003982300884955752,0.004424778761061947,synchronized_peak_current_voltage_drop,0.760000000009498,0.5000000000000782,3.2620894576029285,145.0695939875418,0.8861587871353439,5961,3.7656903765690375,0.24557231644171182,9.8,-1.6608695652173913,9.0,2.333601,7,230,60.0,120.0,115.0,122.0,141.0,144.0,146.0,145.0,53.912659,119.925875,1022351.249544,2088,352,400,//qar7000185/GP0_UPLOAD/BOXER/CYLOM\KZ-04-84_CP-13\20201103\can_Tapper17-10-26-09-41-01.pcap.gz
27,2020-10-26 10:48:55.529723,can_tapper17,"rgb(228,26,28)",PG1_est,125.0,104.0,133.0,16.8,90.0,125.0,-5.036233349436391,1500,-35.019999999991406,-5.019999999991406,90.0,6.0,413.0,407.0,0.652133,,0.00515970515970516,,synchronized_peak_current_voltage_drop,0.6800000000094855,0.5000000000000782,2.892719705486028,143.30933601166038,0.8909263064392097,5965,14.163090128755364,2.4946472377783193,11.733333333333334,-2.4817518248175183,7.0,2.650676,8,274,60.0,120.0,112.0,121.0,137.0,143.0,143.0,143.0,59.977241,119.862632,4019.770484,2160,370,485,//qar7000185/GP0_UPLOAD/BOXER/CYLOM\KZ-04-84_CP-13\20201103\can_Tapper17-10-26-10-46-46.pcap.gz
27,2020-10-26 10:48:55.529723,can_tapper17,"rgb(228,26,28)",PG2,125.0,109.0,117.0,12.8,90.0,126.0,-1.8672808299017236,1500,-35.019999999991406,-5.019999999991406,95.0,6.0,413.0,407.0,0.652133,0.0019656019656019656,0.003931203931203931,0.0022113022113022115,synchronized_peak_current_voltage_drop,0.7000000000094886,1.0000000000001563,2.565174071178317,142.0426026984792,0.9000973698024205,5964,7.093821510297483,0.8633570543342877,11.733333333333334,-2.4817518248175183,7.0,2.650676,8,274,60.0,120.0,109.0,123.0,137.0,141.0,142.0,142.0,59.977241,119.862632,4019.770484,2160,370,485,//qar7000185/GP0_UPLOAD/BOXER/CYLOM\KZ-04-84_CP-13\20201103\can_Tapper17-10-26-10-46-46.pcap.gz
27,2020-10-26 10:48:55.529723,can_tapper17,"rgb(228,26,28)",PG3_est,125.0,108.0,108.0,13.600000000000001,90.0,126.0,-2.684036748460249,1500,-35.019999999991406,-5.019999999991406,95.0,6.0,413.0,407.0,0.652133,0.004176904176904177,0.004176904176904177,0.004422604422604423,synchronized_peak_current_voltage_drop,0.44000000000944794,1.0000000000001563,3.2620894576029285,145.18874424095804,0.9204637443981654,5977,7.296137339055794,1.4935531480287871,11.733333333333334,-2.4817518248175183,7.0,2.650676,8,274,60.0,120.0,116.0,123.0,131.0,143.0,145.0,146.0,59.977241,119.862632,4019.770484,2160,370,485,//qar7000185/GP0_UPLOAD/BOXER/CYLOM\KZ-04-84_CP-13\20201103\can_Tapper17-10-26-10-46-46.pcap.gz
27,2020-10-26 10:48:55.529723,can_tapper17,"rgb(228,26,28)",PG4,125.0,108.0,108.0,13.600000000000001,90.0,126.0,-2.684036748460249,1500,-35.019999999991406,-5.019999999991406,95.0,6.0,413.0,407.0,0.652133,0.004176904176904177,0.004176904176904177,0.004422604422604423,synchronized_peak_current_voltage_drop,0.44000000000944794,1.0000000000001563,3.2620894576029285,145.18874424095804,0.9204637443981654,5977,7.296137339055794,1.4935531480287871,11.733333333333334,-2.4817518248175183,7.0,2.650676,8,274,60.0,120.0,116.0,123.0,131.0,143.0,145.0,146.0,59.977241,119.862632,4019.770484,2160,370,485,//qar7000185/GP0_UPLOAD/BOXER/CYLOM\KZ-04-84_CP-13\20201103\can_Tapper17-10-26-10-46-46.pcap.gz
28,2020-11-02 08:47:13.111975,can_tapper17,"rgb(55,126,184)",PG1_est,130.0,116.0,131.0,10.76923076923077,100.0,133.0,-0.5984091548483765,1500,-35.019999999991406,-5.019999999991406,100.0,8.0,272.0,264.0,0.807496,,0.0053030303030303025,0.0007575757575757576,synchronized_peak_current_voltage_drop,0.6200000000094761,0.14000000000002188,1.7887444673306678,141.53042334221624,0.6897261990196699,5968,10.31578947368421,1.9191950132665512,15.075,-0.23809523809523808,7.0,2.90487,7,147,60.0,120.0,116.0,127.0,145.0,142.0,142.0,141.0,59.954056,119.919027,597497.582252,2159,181,422,//qar7000185/GP0_UPLOAD/BOXER/CYLOM\KZ-04-84_CP-13\20201103\can_Tapper17-11-02-08-46-46.pcap.gz
28,2020-11-02 08:47:13.111975,can_tapper17,"rgb(55,126,184)",PG2,131.0,116.0,116.0,11.450381679389313,100.0,133.0,4.246588554038883,1500,-35.019999999991406,-5.019999999991406,100.0,8.0,272.0,264.0,0.807496,0.005681818181818182,0.005681818181818182,0.006439393939393939,synchronized_peak_current_voltage_drop,0.760000000009498,1.0000000000001563,2.0171482422437275,143.28274206744618,0.8079876505021781,5961,10.31578947368421,1.2442181248372837,15.075,-0.23809523809523808,7.0,2.90487,7,147,60.0,120.0,116.0,126.0,144.0,142.0,142.0,144.0,59.954056,119.919027,597497.582252,2159,181,422,//qar7000185/GP0_UPLOAD/BOXER/CYLOM\KZ-04-84_CP-13\20201103\can_Tapper17-11-02-08-46-46.pcap.gz
28,2020-11-02 08:47:13.111975,can_tapper17,"rgb(55,126,184)",PG3_est,130.0,114.0,114.0,12.307692307692308,100.0,133.0,2.576436700638046,1500,-35.019999999991406,-5.019999999991406,100.0,8.0,272.0,264.0,0.807496,0.006060606060606061,0.006060606060606061,0.0071969696969696965,synchronized_peak_current_voltage_drop,0.7000000000094886,1.0000000000001563,2.27471676670449,145.20086515788958,0.8464968020445156,5964,4.0,0.8974034957348769,15.075,-0.23809523809523808,7.0,2.90487,7,147,60.0,120.0,114.0,125.0,144.0,143.0,144.0,145.0,59.954056,119.919027,597497.582252,2159,181,422,//qar7000185/GP0_UPLOAD/BOXER/CYLOM\KZ-04-84_CP-13\20201103\can_Tapper17-11-02-08-46-46.pcap.gz
28,2020-11-02 08:47:13.111975,can_tapper17,"rgb(55,126,184)",PG4,130.0,114.0,114.0,12.307692307692308,100.0,133.0,2.576436700638046,1500,-35.019999999991406,-5.019999999991406,100.0,8.0,272.0,264.0,0.807496,0.006060606060606061,0.006060606060606061,0.0071969696969696965,synchronized_peak_current_voltage_drop,0.7000000000094886,1.0000000000001563,2.27471676670449,145.20086515788958,0.8464968020445156,5964,4.0,0.8974034957348769,15.075,-0.23809523809523808,7.0,2.90487,7,147,60.0,120.0,114.0,125.0,144.0,143.0,144.0,145.0,59.954056,119.919027,597497.582252,2159,181,422,//qar7000185/GP0_UPLOAD/BOXER/CYLOM\KZ-04-84_CP-13\20201103\can_Tapper17-11-02-08-46-46.pcap.gz
29,2020-11-02 09:37:16.542916,can_tapper17,"rgb(77,175,74)",PG1_est,125.0,108.0,108.0,13.600000000000001,90.0,126.0,-2.9996457776195964,1500,-35.019999999991406,-5.019999999991406,95.0,0.0,241.0,241.0,0.986843,0.007053941908713693,0.007053941908713693,0.007468879668049793,synchronized_peak_current_voltage_drop,0.9000000000095199,0.5000000000000782,45.88440927560299,123.38485295985504,0.454815109329734,5954,6.896551724137931,1.7699147513112679,15.166666666666666,-2.7350993377483444,10.0,2.384399,8,151,60.0,120.0,108.0,125.0,146.0,142.0,143.0,126.0,59.987925,119.935199,3003.430941,2160,196,366,//qar7000185/GP0_UPLOAD/BOXER/CYLOM\KZ-04-84_CP-13\20201103\can_Tapper17-11-02-08-46-46.pcap.gz
29,2020-11-02 09:37:16.542916,can_tapper17,"rgb(77,175,74)",PG2,125.0,113.0,118.0,9.6,90.0,126.0,2.9232752156300525e-13,1500,-35.019999999991406,-5.019999999991406,95.0,0.0,241.0,241.0,0.986843,0.0029045643153526968,0.004979253112033195,0.003319502074688797,synchronized_peak_current_voltage_drop,1.0400000000095417,0.7400000000001157,51.74336368726529,122.01780901536893,0.5145832354022095,5947,4.888888888888889,1.3665604826235378,15.166666666666666,-2.7350993377483444,10.0,2.384399,8,151,60.0,120.0,118.0,120.0,145.0,141.0,142.0,127.0,59.987925,119.935199,3003.430941,2160,196,366,//qar7000185/GP0_UPLOAD/BOXER/CYLOM\KZ-04-84_CP-13\20201103\can_Tapper17-11-02-08-46-46.pcap.gz
29,2020-11-02 09:37:16.542916,can_tapper17,"rgb(77,175,74)",PG3_est,126.0,112.0,112.0,11.11111111111111,95.0,126.0,-0.2240978773766298,1500,-35.019999999991406,-5.019999999991406,95.0,0.0,241.0,241.0,0.986843,0.0058091286307053935,0.0058091286307053935,0.0058091286307053935,synchronized_peak_current_voltage_drop,0.920000000009523,0.7600000000001188,51.74336368726529,121.67570029559128,0.49659441961220896,5953,2.586206896551724,0.7435155288085348,15.166666666666666,-2.7350993377483444,10.0,2.384399,8,151,60.0,120.0,112.0,122.0,146.0,143.0,146.0,127.0,59.987925,119.935199,3003.430941,2160,196,366,//qar7000185/GP0_UPLOAD/BOXER/CYLOM\KZ-04-84_CP-13\20201103\can_Tapper17-11-02-08-46-46.pcap.gz
29,2020-11-02 09:37:16.542916,can_tapper17,"rgb(77,175,74)",PG4,126.0,112.0,112.0,11.11111111111111,95.0,126.0,-0.2240978773766298,1500,-35.019999999991406,-5.019999999991406,95.0,0.0,241.0,241.0,0.986843,0.0058091286307053935,0.0058091286307053935,0.0058091286307053935,synchronized_peak_current_voltage_drop,0.920000000009523,0.7600000000001188,51.74336368726529,121.67570029559128,0.49659441961220896,5953,2.586206896551724,0.7435155288085348,15.166666666666666,-2.7350993377483444,10.0,2.384399,8,151,60.0,120.0,112.0,122.0,146.0,143.0,146.0,127.0,59.987925,119.935199,3003.430941,2160,196,366,//qar7000185/GP0_UPLOAD/BOXER/CYLOM\KZ-04-84_CP-13\20201103\can_Tapper17-11-02-08-46-46.pcap.gz
30,2020-11-02 09:40:07.990890,can_tapper17,"rgb(152,78,163)",PG1_est,125.0,112.0,129.0,10.4,90.0,126.0,-0.18492452663285366,1500,-35.019999999991406,-5.019999999991406,95.0,0.0,204.0,204.0,0.96825,,0.006372549019607843,,synchronized_peak_current_voltage_drop,1.3800000000095949,0.6000000000000938,119.99999999999996,125.43725407074537,0.2986100087593129,5930,9.787234042553191,1.8485599522977259,15.2,-4.466019417475728,8.0,2.470706,8,206,60.0,120.0,115.0,123.0,146.0,143.0,144.0,144.0,59.912451,119.941673,171.447974,2159,270,346,//qar7000185/GP0_UPLOAD/BOXER/CYLOM\KZ-04-84_CP-13\20201103\can_Tapper17-11-02-08-46-46.pcap.gz
30,2020-11-02 09:40:07.990890,can_tapper17,"rgb(152,78,163)",PG2,126.0,115.0,115.0,8.73015873015873,95.0,126.0,2.9232752156300525e-13,1500,-35.019999999991406,-5.019999999991406,95.0,0.0,204.0,204.0,0.96825,0.005392156862745099,0.005392156862745099,0.005392156862745099,synchronized_peak_current_voltage_drop,0.8800000000095167,1.0000000000001563,119.99999999999996,126.51634023843611,0.2755743527662081,5955,3.8297872340425534,1.3528681965950076,15.2,-4.466019417475728,8.0,2.470706,8,206,60.0,120.0,115.0,124.0,145.0,141.0,142.0,142.0,59.912451,119.941673,171.447974,2159,270,346,//qar7000185/GP0_UPLOAD/BOXER/CYLOM\KZ-04-84_CP-13\20201103\can_Tapper17-11-02-08-46-46.pcap.gz
30,2020-11-02 09:40:07.990890,can_tapper17,"rgb(152,78,163)",PG3_est,125.0,113.0,113.0,9.6,90.0,126.0,2.9232752156300525e-13,1500,-35.019999999991406,-5.019999999991406,95.0,0.0,204.0,204.0,0.96825,0.0058823529411764705,0.0058823529411764705,0.006372549019607843,synchronized_peak_current_voltage_drop,0.760000000009498,1.0000000000001563,119.99999999999996,127.14426152527628,0.22910250227898854,5961,3.8297872340425534,1.0307202833660527,15.2,-4.466019417475728,8.0,2.470706,8,206,60.0,120.0,113.0,121.0,145.0,143.0,146.0,146.0,59.912451,119.941673,171.447974,2159,270,346,//qar7000185/GP0_UPLOAD/BOXER/CYLOM\KZ-04-84_CP-13\20201103\can_Tapper17-11-02-08-46-46.pcap.gz
30,2020-11-02 09:40:07.990890,can_tapper17,"rgb(152,78,163)",PG4,125.0,113.0,113.0,9.6,90.0,126.0,2.9232752156300525e-13,1500,-35.019999999991406,-5.019999999991406,95.0,0.0,204.0,204.0,0.96825,0.0058823529411764705,0.0058823529411764705,0.006372549019607843,synchronized_peak_current_voltage_drop,0.760000000009498,1.0000000000001563,119.99999999999996,127.14426152527628,0.22910250227898854,5961,3.8297872340425534,1.0307202833660527,15.2,-4.466019417475728,8.0,2.470706,8,206,60.0,120.0,113.0,121.0,145.0,143.0,146.0,146.0,59.912451,119.941673,171.447974,2159,270,346,//qar7000185/GP0_UPLOAD/BOXER/CYLOM\KZ-04-84_CP-13\20201103\can_Tapper17-11-02-08-46-46.pcap.gz
31,2020-11-02 12:57:20.939735,can_tapper17,"rgb(255,127,0)",PG1_est,125.0,109.0,138.0,12.8,90.0,126.0,-2.258525448233575,1500,-35.019999999991406,-5.019999999991406,95.0,0.0,262.0,262.0,0.921402,,0.0061068702290076335,,synchronized_peak_current_voltage_drop,1.4400000000096043,0.5200000000000813,1.7887444673306678,143.90264502101599,0.7719385375359908,5927,16.949152542372882,1.3185454279965498,18.0,-10.362549800796813,5.0,2.420738,6,251,60.0,120.0,113.0,122.0,145.0,144.0,144.0,144.0,59.963223,119.971663,11832.948845,2160,298,602,//qar7000185/GP0_UPLOAD/BOXER/CYLOM\KZ-04-84_CP-13\20201103\can_Tapper17-11-02-12-46-46.pcap.gz
31,2020-11-02 12:57:20.939735,can_tapper17,"rgb(255,127,0)",PG2,125.0,112.0,112.0,10.4,90.0,126.0,-0.8560003804437419,1500,-35.019999999991406,-5.019999999991406,95.0,0.0,262.0,262.0,0.921402,0.004961832061068702,0.004961832061068702,0.0053435114503816794,synchronized_peak_current_voltage_drop,0.920000000009523,1.0200000000001594,1.7887444673306678,141.30522982656052,0.813810844796631,5953,5.932203389830509,0.8992269228477378,18.0,-10.362549800796813,5.0,2.420738,6,251,60.0,120.0,112.0,122.0,145.0,142.0,141.0,141.0,59.963223,119.971663,11832.948845,2160,298,602,//qar7000185/GP0_UPLOAD/BOXER/CYLOM\KZ-04-84_CP-13\20201103\can_Tapper17-11-02-12-46-46.pcap.gz
31,2020-11-02 12:57:20.939735,can_tapper17,"rgb(255,127,0)",PG3_est,125.0,111.0,111.0,11.200000000000001,90.0,126.0,2.9232752156300525e-13,1500,-35.019999999991406,-5.019999999991406,95.0,0.0,262.0,262.0,0.921402,0.0053435114503816794,0.0053435114503816794,0.0057251908396946565,synchronized_peak_current_voltage_drop,0.8000000000095042,1.0000000000001563,2.0171482422437275,144.77620132119446,0.8536706613034697,5959,5.932203389830509,0.9322540370851793,18.0,-10.362549800796813,5.0,2.420738,6,251,60.0,120.0,111.0,122.0,146.0,145.0,145.0,145.0,59.963223,119.971663,11832.948845,2160,298,602,//qar7000185/GP0_UPLOAD/BOXER/CYLOM\KZ-04-84_CP-13\20201103\can_Tapper17-11-02-12-46-46.pcap.gz
31,2020-11-02 12:57:20.939735,can_tapper17,"rgb(255,127,0)",PG4,125.0,111.0,111.0,11.200000000000001,90.0,126.0,2.9232752156300525e-13,1500,-35.019999999991406,-5.019999999991406,95.0,0.0,262.0,262.0,0.921402,0.0053435114503816794,0.0053435114503816794,0.0057251908396946565,synchronized_peak_current_voltage_drop,0.8000000000095042,1.0000000000001563,2.0171482422437275,144.77620132119446,0.8536706613034697,5959,5.932203389830509,0.9322540370851793,18.0,-10.362549800796813,5.0,2.420738,6,251,60.0,120.0,111.0,122.0,146.0,145.0,145.0,145.0,59.963223,119.971663,11832.948845,2160,298,602,//qar7000185/GP0_UPLOAD/BOXER/CYLOM\KZ-04-84_CP-13\20201103\can_Tapper17-11-02-12-46-46.pcap.gz
32,2020-11-02 14:00:24.257521,can_tapper17,"rgb(255,255,51)",PG1_est,125.0,96.0,116.0,23.200000000000003,90.0,126.0,-0.013093339152115028,1500,-35.019999999991406,-5.019999999991406,95.0,4.5,442.0,437.5,0.389752,0.002057142857142857,0.006628571428571428,0.002285714285714286,synchronized_peak_current_voltage_drop,0.4800000000094542,0.5000000000000782,2.27471676670449,145.10921709591125,0.8887919211622495,5975,15.973741794310722,2.2980143777724122,16.7,-9.421686746987952,54.0,2.381659,8,249,60.0,120.0,116.0,123.0,146.0,144.0,144.0,145.0,59.912674,119.914059,3783.317786,2160,281,776,//qar7000185/GP0_UPLOAD/BOXER/CYLOM\KZ-04-84_CP-13\20201103\can_Tapper17-11-02-13-46-46.pcap.gz
32,2020-11-02 14:00:24.257521,can_tapper17,"rgb(255,255,51)",PG2,125.0,105.0,115.0,16.0,90.0,126.0,-0.17183118748032286,1500,-35.019999999991406,-5.019999999991406,95.0,4.5,442.0,437.5,0.389752,0.002285714285714286,0.004571428571428572,0.0025142857142857146,synchronized_peak_current_voltage_drop,0.5000000000094573,1.0000000000001563,1.7887444673306678,141.3567158543778,0.864480032912251,5974,10.06423982869379,2.4813847144601264,16.7,-9.421686746987952,54.0,2.381659,8,249,60.0,120.0,115.0,123.0,145.0,143.0,142.0,141.0,59.912674,119.914059,3783.317786,2160,281,776,//qar7000185/GP0_UPLOAD/BOXER/CYLOM\KZ-04-84_CP-13\20201103\can_Tapper17-11-02-13-46-46.pcap.gz
32,2020-11-02 14:00:24.257521,can_tapper17,"rgb(255,255,51)",PG3_est,125.0,115.0,123.0,8.0,90.0,126.0,2.9232752156300525e-13,1500,-35.019999999991406,-5.019999999991406,95.0,4.5,442.0,437.5,0.389752,0.0004571428571428572,0.002285714285714286,0.0006857142857142857,synchronized_peak_current_voltage_drop,1.0000000000095355,0.7400000000001157,2.0171482422437275,144.7543965957223,0.8697730556339799,5949,7.658643326039387,2.2360653371850905,16.7,-9.421686746987952,54.0,2.381659,8,249,60.0,120.0,115.0,123.0,145.0,145.0,145.0,145.0,59.912674,119.914059,3783.317786,2160,281,776,//qar7000185/GP0_UPLOAD/BOXER/CYLOM\KZ-04-84_CP-13\20201103\can_Tapper17-11-02-13-46-46.pcap.gz
32,2020-11-02 14:00:24.257521,can_tapper17,"rgb(255,255,51)",PG4,125.0,115.0,123.0,8.0,90.0,126.0,2.9232752156300525e-13,1500,-35.019999999991406,-5.019999999991406,95.0,4.5,442.0,437.5,0.389752,0.0004571428571428572,0.002285714285714286,0.0006857142857142857,synchronized_peak_current_voltage_drop,1.0000000000095355,0.7400000000001157,2.0171482422437275,144.7543965957223,0.8697730556339799,5949,7.658643326039387,2.2360653371850905,16.7,-9.421686746987952,54.0,2.381659,8,249,60.0,120.0,115.0,123.0,145.0,145.0,145.0,145.0,59.912674,119.914059,3783.317786,2160,281,776,//qar7000185/GP0_UPLOAD/BOXER/CYLOM\KZ-04-84_CP-13\20201103\can_Tapper17-11-02-13-46-46.pcap.gz
33,2020-11-02 15:50:19.688421,can_tapper17,"rgb(166,86,40)",PG1_est,127.0,98.0,98.0,22.83464566929134,100.0,127.5,-2.1175120522270303,1500,-35.019999999991406,-5.019999999991406,100.0,0.0,374.0,374.0,0.621649,0.007754010695187165,0.007754010695187165,0.00788770053475936,synchronized_peak_current_voltage_drop,0.5000000000094573,1.0000000000001563,2.0171482422437275,142.5743126194013,0.6747931999933281,5974,18.16283924843424,2.7205714251014053,17.45,-7.7631578947368425,4.0,2.216477,6,266,60.0,120.0,119.0,125.0,145.0,133.0,142.0,142.0,59.987728,119.935328,6595.4309,2159,325,525,//qar7000185/GP0_UPLOAD/BOXER/CYLOM\KZ-04-84_CP-13\20201103\can_Tapper17-11-02-15-46-46.pcap.gz
33,2020-11-02 15:50:19.688421,can_tapper17,"rgb(166,86,40)",PG2,127.0,112.0,127.0,11.811023622047244,100.0,128.0,0.182568970030957,1500,-35.019999999991406,-5.019999999991406,100.0,0.0,374.0,374.0,0.621649,,0.004010695187165776,0.00026737967914438503,synchronized_peak_current_voltage_drop,0.6600000000094823,1.0000000000001563,1.7887444673306678,142.5006936376106,0.6438904835984753,5966,14.157303370786517,1.2903545710138795,17.45,-7.7631578947368425,4.0,2.216477,6,266,60.0,120.0,112.0,125.0,145.0,132.0,142.0,142.0,59.987728,119.935328,6595.4309,2159,325,525,//qar7000185/GP0_UPLOAD/BOXER/CYLOM\KZ-04-84_CP-13\20201103\can_Tapper17-11-02-15-46-46.pcap.gz
33,2020-11-02 15:50:19.688421,can_tapper17,"rgb(166,86,40)",PG3_est,127.0,110.0,110.0,13.385826771653544,100.0,128.0,0.5255646780287933,1500,-35.019999999991406,-5.019999999991406,100.0,0.0,374.0,374.0,0.621649,0.004545454545454545,0.004545454545454545,0.004812834224598931,synchronized_peak_current_voltage_drop,0.6200000000094761,1.0000000000001563,1.5862030873085784,141.4007488319927,0.657160005008322,5968,6.054279749478079,1.006508477290634,17.45,-7.7631578947368425,4.0,2.216477,6,266,60.0,120.0,110.0,124.0,145.0,133.0,142.0,141.0,59.987728,119.935328,6595.4309,2159,325,525,//qar7000185/GP0_UPLOAD/BOXER/CYLOM\KZ-04-84_CP-13\20201103\can_Tapper17-11-02-15-46-46.pcap.gz
33,2020-11-02 15:50:19.688421,can_tapper17,"rgb(166,86,40)",PG4,127.0,110.0,110.0,13.385826771653544,100.0,128.0,0.5255646780287933,1500,-35.019999999991406,-5.019999999991406,100.0,0.0,374.0,374.0,0.621649,0.004545454545454545,0.004545454545454545,0.004812834224598931,synchronized_peak_current_voltage_drop,0.6200000000094761,1.0000000000001563,1.5862030873085784,141.4007488319927,0.657160005008322,5968,6.054279749478079,1.006508477290634,17.45,-7.7631578947368425,4.0,2.216477,6,266,60.0,120.0,110.0,124.0,145.0,133.0,142.0,141.0,59.987728,119.935328,6595.4309,2159,325,525,//qar7000185/GP0_UPLOAD/BOXER/CYLOM\KZ-04-84_CP-13\20201103\can_Tapper17-11-02-15-46-46.pcap.gz
34,2020-11-03 08:58:28.074693,can_tapper17,"rgb(247,129,191)",PG1_est,122.0,106.0,106.0,13.114754098360656,60.0,123.0,-1.140133840059078,1500,-35.019999999991406,-5.019999999991406,68.33333333333339,0.0,225.0,225.0,0.966912,0.0071111111111111115,0.0071111111111111115,0.007555555555555555,synchronized_peak_current_voltage_drop,0.9400000000095261,0.5000000000000782,2.0171482422437275,143.5094064099391,0.8307463321358718,5952,6.401766004415011,1.730532206330995,15.042857142857144,-15.922374429223744,5.0,2.061723,7,219,60.0,120.0,106.0,126.0,145.0,143.0,144.0,143.0,59.94888,119.955145,61688.386272,2160,275,524,//qar7000185/GP0_UPLOAD/BOXER/CYLOM\KZ-04-84_CP-13\20201103\can_Tapper17-11-03-08-46-46.pcap.gz
34,2020-11-03 08:58:28.074693,can_tapper17,"rgb(247,129,191)",PG2,123.0,110.0,115.0,10.569105691056912,68.33333333333339,124.0,-4.654677624300139,1500,-35.019999999991406,-5.019999999991406,78.00000000000004,0.0,225.0,225.0,0.966912,0.0035555555555555557,0.005777777777777778,0.004,synchronized_peak_current_voltage_drop,1.0400000000095417,1.0000000000001563,2.0171482422437275,142.78188630546015,0.871586938816168,5947,4.783599088838269,1.0092686684671708,15.042857142857144,-15.922374429223744,5.0,2.061723,7,219,60.0,120.0,115.0,114.0,143.0,141.0,142.0,143.0,59.94888,119.955145,61688.386272,2160,275,524,//qar7000185/GP0_UPLOAD/BOXER/CYLOM\KZ-04-84_CP-13\20201103\can_Tapper17-11-03-08-46-46.pcap.gz
34,2020-11-03 08:58:28.074693,can_tapper17,"rgb(247,129,191)",PG3_est,123.0,109.0,116.0,11.38211382113821,68.33333333333339,124.0,-4.5913442628190815,1500,-35.019999999991406,-5.019999999991406,78.00000000000004,0.0,225.0,225.0,0.966912,0.003111111111111111,0.006222222222222222,0.0035555555555555557,synchronized_peak_current_voltage_drop,1.0200000000095386,0.7600000000001188,2.0171482422437275,142.5763281495522,0.8578510819767411,5948,2.4282560706401766,0.7722267463071074,15.042857142857144,-15.922374429223744,5.0,2.061723,7,219,60.0,120.0,116.0,117.0,143.0,140.0,142.0,143.0,59.94888,119.955145,61688.386272,2160,275,524,//qar7000185/GP0_UPLOAD/BOXER/CYLOM\KZ-04-84_CP-13\20201103\can_Tapper17-11-03-08-46-46.pcap.gz
34,2020-11-03 08:58:28.074693,can_tapper17,"rgb(247,129,191)",PG4,123.0,109.0,116.0,11.38211382113821,68.33333333333339,124.0,-4.5913442628190815,1500,-35.019999999991406,-5.019999999991406,78.00000000000004,0.0,225.0,225.0,0.966912,0.003111111111111111,0.006222222222222222,0.0035555555555555557,synchronized_peak_current_voltage_drop,1.0200000000095386,0.7600000000001188,2.0171482422437275,142.5763281495522,0.8578510819767411,5948,2.4282560706401766,0.7722267463071074,15.042857142857144,-15.922374429223744,5.0,2.061723,7,219,60.0,120.0,116.0,117.0,143.0,140.0,142.0,143.0,59.94888,119.955145,61688.386272,2160,275,524,//qar7000185/GP0_UPLOAD/BOXER/CYLOM\KZ-04-84_CP-13\20201103\can_Tapper17-11-03-08-46-46.pcap.gz
35,2020-11-03 12:09:13.717074,can_tapper17,"rgb(153,153,153)",PG1_est,125.0,110.0,110.0,12.0,90.0,126.0,-3.022614676717292,1500,-35.019999999991406,-5.019999999991406,95.0,0.0,245.0,245.0,0.935297,0.006122448979591836,0.006122448979591836,0.006530612244897959,synchronized_peak_current_voltage_drop,0.9400000000095261,0.5000000000000782,1.7887444673306678,141.13759120919306,0.575393515428869,5952,5.932203389830509,1.4935444130627595,16.7,-19.24110671936759,56.0,2.034401,7,253,60.0,120.0,110.0,129.0,145.0,138.0,142.0,141.0,59.959448,119.966025,11445.642381,2159,338,608,//qar7000185/GP0_UPLOAD/BOXER/CYLOM\KZ-04-84_CP-13\20201103\can_Tapper17-11-03-11-46-46.pcap.gz
35,2020-11-03 12:09:13.717074,can_tapper17,"rgb(153,153,153)",PG2,126.0,115.0,119.0,8.73015873015873,95.0,126.0,2.9232752156300525e-13,1500,-35.019999999991406,-5.019999999991406,95.0,0.0,245.0,245.0,0.935297,0.002857142857142857,0.004489795918367347,0.002857142857142857,synchronized_peak_current_voltage_drop,1.0400000000095417,1.0000000000001563,2.27471676670449,143.32966760515083,0.6148823243858044,5947,4.157549234135668,1.1478617203421662,16.7,-19.24110671936759,56.0,2.034401,7,253,60.0,120.0,119.0,119.0,144.0,139.0,144.0,145.0,59.959448,119.966025,11445.642381,2159,338,608,//qar7000185/GP0_UPLOAD/BOXER/CYLOM\KZ-04-84_CP-13\20201103\can_Tapper17-11-03-11-46-46.pcap.gz
35,2020-11-03 12:09:13.717074,can_tapper17,"rgb(153,153,153)",PG3_est,126.0,114.0,114.0,9.523809523809524,95.0,126.0,2.9232752156300525e-13,1500,-35.019999999991406,-5.019999999991406,95.0,0.0,245.0,245.0,0.935297,0.004897959183673469,0.004897959183673469,0.004897959183673469,synchronized_peak_current_voltage_drop,0.8600000000095136,1.0000000000001563,2.0171482422437275,146.79061123464172,0.5099614874537229,5956,3.389830508474576,0.6397674504281836,16.7,-19.24110671936759,56.0,2.034401,7,253,60.0,120.0,114.0,124.0,149.0,142.0,149.0,148.0,59.959448,119.966025,11445.642381,2159,338,608,//qar7000185/GP0_UPLOAD/BOXER/CYLOM\KZ-04-84_CP-13\20201103\can_Tapper17-11-03-11-46-46.pcap.gz
35,2020-11-03 12:09:13.717074,can_tapper17,"rgb(153,153,153)",PG4,126.0,114.0,114.0,9.523809523809524,95.0,126.0,2.9232752156300525e-13,1500,-35.019999999991406,-5.019999999991406,95.0,0.0,245.0,245.0,0.935297,0.004897959183673469,0.004897959183673469,0.004897959183673469,synchronized_peak_current_voltage_drop,0.8600000000095136,1.0000000000001563,2.0171482422437275,146.79061123464172,0.5099614874537229,5956,3.389830508474576,0.6397674504281836,16.7,-19.24110671936759,56.0,2.034401,7,253,60.0,120.0,114.0,124.0,149.0,142.0,149.0,148.0,59.959448,119.966025,11445.642381,2159,338,608,//qar7000185/GP0_UPLOAD/BOXER/CYLOM\KZ-04-84_CP-13\20201103\can_Tapper17-11-03-11-46-46.pcap.gz
36,2020-11-03 13:02:55.806061,can_tapper17,"rgb(228,26,28)",PG1_est,128.0,106.0,106.0,17.1875,100.0,129.0,-2.594703375423233,1500,-35.019999999991406,-5.019999999991406,100.0,-2.0,394.0,396.0,0.617749,0.005555555555555556,0.005555555555555556,0.005808080808080807,synchronized_peak_current_voltage_drop,0.5200000000094605,1.5000000000002345,119.99999999999996,124.12173736407449,0.32302628095439456,5973,13.445378151260504,1.9556946119820537,17.384999999999998,-6.404255319148936,66.0,2.120804,8,235,60.0,120.0,111.0,117.0,145.0,141.0,143.0,143.0,59.980472,119.911044,3222.088987,2160,292,655,//qar7000185/GP0_UPLOAD/BOXER/CYLOM\KZ-04-84_CP-13\20201103\can_Tapper17-11-03-12-46-46.pcap.gz
36,2020-11-03 13:02:55.806061,can_tapper17,"rgb(228,26,28)",PG2,128.0,113.0,121.0,11.71875,100.0,129.0,-0.3791912796407945,1500,-35.019999999991406,-5.019999999991406,100.0,-2.0,394.0,396.0,0.617749,0.0017676767676767676,0.003787878787878788,0.00202020202020202,synchronized_peak_current_voltage_drop,0.6600000000094823,1.260000000000197,119.99999999999996,123.70171325703531,0.38031174092078557,5966,8.277404921700224,1.5042433165798124,17.384999999999998,-6.404255319148936,66.0,2.120804,8,235,60.0,120.0,116.0,124.0,145.0,142.0,142.0,142.0,59.980472,119.911044,3222.088987,2160,292,655,//qar7000185/GP0_UPLOAD/BOXER/CYLOM\KZ-04-84_CP-13\20201103\can_Tapper17-11-03-12-46-46.pcap.gz
36,2020-11-03 13:02:55.806061,can_tapper17,"rgb(228,26,28)",PG3_est,128.0,110.0,110.0,14.0625,100.0,129.0,-1.4504810933243972e-13,1500,-35.019999999991406,-5.019999999991406,100.0,-2.0,394.0,396.0,0.617749,0.004545454545454545,0.004545454545454545,0.004797979797979798,synchronized_peak_current_voltage_drop,0.44000000000944794,1.5000000000002345,119.99999999999996,121.28411060120875,0.39383483095463534,5977,7.563025210084033,1.0300819404967678,17.384999999999998,-6.404255319148936,66.0,2.120804,8,235,60.0,120.0,113.0,123.0,148.0,147.0,146.0,145.0,59.980472,119.911044,3222.088987,2160,292,655,//qar7000185/GP0_UPLOAD/BOXER/CYLOM\KZ-04-84_CP-13\20201103\can_Tapper17-11-03-12-46-46.pcap.gz
36,2020-11-03 13:02:55.806061,can_tapper17,"rgb(228,26,28)",PG4,128.0,110.0,110.0,14.0625,100.0,129.0,-1.4504810933243972e-13,1500,-35.019999999991406,-5.019999999991406,100.0,-2.0,394.0,396.0,0.617749,0.004545454545454545,0.004545454545454545,0.004797979797979798,synchronized_peak_current_voltage_drop,0.44000000000944794,1.5000000000002345,119.99999999999996,121.28411060120875,0.39383483095463534,5977,7.563025210084033,1.0300819404967678,17.384999999999998,-6.404255319148936,66.0,2.120804,8,235,60.0,120.0,113.0,123.0,148.0,147.0,146.0,145.0,59.980472,119.911044,3222.088987,2160,292,655,//qar7000185/GP0_UPLOAD/BOXER/CYLOM\KZ-04-84_CP-13\20201103\can_Tapper17-11-03-12-46-46.pcap.gz
37,2020-11-03 13:06:06.483112,can_tapper17,"rgb(55,126,184)",PG1_est,127.0,114.0,143.0,10.236220472440944,100.0,129.0,-0.47617798941265244,1500,-35.019999999991406,-5.019999999991406,100.0,0.0,382.0,382.0,0.637721,,0.003403141361256545,,synchronized_peak_current_voltage_drop,1.5800000000096261,0.0800000000000125,1.5862030873085784,142.35332801353985,0.7216393186310937,5920,19.665271966527197,2.1268636649369386,17.473333333333336,-6.956989247311828,54.0,2.036625,8,279,60.0,120.0,119.0,121.0,144.0,143.0,143.0,142.0,59.859849,119.988567,190.677051,2159,387,791,//qar7000185/GP0_UPLOAD/BOXER/CYLOM\KZ-04-84_CP-13\20201103\can_Tapper17-11-03-12-46-46.pcap.gz
37,2020-11-03 13:06:06.483112,can_tapper17,"rgb(55,126,184)",PG2,129.0,113.0,113.0,12.4031007751938,100.0,129.0,-1.4504810933243972e-13,1500,-35.019999999991406,-5.019999999991406,100.0,0.0,382.0,382.0,0.637721,0.004188481675392671,0.004188481675392671,0.004188481675392671,synchronized_peak_current_voltage_drop,0.5800000000094698,1.5000000000002345,2.27471676670449,144.00099267899714,0.8723024157823707,5970,5.439330543933054,1.0505980441803064,17.473333333333336,-6.956989247311828,54.0,2.036625,8,279,60.0,120.0,113.0,121.0,145.0,143.0,143.0,144.0,59.859849,119.988567,190.677051,2159,387,791,//qar7000185/GP0_UPLOAD/BOXER/CYLOM\KZ-04-84_CP-13\20201103\can_Tapper17-11-03-12-46-46.pcap.gz
37,2020-11-03 13:06:06.483112,can_tapper17,"rgb(55,126,184)",PG3_est,128.0,111.0,111.0,13.28125,100.0,129.0,-1.4504810933243972e-13,1500,-35.019999999991406,-5.019999999991406,100.0,0.0,382.0,382.0,0.637721,0.004450261780104712,0.004450261780104712,0.004712041884816754,synchronized_peak_current_voltage_drop,0.5800000000094698,1.5000000000002345,1.7887444673306678,144.3244548713807,0.6279785838543852,5970,7.112970711297071,1.0357690036590015,17.473333333333336,-6.956989247311828,54.0,2.036625,8,279,60.0,120.0,114.0,120.0,147.0,148.0,147.0,144.0,59.859849,119.988567,190.677051,2159,387,791,//qar7000185/GP0_UPLOAD/BOXER/CYLOM\KZ-04-84_CP-13\20201103\can_Tapper17-11-03-12-46-46.pcap.gz
37,2020-11-03 13:06:06.483112,can_tapper17,"rgb(55,126,184)",PG4,128.0,111.0,111.0,13.28125,100.0,129.0,-1.4504810933243972e-13,1500,-35.019999999991406,-5.019999999991406,100.0,0.0,382.0,382.0,0.637721,0.004450261780104712,0.004450261780104712,0.004712041884816754,synchronized_peak_current_voltage_drop,0.5800000000094698,1.5000000000002345,1.7887444673306678,144.3244548713807,0.6279785838543852,5970,7.112970711297071,1.0357690036590015,17.473333333333336,-6.956989247311828,54.0,2.036625,8,279,60.0,120.0,114.0,120.0,147.0,148.0,147.0,144.0,59.859849,119.988567,190.677051,2159,387,791,//qar7000185/GP0_UPLOAD/BOXER/CYLOM\KZ-04-84_CP-13\20201103\can_Tapper17-11-03-12-46-46.pcap.gz
38,2020-11-03 14:26:25.741863,can_tapper17,"rgb(77,175,74)",PG1_est,127.0,115.0,115.0,9.448818897637794,100.0,128.0,2.2268158053650222e-13,1500,-35.019999999991406,-5.019999999991406,100.0,0.0,179.0,179.0,0.992957,0.0067039106145251395,0.0067039106145251395,0.007262569832402235,synchronized_peak_current_voltage_drop,0.4200000000094448,0.4400000000000688,2.565174071178317,143.8568618056288,0.8671206842305321,5978,7.070707070707071,1.9222228400221646,18.008333333333333,-7.664150943396226,3.0,2.088857,7,265,60.0,120.0,115.0,125.0,145.0,143.0,144.0,143.0,59.977593,119.941081,4819.258751,2159,322,674,//qar7000185/GP0_UPLOAD/BOXER/CYLOM\KZ-04-84_CP-13\20201103\can_Tapper17-11-03-13-46-46.pcap.gz
38,2020-11-03 14:26:25.741863,can_tapper17,"rgb(77,175,74)",PG2,128.0,117.0,120.0,8.59375,100.0,128.0,2.2268158053650222e-13,1500,-35.019999999991406,-5.019999999991406,100.0,0.0,179.0,179.0,0.992957,0.00446927374301676,0.006145251396648045,0.00446927374301676,synchronized_peak_current_voltage_drop,1.1200000000095542,1.0000000000001563,1.7887444673306678,142.2183253004289,0.8909986951415533,5943,2.78372591006424,1.0362539441356247,18.008333333333333,-7.664150943396226,3.0,2.088857,7,265,60.0,120.0,120.0,120.0,143.0,142.0,142.0,143.0,59.977593,119.941081,4819.258751,2159,322,674,//qar7000185/GP0_UPLOAD/BOXER/CYLOM\KZ-04-84_CP-13\20201103\can_Tapper17-11-03-13-46-46.pcap.gz
38,2020-11-03 14:26:25.741863,can_tapper17,"rgb(77,175,74)",PG3_est,128.0,116.0,121.0,9.375,100.0,128.0,2.2268158053650222e-13,1500,-35.019999999991406,-5.019999999991406,100.0,0.0,179.0,179.0,0.992957,0.003910614525139664,0.0067039106145251395,0.003910614525139664,synchronized_peak_current_voltage_drop,1.0200000000095386,0.7600000000001188,2.0171482422437275,148.46755151502774,0.7841655258425357,5948,2.6262626262626263,0.7980093817188848,18.008333333333333,-7.664150943396226,3.0,2.088857,7,265,60.0,120.0,121.0,123.0,149.0,151.0,149.0,149.0,59.977593,119.941081,4819.258751,2159,322,674,//qar7000185/GP0_UPLOAD/BOXER/CYLOM\KZ-04-84_CP-13\20201103\can_Tapper17-11-03-13-46-46.pcap.gz
38,2020-11-03 14:26:25.741863,can_tapper17,"rgb(77,175,74)",PG4,128.0,116.0,121.0,9.375,100.0,128.0,2.2268158053650222e-13,1500,-35.019999999991406,-5.019999999991406,100.0,0.0,179.0,179.0,0.992957,0.003910614525139664,0.0067039106145251395,0.003910614525139664,synchronized_peak_current_voltage_drop,1.0200000000095386,0.7600000000001188,2.0171482422437275,148.46755151502774,0.7841655258425357,5948,2.6262626262626263,0.7980093817188848,18.008333333333333,-7.664150943396226,3.0,2.088857,7,265,60.0,120.0,121.0,123.0,149.0,151.0,149.0,149.0,59.977593,119.941081,4819.258751,2159,322,674,//qar7000185/GP0_UPLOAD/BOXER/CYLOM\KZ-04-84_CP-13\20201103\can_Tapper17-11-03-13-46-46.pcap.gz
39,2020-11-03 15:19:07.857031,can_tapper17,"rgb(152,78,163)",PG1_est,126.0,113.0,125.0,10.317460317460316,95.0,127.0,-2.7814056806240397,1500,-35.019999999991406,-5.019999999991406,100.0,0.0,204.0,204.0,0.94522,0.0004901960784313725,0.006372549019607843,0.000980392156862745,synchronized_peak_current_voltage_drop,0.9800000000095324,0.5000000000000782,2.0171482422437275,143.04545111111747,0.7846197713722167,5950,7.5,1.3377362531211532,17.81,-12.373626373626374,18.0,2.043399,7,182,60.0,120.0,113.0,126.0,146.0,144.0,142.0,143.0,59.915923,119.985843,3162.115168,2160,326,306,//qar7000185/GP0_UPLOAD/BOXER/CYLOM\KZ-04-84_CP-13\20201103\can_Tapper17-11-03-14-46-46.pcap.gz
39,2020-11-03 15:19:07.857031,can_tapper17,"rgb(152,78,163)",PG2,126.0,117.0,120.0,7.142857142857142,95.0,127.0,-0.9029248457439772,1500,-35.019999999991406,-5.019999999991406,100.0,0.0,204.0,204.0,0.94522,0.0029411764705882353,0.004411764705882353,0.003431372549019608,synchronized_peak_current_voltage_drop,1.0200000000095386,0.5000000000000782,2.0171482422437275,142.92091197132217,0.8643059924411554,5948,2.5,1.06124638425673,17.81,-12.373626373626374,18.0,2.043399,7,182,60.0,120.0,120.0,123.0,143.0,142.0,143.0,143.0,59.915923,119.985843,3162.115168,2160,326,306,//qar7000185/GP0_UPLOAD/BOXER/CYLOM\KZ-04-84_CP-13\20201103\can_Tapper17-11-03-14-46-46.pcap.gz
39,2020-11-03 15:19:07.857031,can_tapper17,"rgb(152,78,163)",PG3_est,126.0,114.0,120.0,9.523809523809524,95.0,127.0,1.6527483802237072e-14,1500,-35.019999999991406,-5.019999999991406,100.0,0.0,204.0,204.0,0.94522,0.0029411764705882353,0.0058823529411764705,0.003431372549019608,synchronized_peak_current_voltage_drop,1.0400000000095417,0.7400000000001157,1.7887444673306678,148.21910407087864,0.6681247458587105,5947,2.5,0.834628393988366,17.81,-12.373626373626374,18.0,2.043399,7,182,60.0,120.0,120.0,122.0,149.0,152.0,150.0,148.0,59.915923,119.985843,3162.115168,2160,326,306,//qar7000185/GP0_UPLOAD/BOXER/CYLOM\KZ-04-84_CP-13\20201103\can_Tapper17-11-03-14-46-46.pcap.gz
39,2020-11-03 15:19:07.857031,can_tapper17,"rgb(152,78,163)",PG4,126.0,114.0,120.0,9.523809523809524,95.0,127.0,1.6527483802237072e-14,1500,-35.019999999991406,-5.019999999991406,100.0,0.0,204.0,204.0,0.94522,0.0029411764705882353,0.0058823529411764705,0.003431372549019608,synchronized_peak_current_voltage_drop,1.0400000000095417,0.7400000000001157,1.7887444673306678,148.21910407087864,0.6681247458587105,5947,2.5,0.834628393988366,17.81,-12.373626373626374,18.0,2.043399,7,182,60.0,120.0,120.0,122.0,149.0,152.0,150.0,148.0,59.915923,119.985843,3162.115168,2160,326,306,//qar7000185/GP0_UPLOAD/BOXER/CYLOM\KZ-04-84_CP-13\20201103\can_Tapper17-11-03-14-46-46.pcap.gz
40,2020-11-03 15:23:22.118330,can_tapper17,"rgb(255,127,0)",PG1_est,132.0,120.0,128.0,9.090909090909092,100.0,134.0,-6.100322711253336,1500,-35.019999999991406,-5.019999999991406,100.0,2.0,198.0,196.0,0.9654,0.0020408163265306124,0.006122448979591836,0.003061224489795918,synchronized_peak_current_voltage_drop,1.0600000000095449,0.24000000000003752,1.7887444673306678,143.02954283769702,0.7561987084503372,5946,5.13347022587269,1.7011397994312016,17.71,-7.503787878787879,4.0,2.368699,8,264,60.0,120.0,128.0,127.0,145.0,142.0,143.0,143.0,59.988773,119.974987,254.261299,2160,297,363,//qar7000185/GP0_UPLOAD/BOXER/CYLOM\KZ-04-84_CP-13\20201103\can_Tapper17-11-03-14-46-46.pcap.gz
40,2020-11-03 15:23:22.118330,can_tapper17,"rgb(255,127,0)",PG2,132.0,121.0,121.0,8.333333333333332,100.0,134.0,-6.048909355069644,1500,-35.019999999991406,-5.019999999991406,100.0,2.0,198.0,196.0,0.9654,0.005612244897959184,0.005612244897959184,0.00663265306122449,synchronized_peak_current_voltage_drop,0.920000000009523,0.5000000000000782,1.7887444673306678,142.06754075239743,0.8354737060973887,5953,5.13347022587269,1.000095804031605,17.71,-7.503787878787879,4.0,2.368699,8,264,60.0,120.0,121.0,128.0,144.0,142.0,142.0,142.0,59.988773,119.974987,254.261299,2160,297,363,//qar7000185/GP0_UPLOAD/BOXER/CYLOM\KZ-04-84_CP-13\20201103\can_Tapper17-11-03-14-46-46.pcap.gz
40,2020-11-03 15:23:22.118330,can_tapper17,"rgb(255,127,0)",PG3_est,132.0,119.0,119.0,9.848484848484848,100.0,134.0,-5.023211121426316,1500,-35.019999999991406,-5.019999999991406,100.0,2.0,198.0,196.0,0.9654,0.00663265306122449,0.00663265306122449,0.007653061224489796,synchronized_peak_current_voltage_drop,0.9000000000095199,1.0200000000001594,1.7887444673306678,146.42621934018334,0.6674352863212129,5954,2.2587268993839835,0.8152033433438846,17.71,-7.503787878787879,4.0,2.368699,8,264,60.0,120.0,119.0,128.0,150.0,148.0,148.0,146.0,59.988773,119.974987,254.261299,2160,297,363,//qar7000185/GP0_UPLOAD/BOXER/CYLOM\KZ-04-84_CP-13\20201103\can_Tapper17-11-03-14-46-46.pcap.gz
40,2020-11-03 15:23:22.118330,can_tapper17,"rgb(255,127,0)",PG4,132.0,119.0,119.0,9.848484848484848,100.0,134.0,-5.023211121426316,1500,-35.019999999991406,-5.019999999991406,100.0,2.0,198.0,196.0,0.9654,0.00663265306122449,0.00663265306122449,0.007653061224489796,synchronized_peak_current_voltage_drop,0.9000000000095199,1.0200000000001594,1.7887444673306678,146.42621934018334,0.6674352863212129,5954,2.2587268993839835,0.8152033433438846,17.71,-7.503787878787879,4.0,2.368699,8,264,60.0,120.0,119.0,128.0,150.0,148.0,148.0,146.0,59.988773,119.974987,254.261299,2160,297,363,//qar7000185/GP0_UPLOAD/BOXER/CYLOM\KZ-04-84_CP-13\20201103\can_Tapper17-11-03-14-46-46.pcap.gz
41,2020-11-03 15:43:37.308069,can_tapper17,"rgb(255,255,51)",PG1_est,128.0,114.0,118.0,10.9375,100.0,130.0,-2.954392424174036,1500,-35.019999999991406,-5.019999999991406,100.0,4.0,212.0,208.0,1.035833,0.004807692307692308,0.00673076923076923,0.005769230769230769,synchronized_peak_current_voltage_drop,0.5400000000094636,1.0000000000001563,2.0171482422437275,143.13371786177774,0.8144957663553657,5972,8.875739644970414,2.054009677981684,17.875,-6.565853658536585,59.0,2.039178,7,205,60.0,120.0,116.0,117.0,145.0,145.0,143.0,144.0,59.956043,119.948197,1215.189739,2160,248,344,//qar7000185/GP0_UPLOAD/BOXER/CYLOM\KZ-04-84_CP-13\20201103\can_Tapper17-11-03-14-46-46.pcap.gz
41,2020-11-03 15:43:37.308069,can_tapper17,"rgb(255,255,51)",PG2,129.0,117.0,117.0,9.30232558139535,100.0,130.0,-1.6707207425421138,1500,-35.019999999991406,-5.019999999991406,100.0,4.0,212.0,208.0,1.035833,0.005769230769230769,0.005769230769230769,0.00625,synchronized_peak_current_voltage_drop,0.9800000000095324,1.0200000000001594,2.0171482422437275,142.5458640155288,0.8247762360535267,5950,6.11439842209073,0.8959966079192004,17.875,-6.565853658536585,59.0,2.039178,7,205,60.0,120.0,117.0,124.0,143.0,143.0,142.0,142.0,59.956043,119.948197,1215.189739,2160,248,344,//qar7000185/GP0_UPLOAD/BOXER/CYLOM\KZ-04-84_CP-13\20201103\can_Tapper17-11-03-14-46-46.pcap.gz
41,2020-11-03 15:43:37.308069,can_tapper17,"rgb(255,255,51)",PG3_est,129.0,117.0,117.0,9.30232558139535,100.0,130.0,-1.6924451966420297,1500,-35.019999999991406,-5.019999999991406,100.0,4.0,212.0,208.0,1.035833,0.005769230769230769,0.005769230769230769,0.00625,synchronized_peak_current_voltage_drop,0.9400000000095261,1.0000000000001563,1.7887444673306678,146.0384603140311,0.5653975091286084,5952,3.5196687370600412,1.0301850261453784,17.875,-6.565853658536585,59.0,2.039178,7,205,60.0,120.0,117.0,126.0,150.0,151.0,148.0,147.0,59.956043,119.948197,1215.189739,2160,248,344,//qar7000185/GP0_UPLOAD/BOXER/CYLOM\KZ-04-84_CP-13\20201103\can_Tapper17-11-03-14-46-46.pcap.gz
41,2020-11-03 15:43:37.308069,can_tapper17,"rgb(255,255,51)",PG4,129.0,117.0,117.0,9.30232558139535,100.0,130.0,-1.6924451966420297,1500,-35.019999999991406,-5.019999999991406,100.0,4.0,212.0,208.0,1.035833,0.005769230769230769,0.005769230769230769,0.00625,synchronized_peak_current_voltage_drop,0.9400000000095261,1.0000000000001563,1.7887444673306678,146.0384603140311,0.5653975091286084,5952,3.5196687370600412,1.0301850261453784,17.875,-6.565853658536585,59.0,2.039178,7,205,60.0,120.0,117.0,126.0,150.0,151.0,148.0,147.0,59.956043,119.948197,1215.189739,2160,248,344,//qar7000185/GP0_UPLOAD/BOXER/CYLOM\KZ-04-84_CP-13\20201103\can_Tapper17-11-03-14-46-46.pcap.gz
42,2020-11-04 08:39:45.969937,can_tapper17,"rgb(166,86,40)",PG1_est,125.0,112.0,126.0,10.4,90.0,126.0,-3.896303953912391,1500,-35.019999999991406,-5.019999999991406,95.0,1.0,259.0,258.0,0.851856,,0.0050387596899224806,,synchronized_peak_current_voltage_drop,1.240000000009573,0.4600000000000719,1.7887444673306678,143.78323593693915,0.7123161687770423,5937,9.090909090909092,2.253773730684826,13.505,-4.156794425087108,5.0,2.253582,8,287,60.0,120.0,113.0,124.0,145.0,144.0,144.0,143.0,59.962051,119.919322,60968.661868,2160,388,529,//qar7000185/GP0_UPLOAD/BOXER/CYLOM\KZ-04-84_CP-13\20201103\can_Tapper17-11-04-07-46-46.pcap.gz
42,2020-11-04 08:39:45.969937,can_tapper17,"rgb(166,86,40)",PG2,125.0,112.0,112.0,10.4,90.0,126.0,-1.9604453157527082,1500,-35.019999999991406,-5.019999999991406,95.0,1.0,259.0,258.0,0.851856,0.0050387596899224806,0.0050387596899224806,0.005426356589147287,synchronized_peak_current_voltage_drop,0.7400000000094948,1.0000000000001563,1.7887444673306678,142.14436181015725,0.8468958381567222,5962,3.0303030303030303,0.7933643145429893,13.505,-4.156794425087108,5.0,2.253582,8,287,60.0,120.0,112.0,123.0,143.0,140.0,142.0,143.0,59.962051,119.919322,60968.661868,2160,388,529,//qar7000185/GP0_UPLOAD/BOXER/CYLOM\KZ-04-84_CP-13\20201103\can_Tapper17-11-04-07-46-46.pcap.gz
42,2020-11-04 08:39:45.969937,can_tapper17,"rgb(166,86,40)",PG3_est,125.0,112.0,112.0,10.4,90.0,126.0,2.9232752156300525e-13,1500,-35.019999999991406,-5.019999999991406,95.0,1.0,259.0,258.0,0.851856,0.0050387596899224806,0.0050387596899224806,0.005426356589147287,synchronized_peak_current_voltage_drop,0.7400000000094948,1.0000000000001563,2.0171482422437275,148.91940862403385,0.7957307302049315,5962,3.0303030303030303,0.8178541104613568,13.505,-4.156794425087108,5.0,2.253582,8,287,60.0,120.0,112.0,123.0,149.0,150.0,150.0,149.0,59.962051,119.919322,60968.661868,2160,388,529,//qar7000185/GP0_UPLOAD/BOXER/CYLOM\KZ-04-84_CP-13\20201103\can_Tapper17-11-04-07-46-46.pcap.gz
42,2020-11-04 08:39:45.969937,can_tapper17,"rgb(166,86,40)",PG4,125.0,112.0,112.0,10.4,90.0,126.0,2.9232752156300525e-13,1500,-35.019999999991406,-5.019999999991406,95.0,1.0,259.0,258.0,0.851856,0.0050387596899224806,0.0050387596899224806,0.005426356589147287,synchronized_peak_current_voltage_drop,0.7400000000094948,1.0000000000001563,2.0171482422437275,148.91940862403385,0.7957307302049315,5962,3.0303030303030303,0.8178541104613568,13.505,-4.156794425087108,5.0,2.253582,8,287,60.0,120.0,112.0,123.0,149.0,150.0,150.0,149.0,59.962051,119.919322,60968.661868,2160,388,529,//qar7000185/GP0_UPLOAD/BOXER/CYLOM\KZ-04-84_CP-13\20201103\can_Tapper17-11-04-07-46-46.pcap.gz
43,2020-11-04 08:52:12.815445,can_tapper17,"rgb(247,129,191)",PG1_est,124.0,112.0,125.0,9.67741935483871,78.00000000000004,124.0,-0.26347567265571487,1500,-35.019999999991406,-5.019999999991406,78.00000000000004,12.0,178.0,166.0,0.934345,,0.007228915662650602,,synchronized_peak_current_voltage_drop,1.3000000000095824,0.160000000000025,1.5862030873085784,142.3134510124767,0.697111601592268,5934,4.602510460251046,1.4276431358512451,13.62,-9.693798449612403,13.0,2.933396,8,258,60.0,120.0,113.0,123.0,146.0,146.0,142.0,142.0,59.924953,119.887337,746.845508,2158,351,496,//qar7000185/GP0_UPLOAD/BOXER/CYLOM\KZ-04-84_CP-13\20201103\can_Tapper17-11-04-08-46-46.pcap.gz
43,2020-11-04 08:52:12.815445,can_tapper17,"rgb(247,129,191)",PG2,124.0,115.0,118.0,7.258064516129033,78.00000000000004,125.0,-2.0406320180581123,1500,-35.019999999991406,-5.019999999991406,90.0,12.0,178.0,166.0,0.934345,0.003614457831325301,0.005421686746987952,0.004216867469879518,synchronized_peak_current_voltage_drop,1.0400000000095417,0.26000000000004064,2.27471676670449,142.97548169763922,0.8489654079840276,5947,2.3655913978494625,0.745872362879642,13.62,-9.693798449612403,13.0,2.933396,8,258,60.0,120.0,118.0,123.0,144.0,142.0,143.0,143.0,59.924953,119.887337,746.845508,2158,351,496,//qar7000185/GP0_UPLOAD/BOXER/CYLOM\KZ-04-84_CP-13\20201103\can_Tapper17-11-04-08-46-46.pcap.gz
43,2020-11-04 08:52:12.815445,can_tapper17,"rgb(247,129,191)",PG3_est,124.0,114.0,118.0,8.064516129032258,78.00000000000004,125.0,-2.152374289943998,1500,-35.019999999991406,-5.019999999991406,90.0,12.0,178.0,166.0,0.934345,0.003614457831325301,0.006024096385542169,0.004216867469879518,synchronized_peak_current_voltage_drop,1.0600000000095449,0.5000000000000782,2.0171482422437275,147.2675973990392,0.7176694562592856,5946,2.092050209205021,0.6207211965904914,13.62,-9.693798449612403,13.0,2.933396,8,258,60.0,120.0,118.0,122.0,147.0,151.0,149.0,147.0,59.924953,119.887337,746.845508,2158,351,496,//qar7000185/GP0_UPLOAD/BOXER/CYLOM\KZ-04-84_CP-13\20201103\can_Tapper17-11-04-08-46-46.pcap.gz
43,2020-11-04 08:52:12.815445,can_tapper17,"rgb(247,129,191)",PG4,124.0,114.0,118.0,8.064516129032258,78.00000000000004,125.0,-2.152374289943998,1500,-35.019999999991406,-5.019999999991406,90.0,12.0,178.0,166.0,0.934345,0.003614457831325301,0.006024096385542169,0.004216867469879518,synchronized_peak_current_voltage_drop,1.0600000000095449,0.5000000000000782,2.0171482422437275,147.2675973990392,0.7176694562592856,5946,2.092050209205021,0.6207211965904914,13.62,-9.693798449612403,13.0,2.933396,8,258,60.0,120.0,118.0,122.0,147.0,151.0,149.0,147.0,59.924953,119.887337,746.845508,2158,351,496,//qar7000185/GP0_UPLOAD/BOXER/CYLOM\KZ-04-84_CP-13\20201103\can_Tapper17-11-04-08-46-46.pcap.gz
44,2020-11-04 10:41:13.245758,can_tapper17,"rgb(153,153,153)",PG1_est,124.0,104.0,112.0,16.129032258064516,78.00000000000004,125.0,0.7439114417381617,1500,-35.019999999991406,-5.019999999991406,90.0,0.0,328.0,328.0,0.65456,0.0036585365853658534,0.006097560975609756,0.0039634146341463415,synchronized_peak_current_voltage_drop,0.600000000009473,0.5000000000000782,2.0171482422437275,141.9510138819285,0.8063223119240495,5969,13.304721030042918,1.801746760152694,13.8,-10.4,54.0,2.058608,7,215,60.0,120.0,112.0,118.0,144.0,141.0,142.0,142.0,59.883349,119.928808,6540.430313,2158,383,382,//qar7000185/GP0_UPLOAD/BOXER/CYLOM\KZ-04-84_CP-13\20201103\can_Tapper17-11-04-09-46-46.pcap.gz
44,2020-11-04 10:41:13.245758,can_tapper17,"rgb(153,153,153)",PG2,125.0,110.0,110.0,12.0,90.0,126.0,-2.4426766411889735,1500,-35.019999999991406,-5.019999999991406,95.0,0.0,328.0,328.0,0.65456,0.004573170731707317,0.004573170731707317,0.004878048780487805,synchronized_peak_current_voltage_drop,0.6400000000094792,1.5000000000002345,2.565174071178317,144.30965611333227,0.8860897942225969,5967,7.762557077625571,0.9712880775937234,13.8,-10.4,54.0,2.058608,7,215,60.0,120.0,110.0,118.0,144.0,142.0,144.0,145.0,59.883349,119.928808,6540.430313,2158,383,382,//qar7000185/GP0_UPLOAD/BOXER/CYLOM\KZ-04-84_CP-13\20201103\can_Tapper17-11-04-09-46-46.pcap.gz
44,2020-11-04 10:41:13.245758,can_tapper17,"rgb(153,153,153)",PG3_est,125.0,108.0,108.0,13.600000000000001,90.0,126.0,-1.749662999849948,1500,-35.019999999991406,-5.019999999991406,95.0,0.0,328.0,328.0,0.65456,0.005182926829268293,0.005182926829268293,0.005487804878048781,synchronized_peak_current_voltage_drop,0.5000000000094573,1.5200000000002376,2.27471676670449,148.13010817209263,0.8059182611937762,5974,7.296137339055794,0.82447862971228,13.8,-10.4,54.0,2.058608,7,215,60.0,120.0,114.0,118.0,147.0,148.0,150.0,149.0,59.883349,119.928808,6540.430313,2158,383,382,//qar7000185/GP0_UPLOAD/BOXER/CYLOM\KZ-04-84_CP-13\20201103\can_Tapper17-11-04-09-46-46.pcap.gz
44,2020-11-04 10:41:13.245758,can_tapper17,"rgb(153,153,153)",PG4,125.0,108.0,108.0,13.600000000000001,90.0,126.0,-1.749662999849948,1500,-35.019999999991406,-5.019999999991406,95.0,0.0,328.0,328.0,0.65456,0.005182926829268293,0.005182926829268293,0.005487804878048781,synchronized_peak_current_voltage_drop,0.5000000000094573,1.5200000000002376,2.27471676670449,148.13010817209263,0.8059182611937762,5974,7.296137339055794,0.82447862971228,13.8,-10.4,54.0,2.058608,7,215,60.0,120.0,114.0,118.0,147.0,148.0,150.0,149.0,59.883349,119.928808,6540.430313,2158,383,382,//qar7000185/GP0_UPLOAD/BOXER/CYLOM\KZ-04-84_CP-13\20201103\can_Tapper17-11-04-09-46-46.pcap.gz
45,2020-11-04 13:19:20.903561,can_tapper17,"rgb(228,26,28)",PG1_est,125.0,112.0,137.0,10.4,90.0,127.0,-1.0050048911129938,1500,-35.019999999991406,-5.019999999991406,100.0,1.0,226.0,225.0,0.788262,,0.005777777777777778,,synchronized_peak_current_voltage_drop,1.240000000009573,0.5800000000000907,1.7887444673306678,141.3837833748982,0.4688543500009972,5937,14.884696016771489,1.8295643566049673,15.444999999999999,-10.796019900497512,5.0,2.284199,8,201,60.0,120.0,114.0,123.0,143.0,148.0,141.0,141.0,59.978471,119.979211,9487.657803,2160,247,442,//qar7000185/GP0_UPLOAD/BOXER/CYLOM\KZ-04-84_CP-13\20201103\can_Tapper17-11-04-12-46-46.pcap.gz
45,2020-11-04 13:19:20.903561,can_tapper17,"rgb(228,26,28)",PG2,126.0,114.0,114.0,9.523809523809524,95.0,126.0,0.4269424119748458,1500,-35.019999999991406,-5.019999999991406,95.0,1.0,226.0,225.0,0.788262,0.005333333333333333,0.005333333333333333,0.005333333333333333,synchronized_peak_current_voltage_drop,0.7400000000094948,1.0000000000001563,2.565174071178317,142.96818005311226,0.5976168878717387,5962,5.660377358490566,1.008711294249973,15.444999999999999,-10.796019900497512,5.0,2.284199,8,201,60.0,120.0,114.0,123.0,143.0,137.0,143.0,143.0,59.978471,119.979211,9487.657803,2160,247,442,//qar7000185/GP0_UPLOAD/BOXER/CYLOM\KZ-04-84_CP-13\20201103\can_Tapper17-11-04-12-46-46.pcap.gz
45,2020-11-04 13:19:20.903561,can_tapper17,"rgb(228,26,28)",PG3_est,126.0,113.0,113.0,10.317460317460316,95.0,127.0,-2.3891743951880913,1500,-35.019999999991406,-5.019999999991406,100.0,1.0,226.0,225.0,0.788262,0.005777777777777778,0.005777777777777778,0.006222222222222222,synchronized_peak_current_voltage_drop,0.6600000000094823,1.0000000000001563,2.565174071178317,145.96438240059462,0.5770330648827369,5966,5.241090146750524,0.8636795453065814,15.444999999999999,-10.796019900497512,5.0,2.284199,8,201,60.0,120.0,113.0,123.0,147.0,148.0,146.0,146.0,59.978471,119.979211,9487.657803,2160,247,442,//qar7000185/GP0_UPLOAD/BOXER/CYLOM\KZ-04-84_CP-13\20201103\can_Tapper17-11-04-12-46-46.pcap.gz
45,2020-11-04 13:19:20.903561,can_tapper17,"rgb(228,26,28)",PG4,126.0,113.0,113.0,10.317460317460316,95.0,127.0,-2.3891743951880913,1500,-35.019999999991406,-5.019999999991406,100.0,1.0,226.0,225.0,0.788262,0.005777777777777778,0.005777777777777778,0.006222222222222222,synchronized_peak_current_voltage_drop,0.6600000000094823,1.0000000000001563,2.565174071178317,145.96438240059462,0.5770330648827369,5966,5.241090146750524,0.8636795453065814,15.444999999999999,-10.796019900497512,5.0,2.284199,8,201,60.0,120.0,113.0,123.0,147.0,148.0,146.0,146.0,59.978471,119.979211,9487.657803,2160,247,442,//qar7000185/GP0_UPLOAD/BOXER/CYLOM\KZ-04-84_CP-13\20201103\can_Tapper17-11-04-12-46-46.pcap.gz
46,2020-11-04 15:24:08.913977,can_tapper17,"rgb(55,126,184)",PG1_est,126.0,113.0,126.0,10.317460317460316,95.0,127.0,-1.6558940692857644,1500,-35.019999999991406,-5.019999999991406,100.0,0.0,299.0,299.0,0.719617,,0.004347826086956522,0.0003344481605351171,synchronized_peak_current_voltage_drop,0.5600000000094667,0.12000000000001876,2.565174071178317,142.35587527640462,0.7815737469695502,5971,8.855291576673865,1.4945095421805894,16.45,-8.545064377682403,54.0,2.2258,6,233,60.0,120.0,113.0,119.0,143.0,143.0,141.0,142.0,59.955726,119.960062,7488.010416,2160,353,444,//qar7000185/GP0_UPLOAD/BOXER/CYLOM\KZ-04-84_CP-13\20201103\can_Tapper17-11-04-14-46-46.pcap.gz
46,2020-11-04 15:24:08.913977,can_tapper17,"rgb(55,126,184)",PG2,126.0,113.0,113.0,10.317460317460316,95.0,127.0,-2.266694340752217,1500,-35.019999999991406,-5.019999999991406,100.0,0.0,299.0,299.0,0.719617,0.004347826086956522,0.004347826086956522,0.0046822742474916385,synchronized_peak_current_voltage_drop,0.6800000000094855,1.5000000000002345,2.27471676670449,143.52987236836498,0.8775311975728227,5965,5.660377358490566,0.897474497379204,16.45,-8.545064377682403,54.0,2.2258,6,233,60.0,120.0,113.0,119.0,145.0,144.0,144.0,143.0,59.955726,119.960062,7488.010416,2160,353,444,//qar7000185/GP0_UPLOAD/BOXER/CYLOM\KZ-04-84_CP-13\20201103\can_Tapper17-11-04-14-46-46.pcap.gz
46,2020-11-04 15:24:08.913977,can_tapper17,"rgb(55,126,184)",PG3_est,126.0,112.0,112.0,11.11111111111111,95.0,127.0,0.3184801415468308,1500,-35.019999999991406,-5.019999999991406,100.0,0.0,299.0,299.0,0.719617,0.0046822742474916385,0.0046822742474916385,0.005016722408026756,synchronized_peak_current_voltage_drop,0.7000000000094886,1.5000000000002345,2.27471676670449,146.93132328172217,0.8268155930185364,5964,3.239740820734341,0.5697497869381033,16.45,-8.545064377682403,54.0,2.2258,6,233,60.0,120.0,112.0,119.0,147.0,150.0,148.0,147.0,59.955726,119.960062,7488.010416,2160,353,444,//qar7000185/GP0_UPLOAD/BOXER/CYLOM\KZ-04-84_CP-13\20201103\can_Tapper17-11-04-14-46-46.pcap.gz
46,2020-11-04 15:24:08.913977,can_tapper17,"rgb(55,126,184)",PG4,126.0,112.0,112.0,11.11111111111111,95.0,127.0,0.3184801415468308,1500,-35.019999999991406,-5.019999999991406,100.0,0.0,299.0,299.0,0.719617,0.0046822742474916385,0.0046822742474916385,0.005016722408026756,synchronized_peak_current_voltage_drop,0.7000000000094886,1.5000000000002345,2.27471676670449,146.93132328172217,0.8268155930185364,5964,3.239740820734341,0.5697497869381033,16.45,-8.545064377682403,54.0,2.2258,6,233,60.0,120.0,112.0,119.0,147.0,150.0,148.0,147.0,59.955726,119.960062,7488.010416,2160,353,444,//qar7000185/GP0_UPLOAD/BOXER/CYLOM\KZ-04-84_CP-13\20201103\can_Tapper17-11-04-14-46-46.pcap.gz
47,2020-11-05 08:18:01.119219,can_tapper17,"rgb(77,175,74)",PG1_est,125.0,112.0,125.0,10.4,90.0,126.0,-0.4921246631663984,1500,-35.019999999991406,-5.019999999991406,95.0,0.0,336.0,336.0,0.6596,,0.003869047619047619,0.00029761904761904765,synchronized_peak_current_voltage_drop,0.5200000000094605,0.06000000000000938,2.27471676670449,143.26688898154117,0.7510812782656284,5973,9.409190371991247,2.1502021998038834,14.191666666666668,-3.2509225092250924,7.0,2.659421,8,271,60.0,120.0,112.0,123.0,144.0,143.0,144.0,143.0,59.862749,119.942301,60832.205242,2158,298,489,//qar7000185/GP0_UPLOAD/BOXER/CYLOM\KZ-04-84_CP-13\20201103\can_Tapper17-11-05-07-46-46.pcap.gz
47,2020-11-05 08:18:01.119219,can_tapper17,"rgb(77,175,74)",PG2,125.0,112.0,112.0,10.4,90.0,126.0,-1.0572804699023206,1500,-35.019999999991406,-5.019999999991406,95.0,0.0,336.0,336.0,0.6596,0.003869047619047619,0.003869047619047619,0.004166666666666667,synchronized_peak_current_voltage_drop,0.5800000000094698,1.0000000000001563,2.0171482422437275,142.8706822270045,0.846050795879119,5970,2.6694045174537986,0.6650294745655978,14.191666666666668,-3.2509225092250924,7.0,2.659421,8,271,60.0,120.0,112.0,123.0,144.0,140.0,142.0,143.0,59.862749,119.942301,60832.205242,2158,298,489,//qar7000185/GP0_UPLOAD/BOXER/CYLOM\KZ-04-84_CP-13\20201103\can_Tapper17-11-05-07-46-46.pcap.gz
47,2020-11-05 08:18:01.119219,can_tapper17,"rgb(77,175,74)",PG3_est,126.0,110.0,110.0,12.698412698412698,95.0,126.0,2.9232752156300525e-13,1500,-35.019999999991406,-5.019999999991406,95.0,0.0,336.0,336.0,0.6596,0.004761904761904762,0.004761904761904762,0.004761904761904762,synchronized_peak_current_voltage_drop,0.5800000000094698,1.0000000000001563,2.0171482422437275,146.46363316173023,0.7654221630869127,5970,3.719912472647702,0.8756397347163394,14.191666666666668,-3.2509225092250924,7.0,2.659421,8,271,60.0,120.0,110.0,123.0,146.0,148.0,148.0,147.0,59.862749,119.942301,60832.205242,2158,298,489,//qar7000185/GP0_UPLOAD/BOXER/CYLOM\KZ-04-84_CP-13\20201103\can_Tapper17-11-05-07-46-46.pcap.gz
47,2020-11-05 08:18:01.119219,can_tapper17,"rgb(77,175,74)",PG4,126.0,110.0,110.0,12.698412698412698,95.0,126.0,2.9232752156300525e-13,1500,-35.019999999991406,-5.019999999991406,95.0,0.0,336.0,336.0,0.6596,0.004761904761904762,0.004761904761904762,0.004761904761904762,synchronized_peak_current_voltage_drop,0.5800000000094698,1.0000000000001563,2.0171482422437275,146.46363316173023,0.7654221630869127,5970,3.719912472647702,0.8756397347163394,14.191666666666668,-3.2509225092250924,7.0,2.659421,8,271,60.0,120.0,110.0,123.0,146.0,148.0,148.0,147.0,59.862749,119.942301,60832.205242,2158,298,489,//qar7000185/GP0_UPLOAD/BOXER/CYLOM\KZ-04-84_CP-13\20201103\can_Tapper17-11-05-07-46-46.pcap.gz
48,2020-11-05 10:41:05.688536,can_tapper17,"rgb(152,78,163)",PG1_est,124.0,105.0,105.0,15.32258064516129,78.00000000000004,125.0,-3.1937347527702755,1500,-35.019999999991406,-5.019999999991406,90.0,0.0,325.0,325.0,0.664701,0.0058461538461538455,0.0058461538461538455,0.006153846153846154,synchronized_peak_current_voltage_drop,0.6600000000094823,0.5000000000000782,1.7887444673306678,141.60768347533198,0.7820365020223536,5966,12.57995735607676,2.486088691807432,13.866666666666665,-14.435406698564593,9.0,2.261018,7,209,60.0,120.0,108.0,123.0,144.0,141.0,141.0,141.0,59.978824,119.949049,8584.569317,2160,363,426,//qar7000185/GP0_UPLOAD/BOXER/CYLOM\KZ-04-84_CP-13\20201103\can_Tapper17-11-05-09-46-46.pcap.gz
48,2020-11-05 10:41:05.688536,can_tapper17,"rgb(152,78,163)",PG2,125.0,110.0,117.0,12.0,90.0,125.0,-1.3422228187656313,1500,-35.019999999991406,-5.019999999991406,90.0,0.0,325.0,325.0,0.664701,0.0024615384615384616,0.004615384615384616,0.0024615384615384616,synchronized_peak_current_voltage_drop,0.7200000000094917,0.7400000000001157,2.0171482422437275,143.58564031063253,0.853827899144244,5963,6.212424849699399,1.0129162670833998,13.866666666666665,-14.435406698564593,9.0,2.261018,7,209,60.0,120.0,114.0,122.0,144.0,142.0,144.0,144.0,59.978824,119.949049,8584.569317,2160,363,426,//qar7000185/GP0_UPLOAD/BOXER/CYLOM\KZ-04-84_CP-13\20201103\can_Tapper17-11-05-09-46-46.pcap.gz
48,2020-11-05 10:41:05.688536,can_tapper17,"rgb(152,78,163)",PG3_est,125.0,110.0,110.0,12.0,90.0,126.0,-3.638659394959138,1500,-35.019999999991406,-5.019999999991406,95.0,0.0,325.0,325.0,0.664701,0.004615384615384616,0.004615384615384616,0.004923076923076923,synchronized_peak_current_voltage_drop,0.5200000000094605,1.0000000000001563,2.0171482422437275,145.30797989791634,0.8052702725572387,5973,6.183368869936034,0.889350255371559,13.866666666666665,-14.435406698564593,9.0,2.261018,7,209,60.0,120.0,110.0,122.0,147.0,147.0,146.0,145.0,59.978824,119.949049,8584.569317,2160,363,426,//qar7000185/GP0_UPLOAD/BOXER/CYLOM\KZ-04-84_CP-13\20201103\can_Tapper17-11-05-09-46-46.pcap.gz
48,2020-11-05 10:41:05.688536,can_tapper17,"rgb(152,78,163)",PG4,125.0,110.0,110.0,12.0,90.0,126.0,-3.638659394959138,1500,-35.019999999991406,-5.019999999991406,95.0,0.0,325.0,325.0,0.664701,0.004615384615384616,0.004615384615384616,0.004923076923076923,synchronized_peak_current_voltage_drop,0.5200000000094605,1.0000000000001563,2.0171482422437275,145.30797989791634,0.8052702725572387,5973,6.183368869936034,0.889350255371559,13.866666666666665,-14.435406698564593,9.0,2.261018,7,209,60.0,120.0,110.0,122.0,147.0,147.0,146.0,145.0,59.978824,119.949049,8584.569317,2160,363,426,//qar7000185/GP0_UPLOAD/BOXER/CYLOM\KZ-04-84_CP-13\20201103\can_Tapper17-11-05-09-46-46.pcap.gz
49,2020-11-05 11:01:37.205906,can_tapper17,"rgb(255,127,0)",PG1_est,124.0,114.0,122.0,8.064516129032258,78.00000000000004,124.0,0.10609782493256337,1500,-35.019999999991406,-5.019999999991406,78.00000000000004,8.0,209.0,201.0,0.962524,0.0009950248756218907,0.004975124378109453,0.0009950248756218907,synchronized_peak_current_voltage_drop,0.7400000000094948,0.10000000000001563,2.0171482422437275,141.7070817219407,0.7239459006359689,5962,5.785123966942149,1.861210357237663,14.226190476190476,-13.983333333333333,12.0,2.060131,7,240,60.0,120.0,115.0,124.0,147.0,142.0,140.0,141.0,59.907149,119.90415,1231.51737,2158,339,661,//qar7000185/GP0_UPLOAD/BOXER/CYLOM\KZ-04-84_CP-13\20201103\can_Tapper17-11-05-10-46-46.pcap.gz
49,2020-11-05 11:01:37.205906,can_tapper17,"rgb(255,127,0)",PG2,124.0,114.0,114.0,8.064516129032258,78.00000000000004,125.0,-0.10609782493221098,1500,-35.019999999991406,-5.019999999991406,90.0,8.0,209.0,201.0,0.962524,0.004975124378109453,0.004975124378109453,0.005472636815920398,synchronized_peak_current_voltage_drop,0.8400000000095105,0.5000000000000782,2.0171482422437275,143.42375166547953,0.831436483284514,5957,5.785123966942149,0.7404462113591964,14.226190476190476,-13.983333333333333,12.0,2.060131,7,240,60.0,120.0,114.0,121.0,145.0,142.0,144.0,144.0,59.907149,119.90415,1231.51737,2158,339,661,//qar7000185/GP0_UPLOAD/BOXER/CYLOM\KZ-04-84_CP-13\20201103\can_Tapper17-11-05-10-46-46.pcap.gz
49,2020-11-05 11:01:37.205906,can_tapper17,"rgb(255,127,0)",PG3_est,124.0,113.0,113.0,8.870967741935484,78.00000000000004,125.0,4.156167692041187e-14,1500,-35.019999999991406,-5.019999999991406,90.0,8.0,209.0,201.0,0.962524,0.005472636815920398,0.005472636815920398,0.005970149253731343,synchronized_peak_current_voltage_drop,0.8600000000095136,1.0000000000001563,2.0171482422437275,145.74108374371284,0.7925334311306618,5956,2.479338842975207,0.9336241322550347,14.226190476190476,-13.983333333333333,12.0,2.060131,7,240,60.0,120.0,113.0,123.0,148.0,147.0,147.0,145.0,59.907149,119.90415,1231.51737,2158,339,661,//qar7000185/GP0_UPLOAD/BOXER/CYLOM\KZ-04-84_CP-13\20201103\can_Tapper17-11-05-10-46-46.pcap.gz
49,2020-11-05 11:01:37.205906,can_tapper17,"rgb(255,127,0)",PG4,124.0,113.0,113.0,8.870967741935484,78.00000000000004,125.0,4.156167692041187e-14,1500,-35.019999999991406,-5.019999999991406,90.0,8.0,209.0,201.0,0.962524,0.005472636815920398,0.005472636815920398,0.005970149253731343,synchronized_peak_current_voltage_drop,0.8600000000095136,1.0000000000001563,2.0171482422437275,145.74108374371284,0.7925334311306618,5956,2.479338842975207,0.9336241322550347,14.226190476190476,-13.983333333333333,12.0,2.060131,7,240,60.0,120.0,113.0,123.0,148.0,147.0,147.0,145.0,59.907149,119.90415,1231.51737,2158,339,661,//qar7000185/GP0_UPLOAD/BOXER/CYLOM\KZ-04-84_CP-13\20201103\can_Tapper17-11-05-10-46-46.pcap.gz
50,2020-11-05 11:16:13.147779,can_tapper17,"rgb(255,255,51)",PG1_est,127.0,110.0,114.0,13.385826771653544,100.0,127.0,-0.26311122804888426,1500,-35.019999999991406,-5.019999999991406,100.0,0.0,237.0,237.0,1.004699,0.005485232067510549,0.007172995780590717,0.005485232067510549,synchronized_peak_current_voltage_drop,0.8400000000095105,1.0000000000001563,2.0171482422437275,142.10917116738966,0.7998062184961948,5957,6.183368869936034,1.7244357996821806,14.361666666666668,-12.407766990291263,18.0,2.007176,7,206,60.0,120.0,114.0,119.0,142.0,143.0,142.0,141.0,59.941358,119.93785,875.941873,2159,305,506,//qar7000185/GP0_UPLOAD/BOXER/CYLOM\KZ-04-84_CP-13\20201103\can_Tapper17-11-05-10-46-46.pcap.gz
50,2020-11-05 11:16:13.147779,can_tapper17,"rgb(255,255,51)",PG2,126.0,115.0,115.0,8.73015873015873,95.0,127.0,1.6527483802237072e-14,1500,-35.019999999991406,-5.019999999991406,100.0,0.0,237.0,237.0,1.004699,0.004641350210970465,0.004641350210970465,0.005063291139240506,synchronized_peak_current_voltage_drop,0.9600000000095292,1.0000000000001563,2.0171482422437275,143.76604029659916,0.871354360582687,5951,4.417670682730924,1.1193624440936822,14.361666666666668,-12.407766990291263,18.0,2.007176,7,206,60.0,120.0,115.0,124.0,144.0,143.0,143.0,144.0,59.941358,119.93785,875.941873,2159,305,506,//qar7000185/GP0_UPLOAD/BOXER/CYLOM\KZ-04-84_CP-13\20201103\can_Tapper17-11-05-10-46-46.pcap.gz
50,2020-11-05 11:16:13.147779,can_tapper17,"rgb(255,255,51)",PG3_est,127.0,114.0,120.0,10.236220472440944,100.0,127.0,1.6527483802237072e-14,1500,-35.019999999991406,-5.019999999991406,100.0,0.0,237.0,237.0,1.004699,0.002953586497890295,0.005485232067510549,0.002953586497890295,synchronized_peak_current_voltage_drop,1.0200000000095386,0.7400000000001157,2.0171482422437275,145.30806963877188,0.8388947275920344,5948,2.345415778251599,0.7238863788973589,14.361666666666668,-12.407766990291263,18.0,2.007176,7,206,60.0,120.0,120.0,121.0,145.0,146.0,146.0,145.0,59.941358,119.93785,875.941873,2159,305,506,//qar7000185/GP0_UPLOAD/BOXER/CYLOM\KZ-04-84_CP-13\20201103\can_Tapper17-11-05-10-46-46.pcap.gz
50,2020-11-05 11:16:13.147779,can_tapper17,"rgb(255,255,51)",PG4,127.0,114.0,120.0,10.236220472440944,100.0,127.0,1.6527483802237072e-14,1500,-35.019999999991406,-5.019999999991406,100.0,0.0,237.0,237.0,1.004699,0.002953586497890295,0.005485232067510549,0.002953586497890295,synchronized_peak_current_voltage_drop,1.0200000000095386,0.7400000000001157,2.0171482422437275,145.30806963877188,0.8388947275920344,5948,2.345415778251599,0.7238863788973589,14.361666666666668,-12.407766990291263,18.0,2.007176,7,206,60.0,120.0,120.0,121.0,145.0,146.0,146.0,145.0,59.941358,119.93785,875.941873,2159,305,506,//qar7000185/GP0_UPLOAD/BOXER/CYLOM\KZ-04-84_CP-13\20201103\can_Tapper17-11-05-10-46-46.pcap.gz
51,2020-11-05 13:31:26.712546,can_tapper17,"rgb(166,86,40)",PG1_est,123.0,108.0,118.0,12.195121951219512,68.33333333333339,124.0,-3.871530609568595,1500,-35.019999999991406,-5.019999999991406,78.00000000000004,0.0,336.0,336.0,0.712027,0.001488095238095238,0.004464285714285714,0.0017857142857142857,synchronized_peak_current_voltage_drop,1.0400000000095417,0.5600000000000875,2.0171482422437275,141.75181833058667,0.710063541186909,5947,10.375275938189846,1.3349353963018553,15.967857142857145,-18.62559241706161,13.0,2.212601,8,211,60.0,120.0,111.0,121.0,144.0,138.0,141.0,142.0,59.852154,119.96535,8113.564767,2158,315,418,//qar7000185/GP0_UPLOAD/BOXER/CYLOM\KZ-04-84_CP-13\20220621\can_Tapper17-11-05-12-46-46.pcap.gz
51,2020-11-05 13:31:26.712546,can_tapper17,"rgb(166,86,40)",PG2,124.0,110.0,117.0,11.29032258064516,78.00000000000004,125.0,-4.391077507144774,1500,-35.019999999991406,-5.019999999991406,90.0,0.0,336.0,336.0,0.712027,0.0020833333333333333,0.004166666666666667,0.002380952380952381,synchronized_peak_current_voltage_drop,0.8000000000095042,0.7400000000001157,2.27471676670449,142.81125489913975,0.766251054822357,5959,5.645161290322581,1.1641920151559868,15.967857142857145,-18.62559241706161,13.0,2.212601,8,211,60.0,120.0,110.0,121.0,145.0,139.0,143.0,142.0,59.852154,119.96535,8113.564767,2158,315,418,//qar7000185/GP0_UPLOAD/BOXER/CYLOM\KZ-04-84_CP-13\20220621\can_Tapper17-11-05-12-46-46.pcap.gz
51,2020-11-05 13:31:26.712546,can_tapper17,"rgb(166,86,40)",PG3_est,124.0,109.0,109.0,12.096774193548388,78.00000000000004,125.0,-3.5840815929248113,1500,-35.019999999991406,-5.019999999991406,90.0,0.0,336.0,336.0,0.712027,0.004464285714285714,0.004464285714285714,0.004761904761904762,synchronized_peak_current_voltage_drop,0.600000000009473,1.0000000000001563,2.27471676670449,143.37397009892155,0.7625104205293389,5969,3.752759381898455,0.8101104669666174,15.967857142857145,-18.62559241706161,13.0,2.212601,8,211,60.0,120.0,109.0,118.0,146.0,140.0,143.0,143.0,59.852154,119.96535,8113.564767,2158,315,418,//qar7000185/GP0_UPLOAD/BOXER/CYLOM\KZ-04-84_CP-13\20220621\can_Tapper17-11-05-12-46-46.pcap.gz
51,2020-11-05 13:31:26.712546,can_tapper17,"rgb(166,86,40)",PG4,124.0,109.0,109.0,12.096774193548388,78.00000000000004,125.0,-3.5840815929248113,1500,-35.019999999991406,-5.019999999991406,90.0,0.0,336.0,336.0,0.712027,0.004464285714285714,0.004464285714285714,0.004761904761904762,synchronized_peak_current_voltage_drop,0.600000000009473,1.0000000000001563,2.27471676670449,143.37397009892155,0.7625104205293389,5969,3.752759381898455,0.8101104669666174,15.967857142857145,-18.62559241706161,13.0,2.212601,8,211,60.0,120.0,109.0,118.0,146.0,140.0,143.0,143.0,59.852154,119.96535,8113.564767,2158,315,418,//qar7000185/GP0_UPLOAD/BOXER/CYLOM\KZ-04-84_CP-13\20220621\can_Tapper17-11-05-12-46-46.pcap.gz
52,2020-11-05 14:07:15.447015,can_tapper17,"rgb(247,129,191)",PG1_est,127.0,114.0,114.0,10.236220472440944,100.0,127.0,-3.547903799067183,1500,-35.019999999991406,-5.019999999991406,100.0,0.0,363.0,363.0,0.634124,0.0035812672176308543,0.0035812672176308543,0.0035812672176308543,synchronized_peak_current_voltage_drop,0.6400000000094792,1.0000000000001563,58.350444692249376,123.07502997602788,0.468193373140087,5967,7.172995780590718,1.1293142544771486,15.975,-0.6857142857142857,12.0,2.040716,8,280,60.0,120.0,114.0,123.0,144.0,143.0,138.0,127.0,59.806449,119.976174,2148.734469,2158,421,619,//qar7000185/GP0_UPLOAD/BOXER/CYLOM\KZ-04-84_CP-13\20220621\can_Tapper17-11-05-13-46-46.pcap.gz
52,2020-11-05 14:07:15.447015,can_tapper17,"rgb(247,129,191)",PG2,127.0,113.0,113.0,11.023622047244094,100.0,127.0,-1.3297783687898885,1500,-35.019999999991406,-5.019999999991406,100.0,0.0,363.0,363.0,0.634124,0.0038567493112947656,0.0038567493112947656,0.0038567493112947656,synchronized_peak_current_voltage_drop,0.6400000000094792,1.0000000000001563,58.350444692249376,122.77577333098941,0.49553571273345765,5967,7.172995780590718,1.3860387541560264,15.975,-0.6857142857142857,12.0,2.040716,8,280,60.0,120.0,113.0,124.0,145.0,143.0,138.0,128.0,59.806449,119.976174,2148.734469,2158,421,619,//qar7000185/GP0_UPLOAD/BOXER/CYLOM\KZ-04-84_CP-13\20220621\can_Tapper17-11-05-13-46-46.pcap.gz
52,2020-11-05 14:07:15.447015,can_tapper17,"rgb(247,129,191)",PG3_est,127.0,110.0,110.0,13.385826771653544,100.0,127.0,-1.7790941240415974,1500,-35.019999999991406,-5.019999999991406,100.0,0.0,363.0,363.0,0.634124,0.004683195592286501,0.004683195592286501,0.004683195592286501,synchronized_peak_current_voltage_drop,0.5800000000094698,1.5000000000002345,65.80118015445542,121.77641519321712,0.47586887113082976,5970,7.172995780590718,1.1841936702341818,15.975,-0.6857142857142857,12.0,2.040716,8,280,60.0,120.0,114.0,120.0,145.0,144.0,142.0,128.0,59.806449,119.976174,2148.734469,2158,421,619,//qar7000185/GP0_UPLOAD/BOXER/CYLOM\KZ-04-84_CP-13\20220621\can_Tapper17-11-05-13-46-46.pcap.gz
52,2020-11-05 14:07:15.447015,can_tapper17,"rgb(247,129,191)",PG4,127.0,110.0,110.0,13.385826771653544,100.0,127.0,-1.7790941240415974,1500,-35.019999999991406,-5.019999999991406,100.0,0.0,363.0,363.0,0.634124,0.004683195592286501,0.004683195592286501,0.004683195592286501,synchronized_peak_current_voltage_drop,0.5800000000094698,1.5000000000002345,65.80118015445542,121.77641519321712,0.47586887113082976,5970,7.172995780590718,1.1841936702341818,15.975,-0.6857142857142857,12.0,2.040716,8,280,60.0,120.0,114.0,120.0,145.0,144.0,142.0,128.0,59.806449,119.976174,2148.734469,2158,421,619,//qar7000185/GP0_UPLOAD/BOXER/CYLOM\KZ-04-84_CP-13\20220621\can_Tapper17-11-05-13-46-46.pcap.gz
53,2020-11-05 14:23:50.405561,can_tapper17,"rgb(153,153,153)",PG1_est,126.0,106.0,116.0,15.873015873015872,95.0,126.0,-4.2743130108047005,1500,-35.019999999991406,-5.019999999991406,95.0,0.0,471.0,471.0,0.512726,0.0021231422505307855,0.004246284501061571,0.0021231422505307855,synchronized_peak_current_voltage_drop,0.3200000000094292,1.5000000000002345,119.99999999999996,116.77442434057748,0.456019216715542,5983,11.666666666666666,1.8797730958811796,16.16,-6.615942028985507,12.0,2.014153,8,276,60.0,120.0,111.0,121.0,145.0,142.0,142.0,130.0,59.863657,119.9993,994.958546,2160,427,562,//qar7000185/GP0_UPLOAD/BOXER/CYLOM\KZ-04-84_CP-13\20220621\can_Tapper17-11-05-13-46-46.pcap.gz
53,2020-11-05 14:23:50.405561,can_tapper17,"rgb(153,153,153)",PG2,126.0,106.0,116.0,15.873015873015872,95.0,126.0,-0.14288895239469018,1500,-35.019999999991406,-5.019999999991406,95.0,0.0,471.0,471.0,0.512726,0.0021231422505307855,0.004246284501061571,0.0021231422505307855,synchronized_peak_current_voltage_drop,0.5800000000094698,1.260000000000197,119.99999999999996,115.41105822649476,0.4888990790789969,5970,7.826086956521739,2.0525262366388204,16.16,-6.615942028985507,12.0,2.014153,8,276,60.0,120.0,111.0,122.0,145.0,144.0,144.0,131.0,59.863657,119.9993,994.958546,2160,427,562,//qar7000185/GP0_UPLOAD/BOXER/CYLOM\KZ-04-84_CP-13\20220621\can_Tapper17-11-05-13-46-46.pcap.gz
53,2020-11-05 14:23:50.405561,can_tapper17,"rgb(153,153,153)",PG3_est,126.0,115.0,124.0,8.73015873015873,95.0,126.0,-0.7639558950910303,1500,-35.019999999991406,-5.019999999991406,95.0,0.0,471.0,471.0,0.512726,0.0004246284501061571,0.0023354564755838645,0.0004246284501061571,synchronized_peak_current_voltage_drop,1.0400000000095417,1.0000000000001563,119.99999999999996,114.05370044749067,0.5568275365272837,5947,6.783369803063457,1.8388462544112516,16.16,-6.615942028985507,12.0,2.014153,8,276,60.0,120.0,119.0,118.0,146.0,145.0,144.0,131.0,59.863657,119.9993,994.958546,2160,427,562,//qar7000185/GP0_UPLOAD/BOXER/CYLOM\KZ-04-84_CP-13\20220621\can_Tapper17-11-05-13-46-46.pcap.gz
53,2020-11-05 14:23:50.405561,can_tapper17,"rgb(153,153,153)",PG4,126.0,115.0,124.0,8.73015873015873,95.0,126.0,-0.7639558950910303,1500,-35.019999999991406,-5.019999999991406,95.0,0.0,471.0,471.0,0.512726,0.0004246284501061571,0.0023354564755838645,0.0004246284501061571,synchronized_peak_current_voltage_drop,1.0400000000095417,1.0000000000001563,119.99999999999996,114.05370044749067,0.5568275365272837,5947,6.783369803063457,1.8388462544112516,16.16,-6.615942028985507,12.0,2.014153,8,276,60.0,120.0,119.0,118.0,146.0,145.0,144.0,131.0,59.863657,119.9993,994.958546,2160,427,562,//qar7000185/GP0_UPLOAD/BOXER/CYLOM\KZ-04-84_CP-13\20220621\can_Tapper17-11-05-13-46-46.pcap.gz
54,2020-11-05 14:59:13.682523,can_tapper17,"rgb(228,26,28)",PG1_est,124.0,105.0,117.0,15.32258064516129,78.00000000000004,124.0,-0.4643024285785965,1500,-35.019999999991406,-5.019999999991406,78.00000000000004,0.0,314.0,314.0,0.78185,0.0022292993630573248,0.006050955414012738,0.0022292993630573248,synchronized_peak_current_voltage_drop,0.8200000000095073,0.5000000000000782,2.0171482422437275,142.6146632053095,0.7585120473364599,5958,5.732484076433121,1.2618539049221726,16.48333333333333,-20.703389830508474,12.0,2.2761,7,236,60.0,120.0,112.0,121.0,145.0,142.0,143.0,143.0,59.859314,119.987838,2123.276962,2159,381,704,//qar7000185/GP0_UPLOAD/BOXER/CYLOM\KZ-04-84_CP-13\20220621\can_Tapper17-11-05-14-46-46.pcap.gz
54,2020-11-05 14:59:13.682523,can_tapper17,"rgb(228,26,28)",PG2,124.0,111.0,118.0,10.483870967741936,78.00000000000004,125.0,3.1605525158007386,1500,-35.019999999991406,-5.019999999991406,90.0,0.0,314.0,314.0,0.78185,0.001910828025477707,0.004140127388535032,0.0022292993630573248,synchronized_peak_current_voltage_drop,0.8600000000095136,0.7600000000001188,2.0171482422437275,143.68122910324556,0.810945509293368,5956,6.067415730337078,0.9319327853967558,16.48333333333333,-20.703389830508474,12.0,2.2761,7,236,60.0,120.0,111.0,122.0,146.0,144.0,144.0,144.0,59.859314,119.987838,2123.276962,2159,381,704,//qar7000185/GP0_UPLOAD/BOXER/CYLOM\KZ-04-84_CP-13\20220621\can_Tapper17-11-05-14-46-46.pcap.gz
54,2020-11-05 14:59:13.682523,can_tapper17,"rgb(228,26,28)",PG3_est,124.0,111.0,118.0,10.483870967741936,78.00000000000004,125.0,1.60714738095413,1500,-35.019999999991406,-5.019999999991406,90.0,0.0,314.0,314.0,0.78185,0.001910828025477707,0.004140127388535032,0.0022292993630573248,synchronized_peak_current_voltage_drop,0.8000000000095042,1.0000000000001563,1.7887444673306678,143.90299349532077,0.7879191451469174,5959,2.8446389496717726,0.3705963993261945,16.48333333333333,-20.703389830508474,12.0,2.2761,7,236,60.0,120.0,111.0,122.0,147.0,146.0,145.0,144.0,59.859314,119.987838,2123.276962,2159,381,704,//qar7000185/GP0_UPLOAD/BOXER/CYLOM\KZ-04-84_CP-13\20220621\can_Tapper17-11-05-14-46-46.pcap.gz
54,2020-11-05 14:59:13.682523,can_tapper17,"rgb(228,26,28)",PG4,124.0,111.0,118.0,10.483870967741936,78.00000000000004,125.0,1.60714738095413,1500,-35.019999999991406,-5.019999999991406,90.0,0.0,314.0,314.0,0.78185,0.001910828025477707,0.004140127388535032,0.0022292993630573248,synchronized_peak_current_voltage_drop,0.8000000000095042,1.0000000000001563,1.7887444673306678,143.90299349532077,0.7879191451469174,5959,2.8446389496717726,0.3705963993261945,16.48333333333333,-20.703389830508474,12.0,2.2761,7,236,60.0,120.0,111.0,122.0,147.0,146.0,145.0,144.0,59.859314,119.987838,2123.276962,2159,381,704,//qar7000185/GP0_UPLOAD/BOXER/CYLOM\KZ-04-84_CP-13\20220621\can_Tapper17-11-05-14-46-46.pcap.gz
55,2020-11-06 10:27:06.517385,can_tapper17,"rgb(55,126,184)",PG1_est,125.0,114.0,126.0,8.799999999999999,90.0,126.0,0.07011558671837317,1500,-35.019999999991406,-5.019999999991406,95.0,4.5,245.0,240.5,0.83947,,0.004573804573804574,,synchronized_peak_current_voltage_drop,0.6800000000094855,0.10000000000001563,119.99999999999996,117.85966595335258,0.49107053197049966,5965,8.620689655172415,1.8596605352019222,14.275,-5.252380952380952,8.0,2.245415,6,210,60.0,120.0,114.0,123.0,145.0,142.0,143.0,131.0,59.958674,119.995494,70072.834862,2160,285,509,//qar7000185/GP0_UPLOAD/BOXER/CYLOM\KZ-04-84_CP-13\20220621\can_Tapper17-11-06-09-46-46.pcap.gz
55,2020-11-06 10:27:06.517385,can_tapper17,"rgb(55,126,184)",PG2,126.0,114.0,114.0,9.523809523809524,95.0,127.0,-2.874481277546422,1500,-35.019999999991406,-5.019999999991406,100.0,4.5,245.0,240.5,0.83947,0.004989604989604989,0.004989604989604989,0.005405405405405406,synchronized_peak_current_voltage_drop,0.7800000000095011,1.0000000000001563,119.99999999999996,118.79245831501733,0.45914818713005856,5960,5.439330543933054,1.2214669342533973,14.275,-5.252380952380952,8.0,2.245415,6,210,60.0,120.0,114.0,123.0,145.0,141.0,143.0,131.0,59.958674,119.995494,70072.834862,2160,285,509,//qar7000185/GP0_UPLOAD/BOXER/CYLOM\KZ-04-84_CP-13\20220621\can_Tapper17-11-06-09-46-46.pcap.gz
55,2020-11-06 10:27:06.517385,can_tapper17,"rgb(55,126,184)",PG3_est,126.0,112.0,112.0,11.11111111111111,95.0,127.0,-2.8483212659198545,1500,-35.019999999991406,-5.019999999991406,100.0,4.5,245.0,240.5,0.83947,0.005821205821205821,0.005821205821205821,0.006237006237006237,synchronized_peak_current_voltage_drop,0.8400000000095105,1.0000000000001563,119.99999999999996,117.69398248328886,0.5114884420588283,5957,3.4482758620689653,0.8346887998423586,14.275,-5.252380952380952,8.0,2.245415,6,210,60.0,120.0,112.0,123.0,146.0,144.0,143.0,132.0,59.958674,119.995494,70072.834862,2160,285,509,//qar7000185/GP0_UPLOAD/BOXER/CYLOM\KZ-04-84_CP-13\20220621\can_Tapper17-11-06-09-46-46.pcap.gz
55,2020-11-06 10:27:06.517385,can_tapper17,"rgb(55,126,184)",PG4,126.0,112.0,112.0,11.11111111111111,95.0,127.0,-2.8483212659198545,1500,-35.019999999991406,-5.019999999991406,100.0,4.5,245.0,240.5,0.83947,0.005821205821205821,0.005821205821205821,0.006237006237006237,synchronized_peak_current_voltage_drop,0.8400000000095105,1.0000000000001563,119.99999999999996,117.69398248328886,0.5114884420588283,5957,3.4482758620689653,0.8346887998423586,14.275,-5.252380952380952,8.0,2.245415,6,210,60.0,120.0,112.0,123.0,146.0,144.0,143.0,132.0,59.958674,119.995494,70072.834862,2160,285,509,//qar7000185/GP0_UPLOAD/BOXER/CYLOM\KZ-04-84_CP-13\20220621\can_Tapper17-11-06-09-46-46.pcap.gz
56,2020-11-06 11:26:38.789095,can_tapper17,"rgb(77,175,74)",PG1_est,125.0,115.0,115.0,8.0,90.0,126.0,-0.922551521133781,1500,-35.019999999991406,-5.019999999991406,95.0,8.0,145.0,137.0,0.973695,0.0072992700729927005,0.0072992700729927005,0.008029197080291971,synchronized_peak_current_voltage_drop,0.9000000000095199,0.5000000000000782,1.7887444673306678,142.01896165380327,0.8161394207004071,3977,3.1578947368421053,1.1471214489303148,14.183333333333332,-11.128571428571428,8.0,2.070624,7,140,60.0,120.0,115.0,122.0,143.0,142.0,142.0,142.0,59.870673,78.563201,3572.27171,1662,239,639,//qar7000185/GP0_UPLOAD/BOXER/CYLOM\KZ-04-84_CP-13\20220621\can_Tapper17-11-06-10-46-46.pcap.gz
56,2020-11-06 11:26:38.789095,can_tapper17,"rgb(77,175,74)",PG2,125.0,117.0,120.0,6.4,90.0,126.0,-1.221298320576794,1500,-35.019999999991406,-5.019999999991406,95.0,8.0,145.0,137.0,0.973695,0.0036496350364963502,0.005839416058394161,0.00437956204379562,synchronized_peak_current_voltage_drop,1.0600000000095449,0.24000000000003752,2.0171482422437275,143.0351636950348,0.8423177270652773,3969,2.345415778251599,0.42164263569791466,14.183333333333332,-11.128571428571428,8.0,2.070624,7,140,60.0,120.0,120.0,122.0,144.0,142.0,143.0,143.0,59.870673,78.563201,3572.27171,1662,239,639,//qar7000185/GP0_UPLOAD/BOXER/CYLOM\KZ-04-84_CP-13\20220621\can_Tapper17-11-06-10-46-46.pcap.gz
56,2020-11-06 11:26:38.789095,can_tapper17,"rgb(77,175,74)",PG3_est,125.0,117.0,120.0,6.4,90.0,126.0,-0.2528534457123439,1500,-35.019999999991406,-5.019999999991406,95.0,8.0,145.0,137.0,0.973695,0.0036496350364963502,0.005839416058394161,0.00437956204379562,synchronized_peak_current_voltage_drop,1.0400000000095417,0.26000000000004064,1.7887444673306678,142.93967873666358,0.7802021731720782,3970,1.0526315789473684,0.3670037989402939,14.183333333333332,-11.128571428571428,8.0,2.070624,7,140,60.0,120.0,120.0,122.0,144.0,144.0,142.0,143.0,59.870673,78.563201,3572.27171,1662,239,639,//qar7000185/GP0_UPLOAD/BOXER/CYLOM\KZ-04-84_CP-13\20220621\can_Tapper17-11-06-10-46-46.pcap.gz
56,2020-11-06 11:26:38.789095,can_tapper17,"rgb(77,175,74)",PG4,125.0,117.0,120.0,6.4,90.0,126.0,-0.2528534457123439,1500,-35.019999999991406,-5.019999999991406,95.0,8.0,145.0,137.0,0.973695,0.0036496350364963502,0.005839416058394161,0.00437956204379562,synchronized_peak_current_voltage_drop,1.0400000000095417,0.26000000000004064,1.7887444673306678,142.93967873666358,0.7802021731720782,3970,1.0526315789473684,0.3670037989402939,14.183333333333332,-11.128571428571428,8.0,2.070624,7,140,60.0,120.0,120.0,122.0,144.0,144.0,142.0,143.0,59.870673,78.563201,3572.27171,1662,239,639,//qar7000185/GP0_UPLOAD/BOXER/CYLOM\KZ-04-84_CP-13\20220621\can_Tapper17-11-06-10-46-46.pcap.gz
57,2020-11-10 13:21:33.653975,can_tapper17,"rgb(152,78,163)",PG1_est,127.0,105.0,109.0,17.322834645669293,100.0,127.0,0.6763380783726011,1500,-35.019999999991406,-5.019999999991406,100.0,18.0,350.0,332.0,1.235186,0.005421686746987952,0.006626506024096386,0.005421686746987952,synchronized_peak_current_voltage_drop,0.8400000000095105,1.0000000000001563,2.892719705486028,143.99473585306964,0.899422509555052,5957,12.368972746331236,2.8104395022014916,8.0,-8.289562289562289,19.0,3.83013,3,297,60.0,120.0,113.0,123.0,132.0,142.0,143.0,143.0,59.821247,119.981981,352494.86488,2158,424,601,//qar7000185/GP0_UPLOAD/BOXER/CYLOM\KZ-04-84_CP-13\20220621\can_Tapper17-11-10-13-16-10.pcap.gz
57,2020-11-10 13:21:33.653975,can_tapper17,"rgb(152,78,163)",PG2,127.0,111.0,115.0,12.598425196850393,100.0,128.0,-0.6763380783720612,1500,-35.019999999991406,-5.019999999991406,100.0,18.0,350.0,332.0,1.235186,0.003614457831325301,0.004819277108433735,0.00391566265060241,synchronized_peak_current_voltage_drop,0.8800000000095167,0.7400000000001157,2.565174071178317,142.0137672211394,0.8833692460429519,5955,6.25,0.6935612291640588,8.0,-8.289562289562289,19.0,3.83013,3,297,60.0,120.0,111.0,124.0,133.0,141.0,142.0,142.0,59.821247,119.981981,352494.86488,2158,424,601,//qar7000185/GP0_UPLOAD/BOXER/CYLOM\KZ-04-84_CP-13\20220621\can_Tapper17-11-10-13-16-10.pcap.gz
57,2020-11-10 13:21:33.653975,can_tapper17,"rgb(152,78,163)",PG3_est,127.0,112.0,115.0,11.811023622047244,100.0,128.0,0.04288890795089379,1500,-35.019999999991406,-5.019999999991406,100.0,18.0,350.0,332.0,1.235186,0.003614457831325301,0.004518072289156626,0.00391566265060241,synchronized_peak_current_voltage_drop,0.6200000000094761,1.0000000000001563,2.892719705486028,144.39033630683502,0.8839406585241244,5968,6.079664570230608,1.0827799073097915,8.0,-8.289562289562289,19.0,3.83013,3,297,60.0,120.0,112.0,123.0,140.0,143.0,145.0,144.0,59.821247,119.981981,352494.86488,2158,424,601,//qar7000185/GP0_UPLOAD/BOXER/CYLOM\KZ-04-84_CP-13\20220621\can_Tapper17-11-10-13-16-10.pcap.gz
57,2020-11-10 13:21:33.653975,can_tapper17,"rgb(152,78,163)",PG4,127.0,112.0,115.0,11.811023622047244,100.0,128.0,0.04288890795089379,1500,-35.019999999991406,-5.019999999991406,100.0,18.0,350.0,332.0,1.235186,0.003614457831325301,0.004518072289156626,0.00391566265060241,synchronized_peak_current_voltage_drop,0.6200000000094761,1.0000000000001563,2.892719705486028,144.39033630683502,0.8839406585241244,5968,6.079664570230608,1.0827799073097915,8.0,-8.289562289562289,19.0,3.83013,3,297,60.0,120.0,112.0,123.0,140.0,143.0,145.0,144.0,59.821247,119.981981,352494.86488,2158,424,601,//qar7000185/GP0_UPLOAD/BOXER/CYLOM\KZ-04-84_CP-13\20220621\can_Tapper17-11-10-13-16-10.pcap.gz
58,2020-11-10 13:47:10.581301,can_tapper17,"rgb(255,127,0)",PG1_est,125.0,109.0,116.0,12.8,90.0,126.0,-5.0381355725038945,1500,-35.019999999991406,-5.019999999991406,95.0,19.0,345.0,326.0,1.522342,0.0027607361963190185,0.0049079754601227,0.003067484662576687,synchronized_peak_current_voltage_drop,1.1600000000095605,0.5000000000000782,1.7887444673306678,143.57718021926755,0.7798441639663137,5941,5.394190871369295,1.0727010454096426,8.066666666666666,-11.677524429967427,182.0,2.018921,4,307,60.0,120.0,118.0,120.0,144.0,143.0,144.0,144.0,59.990145,119.914261,1536.927326,2160,390,497,//qar7000185/GP0_UPLOAD/BOXER/CYLOM\KZ-04-84_CP-13\20220621\can_Tapper17-11-10-13-16-10.pcap.gz
58,2020-11-10 13:47:10.581301,can_tapper17,"rgb(255,127,0)",PG2,126.0,113.0,115.0,10.317460317460316,95.0,126.0,-3.5492993552429777,1500,-35.019999999991406,-5.019999999991406,95.0,19.0,345.0,326.0,1.522342,0.0033742331288343563,0.003987730061349694,0.0033742331288343563,synchronized_peak_current_voltage_drop,1.2200000000095699,0.7400000000001157,1.7887444673306678,141.89022952761525,0.8004093308816386,5938,3.7362637362637363,0.8250501042186837,8.066666666666666,-11.677524429967427,182.0,2.018921,4,307,60.0,120.0,118.0,120.0,144.0,141.0,141.0,142.0,59.990145,119.914261,1536.927326,2160,390,497,//qar7000185/GP0_UPLOAD/BOXER/CYLOM\KZ-04-84_CP-13\20220621\can_Tapper17-11-10-13-16-10.pcap.gz
58,2020-11-10 13:47:10.581301,can_tapper17,"rgb(255,127,0)",PG3_est,126.0,114.0,117.0,9.523809523809524,95.0,126.0,-3.6355571713578354,1500,-35.019999999991406,-5.019999999991406,95.0,19.0,345.0,326.0,1.522342,0.0027607361963190185,0.0036809815950920245,0.0027607361963190185,synchronized_peak_current_voltage_drop,0.9800000000095324,1.0000000000001563,2.0171482422437275,144.7786499990802,0.848484129174526,5950,2.074688796680498,0.5320134073137588,8.066666666666666,-11.677524429967427,182.0,2.018921,4,307,60.0,120.0,114.0,120.0,145.0,144.0,145.0,145.0,59.990145,119.914261,1536.927326,2160,390,497,//qar7000185/GP0_UPLOAD/BOXER/CYLOM\KZ-04-84_CP-13\20220621\can_Tapper17-11-10-13-16-10.pcap.gz
58,2020-11-10 13:47:10.581301,can_tapper17,"rgb(255,127,0)",PG4,126.0,114.0,117.0,9.523809523809524,95.0,126.0,-3.6355571713578354,1500,-35.019999999991406,-5.019999999991406,95.0,19.0,345.0,326.0,1.522342,0.0027607361963190185,0.0036809815950920245,0.0027607361963190185,synchronized_peak_current_voltage_drop,0.9800000000095324,1.0000000000001563,2.0171482422437275,144.7786499990802,0.848484129174526,5950,2.074688796680498,0.5320134073137588,8.066666666666666,-11.677524429967427,182.0,2.018921,4,307,60.0,120.0,114.0,120.0,145.0,144.0,145.0,145.0,59.990145,119.914261,1536.927326,2160,390,497,//qar7000185/GP0_UPLOAD/BOXER/CYLOM\KZ-04-84_CP-13\20220621\can_Tapper17-11-10-13-16-10.pcap.gz
59,2020-11-12 08:32:24.076323,can_tapper17,"rgb(255,255,51)",PG1_est,125.0,105.0,114.0,16.0,90.0,125.0,0.3712090538709212,1500,-35.019999999991406,-5.019999999991406,90.0,0.0,380.0,380.0,1.220075,0.0028947368421052633,0.005263157894736842,0.0028947368421052633,synchronized_peak_current_voltage_drop,0.920000000009523,0.7400000000001157,2.892719705486028,143.76556854647183,0.8865947256902676,5953,8.008213552361397,0.9274370926766664,9.74,-10.467455621301776,18.0,2.31715,3,338,60.0,120.0,112.0,122.0,138.0,142.0,144.0,144.0,59.988125,119.854774,153913.495022,2160,465,565,//qar7000185/GP0_UPLOAD/BOXER/CYLOM\KZ-04-84_CP-13\20220621\can_Tapper17-11-12-08-30-27.pcap.gz
59,2020-11-12 08:32:24.076323,can_tapper17,"rgb(255,255,51)",PG2,125.0,111.0,114.0,11.200000000000001,90.0,125.0,-0.8691914974180814,1500,-35.019999999991406,-5.019999999991406,90.0,0.0,380.0,380.0,1.220075,0.0028947368421052633,0.0036842105263157894,0.0028947368421052633,synchronized_peak_current_voltage_drop,0.9400000000095261,0.7400000000001157,2.565174071178317,142.05138622828756,0.8683407493087069,5952,6.067415730337078,0.6402673088873818,9.74,-10.467455621301776,18.0,2.31715,3,338,60.0,120.0,111.0,122.0,138.0,140.0,142.0,142.0,59.988125,119.854774,153913.495022,2160,465,565,//qar7000185/GP0_UPLOAD/BOXER/CYLOM\KZ-04-84_CP-13\20220621\can_Tapper17-11-12-08-30-27.pcap.gz
59,2020-11-12 08:32:24.076323,can_tapper17,"rgb(255,255,51)",PG3_est,125.0,111.0,116.0,11.200000000000001,90.0,125.0,-0.6597514043334848,1500,-35.019999999991406,-5.019999999991406,90.0,0.0,380.0,380.0,1.220075,0.002368421052631579,0.0036842105263157894,0.002368421052631579,synchronized_peak_current_voltage_drop,0.6800000000094855,1.0000000000001563,3.2620894576029285,145.3460941539677,0.8996957781053051,5965,3.2679738562091503,0.5922963810498224,9.74,-10.467455621301776,18.0,2.31715,3,338,60.0,120.0,111.0,122.0,133.0,144.0,146.0,145.0,59.988125,119.854774,153913.495022,2160,465,565,//qar7000185/GP0_UPLOAD/BOXER/CYLOM\KZ-04-84_CP-13\20220621\can_Tapper17-11-12-08-30-27.pcap.gz
59,2020-11-12 08:32:24.076323,can_tapper17,"rgb(255,255,51)",PG4,125.0,111.0,116.0,11.200000000000001,90.0,125.0,-0.6597514043334848,1500,-35.019999999991406,-5.019999999991406,90.0,0.0,380.0,380.0,1.220075,0.002368421052631579,0.0036842105263157894,0.002368421052631579,synchronized_peak_current_voltage_drop,0.6800000000094855,1.0000000000001563,3.2620894576029285,145.3460941539677,0.8996957781053051,5965,3.2679738562091503,0.5922963810498224,9.74,-10.467455621301776,18.0,2.31715,3,338,60.0,120.0,111.0,122.0,133.0,144.0,146.0,145.0,59.988125,119.854774,153913.495022,2160,465,565,//qar7000185/GP0_UPLOAD/BOXER/CYLOM\KZ-04-84_CP-13\20220621\can_Tapper17-11-12-08-30-27.pcap.gz
60,2020-11-12 14:40:45.476488,can_tapper17,"rgb(166,86,40)",PG1_est,125.0,106.0,125.0,15.2,90.0,126.0,2.2032187569862285,1500,-35.019999999991406,-5.019999999991406,95.0,13.0,427.0,414.0,0.452151,,0.004589371980676328,0.00024154589371980678,synchronized_peak_current_voltage_drop,0.28000000000942293,0.12000000000001876,2.27471676670449,142.89653061663273,0.8593264959850706,5985,12.396694214876034,3.152128432440157,11.125,-14.695081967213115,13.0,2.451577,5,305,60.0,120.0,108.0,118.0,144.0,142.0,142.0,143.0,59.870672,119.983494,22101.400165,2159,445,448,//qar7000185/GP0_UPLOAD/BOXER/CYLOM\KZ-04-84_CP-13\20220621\can_Tapper17-11-12-14-30-27.pcap.gz
60,2020-11-12 14:40:45.476488,can_tapper17,"rgb(166,86,40)",PG2,126.0,107.0,107.0,15.079365079365079,95.0,126.0,1.8752275001012704,1500,-35.019999999991406,-5.019999999991406,95.0,13.0,427.0,414.0,0.452151,0.004589371980676328,0.004589371980676328,0.004589371980676328,synchronized_peak_current_voltage_drop,0.4000000000094417,1.5000000000002345,2.0171482422437275,142.06220843571165,0.9029157596429527,5979,10.084033613445378,2.7122493460699597,11.125,-14.695081967213115,13.0,2.451577,5,305,60.0,120.0,114.0,123.0,144.0,142.0,142.0,142.0,59.870672,119.983494,22101.400165,2159,445,448,//qar7000185/GP0_UPLOAD/BOXER/CYLOM\KZ-04-84_CP-13\20220621\can_Tapper17-11-12-14-30-27.pcap.gz
60,2020-11-12 14:40:45.476488,can_tapper17,"rgb(166,86,40)",PG3_est,126.0,113.0,122.0,10.317460317460316,95.0,126.0,1.593227374768081,1500,-35.019999999991406,-5.019999999991406,95.0,13.0,427.0,414.0,0.452151,0.0009661835748792271,0.003140096618357488,0.0009661835748792271,synchronized_peak_current_voltage_drop,0.8000000000095042,1.0000000000001563,2.0171482422437275,144.04943905871536,0.8480733244565111,5959,6.783369803063457,1.6080350494851887,11.125,-14.695081967213115,13.0,2.451577,5,305,60.0,120.0,113.0,120.0,144.0,144.0,145.0,144.0,59.870672,119.983494,22101.400165,2159,445,448,//qar7000185/GP0_UPLOAD/BOXER/CYLOM\KZ-04-84_CP-13\20220621\can_Tapper17-11-12-14-30-27.pcap.gz
60,2020-11-12 14:40:45.476488,can_tapper17,"rgb(166,86,40)",PG4,126.0,113.0,122.0,10.317460317460316,95.0,126.0,1.593227374768081,1500,-35.019999999991406,-5.019999999991406,95.0,13.0,427.0,414.0,0.452151,0.0009661835748792271,0.003140096618357488,0.0009661835748792271,synchronized_peak_current_voltage_drop,0.8000000000095042,1.0000000000001563,2.0171482422437275,144.04943905871536,0.8480733244565111,5959,6.783369803063457,1.6080350494851887,11.125,-14.695081967213115,13.0,2.451577,5,305,60.0,120.0,113.0,120.0,144.0,144.0,145.0,144.0,59.870672,119.983494,22101.400165,2159,445,448,//qar7000185/GP0_UPLOAD/BOXER/CYLOM\KZ-04-84_CP-13\20220621\can_Tapper17-11-12-14-30-27.pcap.gz
61,2020-11-16 15:10:14.806015,can_tapper17,"rgb(247,129,191)",PG1_est,125.0,110.0,113.0,12.0,90.0,125.0,-0.2277778790121417,1500,-35.019999999991406,-5.019999999991406,90.0,0.0,344.0,344.0,1.522464,0.0034883720930232558,0.00436046511627907,0.0034883720930232558,synchronized_peak_current_voltage_drop,0.5000000000094573,1.5000000000002345,3.2620894576029285,144.1380923643764,0.8950006429211932,5974,5.781584582441114,0.9901380532531318,9.896666666666667,-9.72782874617737,181.0,2.021126,1,327,60.0,120.0,113.0,122.0,123.0,144.0,144.0,144.0,59.907154,119.942521,347369.329527,2160,417,414,//qar7000185/GP0_UPLOAD/BOXER/CYLOM\KZ-04-84_CP-13\20220621\can_Tapper17-11-16-15-07-58.pcap.gz
61,2020-11-16 15:10:14.806015,can_tapper17,"rgb(247,129,191)",PG2,124.0,109.0,116.0,12.096774193548388,78.00000000000004,125.0,4.156167692041187e-14,1500,-35.019999999991406,-5.019999999991406,90.0,0.0,344.0,344.0,1.522464,0.002325581395348837,0.00436046511627907,0.002616279069767442,synchronized_peak_current_voltage_drop,0.5000000000094573,1.5000000000002345,2.892719705486028,142.0990843397138,0.8925101984963946,5974,6.638115631691649,0.5258008376227696,9.896666666666667,-9.72782874617737,181.0,2.021126,1,327,60.0,120.0,112.0,121.0,123.0,142.0,142.0,142.0,59.907154,119.942521,347369.329527,2160,417,414,//qar7000185/GP0_UPLOAD/BOXER/CYLOM\KZ-04-84_CP-13\20220621\can_Tapper17-11-16-15-07-58.pcap.gz
61,2020-11-16 15:10:14.806015,can_tapper17,"rgb(247,129,191)",PG3_est,124.0,106.0,116.0,14.516129032258066,78.00000000000004,125.0,-0.07177780967905786,1500,-35.019999999991406,-5.019999999991406,90.0,0.0,344.0,344.0,1.522464,0.002325581395348837,0.005232558139534884,0.002616279069767442,synchronized_peak_current_voltage_drop,0.5200000000094605,1.5000000000002345,3.2620894576029285,145.8140818962247,0.9330484333687082,5973,6.209850107066381,0.6242187178155967,9.896666666666667,-9.72782874617737,181.0,2.021126,1,327,60.0,120.0,106.0,116.0,123.0,145.0,146.0,146.0,59.907154,119.942521,347369.329527,2160,417,414,//qar7000185/GP0_UPLOAD/BOXER/CYLOM\KZ-04-84_CP-13\20220621\can_Tapper17-11-16-15-07-58.pcap.gz
61,2020-11-16 15:10:14.806015,can_tapper17,"rgb(247,129,191)",PG4,124.0,106.0,116.0,14.516129032258066,78.00000000000004,125.0,-0.07177780967905786,1500,-35.019999999991406,-5.019999999991406,90.0,0.0,344.0,344.0,1.522464,0.002325581395348837,0.005232558139534884,0.002616279069767442,synchronized_peak_current_voltage_drop,0.5200000000094605,1.5000000000002345,3.2620894576029285,145.8140818962247,0.9330484333687082,5973,6.209850107066381,0.6242187178155967,9.896666666666667,-9.72782874617737,181.0,2.021126,1,327,60.0,120.0,106.0,116.0,123.0,145.0,146.0,146.0,59.907154,119.942521,347369.329527,2160,417,414,//qar7000185/GP0_UPLOAD/BOXER/CYLOM\KZ-04-84_CP-13\20220621\can_Tapper17-11-16-15-07-58.pcap.gz
62,2020-11-17 09:41:53.199878,can_tapper17,"rgb(153,153,153)",PG1_est,124.0,109.0,117.0,12.096774193548388,78.00000000000004,125.0,-2.636614505161355,1500,-35.019999999991406,-5.019999999991406,90.0,19.0,319.0,300.0,1.62743,0.002333333333333333,0.005,0.002666666666666667,synchronized_peak_current_voltage_drop,0.8200000000095073,1.260000000000197,2.892719705486028,142.7592481252291,0.8290173831280894,5958,9.090909090909092,1.885151862019972,13.263333333333332,-20.055555555555557,169.0,2.126631,1,324,60.0,120.0,109.0,117.0,123.0,146.0,143.0,142.0,59.964369,119.890029,66698.393863,2158,475,423,//qar7000185/GP0_UPLOAD/BOXER/CYLOM\KZ-04-84_CP-13\20220621\can_Tapper17-11-17-08-57-43.pcap.gz
62,2020-11-17 09:41:53.199878,can_tapper17,"rgb(153,153,153)",PG2,123.0,110.0,113.0,10.569105691056912,68.33333333333339,125.0,-4.176748522998733,1500,-35.019999999991406,-5.019999999991406,90.0,19.0,319.0,300.0,1.62743,0.0033333333333333335,0.004333333333333333,0.004,synchronized_peak_current_voltage_drop,0.6800000000094855,1.5200000000002376,3.2620894576029285,141.78817616736671,0.8755303288531762,5965,5.454545454545454,1.0843319753316918,13.263333333333332,-20.055555555555557,169.0,2.126631,1,324,60.0,120.0,110.0,116.0,122.0,142.0,141.0,142.0,59.964369,119.890029,66698.393863,2158,475,423,//qar7000185/GP0_UPLOAD/BOXER/CYLOM\KZ-04-84_CP-13\20220621\can_Tapper17-11-17-08-57-43.pcap.gz
62,2020-11-17 09:41:53.199878,can_tapper17,"rgb(153,153,153)",PG3_est,124.0,109.0,113.0,12.096774193548388,78.00000000000004,125.0,-3.2575658922509487,1500,-35.019999999991406,-5.019999999991406,90.0,19.0,319.0,300.0,1.62743,0.003666666666666667,0.005,0.004,synchronized_peak_current_voltage_drop,0.6400000000094792,1.5000000000002345,2.892719705486028,143.7774556689716,0.8851822743360493,5967,3.3259423503325944,0.6887005220437853,13.263333333333332,-20.055555555555557,169.0,2.126631,1,324,60.0,120.0,109.0,116.0,123.0,146.0,143.0,143.0,59.964369,119.890029,66698.393863,2158,475,423,//qar7000185/GP0_UPLOAD/BOXER/CYLOM\KZ-04-84_CP-13\20220621\can_Tapper17-11-17-08-57-43.pcap.gz
62,2020-11-17 09:41:53.199878,can_tapper17,"rgb(153,153,153)",PG4,124.0,109.0,113.0,12.096774193548388,78.00000000000004,125.0,-3.2575658922509487,1500,-35.019999999991406,-5.019999999991406,90.0,19.0,319.0,300.0,1.62743,0.003666666666666667,0.005,0.004,synchronized_peak_current_voltage_drop,0.6400000000094792,1.5000000000002345,2.892719705486028,143.7774556689716,0.8851822743360493,5967,3.3259423503325944,0.6887005220437853,13.263333333333332,-20.055555555555557,169.0,2.126631,1,324,60.0,120.0,109.0,116.0,123.0,146.0,143.0,143.0,59.964369,119.890029,66698.393863,2158,475,423,//qar7000185/GP0_UPLOAD/BOXER/CYLOM\KZ-04-84_CP-13\20220621\can_Tapper17-11-17-08-57-43.pcap.gz
63,2020-11-19 10:48:03.882452,can_tapper17,"rgb(228,26,28)",PG1_est,124.0,107.0,110.0,13.709677419354838,78.00000000000004,125.0,-0.33138681394954367,1500,-35.019999999991406,-5.019999999991406,90.0,0.0,382.0,382.0,1.439425,0.003664921465968586,0.004450261780104712,0.003926701570680628,synchronized_peak_current_voltage_drop,1.0600000000095449,1.0000000000001563,2.892719705486028,143.75102553818033,0.8868362658683586,5946,7.758620689655173,1.9995613794843894,10.925,-8.7874251497006,77.0,2.032274,4,334,60.0,120.0,125.0,113.0,123.0,145.0,144.0,144.0,59.856588,119.787604,176770.682574,2157,428,695,//qar7000185/GP0_UPLOAD/BOXER/CYLOM\KZ-04-84_CP-13\20220621\can_Tapper17-11-19-10-47-03.pcap.gz
63,2020-11-19 10:48:03.882452,can_tapper17,"rgb(228,26,28)",PG2,124.0,112.0,114.0,9.67741935483871,78.00000000000004,124.0,-2.9373435277078346,1500,-35.019999999991406,-5.019999999991406,78.00000000000004,0.0,382.0,382.0,1.439425,0.002617801047120419,0.0031413612565445023,0.002617801047120419,synchronized_peak_current_voltage_drop,1.080000000009548,0.7400000000001157,2.892719705486028,142.19961460517644,0.8738051888586503,5945,4.932735426008969,0.6466342644606996,10.925,-8.7874251497006,77.0,2.032274,4,334,60.0,120.0,117.0,118.0,123.0,145.0,142.0,142.0,59.856588,119.787604,176770.682574,2157,428,695,//qar7000185/GP0_UPLOAD/BOXER/CYLOM\KZ-04-84_CP-13\20220621\can_Tapper17-11-19-10-47-03.pcap.gz
63,2020-11-19 10:48:03.882452,can_tapper17,"rgb(228,26,28)",PG3_est,124.0,111.0,115.0,10.483870967741936,78.00000000000004,125.0,-1.0481693547418303,1500,-35.019999999991406,-5.019999999991406,90.0,0.0,382.0,382.0,1.439425,0.002356020942408377,0.003403141361256545,0.002617801047120419,synchronized_peak_current_voltage_drop,0.8200000000095073,1.5000000000002345,2.892719705486028,144.49225543872214,0.8965793016181554,5958,4.310344827586207,1.013971648733489,10.925,-8.7874251497006,77.0,2.032274,4,334,60.0,120.0,111.0,116.0,123.0,146.0,145.0,145.0,59.856588,119.787604,176770.682574,2157,428,695,//qar7000185/GP0_UPLOAD/BOXER/CYLOM\KZ-04-84_CP-13\20220621\can_Tapper17-11-19-10-47-03.pcap.gz
63,2020-11-19 10:48:03.882452,can_tapper17,"rgb(228,26,28)",PG4,124.0,111.0,115.0,10.483870967741936,78.00000000000004,125.0,-1.0481693547418303,1500,-35.019999999991406,-5.019999999991406,90.0,0.0,382.0,382.0,1.439425,0.002356020942408377,0.003403141361256545,0.002617801047120419,synchronized_peak_current_voltage_drop,0.8200000000095073,1.5000000000002345,2.892719705486028,144.49225543872214,0.8965793016181554,5958,4.310344827586207,1.013971648733489,10.925,-8.7874251497006,77.0,2.032274,4,334,60.0,120.0,111.0,116.0,123.0,146.0,145.0,145.0,59.856588,119.787604,176770.682574,2157,428,695,//qar7000185/GP0_UPLOAD/BOXER/CYLOM\KZ-04-84_CP-13\20220621\can_Tapper17-11-19-10-47-03.pcap.gz
64,2020-11-19 13:12:17.325795,can_tapper17,"rgb(55,126,184)",PG1_est,123.0,110.0,116.0,10.569105691056912,68.33333333333339,124.0,-8.560501582443855,1500,-35.019999999991406,-5.019999999991406,78.00000000000004,0.0,412.0,412.0,0.942209,0.0016990291262135922,0.003155339805825243,0.0019417475728155341,synchronized_peak_current_voltage_drop,0.9000000000095199,0.5000000000000782,3.2620894576029285,143.92083302494848,0.8204702217838027,5954,8.1419624217119,0.88348478869216,10.683333333333334,-10.374622356495468,22.0,2.040586,7,331,60.0,120.0,116.0,119.0,111.0,143.0,143.0,144.0,49.010305,119.840786,8653.443343,2028,406,495,//qar7000185/GP0_UPLOAD/BOXER/CYLOM\KZ-04-84_CP-13\20220621\can_Tapper17-11-19-13-11-28.pcap.gz
64,2020-11-19 13:12:17.325795,can_tapper17,"rgb(55,126,184)",PG2,124.0,115.0,115.0,7.258064516129033,78.00000000000004,124.0,-4.6218687208296245,1500,-35.019999999991406,-5.019999999991406,78.00000000000004,0.0,412.0,412.0,0.942209,0.002184466019417476,0.002184466019417476,0.002184466019417476,synchronized_peak_current_voltage_drop,0.920000000009523,0.5000000000000782,2.892719705486028,142.39489673037343,0.8500695819328119,5953,1.9189765458422174,0.6176266336499119,10.683333333333334,-10.374622356495468,22.0,2.040586,7,331,60.0,120.0,115.0,122.0,134.0,143.0,143.0,143.0,49.010305,119.840786,8653.443343,2028,406,495,//qar7000185/GP0_UPLOAD/BOXER/CYLOM\KZ-04-84_CP-13\20220621\can_Tapper17-11-19-13-11-28.pcap.gz
64,2020-11-19 13:12:17.325795,can_tapper17,"rgb(55,126,184)",PG3_est,124.0,116.0,116.0,6.451612903225806,78.00000000000004,124.0,-5.552233578769445,1500,-35.019999999991406,-5.019999999991406,78.00000000000004,0.0,412.0,412.0,0.942209,0.0019417475728155341,0.0019417475728155341,0.0019417475728155341,synchronized_peak_current_voltage_drop,0.920000000009523,0.5000000000000782,3.2620894576029285,145.00566025442737,0.8994877423869291,5953,3.549060542797495,0.5304783348050311,10.683333333333334,-10.374622356495468,22.0,2.040586,7,331,60.0,120.0,116.0,122.0,134.0,144.0,145.0,145.0,49.010305,119.840786,8653.443343,2028,406,495,//qar7000185/GP0_UPLOAD/BOXER/CYLOM\KZ-04-84_CP-13\20220621\can_Tapper17-11-19-13-11-28.pcap.gz
64,2020-11-19 13:12:17.325795,can_tapper17,"rgb(55,126,184)",PG4,124.0,116.0,116.0,6.451612903225806,78.00000000000004,124.0,-5.552233578769445,1500,-35.019999999991406,-5.019999999991406,78.00000000000004,0.0,412.0,412.0,0.942209,0.0019417475728155341,0.0019417475728155341,0.0019417475728155341,synchronized_peak_current_voltage_drop,0.920000000009523,0.5000000000000782,3.2620894576029285,145.00566025442737,0.8994877423869291,5953,3.549060542797495,0.5304783348050311,10.683333333333334,-10.374622356495468,22.0,2.040586,7,331,60.0,120.0,116.0,122.0,134.0,144.0,145.0,145.0,49.010305,119.840786,8653.443343,2028,406,495,//qar7000185/GP0_UPLOAD/BOXER/CYLOM\KZ-04-84_CP-13\20220621\can_Tapper17-11-19-13-11-28.pcap.gz
65,2020-11-23 09:13:59.083622,can_tapper17,"rgb(77,175,74)",PG1_est,124.0,111.0,129.0,10.483870967741936,78.00000000000004,126.0,-9.474315668464968,1127,-27.539999999994926,-5.019999999991406,95.0,18.0,464.0,446.0,0.820363,,0.002914798206278027,,synchronized_peak_current_voltage_drop,0.8400000000095105,0.5000000000000782,3.2620894576029285,143.70582127174248,0.883858766311398,5957,7.724425887265136,1.4404309205813877,8.15,-5.916666666666667,21.0,2.218855,7,348,60.0,120.0,116.0,122.0,133.0,144.0,144.0,144.0,25.560021,119.812284,331301.757827,1746,397,384,//qar7000185/GP0_UPLOAD/BOXER/CYLOM\KZ-04-84_CP-13\20220621\can_Tapper17-11-23-09-13-33.pcap.gz
65,2020-11-23 09:13:59.083622,can_tapper17,"rgb(77,175,74)",PG2,125.0,115.0,120.0,8.0,90.0,126.0,-4.0061637312101785,1127,-27.539999999994926,-5.019999999991406,95.0,18.0,464.0,446.0,0.820363,0.0011210762331838565,0.002242152466367713,0.0013452914798206277,synchronized_peak_current_voltage_drop,0.8600000000095136,1.0000000000001563,2.892719705486028,142.13542825193002,0.8719115292439525,5956,4.1214750542299345,0.4733156507846893,8.15,-5.916666666666667,21.0,2.218855,7,348,60.0,120.0,115.0,123.0,133.0,143.0,142.0,142.0,25.560021,119.812284,331301.757827,1746,397,384,//qar7000185/GP0_UPLOAD/BOXER/CYLOM\KZ-04-84_CP-13\20220621\can_Tapper17-11-23-09-13-33.pcap.gz
65,2020-11-23 09:13:59.083622,can_tapper17,"rgb(77,175,74)",PG3_est,125.0,115.0,115.0,8.0,90.0,126.0,-5.20680566973863,1127,-27.539999999994926,-5.019999999991406,95.0,18.0,464.0,446.0,0.820363,0.002242152466367713,0.002242152466367713,0.0024663677130044846,synchronized_peak_current_voltage_drop,0.600000000009473,1.0000000000001563,3.678623825607137,144.98343796602876,0.8957944102233883,5969,3.9665970772442587,0.7714506728087664,8.15,-5.916666666666667,21.0,2.218855,7,348,60.0,120.0,115.0,122.0,128.0,144.0,145.0,145.0,25.560021,119.812284,331301.757827,1746,397,384,//qar7000185/GP0_UPLOAD/BOXER/CYLOM\KZ-04-84_CP-13\20220621\can_Tapper17-11-23-09-13-33.pcap.gz
65,2020-11-23 09:13:59.083622,can_tapper17,"rgb(77,175,74)",PG4,125.0,115.0,115.0,8.0,90.0,126.0,-5.20680566973863,1127,-27.539999999994926,-5.019999999991406,95.0,18.0,464.0,446.0,0.820363,0.002242152466367713,0.002242152466367713,0.0024663677130044846,synchronized_peak_current_voltage_drop,0.600000000009473,1.0000000000001563,3.678623825607137,144.98343796602876,0.8957944102233883,5969,3.9665970772442587,0.7714506728087664,8.15,-5.916666666666667,21.0,2.218855,7,348,60.0,120.0,115.0,122.0,128.0,144.0,145.0,145.0,25.560021,119.812284,331301.757827,1746,397,384,//qar7000185/GP0_UPLOAD/BOXER/CYLOM\KZ-04-84_CP-13\20220621\can_Tapper17-11-23-09-13-33.pcap.gz
66,2020-11-23 13:12:47.233573,can_tapper17,"rgb(152,78,163)",PG1_est,123.0,113.0,114.0,8.130081300813007,68.33333333333339,125.0,-2.3213533325325426,1082,-26.639999999994785,-5.019999999991406,90.0,20.0,384.0,364.0,1.128387,0.0024725274725274724,0.0027472527472527475,0.003021978021978022,synchronized_peak_current_voltage_drop,0.5000000000094573,0.020000000000003126,3.678623825607137,144.17429988920426,0.8432635393844998,3532,6.804123711340206,1.3920412127330117,7.5,-6.938271604938271,105.0,2.031631,6,162,60.0,120.0,116.0,122.0,122.0,143.0,144.0,144.0,24.654371,69.174307,14328.149951,1128,197,305,//qar7000185/GP0_UPLOAD/BOXER/CYLOM\KZ-04-84_CP-13\20220621\can_Tapper17-11-23-13-12-22.pcap.gz
66,2020-11-23 13:12:47.233573,can_tapper17,"rgb(152,78,163)",PG2,124.0,113.0,115.0,8.870967741935484,78.00000000000004,125.0,-6.6070598839991055,1082,-26.639999999994785,-5.019999999991406,90.0,20.0,384.0,364.0,1.128387,0.0024725274725274724,0.003021978021978022,0.0027472527472527475,synchronized_peak_current_voltage_drop,0.5200000000094605,1.0000000000001563,2.892719705486028,142.17582850240586,0.8699023754631818,3532,5.6367432150313155,1.2856052718003503,7.5,-6.938271604938271,105.0,2.031631,6,162,60.0,120.0,113.0,118.0,123.0,143.0,142.0,142.0,24.654371,69.174307,14328.149951,1128,197,305,//qar7000185/GP0_UPLOAD/BOXER/CYLOM\KZ-04-84_CP-13\20220621\can_Tapper17-11-23-13-12-22.pcap.gz
66,2020-11-23 13:12:47.233573,can_tapper17,"rgb(152,78,163)",PG3_est,124.0,115.0,115.0,7.258064516129033,78.00000000000004,125.0,-6.040037413534882,1082,-26.639999999994785,-5.019999999991406,90.0,20.0,384.0,364.0,1.128387,0.0024725274725274724,0.0024725274725274724,0.0027472527472527475,synchronized_peak_current_voltage_drop,1.0200000000095386,0.5000000000000782,3.678623825607137,146.13832799246285,0.9131851970702878,3507,3.4188034188034186,0.7676472116165806,7.5,-6.938271604938271,105.0,2.031631,6,162,60.0,120.0,121.0,118.0,123.0,145.0,146.0,146.0,24.654371,69.174307,14328.149951,1128,197,305,//qar7000185/GP0_UPLOAD/BOXER/CYLOM\KZ-04-84_CP-13\20220621\can_Tapper17-11-23-13-12-22.pcap.gz
66,2020-11-23 13:12:47.233573,can_tapper17,"rgb(152,78,163)",PG4,124.0,115.0,115.0,7.258064516129033,78.00000000000004,125.0,-6.040037413534882,1082,-26.639999999994785,-5.019999999991406,90.0,20.0,384.0,364.0,1.128387,0.0024725274725274724,0.0024725274725274724,0.0027472527472527475,synchronized_peak_current_voltage_drop,1.0200000000095386,0.5000000000000782,3.678623825607137,146.13832799246285,0.9131851970702878,3507,3.4188034188034186,0.7676472116165806,7.5,-6.938271604938271,105.0,2.031631,6,162,60.0,120.0,121.0,118.0,123.0,145.0,146.0,146.0,24.654371,69.174307,14328.149951,1128,197,305,//qar7000185/GP0_UPLOAD/BOXER/CYLOM\KZ-04-84_CP-13\20220621\can_Tapper17-11-23-13-12-22.pcap.gz
67,2020-11-24 15:24:28.594468,can_tapper17,"rgb(255,127,0)",PG1_est,124.0,105.0,124.0,15.32258064516129,78.00000000000004,,,0,,,,16.0,453.0,437.0,0.846783,,0.004347826086956522,,synchronized_peak_current_voltage_drop,0.8600000000095136,0.5000000000000782,2.892719705486028,142.90207423116107,0.8660634622502381,5956,7.488986784140969,1.1584808693961457,14.575,-38.26168224299065,20.0,2.3463,8,321,60.0,120.0,114.0,122.0,130.0,145.0,143.0,143.0,2.523362,119.816636,94301.360895,1470,334,326,//qar7000185/GP0_UPLOAD/BOXER/CYLOM\KZ-04-84_CP-13\20220621\can_Tapper17-11-24-15-24-25.pcap.gz
67,2020-11-24 15:24:28.594468,can_tapper17,"rgb(255,127,0)",PG2,123.0,114.0,123.0,7.317073170731707,68.33333333333339,,,0,,,,16.0,453.0,437.0,0.846783,,0.002059496567505721,,synchronized_peak_current_voltage_drop,0.8800000000095167,0.5000000000000782,3.2620894576029285,142.51648669141926,0.895410150691962,5955,8.370044052863436,0.9675409011047128,14.575,-38.26168224299065,20.0,2.3463,8,321,60.0,120.0,114.0,121.0,131.0,143.0,142.0,142.0,2.523362,119.816636,94301.360895,1470,334,326,//qar7000185/GP0_UPLOAD/BOXER/CYLOM\KZ-04-84_CP-13\20220621\can_Tapper17-11-24-15-24-25.pcap.gz
67,2020-11-24 15:24:28.594468,can_tapper17,"rgb(255,127,0)",PG3_est,123.0,113.0,113.0,8.130081300813007,68.33333333333339,,,0,,,,16.0,453.0,437.0,0.846783,0.002288329519450801,0.002288329519450801,,synchronized_peak_current_voltage_drop,0.6200000000094761,0.5000000000000782,3.2620894576029285,143.10414479569968,0.8838595851376343,5968,4.439746300211416,0.8967126623633503,14.575,-38.26168224299065,20.0,2.3463,8,321,60.0,120.0,113.0,121.0,137.0,145.0,143.0,143.0,2.523362,119.816636,94301.360895,1470,334,326,//qar7000185/GP0_UPLOAD/BOXER/CYLOM\KZ-04-84_CP-13\20220621\can_Tapper17-11-24-15-24-25.pcap.gz
67,2020-11-24 15:24:28.594468,can_tapper17,"rgb(255,127,0)",PG4,123.0,113.0,113.0,8.130081300813007,68.33333333333339,,,0,,,,16.0,453.0,437.0,0.846783,0.002288329519450801,0.002288329519450801,,synchronized_peak_current_voltage_drop,0.6200000000094761,0.5000000000000782,3.2620894576029285,143.10414479569968,0.8838595851376343,5968,4.439746300211416,0.8967126623633503,14.575,-38.26168224299065,20.0,2.3463,8,321,60.0,120.0,113.0,121.0,137.0,145.0,143.0,143.0,2.523362,119.816636,94301.360895,1470,334,326,//qar7000185/GP0_UPLOAD/BOXER/CYLOM\KZ-04-84_CP-13\20220621\can_Tapper17-11-24-15-24-25.pcap.gz
68,2020-12-01 08:31:34.341290,can_tapper17,"rgb(255,255,51)",PG1_est,125.0,124.0,124.0,0.8,90.0,124.0,-9.039495139174448,662,-18.239999999993472,-5.019999999991406,78.00000000000004,0.0,16.0,16.0,0.614471,0.00625,0.00625,,synchronized_peak_current_voltage_drop,0.6200000000094761,0.020000000000003126,7.565235559061503,143.3598987785963,0.7711123280344522,5968,0.6036217303822937,0.2170457453495955,2.5,1.9042904290429044,308.0,2.7114,3,303,60.0,120.0,124.0,124.0,123.0,143.0,143.0,143.0,16.267753,119.825502,580025.746822,1635,334,316,//qar7000185/GP0_UPLOAD/BOXER/CYLOM\KZ-04-84_CP-13\20220621\can_Tapper17-12-01-08-31-17.pcap.gz
68,2020-12-01 08:31:34.341290,can_tapper17,"rgb(255,255,51)",PG2,124.0,124.0,124.0,0.0,78.00000000000004,125.0,-1.489055103745106,662,-18.239999999993472,-5.019999999991406,90.0,0.0,16.0,16.0,0.614471,,,0.00625,synchronized_peak_current_voltage_drop,9.379164112033322e-12,0.020000000000003126,7.565235559061503,143.3014697120761,0.7566357088757967,5999,0.6012024048096193,0.24069062061320123,2.5,1.9042904290429044,308.0,2.7114,3,303,60.0,120.0,124.0,124.0,121.0,144.0,143.0,143.0,16.267753,119.825502,580025.746822,1635,334,316,//qar7000185/GP0_UPLOAD/BOXER/CYLOM\KZ-04-84_CP-13\20220621\can_Tapper17-12-01-08-31-17.pcap.gz
68,2020-12-01 08:31:34.341290,can_tapper17,"rgb(255,255,51)",PG3_est,125.0,124.0,125.0,0.8,90.0,125.0,3.328035628953549e-13,663,-18.259999999993475,-5.019999999991406,90.0,0.0,16.0,16.0,0.614471,,0.00625,,synchronized_peak_current_voltage_drop,0.6400000000094792,0.020000000000003126,8.53123623235764,144.07392563064406,0.7968189739287509,5967,0.40160642570281124,0.11644212361921326,2.5,1.9042904290429044,308.0,2.7114,3,303,60.0,120.0,124.0,124.0,122.0,143.0,143.0,144.0,16.267753,119.825502,580025.746822,1635,334,316,//qar7000185/GP0_UPLOAD/BOXER/CYLOM\KZ-04-84_CP-13\20220621\can_Tapper17-12-01-08-31-17.pcap.gz
68,2020-12-01 08:31:34.341290,can_tapper17,"rgb(255,255,51)",PG4,125.0,124.0,125.0,0.8,90.0,125.0,3.328035628953549e-13,663,-18.259999999993475,-5.019999999991406,90.0,0.0,16.0,16.0,0.614471,,0.00625,,synchronized_peak_current_voltage_drop,0.6400000000094792,0.020000000000003126,8.53123623235764,144.07392563064406,0.7968189739287509,5967,0.40160642570281124,0.11644212361921326,2.5,1.9042904290429044,308.0,2.7114,3,303,60.0,120.0,124.0,124.0,122.0,143.0,143.0,144.0,16.267753,119.825502,580025.746822,1635,334,316,//qar7000185/GP0_UPLOAD/BOXER/CYLOM\KZ-04-84_CP-13\20220621\can_Tapper17-12-01-08-31-17.pcap.gz
69,2020-12-01 08:31:38.638236,can_tapper17,"rgb(166,86,40)",PG1_est,124.0,112.0,117.0,9.67741935483871,78.00000000000004,124.0,-3.0520132221705323,877,-22.539999999994144,-5.019999999991406,78.00000000000004,15.0,308.0,293.0,1.11938,0.002389078498293515,0.004095563139931741,0.002389078498293515,synchronized_peak_current_voltage_drop,1.080000000009548,0.5000000000000782,3.2620894576029285,143.2144044130473,0.8568657955091369,5945,4.883227176220807,0.6081493351787784,,-2.166112956810631,96.0,2.026,6,301,60.0,120.0,123.0,118.0,124.0,143.0,143.0,143.0,20.564699,119.99998,4.296946,1687,342,332,//qar7000185/GP0_UPLOAD/BOXER/CYLOM\KZ-04-84_CP-13\20220621\can_Tapper17-12-01-08-31-17.pcap.gz
69,2020-12-01 08:31:38.638236,can_tapper17,"rgb(166,86,40)",PG2,124.0,116.0,116.0,6.451612903225806,78.00000000000004,125.0,-3.800005970421049,877,-22.539999999994144,-5.019999999991406,90.0,15.0,308.0,293.0,1.11938,0.0027303754266211604,0.0027303754266211604,0.0030716723549488057,synchronized_peak_current_voltage_drop,1.1000000000095511,0.5000000000000782,2.892719705486028,143.17911092600104,0.85136001658658,5944,2.760084925690021,0.3708528443173736,,-2.166112956810631,96.0,2.026,6,301,60.0,120.0,121.0,118.0,124.0,143.0,143.0,143.0,20.564699,119.99998,4.296946,1687,342,332,//qar7000185/GP0_UPLOAD/BOXER/CYLOM\KZ-04-84_CP-13\20220621\can_Tapper17-12-01-08-31-17.pcap.gz
69,2020-12-01 08:31:38.638236,can_tapper17,"rgb(166,86,40)",PG3_est,124.0,116.0,116.0,6.451612903225806,78.00000000000004,125.0,-1.2387379013127138,877,-22.539999999994144,-5.019999999991406,90.0,15.0,308.0,293.0,1.11938,0.0027303754266211604,0.0027303754266211604,0.0030716723549488057,synchronized_peak_current_voltage_drop,1.1000000000095511,0.5000000000000782,3.2620894576029285,143.78931625785395,0.8743391401550051,5944,1.2448132780082988,0.28705953026236897,,-2.166112956810631,96.0,2.026,6,301,60.0,120.0,119.0,120.0,123.0,143.0,143.0,144.0,20.564699,119.99998,4.296946,1687,342,332,//qar7000185/GP0_UPLOAD/BOXER/CYLOM\KZ-04-84_CP-13\20220621\can_Tapper17-12-01-08-31-17.pcap.gz
69,2020-12-01 08:31:38.638236,can_tapper17,"rgb(166,86,40)",PG4,124.0,116.0,116.0,6.451612903225806,78.00000000000004,125.0,-1.2387379013127138,877,-22.539999999994144,-5.019999999991406,90.0,15.0,308.0,293.0,1.11938,0.0027303754266211604,0.0027303754266211604,0.0030716723549488057,synchronized_peak_current_voltage_drop,1.1000000000095511,0.5000000000000782,3.2620894576029285,143.78931625785395,0.8743391401550051,5944,1.2448132780082988,0.28705953026236897,,-2.166112956810631,96.0,2.026,6,301,60.0,120.0,119.0,120.0,123.0,143.0,143.0,144.0,20.564699,119.99998,4.296946,1687,342,332,//qar7000185/GP0_UPLOAD/BOXER/CYLOM\KZ-04-84_CP-13\20220621\can_Tapper17-12-01-08-31-17.pcap.gz
70,2020-12-07 07:47:18.830885,can_tapper17,"rgb(247,129,191)",PG1_est,125.0,108.0,117.0,13.600000000000001,90.0,126.0,-1.976281835370371,362,-12.239999999992534,-5.019999999991406,95.0,0.0,433.0,433.0,0.902344,0.0018475750577367207,0.003926096997690531,0.002078521939953811,synchronized_peak_current_voltage_drop,0.8800000000095167,0.5000000000000782,3.2620894576029285,143.46944344673872,0.8374327858388666,5955,9.623430962343097,0.5478929088346294,19.25,-10.270194986072424,13.0,2.397721,7,359,60.0,120.0,117.0,123.0,133.0,143.0,144.0,143.0,10.262274,119.818483,515740.192649,1563,371,385,//qar7000185/GP0_UPLOAD/BOXER/CYLOM\KZ-04-84_CP-13\20220621\can_Tapper17-12-07-07-47-08.pcap.gz
70,2020-12-07 07:47:18.830885,can_tapper17,"rgb(247,129,191)",PG2,126.0,117.0,117.0,7.142857142857142,95.0,126.0,3.162933805382419e-13,362,-12.239999999992534,-5.019999999991406,95.0,0.0,433.0,433.0,0.902344,0.002078521939953811,0.002078521939953811,0.002078521939953811,synchronized_peak_current_voltage_drop,0.9000000000095199,0.5000000000000782,2.892719705486028,142.64880875372236,0.8258880386893613,5954,5.439330543933054,0.5384428764696854,19.25,-10.270194986072424,13.0,2.397721,7,359,60.0,120.0,117.0,124.0,134.0,143.0,142.0,143.0,10.262274,119.818483,515740.192649,1563,371,385,//qar7000185/GP0_UPLOAD/BOXER/CYLOM\KZ-04-84_CP-13\20220621\can_Tapper17-12-07-07-47-08.pcap.gz
70,2020-12-07 07:47:18.830885,can_tapper17,"rgb(247,129,191)",PG3_est,126.0,117.0,117.0,7.142857142857142,95.0,126.0,3.162933805382419e-13,362,-12.239999999992534,-5.019999999991406,95.0,0.0,433.0,433.0,0.902344,0.002078521939953811,0.002078521939953811,0.002078521939953811,synchronized_peak_current_voltage_drop,0.9000000000095199,1.0000000000001563,3.678623825607137,144.7462316958603,0.8612571797070543,5954,2.092050209205021,0.3438197408411295,19.25,-10.270194986072424,13.0,2.397721,7,359,60.0,120.0,117.0,123.0,142.0,143.0,145.0,145.0,10.262274,119.818483,515740.192649,1563,371,385,//qar7000185/GP0_UPLOAD/BOXER/CYLOM\KZ-04-84_CP-13\20220621\can_Tapper17-12-07-07-47-08.pcap.gz
70,2020-12-07 07:47:18.830885,can_tapper17,"rgb(247,129,191)",PG4,126.0,117.0,117.0,7.142857142857142,95.0,126.0,3.162933805382419e-13,362,-12.239999999992534,-5.019999999991406,95.0,0.0,433.0,433.0,0.902344,0.002078521939953811,0.002078521939953811,0.002078521939953811,synchronized_peak_current_voltage_drop,0.9000000000095199,1.0000000000001563,3.678623825607137,144.7462316958603,0.8612571797070543,5954,2.092050209205021,0.3438197408411295,19.25,-10.270194986072424,13.0,2.397721,7,359,60.0,120.0,117.0,123.0,142.0,143.0,145.0,145.0,10.262274,119.818483,515740.192649,1563,371,385,//qar7000185/GP0_UPLOAD/BOXER/CYLOM\KZ-04-84_CP-13\20220621\can_Tapper17-12-07-07-47-08.pcap.gz
71,2021-01-04 10:35:13.217420,can_tapper17,"rgb(153,153,153)",PG1_est,125.0,114.0,116.0,8.799999999999999,90.0,,,0,,,,15.0,289.0,274.0,1.037019,0.0032846715328467154,0.0040145985401459855,,synchronized_peak_current_voltage_drop,0.760000000009498,1.5000000000002345,3.2620894576029285,143.2551773352313,0.8330743044767316,5961,1.9271948608137044,0.4403906443266955,3.55,-0.8449367088607594,90.0,2.136516,3,316,60.0,120.0,116.0,118.0,123.0,143.0,144.0,144.0,0.63422,119.938727,2429274.386535,1449,320,323,//qar7000185/GP0_UPLOAD/BOXER/CYLOM\KZ-04-84_CP-13\20220621\can_Tapper17-01-04-10-35-12.pcap.gz
71,2021-01-04 10:35:13.217420,can_tapper17,"rgb(153,153,153)",PG2,125.0,114.0,115.0,8.799999999999999,90.0,,,0,,,,15.0,289.0,274.0,1.037019,0.0036496350364963502,0.0040145985401459855,,synchronized_peak_current_voltage_drop,0.760000000009498,1.5000000000002345,3.2620894576029285,142.97602543656808,0.8477899826687638,5961,2.78372591006424,0.4994021633837022,3.55,-0.8449367088607594,90.0,2.136516,3,316,60.0,120.0,115.0,118.0,123.0,143.0,142.0,142.0,0.63422,119.938727,2429274.386535,1449,320,323,//qar7000185/GP0_UPLOAD/BOXER/CYLOM\KZ-04-84_CP-13\20220621\can_Tapper17-01-04-10-35-12.pcap.gz
71,2021-01-04 10:35:13.217420,can_tapper17,"rgb(153,153,153)",PG3_est,125.0,114.0,115.0,8.799999999999999,90.0,,,0,,,,15.0,289.0,274.0,1.037019,0.0036496350364963502,0.0040145985401459855,,synchronized_peak_current_voltage_drop,0.5000000000094573,1.5000000000002345,3.678623825607137,145.06545570382855,0.8998978069220738,5974,2.355460385438972,0.38805312698113253,3.55,-0.8449367088607594,90.0,2.136516,3,316,60.0,120.0,115.0,120.0,123.0,144.0,145.0,145.0,0.63422,119.938727,2429274.386535,1449,320,323,//qar7000185/GP0_UPLOAD/BOXER/CYLOM\KZ-04-84_CP-13\20220621\can_Tapper17-01-04-10-35-12.pcap.gz
71,2021-01-04 10:35:13.217420,can_tapper17,"rgb(153,153,153)",PG4,125.0,114.0,115.0,8.799999999999999,90.0,,,0,,,,15.0,289.0,274.0,1.037019,0.0036496350364963502,0.0040145985401459855,,synchronized_peak_current_voltage_drop,0.5000000000094573,1.5000000000002345,3.678623825607137,145.06545570382855,0.8998978069220738,5974,2.355460385438972,0.38805312698113253,3.55,-0.8449367088607594,90.0,2.136516,3,316,60.0,120.0,115.0,120.0,123.0,144.0,145.0,145.0,0.63422,119.938727,2429274.386535,1449,320,323,//qar7000185/GP0_UPLOAD/BOXER/CYLOM\KZ-04-84_CP-13\20220621\can_Tapper17-01-04-10-35-12.pcap.gz
72,2021-01-04 11:40:55.717506,can_tapper17,"rgb(228,26,28)",PG1_est,123.0,110.0,112.0,10.569105691056912,68.33333333333339,124.0,-0.4261779671899134,1500,-35.019999999991406,-5.019999999991406,78.00000000000004,0.0,343.0,343.0,1.385678,0.003206997084548105,0.0037900874635568515,0.003498542274052478,synchronized_peak_current_voltage_drop,1.0200000000095386,1.0000000000001563,2.0171482422437275,144.08796076837913,0.8460823309378034,5948,7.423580786026201,1.6056682308614523,4.941666666666667,-8.041666666666666,16.0,2.392143,5,312,60.0,120.0,123.0,111.0,143.0,142.0,144.0,144.0,59.901799,119.99985,3942.500086,2160,467,438,//qar7000185/GP0_UPLOAD/BOXER/CYLOM\KZ-04-84_CP-13\20220621\can_Tapper17-01-04-11-35-12.pcap.gz
72,2021-01-04 11:40:55.717506,can_tapper17,"rgb(228,26,28)",PG2,123.0,110.0,112.0,10.569105691056912,68.33333333333339,124.0,-1.516658451847704,1500,-35.019999999991406,-5.019999999991406,78.00000000000004,0.0,343.0,343.0,1.385678,0.003206997084548105,0.0037900874635568515,0.003498542274052478,synchronized_peak_current_voltage_drop,1.0200000000095386,0.7600000000001188,1.7887444673306678,142.10656180158514,0.7976700312809704,5948,3.252032520325203,1.063644271547877,4.941666666666667,-8.041666666666666,16.0,2.392143,5,312,60.0,120.0,115.0,117.0,145.0,141.0,142.0,142.0,59.901799,119.99985,3942.500086,2160,467,438,//qar7000185/GP0_UPLOAD/BOXER/CYLOM\KZ-04-84_CP-13\20220621\can_Tapper17-01-04-11-35-12.pcap.gz
72,2021-01-04 11:40:55.717506,can_tapper17,"rgb(228,26,28)",PG3_est,123.0,110.0,112.0,10.569105691056912,68.33333333333339,125.0,-1.7070585364700783,1500,-35.019999999991406,-5.019999999991406,90.0,0.0,343.0,343.0,1.385678,0.003206997084548105,0.0037900874635568515,0.0037900874635568515,synchronized_peak_current_voltage_drop,1.0000000000095355,0.7600000000001188,2.0171482422437275,145.9055711852322,0.8654234323828696,5949,3.930131004366812,0.5040370461022016,4.941666666666667,-8.041666666666666,16.0,2.392143,5,312,60.0,120.0,110.0,120.0,145.0,143.0,146.0,146.0,59.901799,119.99985,3942.500086,2160,467,438,//qar7000185/GP0_UPLOAD/BOXER/CYLOM\KZ-04-84_CP-13\20220621\can_Tapper17-01-04-11-35-12.pcap.gz
72,2021-01-04 11:40:55.717506,can_tapper17,"rgb(228,26,28)",PG4,123.0,110.0,112.0,10.569105691056912,68.33333333333339,125.0,-1.7070585364700783,1500,-35.019999999991406,-5.019999999991406,90.0,0.0,343.0,343.0,1.385678,0.003206997084548105,0.0037900874635568515,0.0037900874635568515,synchronized_peak_current_voltage_drop,1.0000000000095355,0.7600000000001188,2.0171482422437275,145.9055711852322,0.8654234323828696,5949,3.930131004366812,0.5040370461022016,4.941666666666667,-8.041666666666666,16.0,2.392143,5,312,60.0,120.0,110.0,120.0,145.0,143.0,146.0,146.0,59.901799,119.99985,3942.500086,2160,467,438,//qar7000185/GP0_UPLOAD/BOXER/CYLOM\KZ-04-84_CP-13\20220621\can_Tapper17-01-04-11-35-12.pcap.gz
73,2021-01-15 11:52:19.044348,can_tapper17,"rgb(55,126,184)",PG1_est,123.5,112.0,124.0,9.31174089068826,72.99999999999994,125.0,-7.163376059347787,1047,-25.939999999994676,-5.019999999991406,90.0,18.0,492.0,474.0,0.919277,,0.0024261603375527424,0.0002109704641350211,synchronized_peak_current_voltage_drop,1.2000000000095667,0.24000000000003752,1.2473253980523544,138.58440414429478,0.07119286359628496,5939,7.1274298056155505,1.5746892380018567,5.4,-2.5362776025236595,317.0,2.332553,7,317,60.0,120.0,114.0,118.0,143.0,149.0,143.0,124.0,23.95305,119.890702,951083.326842,1728,351,278,//qar7000185/GP0_UPLOAD/BOXER/CYLOM\KZ-04-84_CP-13\20220621\can_Tapper17-01-15-11-51-54.pcap.gz
73,2021-01-15 11:52:19.044348,can_tapper17,"rgb(55,126,184)",PG2,123.5,113.0,113.0,8.502024291497975,72.99999999999994,125.0,-3.29173301852174,1047,-25.939999999994676,-5.019999999991406,90.0,18.0,492.0,474.0,0.919277,0.0022151898734177216,0.0022151898734177216,0.002531645569620253,synchronized_peak_current_voltage_drop,0.7000000000094886,1.7600000000002751,1.5862030873085784,137.99270918292436,0.09869155220730474,5964,2.375809935205184,0.664358062622968,5.4,-2.5362776025236595,317.0,2.332553,7,317,60.0,120.0,113.0,117.0,143.0,149.0,142.0,125.0,23.95305,119.890702,951083.326842,1728,351,278,//qar7000185/GP0_UPLOAD/BOXER/CYLOM\KZ-04-84_CP-13\20220621\can_Tapper17-01-15-11-51-54.pcap.gz
73,2021-01-15 11:52:19.044348,can_tapper17,"rgb(55,126,184)",PG3_est,124.0,113.0,113.0,8.870967741935484,78.00000000000004,125.0,-4.3395232084659,1047,-25.939999999994676,-5.019999999991406,90.0,18.0,492.0,474.0,0.919277,0.0023206751054852324,0.0023206751054852324,0.002531645569620253,synchronized_peak_current_voltage_drop,0.7000000000094886,1.0200000000001594,1.5862030873085784,139.28709408846763,0.08998317102527975,5964,2.375809935205184,0.6340346855871808,5.4,-2.5362776025236595,317.0,2.332553,7,317,60.0,120.0,113.0,118.0,143.0,150.0,144.0,125.0,23.95305,119.890702,951083.326842,1728,351,278,//qar7000185/GP0_UPLOAD/BOXER/CYLOM\KZ-04-84_CP-13\20220621\can_Tapper17-01-15-11-51-54.pcap.gz
73,2021-01-15 11:52:19.044348,can_tapper17,"rgb(55,126,184)",PG4,124.0,113.0,113.0,8.870967741935484,78.00000000000004,125.0,-4.3395232084659,1047,-25.939999999994676,-5.019999999991406,90.0,18.0,492.0,474.0,0.919277,0.0023206751054852324,0.0023206751054852324,0.002531645569620253,synchronized_peak_current_voltage_drop,0.7000000000094886,1.0200000000001594,1.5862030873085784,139.28709408846763,0.08998317102527975,5964,2.375809935205184,0.6340346855871808,5.4,-2.5362776025236595,317.0,2.332553,7,317,60.0,120.0,113.0,118.0,143.0,150.0,144.0,125.0,23.95305,119.890702,951083.326842,1728,351,278,//qar7000185/GP0_UPLOAD/BOXER/CYLOM\KZ-04-84_CP-13\20220621\can_Tapper17-01-15-11-51-54.pcap.gz
74,2021-01-15 11:53:31.958349,can_tapper17,"rgb(77,175,74)",PG1_est,123.0,92.0,117.0,25.203252032520325,68.33333333333339,125.0,-95.42965130205249,1500,-35.019999999991406,-5.019999999991406,90.0,0.0,317.0,317.0,1.549769,0.0018927444794952682,0.009779179810725552,0.002523659305993691,synchronized_peak_current_voltage_drop,0.5400000000094636,1.0000000000001563,2.27471676670449,143.25090809499824,0.8225306792804279,5972,16.93002257336343,1.3810305356408044,4.38,-5.858823529411764,168.0,2.148651,1,340,60.0,120.0,108.0,114.0,138.0,143.0,143.0,143.0,59.859906,119.961726,72.914001,2159,491,388,//qar7000185/GP0_UPLOAD/BOXER/CYLOM\KZ-04-84_CP-13\20220621\can_Tapper17-01-15-11-51-54.pcap.gz
74,2021-01-15 11:53:31.958349,can_tapper17,"rgb(77,175,74)",PG2,123.0,107.0,111.0,13.008130081300814,68.33333333333339,125.0,-83.92251729888346,1500,-35.019999999991406,-5.019999999991406,90.0,0.0,317.0,317.0,1.549769,0.0037854889589905363,0.005047318611987382,0.004416403785488959,synchronized_peak_current_voltage_drop,0.5600000000094667,1.5000000000002345,2.0171482422437275,142.97460362405047,0.8348117974712662,5971,11.060948081264108,0.8022252539109729,4.38,-5.858823529411764,168.0,2.148651,1,340,60.0,120.0,107.0,114.0,138.0,142.0,143.0,143.0,59.859906,119.961726,72.914001,2159,491,388,//qar7000185/GP0_UPLOAD/BOXER/CYLOM\KZ-04-84_CP-13\20220621\can_Tapper17-01-15-11-51-54.pcap.gz
74,2021-01-15 11:53:31.958349,can_tapper17,"rgb(77,175,74)",PG3_est,123.0,105.0,110.0,14.634146341463413,68.33333333333339,125.0,-94.3559797137538,1500,-35.019999999991406,-5.019999999991406,90.0,0.0,317.0,317.0,1.549769,0.004100946372239748,0.0056782334384858045,0.00473186119873817,synchronized_peak_current_voltage_drop,0.5800000000094698,1.5000000000002345,2.27471676670449,145.0087508703892,0.8722138953807773,5970,3.7974683544303796,0.9605424984238214,4.38,-5.858823529411764,168.0,2.148651,1,340,60.0,120.0,105.0,114.0,139.0,143.0,145.0,145.0,59.859906,119.961726,72.914001,2159,491,388,//qar7000185/GP0_UPLOAD/BOXER/CYLOM\KZ-04-84_CP-13\20220621\can_Tapper17-01-15-11-51-54.pcap.gz
74,2021-01-15 11:53:31.958349,can_tapper17,"rgb(77,175,74)",PG4,123.0,105.0,110.0,14.634146341463413,68.33333333333339,125.0,-94.3559797137538,1500,-35.019999999991406,-5.019999999991406,90.0,0.0,317.0,317.0,1.549769,0.004100946372239748,0.0056782334384858045,0.00473186119873817,synchronized_peak_current_voltage_drop,0.5800000000094698,1.5000000000002345,2.27471676670449,145.0087508703892,0.8722138953807773,5970,3.7974683544303796,0.9605424984238214,4.38,-5.858823529411764,168.0,2.148651,1,340,60.0,120.0,105.0,114.0,139.0,143.0,145.0,145.0,59.859906,119.961726,72.914001,2159,491,388,//qar7000185/GP0_UPLOAD/BOXER/CYLOM\KZ-04-84_CP-13\20220621\can_Tapper17-01-15-11-51-54.pcap.gz
75,2021-01-15 11:58:37.494758,can_tapper17,"rgb(152,78,163)",PG1_est,128.0,104.0,115.0,18.75,100.0,141.0,-60.31696902975449,1500,-35.019999999991406,-5.019999999991406,100.0,0.0,347.0,347.0,1.250665,0.003746397694524496,0.0069164265129683,0.007492795389048992,synchronized_peak_current_voltage_drop,0.8800000000095167,0.7600000000001188,119.99999999999996,76.44123992285411,0.1569717269772295,1344,9.67741935483871,0.9972635258375115,4.275,4.26,26.0,2.252641,3,50,60.0,120.0,113.0,122.0,142.0,143.0,,,59.963316,25.79634,305.536409,1029,203,226,//qar7000185/GP0_UPLOAD/BOXER/CYLOM\KZ-04-84_CP-13\20220621\can_Tapper17-01-15-11-51-54.pcap.gz
75,2021-01-15 11:58:37.494758,can_tapper17,"rgb(152,78,163)",PG2,128.0,111.0,114.0,13.28125,100.0,142.0,-68.16623474053797,1500,-35.019999999991406,-5.019999999991406,100.0,0.0,347.0,347.0,1.250665,0.004034582132564841,0.004899135446685879,0.008069164265129682,synchronized_peak_current_voltage_drop,0.9000000000095199,1.0000000000001563,119.99999999999996,78.13798748432968,0.15568665069557353,1344,7.142857142857143,0.9806110492854845,4.275,4.26,26.0,2.252641,3,50,60.0,120.0,111.0,123.0,142.0,141.0,,,59.963316,25.79634,305.536409,1029,203,226,//qar7000185/GP0_UPLOAD/BOXER/CYLOM\KZ-04-84_CP-13\20220621\can_Tapper17-01-15-11-51-54.pcap.gz
75,2021-01-15 11:58:37.494758,can_tapper17,"rgb(152,78,163)",PG3_est,128.0,112.0,117.0,12.5,100.0,143.0,-75.40326017921495,1500,-35.019999999991406,-5.019999999991406,100.0,0.0,347.0,347.0,1.250665,0.003170028818443804,0.004610951008645533,0.007492795389048992,synchronized_peak_current_voltage_drop,0.7000000000094886,1.260000000000197,119.99999999999996,78.51978745751552,0.148371993279249,1343,3.4482758620689653,0.6610731384194293,4.275,4.26,26.0,2.252641,3,50,60.0,120.0,112.0,123.0,142.0,141.0,,,59.963316,25.79634,305.536409,1029,203,226,//qar7000185/GP0_UPLOAD/BOXER/CYLOM\KZ-04-84_CP-13\20220621\can_Tapper17-01-15-11-51-54.pcap.gz
75,2021-01-15 11:58:37.494758,can_tapper17,"rgb(152,78,163)",PG4,128.0,112.0,117.0,12.5,100.0,143.0,-75.40326017921495,1500,-35.019999999991406,-5.019999999991406,100.0,0.0,347.0,347.0,1.250665,0.003170028818443804,0.004610951008645533,0.007492795389048992,synchronized_peak_current_voltage_drop,0.7000000000094886,1.260000000000197,119.99999999999996,78.51978745751552,0.148371993279249,1343,3.4482758620689653,0.6610731384194293,4.275,4.26,26.0,2.252641,3,50,60.0,120.0,112.0,123.0,142.0,141.0,,,59.963316,25.79634,305.536409,1029,203,226,//qar7000185/GP0_UPLOAD/BOXER/CYLOM\KZ-04-84_CP-13\20220621\can_Tapper17-01-15-11-51-54.pcap.gz
76,2021-01-21 16:02:25.186986,can_tapper17,"rgb(255,127,0)",PG1_est,122.0,100.0,114.0,18.0327868852459,60.0,122.0,-0.1545600686933274,1500,-35.019999999991406,-5.019999999991406,60.0,13.0,499.0,486.0,1.105837,0.001646090534979424,0.004526748971193416,0.001646090534979424,synchronized_peak_current_voltage_drop,0.9000000000095199,0.6200000000000969,1.5862030873085784,142.78979372561082,0.816761210169713,5954,15.702479338842975,3.756284011549229,17.759999999999998,-72.83495145631068,92.0,2.007707,7,309,60.0,120.0,100.0,116.0,142.0,143.0,143.0,143.0,59.888346,119.919877,533027.692228,2158,431,537,//qar7000185/GP0_UPLOAD/BOXER/CYLOM\KZ-04-84_CP-13\20220621\can_Tapper17-01-21-15-04-21.pcap.gz
76,2021-01-21 16:02:25.186986,can_tapper17,"rgb(255,127,0)",PG2,122.0,104.0,107.0,14.754098360655737,60.0,123.0,0.1545600686934829,1500,-35.019999999991406,-5.019999999991406,68.33333333333339,13.0,499.0,486.0,1.105837,0.0030864197530864196,0.003703703703703704,0.003292181069958848,synchronized_peak_current_voltage_drop,0.4000000000094417,1.2400000000001938,1.7887444673306678,142.24186372047453,0.89999701008743,5979,14.049586776859504,2.857771163263458,17.759999999999998,-72.83495145631068,92.0,2.007707,7,309,60.0,120.0,107.0,119.0,140.0,144.0,142.0,142.0,59.888346,119.919877,533027.692228,2158,431,537,//qar7000185/GP0_UPLOAD/BOXER/CYLOM\KZ-04-84_CP-13\20220621\can_Tapper17-01-21-15-04-21.pcap.gz
76,2021-01-21 16:02:25.186986,can_tapper17,"rgb(255,127,0)",PG3_est,122.0,110.0,110.0,9.836065573770492,60.0,123.0,-5.687905153615099e-14,1500,-35.019999999991406,-5.019999999991406,68.33333333333339,13.0,499.0,486.0,1.105837,0.0024691358024691358,0.0024691358024691358,0.002674897119341564,synchronized_peak_current_voltage_drop,1.0600000000095449,1.0000000000001563,1.406595676542853,143.0231244267901,0.8429791120857215,5946,7.382550335570469,2.0726883202856006,17.759999999999998,-72.83495145631068,92.0,2.007707,7,309,60.0,120.0,114.0,114.0,142.0,145.0,143.0,143.0,59.888346,119.919877,533027.692228,2158,431,537,//qar7000185/GP0_UPLOAD/BOXER/CYLOM\KZ-04-84_CP-13\20220621\can_Tapper17-01-21-15-04-21.pcap.gz
76,2021-01-21 16:02:25.186986,can_tapper17,"rgb(255,127,0)",PG4,122.0,110.0,110.0,9.836065573770492,60.0,123.0,-5.687905153615099e-14,1500,-35.019999999991406,-5.019999999991406,68.33333333333339,13.0,499.0,486.0,1.105837,0.0024691358024691358,0.0024691358024691358,0.002674897119341564,synchronized_peak_current_voltage_drop,1.0600000000095449,1.0000000000001563,1.406595676542853,143.0231244267901,0.8429791120857215,5946,7.382550335570469,2.0726883202856006,17.759999999999998,-72.83495145631068,92.0,2.007707,7,309,60.0,120.0,114.0,114.0,142.0,145.0,143.0,143.0,59.888346,119.919877,533027.692228,2158,431,537,//qar7000185/GP0_UPLOAD/BOXER/CYLOM\KZ-04-84_CP-13\20220621\can_Tapper17-01-21-15-04-21.pcap.gz
77,2021-02-03 10:45:23.909488,can_tapper17,"rgb(255,255,51)",PG1_est,126.0,117.0,121.0,7.142857142857142,95.0,,,0,,,,0.0,433.0,433.0,0.854609,0.0011547344110854503,0.002078521939953811,,synchronized_peak_current_voltage_drop,0.7200000000094917,0.020000000000003126,3.678623825607137,144.86491126190236,0.8474220660320817,5963,2.109704641350211,0.6235312959717061,16.1,-17.97910447761194,94.0,2.361932,7,335,60.0,120.0,117.0,120.0,142.0,144.0,144.0,145.0,1.161862,119.918427,1104178.722502,1455,342,389,//qar7000185/GP0_UPLOAD/BOXER/CYLOM\KZ-04-84_CP-13\20220621\can_Tapper17-02-03-10-45-22.pcap.gz
77,2021-02-03 10:45:23.909488,can_tapper17,"rgb(255,255,51)",PG2,125.0,117.0,121.0,6.4,90.0,,,0,,,,0.0,433.0,433.0,0.854609,0.0009237875288683604,0.0018475750577367207,,synchronized_peak_current_voltage_drop,0.9800000000095324,1.0000000000001563,2.892719705486028,141.47799332227717,0.8000850706494412,5950,5.485232067510548,0.6922049255463841,16.1,-17.97910447761194,94.0,2.361932,7,335,60.0,120.0,117.0,119.0,143.0,142.0,142.0,141.0,1.161862,119.918427,1104178.722502,1455,342,389,//qar7000185/GP0_UPLOAD/BOXER/CYLOM\KZ-04-84_CP-13\20220621\can_Tapper17-02-03-10-45-22.pcap.gz
77,2021-02-03 10:45:23.909488,can_tapper17,"rgb(255,255,51)",PG3_est,126.0,116.0,116.0,7.936507936507936,95.0,,,0,,,,0.0,433.0,433.0,0.854609,0.0023094688221709007,0.0023094688221709007,,synchronized_peak_current_voltage_drop,0.7200000000094917,1.260000000000197,4.148345232772487,144.20524446372292,0.8572893943268136,5963,2.109704641350211,0.5126031900094179,16.1,-17.97910447761194,94.0,2.361932,7,335,60.0,120.0,116.0,120.0,141.0,142.0,144.0,145.0,1.161862,119.918427,1104178.722502,1455,342,389,//qar7000185/GP0_UPLOAD/BOXER/CYLOM\KZ-04-84_CP-13\20220621\can_Tapper17-02-03-10-45-22.pcap.gz
77,2021-02-03 10:45:23.909488,can_tapper17,"rgb(255,255,51)",PG4,126.0,116.0,116.0,7.936507936507936,95.0,,,0,,,,0.0,433.0,433.0,0.854609,0.0023094688221709007,0.0023094688221709007,,synchronized_peak_current_voltage_drop,0.7200000000094917,1.260000000000197,4.148345232772487,144.20524446372292,0.8572893943268136,5963,2.109704641350211,0.5126031900094179,16.1,-17.97910447761194,94.0,2.361932,7,335,60.0,120.0,116.0,120.0,141.0,142.0,144.0,145.0,1.161862,119.918427,1104178.722502,1455,342,389,//qar7000185/GP0_UPLOAD/BOXER/CYLOM\KZ-04-84_CP-13\20220621\can_Tapper17-02-03-10-45-22.pcap.gz
78,2021-02-03 13:53:32.426188,can_tapper17,"rgb(166,86,40)",PG1_est,125.0,112.0,112.0,10.4,90.0,126.0,-0.47759132337331306,1500,-35.019999999991406,-5.019999999991406,95.0,18.0,393.0,375.0,1.242243,0.003466666666666667,0.003466666666666667,0.0037333333333333333,synchronized_peak_current_voltage_drop,0.8000000000095042,1.0000000000001563,2.892719705486028,142.60767749611952,0.8656677675145289,5959,1.8329938900203666,0.98863872404174,15.325,-16.501694915254237,156.0,2.236995,4,295,60.0,120.0,112.0,119.0,125.0,146.0,142.0,142.0,59.843223,119.974499,11288.5167,2159,444,581,//qar7000185/GP0_UPLOAD/BOXER/CYLOM\KZ-04-84_CP-13\20220621\can_Tapper17-02-03-13-50-50.pcap.gz
78,2021-02-03 13:53:32.426188,can_tapper17,"rgb(166,86,40)",PG2,126.0,112.0,112.0,11.11111111111111,95.0,126.5,-1.2000005333328452,1500,-35.019999999991406,-5.019999999991406,97.50000000000004,18.0,393.0,375.0,1.242243,0.0037333333333333333,0.0037333333333333333,0.0038666666666666667,synchronized_peak_current_voltage_drop,0.8000000000095042,1.5000000000002345,2.892719705486028,141.98511714283526,0.8902848589892711,5959,2.6476578411405294,0.7181908174485102,15.325,-16.501694915254237,156.0,2.236995,4,295,60.0,120.0,112.0,118.0,124.0,144.0,142.0,142.0,59.843223,119.974499,11288.5167,2159,444,581,//qar7000185/GP0_UPLOAD/BOXER/CYLOM\KZ-04-84_CP-13\20220621\can_Tapper17-02-03-13-50-50.pcap.gz
78,2021-02-03 13:53:32.426188,can_tapper17,"rgb(166,86,40)",PG3_est,126.0,113.0,115.0,10.317460317460316,95.0,127.0,-2.3525254900104513,1500,-35.019999999991406,-5.019999999991406,100.0,18.0,393.0,375.0,1.242243,0.0029333333333333334,0.003466666666666667,0.0031999999999999997,synchronized_peak_current_voltage_drop,0.8000000000095042,1.5000000000002345,2.565174071178317,141.34016668233036,0.8517802832529722,5959,2.240325865580448,0.6693109803813004,15.325,-16.501694915254237,156.0,2.236995,4,295,60.0,120.0,113.0,118.0,128.0,145.0,141.0,141.0,59.843223,119.974499,11288.5167,2159,444,581,//qar7000185/GP0_UPLOAD/BOXER/CYLOM\KZ-04-84_CP-13\20220621\can_Tapper17-02-03-13-50-50.pcap.gz
78,2021-02-03 13:53:32.426188,can_tapper17,"rgb(166,86,40)",PG4,126.0,113.0,115.0,10.317460317460316,95.0,127.0,-2.3525254900104513,1500,-35.019999999991406,-5.019999999991406,100.0,18.0,393.0,375.0,1.242243,0.0029333333333333334,0.003466666666666667,0.0031999999999999997,synchronized_peak_current_voltage_drop,0.8000000000095042,1.5000000000002345,2.565174071178317,141.34016668233036,0.8517802832529722,5959,2.240325865580448,0.6693109803813004,15.325,-16.501694915254237,156.0,2.236995,4,295,60.0,120.0,113.0,118.0,128.0,145.0,141.0,141.0,59.843223,119.974499,11288.5167,2159,444,581,//qar7000185/GP0_UPLOAD/BOXER/CYLOM\KZ-04-84_CP-13\20220621\can_Tapper17-02-03-13-50-50.pcap.gz
79,2021-02-11 09:55:12.954087,can_tapper17,"rgb(247,129,191)",PG1_est,122.0,103.0,103.0,15.573770491803279,60.0,122.0,-5.044050916204519,1205,-29.09999999999517,-5.019999999991406,60.0,0.0,420.0,420.0,1.015112,0.004523809523809524,0.004523809523809524,0.004523809523809524,synchronized_peak_current_voltage_drop,1.0200000000095386,0.5000000000000782,2.0171482422437275,144.07968048542097,0.8251205493180164,4082,7.207207207207207,1.020642216725258,-5.25,-1.8104265402843602,195.0,2.015787,7,211,60.0,120.0,118.0,114.0,142.0,143.0,145.0,144.0,27.118088,80.702499,676900.527899,1296,246,375,//qar7000185/GP0_UPLOAD/BOXER/CYLOM\KZ-04-84_CP-13\20220621\can_Tapper17-02-11-09-54-45.pcap.gz
79,2021-02-11 09:55:12.954087,can_tapper17,"rgb(247,129,191)",PG2,121.0,111.0,119.0,8.264462809917356,52.857142857142826,122.0,-6.0644037226909715,1205,-29.09999999999517,-5.019999999991406,60.0,0.0,420.0,420.0,1.015112,0.0004761904761904762,0.002380952380952381,0.0007142857142857143,synchronized_peak_current_voltage_drop,1.0400000000095417,1.0000000000001563,1.7887444673306678,142.01483361751062,0.8142514766881028,4082,7.207207207207207,1.006558480458524,-5.25,-1.8104265402843602,195.0,2.015787,7,211,60.0,120.0,119.0,113.0,141.0,141.0,141.0,142.0,27.118088,80.702499,676900.527899,1296,246,375,//qar7000185/GP0_UPLOAD/BOXER/CYLOM\KZ-04-84_CP-13\20220621\can_Tapper17-02-11-09-54-45.pcap.gz
79,2021-02-11 09:55:12.954087,can_tapper17,"rgb(247,129,191)",PG3_est,122.0,111.0,111.0,9.01639344262295,60.0,123.0,-8.047156176766503,1205,-29.09999999999517,-5.019999999991406,68.33333333333339,0.0,420.0,420.0,1.015112,0.0026190476190476194,0.0026190476190476194,0.002857142857142857,synchronized_peak_current_voltage_drop,0.8000000000095042,2.0000000000003126,2.0171482422437275,142.4562108488035,0.8558600268461207,4095,3.2679738562091503,0.8422376998641065,-5.25,-1.8104265402843602,195.0,2.015787,7,211,60.0,120.0,111.0,114.0,141.0,141.0,142.0,143.0,27.118088,80.702499,676900.527899,1296,246,375,//qar7000185/GP0_UPLOAD/BOXER/CYLOM\KZ-04-84_CP-13\20220621\can_Tapper17-02-11-09-54-45.pcap.gz
79,2021-02-11 09:55:12.954087,can_tapper17,"rgb(247,129,191)",PG4,122.0,111.0,111.0,9.01639344262295,60.0,123.0,-8.047156176766503,1205,-29.09999999999517,-5.019999999991406,68.33333333333339,0.0,420.0,420.0,1.015112,0.0026190476190476194,0.0026190476190476194,0.002857142857142857,synchronized_peak_current_voltage_drop,0.8000000000095042,2.0000000000003126,2.0171482422437275,142.4562108488035,0.8558600268461207,4095,3.2679738562091503,0.8422376998641065,-5.25,-1.8104265402843602,195.0,2.015787,7,211,60.0,120.0,111.0,114.0,141.0,141.0,142.0,143.0,27.118088,80.702499,676900.527899,1296,246,375,//qar7000185/GP0_UPLOAD/BOXER/CYLOM\KZ-04-84_CP-13\20220621\can_Tapper17-02-11-09-54-45.pcap.gz
80,2021-02-11 10:06:14.938757,can_tapper17,"rgb(153,153,153)",PG1_est,123.0,110.0,112.0,10.569105691056912,68.33333333333339,123.0,-16.56833682394622,267,-10.339999999992237,-5.019999999991406,68.33333333333339,0.0,265.0,265.0,1.116982,0.004150943396226415,0.004905660377358491,0.004150943396226415,synchronized_peak_current_voltage_drop,0.5400000000094636,1.5000000000002345,3.678623825607137,144.14682202693993,0.8613812419784698,5972,7.563025210084033,0.971604969430002,-4.2,0.24213836477987422,92.0,2.128441,3,318,60.0,120.0,110.0,116.0,120.0,144.0,144.0,145.0,8.349676,119.970634,661.98467,1542,333,382,//qar7000185/GP0_UPLOAD/BOXER/CYLOM\KZ-04-84_CP-13\20220621\can_Tapper17-02-11-10-06-06.pcap.gz
80,2021-02-11 10:06:14.938757,can_tapper17,"rgb(153,153,153)",PG2,122.0,110.0,112.0,9.836065573770492,60.0,123.0,-3.6259310782799903e-13,267,-10.339999999992237,-5.019999999991406,68.33333333333339,0.0,265.0,265.0,1.116982,0.0037735849056603774,0.004528301886792453,0.004150943396226415,synchronized_peak_current_voltage_drop,0.8000000000095042,1.260000000000197,3.2620894576029285,142.47825938337115,0.8542296099620075,5959,3.5714285714285716,0.7870335620763285,-4.2,0.24213836477987422,92.0,2.128441,3,318,60.0,120.0,110.0,115.0,121.0,143.0,142.0,142.0,8.349676,119.970634,661.98467,1542,333,382,//qar7000185/GP0_UPLOAD/BOXER/CYLOM\KZ-04-84_CP-13\20220621\can_Tapper17-02-11-10-06-06.pcap.gz
80,2021-02-11 10:06:14.938757,can_tapper17,"rgb(153,153,153)",PG3_est,123.0,108.0,113.0,12.195121951219512,68.33333333333339,123.0,-3.6259310782799903e-13,267,-10.339999999992237,-5.019999999991406,68.33333333333339,0.0,265.0,265.0,1.116982,0.0037735849056603774,0.005660377358490566,0.0037735849056603774,synchronized_peak_current_voltage_drop,0.5600000000094667,1.5000000000002345,3.678623825607137,143.9774490049706,0.8932637993641119,5971,3.5714285714285716,0.8017673508159058,-4.2,0.24213836477987422,92.0,2.128441,3,318,60.0,120.0,108.0,115.0,121.0,143.0,143.0,144.0,8.349676,119.970634,661.98467,1542,333,382,//qar7000185/GP0_UPLOAD/BOXER/CYLOM\KZ-04-84_CP-13\20220621\can_Tapper17-02-11-10-06-06.pcap.gz
80,2021-02-11 10:06:14.938757,can_tapper17,"rgb(153,153,153)",PG4,123.0,108.0,113.0,12.195121951219512,68.33333333333339,123.0,-3.6259310782799903e-13,267,-10.339999999992237,-5.019999999991406,68.33333333333339,0.0,265.0,265.0,1.116982,0.0037735849056603774,0.005660377358490566,0.0037735849056603774,synchronized_peak_current_voltage_drop,0.5600000000094667,1.5000000000002345,3.678623825607137,143.9774490049706,0.8932637993641119,5971,3.5714285714285716,0.8017673508159058,-4.2,0.24213836477987422,92.0,2.128441,3,318,60.0,120.0,108.0,115.0,121.0,143.0,143.0,144.0,8.349676,119.970634,661.98467,1542,333,382,//qar7000185/GP0_UPLOAD/BOXER/CYLOM\KZ-04-84_CP-13\20220621\can_Tapper17-02-11-10-06-06.pcap.gz
81,2021-02-11 10:34:02.544459,can_tapper17,"rgb(228,26,28)",PG1_est,122.0,100.0,111.0,18.0327868852459,60.0,123.0,-0.4014128820490512,472,-14.439999999992878,-5.019999999991406,68.33333333333339,18.0,470.0,452.0,0.801285,0.002433628318584071,0.004867256637168142,0.002654867256637168,synchronized_peak_current_voltage_drop,0.6800000000094855,1.0200000000001594,3.678623825607137,145.79509664520384,0.8917137691152673,1056,14.163090128755364,0.2939493793368898,-4.308333333333333,-4.48936170212766,89.0,2.20672,7,47,60.0,120.0,111.0,116.0,129.0,144.0,,,12.456657,19.821174,1667.605702,390,73,95,//qar7000185/GP0_UPLOAD/BOXER/CYLOM\KZ-04-84_CP-13\20220621\can_Tapper17-02-11-10-33-49.pcap.gz
81,2021-02-11 10:34:02.544459,can_tapper17,"rgb(228,26,28)",PG2,122.0,111.0,111.0,9.01639344262295,60.0,123.0,-10.84328316138152,472,-14.439999999992878,-5.019999999991406,68.33333333333339,18.0,470.0,452.0,0.801285,0.002433628318584071,0.002433628318584071,0.002654867256637168,synchronized_peak_current_voltage_drop,0.7000000000094886,1.5000000000002345,3.2620894576029285,142.90154495352724,0.8551935603775869,1055,4.721030042918455,0.24386204694161825,-4.308333333333333,-4.48936170212766,89.0,2.20672,7,47,60.0,120.0,111.0,115.0,128.0,142.0,,,12.456657,19.821174,1667.605702,390,73,95,//qar7000185/GP0_UPLOAD/BOXER/CYLOM\KZ-04-84_CP-13\20220621\can_Tapper17-02-11-10-33-49.pcap.gz
81,2021-02-11 10:34:02.544459,can_tapper17,"rgb(228,26,28)",PG3_est,122.0,111.0,111.0,9.01639344262295,60.0,123.0,2.8568346232404285e-13,472,-14.439999999992878,-5.019999999991406,68.33333333333339,18.0,470.0,452.0,0.801285,0.002433628318584071,0.002433628318584071,0.002654867256637168,synchronized_peak_current_voltage_drop,0.7000000000094886,1.5000000000002345,3.2620894576029285,143.45407327230754,0.8732100232422292,1056,4.721030042918455,0.13445285656962702,-4.308333333333333,-4.48936170212766,89.0,2.20672,7,47,60.0,120.0,111.0,115.0,124.0,143.0,,,12.456657,19.821174,1667.605702,390,73,95,//qar7000185/GP0_UPLOAD/BOXER/CYLOM\KZ-04-84_CP-13\20220621\can_Tapper17-02-11-10-33-49.pcap.gz
81,2021-02-11 10:34:02.544459,can_tapper17,"rgb(228,26,28)",PG4,122.0,111.0,111.0,9.01639344262295,60.0,123.0,2.8568346232404285e-13,472,-14.439999999992878,-5.019999999991406,68.33333333333339,18.0,470.0,452.0,0.801285,0.002433628318584071,0.002433628318584071,0.002654867256637168,synchronized_peak_current_voltage_drop,0.7000000000094886,1.5000000000002345,3.2620894576029285,143.45407327230754,0.8732100232422292,1056,4.721030042918455,0.13445285656962702,-4.308333333333333,-4.48936170212766,89.0,2.20672,7,47,60.0,120.0,111.0,115.0,124.0,143.0,,,12.456657,19.821174,1667.605702,390,73,95,//qar7000185/GP0_UPLOAD/BOXER/CYLOM\KZ-04-84_CP-13\20220621\can_Tapper17-02-11-10-33-49.pcap.gz
82,2021-02-16 10:46:56.034582,can_tapper17,"rgb(55,126,184)",PG1_est,122.0,105.0,116.0,13.934426229508196,60.0,123.0,-4.148894880768059,560,-16.199999999993153,-5.019999999991406,68.33333333333339,15.5,469.0,453.5,0.903304,0.001323042998897464,0.0037486218302094816,0.0015435501653803748,synchronized_peak_current_voltage_drop,0.9400000000095261,1.0000000000001563,2.892719705486028,143.59795011347384,0.8693595010091342,5952,6.918238993710692,0.6029794512642047,0.9916666666666666,-5.941520467836257,173.0,2.300743,7,342,60.0,120.0,111.0,115.0,129.0,145.0,145.0,143.0,14.210027,119.857213,432773.490123,1611,368,423,//qar7000185/GP0_UPLOAD/BOXER/CYLOM\KZ-04-84_CP-13\20220621\can_Tapper17-02-16-10-46-41.pcap.gz
82,2021-02-16 10:46:56.034582,can_tapper17,"rgb(55,126,184)",PG2,122.0,111.0,117.0,9.01639344262295,60.0,123.0,-11.61560737483962,560,-16.199999999993153,-5.019999999991406,68.33333333333339,15.5,469.0,453.5,0.903304,0.0011025358324145535,0.0024255788313120178,0.001323042998897464,synchronized_peak_current_voltage_drop,0.9600000000095292,1.740000000000272,3.2620894576029285,142.63179852565972,0.8818517397936976,5951,5.405405405405405,0.6621943262890592,0.9916666666666666,-5.941520467836257,173.0,2.300743,7,342,60.0,120.0,111.0,115.0,128.0,142.0,142.0,143.0,14.210027,119.857213,432773.490123,1611,368,423,//qar7000185/GP0_UPLOAD/BOXER/CYLOM\KZ-04-84_CP-13\20220621\can_Tapper17-02-16-10-46-41.pcap.gz
82,2021-02-16 10:46:56.034582,can_tapper17,"rgb(55,126,184)",PG3_est,122.0,111.0,111.0,9.01639344262295,60.0,123.0,-2.1461657408129488e-13,560,-16.199999999993153,-5.019999999991406,68.33333333333339,15.5,469.0,453.5,0.903304,0.0024255788313120178,0.0024255788313120178,0.002646085997794928,synchronized_peak_current_voltage_drop,0.7000000000094886,1.5000000000002345,3.2620894576029285,143.9994333574234,0.879277827423425,5964,2.4175824175824174,0.5291148648020534,0.9916666666666666,-5.941520467836257,173.0,2.300743,7,342,60.0,120.0,111.0,115.0,124.0,144.0,145.0,144.0,14.210027,119.857213,432773.490123,1611,368,423,//qar7000185/GP0_UPLOAD/BOXER/CYLOM\KZ-04-84_CP-13\20220621\can_Tapper17-02-16-10-46-41.pcap.gz
82,2021-02-16 10:46:56.034582,can_tapper17,"rgb(55,126,184)",PG4,122.0,111.0,111.0,9.01639344262295,60.0,123.0,-2.1461657408129488e-13,560,-16.199999999993153,-5.019999999991406,68.33333333333339,15.5,469.0,453.5,0.903304,0.0024255788313120178,0.0024255788313120178,0.002646085997794928,synchronized_peak_current_voltage_drop,0.7000000000094886,1.5000000000002345,3.2620894576029285,143.9994333574234,0.879277827423425,5964,2.4175824175824174,0.5291148648020534,0.9916666666666666,-5.941520467836257,173.0,2.300743,7,342,60.0,120.0,111.0,115.0,124.0,144.0,145.0,144.0,14.210027,119.857213,432773.490123,1611,368,423,//qar7000185/GP0_UPLOAD/BOXER/CYLOM\KZ-04-84_CP-13\20220621\can_Tapper17-02-16-10-46-41.pcap.gz
83,2021-03-08 13:10:13.723789,can_tapper17,"rgb(77,175,74)",PG1_est,123.0,109.0,109.0,11.38211382113821,68.33333333333339,125.0,-5.960491537995149,1500,-35.019999999991406,-5.019999999991406,90.0,19.0,348.0,329.0,0.525679,0.00425531914893617,0.00425531914893617,0.004863221884498481,synchronized_peak_current_voltage_drop,0.5000000000094573,0.5000000000000782,119.99999999999996,108.43135838448002,0.4557543560354218,5974,5.831533477321814,1.46767156669754,3.208333333333333,4.209558823529412,47.0,2.030531,7,272,60.0,120.0,117.0,122.0,134.0,143.0,143.0,124.0,44.897584,119.906309,1736597.689207,1980,351,114,//qar7000185/GP0_UPLOAD/BOXER/CYLOM\KZ-04-84_CP-13\20220621\can_Tapper17-03-08-13-09-28.pcap.gz
83,2021-03-08 13:10:13.723789,can_tapper17,"rgb(77,175,74)",PG2,124.0,110.0,110.0,11.29032258064516,78.00000000000004,125.0,-5.556998025331265,1500,-35.019999999991406,-5.019999999991406,90.0,19.0,348.0,329.0,0.525679,0.00425531914893617,0.00425531914893617,0.004559270516717325,synchronized_peak_current_voltage_drop,0.5000000000094573,1.0000000000001563,119.99999999999996,110.24663254323335,0.466607108401632,5974,4.967602591792657,1.2458056132820468,3.208333333333333,4.209558823529412,47.0,2.030531,7,272,60.0,120.0,116.0,122.0,134.0,142.0,141.0,125.0,44.897584,119.906309,1736597.689207,1980,351,114,//qar7000185/GP0_UPLOAD/BOXER/CYLOM\KZ-04-84_CP-13\20220621\can_Tapper17-03-08-13-09-28.pcap.gz
83,2021-03-08 13:10:13.723789,can_tapper17,"rgb(77,175,74)",PG3_est,124.0,116.0,122.0,6.451612903225806,78.00000000000004,125.0,-4.800002133333593,1500,-35.019999999991406,-5.019999999991406,90.0,19.0,348.0,329.0,0.525679,0.0006079027355623101,0.0024316109422492403,0.000911854103343465,synchronized_peak_current_voltage_drop,1.0000000000095355,0.5000000000000782,119.99999999999996,107.23682021217311,0.5068881496264758,5949,5.399568034557236,1.3030856692649655,3.208333333333333,4.209558823529412,47.0,2.030531,7,272,60.0,120.0,116.0,122.0,134.0,144.0,145.0,125.0,44.897584,119.906309,1736597.689207,1980,351,114,//qar7000185/GP0_UPLOAD/BOXER/CYLOM\KZ-04-84_CP-13\20220621\can_Tapper17-03-08-13-09-28.pcap.gz
83,2021-03-08 13:10:13.723789,can_tapper17,"rgb(77,175,74)",PG4,124.0,116.0,122.0,6.451612903225806,78.00000000000004,125.0,-4.800002133333593,1500,-35.019999999991406,-5.019999999991406,90.0,19.0,348.0,329.0,0.525679,0.0006079027355623101,0.0024316109422492403,0.000911854103343465,synchronized_peak_current_voltage_drop,1.0000000000095355,0.5000000000000782,119.99999999999996,107.23682021217311,0.5068881496264758,5949,5.399568034557236,1.3030856692649655,3.208333333333333,4.209558823529412,47.0,2.030531,7,272,60.0,120.0,116.0,122.0,134.0,144.0,145.0,125.0,44.897584,119.906309,1736597.689207,1980,351,114,//qar7000185/GP0_UPLOAD/BOXER/CYLOM\KZ-04-84_CP-13\20220621\can_Tapper17-03-08-13-09-28.pcap.gz
84,2021-03-15 09:03:45.936908,can_tapper17,"rgb(152,78,163)",PG1_est,125.0,95.0,95.0,24.0,90.0,125.0,3.8193274090604227e-13,42,-5.839999999991534,-5.019999999991406,90.0,0.0,475.0,475.0,0.511476,0.00631578947368421,0.00631578947368421,0.00631578947368421,synchronized_peak_current_voltage_drop,0.5200000000094605,0.5000000000000782,2.27471676670449,139.10646649319156,0.21381704178454175,4532,18.803418803418804,1.5226034948667293,5.175,-1.3269230769230769,32.0,2.014611,8,208,60.0,120.0,110.0,118.0,123.0,143.0,144.0,143.0,3.862343,89.21105,590012.213119,1119,224,229,//qar7000185/GP0_UPLOAD/BOXER/CYLOM\KZ-04-84_CP-13\20220621\can_Tapper17-03-15-09-03-41.pcap.gz
84,2021-03-15 09:03:45.936908,can_tapper17,"rgb(152,78,163)",PG2,125.0,110.0,125.0,12.0,90.0,125.0,3.8193274090604227e-13,42,-5.839999999991534,-5.019999999991406,90.0,0.0,475.0,475.0,0.511476,,0.003157894736842105,,synchronized_peak_current_voltage_drop,0.5400000000094636,1.5000000000002345,2.27471676670449,138.78441405494624,0.23353514515936746,4532,6.837606837606837,1.537686923924227,5.175,-1.3269230769230769,32.0,2.014611,8,208,60.0,120.0,110.0,118.0,123.0,143.0,142.0,143.0,3.862343,89.21105,590012.213119,1119,224,229,//qar7000185/GP0_UPLOAD/BOXER/CYLOM\KZ-04-84_CP-13\20220621\can_Tapper17-03-15-09-03-41.pcap.gz
84,2021-03-15 09:03:45.936908,can_tapper17,"rgb(152,78,163)",PG3_est,125.0,116.0,124.0,7.199999999999999,90.0,126.0,2.109516412153345e-12,42,-5.839999999991534,-5.019999999991406,95.0,0.0,475.0,475.0,0.511476,0.0002105263157894737,0.0018947368421052633,0.0004210526315789474,synchronized_peak_current_voltage_drop,0.8000000000095042,1.0000000000001563,2.565174071178317,140.97881349258023,0.17684915647006172,4520,5.982905982905983,1.3168695109996176,5.175,-1.3269230769230769,32.0,2.014611,8,208,60.0,120.0,116.0,120.0,123.0,144.0,146.0,146.0,3.862343,89.21105,590012.213119,1119,224,229,//qar7000185/GP0_UPLOAD/BOXER/CYLOM\KZ-04-84_CP-13\20220621\can_Tapper17-03-15-09-03-41.pcap.gz
84,2021-03-15 09:03:45.936908,can_tapper17,"rgb(152,78,163)",PG4,125.0,116.0,124.0,7.199999999999999,90.0,126.0,2.109516412153345e-12,42,-5.839999999991534,-5.019999999991406,95.0,0.0,475.0,475.0,0.511476,0.0002105263157894737,0.0018947368421052633,0.0004210526315789474,synchronized_peak_current_voltage_drop,0.8000000000095042,1.0000000000001563,2.565174071178317,140.97881349258023,0.17684915647006172,4520,5.982905982905983,1.3168695109996176,5.175,-1.3269230769230769,32.0,2.014611,8,208,60.0,120.0,116.0,120.0,123.0,144.0,146.0,146.0,3.862343,89.21105,590012.213119,1119,224,229,//qar7000185/GP0_UPLOAD/BOXER/CYLOM\KZ-04-84_CP-13\20220621\can_Tapper17-03-15-09-03-41.pcap.gz
85,2021-03-15 09:13:01.396900,can_tapper17,"rgb(255,127,0)",PG1_est,128.0,113.0,121.0,11.71875,100.0,130.0,-22.7648723406812,504,-15.079999999992978,-5.019999999991406,100.0,0.0,205.0,205.0,1.334429,0.0034146341463414634,0.007317073170731708,0.004390243902439025,synchronized_peak_current_voltage_drop,1.0400000000095417,0.5000000000000782,2.27471676670449,139.74738687875742,0.2725370181627147,2681,4.237288135593221,0.7274064073367191,6.5,-1.9083333333333334,30.0,2.332552,3,120,60.0,120.0,124.0,124.0,125.0,143.0,142.0,,13.09445,52.698631,555.459992,792,136,182,//qar7000185/GP0_UPLOAD/BOXER/CYLOM\KZ-04-84_CP-13\20220621\can_Tapper17-03-15-09-12-48.pcap.gz
85,2021-03-15 09:13:01.396900,can_tapper17,"rgb(255,127,0)",PG2,129.0,117.0,119.0,9.30232558139535,100.0,130.0,-13.583749741061368,504,-15.079999999992978,-5.019999999991406,100.0,0.0,205.0,205.0,1.334429,0.004878048780487805,0.005853658536585366,0.005365853658536586,synchronized_peak_current_voltage_drop,1.0600000000095449,0.7400000000001157,2.27471676670449,140.58784266019677,0.29229744047590434,2681,4.237288135593221,0.8846956822404135,6.5,-1.9083333333333334,30.0,2.332552,3,120,60.0,120.0,123.0,123.0,126.0,143.0,144.0,,13.09445,52.698631,555.459992,792,136,182,//qar7000185/GP0_UPLOAD/BOXER/CYLOM\KZ-04-84_CP-13\20220621\can_Tapper17-03-15-09-12-48.pcap.gz
85,2021-03-15 09:13:01.396900,can_tapper17,"rgb(255,127,0)",PG3_est,129.0,118.0,121.0,8.527131782945736,100.0,130.0,-21.39895188041592,504,-15.079999999992978,-5.019999999991406,100.0,0.0,205.0,205.0,1.334429,0.0039024390243902443,0.005365853658536586,0.004390243902439025,synchronized_peak_current_voltage_drop,0.8200000000095073,1.0000000000001563,2.565174071178317,141.86359280919345,0.30477964583248773,2693,2.277432712215321,0.4953712226666395,6.5,-1.9083333333333334,30.0,2.332552,3,120,60.0,120.0,118.0,125.0,134.0,144.0,145.0,,13.09445,52.698631,555.459992,792,136,182,//qar7000185/GP0_UPLOAD/BOXER/CYLOM\KZ-04-84_CP-13\20220621\can_Tapper17-03-15-09-12-48.pcap.gz
85,2021-03-15 09:13:01.396900,can_tapper17,"rgb(255,127,0)",PG4,129.0,118.0,121.0,8.527131782945736,100.0,130.0,-21.39895188041592,504,-15.079999999992978,-5.019999999991406,100.0,0.0,205.0,205.0,1.334429,0.0039024390243902443,0.005365853658536586,0.004390243902439025,synchronized_peak_current_voltage_drop,0.8200000000095073,1.0000000000001563,2.565174071178317,141.86359280919345,0.30477964583248773,2693,2.277432712215321,0.4953712226666395,6.5,-1.9083333333333334,30.0,2.332552,3,120,60.0,120.0,118.0,125.0,134.0,144.0,145.0,,13.09445,52.698631,555.459992,792,136,182,//qar7000185/GP0_UPLOAD/BOXER/CYLOM\KZ-04-84_CP-13\20220621\can_Tapper17-03-15-09-12-48.pcap.gz
86,2021-03-24 08:38:46.993032,can_tapper17,"rgb(255,255,51)",PG1_est,125.0,116.0,121.0,7.199999999999999,90.0,,,0,,,,0.0,431.0,431.0,0.822169,0.0009280742459396752,0.0020881670533642693,,synchronized_peak_current_voltage_drop,0.6800000000094855,0.020000000000003126,2.892719705486028,141.6107932066587,0.8157508480349709,5965,6.0728744939271255,0.8293691049931359,6.1,-3.480769230769231,13.0,2.327282,7,312,60.0,120.0,116.0,121.0,136.0,142.0,142.0,142.0,2.449204,119.892248,775545.596132,1470,324,466,//qar7000185/GP0_UPLOAD/BOXER/CYLOM\KZ-04-84_CP-13\20220621\can_Tapper17-03-24-08-38-44.pcap.gz
86,2021-03-24 08:38:46.993032,can_tapper17,"rgb(255,255,51)",PG2,126.0,116.0,121.0,7.936507936507936,95.0,,,0,,,,0.0,431.0,431.0,0.822169,0.001160092807424594,0.002320185614849188,,synchronized_peak_current_voltage_drop,0.9400000000095261,1.0200000000001594,3.2620894576029285,143.65359395729325,0.860079523575244,5952,2.542372881355932,0.674544470008112,6.1,-3.480769230769231,13.0,2.327282,7,312,60.0,120.0,116.0,122.0,137.0,143.0,143.0,143.0,2.449204,119.892248,775545.596132,1470,324,466,//qar7000185/GP0_UPLOAD/BOXER/CYLOM\KZ-04-84_CP-13\20220621\can_Tapper17-03-24-08-38-44.pcap.gz
86,2021-03-24 08:38:46.993032,can_tapper17,"rgb(255,255,51)",PG3_est,126.0,115.0,115.0,8.73015873015873,95.0,,,0,,,,0.0,431.0,431.0,0.822169,0.002552204176334107,0.002552204176334107,,synchronized_peak_current_voltage_drop,0.7000000000094886,1.5000000000002345,2.892719705486028,142.3354231884522,0.8200649208635677,5964,2.542372881355932,0.5650328741115173,6.1,-3.480769230769231,13.0,2.327282,7,312,60.0,120.0,115.0,119.0,132.0,143.0,143.0,143.0,2.449204,119.892248,775545.596132,1470,324,466,//qar7000185/GP0_UPLOAD/BOXER/CYLOM\KZ-04-84_CP-13\20220621\can_Tapper17-03-24-08-38-44.pcap.gz
86,2021-03-24 08:38:46.993032,can_tapper17,"rgb(255,255,51)",PG4,126.0,115.0,115.0,8.73015873015873,95.0,,,0,,,,0.0,431.0,431.0,0.822169,0.002552204176334107,0.002552204176334107,,synchronized_peak_current_voltage_drop,0.7000000000094886,1.5000000000002345,2.892719705486028,142.3354231884522,0.8200649208635677,5964,2.542372881355932,0.5650328741115173,6.1,-3.480769230769231,13.0,2.327282,7,312,60.0,120.0,115.0,119.0,132.0,143.0,143.0,143.0,2.449204,119.892248,775545.596132,1470,324,466,//qar7000185/GP0_UPLOAD/BOXER/CYLOM\KZ-04-84_CP-13\20220621\can_Tapper17-03-24-08-38-44.pcap.gz
87,2021-03-24 10:14:16.706911,can_tapper17,"rgb(166,86,40)",PG1_est,123.0,116.0,122.0,5.691056910569105,68.33333333333339,125.0,-5.968055985801565,1500,-35.019999999991406,-5.019999999991406,90.0,0.0,397.0,397.0,1.022495,0.00025188916876574307,0.0017632241813602015,0.0007556675062972292,synchronized_peak_current_voltage_drop,0.8800000000095167,0.020000000000003126,3.2620894576029285,143.1679999691516,0.835111564170302,5955,4.329896907216495,0.8830639186103377,7.85,-5.816816816816817,104.0,2.030798,7,333,60.0,120.0,122.0,117.0,122.0,143.0,143.0,143.0,46.515036,119.856491,5729.713879,1998,411,322,//qar7000185/GP0_UPLOAD/BOXER/CYLOM\KZ-04-84_CP-13\20220621\can_Tapper17-03-24-10-13-29.pcap.gz
87,2021-03-24 10:14:16.706911,can_tapper17,"rgb(166,86,40)",PG2,124.0,115.0,115.0,7.258064516129033,78.00000000000004,125.0,-6.112002716444818,1500,-35.019999999991406,-5.019999999991406,90.0,0.0,397.0,397.0,1.022495,0.0022670025188916876,0.0022670025188916876,0.0025188916876574307,synchronized_peak_current_voltage_drop,0.9000000000095199,0.7600000000001188,2.892719705486028,143.0288060480368,0.8472673571929588,5954,3.5639412997903563,0.9051620516053319,7.85,-5.816816816816817,104.0,2.030798,7,333,60.0,120.0,115.0,118.0,123.0,143.0,143.0,143.0,46.515036,119.856491,5729.713879,1998,411,322,//qar7000185/GP0_UPLOAD/BOXER/CYLOM\KZ-04-84_CP-13\20220621\can_Tapper17-03-24-10-13-29.pcap.gz
87,2021-03-24 10:14:16.706911,can_tapper17,"rgb(166,86,40)",PG3_est,124.0,115.0,120.0,7.258064516129033,78.00000000000004,125.0,-5.370669053629817,1500,-35.019999999991406,-5.019999999991406,90.0,0.0,397.0,397.0,1.022495,0.0010075566750629723,0.0022670025188916876,0.0012594458438287153,synchronized_peak_current_voltage_drop,1.1400000000095574,0.5000000000000782,2.892719705486028,143.73026202134403,0.8404136403006142,5942,2.268041237113402,0.4816152784924418,7.85,-5.816816816816817,104.0,2.030798,7,333,60.0,120.0,120.0,120.0,122.0,143.0,144.0,144.0,46.515036,119.856491,5729.713879,1998,411,322,//qar7000185/GP0_UPLOAD/BOXER/CYLOM\KZ-04-84_CP-13\20220621\can_Tapper17-03-24-10-13-29.pcap.gz
87,2021-03-24 10:14:16.706911,can_tapper17,"rgb(166,86,40)",PG4,124.0,115.0,120.0,7.258064516129033,78.00000000000004,125.0,-5.370669053629817,1500,-35.019999999991406,-5.019999999991406,90.0,0.0,397.0,397.0,1.022495,0.0010075566750629723,0.0022670025188916876,0.0012594458438287153,synchronized_peak_current_voltage_drop,1.1400000000095574,0.5000000000000782,2.892719705486028,143.73026202134403,0.8404136403006142,5942,2.268041237113402,0.4816152784924418,7.85,-5.816816816816817,104.0,2.030798,7,333,60.0,120.0,120.0,120.0,122.0,143.0,144.0,144.0,46.515036,119.856491,5729.713879,1998,411,322,//qar7000185/GP0_UPLOAD/BOXER/CYLOM\KZ-04-84_CP-13\20220621\can_Tapper17-03-24-10-13-29.pcap.gz
88,2021-05-12 08:48:06.769965,can_tapper17,"rgb(247,129,191)",PG1_est,120.0,101.0,111.0,15.833333333333332,46.24999999999997,121.0,-8.384718482053438,899,-22.979999999994213,-5.019999999991406,52.857142857142826,14.0,468.0,454.0,0.934238,0.001982378854625551,0.004185022026431718,0.0022026431718061676,synchronized_peak_current_voltage_drop,0.9000000000095199,0.5000000000000782,3.678623825607137,141.70403322257,0.8517785690023326,5954,11.013215859030836,0.6964819446316709,10.8,-31.11182108626198,13.0,2.433069,14,626,60.0,120.0,111.0,118.0,115.0,141.0,140.0,142.0,20.996927,119.832069,4228430.063054,3384,708,832,//qar7000185/GP0_UPLOAD/BOXER/CYLOM\KZ-04-84_CP-13\20220621\can_Tapper17-05-12-08-47-45.pcap.gz
88,2021-05-12 08:48:06.769965,can_tapper17,"rgb(247,129,191)",PG2,121.0,111.0,111.0,8.264462809917356,52.857142857142826,121.0,-4.154083601922647,899,-22.979999999994213,-5.019999999991406,52.857142857142826,14.0,468.0,454.0,0.934238,0.0022026431718061676,0.0022026431718061676,0.0022026431718061676,synchronized_peak_current_voltage_drop,0.920000000009523,1.0000000000001563,3.2620894576029285,144.39539197825272,0.8605851327397753,5953,6.607929515418502,0.5403032321573616,10.8,-31.11182108626198,13.0,2.433069,14,626,60.0,120.0,111.0,119.0,124.0,146.0,145.0,144.0,20.996927,119.832069,4228430.063054,3384,708,832,//qar7000185/GP0_UPLOAD/BOXER/CYLOM\KZ-04-84_CP-13\20220621\can_Tapper17-05-12-08-47-45.pcap.gz
88,2021-05-12 08:48:06.769965,can_tapper17,"rgb(247,129,191)",PG3_est,121.0,111.0,111.0,8.264462809917356,52.857142857142826,121.0,-7.184176429637021,899,-22.979999999994213,-5.019999999991406,52.857142857142826,14.0,468.0,454.0,0.934238,0.0022026431718061676,0.0022026431718061676,0.0022026431718061676,synchronized_peak_current_voltage_drop,0.920000000009523,1.0000000000001563,2.892719705486028,143.22442494549563,0.8466154007191321,5953,2.202643171806167,0.4321175954398122,10.8,-31.11182108626198,13.0,2.433069,14,626,60.0,120.0,111.0,119.0,124.0,146.0,143.0,143.0,20.996927,119.832069,4228430.063054,3384,708,832,//qar7000185/GP0_UPLOAD/BOXER/CYLOM\KZ-04-84_CP-13\20220621\can_Tapper17-05-12-08-47-45.pcap.gz
88,2021-05-12 08:48:06.769965,can_tapper17,"rgb(247,129,191)",PG4,121.0,111.0,111.0,8.264462809917356,52.857142857142826,121.0,-7.184176429637021,899,-22.979999999994213,-5.019999999991406,52.857142857142826,14.0,468.0,454.0,0.934238,0.0022026431718061676,0.0022026431718061676,0.0022026431718061676,synchronized_peak_current_voltage_drop,0.920000000009523,1.0000000000001563,2.892719705486028,143.22442494549563,0.8466154007191321,5953,2.202643171806167,0.4321175954398122,10.8,-31.11182108626198,13.0,2.433069,14,626,60.0,120.0,111.0,119.0,124.0,146.0,143.0,143.0,20.996927,119.832069,4228430.063054,3384,708,832,//qar7000185/GP0_UPLOAD/BOXER/CYLOM\KZ-04-84_CP-13\20220621\can_Tapper17-05-12-08-47-45.pcap.gz
89,2021-05-12 08:48:06.769965,can_tapper17,"rgb(153,153,153)",PG1_est,120.0,101.0,111.0,15.833333333333332,46.24999999999997,121.0,-8.384718482053438,899,-22.979999999994213,-5.019999999991406,52.857142857142826,14.0,468.0,454.0,0.934238,0.001982378854625551,0.004185022026431718,0.0022026431718061676,synchronized_peak_current_voltage_drop,0.9000000000095199,0.5000000000000782,3.678623825607137,141.70403322257,0.8517785690023326,5954,11.013215859030836,0.6964819446316709,10.8,-31.11182108626198,13.0,2.433069,14,626,60.0,120.0,111.0,118.0,115.0,141.0,140.0,142.0,20.996927,119.832069,0.0,3384,708,832,//qar7000185/GP0_UPLOAD/BOXER/CYLOM\KZ-04-84_CP-13\20220621\can_Tapper17-05-12-08-47-45.pcap.gz
89,2021-05-12 08:48:06.769965,can_tapper17,"rgb(153,153,153)",PG2,121.0,111.0,111.0,8.264462809917356,52.857142857142826,121.0,-4.154083601922647,899,-22.979999999994213,-5.019999999991406,52.857142857142826,14.0,468.0,454.0,0.934238,0.0022026431718061676,0.0022026431718061676,0.0022026431718061676,synchronized_peak_current_voltage_drop,0.920000000009523,1.0000000000001563,3.2620894576029285,144.39539197825272,0.8605851327397753,5953,6.607929515418502,0.5403032321573616,10.8,-31.11182108626198,13.0,2.433069,14,626,60.0,120.0,111.0,119.0,124.0,146.0,145.0,144.0,20.996927,119.832069,0.0,3384,708,832,//qar7000185/GP0_UPLOAD/BOXER/CYLOM\KZ-04-84_CP-13\20220621\can_Tapper17-05-12-08-47-45.pcap.gz
89,2021-05-12 08:48:06.769965,can_tapper17,"rgb(153,153,153)",PG3_est,121.0,111.0,111.0,8.264462809917356,52.857142857142826,121.0,-7.184176429637021,899,-22.979999999994213,-5.019999999991406,52.857142857142826,14.0,468.0,454.0,0.934238,0.0022026431718061676,0.0022026431718061676,0.0022026431718061676,synchronized_peak_current_voltage_drop,0.920000000009523,1.0000000000001563,2.892719705486028,143.22442494549563,0.8466154007191321,5953,2.202643171806167,0.4321175954398122,10.8,-31.11182108626198,13.0,2.433069,14,626,60.0,120.0,111.0,119.0,124.0,146.0,143.0,143.0,20.996927,119.832069,0.0,3384,708,832,//qar7000185/GP0_UPLOAD/BOXER/CYLOM\KZ-04-84_CP-13\20220621\can_Tapper17-05-12-08-47-45.pcap.gz
89,2021-05-12 08:48:06.769965,can_tapper17,"rgb(153,153,153)",PG4,121.0,111.0,111.0,8.264462809917356,52.857142857142826,121.0,-7.184176429637021,899,-22.979999999994213,-5.019999999991406,52.857142857142826,14.0,468.0,454.0,0.934238,0.0022026431718061676,0.0022026431718061676,0.0022026431718061676,synchronized_peak_current_voltage_drop,0.920000000009523,1.0000000000001563,2.892719705486028,143.22442494549563,0.8466154007191321,5953,2.202643171806167,0.4321175954398122,10.8,-31.11182108626198,13.0,2.433069,14,626,60.0,120.0,111.0,119.0,124.0,146.0,143.0,143.0,20.996927,119.832069,0.0,3384,708,832,//qar7000185/GP0_UPLOAD/BOXER/CYLOM\KZ-04-84_CP-13\20220621\can_Tapper17-05-12-08-47-45.pcap.gz
90,2021-05-12 09:24:43.536720,can_tapper17,"rgb(228,26,28)",PG1_est,126.0,118.0,122.0,6.349206349206349,95.0,127.0,-3.364899647310742,485,-14.699999999992919,-5.019999999991406,100.0,17.0,441.0,424.0,0.818807,0.0009433962264150943,0.0018867924528301887,0.0011792452830188679,synchronized_peak_current_voltage_drop,0.9400000000095261,0.5000000000000782,2.892719705486028,140.50397891313847,0.8361422802588674,2493,2.2044088176352705,0.6430689114496378,13.9,-48.93181818181818,17.0,2.314116,6,132,60.0,120.0,118.0,124.0,140.0,141.0,140.0,,12.709504,48.82139,2196.766755,741,161,138,//qar7000185/GP0_UPLOAD/BOXER/CYLOM\KZ-04-84_CP-13\20220621\can_Tapper17-05-12-09-24-30.pcap.gz
90,2021-05-12 09:24:43.536720,can_tapper17,"rgb(228,26,28)",PG2,127.0,118.0,123.0,7.086614173228346,100.0,127.0,9.324983302296924e-14,485,-14.699999999992919,-5.019999999991406,100.0,17.0,441.0,424.0,0.818807,0.0009433962264150943,0.0021226415094339622,0.0009433962264150943,synchronized_peak_current_voltage_drop,0.9400000000095261,0.5000000000000782,3.2620894576029285,146.02149203764148,0.8816686978831401,2493,2.286902286902287,0.45665958591134026,13.9,-48.93181818181818,17.0,2.314116,6,132,60.0,120.0,118.0,125.0,141.0,147.0,146.0,,12.709504,48.82139,2196.766755,741,161,138,//qar7000185/GP0_UPLOAD/BOXER/CYLOM\KZ-04-84_CP-13\20220621\can_Tapper17-05-12-09-24-30.pcap.gz
90,2021-05-12 09:24:43.536720,can_tapper17,"rgb(228,26,28)",PG3_est,127.0,118.0,118.0,7.086614173228346,100.0,128.0,-13.026758262620255,485,-14.699999999992919,-5.019999999991406,100.0,17.0,441.0,424.0,0.818807,0.0021226415094339622,0.0021226415094339622,0.0023584905660377358,synchronized_peak_current_voltage_drop,0.7000000000094886,0.7400000000001157,3.2620894576029285,144.5359361151351,0.8820759268725377,2506,1.8711018711018712,0.4024542495508669,13.9,-48.93181818181818,17.0,2.314116,6,132,60.0,120.0,118.0,125.0,139.0,146.0,144.0,,12.709504,48.82139,2196.766755,741,161,138,//qar7000185/GP0_UPLOAD/BOXER/CYLOM\KZ-04-84_CP-13\20220621\can_Tapper17-05-12-09-24-30.pcap.gz
90,2021-05-12 09:24:43.536720,can_tapper17,"rgb(228,26,28)",PG4,127.0,118.0,118.0,7.086614173228346,100.0,128.0,-13.026758262620255,485,-14.699999999992919,-5.019999999991406,100.0,17.0,441.0,424.0,0.818807,0.0021226415094339622,0.0021226415094339622,0.0023584905660377358,synchronized_peak_current_voltage_drop,0.7000000000094886,0.7400000000001157,3.2620894576029285,144.5359361151351,0.8820759268725377,2506,1.8711018711018712,0.4024542495508669,13.9,-48.93181818181818,17.0,2.314116,6,132,60.0,120.0,118.0,125.0,139.0,146.0,144.0,,12.709504,48.82139,2196.766755,741,161,138,//qar7000185/GP0_UPLOAD/BOXER/CYLOM\KZ-04-84_CP-13\20220621\can_Tapper17-05-12-09-24-30.pcap.gz
91,2021-05-12 12:38:49.686586,can_tapper17,"rgb(55,126,184)",PG1_est,124.0,101.0,115.0,18.548387096774192,78.00000000000004,124.0,-0.8405159291179406,1500,-35.019999999991406,-5.019999999991406,78.00000000000004,0.0,335.0,335.0,1.335521,0.0026865671641791047,0.006865671641791044,0.0026865671641791047,synchronized_peak_current_voltage_drop,0.7400000000094948,0.5000000000000782,0.8697836259128763,123.78143968882074,0.8853204001887944,206,14.947368421052632,0.7968528257270507,15.75,17.5,18.0,2.331955,4,2,60.0,120.0,113.0,125.0,123.0,,,,59.912898,3.098669,11646.149866,757,71,177,//qar7000185/GP0_UPLOAD/BOXER/CYLOM\KZ-04-84_CP-13\20220621\can_Tapper17-05-12-12-37-49.pcap.gz
91,2021-05-12 12:38:49.686586,can_tapper17,"rgb(55,126,184)",PG2,125.0,112.0,115.0,10.4,90.0,125.0,0.09629337613061023,1500,-35.019999999991406,-5.019999999991406,90.0,0.0,335.0,335.0,1.335521,0.0029850746268656717,0.0038805970149253734,0.0029850746268656717,synchronized_peak_current_voltage_drop,0.760000000009498,1.0000000000001563,0.8697836259128763,123.78400537653607,0.9290525578226031,205,4.421052631578948,0.5810987585569085,15.75,17.5,18.0,2.331955,4,2,60.0,120.0,112.0,120.0,123.0,,,,59.912898,3.098669,11646.149866,757,71,177,//qar7000185/GP0_UPLOAD/BOXER/CYLOM\KZ-04-84_CP-13\20220621\can_Tapper17-05-12-12-37-49.pcap.gz
91,2021-05-12 12:38:49.686586,can_tapper17,"rgb(55,126,184)",PG3_est,125.0,112.0,117.0,10.4,90.0,125.0,-0.08950226200093683,1500,-35.019999999991406,-5.019999999991406,90.0,0.0,335.0,335.0,1.335521,0.0023880597014925373,0.0038805970149253734,0.0023880597014925373,synchronized_peak_current_voltage_drop,0.760000000009498,1.0000000000001563,0.6839623602372568,123.50586661373418,0.8887746431206964,206,5.2631578947368425,0.43877279345291015,15.75,17.5,18.0,2.331955,4,2,60.0,120.0,112.0,123.0,123.0,,,,59.912898,3.098669,11646.149866,757,71,177,//qar7000185/GP0_UPLOAD/BOXER/CYLOM\KZ-04-84_CP-13\20220621\can_Tapper17-05-12-12-37-49.pcap.gz
91,2021-05-12 12:38:49.686586,can_tapper17,"rgb(55,126,184)",PG4,125.0,112.0,117.0,10.4,90.0,125.0,-0.08950226200093683,1500,-35.019999999991406,-5.019999999991406,90.0,0.0,335.0,335.0,1.335521,0.0023880597014925373,0.0038805970149253734,0.0023880597014925373,synchronized_peak_current_voltage_drop,0.760000000009498,1.0000000000001563,0.6839623602372568,123.50586661373418,0.8887746431206964,206,5.2631578947368425,0.43877279345291015,15.75,17.5,18.0,2.331955,4,2,60.0,120.0,112.0,123.0,123.0,,,,59.912898,3.098669,11646.149866,757,71,177,//qar7000185/GP0_UPLOAD/BOXER/CYLOM\KZ-04-84_CP-13\20220621\can_Tapper17-05-12-12-37-49.pcap.gz
92,2021-06-01 13:32:46.595631,can_tapper17,"rgb(77,175,74)",PG1_est,116.0,103.0,103.0,11.206896551724139,40.0,117.0,-5.425709746595462,1316,-31.319999999995517,-5.019999999991406,40.0,17.0,375.0,358.0,1.509675,0.0036312849162011174,0.0036312849162011174,0.003910614525139664,synchronized_peak_current_voltage_drop,0.8000000000095042,1.260000000000197,3.2620894576029285,142.27003689293804,0.8430165172557875,3244,8.240534521158128,0.8650364976429874,19.475,-104.10606060606061,200.0,2.012577,3,198,60.0,120.0,108.0,107.0,116.0,144.0,142.0,143.0,29.332936,63.711118,1731236.909045,1119,266,380,//qar7000185/GP0_UPLOAD/BOXER/CYLOM\KZ-04-84_CP-13\20220621\can_Tapper17-06-01-13-32-17.pcap.gz
92,2021-06-01 13:32:46.595631,can_tapper17,"rgb(77,175,74)",PG2,117.0,102.0,102.0,12.82051282051282,40.0,117.0,-5.544913588139253,1316,-31.319999999995517,-5.019999999991406,40.0,17.0,375.0,358.0,1.509675,0.004189944134078212,0.004189944134078212,0.004189944134078212,synchronized_peak_current_voltage_drop,1.0600000000095449,1.0000000000001563,2.892719705486028,142.38420319324783,0.8468070450119392,3232,2.396514161220044,0.8753204395467507,19.475,-104.10606060606061,200.0,2.012577,3,198,60.0,120.0,107.0,107.0,117.0,144.0,143.0,142.0,29.332936,63.711118,1731236.909045,1119,266,380,//qar7000185/GP0_UPLOAD/BOXER/CYLOM\KZ-04-84_CP-13\20220621\can_Tapper17-06-01-13-32-17.pcap.gz
92,2021-06-01 13:32:46.595631,can_tapper17,"rgb(77,175,74)",PG3_est,117.0,102.0,105.0,12.82051282051282,40.0,118.0,-8.866944056040559,1316,-31.319999999995517,-5.019999999991406,40.0,17.0,375.0,358.0,1.509675,0.0033519553072625698,0.004189944134078212,0.0036312849162011174,synchronized_peak_current_voltage_drop,1.0600000000095449,1.260000000000197,3.2620894576029285,142.6151493441361,0.8516108977152211,3232,4.23162583518931,0.8062737131721793,19.475,-104.10606060606061,200.0,2.012577,3,198,60.0,120.0,110.0,108.0,117.0,144.0,143.0,143.0,29.332936,63.711118,1731236.909045,1119,266,380,//qar7000185/GP0_UPLOAD/BOXER/CYLOM\KZ-04-84_CP-13\20220621\can_Tapper17-06-01-13-32-17.pcap.gz
92,2021-06-01 13:32:46.595631,can_tapper17,"rgb(77,175,74)",PG4,117.0,102.0,105.0,12.82051282051282,40.0,118.0,-8.866944056040559,1316,-31.319999999995517,-5.019999999991406,40.0,17.0,375.0,358.0,1.509675,0.0033519553072625698,0.004189944134078212,0.0036312849162011174,synchronized_peak_current_voltage_drop,1.0600000000095449,1.260000000000197,3.2620894576029285,142.6151493441361,0.8516108977152211,3232,4.23162583518931,0.8062737131721793,19.475,-104.10606060606061,200.0,2.012577,3,198,60.0,120.0,110.0,108.0,117.0,144.0,143.0,143.0,29.332936,63.711118,1731236.909045,1119,266,380,//qar7000185/GP0_UPLOAD/BOXER/CYLOM\KZ-04-84_CP-13\20220621\can_Tapper17-06-01-13-32-17.pcap.gz
93,2021-06-03 08:49:55.776318,can_tapper17,"rgb(152,78,163)",PG1_est,129.0,121.0,126.0,6.2015503875969,100.0,130.0,-7.050440243547143,1067,-26.33999999999474,-5.019999999991406,100.0,0.0,385.0,385.0,1.033448,0.0007792207792207792,0.002077922077922078,0.001038961038961039,synchronized_peak_current_voltage_drop,1.0600000000095449,1.0000000000001563,2.565174071178317,140.59226684157125,0.5632191026488362,1718,1.36986301369863,0.19022849206133063,24.575,-25.428571428571427,113.0,2.042492,6,77,60.0,120.0,126.0,122.0,126.0,143.0,141.0,,24.351019,33.427755,155829.180687,696,128,167,//qar7000185/GP0_UPLOAD/BOXER/CYLOM\KZ-04-84_CP-13\20220621\can_Tapper17-06-03-08-49-31.pcap.gz
93,2021-06-03 08:49:55.776318,can_tapper17,"rgb(152,78,163)",PG2,129.0,121.0,127.0,6.2015503875969,100.0,130.0,-9.232686438416007,1067,-26.33999999999474,-5.019999999991406,100.0,0.0,385.0,385.0,1.033448,0.0005194805194805195,0.002077922077922078,0.0007792207792207792,synchronized_peak_current_voltage_drop,1.0600000000095449,1.0000000000001563,2.565174071178317,141.46945624629416,0.5680148016014468,1718,0.9940357852882704,0.19967474993483328,24.575,-25.428571428571427,113.0,2.042492,6,77,60.0,120.0,127.0,122.0,127.0,144.0,143.0,,24.351019,33.427755,155829.180687,696,128,167,//qar7000185/GP0_UPLOAD/BOXER/CYLOM\KZ-04-84_CP-13\20220621\can_Tapper17-06-03-08-49-31.pcap.gz
93,2021-06-03 08:49:55.776318,can_tapper17,"rgb(152,78,163)",PG3_est,129.0,121.0,125.0,6.2015503875969,100.0,130.0,-6.486727061209339,1067,-26.33999999999474,-5.019999999991406,100.0,0.0,385.0,385.0,1.033448,0.001038961038961039,0.002077922077922078,0.0012987012987012987,synchronized_peak_current_voltage_drop,1.0600000000095449,1.0000000000001563,2.0171482422437275,139.68664315152083,0.5383700478640183,1718,0.9784735812133072,0.19495162099808194,24.575,-25.428571428571427,113.0,2.042492,6,77,60.0,120.0,125.0,122.0,127.0,144.0,139.0,,24.351019,33.427755,155829.180687,696,128,167,//qar7000185/GP0_UPLOAD/BOXER/CYLOM\KZ-04-84_CP-13\20220621\can_Tapper17-06-03-08-49-31.pcap.gz
93,2021-06-03 08:49:55.776318,can_tapper17,"rgb(152,78,163)",PG4,129.0,121.0,125.0,6.2015503875969,100.0,130.0,-6.486727061209339,1067,-26.33999999999474,-5.019999999991406,100.0,0.0,385.0,385.0,1.033448,0.001038961038961039,0.002077922077922078,0.0012987012987012987,synchronized_peak_current_voltage_drop,1.0600000000095449,1.0000000000001563,2.0171482422437275,139.68664315152083,0.5383700478640183,1718,0.9784735812133072,0.19495162099808194,24.575,-25.428571428571427,113.0,2.042492,6,77,60.0,120.0,125.0,122.0,127.0,144.0,139.0,,24.351019,33.427755,155829.180687,696,128,167,//qar7000185/GP0_UPLOAD/BOXER/CYLOM\KZ-04-84_CP-13\20220621\can_Tapper17-06-03-08-49-31.pcap.gz
94,2021-06-04 07:24:19.643587,can_tapper17,"rgb(255,127,0)",PG1_est,131.0,123.0,123.0,6.106870229007633,100.0,133.0,-17.250912922899033,632,-17.63999999999338,-5.019999999991406,100.0,11.0,225.0,214.0,1.213978,0.003738317757009346,0.003738317757009346,0.004672897196261682,synchronized_peak_current_voltage_drop,0.7400000000094948,1.0000000000001563,2.565174071178317,140.82527096775675,0.7967573673120293,5962,1.3539651837524178,0.5549027530150384,25.7,-10.054237288135592,9.0,2.806716,3,295,60.0,120.0,123.0,128.0,142.0,142.0,141.0,141.0,15.664867,119.920215,81263.867269,1629,329,384,//qar7000185/GP0_UPLOAD/BOXER/CYLOM\KZ-04-84_CP-13\20220621\can_Tapper17-06-04-07-24-03.pcap.gz
94,2021-06-04 07:24:19.643587,can_tapper17,"rgb(255,127,0)",PG2,132.0,122.0,122.0,7.575757575757576,100.0,133.0,-10.355562899479546,632,-17.63999999999338,-5.019999999991406,100.0,11.0,225.0,214.0,1.213978,0.004672897196261682,0.004672897196261682,0.0051401869158878505,synchronized_peak_current_voltage_drop,0.7400000000094948,1.0000000000001563,3.2620894576029285,144.53302013083896,0.8720239551396018,5962,2.127659574468085,0.505085022541509,25.7,-10.054237288135592,9.0,2.806716,3,295,60.0,120.0,122.0,128.0,143.0,144.0,144.0,144.0,15.664867,119.920215,81263.867269,1629,329,384,//qar7000185/GP0_UPLOAD/BOXER/CYLOM\KZ-04-84_CP-13\20220621\can_Tapper17-06-04-07-24-03.pcap.gz
94,2021-06-04 07:24:19.643587,can_tapper17,"rgb(255,127,0)",PG3_est,132.0,122.0,123.0,7.575757575757576,100.0,134.0,-19.514264833345962,632,-17.63999999999338,-5.019999999991406,100.0,11.0,225.0,214.0,1.213978,0.004205607476635514,0.004672897196261682,0.0051401869158878505,synchronized_peak_current_voltage_drop,0.7400000000094948,0.7600000000001188,6.708616137836345,148.44391953208466,0.8920843205902428,5962,1.7408123791102514,0.4053738303483268,25.7,-10.054237288135592,9.0,2.806716,3,295,60.0,120.0,123.0,128.0,141.0,143.0,148.0,149.0,15.664867,119.920215,81263.867269,1629,329,384,//qar7000185/GP0_UPLOAD/BOXER/CYLOM\KZ-04-84_CP-13\20220621\can_Tapper17-06-04-07-24-03.pcap.gz
94,2021-06-04 07:24:19.643587,can_tapper17,"rgb(255,127,0)",PG4,132.0,122.0,123.0,7.575757575757576,100.0,134.0,-19.514264833345962,632,-17.63999999999338,-5.019999999991406,100.0,11.0,225.0,214.0,1.213978,0.004205607476635514,0.004672897196261682,0.0051401869158878505,synchronized_peak_current_voltage_drop,0.7400000000094948,0.7600000000001188,6.708616137836345,148.44391953208466,0.8920843205902428,5962,1.7408123791102514,0.4053738303483268,25.7,-10.054237288135592,9.0,2.806716,3,295,60.0,120.0,123.0,128.0,141.0,143.0,148.0,149.0,15.664867,119.920215,81263.867269,1629,329,384,//qar7000185/GP0_UPLOAD/BOXER/CYLOM\KZ-04-84_CP-13\20220621\can_Tapper17-06-04-07-24-03.pcap.gz
95,2021-06-04 08:26:47.893412,can_tapper17,"rgb(255,255,51)",PG1_est,129.0,115.0,115.0,10.852713178294573,100.0,130.0,-7.676207856091248,1500,-35.019999999991406,-5.019999999991406,100.0,10.0,499.0,489.0,0.735829,0.0028629856850715743,0.0028629856850715743,0.003067484662576687,synchronized_peak_current_voltage_drop,0.7000000000094886,1.5000000000002345,2.892719705486028,141.37554755332408,0.8145724329385409,4756,3.6144578313253013,1.070507239575129,25.405,-21.45045045045045,169.0,2.138356,7,222,60.0,120.0,115.0,121.0,135.0,143.0,141.0,141.0,59.960258,93.868902,3748.249825,1848,317,407,//qar7000185/GP0_UPLOAD/BOXER/CYLOM\KZ-04-84_CP-13\20220621\can_Tapper17-06-04-08-25-44.pcap.gz
95,2021-06-04 08:26:47.893412,can_tapper17,"rgb(255,255,51)",PG2,129.0,114.0,114.0,11.627906976744185,100.0,130.0,-6.44141619618385,1500,-35.019999999991406,-5.019999999991406,100.0,10.0,499.0,489.0,0.735829,0.003067484662576687,0.003067484662576687,0.0032719836400817996,synchronized_peak_current_voltage_drop,0.7000000000094886,1.5000000000002345,2.565174071178317,142.9392048811583,0.8108150535526635,4758,3.6144578313253013,0.827500612279829,25.405,-21.45045045045045,169.0,2.138356,7,222,60.0,120.0,114.0,122.0,137.0,146.0,143.0,143.0,59.960258,93.868902,3748.249825,1848,317,407,//qar7000185/GP0_UPLOAD/BOXER/CYLOM\KZ-04-84_CP-13\20220621\can_Tapper17-06-04-08-25-44.pcap.gz
95,2021-06-04 08:26:47.893412,can_tapper17,"rgb(255,255,51)",PG3_est,129.0,111.0,111.0,13.953488372093023,100.0,130.0,-5.411886849726574,1500,-35.019999999991406,-5.019999999991406,100.0,10.0,499.0,489.0,0.735829,0.0036809815950920245,0.0036809815950920245,0.003885480572597137,synchronized_peak_current_voltage_drop,0.7200000000094917,1.5000000000002345,2.892719705486028,144.2816089728582,0.7561975853605836,4757,3.6144578313253013,0.9249339040456411,25.405,-21.45045045045045,169.0,2.138356,7,222,60.0,120.0,114.0,120.0,131.0,145.0,142.0,145.0,59.960258,93.868902,3748.249825,1848,317,407,//qar7000185/GP0_UPLOAD/BOXER/CYLOM\KZ-04-84_CP-13\20220621\can_Tapper17-06-04-08-25-44.pcap.gz
95,2021-06-04 08:26:47.893412,can_tapper17,"rgb(255,255,51)",PG4,129.0,111.0,111.0,13.953488372093023,100.0,130.0,-5.411886849726574,1500,-35.019999999991406,-5.019999999991406,100.0,10.0,499.0,489.0,0.735829,0.0036809815950920245,0.0036809815950920245,0.003885480572597137,synchronized_peak_current_voltage_drop,0.7200000000094917,1.5000000000002345,2.892719705486028,144.2816089728582,0.7561975853605836,4757,3.6144578313253013,0.9249339040456411,25.405,-21.45045045045045,169.0,2.138356,7,222,60.0,120.0,114.0,120.0,131.0,145.0,142.0,145.0,59.960258,93.868902,3748.249825,1848,317,407,//qar7000185/GP0_UPLOAD/BOXER/CYLOM\KZ-04-84_CP-13\20220621\can_Tapper17-06-04-08-25-44.pcap.gz
96,2021-06-07 08:50:42.308037,can_tapper17,"rgb(166,86,40)",PG1_est,124.0,100.0,112.0,19.35483870967742,78.00000000000004,125.0,-3.0575035811121998,1500,-35.019999999991406,-5.019999999991406,90.0,13.0,340.0,327.0,1.22419,0.0036697247706422016,0.007339449541284403,0.003975535168195719,synchronized_peak_current_voltage_drop,0.760000000009498,0.5000000000000782,3.2620894576029285,144.08917542593835,0.8759677864324318,5961,10.31390134529148,1.7993977563442387,21.208333333333332,-20.226114649681527,14.0,2.323119,3,314,60.0,120.0,112.0,121.0,123.0,144.0,143.0,144.0,59.894774,119.939117,260634.414625,2158,436,872,//qar7000185/GP0_UPLOAD/BOXER/CYLOM\KZ-04-84_CP-13\20220621\can_Tapper17-06-07-08-29-46.pcap.gz
96,2021-06-07 08:50:42.308037,can_tapper17,"rgb(166,86,40)",PG2,124.0,112.0,112.0,9.67741935483871,78.00000000000004,125.0,-0.3020001342222573,1500,-35.019999999991406,-5.019999999991406,90.0,13.0,340.0,327.0,1.22419,0.0036697247706422016,0.0036697247706422016,0.003975535168195719,synchronized_peak_current_voltage_drop,0.8400000000095105,1.0000000000001563,2.565174071178317,141.1845496501034,0.8092584899671457,5957,11.210762331838565,1.802619134581632,21.208333333333332,-20.226114649681527,14.0,2.323119,3,314,60.0,120.0,112.0,123.0,139.0,143.0,142.0,141.0,59.894774,119.939117,260634.414625,2158,436,872,//qar7000185/GP0_UPLOAD/BOXER/CYLOM\KZ-04-84_CP-13\20220621\can_Tapper17-06-07-08-29-46.pcap.gz
96,2021-06-07 08:50:42.308037,can_tapper17,"rgb(166,86,40)",PG3_est,125.0,111.0,117.0,11.200000000000001,90.0,125.0,-2.299378799723321,1500,-35.019999999991406,-5.019999999991406,90.0,13.0,340.0,327.0,1.22419,0.002446483180428135,0.004281345565749235,0.002446483180428135,synchronized_peak_current_voltage_drop,0.600000000009473,1.0200000000001594,2.565174071178317,142.78133389087648,0.7155227554063999,5969,5.531914893617022,1.0379203839764117,21.208333333333332,-20.226114649681527,14.0,2.323119,3,314,60.0,120.0,111.0,123.0,139.0,147.0,145.0,143.0,59.894774,119.939117,260634.414625,2158,436,872,//qar7000185/GP0_UPLOAD/BOXER/CYLOM\KZ-04-84_CP-13\20220621\can_Tapper17-06-07-08-29-46.pcap.gz
96,2021-06-07 08:50:42.308037,can_tapper17,"rgb(166,86,40)",PG4,125.0,111.0,117.0,11.200000000000001,90.0,125.0,-2.299378799723321,1500,-35.019999999991406,-5.019999999991406,90.0,13.0,340.0,327.0,1.22419,0.002446483180428135,0.004281345565749235,0.002446483180428135,synchronized_peak_current_voltage_drop,0.600000000009473,1.0200000000001594,2.565174071178317,142.78133389087648,0.7155227554063999,5969,5.531914893617022,1.0379203839764117,21.208333333333332,-20.226114649681527,14.0,2.323119,3,314,60.0,120.0,111.0,123.0,139.0,147.0,145.0,143.0,59.894774,119.939117,260634.414625,2158,436,872,//qar7000185/GP0_UPLOAD/BOXER/CYLOM\KZ-04-84_CP-13\20220621\can_Tapper17-06-07-08-29-46.pcap.gz
97,2021-06-07 10:07:21.190420,can_tapper17,"rgb(247,129,191)",PG1_est,125.0,104.0,123.0,16.8,90.0,126.0,-4.1695218531199965,1500,-35.019999999991406,-5.019999999991406,95.0,0.0,385.0,385.0,1.146112,0.0005194805194805195,0.005454545454545455,0.0007792207792207792,synchronized_peak_current_voltage_drop,0.6400000000094792,0.5000000000000782,1.7887444673306678,142.60861742217847,0.7469631380527046,5967,7.349665924276169,1.1123123706745621,22.275,-21.806451612903224,12.0,2.643952,5,310,60.0,120.0,112.0,122.0,145.0,140.0,143.0,143.0,59.960546,119.862399,4598.882383,2158,374,548,//qar7000185/GP0_UPLOAD/BOXER/CYLOM\KZ-04-84_CP-13\20220621\can_Tapper17-06-07-09-29-46.pcap.gz
97,2021-06-07 10:07:21.190420,can_tapper17,"rgb(247,129,191)",PG2,126.0,111.0,111.0,11.904761904761903,95.0,127.0,-7.74229677435249,1500,-35.019999999991406,-5.019999999991406,100.0,0.0,385.0,385.0,1.146112,0.003896103896103896,0.003896103896103896,0.004155844155844156,synchronized_peak_current_voltage_drop,0.6800000000094855,1.0000000000001563,1.7887444673306678,142.8153582537643,0.7671428691813191,5965,6.013363028953229,1.185745895778706,22.275,-21.806451612903224,12.0,2.643952,5,310,60.0,120.0,111.0,123.0,144.0,143.0,143.0,142.0,59.960546,119.862399,4598.882383,2158,374,548,//qar7000185/GP0_UPLOAD/BOXER/CYLOM\KZ-04-84_CP-13\20220621\can_Tapper17-06-07-09-29-46.pcap.gz
97,2021-06-07 10:07:21.190420,can_tapper17,"rgb(247,129,191)",PG3_est,126.0,113.0,117.0,10.317460317460316,95.0,128.0,-8.448359310380042,1500,-35.019999999991406,-5.019999999991406,100.0,0.0,385.0,385.0,1.146112,0.0023376623376623377,0.0033766233766233766,0.0028571428571428576,synchronized_peak_current_voltage_drop,0.6400000000094792,1.0000000000001563,1.5862030873085784,140.64878771920232,0.5152117880791871,5967,0.6681514476614699,0.2673160299742242,22.275,-21.806451612903224,12.0,2.643952,5,310,60.0,120.0,113.0,123.0,146.0,144.0,143.0,139.0,59.960546,119.862399,4598.882383,2158,374,548,//qar7000185/GP0_UPLOAD/BOXER/CYLOM\KZ-04-84_CP-13\20220621\can_Tapper17-06-07-09-29-46.pcap.gz
97,2021-06-07 10:07:21.190420,can_tapper17,"rgb(247,129,191)",PG4,126.0,113.0,117.0,10.317460317460316,95.0,128.0,-8.448359310380042,1500,-35.019999999991406,-5.019999999991406,100.0,0.0,385.0,385.0,1.146112,0.0023376623376623377,0.0033766233766233766,0.0028571428571428576,synchronized_peak_current_voltage_drop,0.6400000000094792,1.0000000000001563,1.5862030873085784,140.64878771920232,0.5152117880791871,5967,0.6681514476614699,0.2673160299742242,22.275,-21.806451612903224,12.0,2.643952,5,310,60.0,120.0,113.0,123.0,146.0,144.0,143.0,139.0,59.960546,119.862399,4598.882383,2158,374,548,//qar7000185/GP0_UPLOAD/BOXER/CYLOM\KZ-04-84_CP-13\20220621\can_Tapper17-06-07-09-29-46.pcap.gz
98,2021-06-07 10:26:13.760796,can_tapper17,"rgb(153,153,153)",PG1_est,124.0,111.0,111.0,10.483870967741936,78.00000000000004,125.0,-3.7726150100504037,1500,-35.019999999991406,-5.019999999991406,90.0,11.5,500.0,488.5,0.847614,0.0026612077789150462,0.0026612077789150462,0.0028659160696008186,synchronized_peak_current_voltage_drop,0.7000000000094886,0.160000000000025,2.27471676670449,143.60198206032348,0.7595811430578499,5964,8.296943231441048,1.9180701622757954,22.3375,-25.0,13.0,2.248337,6,314,60.0,120.0,112.0,122.0,143.0,141.0,142.0,144.0,59.96781,119.858619,1132.570376,2158,430,653,//qar7000185/GP0_UPLOAD/BOXER/CYLOM\KZ-04-84_CP-13\20220621\can_Tapper17-06-07-09-29-46.pcap.gz
98,2021-06-07 10:26:13.760796,can_tapper17,"rgb(153,153,153)",PG2,125.0,112.0,125.0,10.4,90.0,125.0,-0.2357778825679608,1500,-35.019999999991406,-5.019999999991406,90.0,11.5,500.0,488.5,0.847614,,0.0026612077789150462,,synchronized_peak_current_voltage_drop,0.8600000000095136,1.0000000000001563,1.5862030873085784,140.97745406152683,0.7309905572647192,5956,9.170305676855895,1.3036680435172445,22.3375,-25.0,13.0,2.248337,6,314,60.0,120.0,112.0,122.0,145.0,143.0,142.0,140.0,59.96781,119.858619,1132.570376,2158,430,653,//qar7000185/GP0_UPLOAD/BOXER/CYLOM\KZ-04-84_CP-13\20220621\can_Tapper17-06-07-09-29-46.pcap.gz
98,2021-06-07 10:26:13.760796,can_tapper17,"rgb(153,153,153)",PG3_est,125.0,111.0,111.0,11.200000000000001,90.0,126.0,-3.879779502123525,1500,-35.019999999991406,-5.019999999991406,95.0,11.5,500.0,488.5,0.847614,0.0028659160696008186,0.0028659160696008186,0.0030706243602865915,synchronized_peak_current_voltage_drop,0.8400000000095105,1.0000000000001563,1.5862030873085784,142.09865474390594,0.6217565470868156,5957,3.056768558951965,0.6560501197148056,22.3375,-25.0,13.0,2.248337,6,314,60.0,120.0,111.0,122.0,147.0,145.0,144.0,142.0,59.96781,119.858619,1132.570376,2158,430,653,//qar7000185/GP0_UPLOAD/BOXER/CYLOM\KZ-04-84_CP-13\20220621\can_Tapper17-06-07-09-29-46.pcap.gz
98,2021-06-07 10:26:13.760796,can_tapper17,"rgb(153,153,153)",PG4,125.0,111.0,111.0,11.200000000000001,90.0,126.0,-3.879779502123525,1500,-35.019999999991406,-5.019999999991406,95.0,11.5,500.0,488.5,0.847614,0.0028659160696008186,0.0028659160696008186,0.0030706243602865915,synchronized_peak_current_voltage_drop,0.8400000000095105,1.0000000000001563,1.5862030873085784,142.09865474390594,0.6217565470868156,5957,3.056768558951965,0.6560501197148056,22.3375,-25.0,13.0,2.248337,6,314,60.0,120.0,111.0,122.0,147.0,145.0,144.0,142.0,59.96781,119.858619,1132.570376,2158,430,653,//qar7000185/GP0_UPLOAD/BOXER/CYLOM\KZ-04-84_CP-13\20220621\can_Tapper17-06-07-09-29-46.pcap.gz
99,2021-06-07 10:41:16.918368,can_tapper17,"rgb(228,26,28)",PG1_est,125.0,105.0,105.0,16.0,90.0,124.0,-6.842714152316133,1500,-35.019999999991406,-5.019999999991406,78.00000000000004,0.0,498.0,498.0,0.636587,0.004016064257028112,0.004016064257028112,0.0038152610441767065,synchronized_peak_current_voltage_drop,0.5200000000094605,1.0200000000001594,2.27471676670449,143.87718136095404,0.8466929418884381,5973,11.727078891257996,1.981096198424619,22.65833333333333,-24.00772200772201,34.0,2.0393,6,259,60.0,120.0,109.0,120.0,144.0,145.0,143.0,144.0,59.962576,119.951024,903.157572,2160,379,659,//qar7000185/GP0_UPLOAD/BOXER/CYLOM\KZ-04-84_CP-13\20220621\can_Tapper17-06-07-10-29-46.pcap.gz
99,2021-06-07 10:41:16.918368,can_tapper17,"rgb(228,26,28)",PG2,124.0,111.0,118.0,10.483870967741936,78.00000000000004,125.0,-3.3166148073835404,1500,-35.019999999991406,-5.019999999991406,90.0,0.0,498.0,498.0,0.636587,0.0012048192771084336,0.0026104417670682733,0.0014056224899598392,synchronized_peak_current_voltage_drop,0.6800000000094855,0.7600000000001188,1.7887444673306678,141.35786139712786,0.7645379154011976,5965,6.54627539503386,1.2150078222913536,22.65833333333333,-24.00772200772201,34.0,2.0393,6,259,60.0,120.0,114.0,122.0,145.0,145.0,142.0,141.0,59.962576,119.951024,903.157572,2160,379,659,//qar7000185/GP0_UPLOAD/BOXER/CYLOM\KZ-04-84_CP-13\20220621\can_Tapper17-06-07-10-29-46.pcap.gz
99,2021-06-07 10:41:16.918368,can_tapper17,"rgb(228,26,28)",PG3_est,125.0,110.0,110.0,12.0,90.0,125.0,-4.817948807976805,1500,-35.019999999991406,-5.019999999991406,90.0,0.0,498.0,498.0,0.636587,0.0030120481927710845,0.0030120481927710845,0.0030120481927710845,synchronized_peak_current_voltage_drop,0.44000000000944794,1.5000000000002345,1.7887444673306678,142.32918100543714,0.6744740733698609,5977,6.183368869936034,0.8540834602856614,22.65833333333333,-24.00772200772201,34.0,2.0393,6,259,60.0,120.0,115.0,121.0,146.0,148.0,144.0,142.0,59.962576,119.951024,903.157572,2160,379,659,//qar7000185/GP0_UPLOAD/BOXER/CYLOM\KZ-04-84_CP-13\20220621\can_Tapper17-06-07-10-29-46.pcap.gz
99,2021-06-07 10:41:16.918368,can_tapper17,"rgb(228,26,28)",PG4,125.0,110.0,110.0,12.0,90.0,125.0,-4.817948807976805,1500,-35.019999999991406,-5.019999999991406,90.0,0.0,498.0,498.0,0.636587,0.0030120481927710845,0.0030120481927710845,0.0030120481927710845,synchronized_peak_current_voltage_drop,0.44000000000944794,1.5000000000002345,1.7887444673306678,142.32918100543714,0.6744740733698609,5977,6.183368869936034,0.8540834602856614,22.65833333333333,-24.00772200772201,34.0,2.0393,6,259,60.0,120.0,115.0,121.0,146.0,148.0,144.0,142.0,59.962576,119.951024,903.157572,2160,379,659,//qar7000185/GP0_UPLOAD/BOXER/CYLOM\KZ-04-84_CP-13\20220621\can_Tapper17-06-07-10-29-46.pcap.gz
100,2021-07-08 08:36:26.375488,can_tapper17,"rgb(55,126,184)",PG1_est,124.0,111.0,111.0,10.483870967741936,78.00000000000004,125.0,-1.3107383603279592,1500,-35.019999999991406,-5.019999999991406,90.0,16.0,414.0,398.0,1.155302,0.0032663316582914573,0.0032663316582914573,0.003517587939698492,synchronized_peak_current_voltage_drop,0.7000000000094886,1.0000000000001563,3.2620894576029285,144.31200968923304,0.91022544944124,5964,3.1185031185031185,0.965215270719988,20.5,-16.5565749235474,156.0,2.157002,3,327,60.0,120.0,111.0,118.0,133.0,144.0,145.0,144.0,59.951722,119.879703,2670909.45712,2160,450,509,//qar7000185/GP0_UPLOAD/BOXER/CYLOM\KZ-04-84_CP-13\20220621\can_Tapper17-07-08-08-34-35.pcap.gz
100,2021-07-08 08:36:26.375488,can_tapper17,"rgb(55,126,184)",PG2,125.0,110.0,110.0,12.0,90.0,126.0,-2.339521039786857,1500,-35.019999999991406,-5.019999999991406,95.0,16.0,414.0,398.0,1.155302,0.0037688442211055275,0.0037688442211055275,0.004020100502512563,synchronized_peak_current_voltage_drop,0.7000000000094886,1.0000000000001563,2.565174071178317,141.86253369369052,0.8873756365689187,5964,3.95010395010395,0.928498236383906,20.5,-16.5565749235474,156.0,2.157002,3,327,60.0,120.0,110.0,119.0,132.0,143.0,141.0,142.0,59.951722,119.879703,2670909.45712,2160,450,509,//qar7000185/GP0_UPLOAD/BOXER/CYLOM\KZ-04-84_CP-13\20220621\can_Tapper17-07-08-08-34-35.pcap.gz
100,2021-07-08 08:36:26.375488,can_tapper17,"rgb(55,126,184)",PG3_est,125.0,107.0,112.0,14.399999999999999,90.0,126.0,-1.5059206692975886,1500,-35.019999999991406,-5.019999999991406,95.0,16.0,414.0,398.0,1.155302,0.0032663316582914573,0.004522613065326633,0.003517587939698492,synchronized_peak_current_voltage_drop,0.7000000000094886,1.0000000000001563,2.565174071178317,143.7493549671914,0.7357346837319223,5964,3.5343035343035343,0.8711896298308207,20.5,-16.5565749235474,156.0,2.157002,3,327,60.0,120.0,112.0,119.0,127.0,148.0,145.0,143.0,59.951722,119.879703,2670909.45712,2160,450,509,//qar7000185/GP0_UPLOAD/BOXER/CYLOM\KZ-04-84_CP-13\20220621\can_Tapper17-07-08-08-34-35.pcap.gz
100,2021-07-08 08:36:26.375488,can_tapper17,"rgb(55,126,184)",PG4,125.0,107.0,112.0,14.399999999999999,90.0,126.0,-1.5059206692975886,1500,-35.019999999991406,-5.019999999991406,95.0,16.0,414.0,398.0,1.155302,0.0032663316582914573,0.004522613065326633,0.003517587939698492,synchronized_peak_current_voltage_drop,0.7000000000094886,1.0000000000001563,2.565174071178317,143.7493549671914,0.7357346837319223,5964,3.5343035343035343,0.8711896298308207,20.5,-16.5565749235474,156.0,2.157002,3,327,60.0,120.0,112.0,119.0,127.0,148.0,145.0,143.0,59.951722,119.879703,2670909.45712,2160,450,509,//qar7000185/GP0_UPLOAD/BOXER/CYLOM\KZ-04-84_CP-13\20220621\can_Tapper17-07-08-08-34-35.pcap.gz
101,2021-07-12 12:41:25.411773,can_tapper17,"rgb(77,175,74)",PG1_est,123.0,105.0,115.0,14.634146341463413,68.33333333333339,124.0,-0.1549156244069155,1500,-35.019999999991406,-5.019999999991406,78.00000000000004,0.0,290.0,290.0,1.107327,0.0027586206896551726,0.006206896551724138,0.003103448275862069,synchronized_peak_current_voltage_drop,0.6600000000094823,0.5000000000000782,3.2620894576029285,144.32810596427205,0.8884185314223142,5966,10.447761194029852,0.6924589605685896,19.966666666666665,-16.072100313479623,108.0,2.111176,3,319,60.0,120.0,115.0,119.0,138.0,144.0,144.0,143.0,43.487996,119.868451,360299.036285,1962,389,505,//qar7000185/GP0_UPLOAD/BOXER/CYLOM\KZ-04-84_CP-13\20220621\can_Tapper17-07-12-12-40-41.pcap.gz
101,2021-07-12 12:41:25.411773,can_tapper17,"rgb(77,175,74)",PG2,124.0,114.0,114.0,8.064516129032258,78.00000000000004,125.0,-4.475504211334428,1500,-35.019999999991406,-5.019999999991406,90.0,0.0,290.0,290.0,1.107327,0.0034482758620689655,0.0034482758620689655,0.0037931034482758625,synchronized_peak_current_voltage_drop,0.7000000000094886,0.5000000000000782,2.565174071178317,141.68485189596322,0.8572192897666289,5964,5.756929637526652,0.730401219036805,19.966666666666665,-16.072100313479623,108.0,2.111176,3,319,60.0,120.0,114.0,119.0,139.0,143.0,142.0,142.0,43.487996,119.868451,360299.036285,1962,389,505,//qar7000185/GP0_UPLOAD/BOXER/CYLOM\KZ-04-84_CP-13\20220621\can_Tapper17-07-12-12-40-41.pcap.gz
101,2021-07-12 12:41:25.411773,can_tapper17,"rgb(77,175,74)",PG3_est,124.0,115.0,117.0,7.258064516129033,78.00000000000004,125.0,-0.2760801227023174,1500,-35.019999999991406,-5.019999999991406,90.0,0.0,290.0,290.0,1.107327,0.0024137931034482756,0.003103448275862069,0.0027586206896551726,synchronized_peak_current_voltage_drop,0.7000000000094886,0.5000000000000782,3.2620894576029285,146.4536313998184,0.8331093279977602,5964,2.345415778251599,0.4493220709838646,19.966666666666665,-16.072100313479623,108.0,2.111176,3,319,60.0,120.0,117.0,119.0,136.0,146.0,148.0,147.0,43.487996,119.868451,360299.036285,1962,389,505,//qar7000185/GP0_UPLOAD/BOXER/CYLOM\KZ-04-84_CP-13\20220621\can_Tapper17-07-12-12-40-41.pcap.gz
101,2021-07-12 12:41:25.411773,can_tapper17,"rgb(77,175,74)",PG4,124.0,115.0,117.0,7.258064516129033,78.00000000000004,125.0,-0.2760801227023174,1500,-35.019999999991406,-5.019999999991406,90.0,0.0,290.0,290.0,1.107327,0.0024137931034482756,0.003103448275862069,0.0027586206896551726,synchronized_peak_current_voltage_drop,0.7000000000094886,0.5000000000000782,3.2620894576029285,146.4536313998184,0.8331093279977602,5964,2.345415778251599,0.4493220709838646,19.966666666666665,-16.072100313479623,108.0,2.111176,3,319,60.0,120.0,117.0,119.0,136.0,146.0,148.0,147.0,43.487996,119.868451,360299.036285,1962,389,505,//qar7000185/GP0_UPLOAD/BOXER/CYLOM\KZ-04-84_CP-13\20220621\can_Tapper17-07-12-12-40-41.pcap.gz
102,2021-07-12 13:01:08.291495,can_tapper17,"rgb(152,78,163)",PG1_est,124.0,107.0,125.0,13.709677419354838,78.00000000000004,125.0,-2.7178945412859936,1500,-35.019999999991406,-5.019999999991406,90.0,0.0,315.0,315.0,0.472549,,0.005396825396825396,,synchronized_peak_current_voltage_drop,0.9000000000095199,0.9400000000001469,2.27471676670449,144.84712888481982,0.8416563681864917,5954,10.0,2.334004362653086,18.35,-25.1993006993007,22.0,2.471156,5,286,60.0,120.0,107.0,117.0,144.0,143.0,144.0,145.0,59.924156,119.903874,1182.879722,2158,365,499,//qar7000185/GP0_UPLOAD/BOXER/CYLOM\KZ-04-84_CP-13\20220621\can_Tapper17-07-12-12-40-41.pcap.gz
102,2021-07-12 13:01:08.291495,can_tapper17,"rgb(152,78,163)",PG2,124.0,107.0,107.0,13.709677419354838,78.00000000000004,125.0,-1.0181071191585558,1500,-35.019999999991406,-5.019999999991406,90.0,0.0,315.0,315.0,0.472549,0.005396825396825396,0.005396825396825396,0.005714285714285714,synchronized_peak_current_voltage_drop,0.4000000000094417,1.5000000000002345,2.0171482422437275,141.2917541198927,0.8549408535202158,5979,10.833333333333334,2.671448999518152,18.35,-25.1993006993007,22.0,2.471156,5,286,60.0,120.0,115.0,122.0,144.0,141.0,142.0,141.0,59.924156,119.903874,1182.879722,2158,365,499,//qar7000185/GP0_UPLOAD/BOXER/CYLOM\KZ-04-84_CP-13\20220621\can_Tapper17-07-12-12-40-41.pcap.gz
102,2021-07-12 13:01:08.291495,can_tapper17,"rgb(152,78,163)",PG3_est,125.0,113.0,122.0,9.6,90.0,125.0,-0.006444447308772563,1500,-35.019999999991406,-5.019999999991406,90.0,0.0,315.0,315.0,0.472549,0.0009523809523809524,0.0038095238095238095,0.0009523809523809524,synchronized_peak_current_voltage_drop,0.9600000000095292,1.0000000000001563,2.0171482422437275,146.33142498195397,0.79112984673731,5951,6.318082788671024,1.5969128319043613,18.35,-25.1993006993007,22.0,2.471156,5,286,60.0,120.0,113.0,122.0,147.0,146.0,148.0,147.0,59.924156,119.903874,1182.879722,2158,365,499,//qar7000185/GP0_UPLOAD/BOXER/CYLOM\KZ-04-84_CP-13\20220621\can_Tapper17-07-12-12-40-41.pcap.gz
102,2021-07-12 13:01:08.291495,can_tapper17,"rgb(152,78,163)",PG4,125.0,113.0,122.0,9.6,90.0,125.0,-0.006444447308772563,1500,-35.019999999991406,-5.019999999991406,90.0,0.0,315.0,315.0,0.472549,0.0009523809523809524,0.0038095238095238095,0.0009523809523809524,synchronized_peak_current_voltage_drop,0.9600000000095292,1.0000000000001563,2.0171482422437275,146.33142498195397,0.79112984673731,5951,6.318082788671024,1.5969128319043613,18.35,-25.1993006993007,22.0,2.471156,5,286,60.0,120.0,113.0,122.0,147.0,146.0,148.0,147.0,59.924156,119.903874,1182.879722,2158,365,499,//qar7000185/GP0_UPLOAD/BOXER/CYLOM\KZ-04-84_CP-13\20220621\can_Tapper17-07-12-12-40-41.pcap.gz
103,2021-07-20 07:21:30.860659,can_tapper17,"rgb(255,127,0)",PG1_est,124.0,118.0,120.0,4.838709677419355,78.00000000000004,124.0,-4.7851754600772525,1500,-35.019999999991406,-5.019999999991406,78.00000000000004,0.0,375.0,375.0,1.136472,0.0010666666666666667,0.0015999999999999999,0.0010666666666666667,synchronized_peak_current_voltage_drop,1.2000000000095667,0.020000000000003126,3.2620894576029285,144.3262593242958,0.8569078894864507,5939,1.2658227848101267,0.6079730505524998,21.866666666666667,-14.30817610062893,17.0,2.04187,7,318,60.0,120.0,120.0,122.0,123.0,144.0,145.0,144.0,41.196209,119.931602,670822.569164,1935,386,508,//qar7000185/GP0_UPLOAD/BOXER/CYLOM\KZ-04-84_CP-13\20220621\can_Tapper17-07-20-07-20-49.pcap.gz
103,2021-07-20 07:21:30.860659,can_tapper17,"rgb(255,127,0)",PG2,124.0,117.0,120.0,5.64516129032258,78.00000000000004,125.0,-0.6938580861589039,1500,-35.019999999991406,-5.019999999991406,90.0,0.0,375.0,375.0,1.136472,0.0010666666666666667,0.0018666666666666666,0.0013333333333333333,synchronized_peak_current_voltage_drop,1.2000000000095667,0.26000000000004064,2.892719705486028,141.9733795861261,0.8125840994521379,5939,1.2658227848101267,0.6284931385493718,21.866666666666667,-14.30817610062893,17.0,2.04187,7,318,60.0,120.0,120.0,123.0,124.0,142.0,142.0,142.0,41.196209,119.931602,670822.569164,1935,386,508,//qar7000185/GP0_UPLOAD/BOXER/CYLOM\KZ-04-84_CP-13\20220621\can_Tapper17-07-20-07-20-49.pcap.gz
103,2021-07-20 07:21:30.860659,can_tapper17,"rgb(255,127,0)",PG3_est,125.0,117.0,117.0,6.4,90.0,125.0,-3.853743934996529,1500,-35.019999999991406,-5.019999999991406,90.0,0.0,375.0,375.0,1.136472,0.0021333333333333334,0.0021333333333333334,0.0021333333333333334,synchronized_peak_current_voltage_drop,0.9600000000095292,0.5000000000000782,2.565174071178317,145.14448246858925,0.5477105456015436,5951,1.2658227848101267,0.5444223600755885,21.866666666666667,-14.30817610062893,17.0,2.04187,7,318,60.0,120.0,117.0,124.0,124.0,149.0,149.0,145.0,41.196209,119.931602,670822.569164,1935,386,508,//qar7000185/GP0_UPLOAD/BOXER/CYLOM\KZ-04-84_CP-13\20220621\can_Tapper17-07-20-07-20-49.pcap.gz
103,2021-07-20 07:21:30.860659,can_tapper17,"rgb(255,127,0)",PG4,125.0,117.0,117.0,6.4,90.0,125.0,-3.853743934996529,1500,-35.019999999991406,-5.019999999991406,90.0,0.0,375.0,375.0,1.136472,0.0021333333333333334,0.0021333333333333334,0.0021333333333333334,synchronized_peak_current_voltage_drop,0.9600000000095292,0.5000000000000782,2.565174071178317,145.14448246858925,0.5477105456015436,5951,1.2658227848101267,0.5444223600755885,21.866666666666667,-14.30817610062893,17.0,2.04187,7,318,60.0,120.0,117.0,124.0,124.0,149.0,149.0,145.0,41.196209,119.931602,670822.569164,1935,386,508,//qar7000185/GP0_UPLOAD/BOXER/CYLOM\KZ-04-84_CP-13\20220621\can_Tapper17-07-20-07-20-49.pcap.gz
104,2021-07-20 10:01:22.386281,can_tapper17,"rgb(255,255,51)",PG1_est,128.0,118.0,118.0,7.8125,100.0,128.0,-21.52627558131359,348,-11.95999999999249,-5.019999999991406,100.0,0.0,235.0,235.0,1.090726,0.00425531914893617,0.00425531914893617,0.00425531914893617,synchronized_peak_current_voltage_drop,0.6800000000094855,1.0000000000001563,3.678623825607137,143.69772128063804,0.8543548983013947,5965,2.4,0.7963330231500382,21.275,-13.946843853820598,17.0,2.688919,3,301,60.0,120.0,118.0,125.0,133.0,143.0,144.0,143.0,9.980129,119.858514,9591.525622,1560,315,408,//qar7000185/GP0_UPLOAD/BOXER/CYLOM\KZ-04-84_CP-13\20220621\can_Tapper17-07-20-10-01-12.pcap.gz
104,2021-07-20 10:01:22.386281,can_tapper17,"rgb(255,255,51)",PG2,128.0,118.0,118.0,7.8125,100.0,129.0,-0.9795024867689319,348,-11.95999999999249,-5.019999999991406,100.0,0.0,235.0,235.0,1.090726,0.00425531914893617,0.00425531914893617,0.004680851063829788,synchronized_peak_current_voltage_drop,0.6800000000094855,0.5000000000000782,2.892719705486028,142.45458428431553,0.8363047065774334,5965,2.4,0.5815669684080934,21.275,-13.946843853820598,17.0,2.688919,3,301,60.0,120.0,118.0,126.0,132.0,142.0,142.0,143.0,9.980129,119.858514,9591.525622,1560,315,408,//qar7000185/GP0_UPLOAD/BOXER/CYLOM\KZ-04-84_CP-13\20220621\can_Tapper17-07-20-10-01-12.pcap.gz
104,2021-07-20 10:01:22.386281,can_tapper17,"rgb(255,255,51)",PG3_est,128.0,116.0,119.0,9.375,100.0,129.0,-4.319465639835451e-13,348,-11.95999999999249,-5.019999999991406,100.0,0.0,235.0,235.0,1.090726,0.0038297872340425534,0.005106382978723404,0.00425531914893617,synchronized_peak_current_voltage_drop,0.6800000000094855,0.5000000000000782,2.565174071178317,144.3741521587691,0.587340764699918,5965,2.4,0.6304468054753032,21.275,-13.946843853820598,17.0,2.688919,3,301,60.0,120.0,119.0,126.0,129.0,148.0,147.0,144.0,9.980129,119.858514,9591.525622,1560,315,408,//qar7000185/GP0_UPLOAD/BOXER/CYLOM\KZ-04-84_CP-13\20220621\can_Tapper17-07-20-10-01-12.pcap.gz
104,2021-07-20 10:01:22.386281,can_tapper17,"rgb(255,255,51)",PG4,128.0,116.0,119.0,9.375,100.0,129.0,-4.319465639835451e-13,348,-11.95999999999249,-5.019999999991406,100.0,0.0,235.0,235.0,1.090726,0.0038297872340425534,0.005106382978723404,0.00425531914893617,synchronized_peak_current_voltage_drop,0.6800000000094855,0.5000000000000782,2.565174071178317,144.3741521587691,0.587340764699918,5965,2.4,0.6304468054753032,21.275,-13.946843853820598,17.0,2.688919,3,301,60.0,120.0,119.0,126.0,129.0,148.0,147.0,144.0,9.980129,119.858514,9591.525622,1560,315,408,//qar7000185/GP0_UPLOAD/BOXER/CYLOM\KZ-04-84_CP-13\20220621\can_Tapper17-07-20-10-01-12.pcap.gz
105,2021-07-20 10:18:21.066594,can_tapper17,"rgb(166,86,40)",PG1_est,130.0,119.0,122.0,8.461538461538462,100.0,,,0,,,,17.0,236.0,219.0,1.025212,0.0036529680365296807,0.005022831050228311,,synchronized_peak_current_voltage_drop,0.4800000000094542,0.020000000000003126,3.678623825607137,143.47034009122274,0.8564607425592596,5975,6.4833005893909625,0.8954704856072966,21.31,-10.390681003584229,16.0,2.021636,3,279,60.0,120.0,122.0,127.0,133.0,143.0,144.0,144.0,0.89735,119.952092,1018.680313,1452,284,583,//qar7000185/GP0_UPLOAD/BOXER/CYLOM\KZ-04-84_CP-13\20220621\can_Tapper17-07-20-10-18-20.pcap.gz
105,2021-07-20 10:18:21.066594,can_tapper17,"rgb(166,86,40)",PG2,130.0,119.0,121.0,8.461538461538462,100.0,,,0,,,,17.0,236.0,219.0,1.025212,0.004109589041095891,0.005022831050228311,,synchronized_peak_current_voltage_drop,0.7400000000094948,0.7600000000001188,2.565174071178317,142.2534702224588,0.8467855393716227,5962,3.5196687370600412,0.8443327982673681,21.31,-10.390681003584229,16.0,2.021636,3,279,60.0,120.0,121.0,127.0,134.0,143.0,142.0,142.0,0.89735,119.952092,1018.680313,1452,284,583,//qar7000185/GP0_UPLOAD/BOXER/CYLOM\KZ-04-84_CP-13\20220621\can_Tapper17-07-20-10-18-20.pcap.gz
105,2021-07-20 10:18:21.066594,can_tapper17,"rgb(166,86,40)",PG3_est,130.0,117.0,123.0,10.0,100.0,,,0,,,,17.0,236.0,219.0,1.025212,0.00319634703196347,0.005936073059360731,,synchronized_peak_current_voltage_drop,0.5000000000094573,1.0000000000001563,2.892719705486028,145.88341657786114,0.7342237404588617,5974,3.1055900621118013,0.7655502963834084,21.31,-10.390681003584229,16.0,2.021636,3,279,60.0,120.0,123.0,128.0,131.0,148.0,147.0,147.0,0.89735,119.952092,1018.680313,1452,284,583,//qar7000185/GP0_UPLOAD/BOXER/CYLOM\KZ-04-84_CP-13\20220621\can_Tapper17-07-20-10-18-20.pcap.gz
105,2021-07-20 10:18:21.066594,can_tapper17,"rgb(166,86,40)",PG4,130.0,117.0,123.0,10.0,100.0,,,0,,,,17.0,236.0,219.0,1.025212,0.00319634703196347,0.005936073059360731,,synchronized_peak_current_voltage_drop,0.5000000000094573,1.0000000000001563,2.892719705486028,145.88341657786114,0.7342237404588617,5974,3.1055900621118013,0.7655502963834084,21.31,-10.390681003584229,16.0,2.021636,3,279,60.0,120.0,123.0,128.0,131.0,148.0,147.0,147.0,0.89735,119.952092,1018.680313,1452,284,583,//qar7000185/GP0_UPLOAD/BOXER/CYLOM\KZ-04-84_CP-13\20220621\can_Tapper17-07-20-10-18-20.pcap.gz
106,2021-07-20 15:14:30.445601,can_tapper17,"rgb(247,129,191)",PG1_est,121.0,116.0,118.0,4.132231404958678,52.857142857142826,125.0,-4.633355890076898,727,-19.539999999993675,-5.019999999991406,90.0,91.0,452.0,361.0,1.0267,0.0008310249307479224,0.0013850415512465374,0.0019390581717451522,synchronized_peak_current_voltage_drop,1.1000000000095511,0.020000000000003126,2.892719705486028,143.71263173564708,0.8151214764240992,5944,1.0570824524312896,0.601627803135419,24.95,-23.286852589641434,23.0,2.031972,7,251,60.0,120.0,118.0,120.0,122.0,145.0,144.0,143.0,17.549158,119.990699,17769.379007,1651,303,391,//qar7000185/GP0_UPLOAD/BOXER/CYLOM\KZ-04-84_CP-13\20220621\can_Tapper17-07-20-15-14-12.pcap.gz
106,2021-07-20 15:14:30.445601,can_tapper17,"rgb(247,129,191)",PG2,121.0,116.0,118.0,4.132231404958678,52.857142857142826,125.0,-15.911623702043077,727,-19.539999999993675,-5.019999999991406,90.0,91.0,452.0,361.0,1.0267,0.0008310249307479224,0.0013850415512465374,0.0019390581717451522,synchronized_peak_current_voltage_drop,1.1000000000095511,0.020000000000003126,2.892719705486028,141.8985149098931,0.8285645957753666,5944,0.8547008547008547,0.33254996050104507,24.95,-23.286852589641434,23.0,2.031972,7,251,60.0,120.0,118.0,121.0,123.0,141.0,142.0,142.0,17.549158,119.990699,17769.379007,1651,303,391,//qar7000185/GP0_UPLOAD/BOXER/CYLOM\KZ-04-84_CP-13\20220621\can_Tapper17-07-20-15-14-12.pcap.gz
106,2021-07-20 15:14:30.445601,can_tapper17,"rgb(247,129,191)",PG3_est,121.0,116.0,116.0,4.132231404958678,52.857142857142826,126.0,-13.379923815085354,727,-19.539999999993675,-5.019999999991406,95.0,91.0,452.0,361.0,1.0267,0.0013850415512465374,0.0013850415512465374,0.002770083102493075,synchronized_peak_current_voltage_drop,0.8600000000095136,0.020000000000003126,3.2620894576029285,148.97124039298404,0.8229978236210175,5956,0.8547008547008547,0.3634220010192342,24.95,-23.286852589641434,23.0,2.031972,7,251,60.0,120.0,116.0,121.0,123.0,150.0,150.0,148.0,17.549158,119.990699,17769.379007,1651,303,391,//qar7000185/GP0_UPLOAD/BOXER/CYLOM\KZ-04-84_CP-13\20220621\can_Tapper17-07-20-15-14-12.pcap.gz
106,2021-07-20 15:14:30.445601,can_tapper17,"rgb(247,129,191)",PG4,121.0,116.0,116.0,4.132231404958678,52.857142857142826,126.0,-13.379923815085354,727,-19.539999999993675,-5.019999999991406,95.0,91.0,452.0,361.0,1.0267,0.0013850415512465374,0.0013850415512465374,0.002770083102493075,synchronized_peak_current_voltage_drop,0.8600000000095136,0.020000000000003126,3.2620894576029285,148.97124039298404,0.8229978236210175,5956,0.8547008547008547,0.3634220010192342,24.95,-23.286852589641434,23.0,2.031972,7,251,60.0,120.0,116.0,121.0,123.0,150.0,150.0,148.0,17.549158,119.990699,17769.379007,1651,303,391,//qar7000185/GP0_UPLOAD/BOXER/CYLOM\KZ-04-84_CP-13\20220621\can_Tapper17-07-20-15-14-12.pcap.gz
107,2021-07-22 13:22:37.388067,can_tapper17,"rgb(153,153,153)",PG1_est,123.0,115.0,115.0,6.504065040650407,68.33333333333339,124.0,-3.5454723005581834,991,-24.8199999999945,-5.019999999991406,78.00000000000004,19.0,236.0,217.0,1.020598,0.003686635944700461,0.003686635944700461,0.004147465437788019,synchronized_peak_current_voltage_drop,0.5800000000094698,0.5000000000000782,3.2620894576029285,144.19729456040176,0.8890245349462597,5970,1.443298969072165,0.7226473232765279,19.325,-12.756183745583039,20.0,2.111572,4,283,60.0,120.0,115.0,122.0,134.0,144.0,145.0,143.0,22.827485,119.993757,166086.942466,1714,316,511,//qar7000185/GP0_UPLOAD/BOXER/CYLOM\KZ-04-84_CP-13\20220621\can_Tapper17-07-22-13-22-14.pcap.gz
107,2021-07-22 13:22:37.388067,can_tapper17,"rgb(153,153,153)",PG2,124.0,115.0,115.0,7.258064516129033,78.00000000000004,125.0,-10.07780927664603,991,-24.8199999999945,-5.019999999991406,90.0,19.0,236.0,217.0,1.020598,0.004147465437788019,0.004147465437788019,0.004608294930875576,synchronized_peak_current_voltage_drop,0.5800000000094698,0.5000000000000782,2.892719705486028,141.99823113535953,0.8454069622060396,5970,2.268041237113402,0.5621266539922536,19.325,-12.756183745583039,20.0,2.111572,4,283,60.0,120.0,115.0,123.0,135.0,142.0,141.0,143.0,22.827485,119.993757,166086.942466,1714,316,511,//qar7000185/GP0_UPLOAD/BOXER/CYLOM\KZ-04-84_CP-13\20220621\can_Tapper17-07-22-13-22-14.pcap.gz
107,2021-07-22 13:22:37.388067,can_tapper17,"rgb(153,153,153)",PG3_est,124.0,114.0,117.0,8.064516129032258,78.00000000000004,125.0,-7.974630915777762,991,-24.8199999999945,-5.019999999991406,90.0,19.0,236.0,217.0,1.020598,0.0032258064516129032,0.004608294930875576,0.003686635944700461,synchronized_peak_current_voltage_drop,0.5800000000094698,0.5000000000000782,2.892719705486028,146.19178772677296,0.6519265891659363,5970,1.8556701030927836,0.5126421179097794,19.325,-12.756183745583039,20.0,2.111572,4,283,60.0,120.0,117.0,123.0,130.0,149.0,149.0,147.0,22.827485,119.993757,166086.942466,1714,316,511,//qar7000185/GP0_UPLOAD/BOXER/CYLOM\KZ-04-84_CP-13\20220621\can_Tapper17-07-22-13-22-14.pcap.gz
107,2021-07-22 13:22:37.388067,can_tapper17,"rgb(153,153,153)",PG4,124.0,114.0,117.0,8.064516129032258,78.00000000000004,125.0,-7.974630915777762,991,-24.8199999999945,-5.019999999991406,90.0,19.0,236.0,217.0,1.020598,0.0032258064516129032,0.004608294930875576,0.003686635944700461,synchronized_peak_current_voltage_drop,0.5800000000094698,0.5000000000000782,2.892719705486028,146.19178772677296,0.6519265891659363,5970,1.8556701030927836,0.5126421179097794,19.325,-12.756183745583039,20.0,2.111572,4,283,60.0,120.0,117.0,123.0,130.0,149.0,149.0,147.0,22.827485,119.993757,166086.942466,1714,316,511,//qar7000185/GP0_UPLOAD/BOXER/CYLOM\KZ-04-84_CP-13\20220621\can_Tapper17-07-22-13-22-14.pcap.gz
108,2021-07-22 14:39:54.776193,can_tapper17,"rgb(228,26,28)",PG1_est,124.0,115.0,117.0,7.258064516129033,78.00000000000004,125.0,-11.735003919477364,817,-21.339999999993957,-5.019999999991406,90.0,18.5,222.0,203.5,1.121192,0.0034398034398034397,0.004422604422604423,0.003931203931203931,synchronized_peak_current_voltage_drop,0.5400000000094636,0.5000000000000782,3.2620894576029285,143.87642126623703,0.875153058074002,5972,4.166666666666667,0.5263274767521515,20.64166666666667,-11.160535117056856,21.0,2.111592,5,299,60.0,120.0,115.0,122.0,137.0,144.0,144.0,144.0,19.364047,119.972897,4637.388126,1674,333,452,//qar7000185/GP0_UPLOAD/BOXER/CYLOM\KZ-04-84_CP-13\20220621\can_Tapper17-07-22-14-39-35.pcap.gz
108,2021-07-22 14:39:54.776193,can_tapper17,"rgb(228,26,28)",PG2,125.0,115.0,117.0,8.0,90.0,126.0,-8.777790413371838,817,-21.339999999993957,-5.019999999991406,95.0,18.5,222.0,203.5,1.121192,0.003931203931203931,0.004914004914004914,0.004422604422604423,synchronized_peak_current_voltage_drop,0.5400000000094636,0.7600000000001188,2.892719705486028,142.131458778173,0.8606818197136854,5972,4.166666666666667,0.34754312010900107,20.64166666666667,-11.160535117056856,21.0,2.111592,5,299,60.0,120.0,115.0,123.0,137.0,142.0,142.0,142.0,19.364047,119.972897,4637.388126,1674,333,452,//qar7000185/GP0_UPLOAD/BOXER/CYLOM\KZ-04-84_CP-13\20220621\can_Tapper17-07-22-14-39-35.pcap.gz
108,2021-07-22 14:39:54.776193,can_tapper17,"rgb(228,26,28)",PG3_est,125.0,115.0,119.0,8.0,90.0,126.0,-10.668765505619811,817,-21.339999999993957,-5.019999999991406,95.0,18.5,222.0,203.5,1.121192,0.0029484029484029483,0.004914004914004914,0.0034398034398034397,synchronized_peak_current_voltage_drop,0.5600000000094667,0.5000000000000782,2.892719705486028,146.568384101969,0.713985694312151,5971,4.166666666666667,0.318516438153123,20.64166666666667,-11.160535117056856,21.0,2.111592,5,299,60.0,120.0,115.0,123.0,133.0,149.0,149.0,147.0,19.364047,119.972897,4637.388126,1674,333,452,//qar7000185/GP0_UPLOAD/BOXER/CYLOM\KZ-04-84_CP-13\20220621\can_Tapper17-07-22-14-39-35.pcap.gz
108,2021-07-22 14:39:54.776193,can_tapper17,"rgb(228,26,28)",PG4,125.0,115.0,119.0,8.0,90.0,126.0,-10.668765505619811,817,-21.339999999993957,-5.019999999991406,95.0,18.5,222.0,203.5,1.121192,0.0029484029484029483,0.004914004914004914,0.0034398034398034397,synchronized_peak_current_voltage_drop,0.5600000000094667,0.5000000000000782,2.892719705486028,146.568384101969,0.713985694312151,5971,4.166666666666667,0.318516438153123,20.64166666666667,-11.160535117056856,21.0,2.111592,5,299,60.0,120.0,115.0,123.0,133.0,149.0,149.0,147.0,19.364047,119.972897,4637.388126,1674,333,452,//qar7000185/GP0_UPLOAD/BOXER/CYLOM\KZ-04-84_CP-13\20220621\can_Tapper17-07-22-14-39-35.pcap.gz
109,2021-07-22 16:16:58.539264,can_tapper17,"rgb(55,126,184)",PG1_est,124.0,114.0,120.0,8.064516129032258,78.00000000000004,125.0,1.7117545890167993,281,-10.619999999992281,-5.019999999991406,90.0,18.0,418.0,400.0,0.928721,0.001,0.0025,0.00125,synchronized_peak_current_voltage_drop,1.0000000000095355,0.26000000000004064,3.2620894576029285,143.73411035916715,0.8423664648933974,5949,2.5641025641025643,0.6700672977591481,22.833333333333336,-11.199324324324325,17.0,2.424576,8,296,60.0,120.0,114.0,125.0,144.0,144.0,144.0,144.0,8.644964,119.946429,5823.763071,1545,318,376,//qar7000185/GP0_UPLOAD/BOXER/CYLOM\KZ-04-84_CP-13\20220621\can_Tapper17-07-22-16-16-49.pcap.gz
109,2021-07-22 16:16:58.539264,can_tapper17,"rgb(55,126,184)",PG2,125.0,117.0,120.0,6.4,90.0,125.0,-24.878581704503038,281,-10.619999999992281,-5.019999999991406,90.0,18.0,418.0,400.0,0.928721,0.00125,0.002,0.00125,synchronized_peak_current_voltage_drop,1.0200000000095386,0.5000000000000782,2.892719705486028,142.39659097383642,0.8107714392511126,5948,2.5641025641025643,0.541866618707911,22.833333333333336,-11.199324324324325,17.0,2.424576,8,296,60.0,120.0,120.0,121.0,124.0,142.0,142.0,142.0,8.644964,119.946429,5823.763071,1545,318,376,//qar7000185/GP0_UPLOAD/BOXER/CYLOM\KZ-04-84_CP-13\20220621\can_Tapper17-07-22-16-16-49.pcap.gz
109,2021-07-22 16:16:58.539264,can_tapper17,"rgb(55,126,184)",PG3_est,125.0,117.0,117.0,6.4,90.0,126.0,6.840331152765703e-14,281,-10.619999999992281,-5.019999999991406,95.0,18.0,418.0,400.0,0.928721,0.002,0.002,0.0022500000000000003,synchronized_peak_current_voltage_drop,0.760000000009498,0.5000000000000782,2.892719705486028,145.9313150780795,0.656005580240445,5961,1.2658227848101267,0.46278322973686126,22.833333333333336,-11.199324324324325,17.0,2.424576,8,296,60.0,120.0,117.0,122.0,124.0,149.0,148.0,146.0,8.644964,119.946429,5823.763071,1545,318,376,//qar7000185/GP0_UPLOAD/BOXER/CYLOM\KZ-04-84_CP-13\20220621\can_Tapper17-07-22-16-16-49.pcap.gz
109,2021-07-22 16:16:58.539264,can_tapper17,"rgb(55,126,184)",PG4,125.0,117.0,117.0,6.4,90.0,126.0,6.840331152765703e-14,281,-10.619999999992281,-5.019999999991406,95.0,18.0,418.0,400.0,0.928721,0.002,0.002,0.0022500000000000003,synchronized_peak_current_voltage_drop,0.760000000009498,0.5000000000000782,2.892719705486028,145.9313150780795,0.656005580240445,5961,1.2658227848101267,0.46278322973686126,22.833333333333336,-11.199324324324325,17.0,2.424576,8,296,60.0,120.0,117.0,122.0,124.0,149.0,148.0,146.0,8.644964,119.946429,5823.763071,1545,318,376,//qar7000185/GP0_UPLOAD/BOXER/CYLOM\KZ-04-84_CP-13\20220621\can_Tapper17-07-22-16-16-49.pcap.gz
110,2021-08-13 09:16:46.341868,can_tapper17,"rgb(77,175,74)",PG1_est,120.0,110.0,115.0,8.333333333333332,46.24999999999997,121.0,-12.048192021416687,1500,-35.019999999991406,-5.019999999991406,52.857142857142826,17.0,224.0,207.0,1.123024,0.0024154589371980675,0.004830917874396135,0.002898550724637681,synchronized_peak_current_voltage_drop,0.600000000009473,0.020000000000003126,3.2620894576029285,143.42027482618653,0.8445714799726559,5969,7.795100222717149,1.9535827535232009,21.75,-61.275080906148865,13.0,2.219898,4,309,60.0,120.0,111.0,119.0,127.0,145.0,143.0,143.0,48.797393,119.773496,1875587.802604,2025,393,458,//qar7000185/GP0_UPLOAD/BOXER/CYLOM\KZ-04-84_CP-13\20220621\can_Tapper17-08-13-09-15-57.pcap.gz
110,2021-08-13 09:16:46.341868,can_tapper17,"rgb(77,175,74)",PG2,121.0,110.0,114.0,9.090909090909092,52.857142857142826,121.0,-12.101080933811954,1500,-35.019999999991406,-5.019999999991406,52.857142857142826,17.0,224.0,207.0,1.123024,0.0033816425120772944,0.005314009661835749,0.0033816425120772944,synchronized_peak_current_voltage_drop,0.6200000000094761,1.0000000000001563,3.2620894576029285,142.0153252477031,0.9036524240911511,5968,7.795100222717149,0.6887828641538201,21.75,-61.275080906148865,13.0,2.219898,4,309,60.0,120.0,110.0,119.0,128.0,142.0,142.0,142.0,48.797393,119.773496,1875587.802604,2025,393,458,//qar7000185/GP0_UPLOAD/BOXER/CYLOM\KZ-04-84_CP-13\20220621\can_Tapper17-08-13-09-15-57.pcap.gz
110,2021-08-13 09:16:46.341868,can_tapper17,"rgb(77,175,74)",PG3_est,121.0,109.0,115.0,9.917355371900827,52.857142857142826,122.0,-11.843374152608757,1500,-35.019999999991406,-5.019999999991406,60.0,17.0,224.0,207.0,1.123024,0.002898550724637681,0.005797101449275362,0.0033816425120772944,synchronized_peak_current_voltage_drop,0.600000000009473,0.5000000000000782,3.2620894576029285,143.6621480318807,0.8676671791622164,5969,2.89532293986637,0.9091673242719172,21.75,-61.275080906148865,13.0,2.219898,4,309,60.0,120.0,109.0,120.0,125.0,145.0,143.0,143.0,48.797393,119.773496,1875587.802604,2025,393,458,//qar7000185/GP0_UPLOAD/BOXER/CYLOM\KZ-04-84_CP-13\20220621\can_Tapper17-08-13-09-15-57.pcap.gz
110,2021-08-13 09:16:46.341868,can_tapper17,"rgb(77,175,74)",PG4,121.0,109.0,115.0,9.917355371900827,52.857142857142826,122.0,-11.843374152608757,1500,-35.019999999991406,-5.019999999991406,60.0,17.0,224.0,207.0,1.123024,0.002898550724637681,0.005797101449275362,0.0033816425120772944,synchronized_peak_current_voltage_drop,0.600000000009473,0.5000000000000782,3.2620894576029285,143.6621480318807,0.8676671791622164,5969,2.89532293986637,0.9091673242719172,21.75,-61.275080906148865,13.0,2.219898,4,309,60.0,120.0,109.0,120.0,125.0,145.0,143.0,143.0,48.797393,119.773496,1875587.802604,2025,393,458,//qar7000185/GP0_UPLOAD/BOXER/CYLOM\KZ-04-84_CP-13\20220621\can_Tapper17-08-13-09-15-57.pcap.gz
111,2021-08-13 11:52:24.757707,can_tapper17,"rgb(152,78,163)",PG1_est,123.0,108.0,115.0,12.195121951219512,68.33333333333339,123.0,-4.960466163357155,860,-22.19999999999409,-5.019999999991406,68.33333333333339,0.0,273.0,273.0,1.024955,0.0029304029304029304,0.005494505494505495,0.0029304029304029304,synchronized_peak_current_voltage_drop,0.6800000000094855,0.5000000000000782,3.2620894576029285,144.50263164798073,0.7316848540242478,5965,4.424778761061947,0.642621660916119,21.825,-55.87234042553192,22.0,2.1236,3,282,60.0,120.0,115.0,121.0,130.0,145.0,145.0,145.0,20.206694,119.88065,9338.415839,1683,320,363,//qar7000185/GP0_UPLOAD/BOXER/CYLOM\KZ-04-84_CP-13\20220621\can_Tapper17-08-13-11-52-04.pcap.gz
111,2021-08-13 11:52:24.757707,can_tapper17,"rgb(152,78,163)",PG2,123.0,113.0,115.0,8.130081300813007,68.33333333333339,124.0,-2.8769203877506975,860,-22.19999999999409,-5.019999999991406,78.00000000000004,0.0,273.0,273.0,1.024955,0.0029304029304029304,0.003663003663003663,0.0032967032967032967,synchronized_peak_current_voltage_drop,0.7000000000094886,0.7400000000001157,2.892719705486028,141.04589182700855,0.7580388842560354,5964,4.424778761061947,0.6559499580777535,21.825,-55.87234042553192,22.0,2.1236,3,282,60.0,120.0,115.0,121.0,130.0,142.0,141.0,141.0,20.206694,119.88065,9338.415839,1683,320,363,//qar7000185/GP0_UPLOAD/BOXER/CYLOM\KZ-04-84_CP-13\20220621\can_Tapper17-08-13-11-52-04.pcap.gz
111,2021-08-13 11:52:24.757707,can_tapper17,"rgb(152,78,163)",PG3_est,124.0,113.0,115.0,8.870967741935484,78.00000000000004,124.0,-5.448608299407495,859,-22.179999999994088,-5.019999999991406,78.00000000000004,0.0,273.0,273.0,1.024955,0.0032967032967032967,0.00402930402930403,0.0032967032967032967,synchronized_peak_current_voltage_drop,0.46000000000945107,1.0000000000001563,3.2620894576029285,144.01194335850954,0.7524623803972534,5976,2.479338842975207,0.5686785083489221,21.825,-55.87234042553192,22.0,2.1236,3,282,60.0,120.0,115.0,121.0,128.0,145.0,144.0,144.0,20.206694,119.88065,9338.415839,1683,320,363,//qar7000185/GP0_UPLOAD/BOXER/CYLOM\KZ-04-84_CP-13\20220621\can_Tapper17-08-13-11-52-04.pcap.gz
111,2021-08-13 11:52:24.757707,can_tapper17,"rgb(152,78,163)",PG4,124.0,113.0,115.0,8.870967741935484,78.00000000000004,124.0,-5.448608299407495,859,-22.179999999994088,-5.019999999991406,78.00000000000004,0.0,273.0,273.0,1.024955,0.0032967032967032967,0.00402930402930403,0.0032967032967032967,synchronized_peak_current_voltage_drop,0.46000000000945107,1.0000000000001563,3.2620894576029285,144.01194335850954,0.7524623803972534,5976,2.479338842975207,0.5686785083489221,21.825,-55.87234042553192,22.0,2.1236,3,282,60.0,120.0,115.0,121.0,128.0,145.0,144.0,144.0,20.206694,119.88065,9338.415839,1683,320,363,//qar7000185/GP0_UPLOAD/BOXER/CYLOM\KZ-04-84_CP-13\20220621\can_Tapper17-08-13-11-52-04.pcap.gz
112,2021-08-27 09:06:48.041966,can_tapper17,"rgb(255,127,0)",PG1_est,124.0,106.0,116.0,14.516129032258066,78.00000000000004,124.0,-8.046238177166419,882,-22.63999999999416,-5.019999999991406,78.00000000000004,0.0,397.0,397.0,1.030552,0.0020151133501259445,0.004534005037783375,0.0020151133501259445,synchronized_peak_current_voltage_drop,0.5000000000094573,0.5000000000000782,3.678623825607137,144.3795581431017,0.9008565062441161,5974,9.594882729211088,1.788134917653081,14.925,-9.136645962732919,23.0,2.031671,7,322,60.0,120.0,118.0,125.0,142.0,143.0,144.0,144.0,20.65005,119.92935,1199663.284259,1689,368,468,//qar7000185/GP0_UPLOAD/BOXER/CYLOM\KZ-04-84_CP-13\20220621\can_Tapper17-08-27-09-06-27.pcap.gz
112,2021-08-27 09:06:48.041966,can_tapper17,"rgb(255,127,0)",PG2,123.0,113.0,115.0,8.130081300813007,68.33333333333339,125.0,-8.187246834258321,882,-22.63999999999416,-5.019999999991406,90.0,0.0,397.0,397.0,1.030552,0.0020151133501259445,0.0025188916876574307,0.0025188916876574307,synchronized_peak_current_voltage_drop,0.5200000000094605,1.0000000000001563,3.2620894576029285,142.18429738163516,0.869980872758596,5973,3.624733475479744,1.3145527622208903,14.925,-9.136645962732919,23.0,2.031671,7,322,60.0,120.0,113.0,118.0,122.0,143.0,142.0,142.0,20.65005,119.92935,1199663.284259,1689,368,468,//qar7000185/GP0_UPLOAD/BOXER/CYLOM\KZ-04-84_CP-13\20220621\can_Tapper17-08-27-09-06-27.pcap.gz
112,2021-08-27 09:06:48.041966,can_tapper17,"rgb(255,127,0)",PG3_est,124.0,116.0,116.0,6.451612903225806,78.00000000000004,125.0,-6.855600427934168,882,-22.63999999999416,-5.019999999991406,90.0,0.0,397.0,397.0,1.030552,0.0020151133501259445,0.0020151133501259445,0.0022670025188916876,synchronized_peak_current_voltage_drop,1.0000000000095355,0.5000000000000782,2.892719705486028,146.89376689015012,0.778611787028141,5949,4.051172707889126,1.3922619821176483,14.925,-9.136645962732919,23.0,2.031671,7,322,60.0,120.0,116.0,122.0,132.0,148.0,149.0,147.0,20.65005,119.92935,1199663.284259,1689,368,468,//qar7000185/GP0_UPLOAD/BOXER/CYLOM\KZ-04-84_CP-13\20220621\can_Tapper17-08-27-09-06-27.pcap.gz
112,2021-08-27 09:06:48.041966,can_tapper17,"rgb(255,127,0)",PG4,124.0,116.0,116.0,6.451612903225806,78.00000000000004,125.0,-6.855600427934168,882,-22.63999999999416,-5.019999999991406,90.0,0.0,397.0,397.0,1.030552,0.0020151133501259445,0.0020151133501259445,0.0022670025188916876,synchronized_peak_current_voltage_drop,1.0000000000095355,0.5000000000000782,2.892719705486028,146.89376689015012,0.778611787028141,5949,4.051172707889126,1.3922619821176483,14.925,-9.136645962732919,23.0,2.031671,7,322,60.0,120.0,116.0,122.0,132.0,148.0,149.0,147.0,20.65005,119.92935,1199663.284259,1689,368,468,//qar7000185/GP0_UPLOAD/BOXER/CYLOM\KZ-04-84_CP-13\20220621\can_Tapper17-08-27-09-06-27.pcap.gz
113,2021-08-31 13:09:08.637376,can_tapper17,"rgb(255,255,51)",PG1_est,123.0,108.0,115.0,12.195121951219512,68.33333333333339,123.0,-2.709638571489728,374,-12.479999999992572,-5.019999999991406,68.33333333333339,19.0,416.0,397.0,0.925596,0.0020151133501259445,0.003778337531486146,0.0020151133501259445,synchronized_peak_current_voltage_drop,0.9000000000095199,0.5000000000000782,3.2620894576029285,143.99536375485667,0.8494663041467927,5954,9.623430962343097,1.0179257644135142,18.6,-13.184848484848485,18.0,2.026324,7,330,60.0,120.0,115.0,117.0,114.0,144.0,143.0,144.0,10.496534,119.857671,360140.59541,1566,350,429,//qar7000185/GP0_UPLOAD/BOXER/CYLOM\KZ-04-84_CP-13\20220621\can_Tapper17-08-31-13-08-57.pcap.gz
113,2021-08-31 13:09:08.637376,can_tapper17,"rgb(255,255,51)",PG2,124.0,115.0,115.0,7.258064516129033,78.00000000000004,124.0,-1.0471686149575556e-13,374,-12.479999999992572,-5.019999999991406,78.00000000000004,19.0,416.0,397.0,0.925596,0.0022670025188916876,0.0022670025188916876,0.0022670025188916876,synchronized_peak_current_voltage_drop,0.920000000009523,0.5000000000000782,2.892719705486028,142.2341026583548,0.8567630987276842,5953,2.092050209205021,0.43571182132595737,18.6,-13.184848484848485,18.0,2.026324,7,330,60.0,120.0,115.0,122.0,131.0,142.0,143.0,143.0,10.496534,119.857671,360140.59541,1566,350,429,//qar7000185/GP0_UPLOAD/BOXER/CYLOM\KZ-04-84_CP-13\20220621\can_Tapper17-08-31-13-08-57.pcap.gz
113,2021-08-31 13:09:08.637376,can_tapper17,"rgb(255,255,51)",PG3_est,124.0,116.0,116.0,6.451612903225806,78.00000000000004,124.0,-0.8745394331263177,374,-12.479999999992572,-5.019999999991406,78.00000000000004,19.0,416.0,397.0,0.925596,0.0020151133501259445,0.0020151133501259445,0.0020151133501259445,synchronized_peak_current_voltage_drop,0.920000000009523,0.5000000000000782,3.2620894576029285,146.8065688957348,0.9009162494422369,5953,3.7656903765690375,0.5416425866415117,18.6,-13.184848484848485,18.0,2.026324,7,330,60.0,120.0,116.0,122.0,138.0,146.0,147.0,147.0,10.496534,119.857671,360140.59541,1566,350,429,//qar7000185/GP0_UPLOAD/BOXER/CYLOM\KZ-04-84_CP-13\20220621\can_Tapper17-08-31-13-08-57.pcap.gz
113,2021-08-31 13:09:08.637376,can_tapper17,"rgb(255,255,51)",PG4,124.0,116.0,116.0,6.451612903225806,78.00000000000004,124.0,-0.8745394331263177,374,-12.479999999992572,-5.019999999991406,78.00000000000004,19.0,416.0,397.0,0.925596,0.0020151133501259445,0.0020151133501259445,0.0020151133501259445,synchronized_peak_current_voltage_drop,0.920000000009523,0.5000000000000782,3.2620894576029285,146.8065688957348,0.9009162494422369,5953,3.7656903765690375,0.5416425866415117,18.6,-13.184848484848485,18.0,2.026324,7,330,60.0,120.0,116.0,122.0,138.0,146.0,147.0,147.0,10.496534,119.857671,360140.59541,1566,350,429,//qar7000185/GP0_UPLOAD/BOXER/CYLOM\KZ-04-84_CP-13\20220621\can_Tapper17-08-31-13-08-57.pcap.gz
114,2021-09-02 13:40:17.670446,can_tapper17,"rgb(166,86,40)",PG1_est,121.0,105.0,105.0,13.223140495867769,52.857142857142826,122.0,-1.2136622034279598e-12,55,-6.099999999991574,-5.019999999991406,60.0,20.0,433.0,413.0,1.014676,0.00387409200968523,0.00387409200968523,0.004116222760290557,synchronized_peak_current_voltage_drop,1.0200000000095386,0.5000000000000782,2.27471676670449,139.0605879184628,0.19398397552656077,5948,8.296943231441048,0.6224683440476002,20.35,-33.28212290502793,223.0,2.015871,7,358,60.0,120.0,119.0,115.0,119.0,144.0,143.0,132.0,4.111065,119.980229,174669.03307,1491,379,313,//qar7000185/GP0_UPLOAD/BOXER/CYLOM\KZ-04-84_CP-13\20220621\can_Tapper17-09-02-13-40-13.pcap.gz
114,2021-09-02 13:40:17.670446,can_tapper17,"rgb(166,86,40)",PG2,121.0,112.0,119.0,7.43801652892562,52.857142857142826,121.0,-1.7704569082358853e-13,55,-6.099999999991574,-5.019999999991406,52.857142857142826,20.0,433.0,413.0,1.014676,0.00048426150121065375,0.0021791767554479417,0.00048426150121065375,synchronized_peak_current_voltage_drop,1.0400000000095417,0.5000000000000782,2.27471676670449,138.4514408181779,0.2162102865992258,5947,3.930131004366812,0.5533999306560428,20.35,-33.28212290502793,223.0,2.015871,7,358,60.0,120.0,119.0,115.0,121.0,143.0,143.0,132.0,4.111065,119.980229,174669.03307,1491,379,313,//qar7000185/GP0_UPLOAD/BOXER/CYLOM\KZ-04-84_CP-13\20220621\can_Tapper17-09-02-13-40-13.pcap.gz
114,2021-09-02 13:40:17.670446,can_tapper17,"rgb(166,86,40)",PG3_est,122.0,112.0,117.0,8.19672131147541,60.0,122.0,-1.2136622034279598e-12,55,-6.099999999991574,-5.019999999991406,60.0,20.0,433.0,413.0,1.014676,0.0012106537530266344,0.002421307506053269,0.0012106537530266344,synchronized_peak_current_voltage_drop,1.0400000000095417,0.5000000000000782,2.27471676670449,139.64264244545342,0.1873008363421096,5947,2.183406113537118,0.5184654328394488,20.35,-33.28212290502793,223.0,2.015871,7,358,60.0,120.0,117.0,118.0,121.0,146.0,144.0,132.0,4.111065,119.980229,174669.03307,1491,379,313,//qar7000185/GP0_UPLOAD/BOXER/CYLOM\KZ-04-84_CP-13\20220621\can_Tapper17-09-02-13-40-13.pcap.gz
114,2021-09-02 13:40:17.670446,can_tapper17,"rgb(166,86,40)",PG4,122.0,112.0,117.0,8.19672131147541,60.0,122.0,-1.2136622034279598e-12,55,-6.099999999991574,-5.019999999991406,60.0,20.0,433.0,413.0,1.014676,0.0012106537530266344,0.002421307506053269,0.0012106537530266344,synchronized_peak_current_voltage_drop,1.0400000000095417,0.5000000000000782,2.27471676670449,139.64264244545342,0.1873008363421096,5947,2.183406113537118,0.5184654328394488,20.35,-33.28212290502793,223.0,2.015871,7,358,60.0,120.0,117.0,118.0,121.0,146.0,144.0,132.0,4.111065,119.980229,174669.03307,1491,379,313,//qar7000185/GP0_UPLOAD/BOXER/CYLOM\KZ-04-84_CP-13\20220621\can_Tapper17-09-02-13-40-13.pcap.gz
115,2021-09-02 13:41:41.533068,can_tapper17,"rgb(247,129,191)",PG1_est,126.0,109.0,117.0,13.492063492063492,95.0,130.0,-62.91353018378106,1500,-35.019999999991406,-5.019999999991406,100.0,26.5,223.0,196.5,1.279653,0.004580152671755725,0.008651399491094147,0.0066157760814249365,synchronized_peak_current_voltage_drop,0.9400000000095261,0.5000000000000782,2.0171482422437275,142.75521901877227,0.8023471037737506,5952,7.070707070707071,0.9965854978972176,18.03333333333333,-49.02446483180428,20.0,2.278956,3,327,60.0,120.0,115.0,122.0,144.0,143.0,144.0,142.0,59.963374,119.908249,83.862622,2160,514,439,//qar7000185/GP0_UPLOAD/BOXER/CYLOM\KZ-04-84_CP-13\20220621\can_Tapper17-09-02-13-40-13.pcap.gz
115,2021-09-02 13:41:41.533068,can_tapper17,"rgb(247,129,191)",PG2,126.0,115.0,117.0,8.73015873015873,95.0,131.0,-59.506942003075835,1500,-35.019999999991406,-5.019999999991406,100.0,26.5,223.0,196.5,1.279653,0.004580152671755725,0.005597964376590331,0.007124681933842239,synchronized_peak_current_voltage_drop,0.9800000000095324,0.7600000000001188,2.0171482422437275,141.9421438193402,0.8512029146889382,5950,4.761904761904762,0.7982106984250898,18.03333333333333,-49.02446483180428,20.0,2.278956,3,327,60.0,120.0,115.0,123.0,143.0,141.0,141.0,142.0,59.963374,119.908249,83.862622,2160,514,439,//qar7000185/GP0_UPLOAD/BOXER/CYLOM\KZ-04-84_CP-13\20220621\can_Tapper17-09-02-13-40-13.pcap.gz
115,2021-09-02 13:41:41.533068,can_tapper17,"rgb(247,129,191)",PG3_est,127.0,116.0,119.0,8.661417322834646,100.0,131.0,-62.09658759847352,1500,-35.019999999991406,-5.019999999991406,100.0,26.5,223.0,196.5,1.279653,0.004071246819338422,0.005597964376590331,0.0061068702290076335,synchronized_peak_current_voltage_drop,0.7400000000094948,1.0000000000001563,2.27471676670449,143.26791142013613,0.8390797154087628,5962,2.6262626262626263,0.6315462877036789,18.03333333333333,-49.02446483180428,20.0,2.278956,3,327,60.0,120.0,116.0,123.0,144.0,142.0,143.0,143.0,59.963374,119.908249,83.862622,2160,514,439,//qar7000185/GP0_UPLOAD/BOXER/CYLOM\KZ-04-84_CP-13\20220621\can_Tapper17-09-02-13-40-13.pcap.gz
115,2021-09-02 13:41:41.533068,can_tapper17,"rgb(247,129,191)",PG4,127.0,116.0,119.0,8.661417322834646,100.0,131.0,-62.09658759847352,1500,-35.019999999991406,-5.019999999991406,100.0,26.5,223.0,196.5,1.279653,0.004071246819338422,0.005597964376590331,0.0061068702290076335,synchronized_peak_current_voltage_drop,0.7400000000094948,1.0000000000001563,2.27471676670449,143.26791142013613,0.8390797154087628,5962,2.6262626262626263,0.6315462877036789,18.03333333333333,-49.02446483180428,20.0,2.278956,3,327,60.0,120.0,116.0,123.0,144.0,142.0,143.0,143.0,59.963374,119.908249,83.862622,2160,514,439,//qar7000185/GP0_UPLOAD/BOXER/CYLOM\KZ-04-84_CP-13\20220621\can_Tapper17-09-02-13-40-13.pcap.gz
116,2021-09-02 13:49:52.375994,can_tapper17,"rgb(153,153,153)",PG1_est,124.0,111.0,117.0,10.483870967741936,78.00000000000004,125.0,4.18454408201898,1500,-35.019999999991406,-5.019999999991406,90.0,0.0,318.0,318.0,1.833193,0.00220125786163522,0.004088050314465409,0.002515723270440252,synchronized_peak_current_voltage_drop,0.8400000000095105,1.5000000000002345,2.0171482422437275,138.0016826861907,0.2401387637358534,3707,2.268041237113402,0.5935919479664542,18.09166666666667,-38.1436170212766,167.0,2.337257,3,188,60.0,120.0,111.0,117.0,129.0,145.0,144.0,129.0,59.8133,73.006241,490.842926,1596,276,242,//qar7000185/GP0_UPLOAD/BOXER/CYLOM\KZ-04-84_CP-13\20220621\can_Tapper17-09-02-13-46-12.pcap.gz
116,2021-09-02 13:49:52.375994,can_tapper17,"rgb(153,153,153)",PG2,125.0,111.0,115.0,11.200000000000001,90.0,125.0,2.5726944767531466,1500,-35.019999999991406,-5.019999999991406,90.0,0.0,318.0,318.0,1.833193,0.0031446540880503146,0.00440251572327044,0.0031446540880503146,synchronized_peak_current_voltage_drop,0.8400000000095105,1.5000000000002345,2.0171482422437275,136.54653565015778,0.2968814280979565,3708,3.0927835051546393,0.6954407228930418,18.09166666666667,-38.1436170212766,167.0,2.337257,3,188,60.0,120.0,111.0,115.0,130.0,144.0,141.0,129.0,59.8133,73.006241,490.842926,1596,276,242,//qar7000185/GP0_UPLOAD/BOXER/CYLOM\KZ-04-84_CP-13\20220621\can_Tapper17-09-02-13-46-12.pcap.gz
116,2021-09-02 13:49:52.375994,can_tapper17,"rgb(153,153,153)",PG3_est,125.0,111.0,116.0,11.200000000000001,90.0,126.0,2.0257786781238867,1500,-35.019999999991406,-5.019999999991406,95.0,0.0,318.0,318.0,1.833193,0.0028301886792452833,0.00440251572327044,0.0031446540880503146,synchronized_peak_current_voltage_drop,0.8400000000095105,1.5000000000002345,2.0171482422437275,138.55545344403384,0.2632010968054481,3708,2.6804123711340204,0.4620022132178957,18.09166666666667,-38.1436170212766,167.0,2.337257,3,188,60.0,120.0,111.0,116.0,133.0,147.0,144.0,130.0,59.8133,73.006241,490.842926,1596,276,242,//qar7000185/GP0_UPLOAD/BOXER/CYLOM\KZ-04-84_CP-13\20220621\can_Tapper17-09-02-13-46-12.pcap.gz
116,2021-09-02 13:49:52.375994,can_tapper17,"rgb(153,153,153)",PG4,125.0,111.0,116.0,11.200000000000001,90.0,126.0,2.0257786781238867,1500,-35.019999999991406,-5.019999999991406,95.0,0.0,318.0,318.0,1.833193,0.0028301886792452833,0.00440251572327044,0.0031446540880503146,synchronized_peak_current_voltage_drop,0.8400000000095105,1.5000000000002345,2.0171482422437275,138.55545344403384,0.2632010968054481,3708,2.6804123711340204,0.4620022132178957,18.09166666666667,-38.1436170212766,167.0,2.337257,3,188,60.0,120.0,111.0,116.0,133.0,147.0,144.0,130.0,59.8133,73.006241,490.842926,1596,276,242,//qar7000185/GP0_UPLOAD/BOXER/CYLOM\KZ-04-84_CP-13\20220621\can_Tapper17-09-02-13-46-12.pcap.gz
117,2021-09-16 09:14:13.355925,can_tapper17,"rgb(228,26,28)",PG1_est,119.0,96.0,116.0,19.327731092436977,40.0,119.0,1.5495208654362666e-14,1500,-35.019999999991406,-5.019999999991406,40.0,17.0,331.0,314.0,1.4588,0.0009554140127388535,0.007324840764331209,0.0009554140127388535,synchronized_peak_current_voltage_drop,0.9600000000095292,0.5000000000000782,2.892719705486028,143.34433961350229,0.8684271068343881,5951,12.32876712328767,1.6269615361845817,15.919999999999998,-47.447447447447445,18.0,2.061675,4,333,60.0,120.0,96.0,124.0,138.0,144.0,143.0,143.0,59.952099,119.932819,1193060.979931,2160,463,608,//qar7000185/GP0_UPLOAD/BOXER/CYLOM\KZ-04-84_CP-13\20220621\can_Tapper17-09-16-09-12-03.pcap.gz
117,2021-09-16 09:14:13.355925,can_tapper17,"rgb(228,26,28)",PG2,119.0,105.0,105.0,11.76470588235294,40.0,119.0,1.5495208654362666e-14,1500,-35.019999999991406,-5.019999999991406,40.0,17.0,331.0,314.0,1.4588,0.0044585987261146496,0.0044585987261146496,0.0044585987261146496,synchronized_peak_current_voltage_drop,1.0200000000095386,1.0000000000001563,2.892719705486028,142.07790829442195,0.9144692575965743,5948,5.936073059360731,1.4529665285215612,15.919999999999998,-47.447447447447445,18.0,2.061675,4,333,60.0,120.0,116.0,110.0,119.0,142.0,142.0,142.0,59.952099,119.932819,1193060.979931,2160,463,608,//qar7000185/GP0_UPLOAD/BOXER/CYLOM\KZ-04-84_CP-13\20220621\can_Tapper17-09-16-09-12-03.pcap.gz
117,2021-09-16 09:14:13.355925,can_tapper17,"rgb(228,26,28)",PG3_est,120.0,105.0,108.0,12.5,46.24999999999997,120.0,-0.5924447077533321,1500,-35.019999999991406,-5.019999999991406,46.24999999999997,17.0,331.0,314.0,1.4588,0.003821656050955414,0.004777070063694267,0.003821656050955414,synchronized_peak_current_voltage_drop,1.0200000000095386,0.7600000000001188,2.892719705486028,143.32845983056646,0.8736665340494087,5948,3.1963470319634704,1.002561581414417,15.919999999999998,-47.447447447447445,18.0,2.061675,4,333,60.0,120.0,113.0,115.0,119.0,145.0,143.0,143.0,59.952099,119.932819,1193060.979931,2160,463,608,//qar7000185/GP0_UPLOAD/BOXER/CYLOM\KZ-04-84_CP-13\20220621\can_Tapper17-09-16-09-12-03.pcap.gz
117,2021-09-16 09:14:13.355925,can_tapper17,"rgb(228,26,28)",PG4,120.0,105.0,108.0,12.5,46.24999999999997,120.0,-0.5924447077533321,1500,-35.019999999991406,-5.019999999991406,46.24999999999997,17.0,331.0,314.0,1.4588,0.003821656050955414,0.004777070063694267,0.003821656050955414,synchronized_peak_current_voltage_drop,1.0200000000095386,0.7600000000001188,2.892719705486028,143.32845983056646,0.8736665340494087,5948,3.1963470319634704,1.002561581414417,15.919999999999998,-47.447447447447445,18.0,2.061675,4,333,60.0,120.0,113.0,115.0,119.0,145.0,143.0,143.0,59.952099,119.932819,1193060.979931,2160,463,608,//qar7000185/GP0_UPLOAD/BOXER/CYLOM\KZ-04-84_CP-13\20220621\can_Tapper17-09-16-09-12-03.pcap.gz
118,2021-09-16 10:34:34.841507,can_tapper17,"rgb(55,126,184)",PG1_est,118.0,103.0,109.0,12.711864406779661,40.0,119.0,-1.1029249346329477,1500,-35.019999999991406,-5.019999999991406,40.0,23.0,319.0,296.0,1.371026,0.0030405405405405407,0.005067567567567568,0.0033783783783783786,synchronized_peak_current_voltage_drop,0.760000000009498,0.7600000000001188,2.27471676670449,143.14510009917285,0.8980938297766038,5961,7.829977628635347,2.0511232906782926,16.175,-69.62962962962963,27.0,2.07,4,324,60.0,120.0,107.0,111.0,141.0,145.0,142.0,143.0,59.889031,119.947225,4821.485582,2159,547,512,//qar7000185/GP0_UPLOAD/BOXER/CYLOM\KZ-04-84_CP-13\20220621\can_Tapper17-09-16-10-12-03.pcap.gz
118,2021-09-16 10:34:34.841507,can_tapper17,"rgb(55,126,184)",PG2,118.0,106.0,108.0,10.16949152542373,40.0,120.0,-3.5254593446479925,1500,-35.019999999991406,-5.019999999991406,46.24999999999997,23.0,319.0,296.0,1.371026,0.0033783783783783786,0.004054054054054054,0.004054054054054054,synchronized_peak_current_voltage_drop,1.0400000000095417,1.0000000000001563,2.27471676670449,142.1171280618183,0.9250207775146151,5947,4.0189125295508275,1.20473976176524,16.175,-69.62962962962963,27.0,2.07,4,324,60.0,120.0,110.0,110.0,140.0,144.0,142.0,142.0,59.889031,119.947225,4821.485582,2159,547,512,//qar7000185/GP0_UPLOAD/BOXER/CYLOM\KZ-04-84_CP-13\20220621\can_Tapper17-09-16-10-12-03.pcap.gz
118,2021-09-16 10:34:34.841507,can_tapper17,"rgb(55,126,184)",PG3_est,119.0,105.0,110.0,11.76470588235294,40.0,120.0,7.586850985972613e-14,1500,-35.019999999991406,-5.019999999991406,46.24999999999997,23.0,319.0,296.0,1.371026,0.0030405405405405407,0.004729729729729729,0.0033783783783783786,synchronized_peak_current_voltage_drop,0.8800000000095167,1.0000000000001563,2.0171482422437275,143.09930229531858,0.8907129587352837,5955,3.2822757111597376,1.2034864674962291,16.175,-69.62962962962963,27.0,2.07,4,324,60.0,120.0,105.0,118.0,142.0,146.0,142.0,143.0,59.889031,119.947225,4821.485582,2159,547,512,//qar7000185/GP0_UPLOAD/BOXER/CYLOM\KZ-04-84_CP-13\20220621\can_Tapper17-09-16-10-12-03.pcap.gz
118,2021-09-16 10:34:34.841507,can_tapper17,"rgb(55,126,184)",PG4,119.0,105.0,110.0,11.76470588235294,40.0,120.0,7.586850985972613e-14,1500,-35.019999999991406,-5.019999999991406,46.24999999999997,23.0,319.0,296.0,1.371026,0.0030405405405405407,0.004729729729729729,0.0033783783783783786,synchronized_peak_current_voltage_drop,0.8800000000095167,1.0000000000001563,2.0171482422437275,143.09930229531858,0.8907129587352837,5955,3.2822757111597376,1.2034864674962291,16.175,-69.62962962962963,27.0,2.07,4,324,60.0,120.0,105.0,118.0,142.0,146.0,142.0,143.0,59.889031,119.947225,4821.485582,2159,547,512,//qar7000185/GP0_UPLOAD/BOXER/CYLOM\KZ-04-84_CP-13\20220621\can_Tapper17-09-16-10-12-03.pcap.gz
119,2021-09-24 08:09:32.553197,can_tapper17,"rgb(77,175,74)",PG1_est,124.0,112.0,112.0,9.67741935483871,78.00000000000004,125.0,0.7598029188118818,345,-11.899999999992481,-5.019999999991406,90.0,0.0,450.0,450.0,0.509469,0.0026666666666666666,0.0026666666666666666,0.002888888888888889,synchronized_peak_current_voltage_drop,0.4800000000094542,1.0000000000001563,3.2620894576029285,143.83609186438977,0.8956695998902563,5975,4.680851063829787,1.2455712888596233,16.4,-8.058641975308642,16.0,2.017586,7,324,60.0,120.0,117.0,122.0,133.0,143.0,144.0,144.0,9.911953,118.928145,682497.71169,1548,349,414,//qar7000185/GP0_UPLOAD/BOXER/CYLOM\KZ-04-84_CP-13\20220621\can_Tapper17-09-24-08-09-22.pcap.gz
119,2021-09-24 08:09:32.553197,can_tapper17,"rgb(77,175,74)",PG2,125.0,110.0,110.0,12.0,90.0,126.0,-4.145309385903226,345,-11.899999999992481,-5.019999999991406,95.0,0.0,450.0,450.0,0.509469,0.0033333333333333335,0.0033333333333333335,0.0035555555555555557,synchronized_peak_current_voltage_drop,0.4800000000094542,1.0000000000001563,2.892719705486028,142.37066946296335,0.8728224972100516,5975,6.382978723404255,1.7026684208732497,16.4,-8.058641975308642,16.0,2.017586,7,324,60.0,120.0,116.0,123.0,133.0,143.0,142.0,142.0,9.911953,118.928145,682497.71169,1548,349,414,//qar7000185/GP0_UPLOAD/BOXER/CYLOM\KZ-04-84_CP-13\20220621\can_Tapper17-09-24-08-09-22.pcap.gz
119,2021-09-24 08:09:32.553197,can_tapper17,"rgb(77,175,74)",PG3_est,125.0,117.0,123.0,6.4,90.0,126.0,5.996866374859961e-13,345,-11.899999999992481,-5.019999999991406,95.0,0.0,450.0,450.0,0.509469,0.00044444444444444447,0.0017777777777777779,0.0006666666666666666,synchronized_peak_current_voltage_drop,1.0000000000095355,0.5000000000000782,2.892719705486028,145.90478936026878,0.709838326717021,5949,5.531914893617022,1.3240087107142546,16.4,-8.058641975308642,16.0,2.017586,7,324,60.0,120.0,117.0,123.0,133.0,149.0,149.0,145.0,9.911953,118.928145,682497.71169,1548,349,414,//qar7000185/GP0_UPLOAD/BOXER/CYLOM\KZ-04-84_CP-13\20220621\can_Tapper17-09-24-08-09-22.pcap.gz
119,2021-09-24 08:09:32.553197,can_tapper17,"rgb(77,175,74)",PG4,125.0,117.0,123.0,6.4,90.0,126.0,5.996866374859961e-13,345,-11.899999999992481,-5.019999999991406,95.0,0.0,450.0,450.0,0.509469,0.00044444444444444447,0.0017777777777777779,0.0006666666666666666,synchronized_peak_current_voltage_drop,1.0000000000095355,0.5000000000000782,2.892719705486028,145.90478936026878,0.709838326717021,5949,5.531914893617022,1.3240087107142546,16.4,-8.058641975308642,16.0,2.017586,7,324,60.0,120.0,117.0,123.0,133.0,149.0,149.0,145.0,9.911953,118.928145,682497.71169,1548,349,414,//qar7000185/GP0_UPLOAD/BOXER/CYLOM\KZ-04-84_CP-13\20220621\can_Tapper17-09-24-08-09-22.pcap.gz
120,2021-09-24 10:26:30.917055,can_tapper17,"rgb(152,78,163)",PG1_est,125.0,117.0,117.0,6.4,90.0,126.0,1.4489855098421256e-12,39,-5.779999999991524,-5.019999999991406,95.0,0.0,455.0,455.0,0.841524,0.0017582417582417582,0.0017582417582417582,0.001978021978021978,synchronized_peak_current_voltage_drop,0.8400000000095105,0.5000000000000782,2.892719705486028,142.3571811428945,0.34453614596037296,4131,1.0183299389002036,0.46624873833417113,16.8,-11.885167464114833,177.0,2.238549,7,209,60.0,120.0,117.0,123.0,142.0,143.0,144.0,,3.80043,119.999919,8218.363858,1003,223,202,//qar7000185/GP0_UPLOAD/BOXER/CYLOM\KZ-04-84_CP-13\20220621\can_Tapper17-09-24-10-26-26.pcap.gz
120,2021-09-24 10:26:30.917055,can_tapper17,"rgb(152,78,163)",PG2,125.0,116.0,116.0,7.199999999999999,90.0,125.0,-1.1398599015100407e-12,39,-5.779999999991524,-5.019999999991406,90.0,0.0,455.0,455.0,0.841524,0.001978021978021978,0.001978021978021978,0.001978021978021978,synchronized_peak_current_voltage_drop,0.8400000000095105,0.5000000000000782,2.27471676670449,140.77222397947932,0.3171569612460783,4132,1.8329938900203666,0.40437732233132695,16.8,-11.885167464114833,177.0,2.238549,7,209,60.0,120.0,116.0,123.0,143.0,143.0,142.0,,3.80043,119.999919,8218.363858,1003,223,202,//qar7000185/GP0_UPLOAD/BOXER/CYLOM\KZ-04-84_CP-13\20220621\can_Tapper17-09-24-10-26-26.pcap.gz
120,2021-09-24 10:26:30.917055,can_tapper17,"rgb(152,78,163)",PG3_est,126.0,116.0,116.0,7.936507936507936,95.0,126.0,1.4489855098421256e-12,39,-5.779999999991524,-5.019999999991406,95.0,0.0,455.0,455.0,0.841524,0.002197802197802198,0.002197802197802198,0.002197802197802198,synchronized_peak_current_voltage_drop,0.8400000000095105,0.5000000000000782,2.892719705486028,146.7335928472124,0.33868591319248165,4132,1.4256619144602851,0.35549748526411706,16.8,-11.885167464114833,177.0,2.238549,7,209,60.0,120.0,116.0,123.0,141.0,149.0,148.0,,3.80043,119.999919,8218.363858,1003,223,202,//qar7000185/GP0_UPLOAD/BOXER/CYLOM\KZ-04-84_CP-13\20220621\can_Tapper17-09-24-10-26-26.pcap.gz
120,2021-09-24 10:26:30.917055,can_tapper17,"rgb(152,78,163)",PG4,126.0,116.0,116.0,7.936507936507936,95.0,126.0,1.4489855098421256e-12,39,-5.779999999991524,-5.019999999991406,95.0,0.0,455.0,455.0,0.841524,0.002197802197802198,0.002197802197802198,0.002197802197802198,synchronized_peak_current_voltage_drop,0.8400000000095105,0.5000000000000782,2.892719705486028,146.7335928472124,0.33868591319248165,4132,1.4256619144602851,0.35549748526411706,16.8,-11.885167464114833,177.0,2.238549,7,209,60.0,120.0,116.0,123.0,141.0,149.0,148.0,,3.80043,119.999919,8218.363858,1003,223,202,//qar7000185/GP0_UPLOAD/BOXER/CYLOM\KZ-04-84_CP-13\20220621\can_Tapper17-09-24-10-26-26.pcap.gz
121,2021-09-27 11:12:15.102560,can_tapper17,"rgb(255,127,0)",PG1_est,121.0,98.0,111.0,19.00826446280992,52.857142857142826,122.0,0.13713783872800492,1500,-35.019999999991406,-5.019999999991406,60.0,14.0,376.0,362.0,1.204425,0.0027624309392265192,0.006353591160220994,0.0030386740331491717,synchronized_peak_current_voltage_drop,0.7400000000094948,0.5000000000000782,2.892719705486028,142.26462868771569,0.7634695643999134,5962,11.312217194570136,1.5517776238765293,16.266666666666666,-47.586319218241044,15.0,2.304177,4,307,60.0,120.0,111.0,120.0,135.0,144.0,142.0,142.0,59.907732,119.980399,261944.185505,2159,435,524,//qar7000185/GP0_UPLOAD/BOXER/CYLOM\KZ-04-84_CP-13\20220621\can_Tapper17-09-27-10-37-38.pcap.gz
121,2021-09-27 11:12:15.102560,can_tapper17,"rgb(255,127,0)",PG2,122.0,109.0,109.0,10.655737704918032,60.0,122.0,-0.13713783872785593,1500,-35.019999999991406,-5.019999999991406,60.0,14.0,376.0,362.0,1.204425,0.0035911602209944752,0.0035911602209944752,0.0035911602209944752,synchronized_peak_current_voltage_drop,0.8200000000095073,1.0000000000001563,3.2620894576029285,142.90220592060982,0.8491002071198309,5958,10.407239819004525,1.5979499148194105,16.266666666666666,-47.586319218241044,15.0,2.304177,4,307,60.0,120.0,109.0,121.0,127.0,142.0,143.0,143.0,59.907732,119.980399,261944.185505,2159,435,524,//qar7000185/GP0_UPLOAD/BOXER/CYLOM\KZ-04-84_CP-13\20220621\can_Tapper17-09-27-10-37-38.pcap.gz
121,2021-09-27 11:12:15.102560,can_tapper17,"rgb(255,127,0)",PG3_est,122.0,111.0,113.0,9.01639344262295,60.0,123.0,-0.1699822977697091,1500,-35.019999999991406,-5.019999999991406,68.33333333333339,14.0,376.0,362.0,1.204425,0.0024861878453038676,0.0030386740331491717,0.0027624309392265192,synchronized_peak_current_voltage_drop,0.5800000000094698,1.0200000000001594,3.2620894576029285,146.5328146139512,0.7659642215463953,5970,4.721030042918455,0.7651912516952522,16.266666666666666,-47.586319218241044,15.0,2.304177,4,307,60.0,120.0,111.0,121.0,126.0,149.0,148.0,147.0,59.907732,119.980399,261944.185505,2159,435,524,//qar7000185/GP0_UPLOAD/BOXER/CYLOM\KZ-04-84_CP-13\20220621\can_Tapper17-09-27-10-37-38.pcap.gz
121,2021-09-27 11:12:15.102560,can_tapper17,"rgb(255,127,0)",PG4,122.0,111.0,113.0,9.01639344262295,60.0,123.0,-0.1699822977697091,1500,-35.019999999991406,-5.019999999991406,68.33333333333339,14.0,376.0,362.0,1.204425,0.0024861878453038676,0.0030386740331491717,0.0027624309392265192,synchronized_peak_current_voltage_drop,0.5800000000094698,1.0200000000001594,3.2620894576029285,146.5328146139512,0.7659642215463953,5970,4.721030042918455,0.7651912516952522,16.266666666666666,-47.586319218241044,15.0,2.304177,4,307,60.0,120.0,111.0,121.0,126.0,149.0,148.0,147.0,59.907732,119.980399,261944.185505,2159,435,524,//qar7000185/GP0_UPLOAD/BOXER/CYLOM\KZ-04-84_CP-13\20220621\can_Tapper17-09-27-10-37-38.pcap.gz
122,2021-09-28 08:39:12.145575,can_tapper17,"rgb(255,255,51)",PG1_est,122.0,106.0,117.0,13.114754098360656,60.0,,,0,,,,0.0,470.0,470.0,0.927967,0.0010638297872340426,0.0034042553191489366,,synchronized_peak_current_voltage_drop,1.0400000000095417,0.7600000000001188,3.678623825607137,143.00205445789436,0.9104530668924303,5947,4.504504504504505,0.6754998011603304,12.941666666666668,-84.35555555555555,12.0,2.937538,6,315,60.0,120.0,117.0,116.0,121.0,143.0,143.0,143.0,0.092671,119.98723,77217.043015,1443,321,445,//qar7000185/GP0_UPLOAD/BOXER/CYLOM\KZ-04-84_CP-13\20220621\can_Tapper17-09-28-08-39-11.pcap.gz
122,2021-09-28 08:39:12.145575,can_tapper17,"rgb(255,255,51)",PG2,121.0,111.0,116.0,8.264462809917356,52.857142857142826,,,0,,,,0.0,470.0,470.0,0.927967,0.0010638297872340426,0.002127659574468085,,synchronized_peak_current_voltage_drop,1.0600000000095449,0.7400000000001157,3.2620894576029285,143.30247694199463,0.8804742393784102,5946,4.504504504504505,0.5854895255305621,12.941666666666668,-84.35555555555555,12.0,2.937538,6,315,60.0,120.0,116.0,117.0,120.0,144.0,144.0,143.0,0.092671,119.98723,77217.043015,1443,321,445,//qar7000185/GP0_UPLOAD/BOXER/CYLOM\KZ-04-84_CP-13\20220621\can_Tapper17-09-28-08-39-11.pcap.gz
122,2021-09-28 08:39:12.145575,can_tapper17,"rgb(255,255,51)",PG3_est,122.0,111.0,111.0,9.01639344262295,60.0,,,0,,,,0.0,470.0,470.0,0.927967,0.002340425531914894,0.002340425531914894,,synchronized_peak_current_voltage_drop,0.8000000000095042,1.0000000000001563,3.2620894576029285,145.0379980870591,0.8563430765850282,5959,2.4175824175824174,0.4731288886306133,12.941666666666668,-84.35555555555555,12.0,2.937538,6,315,60.0,120.0,111.0,117.0,121.0,148.0,145.0,145.0,0.092671,119.98723,77217.043015,1443,321,445,//qar7000185/GP0_UPLOAD/BOXER/CYLOM\KZ-04-84_CP-13\20220621\can_Tapper17-09-28-08-39-11.pcap.gz
122,2021-09-28 08:39:12.145575,can_tapper17,"rgb(255,255,51)",PG4,122.0,111.0,111.0,9.01639344262295,60.0,,,0,,,,0.0,470.0,470.0,0.927967,0.002340425531914894,0.002340425531914894,,synchronized_peak_current_voltage_drop,0.8000000000095042,1.0000000000001563,3.2620894576029285,145.0379980870591,0.8563430765850282,5959,2.4175824175824174,0.4731288886306133,12.941666666666668,-84.35555555555555,12.0,2.937538,6,315,60.0,120.0,111.0,117.0,121.0,148.0,145.0,145.0,0.092671,119.98723,77217.043015,1443,321,445,//qar7000185/GP0_UPLOAD/BOXER/CYLOM\KZ-04-84_CP-13\20220621\can_Tapper17-09-28-08-39-11.pcap.gz
123,2021-09-28 14:37:44.544793,can_tapper17,"rgb(166,86,40)",PG1_est,117.0,107.0,117.0,8.547008547008547,40.0,118.0,-0.6070313809027493,1500,-35.019999999991406,-5.019999999991406,40.0,0.0,445.0,445.0,0.963149,,0.0022471910112359553,0.00022471910112359551,synchronized_peak_current_voltage_drop,0.8200000000095073,0.14000000000002188,58.350444692249376,116.14720847845784,0.44423661825420646,5958,7.339449541284404,2.0422139105499637,17.083333333333332,-24.282894736842106,31.0,2.467123,8,152,60.0,120.0,117.0,111.0,126.0,129.0,122.0,119.0,59.929447,119.958531,21512.399218,2159,242,244,//qar7000185/GP0_UPLOAD/BOXER/CYLOM\KZ-04-84_CP-13\20220621\can_Tapper17-09-28-13-39-11.pcap.gz
123,2021-09-28 14:37:44.544793,can_tapper17,"rgb(166,86,40)",PG2,118.0,105.0,105.0,11.016949152542372,40.0,118.0,3.924642940357044e-13,1500,-35.019999999991406,-5.019999999991406,40.0,0.0,445.0,445.0,0.963149,0.0029213483146067415,0.0029213483146067415,0.0029213483146067415,synchronized_peak_current_voltage_drop,0.9600000000095292,1.0000000000001563,51.74336368726529,116.62086515500964,0.43344708144408106,5951,5.504587155963303,1.6316041095908105,17.083333333333332,-24.282894736842106,31.0,2.467123,8,152,60.0,120.0,105.0,116.0,129.0,130.0,122.0,120.0,59.929447,119.958531,21512.399218,2159,242,244,//qar7000185/GP0_UPLOAD/BOXER/CYLOM\KZ-04-84_CP-13\20220621\can_Tapper17-09-28-13-39-11.pcap.gz
123,2021-09-28 14:37:44.544793,can_tapper17,"rgb(166,86,40)",PG3_est,118.0,107.0,107.0,9.322033898305085,40.0,119.0,-0.5694580308699697,1500,-35.019999999991406,-5.019999999991406,40.0,0.0,445.0,445.0,0.963149,0.002471910112359551,0.002471910112359551,0.002696629213483146,synchronized_peak_current_voltage_drop,0.8800000000095167,1.0000000000001563,65.80118015445542,116.22019047232084,0.44623397410828136,5955,3.056768558951965,0.7433149926417824,17.083333333333332,-24.282894736842106,31.0,2.467123,8,152,60.0,120.0,107.0,116.0,129.0,130.0,123.0,120.0,59.929447,119.958531,21512.399218,2159,242,244,//qar7000185/GP0_UPLOAD/BOXER/CYLOM\KZ-04-84_CP-13\20220621\can_Tapper17-09-28-13-39-11.pcap.gz
123,2021-09-28 14:37:44.544793,can_tapper17,"rgb(166,86,40)",PG4,118.0,107.0,107.0,9.322033898305085,40.0,119.0,-0.5694580308699697,1500,-35.019999999991406,-5.019999999991406,40.0,0.0,445.0,445.0,0.963149,0.002471910112359551,0.002471910112359551,0.002696629213483146,synchronized_peak_current_voltage_drop,0.8800000000095167,1.0000000000001563,65.80118015445542,116.22019047232084,0.44623397410828136,5955,3.056768558951965,0.7433149926417824,17.083333333333332,-24.282894736842106,31.0,2.467123,8,152,60.0,120.0,107.0,116.0,129.0,130.0,123.0,120.0,59.929447,119.958531,21512.399218,2159,242,244,//qar7000185/GP0_UPLOAD/BOXER/CYLOM\KZ-04-84_CP-13\20220621\can_Tapper17-09-28-13-39-11.pcap.gz
124,2021-09-28 18:11:26.152117,can_tapper17,"rgb(247,129,191)",PG1_est,114.0,98.0,107.0,14.035087719298245,40.0,114.0,-0.012791116795950446,1500,-35.019999999991406,-5.019999999991406,40.0,0.0,441.0,441.0,0.818944,0.0015873015873015873,0.0036281179138321997,0.0015873015873015873,synchronized_peak_current_voltage_drop,0.6400000000094792,1.0000000000001563,3.678623825607137,134.07350796081656,0.8725827123985913,5967,5.882352941176471,1.6847357545242816,19.0,-202.2431506849315,20.0,2.417959,8,292,60.0,120.0,101.0,112.0,113.0,133.0,136.0,134.0,43.765754,119.80116,12821.607324,1965,373,393,//qar7000185/GP0_UPLOAD/BOXER/CYLOM\KZ-04-84_CP-13\20220621\can_Tapper17-09-28-18-10-42.pcap.gz
124,2021-09-28 18:11:26.152117,can_tapper17,"rgb(247,129,191)",PG2,113.0,94.0,104.0,16.8141592920354,40.0,114.0,-0.3920001742221107,1500,-35.019999999991406,-5.019999999991406,40.0,0.0,441.0,441.0,0.818944,0.0020408163265306124,0.004308390022675737,0.0022675736961451248,synchronized_peak_current_voltage_drop,0.9000000000095199,1.0000000000001563,3.2620894576029285,134.80586384133005,0.8806801735803801,5954,10.513447432762836,2.297862744266551,19.0,-202.2431506849315,20.0,2.417959,8,292,60.0,120.0,94.0,112.0,120.0,135.0,136.0,135.0,43.765754,119.80116,12821.607324,1965,373,393,//qar7000185/GP0_UPLOAD/BOXER/CYLOM\KZ-04-84_CP-13\20220621\can_Tapper17-09-28-18-10-42.pcap.gz
124,2021-09-28 18:11:26.152117,can_tapper17,"rgb(247,129,191)",PG3_est,115.0,99.0,99.0,13.91304347826087,40.0,115.0,2.1134439041961401e-13,1500,-35.019999999991406,-5.019999999991406,40.0,0.0,441.0,441.0,0.818944,0.0036281179138321997,0.0036281179138321997,0.0036281179138321997,synchronized_peak_current_voltage_drop,0.6400000000094792,1.0000000000001563,3.678623825607137,135.038179174602,0.897251678982076,5967,3.1784841075794623,0.9588289389263325,19.0,-202.2431506849315,20.0,2.417959,8,292,60.0,120.0,99.0,113.0,117.0,134.0,137.0,135.0,43.765754,119.80116,12821.607324,1965,373,393,//qar7000185/GP0_UPLOAD/BOXER/CYLOM\KZ-04-84_CP-13\20220621\can_Tapper17-09-28-18-10-42.pcap.gz
124,2021-09-28 18:11:26.152117,can_tapper17,"rgb(247,129,191)",PG4,115.0,99.0,99.0,13.91304347826087,40.0,115.0,2.1134439041961401e-13,1500,-35.019999999991406,-5.019999999991406,40.0,0.0,441.0,441.0,0.818944,0.0036281179138321997,0.0036281179138321997,0.0036281179138321997,synchronized_peak_current_voltage_drop,0.6400000000094792,1.0000000000001563,3.678623825607137,135.038179174602,0.897251678982076,5967,3.1784841075794623,0.9588289389263325,19.0,-202.2431506849315,20.0,2.417959,8,292,60.0,120.0,99.0,113.0,117.0,134.0,137.0,135.0,43.765754,119.80116,12821.607324,1965,373,393,//qar7000185/GP0_UPLOAD/BOXER/CYLOM\KZ-04-84_CP-13\20220621\can_Tapper17-09-28-18-10-42.pcap.gz
125,2021-09-28 18:17:37.155731,can_tapper17,"rgb(153,153,153)",PG1_est,121.0,102.0,121.0,15.702479338842975,52.857142857142826,121.0,0.14971562209585604,1500,-35.019999999991406,-5.019999999991406,52.857142857142826,13.5,221.0,207.5,1.271953,,0.009156626506024095,,synchronized_peak_current_voltage_drop,0.7800000000095011,0.5000000000000782,4.148345232772487,131.66315098036281,0.9394672139004827,5960,11.11111111111111,0.7445700123367607,19.3,-192.57236842105263,16.0,3.464279,4,304,60.0,120.0,112.0,119.0,126.0,129.0,131.0,132.0,59.85997,119.980584,371.003614,2160,419,609,//qar7000185/GP0_UPLOAD/BOXER/CYLOM\KZ-04-84_CP-13\20220621\can_Tapper17-09-28-18-10-42.pcap.gz
125,2021-09-28 18:17:37.155731,can_tapper17,"rgb(153,153,153)",PG2,121.0,111.0,111.0,8.264462809917356,52.857142857142826,121.0,-4.947042198684278,1500,-35.019999999991406,-5.019999999991406,52.857142857142826,13.5,221.0,207.5,1.271953,0.004819277108433735,0.004819277108433735,0.004819277108433735,synchronized_peak_current_voltage_drop,0.8000000000095042,0.5000000000000782,3.678623825607137,131.85713102210127,0.962575300500582,5959,5.446623093681917,0.8045822366949738,19.3,-192.57236842105263,16.0,3.464279,4,304,60.0,120.0,111.0,120.0,126.0,130.0,131.0,132.0,59.85997,119.980584,371.003614,2160,419,609,//qar7000185/GP0_UPLOAD/BOXER/CYLOM\KZ-04-84_CP-13\20220621\can_Tapper17-09-28-18-10-42.pcap.gz
125,2021-09-28 18:17:37.155731,can_tapper17,"rgb(153,153,153)",PG3_est,122.0,113.0,113.0,7.377049180327869,60.0,122.0,-1.8034141348503243,1500,-35.019999999991406,-5.019999999991406,60.0,13.5,221.0,207.5,1.271953,0.004337349397590362,0.004337349397590362,0.004337349397590362,synchronized_peak_current_voltage_drop,0.8200000000095073,0.5200000000000813,4.148345232772487,132.31976357310145,0.9422149379824521,5958,2.832244008714597,0.6705147238457654,19.3,-192.57236842105263,16.0,3.464279,4,304,60.0,120.0,113.0,121.0,127.0,130.0,132.0,132.0,59.85997,119.980584,371.003614,2160,419,609,//qar7000185/GP0_UPLOAD/BOXER/CYLOM\KZ-04-84_CP-13\20220621\can_Tapper17-09-28-18-10-42.pcap.gz
125,2021-09-28 18:17:37.155731,can_tapper17,"rgb(153,153,153)",PG4,122.0,113.0,113.0,7.377049180327869,60.0,122.0,-1.8034141348503243,1500,-35.019999999991406,-5.019999999991406,60.0,13.5,221.0,207.5,1.271953,0.004337349397590362,0.004337349397590362,0.004337349397590362,synchronized_peak_current_voltage_drop,0.8200000000095073,0.5200000000000813,4.148345232772487,132.31976357310145,0.9422149379824521,5958,2.832244008714597,0.6705147238457654,19.3,-192.57236842105263,16.0,3.464279,4,304,60.0,120.0,113.0,121.0,127.0,130.0,132.0,132.0,59.85997,119.980584,371.003614,2160,419,609,//qar7000185/GP0_UPLOAD/BOXER/CYLOM\KZ-04-84_CP-13\20220621\can_Tapper17-09-28-18-10-42.pcap.gz
126,2021-10-04 08:15:31.237581,can_tapper17,"rgb(228,26,28)",PG1_est,124.0,103.0,107.0,16.93548387096774,78.00000000000004,125.0,-5.226091211595404,1500,-35.019999999991406,-5.019999999991406,90.0,0.0,392.0,392.0,1.027941,0.004336734693877551,0.005357142857142857,0.004591836734693878,synchronized_peak_current_voltage_drop,0.5400000000094636,0.5000000000000782,3.2620894576029285,142.8223400676274,0.8937209717068689,5972,11.397849462365592,2.725398320929679,10.4,-6.515923566878981,16.0,2.029845,7,314,60.0,120.0,107.0,116.0,122.0,142.0,143.0,142.0,37.605366,119.986734,482274.08185,1893,383,557,//qar7000185/GP0_UPLOAD/BOXER/CYLOM\KZ-04-84_CP-13\20220621\can_Tapper17-10-04-08-14-53.pcap.gz
126,2021-10-04 08:15:31.237581,can_tapper17,"rgb(228,26,28)",PG2,124.0,111.0,114.0,10.483870967741936,78.00000000000004,125.0,-7.285398793509415,1500,-35.019999999991406,-5.019999999991406,90.0,0.0,392.0,392.0,1.027941,0.002551020408163265,0.003316326530612245,0.002806122448979592,synchronized_peak_current_voltage_drop,0.5800000000094698,1.0000000000001563,3.2620894576029285,143.37400124926202,0.8743080407384405,5970,4.516129032258065,1.3858278117140572,10.4,-6.515923566878981,16.0,2.029845,7,314,60.0,120.0,114.0,121.0,123.0,144.0,143.0,143.0,37.605366,119.986734,482274.08185,1893,383,557,//qar7000185/GP0_UPLOAD/BOXER/CYLOM\KZ-04-84_CP-13\20220621\can_Tapper17-10-04-08-14-53.pcap.gz
126,2021-10-04 08:15:31.237581,can_tapper17,"rgb(228,26,28)",PG3_est,125.0,116.0,116.0,7.199999999999999,90.0,126.0,-4.87829550146378,1500,-35.019999999991406,-5.019999999991406,95.0,0.0,392.0,392.0,1.027941,0.002295918367346939,0.002295918367346939,0.002551020408163265,synchronized_peak_current_voltage_drop,0.8200000000095073,0.7400000000001157,2.892719705486028,144.6944513625799,0.736618200199578,5958,4.946236559139785,1.3307146086964925,10.4,-6.515923566878981,16.0,2.029845,7,314,60.0,120.0,116.0,121.0,123.0,147.0,146.0,145.0,37.605366,119.986734,482274.08185,1893,383,557,//qar7000185/GP0_UPLOAD/BOXER/CYLOM\KZ-04-84_CP-13\20220621\can_Tapper17-10-04-08-14-53.pcap.gz
126,2021-10-04 08:15:31.237581,can_tapper17,"rgb(228,26,28)",PG4,125.0,116.0,116.0,7.199999999999999,90.0,126.0,-4.87829550146378,1500,-35.019999999991406,-5.019999999991406,95.0,0.0,392.0,392.0,1.027941,0.002295918367346939,0.002295918367346939,0.002551020408163265,synchronized_peak_current_voltage_drop,0.8200000000095073,0.7400000000001157,2.892719705486028,144.6944513625799,0.736618200199578,5958,4.946236559139785,1.3307146086964925,10.4,-6.515923566878981,16.0,2.029845,7,314,60.0,120.0,116.0,121.0,123.0,147.0,146.0,145.0,37.605366,119.986734,482274.08185,1893,383,557,//qar7000185/GP0_UPLOAD/BOXER/CYLOM\KZ-04-84_CP-13\20220621\can_Tapper17-10-04-08-14-53.pcap.gz
127,2021-10-04 11:29:00.732855,can_tapper17,"rgb(55,126,184)",PG1_est,124.0,103.0,107.0,16.93548387096774,78.00000000000004,124.0,0.04771557676263742,1500,-35.019999999991406,-5.019999999991406,78.00000000000004,14.5,377.0,362.5,1.183228,0.004689655172413793,0.005793103448275863,0.004689655172413793,synchronized_peak_current_voltage_drop,0.7200000000094917,0.5000000000000782,1.7887444673306678,142.60151084379837,0.8316440392155535,5963,9.251101321585903,2.18069983768143,11.163333333333332,-23.591639871382636,15.0,2.275396,3,311,60.0,120.0,110.0,121.0,144.0,142.0,143.0,142.0,59.923672,119.924303,11609.495274,2159,485,531,//qar7000185/GP0_UPLOAD/BOXER/CYLOM\KZ-04-84_CP-13\20220621\can_Tapper17-10-04-11-14-53.pcap.gz
127,2021-10-04 11:29:00.732855,can_tapper17,"rgb(55,126,184)",PG2,124.0,110.0,113.0,11.29032258064516,78.00000000000004,125.0,-1.021680454079961,1500,-35.019999999991406,-5.019999999991406,90.0,14.5,377.0,362.5,1.183228,0.00303448275862069,0.003862068965517241,0.003310344827586207,synchronized_peak_current_voltage_drop,0.8800000000095167,0.7400000000001157,2.0171482422437275,143.06865376685502,0.8446195040880443,5955,6.363636363636363,1.324661255812096,11.163333333333332,-23.591639871382636,15.0,2.275396,3,311,60.0,120.0,110.0,121.0,144.0,142.0,143.0,143.0,59.923672,119.924303,11609.495274,2159,485,531,//qar7000185/GP0_UPLOAD/BOXER/CYLOM\KZ-04-84_CP-13\20220621\can_Tapper17-10-04-11-14-53.pcap.gz
127,2021-10-04 11:29:00.732855,can_tapper17,"rgb(55,126,184)",PG3_est,125.0,110.0,113.0,12.0,90.0,125.0,4.156167692041187e-14,1500,-35.019999999991406,-5.019999999991406,90.0,14.5,377.0,362.5,1.183228,0.003310344827586207,0.004137931034482759,0.003310344827586207,synchronized_peak_current_voltage_drop,0.7800000000095011,0.7600000000001188,2.0171482422437275,145.49129595995157,0.8100429874529398,5960,3.0837004405286343,0.796841105572859,11.163333333333332,-23.591639871382636,15.0,2.275396,3,311,60.0,120.0,110.0,122.0,147.0,147.0,147.0,145.0,59.923672,119.924303,11609.495274,2159,485,531,//qar7000185/GP0_UPLOAD/BOXER/CYLOM\KZ-04-84_CP-13\20220621\can_Tapper17-10-04-11-14-53.pcap.gz
127,2021-10-04 11:29:00.732855,can_tapper17,"rgb(55,126,184)",PG4,125.0,110.0,113.0,12.0,90.0,125.0,4.156167692041187e-14,1500,-35.019999999991406,-5.019999999991406,90.0,14.5,377.0,362.5,1.183228,0.003310344827586207,0.004137931034482759,0.003310344827586207,synchronized_peak_current_voltage_drop,0.7800000000095011,0.7600000000001188,2.0171482422437275,145.49129595995157,0.8100429874529398,5960,3.0837004405286343,0.796841105572859,11.163333333333332,-23.591639871382636,15.0,2.275396,3,311,60.0,120.0,110.0,122.0,147.0,147.0,147.0,145.0,59.923672,119.924303,11609.495274,2159,485,531,//qar7000185/GP0_UPLOAD/BOXER/CYLOM\KZ-04-84_CP-13\20220621\can_Tapper17-10-04-11-14-53.pcap.gz
128,2021-10-04 13:03:09.535110,can_tapper17,"rgb(77,175,74)",PG1_est,124.0,113.0,113.0,8.870967741935484,78.00000000000004,124.0,-8.843540243896139e-14,1500,-35.019999999991406,-5.019999999991406,78.00000000000004,0.0,334.0,334.0,1.494095,0.003293413173652695,0.003293413173652695,0.003293413173652695,synchronized_peak_current_voltage_drop,1.1000000000095511,1.0000000000001563,2.0171482422437275,142.42935583144322,0.6386568291494186,5944,3.4188034188034186,1.1074084830937745,12.495000000000001,-27.266211604095563,16.0,2.093576,4,293,60.0,120.0,121.0,115.0,144.0,142.0,142.0,143.0,59.994574,119.829725,5648.802255,2158,436,418,//qar7000185/GP0_UPLOAD/BOXER/CYLOM\KZ-04-84_CP-13\20220621\can_Tapper17-10-04-12-14-53.pcap.gz
128,2021-10-04 13:03:09.535110,can_tapper17,"rgb(77,175,74)",PG2,124.0,112.0,112.0,9.67741935483871,78.00000000000004,125.0,4.156167692041187e-14,1500,-35.019999999991406,-5.019999999991406,90.0,0.0,334.0,334.0,1.494095,0.003592814371257485,0.003592814371257485,0.0038922155688622755,synchronized_peak_current_voltage_drop,1.1000000000095511,1.0000000000001563,1.7887444673306678,141.88649824786916,0.6517831133046745,5944,3.4188034188034186,1.0004150459732406,12.495000000000001,-27.266211604095563,16.0,2.093576,4,293,60.0,120.0,121.0,116.0,144.0,141.0,142.0,142.0,59.994574,119.829725,5648.802255,2158,436,418,//qar7000185/GP0_UPLOAD/BOXER/CYLOM\KZ-04-84_CP-13\20220621\can_Tapper17-10-04-12-14-53.pcap.gz
128,2021-10-04 13:03:09.535110,can_tapper17,"rgb(77,175,74)",PG3_est,124.0,113.0,116.0,8.870967741935484,78.00000000000004,125.0,4.156167692041187e-14,1500,-35.019999999991406,-5.019999999991406,90.0,0.0,334.0,334.0,1.494095,0.0023952095808383233,0.003293413173652695,0.002694610778443114,synchronized_peak_current_voltage_drop,0.9000000000095199,1.0000000000001563,1.7887444673306678,143.4715243013342,0.6095976239855411,5954,3.4188034188034186,0.9640125085804141,12.495000000000001,-27.266211604095563,16.0,2.093576,4,293,60.0,120.0,113.0,121.0,145.0,146.0,144.0,143.0,59.994574,119.829725,5648.802255,2158,436,418,//qar7000185/GP0_UPLOAD/BOXER/CYLOM\KZ-04-84_CP-13\20220621\can_Tapper17-10-04-12-14-53.pcap.gz
128,2021-10-04 13:03:09.535110,can_tapper17,"rgb(77,175,74)",PG4,124.0,113.0,116.0,8.870967741935484,78.00000000000004,125.0,4.156167692041187e-14,1500,-35.019999999991406,-5.019999999991406,90.0,0.0,334.0,334.0,1.494095,0.0023952095808383233,0.003293413173652695,0.002694610778443114,synchronized_peak_current_voltage_drop,0.9000000000095199,1.0000000000001563,1.7887444673306678,143.4715243013342,0.6095976239855411,5954,3.4188034188034186,0.9640125085804141,12.495000000000001,-27.266211604095563,16.0,2.093576,4,293,60.0,120.0,113.0,121.0,145.0,146.0,144.0,143.0,59.994574,119.829725,5648.802255,2158,436,418,//qar7000185/GP0_UPLOAD/BOXER/CYLOM\KZ-04-84_CP-13\20220621\can_Tapper17-10-04-12-14-53.pcap.gz
129,2021-10-04 13:57:37.209674,can_tapper17,"rgb(152,78,163)",PG1_est,124.0,108.0,117.0,12.903225806451612,78.00000000000004,124.0,0.2294134352951157,1500,-35.019999999991406,-5.019999999991406,78.00000000000004,0.0,499.0,499.0,0.687274,0.0014028056112224449,0.0032064128256513026,0.0014028056112224449,synchronized_peak_current_voltage_drop,1.0000000000095355,0.8200000000001282,2.0171482422437275,143.60745138659615,0.8480258086087538,5949,9.734513274336283,1.6761239183471366,13.209999999999999,-26.901287553648068,57.0,2.187775,6,233,60.0,120.0,108.0,119.0,144.0,143.0,143.0,143.0,59.9858,119.986474,3267.674564,2160,371,493,//qar7000185/GP0_UPLOAD/BOXER/CYLOM\KZ-04-84_CP-13\20220621\can_Tapper17-10-04-13-14-53.pcap.gz
129,2021-10-04 13:57:37.209674,can_tapper17,"rgb(152,78,163)",PG2,124.0,110.0,117.0,11.29032258064516,78.00000000000004,125.0,-0.3675557189133609,1500,-35.019999999991406,-5.019999999991406,90.0,0.0,499.0,499.0,0.687274,0.0014028056112224449,0.0028056112224448897,0.0016032064128256513,synchronized_peak_current_voltage_drop,0.7400000000094948,0.7600000000001188,2.0171482422437275,142.51380643575217,0.8584948513123312,5962,5.835010060362173,1.4877714365573524,13.209999999999999,-26.901287553648068,57.0,2.187775,6,233,60.0,120.0,113.0,120.0,144.0,143.0,143.0,142.0,59.9858,119.986474,3267.674564,2160,371,493,//qar7000185/GP0_UPLOAD/BOXER/CYLOM\KZ-04-84_CP-13\20220621\can_Tapper17-10-04-13-14-53.pcap.gz
129,2021-10-04 13:57:37.209674,can_tapper17,"rgb(152,78,163)",PG3_est,125.0,109.0,109.0,12.8,90.0,125.0,4.156167692041187e-14,1500,-35.019999999991406,-5.019999999991406,90.0,0.0,499.0,499.0,0.687274,0.0032064128256513026,0.0032064128256513026,0.0032064128256513026,synchronized_peak_current_voltage_drop,0.6600000000094823,1.5000000000002345,1.7887444673306678,143.11659067616438,0.7597318414489661,5966,3.5398230088495577,0.9854888842758123,13.209999999999999,-26.901287553648068,57.0,2.187775,6,233,60.0,120.0,109.0,117.0,146.0,146.0,145.0,142.0,59.9858,119.986474,3267.674564,2160,371,493,//qar7000185/GP0_UPLOAD/BOXER/CYLOM\KZ-04-84_CP-13\20220621\can_Tapper17-10-04-13-14-53.pcap.gz
129,2021-10-04 13:57:37.209674,can_tapper17,"rgb(152,78,163)",PG4,125.0,109.0,109.0,12.8,90.0,125.0,4.156167692041187e-14,1500,-35.019999999991406,-5.019999999991406,90.0,0.0,499.0,499.0,0.687274,0.0032064128256513026,0.0032064128256513026,0.0032064128256513026,synchronized_peak_current_voltage_drop,0.6600000000094823,1.5000000000002345,1.7887444673306678,143.11659067616438,0.7597318414489661,5966,3.5398230088495577,0.9854888842758123,13.209999999999999,-26.901287553648068,57.0,2.187775,6,233,60.0,120.0,109.0,117.0,146.0,146.0,145.0,142.0,59.9858,119.986474,3267.674564,2160,371,493,//qar7000185/GP0_UPLOAD/BOXER/CYLOM\KZ-04-84_CP-13\20220621\can_Tapper17-10-04-13-14-53.pcap.gz
130,2021-10-05 16:07:52.570595,can_tapper17,"rgb(255,127,0)",PG1_est,130.0,119.0,121.0,8.461538461538462,100.0,132.0,-36.47670065630588,1500,-35.019999999991406,-5.019999999991406,100.0,0.0,500.0,500.0,0.665595,0.0018,0.0022,0.0022,synchronized_peak_current_voltage_drop,1.0400000000095417,0.04000000000000625,119.99999999999996,137.16797443977535,0.07121735115582994,5947,10.588235294117647,1.2211266898271973,16.0,-8.782051282051283,94.0,2.075871,7,156,60.0,120.0,121.0,124.0,142.0,140.0,128.0,134.0,59.866362,119.959705,94215.360921,2159,196,428,//qar7000185/GP0_UPLOAD/BOXER/CYLOM\KZ-04-84_CP-13\20220621\can_Tapper17-10-05-15-14-53.pcap.gz
130,2021-10-05 16:07:52.570595,can_tapper17,"rgb(255,127,0)",PG2,130.0,119.0,119.0,8.461538461538462,100.0,133.0,-32.8806635025119,1500,-35.019999999991406,-5.019999999991406,100.0,0.0,500.0,500.0,0.665595,0.0022,0.0022,0.0028,synchronized_peak_current_voltage_drop,0.5200000000094605,1.260000000000197,119.99999999999996,143.385247140938,0.1543341752911812,5973,6.666666666666667,0.9361770194113831,16.0,-8.782051282051283,94.0,2.075871,7,156,60.0,120.0,119.0,124.0,145.0,144.0,129.0,138.0,59.866362,119.959705,94215.360921,2159,196,428,//qar7000185/GP0_UPLOAD/BOXER/CYLOM\KZ-04-84_CP-13\20220621\can_Tapper17-10-05-15-14-53.pcap.gz
130,2021-10-05 16:07:52.570595,can_tapper17,"rgb(255,127,0)",PG3_est,131.0,118.0,118.0,9.923664122137405,100.0,133.0,-51.61916960851166,1500,-35.019999999991406,-5.019999999991406,100.0,0.0,500.0,500.0,0.665595,0.0026,0.0026,0.003,synchronized_peak_current_voltage_drop,0.6200000000094761,1.0000000000001563,1.1060894573843554,135.9321391678565,0.08533164834259,5968,2.0408163265306123,0.6509127237541605,16.0,-8.782051282051283,94.0,2.075871,7,156,60.0,120.0,120.0,127.0,146.0,146.0,129.0,138.0,59.866362,119.959705,94215.360921,2159,196,428,//qar7000185/GP0_UPLOAD/BOXER/CYLOM\KZ-04-84_CP-13\20220621\can_Tapper17-10-05-15-14-53.pcap.gz
130,2021-10-05 16:07:52.570595,can_tapper17,"rgb(255,127,0)",PG4,131.0,118.0,118.0,9.923664122137405,100.0,133.0,-51.61916960851166,1500,-35.019999999991406,-5.019999999991406,100.0,0.0,500.0,500.0,0.665595,0.0026,0.0026,0.003,synchronized_peak_current_voltage_drop,0.6200000000094761,1.0000000000001563,1.1060894573843554,135.9321391678565,0.08533164834259,5968,2.0408163265306123,0.6509127237541605,16.0,-8.782051282051283,94.0,2.075871,7,156,60.0,120.0,120.0,127.0,146.0,146.0,129.0,138.0,59.866362,119.959705,94215.360921,2159,196,428,//qar7000185/GP0_UPLOAD/BOXER/CYLOM\KZ-04-84_CP-13\20220621\can_Tapper17-10-05-15-14-53.pcap.gz
131,2021-10-06 07:45:28.027351,can_tapper17,"rgb(255,255,51)",PG1_est,123.0,115.0,119.0,6.504065040650407,68.33333333333339,125.0,-1.6769874119939996,1500,-35.019999999991406,-5.019999999991406,90.0,15.0,253.0,238.0,0.998824,0.0016806722689075631,0.0033613445378151263,0.0025210084033613443,synchronized_peak_current_voltage_drop,0.4200000000094448,0.160000000000025,2.27471676670449,140.92754312042513,0.7901315820005748,5978,6.209850107066381,1.5608995810409345,12.325,-15.01510574018127,71.0,2.097062,3,331,60.0,120.0,119.0,122.0,143.0,140.0,140.0,140.0,59.982726,119.962579,56255.456756,2159,374,394,//qar7000185/GP0_UPLOAD/BOXER/CYLOM\KZ-04-84_CP-13\20220621\can_Tapper17-10-06-07-14-53.pcap.gz
131,2021-10-06 07:45:28.027351,can_tapper17,"rgb(255,255,51)",PG2,125.0,115.0,115.0,8.0,90.0,125.0,-1.810445249086284,1500,-35.019999999991406,-5.019999999991406,90.0,15.0,253.0,238.0,0.998824,0.004201680672268907,0.004201680672268907,0.004201680672268907,synchronized_peak_current_voltage_drop,0.5800000000094698,0.5000000000000782,2.27471676670449,144.08099580104758,0.8741659019943063,5970,6.209850107066381,0.8198829891199929,12.325,-15.01510574018127,71.0,2.097062,3,331,60.0,120.0,115.0,121.0,145.0,145.0,144.0,144.0,59.982726,119.962579,56255.456756,2159,374,394,//qar7000185/GP0_UPLOAD/BOXER/CYLOM\KZ-04-84_CP-13\20220621\can_Tapper17-10-06-07-14-53.pcap.gz
131,2021-10-06 07:45:28.027351,can_tapper17,"rgb(255,255,51)",PG3_est,125.0,114.0,114.0,8.799999999999999,90.0,126.0,-1.0572804699023206,1500,-35.019999999991406,-5.019999999991406,95.0,15.0,253.0,238.0,0.998824,0.004621848739495798,0.004621848739495798,0.0050420168067226885,synchronized_peak_current_voltage_drop,0.5600000000094667,0.5000000000000782,2.0171482422437275,144.57842354516953,0.7026735405208524,5971,2.355460385438972,0.650254681131464,12.325,-15.01510574018127,71.0,2.097062,3,331,60.0,120.0,114.0,120.0,146.0,148.0,146.0,145.0,59.982726,119.962579,56255.456756,2159,374,394,//qar7000185/GP0_UPLOAD/BOXER/CYLOM\KZ-04-84_CP-13\20220621\can_Tapper17-10-06-07-14-53.pcap.gz
131,2021-10-06 07:45:28.027351,can_tapper17,"rgb(255,255,51)",PG4,125.0,114.0,114.0,8.799999999999999,90.0,126.0,-1.0572804699023206,1500,-35.019999999991406,-5.019999999991406,95.0,15.0,253.0,238.0,0.998824,0.004621848739495798,0.004621848739495798,0.0050420168067226885,synchronized_peak_current_voltage_drop,0.5600000000094667,0.5000000000000782,2.0171482422437275,144.57842354516953,0.7026735405208524,5971,2.355460385438972,0.650254681131464,12.325,-15.01510574018127,71.0,2.097062,3,331,60.0,120.0,114.0,120.0,146.0,148.0,146.0,145.0,59.982726,119.962579,56255.456756,2159,374,394,//qar7000185/GP0_UPLOAD/BOXER/CYLOM\KZ-04-84_CP-13\20220621\can_Tapper17-10-06-07-14-53.pcap.gz
132,2021-10-07 14:53:32.034478,can_tapper17,"rgb(166,86,40)",PG1_est,124.0,110.0,118.0,11.29032258064516,78.00000000000004,124.0,1.2145160953406335,1500,-35.019999999991406,-5.019999999991406,78.00000000000004,0.0,411.0,411.0,1.036488,0.00145985401459854,0.00340632603406326,0.00145985401459854,synchronized_peak_current_voltage_drop,0.8200000000095073,0.160000000000025,1.7887444673306678,140.17940155785666,0.26536166643263337,3533,6.804123711340206,2.194726645637887,14.9625,-20.96629213483146,240.0,2.03758,7,178,60.0,120.0,118.0,124.0,144.0,142.0,,125.0,59.91661,119.881961,112084.007127,1532,267,343,//qar7000185/GP0_UPLOAD/BOXER/CYLOM\KZ-04-84_CP-13\20220621\can_Tapper17-10-07-14-14-53.pcap.gz
132,2021-10-07 14:53:32.034478,can_tapper17,"rgb(166,86,40)",PG2,124.0,113.0,115.0,8.870967741935484,78.00000000000004,124.0,-2.997325776588529,1500,-35.019999999991406,-5.019999999991406,78.00000000000004,0.0,411.0,411.0,1.036488,0.0021897810218978104,0.0026763990267639906,0.0021897810218978104,synchronized_peak_current_voltage_drop,0.3200000000094292,1.0000000000001563,2.0171482422437275,141.27364822904863,0.3029586075520373,3563,6.804123711340206,1.638682000614513,14.9625,-20.96629213483146,240.0,2.03758,7,178,60.0,120.0,115.0,121.0,144.0,142.0,,125.0,59.91661,119.881961,112084.007127,1532,267,343,//qar7000185/GP0_UPLOAD/BOXER/CYLOM\KZ-04-84_CP-13\20220621\can_Tapper17-10-07-14-14-53.pcap.gz
132,2021-10-07 14:53:32.034478,can_tapper17,"rgb(166,86,40)",PG3_est,124.0,117.0,117.0,5.64516129032258,78.00000000000004,124.0,-1.0311204582754898,1500,-35.019999999991406,-5.019999999991406,78.00000000000004,0.0,411.0,411.0,1.036488,0.00170316301703163,0.00170316301703163,0.00170316301703163,synchronized_peak_current_voltage_drop,0.8800000000095167,0.5000000000000782,2.0171482422437275,144.5657215561759,0.23807753954700495,3525,4.051172707889126,1.3062140686617552,14.9625,-20.96629213483146,240.0,2.03758,7,178,60.0,120.0,117.0,121.0,144.0,146.0,,126.0,59.91661,119.881961,112084.007127,1532,267,343,//qar7000185/GP0_UPLOAD/BOXER/CYLOM\KZ-04-84_CP-13\20220621\can_Tapper17-10-07-14-14-53.pcap.gz
132,2021-10-07 14:53:32.034478,can_tapper17,"rgb(166,86,40)",PG4,124.0,117.0,117.0,5.64516129032258,78.00000000000004,124.0,-1.0311204582754898,1500,-35.019999999991406,-5.019999999991406,78.00000000000004,0.0,411.0,411.0,1.036488,0.00170316301703163,0.00170316301703163,0.00170316301703163,synchronized_peak_current_voltage_drop,0.8800000000095167,0.5000000000000782,2.0171482422437275,144.5657215561759,0.23807753954700495,3525,4.051172707889126,1.3062140686617552,14.9625,-20.96629213483146,240.0,2.03758,7,178,60.0,120.0,117.0,121.0,144.0,146.0,,126.0,59.91661,119.881961,112084.007127,1532,267,343,//qar7000185/GP0_UPLOAD/BOXER/CYLOM\KZ-04-84_CP-13\20220621\can_Tapper17-10-07-14-14-53.pcap.gz
133,2021-10-07 14:54:35.097475,can_tapper17,"rgb(247,129,191)",PG1_est,125.0,105.0,115.0,16.0,90.0,142.0,127.84844504438442,427,-60.0,-51.47999999999867,100.0,0.0,240.0,240.0,1.055642,0.004166666666666667,0.008333333333333333,0.011250000000000001,synchronized_peak_current_voltage_drop,0.6400000000094792,0.5200000000000813,2.892719705486028,142.25544079973506,0.8764446340284078,5967,10.638297872340425,0.661290449250504,15.0,-22.68238993710692,17.0,2.040636,3,318,60.0,120.0,115.0,124.0,133.0,143.0,142.0,142.0,59.972713,119.848755,63.062997,1532,343,360,//qar7000185/GP0_UPLOAD/BOXER/CYLOM\KZ-04-84_CP-13\20220621\can_Tapper17-10-07-14-54-33.pcap.gz
133,2021-10-07 14:54:35.097475,can_tapper17,"rgb(247,129,191)",PG2,125.0,115.0,115.0,8.0,90.0,143.0,110.19132749504566,432,-60.0,-51.37999999999865,100.0,0.0,240.0,240.0,1.055642,0.004166666666666667,0.004166666666666667,0.011666666666666665,synchronized_peak_current_voltage_drop,0.6600000000094823,0.5000000000000782,3.2620894576029285,144.02201509720734,0.9180585296593746,5966,6.382978723404255,0.7918082600597021,15.0,-22.68238993710692,17.0,2.040636,3,318,60.0,120.0,115.0,123.0,132.0,143.0,144.0,144.0,59.972713,119.848755,63.062997,1532,343,360,//qar7000185/GP0_UPLOAD/BOXER/CYLOM\KZ-04-84_CP-13\20220621\can_Tapper17-10-07-14-54-33.pcap.gz
133,2021-10-07 14:54:35.097475,can_tapper17,"rgb(247,129,191)",PG3_est,126.0,114.0,117.0,9.523809523809524,95.0,146.0,158.41380528854177,422,-60.0,-51.579999999998684,100.0,0.0,240.0,240.0,1.055642,0.0037500000000000003,0.005,0.012083333333333333,synchronized_peak_current_voltage_drop,0.6600000000094823,0.5000000000000782,3.2620894576029285,146.59883890881613,0.8367463564974817,5966,2.127659574468085,0.5761840662717803,15.0,-22.68238993710692,17.0,2.040636,3,318,60.0,120.0,117.0,124.0,129.0,147.0,148.0,147.0,59.972713,119.848755,63.062997,1532,343,360,//qar7000185/GP0_UPLOAD/BOXER/CYLOM\KZ-04-84_CP-13\20220621\can_Tapper17-10-07-14-54-33.pcap.gz
133,2021-10-07 14:54:35.097475,can_tapper17,"rgb(247,129,191)",PG4,126.0,114.0,117.0,9.523809523809524,95.0,146.0,158.41380528854177,422,-60.0,-51.579999999998684,100.0,0.0,240.0,240.0,1.055642,0.0037500000000000003,0.005,0.012083333333333333,synchronized_peak_current_voltage_drop,0.6600000000094823,0.5000000000000782,3.2620894576029285,146.59883890881613,0.8367463564974817,5966,2.127659574468085,0.5761840662717803,15.0,-22.68238993710692,17.0,2.040636,3,318,60.0,120.0,117.0,124.0,129.0,147.0,148.0,147.0,59.972713,119.848755,63.062997,1532,343,360,//qar7000185/GP0_UPLOAD/BOXER/CYLOM\KZ-04-84_CP-13\20220621\can_Tapper17-10-07-14-54-33.pcap.gz
134,2021-10-07 15:07:44.353128,can_tapper17,"rgb(153,153,153)",PG1_est,127.0,107.0,119.0,15.748031496062993,100.0,128.0,-1.214258317447934,1500,-35.019999999991406,-5.019999999991406,100.0,13.5,466.0,452.5,1.133304,0.0017679558011049724,0.004419889502762431,0.001988950276243094,synchronized_peak_current_voltage_drop,0.6400000000094792,1.0000000000001563,2.27471676670449,142.60019589732744,0.8790106060400393,5967,8.502024291497976,1.727916912151023,15.01666666666667,-18.59090909090909,65.0,2.134181,4,286,60.0,120.0,112.0,122.0,143.0,141.0,143.0,143.0,59.980044,119.909007,789.255653,2159,427,543,//qar7000185/GP0_UPLOAD/BOXER/CYLOM\KZ-04-84_CP-13\20220621\can_Tapper17-10-07-14-54-33.pcap.gz
134,2021-10-07 15:07:44.353128,can_tapper17,"rgb(153,153,153)",PG2,128.0,113.0,115.0,11.71875,100.0,129.0,-3.060099137821517,1500,-35.019999999991406,-5.019999999991406,100.0,13.5,466.0,452.5,1.133304,0.00287292817679558,0.0033149171270718232,0.0030939226519337013,synchronized_peak_current_voltage_drop,0.6600000000094823,1.0000000000001563,2.0171482422437275,142.6000283238031,0.8547010006101918,5966,5.882352941176471,0.9284444271464429,15.01666666666667,-18.59090909090909,65.0,2.134181,4,286,60.0,120.0,115.0,122.0,144.0,144.0,142.0,142.0,59.980044,119.909007,789.255653,2159,427,543,//qar7000185/GP0_UPLOAD/BOXER/CYLOM\KZ-04-84_CP-13\20220621\can_Tapper17-10-07-14-54-33.pcap.gz
134,2021-10-07 15:07:44.353128,can_tapper17,"rgb(153,153,153)",PG3_est,128.0,112.0,115.0,12.5,100.0,129.0,-3.501841556373376,1500,-35.019999999991406,-5.019999999991406,100.0,13.5,466.0,452.5,1.133304,0.00287292817679558,0.0035359116022099448,0.0030939226519337013,synchronized_peak_current_voltage_drop,0.7000000000094886,1.260000000000197,2.0171482422437275,144.22641215175375,0.7463878596354161,5964,2.834008097165992,0.8156506337140834,15.01666666666667,-18.59090909090909,65.0,2.134181,4,286,60.0,120.0,115.0,123.0,145.0,147.0,146.0,144.0,59.980044,119.909007,789.255653,2159,427,543,//qar7000185/GP0_UPLOAD/BOXER/CYLOM\KZ-04-84_CP-13\20220621\can_Tapper17-10-07-14-54-33.pcap.gz
134,2021-10-07 15:07:44.353128,can_tapper17,"rgb(153,153,153)",PG4,128.0,112.0,115.0,12.5,100.0,129.0,-3.501841556373376,1500,-35.019999999991406,-5.019999999991406,100.0,13.5,466.0,452.5,1.133304,0.00287292817679558,0.0035359116022099448,0.0030939226519337013,synchronized_peak_current_voltage_drop,0.7000000000094886,1.260000000000197,2.0171482422437275,144.22641215175375,0.7463878596354161,5964,2.834008097165992,0.8156506337140834,15.01666666666667,-18.59090909090909,65.0,2.134181,4,286,60.0,120.0,115.0,123.0,145.0,147.0,146.0,144.0,59.980044,119.909007,789.255653,2159,427,543,//qar7000185/GP0_UPLOAD/BOXER/CYLOM\KZ-04-84_CP-13\20220621\can_Tapper17-10-07-14-54-33.pcap.gz
135,2021-10-11 15:06:23.728068,can_tapper17,"rgb(228,26,28)",PG1_est,132.0,115.0,127.0,12.878787878787879,100.0,133.0,-2.842272849239974,567,-16.339999999993175,-5.019999999991406,100.0,0.0,338.0,338.0,1.023674,0.0014792899408284023,0.005029585798816568,0.0017751479289940828,synchronized_peak_current_voltage_drop,0.5200000000094605,0.5000000000000782,2.892719705486028,142.55951526827897,0.6360883743752657,4271,9.270216962524655,1.689751814272731,11.99,-8.782978723404256,31.0,2.025297,7,235,60.0,120.0,121.0,129.0,134.0,142.0,143.0,144.0,14.363083,84.178973,345519.37494,1183,265,258,//qar7000185/GP0_UPLOAD/BOXER/CYLOM\KZ-04-84_CP-13\20220621\can_Tapper17-10-11-15-06-09.pcap.gz
135,2021-10-11 15:06:23.728068,can_tapper17,"rgb(228,26,28)",PG2,133.0,122.0,122.0,8.270676691729323,100.0,134.0,-7.5643627502467075,567,-16.339999999993175,-5.019999999991406,100.0,0.0,338.0,338.0,1.023674,0.0032544378698224855,0.0032544378698224855,0.0035502958579881655,synchronized_peak_current_voltage_drop,0.5400000000094636,1.0000000000001563,2.565174071178317,142.2976509953855,0.584656386790138,4270,3.747534516765286,1.0503151062670968,11.99,-8.782978723404256,31.0,2.025297,7,235,60.0,120.0,122.0,129.0,133.0,144.0,143.0,142.0,14.363083,84.178973,345519.37494,1183,265,258,//qar7000185/GP0_UPLOAD/BOXER/CYLOM\KZ-04-84_CP-13\20220621\can_Tapper17-10-11-15-06-09.pcap.gz
135,2021-10-11 15:06:23.728068,can_tapper17,"rgb(228,26,28)",PG3_est,133.0,125.0,128.0,6.015037593984962,100.0,134.0,4.816673177199663e-13,567,-16.339999999993175,-5.019999999991406,100.0,0.0,338.0,338.0,1.023674,0.0014792899408284023,0.002366863905325444,0.0017751479289940828,synchronized_peak_current_voltage_drop,1.0400000000095417,0.26000000000004064,2.565174071178317,145.0916643704541,0.48522029330248606,4245,4.1420118343195265,1.278375980663988,11.99,-8.782978723404256,31.0,2.025297,7,235,60.0,120.0,128.0,130.0,132.0,147.0,146.0,145.0,14.363083,84.178973,345519.37494,1183,265,258,//qar7000185/GP0_UPLOAD/BOXER/CYLOM\KZ-04-84_CP-13\20220621\can_Tapper17-10-11-15-06-09.pcap.gz
135,2021-10-11 15:06:23.728068,can_tapper17,"rgb(228,26,28)",PG4,133.0,125.0,128.0,6.015037593984962,100.0,134.0,4.816673177199663e-13,567,-16.339999999993175,-5.019999999991406,100.0,0.0,338.0,338.0,1.023674,0.0014792899408284023,0.002366863905325444,0.0017751479289940828,synchronized_peak_current_voltage_drop,1.0400000000095417,0.26000000000004064,2.565174071178317,145.0916643704541,0.48522029330248606,4245,4.1420118343195265,1.278375980663988,11.99,-8.782978723404256,31.0,2.025297,7,235,60.0,120.0,128.0,130.0,132.0,147.0,146.0,145.0,14.363083,84.178973,345519.37494,1183,265,258,//qar7000185/GP0_UPLOAD/BOXER/CYLOM\KZ-04-84_CP-13\20220621\can_Tapper17-10-11-15-06-09.pcap.gz
136,2021-10-28 12:29:12.254368,can_tapper17,"rgb(55,126,184)",PG1_est,125.0,116.0,126.0,7.199999999999999,90.0,126.0,-13.161396322905695,485,-14.699999999992919,-5.019999999991406,95.0,0.0,499.0,499.0,0.816788,,0.0018036072144288577,,synchronized_peak_current_voltage_drop,0.6800000000094855,0.020000000000003126,2.565174071178317,139.64815906589533,0.2058802120492934,3949,6.329113924050633,1.686210461675237,12.35,-6.911458333333333,224.0,2.221646,7,192,60.0,120.0,116.0,123.0,143.0,142.0,143.0,,12.703414,119.936841,1459368.5263,1065,215,244,//qar7000185/GP0_UPLOAD/BOXER/CYLOM\KZ-04-84_CP-13\20220621\can_Tapper17-10-28-12-28-59.pcap.gz
136,2021-10-28 12:29:12.254368,can_tapper17,"rgb(55,126,184)",PG2,126.0,116.0,116.0,7.936507936507936,95.0,127.0,-6.6772063023217125,485,-14.699999999992919,-5.019999999991406,100.0,0.0,499.0,499.0,0.816788,0.002004008016032064,0.002004008016032064,0.002204408817635271,synchronized_peak_current_voltage_drop,0.7000000000094886,1.0000000000001563,2.27471676670449,140.11990215890307,0.21042598366565057,3949,2.109704641350211,0.533707039644209,12.35,-6.911458333333333,224.0,2.221646,7,192,60.0,120.0,116.0,123.0,143.0,144.0,143.0,,12.703414,119.936841,1459368.5263,1065,215,244,//qar7000185/GP0_UPLOAD/BOXER/CYLOM\KZ-04-84_CP-13\20220621\can_Tapper17-10-28-12-28-59.pcap.gz
136,2021-10-28 12:29:12.254368,can_tapper17,"rgb(55,126,184)",PG3_est,126.0,116.0,116.0,7.936507936507936,95.0,127.0,-17.830076249317504,485,-14.699999999992919,-5.019999999991406,100.0,0.0,499.0,499.0,0.816788,0.002004008016032064,0.002004008016032064,0.002204408817635271,synchronized_peak_current_voltage_drop,0.7000000000094886,0.5000000000000782,2.565174071178317,144.58053024643084,0.21836607422713417,3949,2.109704641350211,0.6264609160364344,12.35,-6.911458333333333,224.0,2.221646,7,192,60.0,120.0,116.0,123.0,142.0,148.0,149.0,,12.703414,119.936841,1459368.5263,1065,215,244,//qar7000185/GP0_UPLOAD/BOXER/CYLOM\KZ-04-84_CP-13\20220621\can_Tapper17-10-28-12-28-59.pcap.gz
136,2021-10-28 12:29:12.254368,can_tapper17,"rgb(55,126,184)",PG4,126.0,116.0,116.0,7.936507936507936,95.0,127.0,-17.830076249317504,485,-14.699999999992919,-5.019999999991406,100.0,0.0,499.0,499.0,0.816788,0.002004008016032064,0.002004008016032064,0.002204408817635271,synchronized_peak_current_voltage_drop,0.7000000000094886,0.5000000000000782,2.565174071178317,144.58053024643084,0.21836607422713417,3949,2.109704641350211,0.6264609160364344,12.35,-6.911458333333333,224.0,2.221646,7,192,60.0,120.0,116.0,123.0,142.0,148.0,149.0,,12.703414,119.936841,1459368.5263,1065,215,244,//qar7000185/GP0_UPLOAD/BOXER/CYLOM\KZ-04-84_CP-13\20220621\can_Tapper17-10-28-12-28-59.pcap.gz
137,2021-10-28 12:30:43.031872,can_tapper17,"rgb(77,175,74)",PG1_est,124.0,115.0,115.0,7.258064516129033,78.00000000000004,143.0,-88.55441447427211,790,-60.0,-44.21999999999753,100.0,0.0,224.0,224.0,1.021144,0.004017857142857143,0.004017857142857143,0.012499999999999999,synchronized_peak_current_voltage_drop,0.7400000000094948,0.5000000000000782,3.2620894576029285,143.33123622909207,0.877218162198915,5962,6.837606837606837,1.7883020220050778,10.575,-7.554545454545455,18.0,2.025631,5,330,60.0,120.0,115.0,123.0,135.0,143.0,142.0,143.0,59.956781,119.954112,90.777504,1632,380,434,//qar7000185/GP0_UPLOAD/BOXER/CYLOM\KZ-04-84_CP-13\20220621\can_Tapper17-10-28-12-30-41.pcap.gz
137,2021-10-28 12:30:43.031872,can_tapper17,"rgb(77,175,74)",PG2,125.0,115.0,119.0,8.0,90.0,143.0,-89.0490059583679,791,-60.0,-44.19999999999753,100.0,0.0,224.0,224.0,1.021144,0.0026785714285714286,0.004464285714285714,0.010714285714285714,synchronized_peak_current_voltage_drop,0.5000000000094573,0.5000000000000782,2.892719705486028,142.48490439253302,0.8465924554455401,5974,1.7094017094017093,0.6991708459957385,10.575,-7.554545454545455,18.0,2.025631,5,330,60.0,120.0,119.0,123.0,136.0,143.0,143.0,143.0,59.956781,119.954112,90.777504,1632,380,434,//qar7000185/GP0_UPLOAD/BOXER/CYLOM\KZ-04-84_CP-13\20220621\can_Tapper17-10-28-12-30-41.pcap.gz
137,2021-10-28 12:30:43.031872,can_tapper17,"rgb(77,175,74)",PG3_est,125.0,114.0,119.0,8.799999999999999,90.0,148.0,-109.48780896552262,792,-60.0,-44.17999999999753,100.0,0.0,224.0,224.0,1.021144,0.0026785714285714286,0.0049107142857142865,0.01294642857142857,synchronized_peak_current_voltage_drop,0.5000000000094573,0.5000000000000782,3.2620894576029285,147.09357677287974,0.849992697763433,5974,2.5641025641025643,0.701534547758238,10.575,-7.554545454545455,18.0,2.025631,5,330,60.0,120.0,119.0,124.0,132.0,148.0,148.0,147.0,59.956781,119.954112,90.777504,1632,380,434,//qar7000185/GP0_UPLOAD/BOXER/CYLOM\KZ-04-84_CP-13\20220621\can_Tapper17-10-28-12-30-41.pcap.gz
137,2021-10-28 12:30:43.031872,can_tapper17,"rgb(77,175,74)",PG4,125.0,114.0,119.0,8.799999999999999,90.0,148.0,-109.48780896552262,792,-60.0,-44.17999999999753,100.0,0.0,224.0,224.0,1.021144,0.0026785714285714286,0.0049107142857142865,0.01294642857142857,synchronized_peak_current_voltage_drop,0.5000000000094573,0.5000000000000782,3.2620894576029285,147.09357677287974,0.849992697763433,5974,2.5641025641025643,0.701534547758238,10.575,-7.554545454545455,18.0,2.025631,5,330,60.0,120.0,119.0,124.0,132.0,148.0,148.0,147.0,59.956781,119.954112,90.777504,1632,380,434,//qar7000185/GP0_UPLOAD/BOXER/CYLOM\KZ-04-84_CP-13\20220621\can_Tapper17-10-28-12-30-41.pcap.gz
138,2021-10-28 12:50:20.172315,can_tapper17,"rgb(152,78,163)",PG1_est,123.0,104.0,123.0,15.447154471544716,68.33333333333339,124.0,-2.1804454135307982,1500,-35.019999999991406,-5.019999999991406,78.00000000000004,0.0,397.0,397.0,0.510365,,0.004785894206549118,0.00025188916876574307,synchronized_peak_current_voltage_drop,0.38000000000943857,0.020000000000003126,2.565174071178317,143.52581938594582,0.8063248453358254,5980,11.48936170212766,2.4531983420380983,10.608333333333334,-9.755681818181818,185.0,2.010494,4,352,60.0,120.0,108.0,112.0,144.0,143.0,143.0,144.0,59.998558,119.893834,1177.140443,2159,493,394,//qar7000185/GP0_UPLOAD/BOXER/CYLOM\KZ-04-84_CP-13\20220621\can_Tapper17-10-28-12-30-41.pcap.gz
138,2021-10-28 12:50:20.172315,can_tapper17,"rgb(152,78,163)",PG2,122.0,103.0,103.0,15.573770491803279,60.0,124.0,-1.2045783131453678,1500,-35.019999999991406,-5.019999999991406,78.00000000000004,0.0,397.0,397.0,0.510365,0.004785894206549118,0.004785894206549118,0.005289672544080605,synchronized_peak_current_voltage_drop,0.4000000000094417,1.5000000000002345,2.0171482422437275,142.5432235923454,0.840916130894871,5979,12.340425531914894,3.0861416813705893,10.608333333333334,-9.755681818181818,185.0,2.010494,4,352,60.0,120.0,107.0,118.0,145.0,144.0,142.0,142.0,59.998558,119.893834,1177.140443,2159,493,394,//qar7000185/GP0_UPLOAD/BOXER/CYLOM\KZ-04-84_CP-13\20220621\can_Tapper17-10-28-12-30-41.pcap.gz
138,2021-10-28 12:50:20.172315,can_tapper17,"rgb(152,78,163)",PG3_est,123.0,112.0,120.0,8.94308943089431,68.33333333333339,124.0,-3.0679213635202074,1500,-35.019999999991406,-5.019999999991406,78.00000000000004,0.0,397.0,397.0,0.510365,0.0007556675062972292,0.002770780856423174,0.0010075566750629723,synchronized_peak_current_voltage_drop,0.9400000000095261,1.0000000000001563,2.27471676670449,148.5589612309915,0.8773181810476409,5952,7.382550335570469,1.96193053303369,10.608333333333334,-9.755681818181818,185.0,2.010494,4,352,60.0,120.0,112.0,121.0,147.0,149.0,148.0,149.0,59.998558,119.893834,1177.140443,2159,493,394,//qar7000185/GP0_UPLOAD/BOXER/CYLOM\KZ-04-84_CP-13\20220621\can_Tapper17-10-28-12-30-41.pcap.gz
138,2021-10-28 12:50:20.172315,can_tapper17,"rgb(152,78,163)",PG4,123.0,112.0,120.0,8.94308943089431,68.33333333333339,124.0,-3.0679213635202074,1500,-35.019999999991406,-5.019999999991406,78.00000000000004,0.0,397.0,397.0,0.510365,0.0007556675062972292,0.002770780856423174,0.0010075566750629723,synchronized_peak_current_voltage_drop,0.9400000000095261,1.0000000000001563,2.27471676670449,148.5589612309915,0.8773181810476409,5952,7.382550335570469,1.96193053303369,10.608333333333334,-9.755681818181818,185.0,2.010494,4,352,60.0,120.0,112.0,121.0,147.0,149.0,148.0,149.0,59.998558,119.893834,1177.140443,2159,493,394,//qar7000185/GP0_UPLOAD/BOXER/CYLOM\KZ-04-84_CP-13\20220621\can_Tapper17-10-28-12-30-41.pcap.gz
139,2021-11-04 08:17:07.541018,can_tapper17,"rgb(255,127,0)",PG1_est,123.0,110.0,110.0,10.569105691056912,68.33333333333339,125.0,-4.446108642714034,1500,-35.019999999991406,-5.019999999991406,90.0,0.0,491.0,491.0,0.529667,0.0026476578411405295,0.0026476578411405295,0.003054989816700611,synchronized_peak_current_voltage_drop,0.4800000000094542,1.0000000000001563,3.2620894576029285,142.79124033120814,0.89009233826914,5975,5.376344086021505,1.284512392183637,4.7,-3.7815384615384615,18.0,2.027402,7,325,60.0,120.0,116.0,121.0,127.0,142.0,142.0,142.0,33.159328,119.930854,588407.368703,1839,377,517,//qar7000185/GP0_UPLOAD/BOXER/CYLOM\KZ-04-84_CP-13\20220621\can_Tapper17-11-04-08-16-34.pcap.gz
139,2021-11-04 08:17:07.541018,can_tapper17,"rgb(255,127,0)",PG2,124.0,109.0,109.0,12.096774193548388,78.00000000000004,125.0,-7.64106117380375,1500,-35.019999999991406,-5.019999999991406,90.0,0.0,491.0,491.0,0.529667,0.003054989816700611,0.003054989816700611,0.003258655804480652,synchronized_peak_current_voltage_drop,0.4800000000094542,1.0000000000001563,2.892719705486028,142.46242349384514,0.8583398318189173,5975,6.236559139784946,1.502155869981401,4.7,-3.7815384615384615,18.0,2.027402,7,325,60.0,120.0,116.0,122.0,127.0,144.0,143.0,143.0,33.159328,119.930854,588407.368703,1839,377,517,//qar7000185/GP0_UPLOAD/BOXER/CYLOM\KZ-04-84_CP-13\20220621\can_Tapper17-11-04-08-16-34.pcap.gz
139,2021-11-04 08:17:07.541018,can_tapper17,"rgb(255,127,0)",PG3_est,124.0,116.0,122.0,6.451612903225806,78.00000000000004,126.0,-5.153166734739773,1500,-35.019999999991406,-5.019999999991406,95.0,0.0,491.0,491.0,0.529667,0.0004073319755600815,0.001629327902240326,0.000814663951120163,synchronized_peak_current_voltage_drop,1.0000000000095355,0.5000000000000782,2.892719705486028,146.48435466670085,0.8059808854424764,5949,5.806451612903226,1.3447591315947407,4.7,-3.7815384615384615,18.0,2.027402,7,325,60.0,120.0,116.0,122.0,124.0,147.0,148.0,147.0,33.159328,119.930854,588407.368703,1839,377,517,//qar7000185/GP0_UPLOAD/BOXER/CYLOM\KZ-04-84_CP-13\20220621\can_Tapper17-11-04-08-16-34.pcap.gz
139,2021-11-04 08:17:07.541018,can_tapper17,"rgb(255,127,0)",PG4,124.0,116.0,122.0,6.451612903225806,78.00000000000004,126.0,-5.153166734739773,1500,-35.019999999991406,-5.019999999991406,95.0,0.0,491.0,491.0,0.529667,0.0004073319755600815,0.001629327902240326,0.000814663951120163,synchronized_peak_current_voltage_drop,1.0000000000095355,0.5000000000000782,2.892719705486028,146.48435466670085,0.8059808854424764,5949,5.806451612903226,1.3447591315947407,4.7,-3.7815384615384615,18.0,2.027402,7,325,60.0,120.0,116.0,122.0,124.0,147.0,148.0,147.0,33.159328,119.930854,588407.368703,1839,377,517,//qar7000185/GP0_UPLOAD/BOXER/CYLOM\KZ-04-84_CP-13\20220621\can_Tapper17-11-04-08-16-34.pcap.gz
140,2021-11-04 09:11:43.646406,can_tapper17,"rgb(255,255,51)",PG1_est,121.0,108.0,113.0,10.743801652892563,52.857142857142826,122.0,-2.1478942879525644,1500,-35.019999999991406,-5.019999999991406,60.0,28.5,483.0,454.5,1.042918,0.0017601760176017603,0.00286028602860286,0.0019801980198019802,synchronized_peak_current_voltage_drop,0.760000000009498,0.7400000000001157,2.565174071178317,143.86536968459188,0.8358282172303851,5961,9.90990990990991,2.3155857359209295,6.475,-17.879411764705882,41.0,2.040775,5,340,60.0,120.0,113.0,120.0,143.0,144.0,143.0,145.0,59.882899,119.976756,3276.105388,2160,519,617,//qar7000185/GP0_UPLOAD/BOXER/CYLOM\KZ-04-84_CP-13\20220621\can_Tapper17-11-04-08-16-34.pcap.gz
140,2021-11-04 09:11:43.646406,can_tapper17,"rgb(255,255,51)",PG2,122.0,108.0,108.0,11.475409836065573,60.0,122.0,-0.2352712156757303,1500,-35.019999999991406,-5.019999999991406,60.0,28.5,483.0,454.5,1.042918,0.00308030803080308,0.00308030803080308,0.00308030803080308,synchronized_peak_current_voltage_drop,0.5600000000094667,1.0000000000001563,2.27471676670449,141.90862542602642,0.84613882326297,5971,2.7027027027027026,1.059135801856556,6.475,-17.879411764705882,41.0,2.040775,5,340,60.0,120.0,108.0,118.0,145.0,143.0,141.0,141.0,59.882899,119.976756,3276.105388,2160,519,617,//qar7000185/GP0_UPLOAD/BOXER/CYLOM\KZ-04-84_CP-13\20220621\can_Tapper17-11-04-08-16-34.pcap.gz
140,2021-11-04 09:11:43.646406,can_tapper17,"rgb(255,255,51)",PG3_est,122.0,107.0,107.0,12.295081967213115,60.0,123.0,-1.0948449310418003,1500,-35.019999999991406,-5.019999999991406,68.33333333333339,28.5,483.0,454.5,1.042918,0.0033003300330033004,0.0033003300330033004,0.0035203520352035207,synchronized_peak_current_voltage_drop,0.5600000000094667,1.5000000000002345,2.565174071178317,148.32323215806076,0.8969146159804644,5971,3.6036036036036037,0.946251601822761,6.475,-17.879411764705882,41.0,2.040775,5,340,60.0,120.0,107.0,115.0,146.0,150.0,148.0,149.0,59.882899,119.976756,3276.105388,2160,519,617,//qar7000185/GP0_UPLOAD/BOXER/CYLOM\KZ-04-84_CP-13\20220621\can_Tapper17-11-04-08-16-34.pcap.gz
140,2021-11-04 09:11:43.646406,can_tapper17,"rgb(255,255,51)",PG4,122.0,107.0,107.0,12.295081967213115,60.0,123.0,-1.0948449310418003,1500,-35.019999999991406,-5.019999999991406,68.33333333333339,28.5,483.0,454.5,1.042918,0.0033003300330033004,0.0033003300330033004,0.0035203520352035207,synchronized_peak_current_voltage_drop,0.5600000000094667,1.5000000000002345,2.565174071178317,148.32323215806076,0.8969146159804644,5971,3.6036036036036037,0.946251601822761,6.475,-17.879411764705882,41.0,2.040775,5,340,60.0,120.0,107.0,115.0,146.0,150.0,148.0,149.0,59.882899,119.976756,3276.105388,2160,519,617,//qar7000185/GP0_UPLOAD/BOXER/CYLOM\KZ-04-84_CP-13\20220621\can_Tapper17-11-04-08-16-34.pcap.gz
141,2021-11-04 10:39:23.668136,can_tapper17,"rgb(166,86,40)",PG1_est,123.0,104.0,109.0,15.447154471544716,68.33333333333339,124.0,-1.0177160078734655,1500,-35.019999999991406,-5.019999999991406,78.00000000000004,11.0,385.0,374.0,1.267445,0.0037433155080213902,0.0050802139037433155,0.004010695187165776,synchronized_peak_current_voltage_drop,0.7800000000095011,1.0000000000001563,2.0171482422437275,143.03614586573542,0.8237973854334824,5960,11.349036402569594,1.9459293237891386,7.875,-16.15335463258786,20.0,2.367327,4,313,60.0,120.0,111.0,120.0,143.0,144.0,144.0,143.0,59.971423,119.949648,5260.02173,2160,450,421,//qar7000185/GP0_UPLOAD/BOXER/CYLOM\KZ-04-84_CP-13\20220621\can_Tapper17-11-04-10-16-34.pcap.gz
141,2021-11-04 10:39:23.668136,can_tapper17,"rgb(166,86,40)",PG2,124.0,110.0,112.0,11.29032258064516,78.00000000000004,124.0,0.007333336592721181,1500,-35.019999999991406,-5.019999999991406,78.00000000000004,11.0,385.0,374.0,1.267445,0.0032085561497326204,0.0037433155080213902,0.0032085561497326204,synchronized_peak_current_voltage_drop,0.920000000009523,1.0000000000001563,1.7887444673306678,142.27192530889246,0.7960627974065257,5953,6.122448979591836,0.9711689394803156,7.875,-16.15335463258786,20.0,2.367327,4,313,60.0,120.0,110.0,119.0,145.0,144.0,141.0,142.0,59.971423,119.949648,5260.02173,2160,450,421,//qar7000185/GP0_UPLOAD/BOXER/CYLOM\KZ-04-84_CP-13\20220621\can_Tapper17-11-04-10-16-34.pcap.gz
141,2021-11-04 10:39:23.668136,can_tapper17,"rgb(166,86,40)",PG3_est,124.0,110.0,112.0,11.29032258064516,78.00000000000004,125.0,-1.0034848904375129,1500,-35.019999999991406,-5.019999999991406,90.0,11.0,385.0,374.0,1.267445,0.0032085561497326204,0.0037433155080213902,0.0034759358288770055,synchronized_peak_current_voltage_drop,0.7200000000094917,1.5000000000002345,2.565174071178317,148.1988321297898,0.9099604988186604,5963,5.781584582441114,0.6246418128572214,7.875,-16.15335463258786,20.0,2.367327,4,313,60.0,120.0,110.0,116.0,147.0,149.0,148.0,148.0,59.971423,119.949648,5260.02173,2160,450,421,//qar7000185/GP0_UPLOAD/BOXER/CYLOM\KZ-04-84_CP-13\20220621\can_Tapper17-11-04-10-16-34.pcap.gz
141,2021-11-04 10:39:23.668136,can_tapper17,"rgb(166,86,40)",PG4,124.0,110.0,112.0,11.29032258064516,78.00000000000004,125.0,-1.0034848904375129,1500,-35.019999999991406,-5.019999999991406,90.0,11.0,385.0,374.0,1.267445,0.0032085561497326204,0.0037433155080213902,0.0034759358288770055,synchronized_peak_current_voltage_drop,0.7200000000094917,1.5000000000002345,2.565174071178317,148.1988321297898,0.9099604988186604,5963,5.781584582441114,0.6246418128572214,7.875,-16.15335463258786,20.0,2.367327,4,313,60.0,120.0,110.0,116.0,147.0,149.0,148.0,148.0,59.971423,119.949648,5260.02173,2160,450,421,//qar7000185/GP0_UPLOAD/BOXER/CYLOM\KZ-04-84_CP-13\20220621\can_Tapper17-11-04-10-16-34.pcap.gz
142,2021-11-11 13:19:58.012830,can_tapper17,"rgb(247,129,191)",PG1_est,123.0,108.0,113.0,12.195121951219512,68.33333333333339,124.0,-4.885771060341565,1500,-35.019999999991406,-5.019999999991406,78.00000000000004,14.0,325.0,311.0,1.679617,0.003215434083601286,0.00482315112540193,0.003536977491961415,synchronized_peak_current_voltage_drop,0.7400000000094948,1.5000000000002345,2.27471676670449,138.80931943811757,0.1746453905813744,5962,6.0344827586206895,0.896913402733961,6.933333333333333,-4.431192660550459,170.0,2.178152,2,327,60.0,120.0,108.0,115.0,123.0,143.0,143.0,144.0,59.999537,119.917429,614434.344694,2160,427,365,//qar7000185/GP0_UPLOAD/BOXER/CYLOM\KZ-04-84_CP-13\20220621\can_Tapper17-11-11-12-30-36.pcap.gz
142,2021-11-11 13:19:58.012830,can_tapper17,"rgb(247,129,191)",PG2,123.0,108.0,112.0,12.195121951219512,68.33333333333339,124.0,-4.448881977280095,1500,-35.019999999991406,-5.019999999991406,78.00000000000004,14.0,325.0,311.0,1.679617,0.003536977491961415,0.00482315112540193,0.0038585209003215433,synchronized_peak_current_voltage_drop,0.7400000000094948,1.5000000000002345,2.27471676670449,137.66067086419702,0.19123336858779094,5962,6.0344827586206895,0.7401154345102277,6.933333333333333,-4.431192660550459,170.0,2.178152,2,327,60.0,120.0,108.0,115.0,122.0,143.0,143.0,142.0,59.999537,119.917429,614434.344694,2160,427,365,//qar7000185/GP0_UPLOAD/BOXER/CYLOM\KZ-04-84_CP-13\20220621\can_Tapper17-11-11-12-30-36.pcap.gz
142,2021-11-11 13:19:58.012830,can_tapper17,"rgb(247,129,191)",PG3_est,124.0,109.0,113.0,12.096774193548388,78.00000000000004,125.0,-5.210793427018484,1500,-35.019999999991406,-5.019999999991406,90.0,14.0,325.0,311.0,1.679617,0.003536977491961415,0.00482315112540193,0.0038585209003215433,synchronized_peak_current_voltage_drop,0.6400000000094792,1.5000000000002345,119.99999999999996,125.95516344597402,0.16665635723996453,5967,6.0344827586206895,0.8074279441209856,6.933333333333333,-4.431192660550459,170.0,2.178152,2,327,60.0,120.0,109.0,115.0,122.0,148.0,149.0,149.0,59.999537,119.917429,614434.344694,2160,427,365,//qar7000185/GP0_UPLOAD/BOXER/CYLOM\KZ-04-84_CP-13\20220621\can_Tapper17-11-11-12-30-36.pcap.gz
142,2021-11-11 13:19:58.012830,can_tapper17,"rgb(247,129,191)",PG4,124.0,109.0,113.0,12.096774193548388,78.00000000000004,125.0,-5.210793427018484,1500,-35.019999999991406,-5.019999999991406,90.0,14.0,325.0,311.0,1.679617,0.003536977491961415,0.00482315112540193,0.0038585209003215433,synchronized_peak_current_voltage_drop,0.6400000000094792,1.5000000000002345,119.99999999999996,125.95516344597402,0.16665635723996453,5967,6.0344827586206895,0.8074279441209856,6.933333333333333,-4.431192660550459,170.0,2.178152,2,327,60.0,120.0,109.0,115.0,122.0,148.0,149.0,149.0,59.999537,119.917429,614434.344694,2160,427,365,//qar7000185/GP0_UPLOAD/BOXER/CYLOM\KZ-04-84_CP-13\20220621\can_Tapper17-11-11-12-30-36.pcap.gz
143,2021-11-11 13:27:16.585228,can_tapper17,"rgb(153,153,153)",PG1_est,122.0,106.0,109.0,13.114754098360656,60.0,123.0,-2.1414409517509903,1500,-35.019999999991406,-5.019999999991406,68.33333333333339,0.0,342.0,342.0,1.389638,0.003801169590643275,0.004678362573099415,0.004093567251461988,synchronized_peak_current_voltage_drop,0.5000000000094573,1.0000000000001563,65.80118015445542,117.82699591510121,0.4366873973615535,5974,8.817204301075268,2.2612924516547235,8.7125,-2.935344827586207,31.0,2.484412,5,232,60.0,120.0,109.0,123.0,145.0,145.0,144.0,124.0,59.896964,119.936225,438.572398,2159,320,321,//qar7000185/GP0_UPLOAD/BOXER/CYLOM\KZ-04-84_CP-13\20220621\can_Tapper17-11-11-12-30-36.pcap.gz
143,2021-11-11 13:27:16.585228,can_tapper17,"rgb(153,153,153)",PG2,122.0,111.0,113.0,9.01639344262295,60.0,123.0,-3.429557079802474,1500,-35.019999999991406,-5.019999999991406,68.33333333333339,0.0,342.0,342.0,1.389638,0.002631578947368421,0.003216374269005848,0.0029239766081871343,synchronized_peak_current_voltage_drop,1.0200000000095386,0.7600000000001188,51.74336368726529,119.76428445313053,0.5051575300096063,5948,2.857142857142857,1.0457380380127521,8.7125,-2.935344827586207,31.0,2.484412,5,232,60.0,120.0,113.0,118.0,144.0,143.0,142.0,124.0,59.896964,119.936225,438.572398,2159,320,321,//qar7000185/GP0_UPLOAD/BOXER/CYLOM\KZ-04-84_CP-13\20220621\can_Tapper17-11-11-12-30-36.pcap.gz
143,2021-11-11 13:27:16.585228,can_tapper17,"rgb(153,153,153)",PG3_est,123.0,111.0,111.0,9.75609756097561,68.33333333333339,123.0,-1.3221072542695023,1500,-35.019999999991406,-5.019999999991406,68.33333333333339,0.0,342.0,342.0,1.389638,0.0035087719298245615,0.0035087719298245615,0.0035087719298245615,synchronized_peak_current_voltage_drop,0.8800000000095167,1.0200000000001594,58.350444692249376,117.84740166690938,0.4921308993033563,5955,3.225806451612903,1.0503822857051532,8.7125,-2.935344827586207,31.0,2.484412,5,232,60.0,120.0,111.0,121.0,146.0,150.0,149.0,125.0,59.896964,119.936225,438.572398,2159,320,321,//qar7000185/GP0_UPLOAD/BOXER/CYLOM\KZ-04-84_CP-13\20220621\can_Tapper17-11-11-12-30-36.pcap.gz
143,2021-11-11 13:27:16.585228,can_tapper17,"rgb(153,153,153)",PG4,123.0,111.0,111.0,9.75609756097561,68.33333333333339,123.0,-1.3221072542695023,1500,-35.019999999991406,-5.019999999991406,68.33333333333339,0.0,342.0,342.0,1.389638,0.0035087719298245615,0.0035087719298245615,0.0035087719298245615,synchronized_peak_current_voltage_drop,0.8800000000095167,1.0200000000001594,58.350444692249376,117.84740166690938,0.4921308993033563,5955,3.225806451612903,1.0503822857051532,8.7125,-2.935344827586207,31.0,2.484412,5,232,60.0,120.0,111.0,121.0,146.0,150.0,149.0,125.0,59.896964,119.936225,438.572398,2159,320,321,//qar7000185/GP0_UPLOAD/BOXER/CYLOM\KZ-04-84_CP-13\20220621\can_Tapper17-11-11-12-30-36.pcap.gz
144,2021-11-11 13:29:21.209828,can_tapper17,"rgb(228,26,28)",PG1_est,123.0,110.0,110.0,10.569105691056912,68.33333333333339,124.0,-3.252330334368502,1500,-35.019999999991406,-5.019999999991406,78.00000000000004,14.0,343.0,329.0,1.212806,0.003951367781155016,0.003951367781155016,0.00425531914893617,synchronized_peak_current_voltage_drop,0.6600000000094823,0.04000000000000625,2.27471676670449,143.59299100843904,0.7016604429270172,5966,9.492273730684326,1.9214546565799357,8.716666666666665,-14.40983606557377,18.0,2.811574,4,305,60.0,120.0,110.0,120.0,146.0,142.0,144.0,144.0,59.994895,119.983256,124.6246,2160,430,459,//qar7000185/GP0_UPLOAD/BOXER/CYLOM\KZ-04-84_CP-13\20220621\can_Tapper17-11-11-12-30-36.pcap.gz
144,2021-11-11 13:29:21.209828,can_tapper17,"rgb(228,26,28)",PG2,123.0,109.0,115.0,11.38211382113821,68.33333333333339,124.0,-2.410338849038938,1500,-35.019999999991406,-5.019999999991406,78.00000000000004,14.0,343.0,329.0,1.212806,0.0024316109422492403,0.00425531914893617,0.002735562310030395,synchronized_peak_current_voltage_drop,0.7000000000094886,1.0000000000001563,1.7887444673306678,142.64258690162023,0.8151912411587624,5964,6.638115631691649,1.5521624727002505,8.716666666666665,-14.40983606557377,18.0,2.811574,4,305,60.0,120.0,109.0,121.0,145.0,141.0,142.0,142.0,59.994895,119.983256,124.6246,2160,430,459,//qar7000185/GP0_UPLOAD/BOXER/CYLOM\KZ-04-84_CP-13\20220621\can_Tapper17-11-11-12-30-36.pcap.gz
144,2021-11-11 13:29:21.209828,can_tapper17,"rgb(228,26,28)",PG3_est,124.0,110.0,110.0,11.29032258064516,78.00000000000004,125.0,-2.6424456188641123,1500,-35.019999999991406,-5.019999999991406,90.0,14.0,343.0,329.0,1.212806,0.00425531914893617,0.00425531914893617,0.004559270516717325,synchronized_peak_current_voltage_drop,0.8000000000095042,1.0000000000001563,2.0171482422437275,148.8666099583559,0.8597581356035066,5959,2.869757174392936,0.7657115369589329,8.716666666666665,-14.40983606557377,18.0,2.811574,4,305,60.0,120.0,110.0,121.0,148.0,147.0,149.0,149.0,59.994895,119.983256,124.6246,2160,430,459,//qar7000185/GP0_UPLOAD/BOXER/CYLOM\KZ-04-84_CP-13\20220621\can_Tapper17-11-11-12-30-36.pcap.gz
144,2021-11-11 13:29:21.209828,can_tapper17,"rgb(228,26,28)",PG4,124.0,110.0,110.0,11.29032258064516,78.00000000000004,125.0,-2.6424456188641123,1500,-35.019999999991406,-5.019999999991406,90.0,14.0,343.0,329.0,1.212806,0.00425531914893617,0.00425531914893617,0.004559270516717325,synchronized_peak_current_voltage_drop,0.8000000000095042,1.0000000000001563,2.0171482422437275,148.8666099583559,0.8597581356035066,5959,2.869757174392936,0.7657115369589329,8.716666666666665,-14.40983606557377,18.0,2.811574,4,305,60.0,120.0,110.0,121.0,148.0,147.0,149.0,149.0,59.994895,119.983256,124.6246,2160,430,459,//qar7000185/GP0_UPLOAD/BOXER/CYLOM\KZ-04-84_CP-13\20220621\can_Tapper17-11-11-12-30-36.pcap.gz
145,2021-11-11 14:04:05.026826,can_tapper17,"rgb(55,126,184)",PG1_est,123.0,102.0,107.0,17.073170731707318,68.33333333333339,123.0,-0.42658685626071274,1500,-35.019999999991406,-5.019999999991406,68.33333333333339,14.0,474.0,460.0,1.079594,0.0034782608695652175,0.004565217391304348,0.0034782608695652175,synchronized_peak_current_voltage_drop,0.6600000000094823,1.0000000000001563,19.78511397269046,123.45957830520018,0.2579394411928969,5966,13.043478260869565,2.172361302201077,9.025,0.3298245614035088,28.0,2.077275,4,285,60.0,120.0,109.0,119.0,144.0,143.0,124.0,125.0,59.998205,119.969702,2083.816998,2160,384,390,//qar7000185/GP0_UPLOAD/BOXER/CYLOM\KZ-04-84_CP-13\20220621\can_Tapper17-11-11-13-30-36.pcap.gz
145,2021-11-11 14:04:05.026826,can_tapper17,"rgb(55,126,184)",PG2,123.0,109.0,111.0,11.38211382113821,68.33333333333339,124.0,2.4233521881561617,1500,-35.019999999991406,-5.019999999991406,78.00000000000004,14.0,474.0,460.0,1.079594,0.002608695652173913,0.003043478260869565,0.002826086956521739,synchronized_peak_current_voltage_drop,0.7800000000095011,0.7600000000001188,19.78511397269046,123.40790602561165,0.3006014106804211,5960,7.407407407407407,1.3052822086350577,9.025,0.3298245614035088,28.0,2.077275,4,285,60.0,120.0,109.0,120.0,144.0,142.0,124.0,124.0,59.998205,119.969702,2083.816998,2160,384,390,//qar7000185/GP0_UPLOAD/BOXER/CYLOM\KZ-04-84_CP-13\20220621\can_Tapper17-11-11-13-30-36.pcap.gz
145,2021-11-11 14:04:05.026826,can_tapper17,"rgb(55,126,184)",PG3_est,124.0,107.0,113.0,13.709677419354838,78.00000000000004,124.0,0.8348892599508773,1500,-35.019999999991406,-5.019999999991406,78.00000000000004,14.0,474.0,460.0,1.079594,0.0023913043478260873,0.0036956521739130435,0.0023913043478260873,synchronized_peak_current_voltage_drop,0.5600000000094667,1.5000000000002345,22.311464047271706,124.12657736251678,0.25253398779721037,5971,6.956521739130435,1.0546177973377133,9.025,0.3298245614035088,28.0,2.077275,4,285,60.0,120.0,107.0,116.0,146.0,147.0,125.0,125.0,59.998205,119.969702,2083.816998,2160,384,390,//qar7000185/GP0_UPLOAD/BOXER/CYLOM\KZ-04-84_CP-13\20220621\can_Tapper17-11-11-13-30-36.pcap.gz
145,2021-11-11 14:04:05.026826,can_tapper17,"rgb(55,126,184)",PG4,124.0,107.0,113.0,13.709677419354838,78.00000000000004,124.0,0.8348892599508773,1500,-35.019999999991406,-5.019999999991406,78.00000000000004,14.0,474.0,460.0,1.079594,0.0023913043478260873,0.0036956521739130435,0.0023913043478260873,synchronized_peak_current_voltage_drop,0.5600000000094667,1.5000000000002345,22.311464047271706,124.12657736251678,0.25253398779721037,5971,6.956521739130435,1.0546177973377133,9.025,0.3298245614035088,28.0,2.077275,4,285,60.0,120.0,107.0,116.0,146.0,147.0,125.0,125.0,59.998205,119.969702,2083.816998,2160,384,390,//qar7000185/GP0_UPLOAD/BOXER/CYLOM\KZ-04-84_CP-13\20220621\can_Tapper17-11-11-13-30-36.pcap.gz
146,2021-11-11 14:20:53.552072,can_tapper17,"rgb(77,175,74)",PG1_est,124.0,109.0,116.0,12.096774193548388,78.00000000000004,124.0,-3.294721464319947,1500,-35.019999999991406,-5.019999999991406,78.00000000000004,0.0,309.0,309.0,1.577002,0.0025889967637540453,0.0048543689320388345,0.0025889967637540453,synchronized_peak_current_voltage_drop,0.5000000000094573,0.160000000000025,2.565174071178317,143.42815475394275,0.8061948573902623,5974,10.961968680089486,1.843602039577867,10.975,-17.367952522255194,161.0,2.079326,1,337,60.0,120.0,112.0,122.0,145.0,143.0,144.0,144.0,59.98515,119.939213,1008.525246,2160,455,346,//qar7000185/GP0_UPLOAD/BOXER/CYLOM\KZ-04-84_CP-13\20220621\can_Tapper17-11-11-13-30-36.pcap.gz
146,2021-11-11 14:20:53.552072,can_tapper17,"rgb(77,175,74)",PG2,123.0,109.0,111.0,11.38211382113821,68.33333333333339,124.0,-8.843540243896139e-14,1500,-35.019999999991406,-5.019999999991406,78.00000000000004,0.0,309.0,309.0,1.577002,0.003883495145631068,0.004530744336569579,0.004207119741100324,synchronized_peak_current_voltage_drop,0.6600000000094823,1.5000000000002345,2.0171482422437275,142.78775446114906,0.8502995728627549,5966,6.666666666666667,1.3920282766201666,10.975,-17.367952522255194,161.0,2.079326,1,337,60.0,120.0,109.0,115.0,145.0,141.0,142.0,142.0,59.98515,119.939213,1008.525246,2160,455,346,//qar7000185/GP0_UPLOAD/BOXER/CYLOM\KZ-04-84_CP-13\20220621\can_Tapper17-11-11-13-30-36.pcap.gz
146,2021-11-11 14:20:53.552072,can_tapper17,"rgb(77,175,74)",PG3_est,124.0,107.0,112.0,13.709677419354838,78.00000000000004,125.0,-3.1272813899023317,1500,-35.019999999991406,-5.019999999991406,90.0,0.0,309.0,309.0,1.577002,0.003883495145631068,0.005501618122977346,0.004207119741100324,synchronized_peak_current_voltage_drop,0.6800000000094855,1.5000000000002345,2.565174071178317,148.84573401271814,0.9017539896332664,5965,4.250559284116331,0.6283773048449636,10.975,-17.367952522255194,161.0,2.079326,1,337,60.0,120.0,110.0,116.0,146.0,147.0,149.0,148.0,59.98515,119.939213,1008.525246,2160,455,346,//qar7000185/GP0_UPLOAD/BOXER/CYLOM\KZ-04-84_CP-13\20220621\can_Tapper17-11-11-13-30-36.pcap.gz
146,2021-11-11 14:20:53.552072,can_tapper17,"rgb(77,175,74)",PG4,124.0,107.0,112.0,13.709677419354838,78.00000000000004,125.0,-3.1272813899023317,1500,-35.019999999991406,-5.019999999991406,90.0,0.0,309.0,309.0,1.577002,0.003883495145631068,0.005501618122977346,0.004207119741100324,synchronized_peak_current_voltage_drop,0.6800000000094855,1.5000000000002345,2.565174071178317,148.84573401271814,0.9017539896332664,5965,4.250559284116331,0.6283773048449636,10.975,-17.367952522255194,161.0,2.079326,1,337,60.0,120.0,110.0,116.0,146.0,147.0,149.0,148.0,59.98515,119.939213,1008.525246,2160,455,346,//qar7000185/GP0_UPLOAD/BOXER/CYLOM\KZ-04-84_CP-13\20220621\can_Tapper17-11-11-13-30-36.pcap.gz
147,2021-11-23 09:32:54.242715,can_tapper17,"rgb(152,78,163)",PG1_est,125.0,106.0,116.0,15.2,90.0,126.0,-1.3440458107639473e-12,60,-6.19999999999159,-5.019999999991406,95.0,0.0,386.0,386.0,1.005099,0.0023316062176165805,0.0049222797927461134,0.0025906735751295338,synchronized_peak_current_voltage_drop,0.4200000000094448,1.5200000000002376,3.678623825607137,143.09461528177172,0.9026255738854944,5978,12.033195020746888,1.3212861859725569,5.175,-2.069277108433735,15.0,2.007898,7,332,60.0,120.0,116.0,123.0,132.0,142.0,143.0,143.0,4.210159,119.872709,1019520.690643,1491,349,460,//qar7000185/GP0_UPLOAD/BOXER/CYLOM\KZ-04-84_CP-13\20220621\can_Tapper17-11-23-09-32-49.pcap.gz
147,2021-11-23 09:32:54.242715,can_tapper17,"rgb(152,78,163)",PG2,126.0,116.0,116.0,7.936507936507936,95.0,126.0,-1.3440458107639473e-12,60,-6.19999999999159,-5.019999999991406,95.0,0.0,386.0,386.0,1.005099,0.0025906735751295338,0.0025906735751295338,0.0025906735751295338,synchronized_peak_current_voltage_drop,0.9400000000095261,1.0000000000001563,2.892719705486028,143.1480162664411,0.8593299138621722,5952,4.564315352697095,0.725428478459353,5.175,-2.069277108433735,15.0,2.007898,7,332,60.0,120.0,116.0,123.0,133.0,144.0,143.0,143.0,4.210159,119.872709,1019520.690643,1491,349,460,//qar7000185/GP0_UPLOAD/BOXER/CYLOM\KZ-04-84_CP-13\20220621\can_Tapper17-11-23-09-32-49.pcap.gz
147,2021-11-23 09:32:54.242715,can_tapper17,"rgb(152,78,163)",PG3_est,126.0,116.0,116.0,7.936507936507936,95.0,127.0,-3.4679304262219913e-13,59,-6.179999999991587,-5.019999999991406,100.0,0.0,386.0,386.0,1.005099,0.0025906735751295338,0.0025906735751295338,0.0028497409326424875,synchronized_peak_current_voltage_drop,0.9400000000095261,1.0000000000001563,2.892719705486028,146.129145567256,0.779768470996433,5952,3.7344398340248963,0.8832457962114992,5.175,-2.069277108433735,15.0,2.007898,7,332,60.0,120.0,116.0,124.0,133.0,147.0,148.0,147.0,4.210159,119.872709,1019520.690643,1491,349,460,//qar7000185/GP0_UPLOAD/BOXER/CYLOM\KZ-04-84_CP-13\20220621\can_Tapper17-11-23-09-32-49.pcap.gz
147,2021-11-23 09:32:54.242715,can_tapper17,"rgb(152,78,163)",PG4,126.0,116.0,116.0,7.936507936507936,95.0,127.0,-3.4679304262219913e-13,59,-6.179999999991587,-5.019999999991406,100.0,0.0,386.0,386.0,1.005099,0.0025906735751295338,0.0025906735751295338,0.0028497409326424875,synchronized_peak_current_voltage_drop,0.9400000000095261,1.0000000000001563,2.892719705486028,146.129145567256,0.779768470996433,5952,3.7344398340248963,0.8832457962114992,5.175,-2.069277108433735,15.0,2.007898,7,332,60.0,120.0,116.0,124.0,133.0,147.0,148.0,147.0,4.210159,119.872709,1019520.690643,1491,349,460,//qar7000185/GP0_UPLOAD/BOXER/CYLOM\KZ-04-84_CP-13\20220621\can_Tapper17-11-23-09-32-49.pcap.gz
148,2021-11-23 11:05:16.859688,can_tapper17,"rgb(255,127,0)",PG1_est,122.0,104.0,108.0,14.754098360655737,60.0,122.0,-2.001707556313972,1500,-35.019999999991406,-5.019999999991406,60.0,30.5,342.0,311.5,1.261519,0.00449438202247191,0.005778491171749599,0.00449438202247191,synchronized_peak_current_voltage_drop,1.3200000000095855,0.5400000000000844,1.7887444673306678,144.00026406929192,0.8117229908252823,5933,9.240246406570842,0.8769081222918874,6.83,-14.948424068767908,33.0,2.362621,5,349,60.0,120.0,108.0,119.0,144.0,142.0,144.0,144.0,59.828201,119.798581,5542.616973,2157,570,439,//qar7000185/GP0_UPLOAD/BOXER/CYLOM\KZ-04-84_CP-13\20220621\can_Tapper17-11-23-10-32-49.pcap.gz
148,2021-11-23 11:05:16.859688,can_tapper17,"rgb(255,127,0)",PG2,121.0,110.0,110.0,9.090909090909092,52.857142857142826,122.0,2.8201152515774477e-13,1500,-35.019999999991406,-5.019999999991406,60.0,30.5,342.0,311.5,1.261519,0.003531300160513644,0.003531300160513644,0.0038523274478330658,synchronized_peak_current_voltage_drop,0.8000000000095042,1.0200000000001594,2.0171482422437275,142.07395346716527,0.8483752031408476,5959,9.650924024640657,0.8928551028682935,6.83,-14.948424068767908,33.0,2.362621,5,349,60.0,120.0,110.0,120.0,144.0,140.0,142.0,142.0,59.828201,119.798581,5542.616973,2157,570,439,//qar7000185/GP0_UPLOAD/BOXER/CYLOM\KZ-04-84_CP-13\20220621\can_Tapper17-11-23-10-32-49.pcap.gz
148,2021-11-23 11:05:16.859688,can_tapper17,"rgb(255,127,0)",PG3_est,122.0,109.0,109.0,10.655737704918032,60.0,123.0,-2.7395656620287485,1500,-35.019999999991406,-5.019999999991406,68.33333333333339,30.5,342.0,311.5,1.261519,0.004173354735152488,0.004173354735152488,0.00449438202247191,synchronized_peak_current_voltage_drop,0.8600000000095136,1.0000000000001563,2.27471676670449,148.34096244218546,0.9042815094943819,5956,0.20876826722338204,0.10290946659064701,6.83,-14.948424068767908,33.0,2.362621,5,349,60.0,120.0,109.0,120.0,146.0,146.0,149.0,149.0,59.828201,119.798581,5542.616973,2157,570,439,//qar7000185/GP0_UPLOAD/BOXER/CYLOM\KZ-04-84_CP-13\20220621\can_Tapper17-11-23-10-32-49.pcap.gz
148,2021-11-23 11:05:16.859688,can_tapper17,"rgb(255,127,0)",PG4,122.0,109.0,109.0,10.655737704918032,60.0,123.0,-2.7395656620287485,1500,-35.019999999991406,-5.019999999991406,68.33333333333339,30.5,342.0,311.5,1.261519,0.004173354735152488,0.004173354735152488,0.00449438202247191,synchronized_peak_current_voltage_drop,0.8600000000095136,1.0000000000001563,2.27471676670449,148.34096244218546,0.9042815094943819,5956,0.20876826722338204,0.10290946659064701,6.83,-14.948424068767908,33.0,2.362621,5,349,60.0,120.0,109.0,120.0,146.0,146.0,149.0,149.0,59.828201,119.798581,5542.616973,2157,570,439,//qar7000185/GP0_UPLOAD/BOXER/CYLOM\KZ-04-84_CP-13\20220621\can_Tapper17-11-23-10-32-49.pcap.gz
149,2021-11-24 08:21:43.748491,can_tapper17,"rgb(255,255,51)",PG1_est,124.0,112.0,117.0,9.67741935483871,78.00000000000004,125.0,-3.0268457897086116,1500,-35.019999999991406,-5.019999999991406,90.0,0.0,323.0,323.0,1.017925,0.0021671826625386994,0.0037151702786377707,0.002476780185758514,synchronized_peak_current_voltage_drop,1.0000000000095355,0.5000000000000782,3.2620894576029285,143.16639919148253,0.8539462304409924,5949,5.882352941176471,0.6235917498839946,10.6,-7.264094955489615,21.0,2.023976,8,337,60.0,120.0,112.0,124.0,144.0,143.0,144.0,144.0,51.38716,119.94634,76586.888803,2058,398,436,//qar7000185/GP0_UPLOAD/BOXER/CYLOM\KZ-04-84_CP-13\20220621\can_Tapper17-11-24-08-20-52.pcap.gz
149,2021-11-24 08:21:43.748491,can_tapper17,"rgb(255,255,51)",PG2,124.0,117.0,117.0,5.64516129032258,78.00000000000004,125.0,-5.125157833402605,1500,-35.019999999991406,-5.019999999991406,90.0,0.0,323.0,323.0,1.017925,0.0021671826625386994,0.0021671826625386994,0.002476780185758514,synchronized_peak_current_voltage_drop,1.0200000000095386,0.5000000000000782,2.892719705486028,143.323775642056,0.8358011593019783,5948,2.5210084033613445,0.5508642680008177,10.6,-7.264094955489615,21.0,2.023976,8,337,60.0,120.0,122.0,121.0,123.0,144.0,143.0,143.0,51.38716,119.94634,76586.888803,2058,398,436,//qar7000185/GP0_UPLOAD/BOXER/CYLOM\KZ-04-84_CP-13\20220621\can_Tapper17-11-24-08-20-52.pcap.gz
149,2021-11-24 08:21:43.748491,can_tapper17,"rgb(255,255,51)",PG3_est,125.0,117.0,117.0,6.4,90.0,126.0,-1.3613783828346637,1500,-35.019999999991406,-5.019999999991406,95.0,0.0,323.0,323.0,1.017925,0.002476780185758514,0.002476780185758514,0.0027863777089783283,synchronized_peak_current_voltage_drop,1.0200000000095386,0.5000000000000782,2.892719705486028,146.947580555849,0.8095059644635897,5948,1.680672268907563,0.543191000199515,10.6,-7.264094955489615,21.0,2.023976,8,337,60.0,120.0,121.0,119.0,124.0,148.0,148.0,147.0,51.38716,119.94634,76586.888803,2058,398,436,//qar7000185/GP0_UPLOAD/BOXER/CYLOM\KZ-04-84_CP-13\20220621\can_Tapper17-11-24-08-20-52.pcap.gz
149,2021-11-24 08:21:43.748491,can_tapper17,"rgb(255,255,51)",PG4,125.0,117.0,117.0,6.4,90.0,126.0,-1.3613783828346637,1500,-35.019999999991406,-5.019999999991406,95.0,0.0,323.0,323.0,1.017925,0.002476780185758514,0.002476780185758514,0.0027863777089783283,synchronized_peak_current_voltage_drop,1.0200000000095386,0.5000000000000782,2.892719705486028,146.947580555849,0.8095059644635897,5948,1.680672268907563,0.543191000199515,10.6,-7.264094955489615,21.0,2.023976,8,337,60.0,120.0,121.0,119.0,124.0,148.0,148.0,147.0,51.38716,119.94634,76586.888803,2058,398,436,//qar7000185/GP0_UPLOAD/BOXER/CYLOM\KZ-04-84_CP-13\20220621\can_Tapper17-11-24-08-20-52.pcap.gz
150,2021-11-24 08:35:42.268232,can_tapper17,"rgb(166,86,40)",PG1_est,122.0,99.0,113.0,18.852459016393443,60.0,123.0,-5.687905153615099e-14,1500,-35.019999999991406,-5.019999999991406,68.33333333333339,0.0,345.0,345.0,1.29226,0.0026086956521739132,0.006666666666666666,0.002898550724637681,synchronized_peak_current_voltage_drop,0.46000000000945107,1.0000000000001563,2.0171482422437275,143.34131894161703,0.8363378372565429,5976,12.967032967032967,2.120799041650518,8.716666666666665,-11.574923547400612,22.0,2.491008,5,327,60.0,120.0,111.0,121.0,145.0,142.0,144.0,143.0,59.931218,119.9163,838.519741,2160,542,547,//qar7000185/GP0_UPLOAD/BOXER/CYLOM\KZ-04-84_CP-13\20220621\can_Tapper17-11-24-08-20-52.pcap.gz
150,2021-11-24 08:35:42.268232,can_tapper17,"rgb(166,86,40)",PG2,123.0,108.0,114.0,12.195121951219512,68.33333333333339,123.0,-5.687905153615099e-14,1500,-35.019999999991406,-5.019999999991406,68.33333333333339,0.0,345.0,345.0,1.29226,0.0026086956521739132,0.004347826086956522,0.0026086956521739132,synchronized_peak_current_voltage_drop,0.4800000000094542,1.260000000000197,2.27471676670449,143.01443179893454,0.8395464553096907,5975,5.882352941176471,1.3316493122926625,8.716666666666665,-11.574923547400612,22.0,2.491008,5,327,60.0,120.0,112.0,120.0,145.0,141.0,142.0,143.0,59.931218,119.9163,838.519741,2160,542,547,//qar7000185/GP0_UPLOAD/BOXER/CYLOM\KZ-04-84_CP-13\20220621\can_Tapper17-11-24-08-20-52.pcap.gz
150,2021-11-24 08:35:42.268232,can_tapper17,"rgb(166,86,40)",PG3_est,123.0,112.0,114.0,8.94308943089431,68.33333333333339,124.0,1.4980895547063973,1500,-35.019999999991406,-5.019999999991406,78.00000000000004,0.0,345.0,345.0,1.29226,0.0026086956521739132,0.0031884057971014496,0.002898550724637681,synchronized_peak_current_voltage_drop,0.9800000000095324,0.7600000000001188,2.27471676670449,148.86796041491192,0.8842609285386477,5950,5.4945054945054945,1.5140919141046512,8.716666666666665,-11.574923547400612,22.0,2.491008,5,327,60.0,120.0,112.0,121.0,147.0,146.0,149.0,149.0,59.931218,119.9163,838.519741,2160,542,547,//qar7000185/GP0_UPLOAD/BOXER/CYLOM\KZ-04-84_CP-13\20220621\can_Tapper17-11-24-08-20-52.pcap.gz
150,2021-11-24 08:35:42.268232,can_tapper17,"rgb(166,86,40)",PG4,123.0,112.0,114.0,8.94308943089431,68.33333333333339,124.0,1.4980895547063973,1500,-35.019999999991406,-5.019999999991406,78.00000000000004,0.0,345.0,345.0,1.29226,0.0026086956521739132,0.0031884057971014496,0.002898550724637681,synchronized_peak_current_voltage_drop,0.9800000000095324,0.7600000000001188,2.27471676670449,148.86796041491192,0.8842609285386477,5950,5.4945054945054945,1.5140919141046512,8.716666666666665,-11.574923547400612,22.0,2.491008,5,327,60.0,120.0,112.0,121.0,147.0,146.0,149.0,149.0,59.931218,119.9163,838.519741,2160,542,547,//qar7000185/GP0_UPLOAD/BOXER/CYLOM\KZ-04-84_CP-13\20220621\can_Tapper17-11-24-08-20-52.pcap.gz
151,2021-11-24 10:17:22.870944,can_tapper17,"rgb(247,129,191)",PG1_est,122.0,106.0,111.0,13.114754098360656,60.0,122.0,2.8201152515774477e-13,1500,-35.019999999991406,-5.019999999991406,60.0,24.5,371.0,346.5,1.270199,0.003174603174603175,0.004617604617604618,0.003174603174603175,synchronized_peak_current_voltage_drop,1.1600000000095605,0.5400000000000844,2.0171482422437275,143.26762306459858,0.7609174018316849,5941,9.172259507829978,1.0218950038235721,9.690000000000001,-41.38996138996139,26.0,2.264063,4,259,60.0,120.0,109.0,120.0,145.0,141.0,143.0,144.0,59.993628,119.831126,6100.602712,2159,336,666,//qar7000185/GP0_UPLOAD/BOXER/CYLOM\KZ-04-84_CP-13\20220621\can_Tapper17-11-24-09-20-52.pcap.gz
151,2021-11-24 10:17:22.870944,can_tapper17,"rgb(247,129,191)",PG2,122.0,109.0,112.0,10.655737704918032,60.0,123.0,-5.687905153615099e-14,1500,-35.019999999991406,-5.019999999991406,68.33333333333339,24.5,371.0,346.5,1.270199,0.002886002886002886,0.003751803751803752,0.003174603174603175,synchronized_peak_current_voltage_drop,0.9000000000095199,0.7600000000001188,2.0171482422437275,142.4854250815202,0.7834197369526779,5954,3.8031319910514543,0.623449081117202,9.690000000000001,-41.38996138996139,26.0,2.264063,4,259,60.0,120.0,109.0,120.0,144.0,140.0,141.0,142.0,59.993628,119.831126,6100.602712,2159,336,666,//qar7000185/GP0_UPLOAD/BOXER/CYLOM\KZ-04-84_CP-13\20220621\can_Tapper17-11-24-09-20-52.pcap.gz
151,2021-11-24 10:17:22.870944,can_tapper17,"rgb(247,129,191)",PG3_est,123.0,108.0,111.0,12.195121951219512,68.33333333333339,123.0,-5.687905153615099e-14,1500,-35.019999999991406,-5.019999999991406,68.33333333333339,24.5,371.0,346.5,1.270199,0.003463203463203463,0.004329004329004329,0.003463203463203463,synchronized_peak_current_voltage_drop,0.8600000000095136,0.7600000000001188,2.0171482422437275,147.0761059159787,0.7740124206066633,5956,3.3557046979865772,0.5917264592862301,9.690000000000001,-41.38996138996139,26.0,2.264063,4,259,60.0,120.0,108.0,120.0,149.0,147.0,147.0,147.0,59.993628,119.831126,6100.602712,2159,336,666,//qar7000185/GP0_UPLOAD/BOXER/CYLOM\KZ-04-84_CP-13\20220621\can_Tapper17-11-24-09-20-52.pcap.gz
151,2021-11-24 10:17:22.870944,can_tapper17,"rgb(247,129,191)",PG4,123.0,108.0,111.0,12.195121951219512,68.33333333333339,123.0,-5.687905153615099e-14,1500,-35.019999999991406,-5.019999999991406,68.33333333333339,24.5,371.0,346.5,1.270199,0.003463203463203463,0.004329004329004329,0.003463203463203463,synchronized_peak_current_voltage_drop,0.8600000000095136,0.7600000000001188,2.0171482422437275,147.0761059159787,0.7740124206066633,5956,3.3557046979865772,0.5917264592862301,9.690000000000001,-41.38996138996139,26.0,2.264063,4,259,60.0,120.0,108.0,120.0,149.0,147.0,147.0,147.0,59.993628,119.831126,6100.602712,2159,336,666,//qar7000185/GP0_UPLOAD/BOXER/CYLOM\KZ-04-84_CP-13\20220621\can_Tapper17-11-24-09-20-52.pcap.gz
152,2021-11-24 11:41:36.681596,can_tapper17,"rgb(153,153,153)",PG1_est,124.5,107.0,111.0,14.056224899598394,83.74999999999993,125.0,-3.0196991198656984,1500,-35.019999999991406,-5.019999999991406,90.0,0.0,421.0,421.0,1.346374,0.0032066508313539194,0.004156769596199525,0.00332541567695962,synchronized_peak_current_voltage_drop,1.3800000000095949,0.5600000000000875,1.7887444673306678,142.12947389013806,0.7761525482506673,5930,8.533916849015318,1.3633634523707814,10.5,-30.03235294117647,24.0,2.344702,3,340,60.0,120.0,111.0,122.0,144.0,143.0,142.0,142.0,59.939825,119.955704,5053.810652,2159,431,496,//qar7000185/GP0_UPLOAD/BOXER/CYLOM\KZ-04-84_CP-13\20220621\can_Tapper17-11-24-11-20-53.pcap.gz
152,2021-11-24 11:41:36.681596,can_tapper17,"rgb(153,153,153)",PG2,124.0,111.0,111.0,10.483870967741936,78.00000000000004,125.0,4.156167692041187e-14,1500,-35.019999999991406,-5.019999999991406,90.0,0.0,421.0,421.0,1.346374,0.0030878859857482186,0.0030878859857482186,0.00332541567695962,synchronized_peak_current_voltage_drop,0.8800000000095167,1.0000000000001563,2.0171482422437275,143.09423566818361,0.8740505916962833,5955,5.220883534136546,1.0340607594376265,10.5,-30.03235294117647,24.0,2.344702,3,340,60.0,120.0,111.0,121.0,145.0,144.0,144.0,143.0,59.939825,119.955704,5053.810652,2159,431,496,//qar7000185/GP0_UPLOAD/BOXER/CYLOM\KZ-04-84_CP-13\20220621\can_Tapper17-11-24-11-20-53.pcap.gz
152,2021-11-24 11:41:36.681596,can_tapper17,"rgb(153,153,153)",PG3_est,125.0,111.0,115.0,11.200000000000001,90.0,126.0,-3.0780013680000735,1500,-35.019999999991406,-5.019999999991406,95.0,0.0,421.0,421.0,1.346374,0.0023752969121140144,0.00332541567695962,0.002612826603325416,synchronized_peak_current_voltage_drop,0.8000000000095042,1.0000000000001563,2.27471676670449,147.31101380830955,0.8731130681703656,5959,3.0927835051546393,0.7486629150092271,10.5,-30.03235294117647,24.0,2.344702,3,340,60.0,120.0,111.0,119.0,147.0,149.0,148.0,147.0,59.939825,119.955704,5053.810652,2159,431,496,//qar7000185/GP0_UPLOAD/BOXER/CYLOM\KZ-04-84_CP-13\20220621\can_Tapper17-11-24-11-20-53.pcap.gz
152,2021-11-24 11:41:36.681596,can_tapper17,"rgb(153,153,153)",PG4,125.0,111.0,115.0,11.200000000000001,90.0,126.0,-3.0780013680000735,1500,-35.019999999991406,-5.019999999991406,95.0,0.0,421.0,421.0,1.346374,0.0023752969121140144,0.00332541567695962,0.002612826603325416,synchronized_peak_current_voltage_drop,0.8000000000095042,1.0000000000001563,2.27471676670449,147.31101380830955,0.8731130681703656,5959,3.0927835051546393,0.7486629150092271,10.5,-30.03235294117647,24.0,2.344702,3,340,60.0,120.0,111.0,119.0,147.0,149.0,148.0,147.0,59.939825,119.955704,5053.810652,2159,431,496,//qar7000185/GP0_UPLOAD/BOXER/CYLOM\KZ-04-84_CP-13\20220621\can_Tapper17-11-24-11-20-53.pcap.gz
153,2021-11-29 07:11:34.404355,can_tapper17,"rgb(228,26,28)",PG1_est,123.0,93.0,120.0,24.390243902439025,68.33333333333339,123.0,3.3927126189831744,1500,-35.019999999991406,-5.019999999991406,68.33333333333339,0.0,370.0,370.0,1.335307,0.0008108108108108108,0.008108108108108109,0.0008108108108108108,synchronized_peak_current_voltage_drop,0.8400000000095105,0.5000000000000782,2.892719705486028,142.69637729462573,0.8849670813155938,5957,19.48051948051948,1.0059274263801476,1.975,-6.896656534954407,92.0,2.438183,5,329,60.0,120.0,109.0,117.0,122.0,142.0,142.0,142.0,59.820418,119.782549,415797.722759,2157,416,620,//qar7000185/GP0_UPLOAD/BOXER/CYLOM\KZ-04-84_CP-13\20220621\can_Tapper17-11-29-07-02-20.pcap.gz
153,2021-11-29 07:11:34.404355,can_tapper17,"rgb(228,26,28)",PG2,122.0,107.0,107.0,12.295081967213115,60.0,123.0,0.5061246693886685,1500,-35.019999999991406,-5.019999999991406,68.33333333333339,0.0,370.0,370.0,1.335307,0.004054054054054054,0.004054054054054054,0.004324324324324324,synchronized_peak_current_voltage_drop,0.8600000000095136,1.0000000000001563,2.892719705486028,143.40848216030068,0.8932485471494221,5956,6.4935064935064934,0.5797994345016657,1.975,-6.896656534954407,92.0,2.438183,5,329,60.0,120.0,107.0,118.0,121.0,144.0,143.0,144.0,59.820418,119.782549,415797.722759,2157,416,620,//qar7000185/GP0_UPLOAD/BOXER/CYLOM\KZ-04-84_CP-13\20220621\can_Tapper17-11-29-07-02-20.pcap.gz
153,2021-11-29 07:11:34.404355,can_tapper17,"rgb(228,26,28)",PG3_est,123.0,108.0,108.0,12.195121951219512,68.33333333333339,123.0,4.4077264034335535,1500,-35.019999999991406,-5.019999999991406,68.33333333333339,0.0,370.0,370.0,1.335307,0.004054054054054054,0.004054054054054054,0.004054054054054054,synchronized_peak_current_voltage_drop,0.8600000000095136,1.5000000000002345,3.678623825607137,148.1277129795512,0.9374334510851718,5956,6.4935064935064934,0.31844034002526245,1.975,-6.896656534954407,92.0,2.438183,5,329,60.0,120.0,108.0,115.0,125.0,147.0,148.0,148.0,59.820418,119.782549,415797.722759,2157,416,620,//qar7000185/GP0_UPLOAD/BOXER/CYLOM\KZ-04-84_CP-13\20220621\can_Tapper17-11-29-07-02-20.pcap.gz
153,2021-11-29 07:11:34.404355,can_tapper17,"rgb(228,26,28)",PG4,123.0,108.0,108.0,12.195121951219512,68.33333333333339,123.0,4.4077264034335535,1500,-35.019999999991406,-5.019999999991406,68.33333333333339,0.0,370.0,370.0,1.335307,0.004054054054054054,0.004054054054054054,0.004054054054054054,synchronized_peak_current_voltage_drop,0.8600000000095136,1.5000000000002345,3.678623825607137,148.1277129795512,0.9374334510851718,5956,6.4935064935064934,0.31844034002526245,1.975,-6.896656534954407,92.0,2.438183,5,329,60.0,120.0,108.0,115.0,125.0,147.0,148.0,148.0,59.820418,119.782549,415797.722759,2157,416,620,//qar7000185/GP0_UPLOAD/BOXER/CYLOM\KZ-04-84_CP-13\20220621\can_Tapper17-11-29-07-02-20.pcap.gz
154,2021-11-29 10:22:06.754044,can_tapper17,"rgb(55,126,184)",PG1_est,120.0,105.0,108.0,12.5,46.24999999999997,120.0,7.586850985972613e-14,1500,-35.019999999991406,-5.019999999991406,46.24999999999997,33.0,465.0,432.0,1.390394,0.002777777777777778,0.003472222222222222,0.002777777777777778,synchronized_peak_current_voltage_drop,0.920000000009523,1.0000000000001563,4.67804510221319,142.4283536854459,0.6379219425715161,5953,6.25,1.7790247424082895,5.2666666666666675,-60.492537313432834,52.0,2.028378,4,335,60.0,120.0,105.0,120.0,142.0,139.0,143.0,142.0,59.972575,119.926774,11432.349689,2159,502,489,//qar7000185/GP0_UPLOAD/BOXER/CYLOM\KZ-04-84_CP-13\20220621\can_Tapper17-11-29-10-02-20.pcap.gz
154,2021-11-29 10:22:06.754044,can_tapper17,"rgb(55,126,184)",PG2,121.0,108.0,110.0,10.743801652892563,52.857142857142826,121.0,2.0586558921909938e-13,1500,-35.019999999991406,-5.019999999991406,52.857142857142826,33.0,465.0,432.0,1.390394,0.0025462962962962965,0.0030092592592592593,0.0025462962962962965,synchronized_peak_current_voltage_drop,1.080000000009548,0.7400000000001157,8.53123623235764,142.8152138044166,0.682009650839259,5945,4.072398190045249,1.162394230629952,5.2666666666666675,-60.492537313432834,52.0,2.028378,4,335,60.0,120.0,113.0,115.0,142.0,136.0,142.0,143.0,59.972575,119.926774,11432.349689,2159,502,489,//qar7000185/GP0_UPLOAD/BOXER/CYLOM\KZ-04-84_CP-13\20220621\can_Tapper17-11-29-10-02-20.pcap.gz
154,2021-11-29 10:22:06.754044,can_tapper17,"rgb(55,126,184)",PG3_est,121.0,109.0,109.0,9.917355371900827,52.857142857142826,121.0,2.0586558921909938e-13,1500,-35.019999999991406,-5.019999999991406,52.857142857142826,33.0,465.0,432.0,1.390394,0.002777777777777778,0.002777777777777778,0.002777777777777778,synchronized_peak_current_voltage_drop,0.9800000000095324,1.5000000000002345,2.27471676670449,144.2550227620754,0.5924576567792847,5950,3.2967032967032965,0.6923281995934638,5.2666666666666675,-60.492537313432834,52.0,2.028378,4,335,60.0,120.0,109.0,114.0,148.0,142.0,146.0,145.0,59.972575,119.926774,11432.349689,2159,502,489,//qar7000185/GP0_UPLOAD/BOXER/CYLOM\KZ-04-84_CP-13\20220621\can_Tapper17-11-29-10-02-20.pcap.gz
154,2021-11-29 10:22:06.754044,can_tapper17,"rgb(55,126,184)",PG4,121.0,109.0,109.0,9.917355371900827,52.857142857142826,121.0,2.0586558921909938e-13,1500,-35.019999999991406,-5.019999999991406,52.857142857142826,33.0,465.0,432.0,1.390394,0.002777777777777778,0.002777777777777778,0.002777777777777778,synchronized_peak_current_voltage_drop,0.9800000000095324,1.5000000000002345,2.27471676670449,144.2550227620754,0.5924576567792847,5950,3.2967032967032965,0.6923281995934638,5.2666666666666675,-60.492537313432834,52.0,2.028378,4,335,60.0,120.0,109.0,114.0,148.0,142.0,146.0,145.0,59.972575,119.926774,11432.349689,2159,502,489,//qar7000185/GP0_UPLOAD/BOXER/CYLOM\KZ-04-84_CP-13\20220621\can_Tapper17-11-29-10-02-20.pcap.gz
155,2021-11-29 15:10:04.801852,can_tapper17,"rgb(77,175,74)",PG1_est,111.0,91.0,101.0,18.01801801801802,40.0,112.0,-1.7362852161264122,1500,-35.019999999991406,-5.019999999991406,40.0,0.0,404.0,404.0,0.689647,0.0024752475247524753,0.0049504950495049506,0.002722772277227723,synchronized_peak_current_voltage_drop,1.7400000000096512,0.5200000000000813,2.565174071178317,134.02975449425975,0.8171402565248725,5912,13.022113022113022,1.036706801173412,11.55,-164.82072829131653,79.0,2.194349,7,357,60.0,120.0,95.0,103.0,125.0,134.0,136.0,134.0,59.892455,119.94962,17278.047808,2160,402,533,//qar7000185/GP0_UPLOAD/BOXER/CYLOM\KZ-04-84_CP-13\20220621\can_Tapper17-11-29-15-02-20.pcap.gz
155,2021-11-29 15:10:04.801852,can_tapper17,"rgb(77,175,74)",PG2,109.0,82.0,96.0,24.770642201834864,40.0,110.0,7.940775721852673e-15,1500,-35.019999999991406,-5.019999999991406,40.0,0.0,404.0,404.0,0.689647,0.003217821782178218,0.006683168316831684,0.003465346534653465,synchronized_peak_current_voltage_drop,0.7400000000094948,1.5000000000002345,2.565174071178317,134.63339465225962,0.9060013286194875,5962,19.41031941031941,7.6529564767949845,11.55,-164.82072829131653,79.0,2.194349,7,357,60.0,120.0,85.0,95.0,129.0,136.0,137.0,134.0,59.892455,119.94962,17278.047808,2160,402,533,//qar7000185/GP0_UPLOAD/BOXER/CYLOM\KZ-04-84_CP-13\20220621\can_Tapper17-11-29-15-02-20.pcap.gz
155,2021-11-29 15:10:04.801852,can_tapper17,"rgb(77,175,74)",PG3_est,114.0,95.0,105.0,16.666666666666664,40.0,114.0,1.3519845448096863e-13,1500,-35.019999999991406,-5.019999999991406,40.0,0.0,404.0,404.0,0.689647,0.002227722772277228,0.004702970297029703,0.002227722772277228,synchronized_peak_current_voltage_drop,0.760000000009498,1.260000000000197,2.892719705486028,135.18312946058174,0.8709659108803603,5961,7.294117647058823,3.9975142916668496,11.55,-164.82072829131653,79.0,2.194349,7,357,60.0,120.0,95.0,108.0,127.0,135.0,137.0,135.0,59.892455,119.94962,17278.047808,2160,402,533,//qar7000185/GP0_UPLOAD/BOXER/CYLOM\KZ-04-84_CP-13\20220621\can_Tapper17-11-29-15-02-20.pcap.gz
155,2021-11-29 15:10:04.801852,can_tapper17,"rgb(77,175,74)",PG4,114.0,95.0,105.0,16.666666666666664,40.0,114.0,1.3519845448096863e-13,1500,-35.019999999991406,-5.019999999991406,40.0,0.0,404.0,404.0,0.689647,0.002227722772277228,0.004702970297029703,0.002227722772277228,synchronized_peak_current_voltage_drop,0.760000000009498,1.260000000000197,2.892719705486028,135.18312946058174,0.8709659108803603,5961,7.294117647058823,3.9975142916668496,11.55,-164.82072829131653,79.0,2.194349,7,357,60.0,120.0,95.0,108.0,127.0,135.0,137.0,135.0,59.892455,119.94962,17278.047808,2160,402,533,//qar7000185/GP0_UPLOAD/BOXER/CYLOM\KZ-04-84_CP-13\20220621\can_Tapper17-11-29-15-02-20.pcap.gz
156,2021-11-29 17:31:55.484071,can_tapper17,"rgb(152,78,163)",PG1_est,117.0,106.0,109.0,9.401709401709402,40.0,117.0,2.401613407221671e-13,1500,-35.019999999991406,-5.019999999991406,40.0,35.0,407.0,372.0,1.087947,0.002150537634408602,0.0029569892473118283,0.002150537634408602,synchronized_peak_current_voltage_drop,0.5400000000094636,0.0800000000000125,5.948992616750902,129.22947295284172,0.8965766721788776,5972,7.586206896551724,1.5998588796885165,16.165,-169.34121621621622,135.0,2.091615,5,296,60.0,120.0,106.0,113.0,123.0,125.0,128.0,129.0,59.904928,119.946718,8510.682219,2159,390,443,//qar7000185/GP0_UPLOAD/BOXER/CYLOM\KZ-04-84_CP-13\20220621\can_Tapper17-11-29-17-02-20.pcap.gz
156,2021-11-29 17:31:55.484071,can_tapper17,"rgb(152,78,163)",PG2,117.0,106.0,106.0,9.401709401709402,40.0,117.0,2.401613407221671e-13,1500,-35.019999999991406,-5.019999999991406,40.0,35.0,407.0,372.0,1.087947,0.0029569892473118283,0.0029569892473118283,0.0029569892473118283,synchronized_peak_current_voltage_drop,0.6200000000094761,1.0000000000001563,5.948992616750902,130.0042566892094,0.9200304510929793,5968,7.586206896551724,1.1640633370888986,16.165,-169.34121621621622,135.0,2.091615,5,296,60.0,120.0,106.0,112.0,123.0,126.0,129.0,130.0,59.904928,119.946718,8510.682219,2159,390,443,//qar7000185/GP0_UPLOAD/BOXER/CYLOM\KZ-04-84_CP-13\20220621\can_Tapper17-11-29-17-02-20.pcap.gz
156,2021-11-29 17:31:55.484071,can_tapper17,"rgb(152,78,163)",PG3_est,118.0,106.0,108.0,10.16949152542373,40.0,118.0,3.924642940357044e-13,1500,-35.019999999991406,-5.019999999991406,40.0,35.0,407.0,372.0,1.087947,0.002688172043010753,0.0032258064516129032,0.002688172043010753,synchronized_peak_current_voltage_drop,0.4800000000094542,1.260000000000197,5.275382050040925,130.37150799459144,0.9287477128727757,5975,4.719101123595506,0.8550154128432988,16.165,-169.34121621621622,135.0,2.091615,5,296,60.0,120.0,108.0,115.0,123.0,126.0,129.0,130.0,59.904928,119.946718,8510.682219,2159,390,443,//qar7000185/GP0_UPLOAD/BOXER/CYLOM\KZ-04-84_CP-13\20220621\can_Tapper17-11-29-17-02-20.pcap.gz
156,2021-11-29 17:31:55.484071,can_tapper17,"rgb(152,78,163)",PG4,118.0,106.0,108.0,10.16949152542373,40.0,118.0,3.924642940357044e-13,1500,-35.019999999991406,-5.019999999991406,40.0,35.0,407.0,372.0,1.087947,0.002688172043010753,0.0032258064516129032,0.002688172043010753,synchronized_peak_current_voltage_drop,0.4800000000094542,1.260000000000197,5.275382050040925,130.37150799459144,0.9287477128727757,5975,4.719101123595506,0.8550154128432988,16.165,-169.34121621621622,135.0,2.091615,5,296,60.0,120.0,108.0,115.0,123.0,126.0,129.0,130.0,59.904928,119.946718,8510.682219,2159,390,443,//qar7000185/GP0_UPLOAD/BOXER/CYLOM\KZ-04-84_CP-13\20220621\can_Tapper17-11-29-17-02-20.pcap.gz
157,2021-11-29 17:49:43.200066,can_tapper17,"rgb(255,127,0)",PG1_est,122.0,109.0,122.0,10.655737704918032,60.0,122.0,-0.9701870978607005,1500,-35.019999999991406,-5.019999999991406,60.0,15.0,499.0,484.0,0.737676,,0.0026859504132231405,,synchronized_peak_current_voltage_drop,0.5400000000094636,0.12000000000001876,3.2620894576029285,135.07673371326578,0.9119546122936016,5972,8.68596881959911,1.7640730520617325,16.72,-227.11976047904193,20.0,2.136825,5,334,60.0,120.0,109.0,119.0,131.0,134.0,135.0,135.0,59.969196,119.99552,1067.715995,2160,358,551,//qar7000185/GP0_UPLOAD/BOXER/CYLOM\KZ-04-84_CP-13\20220621\can_Tapper17-11-29-17-02-20.pcap.gz
157,2021-11-29 17:49:43.200066,can_tapper17,"rgb(255,127,0)",PG2,122.0,109.0,109.0,10.655737704918032,60.0,122.0,2.8201152515774477e-13,1500,-35.019999999991406,-5.019999999991406,60.0,15.0,499.0,484.0,0.737676,0.0026859504132231405,0.0026859504132231405,0.0026859504132231405,synchronized_peak_current_voltage_drop,0.6600000000094823,1.0200000000001594,2.892719705486028,135.74191887112593,0.950590408395849,5966,8.68596881959911,1.4470143638126363,16.72,-227.11976047904193,20.0,2.136825,5,334,60.0,120.0,109.0,120.0,131.0,134.0,135.0,136.0,59.969196,119.99552,1067.715995,2160,358,551,//qar7000185/GP0_UPLOAD/BOXER/CYLOM\KZ-04-84_CP-13\20220621\can_Tapper17-11-29-17-02-20.pcap.gz
157,2021-11-29 17:49:43.200066,can_tapper17,"rgb(255,127,0)",PG3_est,123.0,109.0,109.0,11.38211382113821,68.33333333333339,123.0,-5.687905153615099e-14,1500,-35.019999999991406,-5.019999999991406,68.33333333333339,15.0,499.0,484.0,0.737676,0.002892561983471074,0.002892561983471074,0.002892561983471074,synchronized_peak_current_voltage_drop,0.5800000000094698,1.260000000000197,3.2620894576029285,136.45552518483427,0.951550818874663,5970,3.1446540880503147,0.8327003051671857,16.72,-227.11976047904193,20.0,2.136825,5,334,60.0,120.0,109.0,117.0,131.0,135.0,136.0,136.0,59.969196,119.99552,1067.715995,2160,358,551,//qar7000185/GP0_UPLOAD/BOXER/CYLOM\KZ-04-84_CP-13\20220621\can_Tapper17-11-29-17-02-20.pcap.gz
157,2021-11-29 17:49:43.200066,can_tapper17,"rgb(255,127,0)",PG4,123.0,109.0,109.0,11.38211382113821,68.33333333333339,123.0,-5.687905153615099e-14,1500,-35.019999999991406,-5.019999999991406,68.33333333333339,15.0,499.0,484.0,0.737676,0.002892561983471074,0.002892561983471074,0.002892561983471074,synchronized_peak_current_voltage_drop,0.5800000000094698,1.260000000000197,3.2620894576029285,136.45552518483427,0.951550818874663,5970,3.1446540880503147,0.8327003051671857,16.72,-227.11976047904193,20.0,2.136825,5,334,60.0,120.0,109.0,117.0,131.0,135.0,136.0,136.0,59.969196,119.99552,1067.715995,2160,358,551,//qar7000185/GP0_UPLOAD/BOXER/CYLOM\KZ-04-84_CP-13\20220621\can_Tapper17-11-29-17-02-20.pcap.gz
158,2021-12-02 12:50:25.438736,can_tapper17,"rgb(255,255,51)",PG1_est,123.0,111.0,113.0,9.75609756097561,68.33333333333339,123.0,-3.396410398403935,1500,-35.019999999991406,-5.019999999991406,68.33333333333339,28.0,399.0,371.0,1.4353,0.0026954177897574125,0.003234501347708895,0.0026954177897574125,synchronized_peak_current_voltage_drop,1.080000000009548,0.7600000000001188,3.2620894576029285,143.97711764006831,0.8861430973871784,5945,5.960264900662252,1.3551190124378638,3.175,-16.91315789473684,40.0,2.035898,4,380,60.0,120.0,120.0,117.0,121.0,143.0,144.0,145.0,59.806675,119.811075,241242.23867,2157,583,575,//qar7000185/GP0_UPLOAD/BOXER/CYLOM\KZ-04-84_CP-13\20220621\can_Tapper17-12-02-12-48-20.pcap.gz
158,2021-12-02 12:50:25.438736,can_tapper17,"rgb(255,255,51)",PG2,123.0,111.0,113.0,9.75609756097561,68.33333333333339,124.0,-0.7918936852859261,1500,-35.019999999991406,-5.019999999991406,78.00000000000004,28.0,399.0,371.0,1.4353,0.0026954177897574125,0.003234501347708895,0.002964959568733154,synchronized_peak_current_voltage_drop,0.8400000000095105,1.0000000000001563,2.892719705486028,142.38113235821015,0.8766802821245604,5957,2.2587268993839835,1.1042288301354326,3.175,-16.91315789473684,40.0,2.035898,4,380,60.0,120.0,111.0,118.0,122.0,142.0,142.0,142.0,59.806675,119.811075,241242.23867,2157,583,575,//qar7000185/GP0_UPLOAD/BOXER/CYLOM\KZ-04-84_CP-13\20220621\can_Tapper17-12-02-12-48-20.pcap.gz
158,2021-12-02 12:50:25.438736,can_tapper17,"rgb(255,255,51)",PG3_est,123.0,111.0,115.0,9.75609756097561,68.33333333333339,124.0,-4.248286332570985,1500,-35.019999999991406,-5.019999999991406,78.00000000000004,28.0,399.0,371.0,1.4353,0.00215633423180593,0.003234501347708895,0.002425876010781671,synchronized_peak_current_voltage_drop,0.8400000000095105,1.5000000000002345,3.2620894576029285,146.13463851705694,0.91807230540057,5957,1.9867549668874172,0.9542262882231214,3.175,-16.91315789473684,40.0,2.035898,4,380,60.0,120.0,111.0,116.0,130.0,146.0,146.0,146.0,59.806675,119.811075,241242.23867,2157,583,575,//qar7000185/GP0_UPLOAD/BOXER/CYLOM\KZ-04-84_CP-13\20220621\can_Tapper17-12-02-12-48-20.pcap.gz
158,2021-12-02 12:50:25.438736,can_tapper17,"rgb(255,255,51)",PG4,123.0,111.0,115.0,9.75609756097561,68.33333333333339,124.0,-4.248286332570985,1500,-35.019999999991406,-5.019999999991406,78.00000000000004,28.0,399.0,371.0,1.4353,0.00215633423180593,0.003234501347708895,0.002425876010781671,synchronized_peak_current_voltage_drop,0.8400000000095105,1.5000000000002345,3.2620894576029285,146.13463851705694,0.91807230540057,5957,1.9867549668874172,0.9542262882231214,3.175,-16.91315789473684,40.0,2.035898,4,380,60.0,120.0,111.0,116.0,130.0,146.0,146.0,146.0,59.806675,119.811075,241242.23867,2157,583,575,//qar7000185/GP0_UPLOAD/BOXER/CYLOM\KZ-04-84_CP-13\20220621\can_Tapper17-12-02-12-48-20.pcap.gz
159,2021-12-02 12:59:44.924066,can_tapper17,"rgb(166,86,40)",PG1_est,125.0,106.0,116.0,15.2,90.0,126.0,-7.0557238670833,1027,-25.539999999994613,-5.019999999991406,95.0,0.0,252.0,252.0,1.021001,0.0035714285714285713,0.007539682539682539,0.003968253968253968,synchronized_peak_current_voltage_drop,0.5800000000094698,0.5000000000000782,3.678623825607137,143.86648616123534,0.8704699420697932,3919,12.215320910973086,0.8703742087671092,3.2,-16.694323144104803,19.0,2.122455,4,229,60.0,120.0,116.0,124.0,133.0,144.0,144.0,144.0,23.560747,77.006702,559.48533,1209,269,360,//qar7000185/GP0_UPLOAD/BOXER/CYLOM\KZ-04-84_CP-13\20220621\can_Tapper17-12-02-12-59-21.pcap.gz
159,2021-12-02 12:59:44.924066,can_tapper17,"rgb(166,86,40)",PG2,125.0,115.0,115.0,8.0,90.0,126.0,-5.108171259400294,1027,-25.539999999994613,-5.019999999991406,95.0,0.0,252.0,252.0,1.021001,0.003968253968253968,0.003968253968253968,0.004365079365079365,synchronized_peak_current_voltage_drop,0.600000000009473,0.5200000000000813,2.892719705486028,142.3060047193961,0.8733066491938413,3920,3.7656903765690375,0.4697112629172791,3.2,-16.694323144104803,19.0,2.122455,4,229,60.0,120.0,115.0,123.0,133.0,143.0,142.0,142.0,23.560747,77.006702,559.48533,1209,269,360,//qar7000185/GP0_UPLOAD/BOXER/CYLOM\KZ-04-84_CP-13\20220621\can_Tapper17-12-02-12-59-21.pcap.gz
159,2021-12-02 12:59:44.924066,can_tapper17,"rgb(166,86,40)",PG3_est,126.0,115.0,115.0,8.73015873015873,95.0,127.0,-7.782898799781367,1027,-25.539999999994613,-5.019999999991406,100.0,0.0,252.0,252.0,1.021001,0.004365079365079365,0.004365079365079365,0.0047619047619047615,synchronized_peak_current_voltage_drop,0.600000000009473,0.5000000000000782,3.2620894576029285,145.87319447286316,0.8950884711793816,3919,4.3478260869565215,0.4731616630919801,3.2,-16.694323144104803,19.0,2.122455,4,229,60.0,120.0,115.0,124.0,130.0,147.0,146.0,146.0,23.560747,77.006702,559.48533,1209,269,360,//qar7000185/GP0_UPLOAD/BOXER/CYLOM\KZ-04-84_CP-13\20220621\can_Tapper17-12-02-12-59-21.pcap.gz
159,2021-12-02 12:59:44.924066,can_tapper17,"rgb(166,86,40)",PG4,126.0,115.0,115.0,8.73015873015873,95.0,127.0,-7.782898799781367,1027,-25.539999999994613,-5.019999999991406,100.0,0.0,252.0,252.0,1.021001,0.004365079365079365,0.004365079365079365,0.0047619047619047615,synchronized_peak_current_voltage_drop,0.600000000009473,0.5000000000000782,3.2620894576029285,145.87319447286316,0.8950884711793816,3919,4.3478260869565215,0.4731616630919801,3.2,-16.694323144104803,19.0,2.122455,4,229,60.0,120.0,115.0,124.0,130.0,147.0,146.0,146.0,23.560747,77.006702,559.48533,1209,269,360,//qar7000185/GP0_UPLOAD/BOXER/CYLOM\KZ-04-84_CP-13\20220621\can_Tapper17-12-02-12-59-21.pcap.gz
160,2022-01-17 13:24:04.070188,can_tapper17,"rgb(247,129,191)",PG1_est,124.0,108.0,122.0,12.903225806451612,78.00000000000004,124.0,-2.4077877367942384,1500,-35.019999999991406,-5.019999999991406,78.00000000000004,0.0,236.0,236.0,1.0981,0.0008474576271186442,0.006779661016949153,0.0008474576271186442,synchronized_peak_current_voltage_drop,0.600000000009473,0.5000000000000782,6.708616137836345,141.91295218231642,0.7566842659849309,5969,6.896551724137931,1.603848425866292,6.4,-6.684210526315789,23.0,2.098975,4,342,60.0,120.0,113.0,121.0,135.0,129.0,142.0,143.0,49.554539,119.793899,3975859.146122,2034,406,565,//qar7000185/GP0_UPLOAD/BOXER/CYLOM\KZ-04-84_CP-13\20220621\can_Tapper17-01-17-13-23-14.pcap.gz
160,2022-01-17 13:24:04.070188,can_tapper17,"rgb(247,129,191)",PG2,123.0,113.0,113.0,8.130081300813007,68.33333333333339,124.0,-4.983566659362019,1500,-35.019999999991406,-5.019999999991406,78.00000000000004,0.0,236.0,236.0,1.0981,0.00423728813559322,0.00423728813559322,0.004661016949152543,synchronized_peak_current_voltage_drop,0.6600000000094823,0.5000000000000782,6.708616137836345,143.50739178778502,0.7984691442281289,5966,4.033970276008493,1.0378015939672496,6.4,-6.684210526315789,23.0,2.098975,4,342,60.0,120.0,113.0,121.0,135.0,123.0,143.0,143.0,49.554539,119.793899,3975859.146122,2034,406,565,//qar7000185/GP0_UPLOAD/BOXER/CYLOM\KZ-04-84_CP-13\20220621\can_Tapper17-01-17-13-23-14.pcap.gz
160,2022-01-17 13:24:04.070188,can_tapper17,"rgb(247,129,191)",PG3_est,124.0,114.0,116.0,8.064516129032258,78.00000000000004,125.0,-2.862801272355432,1500,-35.019999999991406,-5.019999999991406,90.0,0.0,236.0,236.0,1.0981,0.0033898305084745766,0.00423728813559322,0.0038135593220338985,synchronized_peak_current_voltage_drop,0.6200000000094761,0.5000000000000782,5.948992616750902,143.92805604970889,0.744827477698471,5968,2.586206896551724,0.7402020853033826,6.4,-6.684210526315789,23.0,2.098975,4,342,60.0,120.0,116.0,119.0,133.0,124.0,145.0,144.0,49.554539,119.793899,3975859.146122,2034,406,565,//qar7000185/GP0_UPLOAD/BOXER/CYLOM\KZ-04-84_CP-13\20220621\can_Tapper17-01-17-13-23-14.pcap.gz
160,2022-01-17 13:24:04.070188,can_tapper17,"rgb(247,129,191)",PG4,124.0,114.0,116.0,8.064516129032258,78.00000000000004,125.0,-2.862801272355432,1500,-35.019999999991406,-5.019999999991406,90.0,0.0,236.0,236.0,1.0981,0.0033898305084745766,0.00423728813559322,0.0038135593220338985,synchronized_peak_current_voltage_drop,0.6200000000094761,0.5000000000000782,5.948992616750902,143.92805604970889,0.744827477698471,5968,2.586206896551724,0.7402020853033826,6.4,-6.684210526315789,23.0,2.098975,4,342,60.0,120.0,116.0,119.0,133.0,124.0,145.0,144.0,49.554539,119.793899,3975859.146122,2034,406,565,//qar7000185/GP0_UPLOAD/BOXER/CYLOM\KZ-04-84_CP-13\20220621\can_Tapper17-01-17-13-23-14.pcap.gz
161,2022-01-17 13:58:08.868881,can_tapper17,"rgb(153,153,153)",PG1_est,121.0,103.0,119.0,14.87603305785124,52.857142857142826,122.0,-0.026453345090147448,1500,-35.019999999991406,-5.019999999991406,60.0,34.0,340.0,306.0,1.399568,0.0006535947712418301,0.0058823529411764705,0.000980392156862745,synchronized_peak_current_voltage_drop,0.9000000000095199,0.5000000000000782,2.892719705486028,142.74449925243584,0.7467294800352993,5954,11.587982832618026,1.4769728735678844,5.575,-26.962848297213622,37.0,2.094517,4,323,60.0,120.0,111.0,115.0,143.0,132.0,143.0,143.0,59.903576,119.969197,2044.798693,2159,425,550,//qar7000185/GP0_UPLOAD/BOXER/CYLOM\KZ-04-84_CP-13\20220621\can_Tapper17-01-17-13-23-14.pcap.gz
161,2022-01-17 13:58:08.868881,can_tapper17,"rgb(153,153,153)",PG2,122.0,111.0,111.0,9.01639344262295,60.0,123.0,-3.7566594474033232,1500,-35.019999999991406,-5.019999999991406,68.33333333333339,34.0,340.0,306.0,1.399568,0.0035947712418300656,0.0035947712418300656,0.00392156862745098,synchronized_peak_current_voltage_drop,1.0000000000095355,1.0000000000001563,2.565174071178317,143.02488030986203,0.7289295576560912,5949,7.207207207207207,0.694409297811092,5.575,-26.962848297213622,37.0,2.094517,4,323,60.0,120.0,111.0,120.0,145.0,132.0,143.0,143.0,59.903576,119.969197,2044.798693,2159,425,550,//qar7000185/GP0_UPLOAD/BOXER/CYLOM\KZ-04-84_CP-13\20220621\can_Tapper17-01-17-13-23-14.pcap.gz
161,2022-01-17 13:58:08.868881,can_tapper17,"rgb(153,153,153)",PG3_est,122.0,111.0,111.0,9.01639344262295,60.0,123.0,-0.4657779847901788,1500,-35.019999999991406,-5.019999999991406,68.33333333333339,34.0,340.0,306.0,1.399568,0.0035947712418300656,0.0035947712418300656,0.00392156862745098,synchronized_peak_current_voltage_drop,0.9800000000095324,1.0000000000001563,2.892719705486028,146.93297134949265,0.7443130436942497,5950,4.721030042918455,0.6695945483018592,5.575,-26.962848297213622,37.0,2.094517,4,323,60.0,120.0,111.0,121.0,148.0,136.0,148.0,147.0,59.903576,119.969197,2044.798693,2159,425,550,//qar7000185/GP0_UPLOAD/BOXER/CYLOM\KZ-04-84_CP-13\20220621\can_Tapper17-01-17-13-23-14.pcap.gz
161,2022-01-17 13:58:08.868881,can_tapper17,"rgb(153,153,153)",PG4,122.0,111.0,111.0,9.01639344262295,60.0,123.0,-0.4657779847901788,1500,-35.019999999991406,-5.019999999991406,68.33333333333339,34.0,340.0,306.0,1.399568,0.0035947712418300656,0.0035947712418300656,0.00392156862745098,synchronized_peak_current_voltage_drop,0.9800000000095324,1.0000000000001563,2.892719705486028,146.93297134949265,0.7443130436942497,5950,4.721030042918455,0.6695945483018592,5.575,-26.962848297213622,37.0,2.094517,4,323,60.0,120.0,111.0,121.0,148.0,136.0,148.0,147.0,59.903576,119.969197,2044.798693,2159,425,550,//qar7000185/GP0_UPLOAD/BOXER/CYLOM\KZ-04-84_CP-13\20220621\can_Tapper17-01-17-13-23-14.pcap.gz
162,2022-01-18 08:57:00.294286,can_tapper17,"rgb(228,26,28)",PG1_est,123.0,109.0,113.0,11.38211382113821,68.33333333333339,123.0,1.2123827610591973,1500,-35.019999999991406,-5.019999999991406,68.33333333333339,0.0,375.0,375.0,1.079675,0.0026666666666666666,0.0037333333333333333,0.0026666666666666666,synchronized_peak_current_voltage_drop,0.7400000000094948,0.7400000000001157,2.892719705486028,142.19816973682634,0.8708352959668056,5962,2.6548672566371683,0.6557778573747544,7.1833333333333345,-14.190625,23.0,2.277671,3,320,60.0,120.0,113.0,121.0,139.0,142.0,142.0,143.0,59.914572,119.927244,68331.425405,2160,411,526,//qar7000185/GP0_UPLOAD/BOXER/CYLOM\KZ-04-84_CP-13\20220621\can_Tapper17-01-18-08-53-11.pcap.gz
162,2022-01-18 08:57:00.294286,can_tapper17,"rgb(228,26,28)",PG2,123.0,109.0,112.0,11.38211382113821,68.33333333333339,123.0,-3.191992529773912,1500,-35.019999999991406,-5.019999999991406,68.33333333333339,0.0,375.0,375.0,1.079675,0.0029333333333333334,0.0037333333333333333,0.0029333333333333334,synchronized_peak_current_voltage_drop,0.7400000000094948,0.7400000000001157,2.892719705486028,143.51047694482241,0.873146083349745,5962,2.6548672566371683,0.8542878351432366,7.1833333333333345,-14.190625,23.0,2.277671,3,320,60.0,120.0,112.0,122.0,139.0,142.0,144.0,144.0,59.914572,119.927244,68331.425405,2160,411,526,//qar7000185/GP0_UPLOAD/BOXER/CYLOM\KZ-04-84_CP-13\20220621\can_Tapper17-01-18-08-53-11.pcap.gz
162,2022-01-18 08:57:00.294286,can_tapper17,"rgb(228,26,28)",PG3_est,124.0,110.0,116.0,11.29032258064516,78.00000000000004,124.0,-0.47444465530846086,1500,-35.019999999991406,-5.019999999991406,78.00000000000004,0.0,375.0,375.0,1.079675,0.0021333333333333334,0.0037333333333333333,0.0021333333333333334,synchronized_peak_current_voltage_drop,0.4800000000094542,1.0000000000001563,3.2620894576029285,146.60381853700784,0.8913795546190723,5975,2.6548672566371683,0.6996931105501403,7.1833333333333345,-14.190625,23.0,2.277671,3,320,60.0,120.0,116.0,122.0,137.0,146.0,147.0,147.0,59.914572,119.927244,68331.425405,2160,411,526,//qar7000185/GP0_UPLOAD/BOXER/CYLOM\KZ-04-84_CP-13\20220621\can_Tapper17-01-18-08-53-11.pcap.gz
162,2022-01-18 08:57:00.294286,can_tapper17,"rgb(228,26,28)",PG4,124.0,110.0,116.0,11.29032258064516,78.00000000000004,124.0,-0.47444465530846086,1500,-35.019999999991406,-5.019999999991406,78.00000000000004,0.0,375.0,375.0,1.079675,0.0021333333333333334,0.0037333333333333333,0.0021333333333333334,synchronized_peak_current_voltage_drop,0.4800000000094542,1.0000000000001563,3.2620894576029285,146.60381853700784,0.8913795546190723,5975,2.6548672566371683,0.6996931105501403,7.1833333333333345,-14.190625,23.0,2.277671,3,320,60.0,120.0,116.0,122.0,137.0,146.0,147.0,147.0,59.914572,119.927244,68331.425405,2160,411,526,//qar7000185/GP0_UPLOAD/BOXER/CYLOM\KZ-04-84_CP-13\20220621\can_Tapper17-01-18-08-53-11.pcap.gz
163,2022-01-18 10:42:09.440463,can_tapper17,"rgb(55,126,184)",PG1_est,122.0,112.0,122.0,8.19672131147541,60.0,122.0,-0.2858579048254263,1500,-35.019999999991406,-5.019999999991406,60.0,0.0,210.0,210.0,0.464255,,0.004761904761904762,,synchronized_peak_current_voltage_drop,0.3400000000094323,0.04000000000000625,3.678623825607137,142.45653798946898,0.7770332593725877,5982,5.882352941176471,1.530173343018231,8.1,-58.483282674772035,44.0,2.366902,5,329,60.0,120.0,112.0,119.0,143.0,137.0,142.0,143.0,59.876524,119.999621,6309.146177,2159,437,534,//qar7000185/GP0_UPLOAD/BOXER/CYLOM\KZ-04-84_CP-13\20220621\can_Tapper17-01-18-09-53-11.pcap.gz
163,2022-01-18 10:42:09.440463,can_tapper17,"rgb(55,126,184)",PG2,122.0,112.0,112.0,8.19672131147541,60.0,123.0,-0.3086668038518348,1500,-35.019999999991406,-5.019999999991406,68.33333333333339,0.0,210.0,210.0,0.464255,0.004761904761904762,0.004761904761904762,0.005238095238095239,synchronized_peak_current_voltage_drop,0.38000000000943857,1.0200000000001594,3.2620894576029285,142.5825176555087,0.7829319614764364,5980,5.882352941176471,1.6080628720678936,8.1,-58.483282674772035,44.0,2.366902,5,329,60.0,120.0,113.0,121.0,144.0,137.0,142.0,142.0,59.876524,119.999621,6309.146177,2159,437,534,//qar7000185/GP0_UPLOAD/BOXER/CYLOM\KZ-04-84_CP-13\20220621\can_Tapper17-01-18-09-53-11.pcap.gz
163,2022-01-18 10:42:09.440463,can_tapper17,"rgb(55,126,184)",PG3_est,123.0,113.0,121.0,8.130081300813007,68.33333333333339,123.0,-5.687905153615099e-14,1500,-35.019999999991406,-5.019999999991406,68.33333333333339,0.0,210.0,210.0,0.464255,0.0009523809523809524,0.004761904761904762,0.0009523809523809524,synchronized_peak_current_voltage_drop,0.760000000009498,0.5000000000000782,2.27471676670449,145.49447654500491,0.6292809895346978,5961,3.8626609442060085,0.971075384784608,8.1,-58.483282674772035,44.0,2.366902,5,329,60.0,120.0,113.0,121.0,149.0,142.0,147.0,145.0,59.876524,119.999621,6309.146177,2159,437,534,//qar7000185/GP0_UPLOAD/BOXER/CYLOM\KZ-04-84_CP-13\20220621\can_Tapper17-01-18-09-53-11.pcap.gz
163,2022-01-18 10:42:09.440463,can_tapper17,"rgb(55,126,184)",PG4,123.0,113.0,121.0,8.130081300813007,68.33333333333339,123.0,-5.687905153615099e-14,1500,-35.019999999991406,-5.019999999991406,68.33333333333339,0.0,210.0,210.0,0.464255,0.0009523809523809524,0.004761904761904762,0.0009523809523809524,synchronized_peak_current_voltage_drop,0.760000000009498,0.5000000000000782,2.27471676670449,145.49447654500491,0.6292809895346978,5961,3.8626609442060085,0.971075384784608,8.1,-58.483282674772035,44.0,2.366902,5,329,60.0,120.0,113.0,121.0,149.0,142.0,147.0,145.0,59.876524,119.999621,6309.146177,2159,437,534,//qar7000185/GP0_UPLOAD/BOXER/CYLOM\KZ-04-84_CP-13\20220621\can_Tapper17-01-18-09-53-11.pcap.gz
164,2022-01-18 13:19:20.136155,can_tapper17,"rgb(77,175,74)",PG1_est,127.0,118.0,118.0,7.086614173228346,100.0,127.0,-8.107595373483085e-12,25,-5.499999999991481,-5.019999999991406,100.0,0.0,244.0,244.0,1.008951,0.0036885245901639345,0.0036885245901639345,0.0036885245901639345,synchronized_peak_current_voltage_drop,0.6200000000094761,0.5000000000000782,2.892719705486028,142.11817371907946,0.8789859586656391,5968,1.3972055888223553,0.5901541463507438,11.65,-13.440129449838187,13.0,2.203932,3,309,60.0,120.0,118.0,125.0,135.0,142.0,142.0,141.0,3.764688,119.80247,9430.695692,1483,316,431,//qar7000185/GP0_UPLOAD/BOXER/CYLOM\KZ-04-84_CP-13\20220621\can_Tapper17-01-18-13-19-16.pcap.gz
164,2022-01-18 13:19:20.136155,can_tapper17,"rgb(77,175,74)",PG2,128.0,118.0,118.0,7.8125,100.0,128.0,-7.538314019888916e-12,25,-5.499999999991481,-5.019999999991406,100.0,0.0,244.0,244.0,1.008951,0.004098360655737705,0.004098360655737705,0.004098360655737705,synchronized_peak_current_voltage_drop,0.6200000000094761,1.0000000000001563,2.892719705486028,143.59562630814986,0.872168027256136,5968,2.1956087824351296,0.7142679419295195,11.65,-13.440129449838187,13.0,2.203932,3,309,60.0,120.0,118.0,125.0,135.0,144.0,144.0,144.0,3.764688,119.80247,9430.695692,1483,316,431,//qar7000185/GP0_UPLOAD/BOXER/CYLOM\KZ-04-84_CP-13\20220621\can_Tapper17-01-18-13-19-16.pcap.gz
164,2022-01-18 13:19:20.136155,can_tapper17,"rgb(77,175,74)",PG3_est,128.0,117.0,117.0,8.59375,100.0,129.0,-2.0196110502958454e-12,38,-5.759999999991521,-5.019999999991406,100.0,0.0,244.0,244.0,1.008951,0.004508196721311476,0.004508196721311476,0.0049180327868852455,synchronized_peak_current_voltage_drop,0.6200000000094761,0.5000000000000782,3.2620894576029285,146.9098789649123,0.9182710890446978,5968,1.7964071856287425,0.5636943457952988,11.65,-13.440129449838187,13.0,2.203932,3,309,60.0,120.0,117.0,123.0,133.0,146.0,147.0,147.0,3.764688,119.80247,9430.695692,1483,316,431,//qar7000185/GP0_UPLOAD/BOXER/CYLOM\KZ-04-84_CP-13\20220621\can_Tapper17-01-18-13-19-16.pcap.gz
164,2022-01-18 13:19:20.136155,can_tapper17,"rgb(77,175,74)",PG4,128.0,117.0,117.0,8.59375,100.0,129.0,-2.0196110502958454e-12,38,-5.759999999991521,-5.019999999991406,100.0,0.0,244.0,244.0,1.008951,0.004508196721311476,0.004508196721311476,0.0049180327868852455,synchronized_peak_current_voltage_drop,0.6200000000094761,0.5000000000000782,3.2620894576029285,146.9098789649123,0.9182710890446978,5968,1.7964071856287425,0.5636943457952988,11.65,-13.440129449838187,13.0,2.203932,3,309,60.0,120.0,117.0,123.0,133.0,146.0,147.0,147.0,3.764688,119.80247,9430.695692,1483,316,431,//qar7000185/GP0_UPLOAD/BOXER/CYLOM\KZ-04-84_CP-13\20220621\can_Tapper17-01-18-13-19-16.pcap.gz
165,2022-01-18 14:19:47.813317,can_tapper17,"rgb(152,78,163)",PG1_est,125.0,96.0,119.0,23.200000000000003,90.0,126.0,0.31986680883007634,1500,-35.019999999991406,-5.019999999991406,95.0,0.0,458.0,458.0,1.37369,0.0013100436681222707,0.006331877729257642,0.0015283842794759825,synchronized_peak_current_voltage_drop,0.36000000000943544,1.0000000000001563,2.27471676670449,141.90493628543038,0.8516762922536738,5981,18.9873417721519,2.5975945767320407,,-23.887323943661972,111.0,2.071094,4,284,60.0,120.0,116.0,117.0,142.0,142.0,141.0,142.0,59.981125,119.815075,3627.677162,2158,426,432,//qar7000185/GP0_UPLOAD/BOXER/CYLOM\KZ-04-84_CP-13\20220621\can_Tapper17-01-18-14-19-16.pcap.gz
165,2022-01-18 14:19:47.813317,can_tapper17,"rgb(152,78,163)",PG2,126.0,112.0,114.0,11.11111111111111,95.0,126.0,-0.41276462789478885,1500,-35.019999999991406,-5.019999999991406,95.0,0.0,458.0,458.0,1.37369,0.0026200873362445414,0.003056768558951965,0.0026200873362445414,synchronized_peak_current_voltage_drop,0.4200000000094448,1.5000000000002345,2.27471676670449,142.80384334375617,0.8741484425025239,5978,7.6923076923076925,1.7269486239527498,,-23.887323943661972,111.0,2.071094,4,284,60.0,120.0,114.0,121.0,145.0,142.0,143.0,143.0,59.981125,119.815075,3627.677162,2158,426,432,//qar7000185/GP0_UPLOAD/BOXER/CYLOM\KZ-04-84_CP-13\20220621\can_Tapper17-01-18-14-19-16.pcap.gz
165,2022-01-18 14:19:47.813317,can_tapper17,"rgb(152,78,163)",PG3_est,126.0,115.0,116.0,8.73015873015873,95.0,127.0,-0.23712010538632797,1500,-35.019999999991406,-5.019999999991406,100.0,0.0,458.0,458.0,1.37369,0.002183406113537118,0.00240174672489083,0.00240174672489083,synchronized_peak_current_voltage_drop,0.8800000000095167,1.5000000000002345,2.0171482422437275,145.90947419642762,0.8768409930136449,5955,6.329113924050633,1.4343174459723498,,-23.887323943661972,111.0,2.071094,4,284,60.0,120.0,115.0,119.0,147.0,146.0,146.0,146.0,59.981125,119.815075,3627.677162,2158,426,432,//qar7000185/GP0_UPLOAD/BOXER/CYLOM\KZ-04-84_CP-13\20220621\can_Tapper17-01-18-14-19-16.pcap.gz
165,2022-01-18 14:19:47.813317,can_tapper17,"rgb(152,78,163)",PG4,126.0,115.0,116.0,8.73015873015873,95.0,127.0,-0.23712010538632797,1500,-35.019999999991406,-5.019999999991406,100.0,0.0,458.0,458.0,1.37369,0.002183406113537118,0.00240174672489083,0.00240174672489083,synchronized_peak_current_voltage_drop,0.8800000000095167,1.5000000000002345,2.0171482422437275,145.90947419642762,0.8768409930136449,5955,6.329113924050633,1.4343174459723498,,-23.887323943661972,111.0,2.071094,4,284,60.0,120.0,115.0,119.0,147.0,146.0,146.0,146.0,59.981125,119.815075,3627.677162,2158,426,432,//qar7000185/GP0_UPLOAD/BOXER/CYLOM\KZ-04-84_CP-13\20220621\can_Tapper17-01-18-14-19-16.pcap.gz
166,2022-01-20 11:13:23.400176,can_tapper17,"rgb(255,127,0)",PG1_est,123.0,110.0,110.0,10.569105691056912,68.33333333333339,124.0,-2.6896011953777528,1500,-35.019999999991406,-5.019999999991406,78.00000000000004,18.0,358.0,340.0,1.317713,0.003823529411764706,0.003823529411764706,0.004117647058823529,synchronized_peak_current_voltage_drop,1.1800000000095636,0.7400000000001157,2.565174071178317,142.06551223780536,0.8249184184518903,5940,8.074534161490684,0.9377227197772838,4.7,-11.58860759493671,24.0,2.318594,5,316,60.0,120.0,112.0,122.0,135.0,141.0,142.0,140.0,59.982655,119.839022,161615.586859,2160,401,449,//qar7000185/GP0_UPLOAD/BOXER/CYLOM\KZ-04-84_CP-13\20220621\can_Tapper17-01-20-11-01-00.pcap.gz
166,2022-01-20 11:13:23.400176,can_tapper17,"rgb(255,127,0)",PG2,124.0,111.0,113.0,10.483870967741936,78.00000000000004,124.0,-3.167859185714703,1500,-35.019999999991406,-5.019999999991406,78.00000000000004,18.0,358.0,340.0,1.317713,0.0032352941176470593,0.003823529411764706,0.0032352941176470593,synchronized_peak_current_voltage_drop,0.920000000009523,1.0000000000001563,2.892719705486028,143.48880888677198,0.8450147516188783,5953,2.691511387163561,0.5139584471473985,4.7,-11.58860759493671,24.0,2.318594,5,316,60.0,120.0,111.0,121.0,136.0,142.0,144.0,143.0,59.982655,119.839022,161615.586859,2160,401,449,//qar7000185/GP0_UPLOAD/BOXER/CYLOM\KZ-04-84_CP-13\20220621\can_Tapper17-01-20-11-01-00.pcap.gz
166,2022-01-20 11:13:23.400176,can_tapper17,"rgb(255,127,0)",PG3_est,125.0,111.0,114.0,11.200000000000001,90.0,125.0,-3.7583038925789647,1500,-35.019999999991406,-5.019999999991406,90.0,18.0,358.0,340.0,1.317713,0.0032352941176470593,0.004117647058823529,0.0032352941176470593,synchronized_peak_current_voltage_drop,0.920000000009523,0.7600000000001188,3.2620894576029285,146.65949753038203,0.827017065138128,5953,2.691511387163561,0.5328505860096652,4.7,-11.58860759493671,24.0,2.318594,5,316,60.0,120.0,111.0,122.0,130.0,146.0,148.0,145.0,59.982655,119.839022,161615.586859,2160,401,449,//qar7000185/GP0_UPLOAD/BOXER/CYLOM\KZ-04-84_CP-13\20220621\can_Tapper17-01-20-11-01-00.pcap.gz
166,2022-01-20 11:13:23.400176,can_tapper17,"rgb(255,127,0)",PG4,125.0,111.0,114.0,11.200000000000001,90.0,125.0,-3.7583038925789647,1500,-35.019999999991406,-5.019999999991406,90.0,18.0,358.0,340.0,1.317713,0.0032352941176470593,0.004117647058823529,0.0032352941176470593,synchronized_peak_current_voltage_drop,0.920000000009523,0.7600000000001188,3.2620894576029285,146.65949753038203,0.827017065138128,5953,2.691511387163561,0.5328505860096652,4.7,-11.58860759493671,24.0,2.318594,5,316,60.0,120.0,111.0,122.0,130.0,146.0,148.0,145.0,59.982655,119.839022,161615.586859,2160,401,449,//qar7000185/GP0_UPLOAD/BOXER/CYLOM\KZ-04-84_CP-13\20220621\can_Tapper17-01-20-11-01-00.pcap.gz
167,2022-01-20 11:17:09.745543,can_tapper17,"rgb(255,255,51)",PG1_est,128.0,110.0,120.0,14.0625,100.0,129.0,-1.190612669932469,369,-12.379999999992556,-5.019999999991406,100.0,0.0,489.0,489.0,0.78195,0.0016359918200408998,0.0036809815950920245,0.0018404907975460123,synchronized_peak_current_voltage_drop,0.7400000000094948,0.5000000000000782,2.565174071178317,139.5168493927217,0.1932169081785019,5962,11.46881287726358,1.043948041546781,,-4.471810089020772,35.0,2.28255,6,337,60.0,120.0,120.0,126.0,150.0,142.0,142.0,142.0,10.394671,119.952825,226.345367,1566,361,327,//qar7000185/GP0_UPLOAD/BOXER/CYLOM\KZ-04-84_CP-13\20220621\can_Tapper17-01-20-11-16-59.pcap.gz
167,2022-01-20 11:17:09.745543,can_tapper17,"rgb(255,255,51)",PG2,129.0,119.0,119.0,7.751937984496124,100.0,129.0,-18.28790614580202,369,-12.379999999992556,-5.019999999991406,100.0,0.0,489.0,489.0,0.78195,0.002044989775051125,0.002044989775051125,0.002044989775051125,synchronized_peak_current_voltage_drop,0.760000000009498,1.0000000000001563,2.27471676670449,141.17363519495933,0.17891894427224464,5961,3.8229376257545273,0.31778305968365433,,-4.471810089020772,35.0,2.28255,6,337,60.0,120.0,119.0,126.0,135.0,144.0,144.0,144.0,10.394671,119.952825,226.345367,1566,361,327,//qar7000185/GP0_UPLOAD/BOXER/CYLOM\KZ-04-84_CP-13\20220621\can_Tapper17-01-20-11-16-59.pcap.gz
167,2022-01-20 11:17:09.745543,can_tapper17,"rgb(255,255,51)",PG3_est,129.0,119.0,119.0,7.751937984496124,100.0,130.0,-2.188959903698585,369,-12.379999999992556,-5.019999999991406,100.0,0.0,489.0,489.0,0.78195,0.002044989775051125,0.002044989775051125,0.0022494887525562374,synchronized_peak_current_voltage_drop,0.760000000009498,0.5000000000000782,2.27471676670449,142.60135093960054,0.17479497678890288,5961,3.8229376257545273,0.41614371542135914,,-4.471810089020772,35.0,2.28255,6,337,60.0,120.0,119.0,126.0,142.0,146.0,146.0,146.0,10.394671,119.952825,226.345367,1566,361,327,//qar7000185/GP0_UPLOAD/BOXER/CYLOM\KZ-04-84_CP-13\20220621\can_Tapper17-01-20-11-16-59.pcap.gz
167,2022-01-20 11:17:09.745543,can_tapper17,"rgb(255,255,51)",PG4,129.0,119.0,119.0,7.751937984496124,100.0,130.0,-2.188959903698585,369,-12.379999999992556,-5.019999999991406,100.0,0.0,489.0,489.0,0.78195,0.002044989775051125,0.002044989775051125,0.0022494887525562374,synchronized_peak_current_voltage_drop,0.760000000009498,0.5000000000000782,2.27471676670449,142.60135093960054,0.17479497678890288,5961,3.8229376257545273,0.41614371542135914,,-4.471810089020772,35.0,2.28255,6,337,60.0,120.0,119.0,126.0,142.0,146.0,146.0,146.0,10.394671,119.952825,226.345367,1566,361,327,//qar7000185/GP0_UPLOAD/BOXER/CYLOM\KZ-04-84_CP-13\20220621\can_Tapper17-01-20-11-16-59.pcap.gz
168,2022-01-20 11:48:34.631193,can_tapper17,"rgb(166,86,40)",PG1_est,123.0,104.0,112.0,15.447154471544716,68.33333333333339,123.0,0.00137777839021938,1500,-35.019999999991406,-5.019999999991406,68.33333333333339,19.5,347.0,327.5,1.782944,0.003358778625954199,0.005801526717557252,0.003358778625954199,synchronized_peak_current_voltage_drop,0.8400000000095105,1.0000000000001563,2.27471676670449,142.17688767730792,0.8323651784708614,5957,8.571428571428571,0.944854634102198,4.796666666666667,-22.203076923076924,184.0,2.2796,1,325,60.0,120.0,111.0,116.0,144.0,142.0,142.0,142.0,59.999982,119.839951,1884.88565,2158,392,524,//qar7000185/GP0_UPLOAD/BOXER/CYLOM\KZ-04-84_CP-13\20220621\can_Tapper17-01-20-11-16-59.pcap.gz
168,2022-01-20 11:48:34.631193,can_tapper17,"rgb(166,86,40)",PG2,123.0,110.0,112.0,10.569105691056912,68.33333333333339,123.0,-4.919459964203423,1500,-35.019999999991406,-5.019999999991406,68.33333333333339,19.5,347.0,327.5,1.782944,0.003358778625954199,0.003969465648854962,0.003358778625954199,synchronized_peak_current_voltage_drop,0.9000000000095199,1.5000000000002345,2.27471676670449,143.8387327295192,0.8607649043725762,5954,2.857142857142857,0.5485275654442532,4.796666666666667,-22.203076923076924,184.0,2.2796,1,325,60.0,120.0,110.0,115.0,145.0,142.0,144.0,144.0,59.999982,119.839951,1884.88565,2158,392,524,//qar7000185/GP0_UPLOAD/BOXER/CYLOM\KZ-04-84_CP-13\20220621\can_Tapper17-01-20-11-16-59.pcap.gz
168,2022-01-20 11:48:34.631193,can_tapper17,"rgb(166,86,40)",PG3_est,124.0,109.0,114.0,12.096774193548388,78.00000000000004,124.0,-0.26177789412317415,1500,-35.019999999991406,-5.019999999991406,78.00000000000004,19.5,347.0,327.5,1.782944,0.0030534351145038168,0.004580152671755725,0.0030534351145038168,synchronized_peak_current_voltage_drop,0.9000000000095199,1.2400000000001938,2.27471676670449,147.48942470583657,0.8673666053090063,5954,2.904564315352697,0.4738563693938441,4.796666666666667,-22.203076923076924,184.0,2.2796,1,325,60.0,120.0,109.0,116.0,146.0,147.0,148.0,147.0,59.999982,119.839951,1884.88565,2158,392,524,//qar7000185/GP0_UPLOAD/BOXER/CYLOM\KZ-04-84_CP-13\20220621\can_Tapper17-01-20-11-16-59.pcap.gz
168,2022-01-20 11:48:34.631193,can_tapper17,"rgb(166,86,40)",PG4,124.0,109.0,114.0,12.096774193548388,78.00000000000004,124.0,-0.26177789412317415,1500,-35.019999999991406,-5.019999999991406,78.00000000000004,19.5,347.0,327.5,1.782944,0.0030534351145038168,0.004580152671755725,0.0030534351145038168,synchronized_peak_current_voltage_drop,0.9000000000095199,1.2400000000001938,2.27471676670449,147.48942470583657,0.8673666053090063,5954,2.904564315352697,0.4738563693938441,4.796666666666667,-22.203076923076924,184.0,2.2796,1,325,60.0,120.0,109.0,116.0,146.0,147.0,148.0,147.0,59.999982,119.839951,1884.88565,2158,392,524,//qar7000185/GP0_UPLOAD/BOXER/CYLOM\KZ-04-84_CP-13\20220621\can_Tapper17-01-20-11-16-59.pcap.gz
169,2022-01-20 12:18:25.664010,can_tapper17,"rgb(247,129,191)",PG1_est,122.0,101.0,109.0,17.21311475409836,60.0,122.0,-2.881147947176246,1500,-35.019999999991406,-5.019999999991406,60.0,0.0,407.0,407.0,1.080762,0.0031941031941031942,0.00515970515970516,0.0031941031941031942,synchronized_peak_current_voltage_drop,0.6600000000094823,0.5000000000000782,1.7887444673306678,142.42440816418997,0.8023074706440203,5966,11.44708423326134,2.3909537378708348,5.15,-33.10703363914373,29.0,2.077368,4,327,60.0,120.0,109.0,120.0,145.0,141.0,142.0,142.0,59.984905,119.89432,1791.032817,2160,420,628,//qar7000185/GP0_UPLOAD/BOXER/CYLOM\KZ-04-84_CP-13\20220621\can_Tapper17-01-20-12-16-59.pcap.gz
169,2022-01-20 12:18:25.664010,can_tapper17,"rgb(247,129,191)",PG2,123.0,108.0,108.0,12.195121951219512,68.33333333333339,123.0,0.32759125670729794,1500,-35.019999999991406,-5.019999999991406,68.33333333333339,0.0,407.0,407.0,1.080762,0.0036855036855036856,0.0036855036855036856,0.0036855036855036856,synchronized_peak_current_voltage_drop,0.7000000000094886,1.0200000000001594,1.7887444673306678,143.47610985849096,0.8553937592588532,5964,6.666666666666667,1.0850079911307753,5.15,-33.10703363914373,29.0,2.077368,4,327,60.0,120.0,108.0,121.0,146.0,143.0,143.0,144.0,59.984905,119.89432,1791.032817,2160,420,628,//qar7000185/GP0_UPLOAD/BOXER/CYLOM\KZ-04-84_CP-13\20220621\can_Tapper17-01-20-12-16-59.pcap.gz
169,2022-01-20 12:18:25.664010,can_tapper17,"rgb(247,129,191)",PG3_est,123.0,109.0,115.0,11.38211382113821,68.33333333333339,123.0,-2.5352544601125713,1500,-35.019999999991406,-5.019999999991406,68.33333333333339,0.0,407.0,407.0,1.080762,0.0019656019656019656,0.0034398034398034397,0.0019656019656019656,synchronized_peak_current_voltage_drop,0.46000000000945107,1.0000000000001563,2.0171482422437275,147.07351388690293,0.8324192916889829,5976,5.831533477321814,1.1987750054844002,5.15,-33.10703363914373,29.0,2.077368,4,327,60.0,120.0,115.0,122.0,149.0,148.0,148.0,147.0,59.984905,119.89432,1791.032817,2160,420,628,//qar7000185/GP0_UPLOAD/BOXER/CYLOM\KZ-04-84_CP-13\20220621\can_Tapper17-01-20-12-16-59.pcap.gz
169,2022-01-20 12:18:25.664010,can_tapper17,"rgb(247,129,191)",PG4,123.0,109.0,115.0,11.38211382113821,68.33333333333339,123.0,-2.5352544601125713,1500,-35.019999999991406,-5.019999999991406,68.33333333333339,0.0,407.0,407.0,1.080762,0.0019656019656019656,0.0034398034398034397,0.0019656019656019656,synchronized_peak_current_voltage_drop,0.46000000000945107,1.0000000000001563,2.0171482422437275,147.07351388690293,0.8324192916889829,5976,5.831533477321814,1.1987750054844002,5.15,-33.10703363914373,29.0,2.077368,4,327,60.0,120.0,115.0,122.0,149.0,148.0,148.0,147.0,59.984905,119.89432,1791.032817,2160,420,628,//qar7000185/GP0_UPLOAD/BOXER/CYLOM\KZ-04-84_CP-13\20220621\can_Tapper17-01-20-12-16-59.pcap.gz
170,2022-01-20 14:04:22.070879,can_tapper17,"rgb(153,153,153)",PG1_est,123.0,106.0,109.0,13.821138211382115,68.33333333333339,124.0,-4.624873166609427,1500,-35.019999999991406,-5.019999999991406,78.00000000000004,0.0,322.0,322.0,1.408326,0.004347826086956522,0.005279503105590062,0.004658385093167702,synchronized_peak_current_voltage_drop,0.9000000000095199,1.0400000000001626,2.27471676670449,142.92434744763008,0.8520332370212151,5954,12.883435582822086,2.3192037101411187,6.2,-31.96934865900383,167.0,2.009133,4,261,60.0,120.0,114.0,122.0,143.0,141.0,143.0,142.0,59.995192,119.870105,6356.406869,2160,395,524,//qar7000185/GP0_UPLOAD/BOXER/CYLOM\KZ-04-84_CP-13\20220621\can_Tapper17-01-20-13-16-59.pcap.gz
170,2022-01-20 14:04:22.070879,can_tapper17,"rgb(153,153,153)",PG2,123.0,109.0,116.0,11.38211382113821,68.33333333333339,124.0,-7.6600211822305075,1500,-35.019999999991406,-5.019999999991406,78.00000000000004,0.0,322.0,322.0,1.408326,0.002173913043478261,0.004347826086956522,0.002484472049689441,synchronized_peak_current_voltage_drop,0.4000000000094417,1.5000000000002345,2.27471676670449,143.3957728416031,0.8739099904617453,5979,10.838445807770961,1.8429451592665191,6.2,-31.96934865900383,167.0,2.009133,4,261,60.0,120.0,111.0,121.0,145.0,142.0,144.0,144.0,59.995192,119.870105,6356.406869,2160,395,524,//qar7000185/GP0_UPLOAD/BOXER/CYLOM\KZ-04-84_CP-13\20220621\can_Tapper17-01-20-13-16-59.pcap.gz
170,2022-01-20 14:04:22.070879,can_tapper17,"rgb(153,153,153)",PG3_est,124.0,112.0,116.0,9.67741935483871,78.00000000000004,125.0,-4.49801088800421,1500,-35.019999999991406,-5.019999999991406,90.0,0.0,322.0,322.0,1.408326,0.002484472049689441,0.0037267080745341614,0.0027950310559006213,synchronized_peak_current_voltage_drop,0.9000000000095199,1.0000000000001563,2.0171482422437275,147.3680331942494,0.8353506358911764,5954,5.446623093681917,1.4837631314105686,6.2,-31.96934865900383,167.0,2.009133,4,261,60.0,120.0,112.0,122.0,148.0,147.0,148.0,147.0,59.995192,119.870105,6356.406869,2160,395,524,//qar7000185/GP0_UPLOAD/BOXER/CYLOM\KZ-04-84_CP-13\20220621\can_Tapper17-01-20-13-16-59.pcap.gz
170,2022-01-20 14:04:22.070879,can_tapper17,"rgb(153,153,153)",PG4,124.0,112.0,116.0,9.67741935483871,78.00000000000004,125.0,-4.49801088800421,1500,-35.019999999991406,-5.019999999991406,90.0,0.0,322.0,322.0,1.408326,0.002484472049689441,0.0037267080745341614,0.0027950310559006213,synchronized_peak_current_voltage_drop,0.9000000000095199,1.0000000000001563,2.0171482422437275,147.3680331942494,0.8353506358911764,5954,5.446623093681917,1.4837631314105686,6.2,-31.96934865900383,167.0,2.009133,4,261,60.0,120.0,112.0,122.0,148.0,147.0,148.0,147.0,59.995192,119.870105,6356.406869,2160,395,524,//qar7000185/GP0_UPLOAD/BOXER/CYLOM\KZ-04-84_CP-13\20220621\can_Tapper17-01-20-13-16-59.pcap.gz
171,2022-01-20 15:00:07.668348,can_tapper17,"rgb(228,26,28)",PG1_est,135.0,116.0,116.0,14.074074074074074,100.0,137.0,-9.939062195137252,1500,-35.019999999991406,-5.019999999991406,100.0,23.5,499.0,475.5,0.719719,0.003995793901156677,0.003995793901156677,0.004416403785488959,synchronized_peak_current_voltage_drop,0.7000000000094886,0.5000000000000782,1.7887444673306678,142.48693885848334,0.8010366021673326,5964,7.936507936507937,1.8088776195355087,8.033333333333335,-15.741610738255034,15.0,3.314725,6,298,60.0,120.0,123.0,132.0,144.0,141.0,142.0,142.0,59.941274,119.939628,3345.597469,2160,416,741,//qar7000185/GP0_UPLOAD/BOXER/CYLOM\KZ-04-84_CP-13\20220621\can_Tapper17-01-20-14-16-59.pcap.gz
171,2022-01-20 15:00:07.668348,can_tapper17,"rgb(228,26,28)",PG2,135.0,121.0,128.0,10.37037037037037,100.0,137.0,-11.334209481869047,1500,-35.019999999991406,-5.019999999991406,100.0,23.5,499.0,475.5,0.719719,0.0014721345951629863,0.0029442691903259727,0.0018927444794952682,synchronized_peak_current_voltage_drop,0.760000000009498,1.0000000000001563,1.5862030873085784,143.0246649569422,0.7570380542827565,5961,3.632887189292543,1.4205353444470756,8.033333333333335,-15.741610738255034,15.0,3.314725,6,298,60.0,120.0,121.0,131.0,146.0,142.0,144.0,143.0,59.941274,119.939628,3345.597469,2160,416,741,//qar7000185/GP0_UPLOAD/BOXER/CYLOM\KZ-04-84_CP-13\20220621\can_Tapper17-01-20-14-16-59.pcap.gz
171,2022-01-20 15:00:07.668348,can_tapper17,"rgb(228,26,28)",PG3_est,137.0,122.0,130.0,10.948905109489052,100.0,138.0,-11.838503039332565,1500,-35.019999999991406,-5.019999999991406,100.0,23.5,499.0,475.5,0.719719,0.0014721345951629863,0.0031545741324921135,0.0016824395373291274,synchronized_peak_current_voltage_drop,0.760000000009498,1.0000000000001563,1.406595676542853,143.8336433876905,0.6556164099560401,5961,3.1746031746031744,0.9001283132089296,8.033333333333335,-15.741610738255034,15.0,3.314725,6,298,60.0,120.0,125.0,133.0,147.0,144.0,145.0,143.0,59.941274,119.939628,3345.597469,2160,416,741,//qar7000185/GP0_UPLOAD/BOXER/CYLOM\KZ-04-84_CP-13\20220621\can_Tapper17-01-20-14-16-59.pcap.gz
171,2022-01-20 15:00:07.668348,can_tapper17,"rgb(228,26,28)",PG4,137.0,122.0,130.0,10.948905109489052,100.0,138.0,-11.838503039332565,1500,-35.019999999991406,-5.019999999991406,100.0,23.5,499.0,475.5,0.719719,0.0014721345951629863,0.0031545741324921135,0.0016824395373291274,synchronized_peak_current_voltage_drop,0.760000000009498,1.0000000000001563,1.406595676542853,143.8336433876905,0.6556164099560401,5961,3.1746031746031744,0.9001283132089296,8.033333333333335,-15.741610738255034,15.0,3.314725,6,298,60.0,120.0,125.0,133.0,147.0,144.0,145.0,143.0,59.941274,119.939628,3345.597469,2160,416,741,//qar7000185/GP0_UPLOAD/BOXER/CYLOM\KZ-04-84_CP-13\20220621\can_Tapper17-01-20-14-16-59.pcap.gz
172,2022-03-11 07:55:23.106234,can_tapper17,"rgb(55,126,184)",PG1_est,124.0,113.0,121.0,8.870967741935484,78.00000000000004,125.0,-4.616683270255967,1387,-32.73999999999574,-5.019999999991406,90.0,17.0,470.0,453.0,0.826361,0.0006622516556291391,0.0024282560706401766,0.0008830022075055188,synchronized_peak_current_voltage_drop,0.9000000000095199,0.24000000000003752,2.892719705486028,142.19876238528462,0.8175539670649066,5954,5.2631578947368425,1.0062859655394407,7.25,-9.331360946745562,16.0,2.222854,6,338,60.0,120.0,117.0,123.0,143.0,142.0,142.0,142.0,30.756278,119.83718,4294515.437886,1809,389,518,//qar7000185/GP0_UPLOAD/BOXER/CYLOM\KZ-04-84_CP-13\20220621\can_Tapper17-03-11-07-54-52.pcap.gz
172,2022-03-11 07:55:23.106234,can_tapper17,"rgb(55,126,184)",PG2,125.0,117.0,121.0,6.4,90.0,126.0,-3.86446447440893,1387,-32.73999999999574,-5.019999999991406,95.0,17.0,470.0,453.0,0.826361,0.0008830022075055188,0.0017660044150110375,0.0011037527593818985,synchronized_peak_current_voltage_drop,0.9400000000095261,0.5000000000000782,2.892719705486028,143.89715424182202,0.8598508235771324,5952,5.042016806722689,0.8181464696758414,7.25,-9.331360946745562,16.0,2.222854,6,338,60.0,120.0,117.0,123.0,143.0,144.0,144.0,144.0,30.756278,119.83718,4294515.437886,1809,389,518,//qar7000185/GP0_UPLOAD/BOXER/CYLOM\KZ-04-84_CP-13\20220621\can_Tapper17-03-11-07-54-52.pcap.gz
172,2022-03-11 07:55:23.106234,can_tapper17,"rgb(55,126,184)",PG3_est,126.0,117.0,117.0,7.142857142857142,95.0,126.0,-3.6024516378310825,1387,-32.73999999999574,-5.019999999991406,95.0,17.0,470.0,453.0,0.826361,0.001986754966887417,0.001986754966887417,0.001986754966887417,synchronized_peak_current_voltage_drop,0.6600000000094823,0.5200000000000813,2.892719705486028,142.3711700320027,0.8077275874105914,5966,2.0242914979757085,0.7279327195419389,7.25,-9.331360946745562,16.0,2.222854,6,338,60.0,120.0,117.0,124.0,141.0,143.0,142.0,143.0,30.756278,119.83718,4294515.437886,1809,389,518,//qar7000185/GP0_UPLOAD/BOXER/CYLOM\KZ-04-84_CP-13\20220621\can_Tapper17-03-11-07-54-52.pcap.gz
172,2022-03-11 07:55:23.106234,can_tapper17,"rgb(55,126,184)",PG4,126.0,117.0,117.0,7.142857142857142,95.0,126.0,-3.6024516378310825,1387,-32.73999999999574,-5.019999999991406,95.0,17.0,470.0,453.0,0.826361,0.001986754966887417,0.001986754966887417,0.001986754966887417,synchronized_peak_current_voltage_drop,0.6600000000094823,0.5200000000000813,2.892719705486028,142.3711700320027,0.8077275874105914,5966,2.0242914979757085,0.7279327195419389,7.25,-9.331360946745562,16.0,2.222854,6,338,60.0,120.0,117.0,124.0,141.0,143.0,142.0,143.0,30.756278,119.83718,4294515.437886,1809,389,518,//qar7000185/GP0_UPLOAD/BOXER/CYLOM\KZ-04-84_CP-13\20220621\can_Tapper17-03-11-07-54-52.pcap.gz
173,2022-03-11 14:38:56.661568,can_tapper17,"rgb(77,175,74)",PG1_est,120.0,105.0,105.0,12.5,46.24999999999997,120.0,4.717122096498174,1500,-35.019999999991406,-5.019999999991406,46.24999999999997,0.0,317.0,317.0,1.377238,0.00473186119873817,0.00473186119873817,0.00473186119873817,synchronized_peak_current_voltage_drop,1.3800000000095949,0.5800000000000907,5.275382050040925,142.25962240909223,0.8623963243447038,5930,6.956521739130435,1.6356631653807967,11.375,-159.52727272727273,15.0,2.372182,5,330,60.0,120.0,109.0,118.0,142.0,133.0,142.0,142.0,59.943368,119.921016,24213.555334,2159,422,535,//qar7000185/GP0_UPLOAD/BOXER/CYLOM\KZ-04-84_CP-13\20220621\can_Tapper17-03-11-14-10-54.pcap.gz
173,2022-03-11 14:38:56.661568,can_tapper17,"rgb(77,175,74)",PG2,121.0,109.0,113.0,9.917355371900827,52.857142857142826,121.0,2.2067743141216343,1500,-35.019999999991406,-5.019999999991406,52.857142857142826,0.0,317.0,317.0,1.377238,0.002523659305993691,0.0037854889589905363,0.002523659305993691,synchronized_peak_current_voltage_drop,0.8800000000095167,1.0000000000001563,5.275382050040925,142.27711478590953,0.907680334310478,5955,4.175824175824176,1.252471744120799,11.375,-159.52727272727273,15.0,2.372182,5,330,60.0,120.0,109.0,119.0,128.0,134.0,142.0,142.0,59.943368,119.921016,24213.555334,2159,422,535,//qar7000185/GP0_UPLOAD/BOXER/CYLOM\KZ-04-84_CP-13\20220621\can_Tapper17-03-11-14-10-54.pcap.gz
173,2022-03-11 14:38:56.661568,can_tapper17,"rgb(77,175,74)",PG3_est,121.0,110.0,112.0,9.090909090909092,52.857142857142826,121.0,4.116072940476366,1500,-35.019999999991406,-5.019999999991406,52.857142857142826,0.0,317.0,317.0,1.377238,0.0028391167192429023,0.003470031545741325,0.0028391167192429023,synchronized_peak_current_voltage_drop,0.9600000000095292,0.7600000000001188,4.67804510221319,143.81589131837646,0.8504453321386288,5951,1.9438444924406046,0.5902367625013366,11.375,-159.52727272727273,15.0,2.372182,5,330,60.0,120.0,110.0,119.0,135.0,136.0,143.0,144.0,59.943368,119.921016,24213.555334,2159,422,535,//qar7000185/GP0_UPLOAD/BOXER/CYLOM\KZ-04-84_CP-13\20220621\can_Tapper17-03-11-14-10-54.pcap.gz
173,2022-03-11 14:38:56.661568,can_tapper17,"rgb(77,175,74)",PG4,121.0,110.0,112.0,9.090909090909092,52.857142857142826,121.0,4.116072940476366,1500,-35.019999999991406,-5.019999999991406,52.857142857142826,0.0,317.0,317.0,1.377238,0.0028391167192429023,0.003470031545741325,0.0028391167192429023,synchronized_peak_current_voltage_drop,0.9600000000095292,0.7600000000001188,4.67804510221319,143.81589131837646,0.8504453321386288,5951,1.9438444924406046,0.5902367625013366,11.375,-159.52727272727273,15.0,2.372182,5,330,60.0,120.0,110.0,119.0,135.0,136.0,143.0,144.0,59.943368,119.921016,24213.555334,2159,422,535,//qar7000185/GP0_UPLOAD/BOXER/CYLOM\KZ-04-84_CP-13\20220621\can_Tapper17-03-11-14-10-54.pcap.gz
174,2022-04-11 08:50:04.234157,can_tapper17,"rgb(152,78,163)",PG1_est,121.0,106.0,112.0,12.396694214876034,52.857142857142826,122.0,-8.216092976698802,735,-19.6999999999937,-5.019999999991406,60.0,0.0,440.0,440.0,1.015599,0.0020454545454545456,0.003409090909090909,0.0022727272727272726,synchronized_peak_current_voltage_drop,0.9400000000095261,0.5000000000000782,2.892719705486028,142.73662960539642,0.8317508142692074,5952,7.017543859649122,1.4288021140608134,4.9519230769230775,-19.3841059602649,198.0,2.017868,7,302,60.0,120.0,112.0,116.0,130.0,145.0,143.0,143.0,17.71188,119.880278,2657467.572589,1653,336,446,//qar7000185/GP0_UPLOAD/BOXER/CYLOM\KZ-04-84_CP-13\20220621\can_Tapper17-04-11-08-49-46.pcap.gz
174,2022-04-11 08:50:04.234157,can_tapper17,"rgb(152,78,163)",PG2,121.0,112.0,112.0,7.43801652892562,52.857142857142826,122.0,-0.8159880466813787,735,-19.6999999999937,-5.019999999991406,60.0,0.0,440.0,440.0,1.015599,0.0020454545454545456,0.0020454545454545456,0.0022727272727272726,synchronized_peak_current_voltage_drop,0.9600000000095292,0.5000000000000782,3.678623825607137,143.7805367985824,0.9026255563101205,5951,3.508771929824561,0.5888003404192431,4.9519230769230775,-19.3841059602649,198.0,2.017868,7,302,60.0,120.0,112.0,115.0,130.0,142.0,143.0,144.0,17.71188,119.880278,2657467.572589,1653,336,446,//qar7000185/GP0_UPLOAD/BOXER/CYLOM\KZ-04-84_CP-13\20220621\can_Tapper17-04-11-08-49-46.pcap.gz
174,2022-04-11 08:50:04.234157,can_tapper17,"rgb(152,78,163)",PG3_est,122.0,112.0,112.0,8.19672131147541,60.0,123.0,-9.2135628093183,735,-19.6999999999937,-5.019999999991406,68.33333333333339,0.0,440.0,440.0,1.015599,0.0022727272727272726,0.0022727272727272726,0.0025,synchronized_peak_current_voltage_drop,0.9600000000095292,0.7400000000001157,3.678623825607137,148.7129513688997,0.9196422707502413,5951,2.127659574468085,0.6063371725072523,4.9519230769230775,-19.3841059602649,198.0,2.017868,7,302,60.0,120.0,112.0,116.0,129.0,147.0,149.0,149.0,17.71188,119.880278,2657467.572589,1653,336,446,//qar7000185/GP0_UPLOAD/BOXER/CYLOM\KZ-04-84_CP-13\20220621\can_Tapper17-04-11-08-49-46.pcap.gz
174,2022-04-11 08:50:04.234157,can_tapper17,"rgb(152,78,163)",PG4,122.0,112.0,112.0,8.19672131147541,60.0,123.0,-9.2135628093183,735,-19.6999999999937,-5.019999999991406,68.33333333333339,0.0,440.0,440.0,1.015599,0.0022727272727272726,0.0022727272727272726,0.0025,synchronized_peak_current_voltage_drop,0.9600000000095292,0.7400000000001157,3.678623825607137,148.7129513688997,0.9196422707502413,5951,2.127659574468085,0.6063371725072523,4.9519230769230775,-19.3841059602649,198.0,2.017868,7,302,60.0,120.0,112.0,116.0,129.0,147.0,149.0,149.0,17.71188,119.880278,2657467.572589,1653,336,446,//qar7000185/GP0_UPLOAD/BOXER/CYLOM\KZ-04-84_CP-13\20220621\can_Tapper17-04-11-08-49-46.pcap.gz
175,2022-04-11 12:16:57.638725,can_tapper17,"rgb(255,127,0)",PG1_est,121.0,102.0,112.0,15.702479338842975,52.857142857142826,122.0,-5.326953149097841,355,-12.099999999992512,-5.019999999991406,60.0,20.0,307.0,287.0,1.2133,0.0031358885017421603,0.006620209059233449,0.003484320557491289,synchronized_peak_current_voltage_drop,0.7800000000095011,0.5000000000000782,3.2620894576029285,143.71409321966837,0.8434671948236206,5960,10.722100656455142,0.6378140990565244,8.55,-19.673202614379086,111.0,2.213325,3,306,60.0,120.0,112.0,116.0,125.0,145.0,143.0,143.0,10.109879,119.996324,12413.404568,1563,329,376,//qar7000185/GP0_UPLOAD/BOXER/CYLOM\KZ-04-84_CP-13\20220621\can_Tapper17-04-11-12-16-47.pcap.gz
175,2022-04-11 12:16:57.638725,can_tapper17,"rgb(255,127,0)",PG2,122.0,111.0,111.0,9.01639344262295,60.0,122.0,-4.98973281341475e-13,355,-12.099999999992512,-5.019999999991406,60.0,20.0,307.0,287.0,1.2133,0.0038327526132404185,0.0038327526132404185,0.0038327526132404185,synchronized_peak_current_voltage_drop,0.8000000000095042,1.0000000000001563,3.678623825607137,142.92378736373928,0.913163698745766,5959,5.908096280087527,0.6240753170013688,8.55,-19.673202614379086,111.0,2.213325,3,306,60.0,120.0,111.0,116.0,125.0,141.0,143.0,143.0,10.109879,119.996324,12413.404568,1563,329,376,//qar7000185/GP0_UPLOAD/BOXER/CYLOM\KZ-04-84_CP-13\20220621\can_Tapper17-04-11-12-16-47.pcap.gz
175,2022-04-11 12:16:57.638725,can_tapper17,"rgb(255,127,0)",PG3_est,122.0,112.0,113.0,8.19672131147541,60.0,123.0,-6.110274041282159e-13,355,-12.099999999992512,-5.019999999991406,68.33333333333339,20.0,307.0,287.0,1.2133,0.0031358885017421603,0.003484320557491289,0.003484320557491289,synchronized_peak_current_voltage_drop,0.8000000000095042,1.0000000000001563,3.678623825607137,148.11664737665916,0.9177370607290122,5959,2.4070021881838075,0.46531306102136755,8.55,-19.673202614379086,111.0,2.213325,3,306,60.0,120.0,112.0,116.0,126.0,146.0,149.0,148.0,10.109879,119.996324,12413.404568,1563,329,376,//qar7000185/GP0_UPLOAD/BOXER/CYLOM\KZ-04-84_CP-13\20220621\can_Tapper17-04-11-12-16-47.pcap.gz
175,2022-04-11 12:16:57.638725,can_tapper17,"rgb(255,127,0)",PG4,122.0,112.0,113.0,8.19672131147541,60.0,123.0,-6.110274041282159e-13,355,-12.099999999992512,-5.019999999991406,68.33333333333339,20.0,307.0,287.0,1.2133,0.0031358885017421603,0.003484320557491289,0.003484320557491289,synchronized_peak_current_voltage_drop,0.8000000000095042,1.0000000000001563,3.678623825607137,148.11664737665916,0.9177370607290122,5959,2.4070021881838075,0.46531306102136755,8.55,-19.673202614379086,111.0,2.213325,3,306,60.0,120.0,112.0,116.0,126.0,146.0,149.0,148.0,10.109879,119.996324,12413.404568,1563,329,376,//qar7000185/GP0_UPLOAD/BOXER/CYLOM\KZ-04-84_CP-13\20220621\can_Tapper17-04-11-12-16-47.pcap.gz
176,2022-04-11 13:06:22.637965,can_tapper17,"rgb(255,255,51)",PG1_est,123.0,112.0,112.0,8.94308943089431,68.33333333333339,123.0,-2.6619211830752345,1500,-35.019999999991406,-5.019999999991406,68.33333333333339,8.0,236.0,228.0,1.096975,0.004824561403508772,0.004824561403508772,0.004824561403508772,synchronized_peak_current_voltage_drop,0.6800000000094855,1.0000000000001563,2.27471676670449,143.4004891370034,0.8785892410875918,2781,2.5,1.023461308511345,9.125,-33.62251655629139,4.0,2.688149,5,151,60.0,120.0,112.0,121.0,143.0,142.0,143.0,,59.974601,54.33195,2964.99924,1374,329,258,//qar7000185/GP0_UPLOAD/BOXER/CYLOM\KZ-04-84_CP-13\20220621\can_Tapper17-04-11-12-16-47.pcap.gz
176,2022-04-11 13:06:22.637965,can_tapper17,"rgb(255,255,51)",PG2,123.0,112.0,112.0,8.94308943089431,68.33333333333339,124.0,1.1830671924743434,1500,-35.019999999991406,-5.019999999991406,78.00000000000004,8.0,236.0,228.0,1.096975,0.004824561403508772,0.004824561403508772,0.005263157894736842,synchronized_peak_current_voltage_drop,0.6800000000094855,0.5000000000000782,2.27471676670449,143.10601194939878,0.8778832111104218,2782,2.5,0.8621328705034591,9.125,-33.62251655629139,4.0,2.688149,5,151,60.0,120.0,112.0,121.0,144.0,142.0,143.0,,59.974601,54.33195,2964.99924,1374,329,258,//qar7000185/GP0_UPLOAD/BOXER/CYLOM\KZ-04-84_CP-13\20220621\can_Tapper17-04-11-12-16-47.pcap.gz
176,2022-04-11 13:06:22.637965,can_tapper17,"rgb(255,255,51)",PG3_est,124.0,110.0,114.0,11.29032258064516,78.00000000000004,124.0,-2.8406501513994367,1500,-35.019999999991406,-5.019999999991406,78.00000000000004,8.0,236.0,228.0,1.096975,0.0043859649122807015,0.0061403508771929825,0.0043859649122807015,synchronized_peak_current_voltage_drop,0.6800000000094855,0.7400000000001157,2.27471676670449,146.90215659838333,0.8841516628090408,2782,2.5,0.9171011580298861,9.125,-33.62251655629139,4.0,2.688149,5,151,60.0,120.0,114.0,122.0,146.0,146.0,147.0,,59.974601,54.33195,2964.99924,1374,329,258,//qar7000185/GP0_UPLOAD/BOXER/CYLOM\KZ-04-84_CP-13\20220621\can_Tapper17-04-11-12-16-47.pcap.gz
176,2022-04-11 13:06:22.637965,can_tapper17,"rgb(255,255,51)",PG4,124.0,110.0,114.0,11.29032258064516,78.00000000000004,124.0,-2.8406501513994367,1500,-35.019999999991406,-5.019999999991406,78.00000000000004,8.0,236.0,228.0,1.096975,0.0043859649122807015,0.0061403508771929825,0.0043859649122807015,synchronized_peak_current_voltage_drop,0.6800000000094855,0.7400000000001157,2.27471676670449,146.90215659838333,0.8841516628090408,2782,2.5,0.9171011580298861,9.125,-33.62251655629139,4.0,2.688149,5,151,60.0,120.0,114.0,122.0,146.0,146.0,147.0,,59.974601,54.33195,2964.99924,1374,329,258,//qar7000185/GP0_UPLOAD/BOXER/CYLOM\KZ-04-84_CP-13\20220621\can_Tapper17-04-11-12-16-47.pcap.gz
177,2022-04-11 13:24:46.001758,can_tapper17,"rgb(166,86,40)",PG1_est,124.0,114.0,116.0,8.064516129032258,78.00000000000004,,,0,,,,11.0,227.0,216.0,1.023847,0.003703703703703704,0.004629629629629629,,synchronized_peak_current_voltage_drop,0.7400000000094948,0.5000000000000782,2.27471676670449,138.68085653733158,0.18328972864410065,3118,2.3655913978494625,0.6491463676965341,9.1,-17.181818181818183,447.0,2.720631,3,154,60.0,120.0,116.0,122.0,132.0,143.0,143.0,,1.147076,101.134514,1103.363793,705,159,249,//qar7000185/GP0_UPLOAD/BOXER/CYLOM\KZ-04-84_CP-13\20220621\can_Tapper17-04-11-13-24-44.pcap.gz
177,2022-04-11 13:24:46.001758,can_tapper17,"rgb(166,86,40)",PG2,125.0,114.0,116.0,8.799999999999999,90.0,,,0,,,,11.0,227.0,216.0,1.023847,0.004166666666666667,0.005092592592592593,,synchronized_peak_current_voltage_drop,0.7400000000094948,0.7600000000001188,2.27471676670449,137.81140526450787,0.19086012123059892,3120,3.225806451612903,0.6521717733465437,9.1,-17.181818181818183,447.0,2.720631,3,154,60.0,120.0,116.0,123.0,131.0,143.0,143.0,,1.147076,101.134514,1103.363793,705,159,249,//qar7000185/GP0_UPLOAD/BOXER/CYLOM\KZ-04-84_CP-13\20220621\can_Tapper17-04-11-13-24-44.pcap.gz
177,2022-04-11 13:24:46.001758,can_tapper17,"rgb(166,86,40)",PG3_est,125.0,113.0,116.0,9.6,90.0,,,0,,,,11.0,227.0,216.0,1.023847,0.004166666666666667,0.005555555555555556,,synchronized_peak_current_voltage_drop,0.5000000000094573,0.7400000000001157,2.27471676670449,141.13272755060254,0.19919112840431796,3132,2.795698924731183,0.6005588701207373,9.1,-17.181818181818183,447.0,2.720631,3,154,60.0,120.0,116.0,123.0,128.0,147.0,147.0,,1.147076,101.134514,1103.363793,705,159,249,//qar7000185/GP0_UPLOAD/BOXER/CYLOM\KZ-04-84_CP-13\20220621\can_Tapper17-04-11-13-24-44.pcap.gz
177,2022-04-11 13:24:46.001758,can_tapper17,"rgb(166,86,40)",PG4,125.0,113.0,116.0,9.6,90.0,,,0,,,,11.0,227.0,216.0,1.023847,0.004166666666666667,0.005555555555555556,,synchronized_peak_current_voltage_drop,0.5000000000094573,0.7400000000001157,2.27471676670449,141.13272755060254,0.19919112840431796,3132,2.795698924731183,0.6005588701207373,9.1,-17.181818181818183,447.0,2.720631,3,154,60.0,120.0,116.0,123.0,128.0,147.0,147.0,,1.147076,101.134514,1103.363793,705,159,249,//qar7000185/GP0_UPLOAD/BOXER/CYLOM\KZ-04-84_CP-13\20220621\can_Tapper17-04-11-13-24-44.pcap.gz
178,2022-04-11 13:26:04.426444,can_tapper17,"rgb(247,129,191)",PG1_est,125.0,114.0,125.0,8.799999999999999,90.0,125.0,1.1203348478657554e-12,53,-35.019999999991406,-5.019999999991406,90.0,0.0,447.0,447.0,0.80337,,0.0024608501118568234,,synchronized_peak_current_voltage_drop,1.080000000009548,0.24000000000003752,1.7887444673306678,136.668986064858,0.15003302376036887,1970,3.7344398340248963,1.1631626463038671,9.575,-25.320388349514563,265.0,2.301397,7,103,60.0,120.0,116.0,122.0,132.0,144.0,,,59.803293,119.963027,78.424686,637,152,216,//qar7000185/GP0_UPLOAD/BOXER/CYLOM\KZ-04-84_CP-13\20220621\can_Tapper17-04-11-13-26-00.pcap.gz
178,2022-04-11 13:26:04.426444,can_tapper17,"rgb(247,129,191)",PG2,125.0,116.0,125.0,7.199999999999999,90.0,126.0,-2.450924932001462e-14,53,-35.019999999991406,-5.019999999991406,95.0,0.0,447.0,447.0,0.80337,,0.0020134228187919465,0.00022371364653243848,synchronized_peak_current_voltage_drop,0.8200000000095073,0.5200000000000813,1.7887444673306678,135.8817350907236,0.16412762165653383,1984,3.7344398340248963,0.9129190850153523,9.575,-25.320388349514563,265.0,2.301397,7,103,60.0,120.0,116.0,123.0,133.0,143.0,,,59.803293,119.963027,78.424686,637,152,216,//qar7000185/GP0_UPLOAD/BOXER/CYLOM\KZ-04-84_CP-13\20220621\can_Tapper17-04-11-13-26-00.pcap.gz
178,2022-04-11 13:26:04.426444,can_tapper17,"rgb(247,129,191)",PG3_est,126.0,116.0,116.0,7.936507936507936,95.0,126.0,2.8301826256359374e-12,52,-35.019999999991406,-5.019999999991406,95.0,0.0,447.0,447.0,0.80337,0.0022371364653243847,0.0022371364653243847,0.0022371364653243847,synchronized_peak_current_voltage_drop,0.5800000000094698,0.7600000000001188,2.0171482422437275,138.73053268258954,0.16540977132401447,2009,3.7344398340248963,0.8883792077147388,9.575,-25.320388349514563,265.0,2.301397,7,103,60.0,120.0,116.0,123.0,140.0,147.0,,,59.803293,119.963027,78.424686,637,152,216,//qar7000185/GP0_UPLOAD/BOXER/CYLOM\KZ-04-84_CP-13\20220621\can_Tapper17-04-11-13-26-00.pcap.gz
178,2022-04-11 13:26:04.426444,can_tapper17,"rgb(247,129,191)",PG4,126.0,116.0,116.0,7.936507936507936,95.0,126.0,2.8301826256359374e-12,52,-35.019999999991406,-5.019999999991406,95.0,0.0,447.0,447.0,0.80337,0.0022371364653243847,0.0022371364653243847,0.0022371364653243847,synchronized_peak_current_voltage_drop,0.5800000000094698,0.7600000000001188,2.0171482422437275,138.73053268258954,0.16540977132401447,2009,3.7344398340248963,0.8883792077147388,9.575,-25.320388349514563,265.0,2.301397,7,103,60.0,120.0,116.0,123.0,140.0,147.0,,,59.803293,119.963027,78.424686,637,152,216,//qar7000185/GP0_UPLOAD/BOXER/CYLOM\KZ-04-84_CP-13\20220621\can_Tapper17-04-11-13-26-00.pcap.gz
179,2022-04-11 13:27:51.999957,can_tapper17,"rgb(153,153,153)",PG1_est,125.0,114.0,114.0,8.799999999999999,90.0,,,0,,,,0.0,265.0,265.0,1.010888,0.004150943396226415,0.004150943396226415,,synchronized_peak_current_voltage_drop,1.0000000000095355,0.7400000000001157,3.2620894576029285,144.6305435033908,0.887962196845842,1568,7.0663811563169165,1.8788725151379868,9.525,-30.325581395348838,8.0,2.112061,5,86,60.0,120.0,114.0,121.0,134.0,144.0,144.0,,1.638726,30.395156,107.573513,385,92,142,//qar7000185/GP0_UPLOAD/BOXER/CYLOM\KZ-04-84_CP-13\20220621\can_Tapper17-04-11-13-27-50.pcap.gz
179,2022-04-11 13:27:51.999957,can_tapper17,"rgb(153,153,153)",PG2,125.0,114.0,118.0,8.799999999999999,90.0,,,0,,,,0.0,265.0,265.0,1.010888,0.002641509433962264,0.004150943396226415,,synchronized_peak_current_voltage_drop,0.5000000000094573,1.0000000000001563,3.2620894576029285,142.62261730845796,0.8724904235491133,1594,2.355460385438972,0.8189159128749821,9.525,-30.325581395348838,8.0,2.112061,5,86,60.0,120.0,118.0,123.0,133.0,143.0,142.0,,1.638726,30.395156,107.573513,385,92,142,//qar7000185/GP0_UPLOAD/BOXER/CYLOM\KZ-04-84_CP-13\20220621\can_Tapper17-04-11-13-27-50.pcap.gz
179,2022-04-11 13:27:51.999957,can_tapper17,"rgb(153,153,153)",PG3_est,126.0,114.0,118.0,9.523809523809524,95.0,,,0,,,,0.0,265.0,265.0,1.010888,0.003018867924528302,0.004528301886792453,,synchronized_peak_current_voltage_drop,0.5000000000094573,1.260000000000197,3.2620894576029285,147.31754746345288,0.896371439022013,1594,2.355460385438972,0.727958772348628,9.525,-30.325581395348838,8.0,2.112061,5,86,60.0,120.0,118.0,123.0,138.0,147.0,147.0,,1.638726,30.395156,107.573513,385,92,142,//qar7000185/GP0_UPLOAD/BOXER/CYLOM\KZ-04-84_CP-13\20220621\can_Tapper17-04-11-13-27-50.pcap.gz
179,2022-04-11 13:27:51.999957,can_tapper17,"rgb(153,153,153)",PG4,126.0,114.0,118.0,9.523809523809524,95.0,,,0,,,,0.0,265.0,265.0,1.010888,0.003018867924528302,0.004528301886792453,,synchronized_peak_current_voltage_drop,0.5000000000094573,1.260000000000197,3.2620894576029285,147.31754746345288,0.896371439022013,1594,2.355460385438972,0.727958772348628,9.525,-30.325581395348838,8.0,2.112061,5,86,60.0,120.0,118.0,123.0,138.0,147.0,147.0,,1.638726,30.395156,107.573513,385,92,142,//qar7000185/GP0_UPLOAD/BOXER/CYLOM\KZ-04-84_CP-13\20220621\can_Tapper17-04-11-13-27-50.pcap.gz
180,2022-04-16 13:49:52.218075,can_tapper17,"rgb(228,26,28)",PG1_est,120.0,108.0,110.0,10.0,46.24999999999997,121.0,-2.144143175174149,1500,-35.019999999991406,-5.019999999991406,52.857142857142826,19.5,497.0,477.5,1.236375,0.0020942408376963353,0.002513089005235602,0.0023036649214659686,synchronized_peak_current_voltage_drop,0.6800000000094855,0.020000000000003126,3.2620894576029285,142.8045452754307,0.8186501968067794,5965,10.15801354401806,1.9638108189575139,14.459999999999999,-42.91961414790997,165.0,2.2365,5,311,60.0,120.0,109.0,114.0,122.0,146.0,143.0,142.0,59.961011,119.866582,433320.218118,2160,386,497,//qar7000185/GP0_UPLOAD/BOXER/CYLOM\KZ-04-84_CP-13\20220621\can_Tapper17-04-16-13-47-19.pcap.gz
180,2022-04-16 13:49:52.218075,can_tapper17,"rgb(228,26,28)",PG2,121.0,107.0,109.0,11.570247933884298,52.857142857142826,122.0,-3.2462236649876366,1500,-35.019999999991406,-5.019999999991406,60.0,19.5,497.0,477.5,1.236375,0.002513089005235602,0.002931937172774869,0.0027225130890052357,synchronized_peak_current_voltage_drop,0.7000000000094886,1.5000000000002345,3.678623825607137,142.92044549779888,0.9158056579834715,5964,3.386004514672686,0.8158754225751629,14.459999999999999,-42.91961414790997,165.0,2.2365,5,311,60.0,120.0,107.0,113.0,121.0,142.0,142.0,143.0,59.961011,119.866582,433320.218118,2160,386,497,//qar7000185/GP0_UPLOAD/BOXER/CYLOM\KZ-04-84_CP-13\20220621\can_Tapper17-04-16-13-47-19.pcap.gz
180,2022-04-16 13:49:52.218075,can_tapper17,"rgb(228,26,28)",PG3_est,121.0,107.0,110.0,11.570247933884298,52.857142857142826,122.0,-1.8552274912117952,1500,-35.019999999991406,-5.019999999991406,60.0,19.5,497.0,477.5,1.236375,0.0023036649214659686,0.002931937172774869,0.002513089005235602,synchronized_peak_current_voltage_drop,0.7000000000094886,1.5000000000002345,3.2620894576029285,146.26412997406374,0.838862270262797,5964,3.386004514672686,0.7480189055159124,14.459999999999999,-42.91961414790997,165.0,2.2365,5,311,60.0,120.0,107.0,114.0,120.0,150.0,147.0,146.0,59.961011,119.866582,433320.218118,2160,386,497,//qar7000185/GP0_UPLOAD/BOXER/CYLOM\KZ-04-84_CP-13\20220621\can_Tapper17-04-16-13-47-19.pcap.gz
180,2022-04-16 13:49:52.218075,can_tapper17,"rgb(228,26,28)",PG4,121.0,107.0,110.0,11.570247933884298,52.857142857142826,122.0,-1.8552274912117952,1500,-35.019999999991406,-5.019999999991406,60.0,19.5,497.0,477.5,1.236375,0.0023036649214659686,0.002931937172774869,0.002513089005235602,synchronized_peak_current_voltage_drop,0.7000000000094886,1.5000000000002345,3.2620894576029285,146.26412997406374,0.838862270262797,5964,3.386004514672686,0.7480189055159124,14.459999999999999,-42.91961414790997,165.0,2.2365,5,311,60.0,120.0,107.0,114.0,120.0,150.0,147.0,146.0,59.961011,119.866582,433320.218118,2160,386,497,//qar7000185/GP0_UPLOAD/BOXER/CYLOM\KZ-04-84_CP-13\20220621\can_Tapper17-04-16-13-47-19.pcap.gz
181,2022-04-18 08:14:05.615304,can_tapper17,"rgb(55,126,184)",PG1_est,114.0,88.0,123.0,22.807017543859647,40.0,115.0,-2.4481788658565975,1500,-35.019999999991406,-5.019999999991406,40.0,7.0,308.0,301.0,0.881553,,0.008637873754152824,,synchronized_peak_current_voltage_drop,0.920000000009523,1.0000000000001563,2.27471676670449,142.64562285123665,0.9232004607599618,5953,15.22248243559719,3.049459569201034,14.35,-69.32830188679246,9.0,2.387691,7,265,60.0,120.0,98.0,112.0,137.0,143.0,143.0,143.0,59.983241,119.908951,152653.397229,2160,301,533,//qar7000185/GP0_UPLOAD/BOXER/CYLOM\KZ-04-84_CP-13\20220621\can_Tapper17-04-18-07-35-16.pcap.gz
181,2022-04-18 08:14:05.615304,can_tapper17,"rgb(55,126,184)",PG2,115.0,96.0,106.0,16.52173913043478,40.0,116.0,-3.0072280032118592,1500,-35.019999999991406,-5.019999999991406,40.0,7.0,308.0,301.0,0.881553,0.002990033222591362,0.006312292358803986,0.0033222591362126247,synchronized_peak_current_voltage_drop,0.9400000000095261,1.0000000000001563,2.0171482422437275,142.73100926330574,0.9289526139174332,5952,8.16326530612245,1.2677281558792748,14.35,-69.32830188679246,9.0,2.387691,7,265,60.0,120.0,96.0,112.0,139.0,143.0,142.0,144.0,59.983241,119.908951,152653.397229,2160,301,533,//qar7000185/GP0_UPLOAD/BOXER/CYLOM\KZ-04-84_CP-13\20220621\can_Tapper17-04-18-07-35-16.pcap.gz
181,2022-04-18 08:14:05.615304,can_tapper17,"rgb(55,126,184)",PG3_est,116.0,99.0,99.0,14.655172413793101,40.0,117.0,-2.5686322527250036,1500,-35.019999999991406,-5.019999999991406,40.0,7.0,308.0,301.0,0.881553,0.005647840531561462,0.005647840531561462,0.005980066445182724,synchronized_peak_current_voltage_drop,0.7200000000094917,1.5000000000002345,2.565174071178317,143.55293005285662,0.9395683759880223,5963,7.259953161592506,1.5265540052482933,14.35,-69.32830188679246,9.0,2.387691,7,265,60.0,120.0,99.0,109.0,138.0,144.0,144.0,144.0,59.983241,119.908951,152653.397229,2160,301,533,//qar7000185/GP0_UPLOAD/BOXER/CYLOM\KZ-04-84_CP-13\20220621\can_Tapper17-04-18-07-35-16.pcap.gz
181,2022-04-18 08:14:05.615304,can_tapper17,"rgb(55,126,184)",PG4,116.0,99.0,99.0,14.655172413793101,40.0,117.0,-2.5686322527250036,1500,-35.019999999991406,-5.019999999991406,40.0,7.0,308.0,301.0,0.881553,0.005647840531561462,0.005647840531561462,0.005980066445182724,synchronized_peak_current_voltage_drop,0.7200000000094917,1.5000000000002345,2.565174071178317,143.55293005285662,0.9395683759880223,5963,7.259953161592506,1.5265540052482933,14.35,-69.32830188679246,9.0,2.387691,7,265,60.0,120.0,99.0,109.0,138.0,144.0,144.0,144.0,59.983241,119.908951,152653.397229,2160,301,533,//qar7000185/GP0_UPLOAD/BOXER/CYLOM\KZ-04-84_CP-13\20220621\can_Tapper17-04-18-07-35-16.pcap.gz
182,2022-04-18 08:28:17.954060,can_tapper17,"rgb(77,175,74)",PG1_est,118.0,98.0,98.0,16.94915254237288,40.0,119.0,-1.9052897356839384,1500,-35.019999999991406,-5.019999999991406,40.0,0.0,299.0,299.0,0.529253,0.006688963210702341,0.006688963210702341,0.0070234113712374585,synchronized_peak_current_voltage_drop,0.5200000000094605,1.740000000000272,2.892719705486028,142.64310308820865,0.9386862406064775,5973,8.411214953271028,2.960290560683707,14.6,-74.23140495867769,64.0,2.033149,7,242,60.0,120.0,98.0,110.0,138.0,143.0,143.0,142.0,59.879251,119.941019,852.338756,2159,274,535,//qar7000185/GP0_UPLOAD/BOXER/CYLOM\KZ-04-84_CP-13\20220621\can_Tapper17-04-18-07-35-16.pcap.gz
182,2022-04-18 08:28:17.954060,can_tapper17,"rgb(77,175,74)",PG2,119.0,98.0,98.0,17.647058823529413,40.0,119.0,-0.4071468476206592,1500,-35.019999999991406,-5.019999999991406,40.0,0.0,299.0,299.0,0.529253,0.0070234113712374585,0.0070234113712374585,0.0070234113712374585,synchronized_peak_current_voltage_drop,0.5200000000094605,1.5000000000002345,2.565174071178317,142.7407645020435,0.950302269135121,5973,8.411214953271028,2.66177150120986,14.6,-74.23140495867769,64.0,2.033149,7,242,60.0,120.0,98.0,110.0,138.0,144.0,143.0,143.0,59.879251,119.941019,852.338756,2159,274,535,//qar7000185/GP0_UPLOAD/BOXER/CYLOM\KZ-04-84_CP-13\20220621\can_Tapper17-04-18-07-35-16.pcap.gz
182,2022-04-18 08:28:17.954060,can_tapper17,"rgb(77,175,74)",PG3_est,119.0,108.0,116.0,9.243697478991598,40.0,120.0,7.586850985972613e-14,1500,-35.019999999991406,-5.019999999991406,46.24999999999997,0.0,299.0,299.0,0.529253,0.001003344481605351,0.003678929765886288,0.0013377926421404684,synchronized_peak_current_voltage_drop,1.1000000000095511,0.7600000000001188,2.565174071178317,143.07699627264185,0.9328580866536481,5944,8.411214953271028,2.811031030946783,14.6,-74.23140495867769,64.0,2.033149,7,242,60.0,120.0,112.0,115.0,139.0,144.0,143.0,143.0,59.879251,119.941019,852.338756,2159,274,535,//qar7000185/GP0_UPLOAD/BOXER/CYLOM\KZ-04-84_CP-13\20220621\can_Tapper17-04-18-07-35-16.pcap.gz
182,2022-04-18 08:28:17.954060,can_tapper17,"rgb(77,175,74)",PG4,119.0,108.0,116.0,9.243697478991598,40.0,120.0,7.586850985972613e-14,1500,-35.019999999991406,-5.019999999991406,46.24999999999997,0.0,299.0,299.0,0.529253,0.001003344481605351,0.003678929765886288,0.0013377926421404684,synchronized_peak_current_voltage_drop,1.1000000000095511,0.7600000000001188,2.565174071178317,143.07699627264185,0.9328580866536481,5944,8.411214953271028,2.811031030946783,14.6,-74.23140495867769,64.0,2.033149,7,242,60.0,120.0,112.0,115.0,139.0,144.0,143.0,143.0,59.879251,119.941019,852.338756,2159,274,535,//qar7000185/GP0_UPLOAD/BOXER/CYLOM\KZ-04-84_CP-13\20220621\can_Tapper17-04-18-07-35-16.pcap.gz
183,2022-04-18 13:35:05.779615,can_tapper17,"rgb(152,78,163)",PG1_est,114.0,94.0,105.0,17.543859649122805,40.0,115.0,-3.197299198799079,1500,-35.019999999991406,-5.019999999991406,40.0,0.0,291.0,291.0,0.630967,0.0030927835051546395,0.006872852233676976,0.003436426116838488,synchronized_peak_current_voltage_drop,0.9400000000095261,0.7600000000001188,2.565174071178317,142.72375251092453,0.8937137194585387,5952,11.764705882352942,1.6818764663871142,17.166666666666664,-46.86752136752137,11.0,2.035524,6,234,60.0,120.0,100.0,113.0,140.0,145.0,143.0,143.0,59.979073,119.887925,18407.825555,2160,332,581,//qar7000185/GP0_UPLOAD/BOXER/CYLOM\KZ-04-84_CP-13\20220621\can_Tapper17-04-18-12-35-16.pcap.gz
183,2022-04-18 13:35:05.779615,can_tapper17,"rgb(152,78,163)",PG2,115.0,98.0,107.0,14.782608695652174,40.0,115.0,2.1134439041961401e-13,1500,-35.019999999991406,-5.019999999991406,40.0,0.0,291.0,291.0,0.630967,0.0027491408934707906,0.00584192439862543,0.0027491408934707906,synchronized_peak_current_voltage_drop,0.6800000000094855,1.0000000000001563,2.565174071178317,142.1790061479322,0.919569805266919,5965,7.158351409978308,1.303295991377405,17.166666666666664,-46.86752136752137,11.0,2.035524,6,234,60.0,120.0,101.0,113.0,139.0,143.0,142.0,142.0,59.979073,119.887925,18407.825555,2160,332,581,//qar7000185/GP0_UPLOAD/BOXER/CYLOM\KZ-04-84_CP-13\20220621\can_Tapper17-04-18-12-35-16.pcap.gz
183,2022-04-18 13:35:05.779615,can_tapper17,"rgb(152,78,163)",PG3_est,116.0,98.0,98.0,15.517241379310345,40.0,116.0,-5.1389168899389817e-14,1500,-35.019999999991406,-5.019999999991406,40.0,0.0,291.0,291.0,0.630967,0.006185567010309279,0.006185567010309279,0.006185567010309279,synchronized_peak_current_voltage_drop,0.46000000000945107,1.5000000000002345,2.565174071178317,142.89927736472805,0.9234703975970298,5976,3.9215686274509802,1.2504688563045472,17.166666666666664,-46.86752136752137,11.0,2.035524,6,234,60.0,120.0,105.0,112.0,140.0,145.0,143.0,143.0,59.979073,119.887925,18407.825555,2160,332,581,//qar7000185/GP0_UPLOAD/BOXER/CYLOM\KZ-04-84_CP-13\20220621\can_Tapper17-04-18-12-35-16.pcap.gz
183,2022-04-18 13:35:05.779615,can_tapper17,"rgb(152,78,163)",PG4,116.0,98.0,98.0,15.517241379310345,40.0,116.0,-5.1389168899389817e-14,1500,-35.019999999991406,-5.019999999991406,40.0,0.0,291.0,291.0,0.630967,0.006185567010309279,0.006185567010309279,0.006185567010309279,synchronized_peak_current_voltage_drop,0.46000000000945107,1.5000000000002345,2.565174071178317,142.89927736472805,0.9234703975970298,5976,3.9215686274509802,1.2504688563045472,17.166666666666664,-46.86752136752137,11.0,2.035524,6,234,60.0,120.0,105.0,112.0,140.0,145.0,143.0,143.0,59.979073,119.887925,18407.825555,2160,332,581,//qar7000185/GP0_UPLOAD/BOXER/CYLOM\KZ-04-84_CP-13\20220621\can_Tapper17-04-18-12-35-16.pcap.gz
184,2022-04-18 15:24:43.098313,can_tapper17,"rgb(255,127,0)",PG1_est,123.0,111.0,123.0,9.75609756097561,68.33333333333339,124.0,-2.579458924203224,1500,-35.019999999991406,-5.019999999991406,78.00000000000004,0.0,252.0,252.0,0.482845,,0.0047619047619047615,0.0003968253968253968,synchronized_peak_current_voltage_drop,0.3200000000094292,0.06000000000000938,3.678623825607137,142.9730708422845,0.9252892799370883,5983,8.45360824742268,2.0806212943174,26.175,-41.41111111111111,0.0,,8,180,60.0,120.0,112.0,119.0,131.0,143.0,143.0,142.0,59.83135,119.9861,6577.318698,2158,212,509,//qar7000185/GP0_UPLOAD/BOXER/CYLOM\KZ-04-84_CP-13\20220621\can_Tapper17-04-18-14-35-16.pcap.gz
184,2022-04-18 15:24:43.098313,can_tapper17,"rgb(255,127,0)",PG2,124.0,112.0,112.0,9.67741935483871,78.00000000000004,124.0,-1.4966851096373488,1500,-35.019999999991406,-5.019999999991406,78.00000000000004,0.0,252.0,252.0,0.482845,0.0047619047619047615,0.0047619047619047615,0.0047619047619047615,synchronized_peak_current_voltage_drop,0.38000000000943857,1.0000000000001563,3.2620894576029285,143.24347324058013,0.9383213130105837,5980,6.860706860706861,1.8108830796457025,26.175,-41.41111111111111,0.0,,8,180,60.0,120.0,117.0,123.0,131.0,144.0,143.0,144.0,59.83135,119.9861,6577.318698,2158,212,509,//qar7000185/GP0_UPLOAD/BOXER/CYLOM\KZ-04-84_CP-13\20220621\can_Tapper17-04-18-14-35-16.pcap.gz
184,2022-04-18 15:24:43.098313,can_tapper17,"rgb(255,127,0)",PG3_est,125.0,118.0,123.0,5.6000000000000005,90.0,125.0,-3.255565891361968,1500,-35.019999999991406,-5.019999999991406,90.0,0.0,252.0,252.0,0.482845,0.0007936507936507937,0.0027777777777777775,0.0007936507936507937,synchronized_peak_current_voltage_drop,0.8600000000095136,0.5000000000000782,2.565174071178317,144.53777583860634,0.8228475020808048,5956,4.904051172707889,1.4620248494965282,26.175,-41.41111111111111,0.0,,8,180,60.0,120.0,118.0,123.0,134.0,148.0,145.0,144.0,59.83135,119.9861,6577.318698,2158,212,509,//qar7000185/GP0_UPLOAD/BOXER/CYLOM\KZ-04-84_CP-13\20220621\can_Tapper17-04-18-14-35-16.pcap.gz
184,2022-04-18 15:24:43.098313,can_tapper17,"rgb(255,127,0)",PG4,125.0,118.0,123.0,5.6000000000000005,90.0,125.0,-3.255565891361968,1500,-35.019999999991406,-5.019999999991406,90.0,0.0,252.0,252.0,0.482845,0.0007936507936507937,0.0027777777777777775,0.0007936507936507937,synchronized_peak_current_voltage_drop,0.8600000000095136,0.5000000000000782,2.565174071178317,144.53777583860634,0.8228475020808048,5956,4.904051172707889,1.4620248494965282,26.175,-41.41111111111111,0.0,,8,180,60.0,120.0,118.0,123.0,134.0,148.0,145.0,144.0,59.83135,119.9861,6577.318698,2158,212,509,//qar7000185/GP0_UPLOAD/BOXER/CYLOM\KZ-04-84_CP-13\20220621\can_Tapper17-04-18-14-35-16.pcap.gz
185,2022-04-18 17:54:47.752782,can_tapper17,"rgb(255,255,51)",PG1_est,124.0,116.0,118.0,6.451612903225806,78.00000000000004,124.0,-3.7977972434645797,1500,-35.019999999991406,-5.019999999991406,78.00000000000004,-1.0,156.0,157.0,0.928848,0.003821656050955414,0.005095541401273886,0.003821656050955414,synchronized_peak_current_voltage_drop,1.4400000000096043,0.10000000000001563,2.892719705486028,142.42796569846925,0.890319522822725,5927,4.132231404958677,1.0060048341569374,29.025,-43.81132075471698,0.0,,7,212,60.0,120.0,123.0,116.0,128.0,143.0,141.0,143.0,59.996602,119.950199,9004.654469,2160,247,553,//qar7000185/GP0_UPLOAD/BOXER/CYLOM\KZ-04-84_CP-13\20220621\can_Tapper17-04-18-17-35-16.pcap.gz
185,2022-04-18 17:54:47.752782,can_tapper17,"rgb(255,255,51)",PG2,124.0,117.0,122.0,5.64516129032258,78.00000000000004,124.0,-1.3097250265440978,1500,-35.019999999991406,-5.019999999991406,78.00000000000004,-1.0,156.0,157.0,0.928848,0.0012738853503184715,0.0044585987261146496,0.0012738853503184715,synchronized_peak_current_voltage_drop,0.9400000000095261,0.5000000000000782,3.2620894576029285,143.18946530709036,0.9163722917096463,5952,2.5210084033613445,0.6371390758123018,29.025,-43.81132075471698,0.0,,7,212,60.0,120.0,117.0,122.0,133.0,144.0,144.0,143.0,59.996602,119.950199,9004.654469,2160,247,553,//qar7000185/GP0_UPLOAD/BOXER/CYLOM\KZ-04-84_CP-13\20220621\can_Tapper17-04-18-17-35-16.pcap.gz
185,2022-04-18 17:54:47.752782,can_tapper17,"rgb(255,255,51)",PG3_est,125.0,118.0,118.0,5.6000000000000005,90.0,125.0,-3.9379217501867783,1500,-35.019999999991406,-5.019999999991406,90.0,-1.0,156.0,157.0,0.928848,0.0044585987261146496,0.0044585987261146496,0.0044585987261146496,synchronized_peak_current_voltage_drop,0.920000000009523,0.5000000000000782,2.565174071178317,144.3090910053267,0.8143699995653777,5953,2.0408163265306123,0.6322894154319278,29.025,-43.81132075471698,0.0,,7,212,60.0,120.0,118.0,123.0,133.0,148.0,145.0,144.0,59.996602,119.950199,9004.654469,2160,247,553,//qar7000185/GP0_UPLOAD/BOXER/CYLOM\KZ-04-84_CP-13\20220621\can_Tapper17-04-18-17-35-16.pcap.gz
185,2022-04-18 17:54:47.752782,can_tapper17,"rgb(255,255,51)",PG4,125.0,118.0,118.0,5.6000000000000005,90.0,125.0,-3.9379217501867783,1500,-35.019999999991406,-5.019999999991406,90.0,-1.0,156.0,157.0,0.928848,0.0044585987261146496,0.0044585987261146496,0.0044585987261146496,synchronized_peak_current_voltage_drop,0.920000000009523,0.5000000000000782,2.565174071178317,144.3090910053267,0.8143699995653777,5953,2.0408163265306123,0.6322894154319278,29.025,-43.81132075471698,0.0,,7,212,60.0,120.0,118.0,123.0,133.0,148.0,145.0,144.0,59.996602,119.950199,9004.654469,2160,247,553,//qar7000185/GP0_UPLOAD/BOXER/CYLOM\KZ-04-84_CP-13\20220621\can_Tapper17-04-18-17-35-16.pcap.gz
186,2022-04-19 08:31:25.055278,can_tapper17,"rgb(166,86,40)",PG1_est,120.0,103.0,120.0,14.166666666666666,46.24999999999997,122.0,-3.589814928805942,1500,-35.019999999991406,-5.019999999991406,60.0,0.0,184.0,184.0,0.510452,,0.00923913043478261,0.0010869565217391304,synchronized_peak_current_voltage_drop,0.6200000000094761,0.7600000000001188,2.565174071178317,140.82502974367878,0.8600797360218468,5968,10.344827586206897,2.623916535676644,14.55,-31.094650205761315,45.0,2.0116,8,243,60.0,120.0,104.0,115.0,138.0,141.0,141.0,141.0,59.97015,119.90975,52597.302496,2159,266,384,//qar7000185/GP0_UPLOAD/BOXER/CYLOM\KZ-04-84_CP-13\20220621\can_Tapper17-04-19-07-35-16.pcap.gz
186,2022-04-19 08:31:25.055278,can_tapper17,"rgb(166,86,40)",PG2,120.0,104.0,104.0,13.333333333333334,46.24999999999997,121.0,2.0586558921909938e-13,1500,-35.019999999991406,-5.019999999991406,52.857142857142826,0.0,184.0,184.0,0.510452,0.008695652173913044,0.008695652173913044,0.00923913043478261,synchronized_peak_current_voltage_drop,0.46000000000945107,1.0000000000001563,2.565174071178317,144.917367386628,0.883531905865124,5976,9.565217391304348,2.2147628442251386,14.55,-31.094650205761315,45.0,2.0116,8,243,60.0,120.0,112.0,119.0,141.0,146.0,144.0,145.0,59.97015,119.90975,52597.302496,2159,266,384,//qar7000185/GP0_UPLOAD/BOXER/CYLOM\KZ-04-84_CP-13\20220621\can_Tapper17-04-19-07-35-16.pcap.gz
186,2022-04-19 08:31:25.055278,can_tapper17,"rgb(166,86,40)",PG3_est,121.0,112.0,118.0,7.43801652892562,52.857142857142826,122.0,-1.139724950988371,1500,-35.019999999991406,-5.019999999991406,60.0,0.0,184.0,184.0,0.510452,0.0016304347826086956,0.004891304347826087,0.002173913043478261,synchronized_peak_current_voltage_drop,0.9600000000095292,0.5000000000000782,2.27471676670449,147.7006966845781,0.8126541961134852,5951,6.54627539503386,1.5908696064730077,14.55,-31.094650205761315,45.0,2.0116,8,243,60.0,120.0,112.0,120.0,146.0,150.0,148.0,148.0,59.97015,119.90975,52597.302496,2159,266,384,//qar7000185/GP0_UPLOAD/BOXER/CYLOM\KZ-04-84_CP-13\20220621\can_Tapper17-04-19-07-35-16.pcap.gz
186,2022-04-19 08:31:25.055278,can_tapper17,"rgb(166,86,40)",PG4,121.0,112.0,118.0,7.43801652892562,52.857142857142826,122.0,-1.139724950988371,1500,-35.019999999991406,-5.019999999991406,60.0,0.0,184.0,184.0,0.510452,0.0016304347826086956,0.004891304347826087,0.002173913043478261,synchronized_peak_current_voltage_drop,0.9600000000095292,0.5000000000000782,2.27471676670449,147.7006966845781,0.8126541961134852,5951,6.54627539503386,1.5908696064730077,14.55,-31.094650205761315,45.0,2.0116,8,243,60.0,120.0,112.0,120.0,146.0,150.0,148.0,148.0,59.97015,119.90975,52597.302496,2159,266,384,//qar7000185/GP0_UPLOAD/BOXER/CYLOM\KZ-04-84_CP-13\20220621\can_Tapper17-04-19-07-35-16.pcap.gz
187,2022-04-19 12:16:02.092178,can_tapper17,"rgb(247,129,191)",PG1_est,124.0,115.0,115.0,7.258064516129033,78.00000000000004,124.0,-2.249903222178645,1500,-35.019999999991406,-5.019999999991406,78.00000000000004,0.0,210.0,210.0,0.646849,0.004285714285714286,0.004285714285714286,0.004285714285714286,synchronized_peak_current_voltage_drop,0.6400000000094792,0.5000000000000782,119.99999999999996,114.3128668662857,0.5072519355330489,5967,1.639344262295082,0.6378136325345359,19.625,-14.956896551724139,7.0,3.146476,8,116,60.0,120.0,115.0,122.0,142.0,141.0,142.0,129.0,59.7738,119.800824,13477.0369,2157,148,186,//qar7000185/GP0_UPLOAD/BOXER/CYLOM\KZ-04-84_CP-13\20220621\can_Tapper17-04-19-11-35-16.pcap.gz
187,2022-04-19 12:16:02.092178,can_tapper17,"rgb(247,129,191)",PG2,123.0,115.0,115.0,6.504065040650407,68.33333333333339,125.0,-3.341121484942247,1500,-35.019999999991406,-5.019999999991406,90.0,0.0,210.0,210.0,0.646849,0.0038095238095238095,0.0038095238095238095,0.004761904761904762,synchronized_peak_current_voltage_drop,0.6400000000094792,0.5000000000000782,119.99999999999996,113.31121085784787,0.5546556814516193,5967,1.639344262295082,0.6208319051027353,19.625,-14.956896551724139,7.0,3.146476,8,116,60.0,120.0,115.0,123.0,145.0,143.0,143.0,129.0,59.7738,119.800824,13477.0369,2157,148,186,//qar7000185/GP0_UPLOAD/BOXER/CYLOM\KZ-04-84_CP-13\20220621\can_Tapper17-04-19-11-35-16.pcap.gz
187,2022-04-19 12:16:02.092178,can_tapper17,"rgb(247,129,191)",PG3_est,124.0,114.0,114.0,8.064516129032258,78.00000000000004,126.0,-4.015912895960507,1500,-35.019999999991406,-5.019999999991406,95.0,0.0,210.0,210.0,0.646849,0.004761904761904762,0.004761904761904762,0.005714285714285714,synchronized_peak_current_voltage_drop,0.6400000000094792,0.5000000000000782,119.99999999999996,111.75244172405542,0.5648943955689547,5967,1.639344262295082,0.5926628910182283,19.625,-14.956896551724139,7.0,3.146476,8,116,60.0,120.0,117.0,123.0,146.0,147.0,146.0,130.0,59.7738,119.800824,13477.0369,2157,148,186,//qar7000185/GP0_UPLOAD/BOXER/CYLOM\KZ-04-84_CP-13\20220621\can_Tapper17-04-19-11-35-16.pcap.gz
187,2022-04-19 12:16:02.092178,can_tapper17,"rgb(247,129,191)",PG4,124.0,114.0,114.0,8.064516129032258,78.00000000000004,126.0,-4.015912895960507,1500,-35.019999999991406,-5.019999999991406,95.0,0.0,210.0,210.0,0.646849,0.004761904761904762,0.004761904761904762,0.005714285714285714,synchronized_peak_current_voltage_drop,0.6400000000094792,0.5000000000000782,119.99999999999996,111.75244172405542,0.5648943955689547,5967,1.639344262295082,0.5926628910182283,19.625,-14.956896551724139,7.0,3.146476,8,116,60.0,120.0,117.0,123.0,146.0,147.0,146.0,130.0,59.7738,119.800824,13477.0369,2157,148,186,//qar7000185/GP0_UPLOAD/BOXER/CYLOM\KZ-04-84_CP-13\20220621\can_Tapper17-04-19-11-35-16.pcap.gz
188,2022-04-19 15:06:34.704358,can_tapper17,"rgb(153,153,153)",PG1_est,123.0,103.0,116.0,16.260162601626014,68.33333333333339,122.0,0.010115560051438374,1500,-35.019999999991406,-5.019999999991406,60.0,11.0,347.0,336.0,0.736081,0.0020833333333333333,0.005952380952380952,0.0017857142857142857,synchronized_peak_current_voltage_drop,0.7800000000095011,1.0000000000001563,58.350444692249376,116.99151095970396,0.5057160700438572,5960,8.240534521158128,0.9754374602807481,22.293333333333333,-0.3333333333333333,211.0,2.238806,7,255,60.0,120.0,110.0,119.0,141.0,143.0,126.0,124.0,59.887374,119.955834,10232.61218,2160,329,447,//qar7000185/GP0_UPLOAD/BOXER/CYLOM\KZ-04-84_CP-13\20220621\can_Tapper17-04-19-14-35-16.pcap.gz
188,2022-04-19 15:06:34.704358,can_tapper17,"rgb(153,153,153)",PG2,122.0,109.0,116.0,10.655737704918032,60.0,123.0,-0.5257602336710289,1500,-35.019999999991406,-5.019999999991406,68.33333333333339,11.0,347.0,336.0,0.736081,0.0017857142857142857,0.003869047619047619,0.0020833333333333333,synchronized_peak_current_voltage_drop,0.8000000000095042,1.0000000000001563,51.74336368726529,118.56954357958476,0.49707257487073997,5959,4.273504273504273,0.8729429436604899,22.293333333333333,-0.3333333333333333,211.0,2.238806,7,255,60.0,120.0,109.0,117.0,143.0,145.0,127.0,124.0,59.887374,119.955834,10232.61218,2160,329,447,//qar7000185/GP0_UPLOAD/BOXER/CYLOM\KZ-04-84_CP-13\20220621\can_Tapper17-04-19-14-35-16.pcap.gz
188,2022-04-19 15:06:34.704358,can_tapper17,"rgb(153,153,153)",PG3_est,123.0,107.0,115.0,13.008130081300814,68.33333333333339,124.0,1.4844451041976972,1500,-35.019999999991406,-5.019999999991406,78.00000000000004,11.0,347.0,336.0,0.736081,0.002380952380952381,0.004761904761904762,0.0026785714285714286,synchronized_peak_current_voltage_drop,0.8000000000095042,1.0000000000001563,51.74336368726529,118.33285799120819,0.5080950675327949,5959,2.4498886414253898,0.6993114314655711,22.293333333333333,-0.3333333333333333,211.0,2.238806,7,255,60.0,120.0,107.0,117.0,146.0,150.0,128.0,125.0,59.887374,119.955834,10232.61218,2160,329,447,//qar7000185/GP0_UPLOAD/BOXER/CYLOM\KZ-04-84_CP-13\20220621\can_Tapper17-04-19-14-35-16.pcap.gz
188,2022-04-19 15:06:34.704358,can_tapper17,"rgb(153,153,153)",PG4,123.0,107.0,115.0,13.008130081300814,68.33333333333339,124.0,1.4844451041976972,1500,-35.019999999991406,-5.019999999991406,78.00000000000004,11.0,347.0,336.0,0.736081,0.002380952380952381,0.004761904761904762,0.0026785714285714286,synchronized_peak_current_voltage_drop,0.8000000000095042,1.0000000000001563,51.74336368726529,118.33285799120819,0.5080950675327949,5959,2.4498886414253898,0.6993114314655711,22.293333333333333,-0.3333333333333333,211.0,2.238806,7,255,60.0,120.0,107.0,117.0,146.0,150.0,128.0,125.0,59.887374,119.955834,10232.61218,2160,329,447,//qar7000185/GP0_UPLOAD/BOXER/CYLOM\KZ-04-84_CP-13\20220621\can_Tapper17-04-19-14-35-16.pcap.gz
189,2022-04-19 15:08:30.545487,can_tapper17,"rgb(228,26,28)",PG1_est,123.0,105.0,113.0,14.634146341463413,68.33333333333339,122.0,-1.985387549060723,1500,-35.019999999991406,-5.019999999991406,60.0,6.0,211.0,205.0,1.050332,0.004878048780487805,0.00878048780487805,0.004390243902439025,synchronized_peak_current_voltage_drop,0.9800000000095324,0.5000000000000782,119.99999999999996,115.41870178972233,0.373709807361151,5950,8.893709327548807,0.8724585165012811,22.376666666666665,-14.0,210.0,2.056019,7,229,60.0,120.0,113.0,120.0,142.0,142.0,143.0,128.0,59.929498,119.932976,115.841129,2160,365,575,//qar7000185/GP0_UPLOAD/BOXER/CYLOM\KZ-04-84_CP-13\20220621\can_Tapper17-04-19-14-35-16.pcap.gz
189,2022-04-19 15:08:30.545487,can_tapper17,"rgb(228,26,28)",PG2,122.0,112.0,112.0,8.19672131147541,60.0,123.0,0.8360625938057274,1500,-35.019999999991406,-5.019999999991406,68.33333333333339,6.0,211.0,205.0,1.050332,0.004878048780487805,0.004878048780487805,0.005365853658536586,synchronized_peak_current_voltage_drop,1.0000000000095355,0.5000000000000782,119.99999999999996,117.04775719636164,0.3490183759925586,5949,4.1214750542299345,0.7149296553638568,22.376666666666665,-14.0,210.0,2.056019,7,229,60.0,120.0,112.0,121.0,144.0,142.0,142.0,130.0,59.929498,119.932976,115.841129,2160,365,575,//qar7000185/GP0_UPLOAD/BOXER/CYLOM\KZ-04-84_CP-13\20220621\can_Tapper17-04-19-14-35-16.pcap.gz
189,2022-04-19 15:08:30.545487,can_tapper17,"rgb(228,26,28)",PG3_est,123.0,113.0,113.0,8.130081300813007,68.33333333333339,123.0,1.0315026806678838,1500,-35.019999999991406,-5.019999999991406,68.33333333333339,6.0,211.0,205.0,1.050332,0.004878048780487805,0.004878048780487805,0.004878048780487805,synchronized_peak_current_voltage_drop,1.0000000000095355,1.0000000000001563,119.99999999999996,115.07456858453553,0.39059393256003283,5949,2.386117136659436,0.5655833770720201,22.376666666666665,-14.0,210.0,2.056019,7,229,60.0,120.0,113.0,121.0,148.0,147.0,146.0,130.0,59.929498,119.932976,115.841129,2160,365,575,//qar7000185/GP0_UPLOAD/BOXER/CYLOM\KZ-04-84_CP-13\20220621\can_Tapper17-04-19-14-35-16.pcap.gz
189,2022-04-19 15:08:30.545487,can_tapper17,"rgb(228,26,28)",PG4,123.0,113.0,113.0,8.130081300813007,68.33333333333339,123.0,1.0315026806678838,1500,-35.019999999991406,-5.019999999991406,68.33333333333339,6.0,211.0,205.0,1.050332,0.004878048780487805,0.004878048780487805,0.004878048780487805,synchronized_peak_current_voltage_drop,1.0000000000095355,1.0000000000001563,119.99999999999996,115.07456858453553,0.39059393256003283,5949,2.386117136659436,0.5655833770720201,22.376666666666665,-14.0,210.0,2.056019,7,229,60.0,120.0,113.0,121.0,148.0,147.0,146.0,130.0,59.929498,119.932976,115.841129,2160,365,575,//qar7000185/GP0_UPLOAD/BOXER/CYLOM\KZ-04-84_CP-13\20220621\can_Tapper17-04-19-14-35-16.pcap.gz
190,2022-04-19 15:09:40.605887,can_tapper17,"rgb(55,126,184)",PG1_est,127.0,107.0,116.0,15.748031496062993,100.0,144.0,-63.68780608345943,1500,-35.019999999991406,-5.019999999991406,100.0,0.0,210.0,210.0,1.016394,0.005238095238095239,0.009523809523809525,0.013333333333333332,synchronized_peak_current_voltage_drop,0.9600000000095292,0.5000000000000782,22.311464047271706,123.50394777864972,0.4195497328672514,5951,9.894736842105264,0.9144763011637694,22.39166666666667,-9.752380952380953,12.0,2.016795,7,105,60.0,120.0,116.0,122.0,141.0,142.0,126.0,124.0,59.946873,119.884351,70.0604,2160,233,380,//qar7000185/GP0_UPLOAD/BOXER/CYLOM\KZ-04-84_CP-13\20220621\can_Tapper17-04-19-14-35-16.pcap.gz
190,2022-04-19 15:09:40.605887,can_tapper17,"rgb(55,126,184)",PG2,127.0,115.0,115.0,9.448818897637794,100.0,142.0,-53.2738458994785,1500,-35.019999999991406,-5.019999999991406,100.0,0.0,210.0,210.0,1.016394,0.005714285714285714,0.005714285714285714,0.012857142857142859,synchronized_peak_current_voltage_drop,1.0000000000095355,1.0000000000001563,22.311464047271706,123.98542692313816,0.41137927985306855,5949,7.1274298056155505,1.0098941239665518,22.39166666666667,-9.752380952380953,12.0,2.016795,7,105,60.0,120.0,115.0,123.0,145.0,142.0,126.0,125.0,59.946873,119.884351,70.0604,2160,233,380,//qar7000185/GP0_UPLOAD/BOXER/CYLOM\KZ-04-84_CP-13\20220621\can_Tapper17-04-19-14-35-16.pcap.gz
190,2022-04-19 15:09:40.605887,can_tapper17,"rgb(55,126,184)",PG3_est,128.0,116.0,116.0,9.375,100.0,146.0,-66.42703396756023,1500,-35.019999999991406,-5.019999999991406,100.0,0.0,210.0,210.0,1.016394,0.005714285714285714,0.005714285714285714,0.014285714285714285,synchronized_peak_current_voltage_drop,0.9800000000095324,1.0000000000001563,22.311464047271706,124.43580256188416,0.4297656599854677,5950,2.736842105263158,0.6442382832621406,22.39166666666667,-9.752380952380953,12.0,2.016795,7,105,60.0,120.0,116.0,123.0,148.0,145.0,127.0,126.0,59.946873,119.884351,70.0604,2160,233,380,//qar7000185/GP0_UPLOAD/BOXER/CYLOM\KZ-04-84_CP-13\20220621\can_Tapper17-04-19-14-35-16.pcap.gz
190,2022-04-19 15:09:40.605887,can_tapper17,"rgb(55,126,184)",PG4,128.0,116.0,116.0,9.375,100.0,146.0,-66.42703396756023,1500,-35.019999999991406,-5.019999999991406,100.0,0.0,210.0,210.0,1.016394,0.005714285714285714,0.005714285714285714,0.014285714285714285,synchronized_peak_current_voltage_drop,0.9800000000095324,1.0000000000001563,22.311464047271706,124.43580256188416,0.4297656599854677,5950,2.736842105263158,0.6442382832621406,22.39166666666667,-9.752380952380953,12.0,2.016795,7,105,60.0,120.0,116.0,123.0,148.0,145.0,127.0,126.0,59.946873,119.884351,70.0604,2160,233,380,//qar7000185/GP0_UPLOAD/BOXER/CYLOM\KZ-04-84_CP-13\20220621\can_Tapper17-04-19-14-35-16.pcap.gz
191,2022-04-19 16:29:25.268489,can_tapper17,"rgb(77,175,74)",PG1_est,122.0,103.0,111.0,15.573770491803279,60.0,123.0,0.2443201085867249,1500,-35.019999999991406,-5.019999999991406,68.33333333333339,8.0,194.0,186.0,0.987555,0.0059139784946236566,0.010215053763440859,0.0064516129032258064,synchronized_peak_current_voltage_drop,0.5400000000094636,0.7400000000001157,2.27471676670449,142.81182571263108,0.8695240280431036,5972,10.822510822510823,1.9102651898675165,23.575,-23.92,-15.0,,8,200,60.0,120.0,111.0,118.0,142.0,143.0,143.0,143.0,59.861319,119.951304,4784.662602,2158,216,481,//qar7000185/GP0_UPLOAD/BOXER/CYLOM\KZ-04-84_CP-13\20220621\can_Tapper17-04-19-15-35-16.pcap.gz
191,2022-04-19 16:29:25.268489,can_tapper17,"rgb(77,175,74)",PG2,122.0,111.0,112.0,9.01639344262295,60.0,124.0,-0.5355024602230642,1500,-35.019999999991406,-5.019999999991406,78.00000000000004,8.0,194.0,186.0,0.987555,0.005376344086021506,0.0059139784946236566,0.0064516129032258064,synchronized_peak_current_voltage_drop,0.5800000000094698,1.0000000000001563,2.27471676670449,142.40962891448842,0.8303860622073057,5970,4.516129032258065,0.9453482680467431,23.575,-23.92,-15.0,,8,200,60.0,120.0,112.0,119.0,144.0,143.0,142.0,142.0,59.861319,119.951304,4784.662602,2158,216,481,//qar7000185/GP0_UPLOAD/BOXER/CYLOM\KZ-04-84_CP-13\20220621\can_Tapper17-04-19-15-35-16.pcap.gz
191,2022-04-19 16:29:25.268489,can_tapper17,"rgb(77,175,74)",PG3_est,123.0,113.0,113.0,8.130081300813007,68.33333333333339,124.0,-8.843540243896139e-14,1500,-35.019999999991406,-5.019999999991406,78.00000000000004,8.0,194.0,186.0,0.987555,0.005376344086021506,0.005376344086021506,0.0059139784946236566,synchronized_peak_current_voltage_drop,0.8400000000095105,1.0000000000001563,2.0171482422437275,145.61812741792863,0.7821232212944829,5957,4.761904761904762,1.2113224005422325,23.575,-23.92,-15.0,,8,200,60.0,120.0,113.0,119.0,147.0,148.0,146.0,145.0,59.861319,119.951304,4784.662602,2158,216,481,//qar7000185/GP0_UPLOAD/BOXER/CYLOM\KZ-04-84_CP-13\20220621\can_Tapper17-04-19-15-35-16.pcap.gz
191,2022-04-19 16:29:25.268489,can_tapper17,"rgb(77,175,74)",PG4,123.0,113.0,113.0,8.130081300813007,68.33333333333339,124.0,-8.843540243896139e-14,1500,-35.019999999991406,-5.019999999991406,78.00000000000004,8.0,194.0,186.0,0.987555,0.005376344086021506,0.005376344086021506,0.0059139784946236566,synchronized_peak_current_voltage_drop,0.8400000000095105,1.0000000000001563,2.0171482422437275,145.61812741792863,0.7821232212944829,5957,4.761904761904762,1.2113224005422325,23.575,-23.92,-15.0,,8,200,60.0,120.0,113.0,119.0,147.0,148.0,146.0,145.0,59.861319,119.951304,4784.662602,2158,216,481,//qar7000185/GP0_UPLOAD/BOXER/CYLOM\KZ-04-84_CP-13\20220621\can_Tapper17-04-19-15-35-16.pcap.gz
192,2022-04-19 18:14:29.409814,can_tapper17,"rgb(152,78,163)",PG1_est,123.0,108.0,108.0,12.195121951219512,68.33333333333339,124.0,-0.2601156711623298,1500,-35.019999999991406,-5.019999999991406,78.00000000000004,4.0,251.0,247.0,0.757658,0.006072874493927126,0.006072874493927126,0.006477732793522268,synchronized_peak_current_voltage_drop,0.7000000000094886,0.5000000000000782,119.99999999999996,118.52070778670576,0.38852987344943235,5964,6.832298136645963,1.7840859541779661,25.68,-22.48993288590604,6.0,2.256298,7,149,60.0,120.0,114.0,121.0,142.0,142.0,141.0,141.0,59.965649,119.962925,6304.141325,2159,313,442,//qar7000185/GP0_UPLOAD/BOXER/CYLOM\KZ-04-84_CP-13\20220621\can_Tapper17-04-19-17-35-16.pcap.gz
192,2022-04-19 18:14:29.409814,can_tapper17,"rgb(152,78,163)",PG2,124.0,112.0,118.0,9.67741935483871,78.00000000000004,124.0,-8.843540243896139e-14,1500,-35.019999999991406,-5.019999999991406,78.00000000000004,4.0,251.0,247.0,0.757658,0.0024291497975708503,0.004858299595141701,0.0024291497975708503,synchronized_peak_current_voltage_drop,0.8600000000095136,1.0000000000001563,119.99999999999996,116.6161024152463,0.4634135148774382,5956,4.888888888888889,1.3532744337037437,25.68,-22.48993288590604,6.0,2.256298,7,149,60.0,120.0,112.0,122.0,146.0,145.0,143.0,143.0,59.965649,119.962925,6304.141325,2159,313,442,//qar7000185/GP0_UPLOAD/BOXER/CYLOM\KZ-04-84_CP-13\20220621\can_Tapper17-04-19-17-35-16.pcap.gz
192,2022-04-19 18:14:29.409814,can_tapper17,"rgb(152,78,163)",PG3_est,124.0,112.0,118.0,9.67741935483871,78.00000000000004,125.0,0.09355559713563875,1500,-35.019999999991406,-5.019999999991406,90.0,4.0,251.0,247.0,0.757658,0.0024291497975708503,0.004858299595141701,0.0028340080971659917,synchronized_peak_current_voltage_drop,0.8000000000095042,0.5000000000000782,119.99999999999996,116.14871988247869,0.5104804974838499,5959,2.277432712215321,0.848075062374992,25.68,-22.48993288590604,6.0,2.256298,7,149,60.0,120.0,112.0,123.0,147.0,147.0,144.0,143.0,59.965649,119.962925,6304.141325,2159,313,442,//qar7000185/GP0_UPLOAD/BOXER/CYLOM\KZ-04-84_CP-13\20220621\can_Tapper17-04-19-17-35-16.pcap.gz
192,2022-04-19 18:14:29.409814,can_tapper17,"rgb(152,78,163)",PG4,124.0,112.0,118.0,9.67741935483871,78.00000000000004,125.0,0.09355559713563875,1500,-35.019999999991406,-5.019999999991406,90.0,4.0,251.0,247.0,0.757658,0.0024291497975708503,0.004858299595141701,0.0028340080971659917,synchronized_peak_current_voltage_drop,0.8000000000095042,0.5000000000000782,119.99999999999996,116.14871988247869,0.5104804974838499,5959,2.277432712215321,0.848075062374992,25.68,-22.48993288590604,6.0,2.256298,7,149,60.0,120.0,112.0,123.0,147.0,147.0,144.0,143.0,59.965649,119.962925,6304.141325,2159,313,442,//qar7000185/GP0_UPLOAD/BOXER/CYLOM\KZ-04-84_CP-13\20220621\can_Tapper17-04-19-17-35-16.pcap.gz
193,2022-04-21 08:10:24.990699,can_tapper17,"rgb(255,127,0)",PG1_est,114.0,99.0,99.0,13.157894736842104,40.0,114.0,-2.842712374538421,1500,-35.019999999991406,-5.019999999991406,40.0,1.0,164.0,163.0,0.66565,0.009202453987730062,0.009202453987730062,0.009202453987730062,synchronized_peak_current_voltage_drop,0.5600000000094667,1.5000000000002345,4.148345232772487,139.69710360377422,0.8863136989699453,5971,5.714285714285714,2.5055331053462213,13.75,-61.108333333333334,29.0,2.067276,6,240,60.0,120.0,99.0,107.0,125.0,134.0,142.0,139.0,59.95305,119.95258,136555.580885,2160,304,451,//qar7000185/GP0_UPLOAD/BOXER/CYLOM\KZ-04-84_CP-13\20220621\can_Tapper17-04-21-07-35-16.pcap.gz
193,2022-04-21 08:10:24.990699,can_tapper17,"rgb(255,127,0)",PG2,114.0,101.0,101.0,11.403508771929824,40.0,115.0,-3.2371392165056174,1500,-35.019999999991406,-5.019999999991406,40.0,1.0,164.0,163.0,0.66565,0.007975460122699387,0.007975460122699387,0.008588957055214723,synchronized_peak_current_voltage_drop,0.5600000000094667,1.5000000000002345,4.148345232772487,140.22133761255068,0.8819248635888601,5971,4.109589041095891,1.5870399309125225,13.75,-61.108333333333334,29.0,2.067276,6,240,60.0,120.0,101.0,108.0,125.0,135.0,144.0,140.0,59.95305,119.95258,136555.580885,2160,304,451,//qar7000185/GP0_UPLOAD/BOXER/CYLOM\KZ-04-84_CP-13\20220621\can_Tapper17-04-21-07-35-16.pcap.gz
193,2022-04-21 08:10:24.990699,can_tapper17,"rgb(255,127,0)",PG3_est,116.0,105.0,105.0,9.482758620689655,40.0,116.0,-4.998002221333393,1500,-35.019999999991406,-5.019999999991406,40.0,1.0,164.0,163.0,0.66565,0.006748466257668713,0.006748466257668713,0.006748466257668713,synchronized_peak_current_voltage_drop,0.46000000000945107,1.0000000000001563,4.67804510221319,140.69535077779395,0.8867527738670504,5976,4.761904761904762,2.046286518129372,13.75,-61.108333333333334,29.0,2.067276,6,240,60.0,120.0,110.0,113.0,125.0,135.0,144.0,140.0,59.95305,119.95258,136555.580885,2160,304,451,//qar7000185/GP0_UPLOAD/BOXER/CYLOM\KZ-04-84_CP-13\20220621\can_Tapper17-04-21-07-35-16.pcap.gz
193,2022-04-21 08:10:24.990699,can_tapper17,"rgb(255,127,0)",PG4,116.0,105.0,105.0,9.482758620689655,40.0,116.0,-4.998002221333393,1500,-35.019999999991406,-5.019999999991406,40.0,1.0,164.0,163.0,0.66565,0.006748466257668713,0.006748466257668713,0.006748466257668713,synchronized_peak_current_voltage_drop,0.46000000000945107,1.0000000000001563,4.67804510221319,140.69535077779395,0.8867527738670504,5976,4.761904761904762,2.046286518129372,13.75,-61.108333333333334,29.0,2.067276,6,240,60.0,120.0,110.0,113.0,125.0,135.0,144.0,140.0,59.95305,119.95258,136555.580885,2160,304,451,//qar7000185/GP0_UPLOAD/BOXER/CYLOM\KZ-04-84_CP-13\20220621\can_Tapper17-04-21-07-35-16.pcap.gz
194,2022-04-22 08:15:46.618444,can_tapper17,"rgb(255,255,51)",PG1_est,97.0,97.0,97.0,0.0,40.0,99.0,-11.331693925195337,1500,-35.019999999991406,-5.019999999991406,40.0,5.5,5.0,0.5,0.0,,,0.4,synchronized_peak_current_voltage_drop,9.379164112033322e-12,0.020000000000003126,83.67827294507173,161.39044848887008,0.6425088910659456,5065,4.197530864197531,4.197530864197531,,-38.607734806629836,88.0,23.329074,1,181,60.0,120.0,97.0,97.0,,,101.0,137.0,59.894199,119.948489,86721.627745,1893,223,420,//qar7000185/GP0_UPLOAD/BOXER/CYLOM\KZ-04-84_CP-13\20220621\can_Tapper17-04-22-07-35-16.pcap.gz
194,2022-04-22 08:15:46.618444,can_tapper17,"rgb(255,255,51)",PG2,88.0,88.0,88.0,0.0,40.0,91.0,-10.058688914971333,1500,-35.019999999991406,-5.019999999991406,40.0,5.5,5.0,0.5,0.0,,,0.6,synchronized_peak_current_voltage_drop,9.379164112033322e-12,0.020000000000003126,119.99999999999996,192.34543318787672,0.738857056167224,5068,13.08641975308642,13.086419753086421,,-38.607734806629836,88.0,23.329074,1,181,60.0,120.0,88.0,88.0,,,93.0,130.0,59.894199,119.948489,86721.627745,1893,223,420,//qar7000185/GP0_UPLOAD/BOXER/CYLOM\KZ-04-84_CP-13\20220621\can_Tapper17-04-22-07-35-16.pcap.gz
194,2022-04-22 08:15:46.618444,can_tapper17,"rgb(255,255,51)",PG3_est,110.0,110.0,110.0,0.0,40.0,111.0,-3.338001483555608,1500,-35.019999999991406,-5.019999999991406,40.0,5.5,5.0,0.5,0.0,,,0.2,synchronized_peak_current_voltage_drop,9.379164112033322e-12,0.020000000000003126,74.20329583699333,155.7765679993038,0.6310786681448448,5061,8.641975308641975,8.641975308641976,,-38.607734806629836,88.0,23.329074,1,181,60.0,120.0,110.0,110.0,,,112.0,141.0,59.894199,119.948489,86721.627745,1893,223,420,//qar7000185/GP0_UPLOAD/BOXER/CYLOM\KZ-04-84_CP-13\20220621\can_Tapper17-04-22-07-35-16.pcap.gz
194,2022-04-22 08:15:46.618444,can_tapper17,"rgb(255,255,51)",PG4,110.0,110.0,110.0,0.0,40.0,111.0,-3.338001483555608,1500,-35.019999999991406,-5.019999999991406,40.0,5.5,5.0,0.5,0.0,,,0.2,synchronized_peak_current_voltage_drop,9.379164112033322e-12,0.020000000000003126,74.20329583699333,155.7765679993038,0.6310786681448448,5061,8.641975308641975,8.641975308641976,,-38.607734806629836,88.0,23.329074,1,181,60.0,120.0,110.0,110.0,,,112.0,141.0,59.894199,119.948489,86721.627745,1893,223,420,//qar7000185/GP0_UPLOAD/BOXER/CYLOM\KZ-04-84_CP-13\20220621\can_Tapper17-04-22-07-35-16.pcap.gz
195,2022-04-22 08:16:34.492893,can_tapper17,"rgb(166,86,40)",PG1_est,100.0,60.0,87.0,40.0,40.0,101.0,-2.17368214598629,1087,-35.019999999991406,-5.019999999991406,40.0,1.0,88.0,87.0,0.610221,0.014942528735632184,0.04597701149425287,0.016091954022988506,synchronized_peak_current_voltage_drop,0.6400000000094792,1.0000000000001563,2.892719705486028,135.35013973633747,0.8439647080944899,5967,31.428571428571427,9.258350004104969,12.8,-53.1,28.0,2.1119,7,230,60.0,120.0,76.0,87.0,120.0,135.0,138.0,136.0,59.951205,119.86127,47.874449,1892,294,544,//qar7000185/GP0_UPLOAD/BOXER/CYLOM\KZ-04-84_CP-13\20220621\can_Tapper17-04-22-07-35-16.pcap.gz
195,2022-04-22 08:16:34.492893,can_tapper17,"rgb(166,86,40)",PG2,92.0,64.0,78.0,30.434782608695656,40.0,93.0,-4.4541564128782785,1087,-35.019999999991406,-5.019999999991406,40.0,1.0,88.0,87.0,0.610221,0.016091954022988506,0.03218390804597701,0.017241379310344827,synchronized_peak_current_voltage_drop,0.6800000000094855,2.0000000000003126,4.148345232772487,136.51804930525049,0.9199408225795529,5965,26.595744680851062,18.95446737290184,12.8,-53.1,28.0,2.1119,7,230,60.0,120.0,67.0,77.0,114.0,127.0,138.0,139.0,59.951205,119.86127,47.874449,1892,294,544,//qar7000185/GP0_UPLOAD/BOXER/CYLOM\KZ-04-84_CP-13\20220621\can_Tapper17-04-22-07-35-16.pcap.gz
195,2022-04-22 08:16:34.492893,can_tapper17,"rgb(166,86,40)",PG3_est,112.0,100.0,106.0,10.714285714285714,40.0,112.0,-9.924054842176837e-14,1087,-35.019999999991406,-5.019999999991406,40.0,1.0,88.0,87.0,0.610221,0.006896551724137931,0.013793103448275862,0.006896551724137931,synchronized_peak_current_voltage_drop,0.6600000000094823,1.260000000000197,3.678623825607137,138.5112517694008,0.7247499997568436,5966,21.142857142857142,14.079727609882402,12.8,-53.1,28.0,2.1119,7,230,60.0,120.0,102.0,107.0,124.0,138.0,143.0,139.0,59.951205,119.86127,47.874449,1892,294,544,//qar7000185/GP0_UPLOAD/BOXER/CYLOM\KZ-04-84_CP-13\20220621\can_Tapper17-04-22-07-35-16.pcap.gz
195,2022-04-22 08:16:34.492893,can_tapper17,"rgb(166,86,40)",PG4,112.0,100.0,106.0,10.714285714285714,40.0,112.0,-9.924054842176837e-14,1087,-35.019999999991406,-5.019999999991406,40.0,1.0,88.0,87.0,0.610221,0.006896551724137931,0.013793103448275862,0.006896551724137931,synchronized_peak_current_voltage_drop,0.6600000000094823,1.260000000000197,3.678623825607137,138.5112517694008,0.7247499997568436,5966,21.142857142857142,14.079727609882402,12.8,-53.1,28.0,2.1119,7,230,60.0,120.0,102.0,107.0,124.0,138.0,143.0,139.0,59.951205,119.86127,47.874449,1892,294,544,//qar7000185/GP0_UPLOAD/BOXER/CYLOM\KZ-04-84_CP-13\20220621\can_Tapper17-04-22-07-35-16.pcap.gz
196,2022-04-22 18:08:27.547783,can_tapper17,"rgb(247,129,191)",PG1_est,95.0,63.0,65.0,33.68421052631579,40.0,96.0,6.002633778947477,1500,-35.019999999991406,-5.019999999991406,40.0,0.0,120.0,120.0,0.790244,0.025,0.02666666666666667,0.025833333333333333,synchronized_peak_current_voltage_drop,1.1800000000095636,1.3400000000002095,119.99999999999996,88.63889607616363,0.35729745980837124,5940,27.74869109947644,14.625099486188779,20.05,-38.289855072463766,15.0,2.284746,7,138,60.0,120.0,65.0,79.0,103.0,130.0,135.0,119.0,59.973008,119.907067,35513.05489,2160,172,348,//qar7000185/GP0_UPLOAD/BOXER/CYLOM\KZ-04-84_CP-13\20220621\can_Tapper17-04-22-17-35-16.pcap.gz
196,2022-04-22 18:08:27.547783,can_tapper17,"rgb(247,129,191)",PG2,89.0,62.0,62.0,30.337078651685395,40.0,89.0,1.2569427808635805,1500,-35.019999999991406,-5.019999999991406,40.0,0.0,120.0,120.0,0.790244,0.022500000000000003,0.022500000000000003,0.022500000000000003,synchronized_peak_current_voltage_drop,0.6800000000094855,1.740000000000272,119.99999999999996,83.71223844111134,0.3076482772934791,5965,38.613861386138616,19.615621199874845,20.05,-38.289855072463766,15.0,2.284746,7,138,60.0,120.0,62.0,75.0,110.0,122.0,128.0,109.0,59.973008,119.907067,35513.05489,2160,172,348,//qar7000185/GP0_UPLOAD/BOXER/CYLOM\KZ-04-84_CP-13\20220621\can_Tapper17-04-22-17-35-16.pcap.gz
196,2022-04-22 18:08:27.547783,can_tapper17,"rgb(247,129,191)",PG3_est,111.0,99.0,99.0,10.81081081081081,40.0,110.0,3.1795214131202356,1500,-35.019999999991406,-5.019999999991406,40.0,0.0,120.0,120.0,0.790244,0.01,0.01,0.009166666666666667,synchronized_peak_current_voltage_drop,0.7200000000094917,1.5000000000002345,119.99999999999996,99.63636896933045,0.4276458409745041,5963,23.26283987915408,15.87205802588911,20.05,-38.289855072463766,15.0,2.284746,7,138,60.0,120.0,99.0,105.0,124.0,137.0,139.0,122.0,59.973008,119.907067,35513.05489,2160,172,348,//qar7000185/GP0_UPLOAD/BOXER/CYLOM\KZ-04-84_CP-13\20220621\can_Tapper17-04-22-17-35-16.pcap.gz
196,2022-04-22 18:08:27.547783,can_tapper17,"rgb(247,129,191)",PG4,111.0,99.0,99.0,10.81081081081081,40.0,110.0,3.1795214131202356,1500,-35.019999999991406,-5.019999999991406,40.0,0.0,120.0,120.0,0.790244,0.01,0.01,0.009166666666666667,synchronized_peak_current_voltage_drop,0.7200000000094917,1.5000000000002345,119.99999999999996,99.63636896933045,0.4276458409745041,5963,23.26283987915408,15.87205802588911,20.05,-38.289855072463766,15.0,2.284746,7,138,60.0,120.0,99.0,105.0,124.0,137.0,139.0,122.0,59.973008,119.907067,35513.05489,2160,172,348,//qar7000185/GP0_UPLOAD/BOXER/CYLOM\KZ-04-84_CP-13\20220621\can_Tapper17-04-22-17-35-16.pcap.gz
197,2022-04-23 11:30:32.105295,can_tapper17,"rgb(153,153,153)",PG1_est,134.0,93.0,132.0,30.597014925373134,100.0,134.0,-0.09654226512954334,1500,-35.019999999991406,-5.019999999991406,100.0,61.0,487.0,426.0,0.771099,0.0004694835680751174,0.009624413145539905,0.0004694835680751174,synchronized_peak_current_voltage_drop,1.2200000000095699,1.1400000000001782,0.77129712930562,138.86886970748256,0.6328613090388178,5938,20.54794520547945,5.4928100040589065,13.875,-37.025862068965516,150.0,2.273799,7,232,60.0,120.0,97.0,122.0,145.0,138.0,142.0,139.0,59.996781,119.90516,62524.557512,2159,288,504,//qar7000185/GP0_UPLOAD/BOXER/CYLOM\KZ-04-84_CP-13\20220621\can_Tapper17-04-23-10-35-16.pcap.gz
197,2022-04-23 11:30:32.105295,can_tapper17,"rgb(153,153,153)",PG2,126.0,94.0,94.0,25.396825396825395,95.0,127.0,-4.92747774554438,1500,-35.019999999991406,-5.019999999991406,100.0,61.0,487.0,426.0,0.771099,0.007511737089201879,0.007511737089201879,0.007746478873239436,synchronized_peak_current_voltage_drop,0.7200000000094917,1.7600000000002751,1.2473253980523544,132.94900388839434,0.8807271338520853,5963,15.068493150684931,6.940956445082275,13.875,-37.025862068965516,150.0,2.273799,7,232,60.0,120.0,94.0,113.0,136.0,132.0,134.0,133.0,59.996781,119.90516,62524.557512,2159,288,504,//qar7000185/GP0_UPLOAD/BOXER/CYLOM\KZ-04-84_CP-13\20220621\can_Tapper17-04-23-10-35-16.pcap.gz
197,2022-04-23 11:30:32.105295,can_tapper17,"rgb(153,153,153)",PG3_est,136.0,106.0,106.0,22.058823529411764,100.0,138.0,-5.965789318127309,1500,-35.019999999991406,-5.019999999991406,100.0,61.0,487.0,426.0,0.771099,0.007042253521126761,0.007042253521126761,0.007511737089201879,synchronized_peak_current_voltage_drop,0.6600000000094823,1.7600000000002751,1.1060894573843554,139.40608542623713,0.6166886323897268,5966,9.236947791164658,4.163751052192875,13.875,-37.025862068965516,150.0,2.273799,7,232,60.0,120.0,106.0,119.0,146.0,141.0,142.0,139.0,59.996781,119.90516,62524.557512,2159,288,504,//qar7000185/GP0_UPLOAD/BOXER/CYLOM\KZ-04-84_CP-13\20220621\can_Tapper17-04-23-10-35-16.pcap.gz
197,2022-04-23 11:30:32.105295,can_tapper17,"rgb(153,153,153)",PG4,136.0,106.0,106.0,22.058823529411764,100.0,138.0,-5.965789318127309,1500,-35.019999999991406,-5.019999999991406,100.0,61.0,487.0,426.0,0.771099,0.007042253521126761,0.007042253521126761,0.007511737089201879,synchronized_peak_current_voltage_drop,0.6600000000094823,1.7600000000002751,1.1060894573843554,139.40608542623713,0.6166886323897268,5966,9.236947791164658,4.163751052192875,13.875,-37.025862068965516,150.0,2.273799,7,232,60.0,120.0,106.0,119.0,146.0,141.0,142.0,139.0,59.996781,119.90516,62524.557512,2159,288,504,//qar7000185/GP0_UPLOAD/BOXER/CYLOM\KZ-04-84_CP-13\20220621\can_Tapper17-04-23-10-35-16.pcap.gz
198,2022-04-23 12:04:09.056196,can_tapper17,"rgb(228,26,28)",PG1_est,121.0,104.0,104.0,14.049586776859504,52.857142857142826,125.0,-65.58542470462308,1500,-35.019999999991406,-5.019999999991406,90.0,1.0,280.0,279.0,0.516875,0.006093189964157706,0.006093189964157706,0.007526881720430108,synchronized_peak_current_voltage_drop,0.4800000000094542,1.0000000000001563,3.2620894576029285,136.69981957131827,0.9537806591079538,5975,7.349665924276169,2.884945066736145,20.866666666666667,-45.85425101214575,-1.0,,7,247,60.0,120.0,113.0,121.0,129.0,134.0,137.0,137.0,59.940991,119.880308,2016.950901,2160,368,614,//qar7000185/GP0_UPLOAD/BOXER/CYLOM\KZ-04-84_CP-13\20220621\can_Tapper17-04-23-11-35-16.pcap.gz
198,2022-04-23 12:04:09.056196,can_tapper17,"rgb(228,26,28)",PG2,122.0,105.0,105.0,13.934426229508196,60.0,126.0,-62.34605437601418,1500,-35.019999999991406,-5.019999999991406,95.0,1.0,280.0,279.0,0.516875,0.006093189964157706,0.006093189964157706,0.007526881720430108,synchronized_peak_current_voltage_drop,0.4800000000094542,1.0000000000001563,3.2620894576029285,136.32958848817808,0.9532315939579106,5975,6.458797327394209,2.431001964741602,20.866666666666667,-45.85425101214575,-1.0,,7,247,60.0,120.0,115.0,121.0,130.0,135.0,136.0,136.0,59.940991,119.880308,2016.950901,2160,368,614,//qar7000185/GP0_UPLOAD/BOXER/CYLOM\KZ-04-84_CP-13\20220621\can_Tapper17-04-23-11-35-16.pcap.gz
198,2022-04-23 12:04:09.056196,can_tapper17,"rgb(228,26,28)",PG3_est,123.0,114.0,120.0,7.317073170731707,68.33333333333339,127.0,-64.76376211721715,1500,-35.019999999991406,-5.019999999991406,100.0,1.0,280.0,279.0,0.516875,0.001075268817204301,0.0032258064516129032,0.0025089605734767025,synchronized_peak_current_voltage_drop,0.9800000000095324,0.5000000000000782,3.678623825607137,137.96981996200316,0.9605981060598294,5950,6.904231625835189,2.5439384280195747,20.866666666666667,-45.85425101214575,-1.0,,7,247,60.0,120.0,114.0,122.0,131.0,136.0,138.0,138.0,59.940991,119.880308,2016.950901,2160,368,614,//qar7000185/GP0_UPLOAD/BOXER/CYLOM\KZ-04-84_CP-13\20220621\can_Tapper17-04-23-11-35-16.pcap.gz
198,2022-04-23 12:04:09.056196,can_tapper17,"rgb(228,26,28)",PG4,123.0,114.0,120.0,7.317073170731707,68.33333333333339,127.0,-64.76376211721715,1500,-35.019999999991406,-5.019999999991406,100.0,1.0,280.0,279.0,0.516875,0.001075268817204301,0.0032258064516129032,0.0025089605734767025,synchronized_peak_current_voltage_drop,0.9800000000095324,0.5000000000000782,3.678623825607137,137.96981996200316,0.9605981060598294,5950,6.904231625835189,2.5439384280195747,20.866666666666667,-45.85425101214575,-1.0,,7,247,60.0,120.0,114.0,122.0,131.0,136.0,138.0,138.0,59.940991,119.880308,2016.950901,2160,368,614,//qar7000185/GP0_UPLOAD/BOXER/CYLOM\KZ-04-84_CP-13\20220621\can_Tapper17-04-23-11-35-16.pcap.gz
199,2022-04-25 15:00:39.223505,can_tapper17,"rgb(55,126,184)",PG1_est,119.0,97.0,103.0,18.487394957983195,40.0,116.0,-5.048162243626783,1500,-35.019999999991406,-5.019999999991406,40.0,0.0,213.0,213.0,1.028425,0.007511737089201879,0.010328638497652583,0.006103286384976526,synchronized_peak_current_voltage_drop,1.080000000009548,0.7600000000001188,3.2620894576029285,148.47173809822687,0.8806717669433015,5945,8.665105386416862,2.9595379790870715,12.055,-60.54066985645933,35.0,2.031624,8,209,60.0,120.0,103.0,112.0,118.0,150.0,149.0,148.0,34.057857,119.811825,183390.167309,1851,243,622,//qar7000185/GP0_UPLOAD/BOXER/CYLOM\KZ-04-84_CP-13\20220621\can_Tapper17-04-25-14-46-24.pcap.gz
199,2022-04-25 15:00:39.223505,can_tapper17,"rgb(55,126,184)",PG2,109.0,94.0,97.0,13.761467889908257,40.0,106.0,3.0280813458133977,1500,-35.019999999991406,-5.019999999991406,40.0,0.0,213.0,213.0,1.028425,0.005633802816901408,0.007042253521126761,0.004225352112676057,synchronized_peak_current_voltage_drop,1.1200000000095542,1.0000000000001563,3.678623825607137,136.4892318303756,0.9309462095184312,5943,7.8431372549019605,4.141911296477835,12.055,-60.54066985645933,35.0,2.031624,8,209,60.0,120.0,97.0,103.0,109.0,135.0,136.0,136.0,34.057857,119.811825,183390.167309,1851,243,622,//qar7000185/GP0_UPLOAD/BOXER/CYLOM\KZ-04-84_CP-13\20220621\can_Tapper17-04-25-14-46-24.pcap.gz
199,2022-04-25 15:00:39.223505,can_tapper17,"rgb(55,126,184)",PG3_est,116.0,98.0,98.0,15.517241379310345,40.0,114.0,-5.233006770224345,1500,-35.019999999991406,-5.019999999991406,40.0,0.0,213.0,213.0,1.028425,0.008450704225352114,0.008450704225352114,0.007511737089201879,synchronized_peak_current_voltage_drop,0.8400000000095105,1.5000000000002345,3.2620894576029285,141.75386125859828,0.9048578429178005,5957,3.5294117647058822,1.157620126858226,12.055,-60.54066985645933,35.0,2.031624,8,209,60.0,120.0,98.0,106.0,115.0,143.0,142.0,142.0,34.057857,119.811825,183390.167309,1851,243,622,//qar7000185/GP0_UPLOAD/BOXER/CYLOM\KZ-04-84_CP-13\20220621\can_Tapper17-04-25-14-46-24.pcap.gz
199,2022-04-25 15:00:39.223505,can_tapper17,"rgb(55,126,184)",PG4,116.0,98.0,98.0,15.517241379310345,40.0,114.0,-5.233006770224345,1500,-35.019999999991406,-5.019999999991406,40.0,0.0,213.0,213.0,1.028425,0.008450704225352114,0.008450704225352114,0.007511737089201879,synchronized_peak_current_voltage_drop,0.8400000000095105,1.5000000000002345,3.2620894576029285,141.75386125859828,0.9048578429178005,5957,3.5294117647058822,1.157620126858226,12.055,-60.54066985645933,35.0,2.031624,8,209,60.0,120.0,98.0,106.0,115.0,143.0,142.0,142.0,34.057857,119.811825,183390.167309,1851,243,622,//qar7000185/GP0_UPLOAD/BOXER/CYLOM\KZ-04-84_CP-13\20220621\can_Tapper17-04-25-14-46-24.pcap.gz
200,2022-05-02 13:09:10.318425,can_tapper17,"rgb(77,175,74)",PG1_est,112.0,18.0,82.0,83.92857142857143,40.0,112.0,-5.996589331816152,1500,-35.019999999991406,-5.019999999991406,40.0,53.0,336.0,283.0,1.83735,0.01060070671378092,0.033215547703180213,0.01060070671378092,synchronized_peak_current_voltage_drop,0.760000000009498,1.5000000000002345,2.565174071178317,141.27682363726703,0.9547208787496801,5961,80.6970509383378,11.173699175421694,12.45,-96.03367003367003,194.0,2.342045,2,297,60.0,120.0,63.0,82.0,111.0,141.0,141.0,142.0,59.890149,119.96178,598111.09492,2160,391,444,//qar7000185/GP0_UPLOAD/BOXER/CYLOM\KZ-04-84_CP-13\20220621\can_Tapper17-05-02-13-06-59.pcap.gz
200,2022-05-02 13:09:10.318425,can_tapper17,"rgb(77,175,74)",PG2,115.0,70.0,88.0,39.130434782608695,40.0,116.0,-6.43418952630551,1500,-35.019999999991406,-5.019999999991406,40.0,53.0,336.0,283.0,1.83735,0.009540636042402828,0.015901060070671377,0.009893992932862191,synchronized_peak_current_voltage_drop,0.8000000000095042,1.7600000000002751,2.565174071178317,144.5080280145053,0.9548490063791137,5959,24.932975871313673,4.958634958311623,12.45,-96.03367003367003,194.0,2.342045,2,297,60.0,120.0,70.0,88.0,115.0,145.0,144.0,144.0,59.890149,119.96178,598111.09492,2160,391,444,//qar7000185/GP0_UPLOAD/BOXER/CYLOM\KZ-04-84_CP-13\20220621\can_Tapper17-05-02-13-06-59.pcap.gz
200,2022-05-02 13:09:10.318425,can_tapper17,"rgb(77,175,74)",PG3_est,120.0,85.0,102.0,29.166666666666668,46.24999999999997,121.0,-5.360162382293319,1500,-35.019999999991406,-5.019999999991406,52.857142857142826,53.0,336.0,283.0,1.83735,0.0063604240282685515,0.012367491166077738,0.006713780918727915,synchronized_peak_current_voltage_drop,0.8200000000095073,1.740000000000272,2.892719705486028,149.76208104412484,0.907650816347042,5958,28.68632707774799,7.542207866842009,12.45,-96.03367003367003,194.0,2.342045,2,297,60.0,120.0,85.0,102.0,120.0,152.0,151.0,150.0,59.890149,119.96178,598111.09492,2160,391,444,//qar7000185/GP0_UPLOAD/BOXER/CYLOM\KZ-04-84_CP-13\20220621\can_Tapper17-05-02-13-06-59.pcap.gz
200,2022-05-02 13:09:10.318425,can_tapper17,"rgb(77,175,74)",PG4,120.0,85.0,102.0,29.166666666666668,46.24999999999997,121.0,-5.360162382293319,1500,-35.019999999991406,-5.019999999991406,52.857142857142826,53.0,336.0,283.0,1.83735,0.0063604240282685515,0.012367491166077738,0.006713780918727915,synchronized_peak_current_voltage_drop,0.8200000000095073,1.740000000000272,2.892719705486028,149.76208104412484,0.907650816347042,5958,28.68632707774799,7.542207866842009,12.45,-96.03367003367003,194.0,2.342045,2,297,60.0,120.0,85.0,102.0,120.0,152.0,151.0,150.0,59.890149,119.96178,598111.09492,2160,391,444,//qar7000185/GP0_UPLOAD/BOXER/CYLOM\KZ-04-84_CP-13\20220621\can_Tapper17-05-02-13-06-59.pcap.gz
201,2022-05-02 14:04:50.354576,can_tapper17,"rgb(152,78,163)",PG1_est,123.0,103.0,104.0,16.260162601626014,68.33333333333339,124.0,-0.15157340069901537,1500,-35.019999999991406,-5.019999999991406,78.00000000000004,0.0,452.0,452.0,1.133151,0.0042035398230088495,0.004424778761061947,0.004424778761061947,synchronized_peak_current_voltage_drop,0.6200000000094761,1.740000000000272,3.678623825607137,144.201572114153,0.953110011083872,5968,4.587155963302752,1.6017613334950633,23.2,-96.82142857142857,154.0,2.139126,4,280,60.0,120.0,103.0,114.0,123.0,143.0,144.0,144.0,34.035729,119.793725,3340.036151,1848,315,577,//qar7000185/GP0_UPLOAD/BOXER/CYLOM\KZ-04-84_CP-13\20220621\can_Tapper17-05-02-14-04-16.pcap.gz
201,2022-05-02 14:04:50.354576,can_tapper17,"rgb(152,78,163)",PG2,122.0,105.0,110.0,13.934426229508196,60.0,122.0,-1.00977822656791,1500,-35.019999999991406,-5.019999999991406,60.0,0.0,452.0,452.0,1.133151,0.002654867256637168,0.003761061946902655,0.002654867256637168,synchronized_peak_current_voltage_drop,0.6200000000094761,1.5000000000002345,3.678623825607137,141.38772047850347,0.9528445470394588,5968,0.9174311926605505,0.5094663599023646,23.2,-96.82142857142857,154.0,2.139126,4,280,60.0,120.0,105.0,114.0,121.0,141.0,141.0,141.0,34.035729,119.793725,3340.036151,1848,315,577,//qar7000185/GP0_UPLOAD/BOXER/CYLOM\KZ-04-84_CP-13\20220621\can_Tapper17-05-02-14-04-16.pcap.gz
201,2022-05-02 14:04:50.354576,can_tapper17,"rgb(152,78,163)",PG3_est,123.0,105.0,111.0,14.634146341463413,68.33333333333339,124.0,-8.843540243896139e-14,1500,-35.019999999991406,-5.019999999991406,78.00000000000004,0.0,452.0,452.0,1.133151,0.002654867256637168,0.003982300884955752,0.0028761061946902654,synchronized_peak_current_voltage_drop,0.6200000000094761,1.5000000000002345,4.148345232772487,144.51817034105318,0.952882378482965,5968,1.834862385321101,0.7627684224872522,23.2,-96.82142857142857,154.0,2.139126,4,280,60.0,120.0,105.0,116.0,123.0,143.0,144.0,144.0,34.035729,119.793725,3340.036151,1848,315,577,//qar7000185/GP0_UPLOAD/BOXER/CYLOM\KZ-04-84_CP-13\20220621\can_Tapper17-05-02-14-04-16.pcap.gz
201,2022-05-02 14:04:50.354576,can_tapper17,"rgb(152,78,163)",PG4,123.0,105.0,111.0,14.634146341463413,68.33333333333339,124.0,-8.843540243896139e-14,1500,-35.019999999991406,-5.019999999991406,78.00000000000004,0.0,452.0,452.0,1.133151,0.002654867256637168,0.003982300884955752,0.0028761061946902654,synchronized_peak_current_voltage_drop,0.6200000000094761,1.5000000000002345,4.148345232772487,144.51817034105318,0.952882378482965,5968,1.834862385321101,0.7627684224872522,23.2,-96.82142857142857,154.0,2.139126,4,280,60.0,120.0,105.0,116.0,123.0,143.0,144.0,144.0,34.035729,119.793725,3340.036151,1848,315,577,//qar7000185/GP0_UPLOAD/BOXER/CYLOM\KZ-04-84_CP-13\20220621\can_Tapper17-05-02-14-04-16.pcap.gz
202,2022-05-10 09:06:08.468202,can_tapper17,"rgb(255,127,0)",PG1_est,109.0,74.0,87.0,32.11009174311927,40.0,110.0,1.3767265867958716e-13,332,-11.63999999999244,-5.019999999991406,40.0,0.0,338.0,338.0,1.427782,0.006508875739644971,0.010355029585798817,0.006804733727810651,synchronized_peak_current_voltage_drop,1.0000000000095355,0.5000000000000782,3.2620894576029285,143.9195910090857,0.9066926021869457,5949,23.51421188630491,6.1399797079449625,17.48,-112.55414012738854,47.0,2.023662,4,314,60.0,120.0,74.0,115.0,122.0,144.0,144.0,144.0,9.649606,119.934307,673278.113626,1557,338,415,//qar7000185/GP0_UPLOAD/BOXER/CYLOM\KZ-04-84_CP-13\20220621\can_Tapper17-05-10-09-05-58.pcap.gz
202,2022-05-10 09:06:08.468202,can_tapper17,"rgb(255,127,0)",PG2,111.0,94.0,94.0,15.315315315315313,40.0,111.0,4.065166758715555e-13,332,-11.63999999999244,-5.019999999991406,40.0,0.0,338.0,338.0,1.427782,0.005029585798816568,0.005029585798816568,0.005029585798816568,synchronized_peak_current_voltage_drop,1.0200000000095386,1.0000000000001563,3.2620894576029285,142.23416818162133,0.9299069856383776,5948,10.594315245478036,2.128895192333145,17.48,-112.55414012738854,47.0,2.023662,4,314,60.0,120.0,107.0,102.0,111.0,142.0,142.0,142.0,9.649606,119.934307,673278.113626,1557,338,415,//qar7000185/GP0_UPLOAD/BOXER/CYLOM\KZ-04-84_CP-13\20220621\can_Tapper17-05-10-09-05-58.pcap.gz
202,2022-05-10 09:06:08.468202,can_tapper17,"rgb(255,127,0)",PG3_est,115.0,103.0,106.0,10.434782608695652,40.0,115.0,2.3579221153756906e-13,332,-11.63999999999244,-5.019999999991406,40.0,0.0,338.0,338.0,1.427782,0.0026627218934911242,0.0035502958579881655,0.0026627218934911242,synchronized_peak_current_voltage_drop,1.0000000000095355,0.7600000000001188,3.678623825607137,146.4458102000655,0.8952228463687812,5949,7.888040712468193,3.9627170567099883,17.48,-112.55414012738854,47.0,2.023662,4,314,60.0,120.0,103.0,111.0,115.0,146.0,147.0,147.0,9.649606,119.934307,673278.113626,1557,338,415,//qar7000185/GP0_UPLOAD/BOXER/CYLOM\KZ-04-84_CP-13\20220621\can_Tapper17-05-10-09-05-58.pcap.gz
202,2022-05-10 09:06:08.468202,can_tapper17,"rgb(255,127,0)",PG4,115.0,103.0,106.0,10.434782608695652,40.0,115.0,2.3579221153756906e-13,332,-11.63999999999244,-5.019999999991406,40.0,0.0,338.0,338.0,1.427782,0.0026627218934911242,0.0035502958579881655,0.0026627218934911242,synchronized_peak_current_voltage_drop,1.0000000000095355,0.7600000000001188,3.678623825607137,146.4458102000655,0.8952228463687812,5949,7.888040712468193,3.9627170567099883,17.48,-112.55414012738854,47.0,2.023662,4,314,60.0,120.0,103.0,111.0,115.0,146.0,147.0,147.0,9.649606,119.934307,673278.113626,1557,338,415,//qar7000185/GP0_UPLOAD/BOXER/CYLOM\KZ-04-84_CP-13\20220621\can_Tapper17-05-10-09-05-58.pcap.gz
203,2022-05-17 13:13:57.347679,can_tapper17,"rgb(255,255,51)",PG1_est,115.0,91.0,107.0,20.869565217391305,40.0,116.0,10.733542548239583,1500,-35.019999999991406,-5.019999999991406,40.0,11.0,310.0,299.0,1.573642,0.0026755852842809368,0.008026755852842809,0.0030100334448160534,synchronized_peak_current_voltage_drop,0.5400000000094636,1.5000000000002345,3.678623825607137,143.9211929655552,0.899490515188754,5972,12.5,3.063041732678432,16.991666666666667,-173.3409090909091,161.0,2.078672,1,352,60.0,120.0,97.0,107.0,115.0,144.0,144.0,144.0,59.983157,119.947846,619668.879477,2159,477,552,//qar7000185/GP0_UPLOAD/BOXER/CYLOM\KZ-04-84_CP-13\20220621\can_Tapper17-05-17-12-58-44.pcap.gz
203,2022-05-17 13:13:57.347679,can_tapper17,"rgb(255,255,51)",PG2,116.0,98.0,104.0,15.517241379310345,40.0,116.0,10.841978151988808,1500,-35.019999999991406,-5.019999999991406,40.0,11.0,310.0,299.0,1.573642,0.004013377926421404,0.006020066889632107,0.004013377926421404,synchronized_peak_current_voltage_drop,0.6600000000094823,1.5000000000002345,3.2620894576029285,141.2505033235107,0.9329289463360582,5966,7.0,1.824076607492047,16.991666666666667,-173.3409090909091,161.0,2.078672,1,352,60.0,120.0,101.0,108.0,116.0,141.0,141.0,141.0,59.983157,119.947846,619668.879477,2159,477,552,//qar7000185/GP0_UPLOAD/BOXER/CYLOM\KZ-04-84_CP-13\20220621\can_Tapper17-05-17-12-58-44.pcap.gz
203,2022-05-17 13:13:57.347679,can_tapper17,"rgb(255,255,51)",PG3_est,117.0,101.0,109.0,13.675213675213676,40.0,118.0,10.0834533704222,1500,-35.019999999991406,-5.019999999991406,40.0,11.0,310.0,299.0,1.573642,0.0026755852842809368,0.0053511705685618735,0.0030100334448160534,synchronized_peak_current_voltage_drop,0.6200000000094761,1.260000000000197,3.678623825607137,144.74871325267944,0.9243094330793029,5968,4.8076923076923075,1.7458604622329172,16.991666666666667,-173.3409090909091,161.0,2.078672,1,352,60.0,120.0,104.0,113.0,117.0,145.0,144.0,144.0,59.983157,119.947846,619668.879477,2159,477,552,//qar7000185/GP0_UPLOAD/BOXER/CYLOM\KZ-04-84_CP-13\20220621\can_Tapper17-05-17-12-58-44.pcap.gz
203,2022-05-17 13:13:57.347679,can_tapper17,"rgb(255,255,51)",PG4,117.0,101.0,109.0,13.675213675213676,40.0,118.0,10.0834533704222,1500,-35.019999999991406,-5.019999999991406,40.0,11.0,310.0,299.0,1.573642,0.0026755852842809368,0.0053511705685618735,0.0030100334448160534,synchronized_peak_current_voltage_drop,0.6200000000094761,1.260000000000197,3.678623825607137,144.74871325267944,0.9243094330793029,5968,4.8076923076923075,1.7458604622329172,16.991666666666667,-173.3409090909091,161.0,2.078672,1,352,60.0,120.0,104.0,113.0,117.0,145.0,144.0,144.0,59.983157,119.947846,619668.879477,2159,477,552,//qar7000185/GP0_UPLOAD/BOXER/CYLOM\KZ-04-84_CP-13\20220621\can_Tapper17-05-17-12-58-44.pcap.gz
204,2022-05-18 09:20:50.313532,can_tapper17,"rgb(166,86,40)",PG1_est,121.0,103.0,122.0,14.87603305785124,52.857142857142826,122.0,0.4408890848399954,1500,-35.019999999991406,-5.019999999991406,60.0,0.0,480.0,480.0,0.459744,,0.0037500000000000003,,synchronized_peak_current_voltage_drop,0.30000000000942606,0.06000000000000938,3.2620894576029285,141.90595766427995,0.8221095942038875,5984,11.777301927194861,3.0128769612257416,20.583333333333332,-57.5521472392638,29.0,2.063629,4,326,60.0,120.0,103.0,112.0,121.0,144.0,143.0,142.0,59.862681,119.94205,72412.965853,2158,426,742,//qar7000185/GP0_UPLOAD/BOXER/CYLOM\KZ-04-84_CP-13\20220621\can_Tapper17-05-18-08-54-23.pcap.gz
204,2022-05-18 09:20:50.313532,can_tapper17,"rgb(166,86,40)",PG2,122.0,103.0,103.0,15.573770491803279,60.0,122.0,-0.4408890848391556,1500,-35.019999999991406,-5.019999999991406,60.0,0.0,480.0,480.0,0.459744,0.003958333333333333,0.003958333333333333,0.003958333333333333,synchronized_peak_current_voltage_drop,0.36000000000943544,1.5000000000002345,3.678623825607137,143.4203341970188,0.905695419174564,5981,11.777301927194861,2.824203815211179,20.583333333333332,-57.5521472392638,29.0,2.063629,4,326,60.0,120.0,112.0,118.0,121.0,144.0,142.0,143.0,59.862681,119.94205,72412.965853,2158,426,742,//qar7000185/GP0_UPLOAD/BOXER/CYLOM\KZ-04-84_CP-13\20220621\can_Tapper17-05-18-08-54-23.pcap.gz
204,2022-05-18 09:20:50.313532,can_tapper17,"rgb(166,86,40)",PG3_est,122.0,111.0,119.0,9.01639344262295,60.0,123.0,-5.687905153615099e-14,1500,-35.019999999991406,-5.019999999991406,68.33333333333339,0.0,480.0,480.0,0.459744,0.000625,0.0022916666666666667,0.0008333333333333334,synchronized_peak_current_voltage_drop,0.9000000000095199,1.0000000000001563,2.892719705486028,147.55428754665243,0.8053457764228541,5954,7.207207207207207,1.9993996599194694,20.583333333333332,-57.5521472392638,29.0,2.063629,4,326,60.0,120.0,111.0,121.0,133.0,150.0,149.0,148.0,59.862681,119.94205,72412.965853,2158,426,742,//qar7000185/GP0_UPLOAD/BOXER/CYLOM\KZ-04-84_CP-13\20220621\can_Tapper17-05-18-08-54-23.pcap.gz
204,2022-05-18 09:20:50.313532,can_tapper17,"rgb(166,86,40)",PG4,122.0,111.0,119.0,9.01639344262295,60.0,123.0,-5.687905153615099e-14,1500,-35.019999999991406,-5.019999999991406,68.33333333333339,0.0,480.0,480.0,0.459744,0.000625,0.0022916666666666667,0.0008333333333333334,synchronized_peak_current_voltage_drop,0.9000000000095199,1.0000000000001563,2.892719705486028,147.55428754665243,0.8053457764228541,5954,7.207207207207207,1.9993996599194694,20.583333333333332,-57.5521472392638,29.0,2.063629,4,326,60.0,120.0,111.0,121.0,133.0,150.0,149.0,148.0,59.862681,119.94205,72412.965853,2158,426,742,//qar7000185/GP0_UPLOAD/BOXER/CYLOM\KZ-04-84_CP-13\20220621\can_Tapper17-05-18-08-54-23.pcap.gz
205,2022-06-16 08:29:35.431670,can_tapper17,"rgb(247,129,191)",PG1_est,117.0,100.0,108.0,14.529914529914532,40.0,118.0,-0.14635562060243332,1500,-35.019999999991406,-5.019999999991406,40.0,0.0,330.0,330.0,1.42985,0.0027272727272727275,0.005151515151515152,0.0030303030303030303,synchronized_peak_current_voltage_drop,0.5600000000094667,1.0000000000001563,4.148345232772487,143.17102417912835,0.9042781311913153,5971,9.90990990990991,1.806556554772744,16.1,-129.76582278481013,18.0,2.025376,4,316,60.0,120.0,105.0,114.0,116.0,139.0,143.0,143.0,59.822893,119.992,2502525.118138,2160,382,413,//qar7000185/GP0_UPLOAD/BOXER/CYLOM\KZ-04-84_CP-13\20221011\can_Tapper17-06-16-08-25-10.pcap.gz
205,2022-06-16 08:29:35.431670,can_tapper17,"rgb(247,129,191)",PG2,118.0,105.0,108.0,11.016949152542372,40.0,118.0,0.14635562060266397,1500,-35.019999999991406,-5.019999999991406,40.0,0.0,330.0,330.0,1.42985,0.0030303030303030303,0.00393939393939394,0.0030303030303030303,synchronized_peak_current_voltage_drop,1.080000000009548,0.7400000000001157,4.148345232772487,141.95870815165657,0.9256150358533195,5945,2.7027027027027026,0.814357350940353,16.1,-129.76582278481013,18.0,2.025376,4,316,60.0,120.0,108.0,113.0,118.0,137.0,141.0,142.0,59.822893,119.992,2502525.118138,2160,382,413,//qar7000185/GP0_UPLOAD/BOXER/CYLOM\KZ-04-84_CP-13\20221011\can_Tapper17-06-16-08-25-10.pcap.gz
205,2022-06-16 08:29:35.431670,can_tapper17,"rgb(247,129,191)",PG3_est,119.0,107.0,111.0,10.084033613445378,40.0,119.0,1.5495208654362666e-14,1500,-35.019999999991406,-5.019999999991406,40.0,0.0,330.0,330.0,1.42985,0.0024242424242424242,0.0036363636363636364,0.0024242424242424242,synchronized_peak_current_voltage_drop,0.8200000000095073,1.0200000000001594,3.678623825607137,143.87553298498406,0.8974170618858619,5958,3.6036036036036037,1.0350840079503296,16.1,-129.76582278481013,18.0,2.025376,4,316,60.0,120.0,107.0,114.0,118.0,140.0,144.0,143.0,59.822893,119.992,2502525.118138,2160,382,413,//qar7000185/GP0_UPLOAD/BOXER/CYLOM\KZ-04-84_CP-13\20221011\can_Tapper17-06-16-08-25-10.pcap.gz
205,2022-06-16 08:29:35.431670,can_tapper17,"rgb(247,129,191)",PG4,119.0,107.0,111.0,10.084033613445378,40.0,119.0,1.5495208654362666e-14,1500,-35.019999999991406,-5.019999999991406,40.0,0.0,330.0,330.0,1.42985,0.0024242424242424242,0.0036363636363636364,0.0024242424242424242,synchronized_peak_current_voltage_drop,0.8200000000095073,1.0200000000001594,3.678623825607137,143.87553298498406,0.8974170618858619,5958,3.6036036036036037,1.0350840079503296,16.1,-129.76582278481013,18.0,2.025376,4,316,60.0,120.0,107.0,114.0,118.0,140.0,144.0,143.0,59.822893,119.992,2502525.118138,2160,382,413,//qar7000185/GP0_UPLOAD/BOXER/CYLOM\KZ-04-84_CP-13\20221011\can_Tapper17-06-16-08-25-10.pcap.gz
206,2022-06-20 10:33:37.504132,can_tapper17,"rgb(153,153,153)",PG1_est,122.0,114.0,114.0,6.557377049180328,60.0,123.0,-3.15636584727321,1500,-35.019999999991406,-5.019999999991406,68.33333333333339,0.0,396.0,396.0,1.115532,0.00202020202020202,0.00202020202020202,0.0022727272727272726,synchronized_peak_current_voltage_drop,0.7400000000094948,1.0000000000001563,3.678623825607137,142.8401460074141,0.879269151608364,5962,4.946236559139785,1.3837654871004963,14.582142857142856,-17.325068870523417,104.0,2.113258,4,363,60.0,120.0,114.0,115.0,121.0,142.0,143.0,142.0,34.664486,119.92267,353042.072462,1857,421,412,//qar7000185/GP0_UPLOAD/BOXER/CYLOM\KZ-04-84_CP-13\20221011\can_Tapper17-06-20-10-33-02.pcap.gz
206,2022-06-20 10:33:37.504132,can_tapper17,"rgb(153,153,153)",PG2,123.0,112.0,112.0,8.94308943089431,68.33333333333339,124.0,-4.998722221653449,1500,-35.019999999991406,-5.019999999991406,78.00000000000004,0.0,396.0,396.0,1.115532,0.002777777777777778,0.002777777777777778,0.0030303030303030303,synchronized_peak_current_voltage_drop,0.7400000000094948,1.0000000000001563,3.2620894576029285,143.50782871658956,0.879219914997857,5962,5.806451612903226,1.3063797315456094,14.582142857142856,-17.325068870523417,104.0,2.113258,4,363,60.0,120.0,112.0,120.0,122.0,145.0,143.0,144.0,34.664486,119.92267,353042.072462,1857,421,412,//qar7000185/GP0_UPLOAD/BOXER/CYLOM\KZ-04-84_CP-13\20221011\can_Tapper17-06-20-10-33-02.pcap.gz
206,2022-06-20 10:33:37.504132,can_tapper17,"rgb(153,153,153)",PG3_est,123.0,110.0,116.0,10.569105691056912,68.33333333333339,124.0,-4.346633042947247,1500,-35.019999999991406,-5.019999999991406,78.00000000000004,0.0,396.0,396.0,1.115532,0.0017676767676767676,0.003282828282828283,0.00202020202020202,synchronized_peak_current_voltage_drop,0.5000000000094573,1.0000000000001563,2.892719705486028,143.12154789612546,0.658592797962473,5974,5.376344086021505,1.2665552631211419,14.582142857142856,-17.325068870523417,104.0,2.113258,4,363,60.0,120.0,116.0,120.0,122.0,148.0,146.0,142.0,34.664486,119.92267,353042.072462,1857,421,412,//qar7000185/GP0_UPLOAD/BOXER/CYLOM\KZ-04-84_CP-13\20221011\can_Tapper17-06-20-10-33-02.pcap.gz
206,2022-06-20 10:33:37.504132,can_tapper17,"rgb(153,153,153)",PG4,123.0,110.0,116.0,10.569105691056912,68.33333333333339,124.0,-4.346633042947247,1500,-35.019999999991406,-5.019999999991406,78.00000000000004,0.0,396.0,396.0,1.115532,0.0017676767676767676,0.003282828282828283,0.00202020202020202,synchronized_peak_current_voltage_drop,0.5000000000094573,1.0000000000001563,2.892719705486028,143.12154789612546,0.658592797962473,5974,5.376344086021505,1.2665552631211419,14.582142857142856,-17.325068870523417,104.0,2.113258,4,363,60.0,120.0,116.0,120.0,122.0,148.0,146.0,142.0,34.664486,119.92267,353042.072462,1857,421,412,//qar7000185/GP0_UPLOAD/BOXER/CYLOM\KZ-04-84_CP-13\20221011\can_Tapper17-06-20-10-33-02.pcap.gz
207,2022-06-20 11:06:43.544027,can_tapper17,"rgb(228,26,28)",PG1_est,122.0,109.0,111.0,10.655737704918032,60.0,123.0,-0.20740453662402356,1500,-35.019999999991406,-5.019999999991406,68.33333333333339,15.0,338.0,323.0,1.393775,0.003405572755417957,0.004024767801857585,0.0037151702786377707,synchronized_peak_current_voltage_drop,1.0000000000095355,0.5000000000000782,2.27471676670449,143.39115534003807,0.8151313990383322,5949,5.732484076433121,1.913878039038246,14.8275,-34.32515337423313,16.0,2.38927,5,326,60.0,120.0,109.0,121.0,145.0,141.0,144.0,142.0,59.897224,119.950376,1986.039895,2160,479,687,//qar7000185/GP0_UPLOAD/BOXER/CYLOM\KZ-04-84_CP-13\20221011\can_Tapper17-06-20-10-33-02.pcap.gz
207,2022-06-20 11:06:43.544027,can_tapper17,"rgb(228,26,28)",PG2,122.0,111.0,113.0,9.01639344262295,60.0,123.0,-3.476481545102212,1500,-35.019999999991406,-5.019999999991406,68.33333333333339,15.0,338.0,323.0,1.393775,0.0027863777089783283,0.003405572755417957,0.0030959752321981426,synchronized_peak_current_voltage_drop,1.0400000000095417,0.7600000000001188,1.7887444673306678,142.48254008694448,0.7806359577314057,5947,2.6785714285714284,0.7390542909813838,14.8275,-34.32515337423313,16.0,2.38927,5,326,60.0,120.0,115.0,118.0,143.0,142.0,141.0,141.0,59.897224,119.950376,1986.039895,2160,479,687,//qar7000185/GP0_UPLOAD/BOXER/CYLOM\KZ-04-84_CP-13\20221011\can_Tapper17-06-20-10-33-02.pcap.gz
207,2022-06-20 11:06:43.544027,can_tapper17,"rgb(228,26,28)",PG3_est,123.0,112.0,115.0,8.94308943089431,68.33333333333339,124.0,-3.469112652938394,1500,-35.019999999991406,-5.019999999991406,78.00000000000004,15.0,338.0,323.0,1.393775,0.002476780185758514,0.003405572755417957,0.0027863777089783283,synchronized_peak_current_voltage_drop,0.8200000000095073,1.0000000000001563,2.0171482422437275,144.80441287147113,0.759594097578456,5958,1.910828025477707,0.8187028698799206,14.8275,-34.32515337423313,16.0,2.38927,5,326,60.0,120.0,112.0,118.0,146.0,146.0,146.0,142.0,59.897224,119.950376,1986.039895,2160,479,687,//qar7000185/GP0_UPLOAD/BOXER/CYLOM\KZ-04-84_CP-13\20221011\can_Tapper17-06-20-10-33-02.pcap.gz
207,2022-06-20 11:06:43.544027,can_tapper17,"rgb(228,26,28)",PG4,123.0,112.0,115.0,8.94308943089431,68.33333333333339,124.0,-3.469112652938394,1500,-35.019999999991406,-5.019999999991406,78.00000000000004,15.0,338.0,323.0,1.393775,0.002476780185758514,0.003405572755417957,0.0027863777089783283,synchronized_peak_current_voltage_drop,0.8200000000095073,1.0000000000001563,2.0171482422437275,144.80441287147113,0.759594097578456,5958,1.910828025477707,0.8187028698799206,14.8275,-34.32515337423313,16.0,2.38927,5,326,60.0,120.0,112.0,118.0,146.0,146.0,146.0,142.0,59.897224,119.950376,1986.039895,2160,479,687,//qar7000185/GP0_UPLOAD/BOXER/CYLOM\KZ-04-84_CP-13\20221011\can_Tapper17-06-20-10-33-02.pcap.gz
208,2022-06-28 09:25:59.373706,can_tapper17,"rgb(55,126,184)",PG1_est,118.0,108.0,108.0,8.47457627118644,40.0,,,0,,,,0.0,353.0,353.0,1.213406,0.0028328611898017,0.0028328611898017,,synchronized_peak_current_voltage_drop,0.8400000000095105,1.0000000000001563,3.678623825607137,144.24373428839283,0.9212034267250353,5957,2.608695652173913,1.0808907228667626,16.325,-119.74320241691844,47.0,2.711252,3,331,60.0,120.0,108.0,117.0,128.0,144.0,144.0,144.0,1.805247,119.985403,685155.829679,1462,338,480,//qar7000185/GP0_UPLOAD/BOXER/CYLOM\KZ-04-84_CP-13\20221011\can_Tapper17-06-28-09-25-57.pcap.gz
208,2022-06-28 09:25:59.373706,can_tapper17,"rgb(55,126,184)",PG2,118.0,106.0,106.0,10.16949152542373,40.0,,,0,,,,0.0,353.0,353.0,1.213406,0.0033994334277620396,0.0033994334277620396,,synchronized_peak_current_voltage_drop,0.8400000000095105,1.0000000000001563,3.2620894576029285,141.1600866532787,0.9171145049656362,5957,3.1963470319634704,1.1780030773590127,16.325,-119.74320241691844,47.0,2.711252,3,331,60.0,120.0,106.0,117.0,128.0,142.0,141.0,141.0,1.805247,119.985403,685155.829679,1462,338,480,//qar7000185/GP0_UPLOAD/BOXER/CYLOM\KZ-04-84_CP-13\20221011\can_Tapper17-06-28-09-25-57.pcap.gz
208,2022-06-28 09:25:59.373706,can_tapper17,"rgb(55,126,184)",PG3_est,119.0,106.0,112.0,10.92436974789916,40.0,,,0,,,,0.0,353.0,353.0,1.213406,0.0019830028328611895,0.0036827195467422098,,synchronized_peak_current_voltage_drop,0.8400000000095105,0.7600000000001188,2.892719705486028,144.77312302404343,0.8476180977998095,5957,2.608695652173913,1.0684140362631223,16.325,-119.74320241691844,47.0,2.711252,3,331,60.0,120.0,106.0,118.0,126.0,148.0,145.0,145.0,1.805247,119.985403,685155.829679,1462,338,480,//qar7000185/GP0_UPLOAD/BOXER/CYLOM\KZ-04-84_CP-13\20221011\can_Tapper17-06-28-09-25-57.pcap.gz
208,2022-06-28 09:25:59.373706,can_tapper17,"rgb(55,126,184)",PG4,119.0,106.0,112.0,10.92436974789916,40.0,,,0,,,,0.0,353.0,353.0,1.213406,0.0019830028328611895,0.0036827195467422098,,synchronized_peak_current_voltage_drop,0.8400000000095105,0.7600000000001188,2.892719705486028,144.77312302404343,0.8476180977998095,5957,2.608695652173913,1.0684140362631223,16.325,-119.74320241691844,47.0,2.711252,3,331,60.0,120.0,106.0,118.0,126.0,148.0,145.0,145.0,1.805247,119.985403,685155.829679,1462,338,480,//qar7000185/GP0_UPLOAD/BOXER/CYLOM\KZ-04-84_CP-13\20221011\can_Tapper17-06-28-09-25-57.pcap.gz
209,2022-06-28 12:20:13.082922,can_tapper17,"rgb(77,175,74)",PG1_est,124.0,111.0,124.0,10.483870967741936,78.00000000000004,124.0,-0.25206233424965563,1500,-35.019999999991406,-5.019999999991406,78.00000000000004,11.0,499.0,488.0,0.64423,,0.0026639344262295085,,synchronized_peak_current_voltage_drop,0.4800000000094542,0.12000000000001876,2.892719705486028,142.35257126323398,0.8529215316740387,5975,9.010989010989011,1.7301031385025438,20.833333333333336,-43.849557522123895,73.0,2.145782,7,339,60.0,120.0,117.0,121.0,140.0,141.0,142.0,143.0,59.943127,119.904082,10453.709216,2159,409,420,//qar7000185/GP0_UPLOAD/BOXER/CYLOM\KZ-04-84_CP-13\20221011\can_Tapper17-06-28-11-25-57.pcap.gz
209,2022-06-28 12:20:13.082922,can_tapper17,"rgb(77,175,74)",PG2,124.0,111.0,111.0,10.483870967741936,78.00000000000004,125.0,-2.379121057386571,1500,-35.019999999991406,-5.019999999991406,90.0,11.0,499.0,488.0,0.64423,0.0026639344262295085,0.0026639344262295085,0.0028688524590163933,synchronized_peak_current_voltage_drop,0.600000000009473,1.0000000000001563,2.0171482422437275,144.10655448508933,0.8468400730717636,5969,9.010989010989011,1.5297357732405124,20.833333333333336,-43.849557522123895,73.0,2.145782,7,339,60.0,120.0,111.0,120.0,147.0,148.0,144.0,144.0,59.943127,119.904082,10453.709216,2159,409,420,//qar7000185/GP0_UPLOAD/BOXER/CYLOM\KZ-04-84_CP-13\20221011\can_Tapper17-06-28-11-25-57.pcap.gz
209,2022-06-28 12:20:13.082922,can_tapper17,"rgb(77,175,74)",PG3_est,125.0,110.0,110.0,12.0,90.0,125.0,-0.8425248188995704,1500,-35.019999999991406,-5.019999999991406,90.0,11.0,499.0,488.0,0.64423,0.0030737704918032786,0.0030737704918032786,0.0030737704918032786,synchronized_peak_current_voltage_drop,0.46000000000945107,1.5000000000002345,2.565174071178317,150.65564226971176,0.8417241915278622,5976,5.781584582441114,0.785826128918679,20.833333333333336,-43.849557522123895,73.0,2.145782,7,339,60.0,120.0,114.0,121.0,151.0,152.0,152.0,152.0,59.943127,119.904082,10453.709216,2159,409,420,//qar7000185/GP0_UPLOAD/BOXER/CYLOM\KZ-04-84_CP-13\20221011\can_Tapper17-06-28-11-25-57.pcap.gz
209,2022-06-28 12:20:13.082922,can_tapper17,"rgb(77,175,74)",PG4,125.0,110.0,110.0,12.0,90.0,125.0,-0.8425248188995704,1500,-35.019999999991406,-5.019999999991406,90.0,11.0,499.0,488.0,0.64423,0.0030737704918032786,0.0030737704918032786,0.0030737704918032786,synchronized_peak_current_voltage_drop,0.46000000000945107,1.5000000000002345,2.565174071178317,150.65564226971176,0.8417241915278622,5976,5.781584582441114,0.785826128918679,20.833333333333336,-43.849557522123895,73.0,2.145782,7,339,60.0,120.0,114.0,121.0,151.0,152.0,152.0,152.0,59.943127,119.904082,10453.709216,2159,409,420,//qar7000185/GP0_UPLOAD/BOXER/CYLOM\KZ-04-84_CP-13\20221011\can_Tapper17-06-28-11-25-57.pcap.gz
210,2022-06-28 12:41:35.498666,can_tapper17,"rgb(152,78,163)",PG1_est,124.0,112.0,136.0,9.67741935483871,78.00000000000004,124.0,-0.7948003532442405,1500,-35.019999999991406,-5.019999999991406,78.00000000000004,0.0,496.0,496.0,0.797733,,0.0024193548387096775,,synchronized_peak_current_voltage_drop,0.8400000000095105,1.0000000000001563,2.27471676670449,141.71119025100174,0.7985207201663884,5957,15.254237288135593,1.912328002195361,23.675,-38.8996138996139,12.0,2.1959,7,259,60.0,120.0,112.0,122.0,141.0,139.0,142.0,142.0,59.911367,119.986424,1282.415744,2160,322,641,//qar7000185/GP0_UPLOAD/BOXER/CYLOM\KZ-04-84_CP-13\20221011\can_Tapper17-06-28-12-25-57.pcap.gz
210,2022-06-28 12:41:35.498666,can_tapper17,"rgb(152,78,163)",PG2,124.0,112.0,112.0,9.67741935483871,78.00000000000004,124.0,-4.026348456154497,1500,-35.019999999991406,-5.019999999991406,78.00000000000004,0.0,496.0,496.0,0.797733,0.0024193548387096775,0.0024193548387096775,0.0024193548387096775,synchronized_peak_current_voltage_drop,0.7400000000094948,1.0000000000001563,1.7887444673306678,143.95176043019646,0.7977656501377075,5962,7.818930041152264,1.2435330491318877,23.675,-38.8996138996139,12.0,2.1959,7,259,60.0,120.0,112.0,122.0,147.0,145.0,144.0,143.0,59.911367,119.986424,1282.415744,2160,322,641,//qar7000185/GP0_UPLOAD/BOXER/CYLOM\KZ-04-84_CP-13\20221011\can_Tapper17-06-28-12-25-57.pcap.gz
210,2022-06-28 12:41:35.498666,can_tapper17,"rgb(152,78,163)",PG3_est,125.0,112.0,112.0,10.4,90.0,125.0,-3.5351037933787564,1500,-35.019999999991406,-5.019999999991406,90.0,0.0,496.0,496.0,0.797733,0.002620967741935484,0.002620967741935484,0.002620967741935484,synchronized_peak_current_voltage_drop,0.7800000000095011,0.7600000000001188,2.0171482422437275,148.1399369106289,0.7364249576169932,5960,5.084745762711864,0.9531561138097701,23.675,-38.8996138996139,12.0,2.1959,7,259,60.0,120.0,112.0,123.0,150.0,148.0,151.0,147.0,59.911367,119.986424,1282.415744,2160,322,641,//qar7000185/GP0_UPLOAD/BOXER/CYLOM\KZ-04-84_CP-13\20221011\can_Tapper17-06-28-12-25-57.pcap.gz
210,2022-06-28 12:41:35.498666,can_tapper17,"rgb(152,78,163)",PG4,125.0,112.0,112.0,10.4,90.0,125.0,-3.5351037933787564,1500,-35.019999999991406,-5.019999999991406,90.0,0.0,496.0,496.0,0.797733,0.002620967741935484,0.002620967741935484,0.002620967741935484,synchronized_peak_current_voltage_drop,0.7800000000095011,0.7600000000001188,2.0171482422437275,148.1399369106289,0.7364249576169932,5960,5.084745762711864,0.9531561138097701,23.675,-38.8996138996139,12.0,2.1959,7,259,60.0,120.0,112.0,123.0,150.0,148.0,151.0,147.0,59.911367,119.986424,1282.415744,2160,322,641,//qar7000185/GP0_UPLOAD/BOXER/CYLOM\KZ-04-84_CP-13\20221011\can_Tapper17-06-28-12-25-57.pcap.gz
211,2022-06-29 11:26:39.484924,can_tapper17,"rgb(255,127,0)",PG1_est,122.0,116.0,121.0,4.918032786885246,60.0,123.0,-0.9716115522535934,1012,-25.239999999994566,-5.019999999991406,68.33333333333339,0.0,435.0,435.0,1.020477,0.00022988505747126439,0.001379310344827586,0.00045977011494252877,synchronized_peak_current_voltage_drop,0.8800000000095167,0.020000000000003126,4.148345232772487,143.32592390235027,0.8850375345740898,5955,3.7037037037037037,1.204306151308241,24.766666666666666,-34.358823529411765,32.0,2.021957,7,340,60.0,120.0,121.0,118.0,115.0,142.0,143.0,143.0,23.257024,119.854815,81903.986258,1719,372,432,//qar7000185/GP0_UPLOAD/BOXER/CYLOM\KZ-04-84_CP-13\20221011\can_Tapper17-06-29-11-26-15.pcap.gz
211,2022-06-29 11:26:39.484924,can_tapper17,"rgb(255,127,0)",PG2,123.0,115.0,115.0,6.504065040650407,68.33333333333339,123.0,-0.6534432863265678,1012,-25.239999999994566,-5.019999999991406,68.33333333333339,0.0,435.0,435.0,1.020477,0.001839080459770115,0.001839080459770115,0.001839080459770115,synchronized_peak_current_voltage_drop,0.9000000000095199,0.5000000000000782,3.2620894576029285,143.09743084607615,0.8697076647343618,5954,2.277432712215321,0.6373178377421101,24.766666666666666,-34.358823529411765,32.0,2.021957,7,340,60.0,120.0,115.0,121.0,128.0,145.0,143.0,143.0,23.257024,119.854815,81903.986258,1719,372,432,//qar7000185/GP0_UPLOAD/BOXER/CYLOM\KZ-04-84_CP-13\20221011\can_Tapper17-06-29-11-26-15.pcap.gz
211,2022-06-29 11:26:39.484924,can_tapper17,"rgb(255,127,0)",PG3_est,123.0,116.0,116.0,5.691056910569105,68.33333333333339,124.0,-0.48474926760211023,1012,-25.239999999994566,-5.019999999991406,78.00000000000004,0.0,435.0,435.0,1.020477,0.0016091954022988504,0.0016091954022988504,0.001839080459770115,synchronized_peak_current_voltage_drop,0.9000000000095199,0.5000000000000782,3.2620894576029285,148.35560235249838,0.8105997892510746,5954,1.6666666666666667,0.6050139624926487,24.766666666666666,-34.358823529411765,32.0,2.021957,7,340,60.0,120.0,116.0,122.0,128.0,151.0,150.0,148.0,23.257024,119.854815,81903.986258,1719,372,432,//qar7000185/GP0_UPLOAD/BOXER/CYLOM\KZ-04-84_CP-13\20221011\can_Tapper17-06-29-11-26-15.pcap.gz
211,2022-06-29 11:26:39.484924,can_tapper17,"rgb(255,127,0)",PG4,123.0,116.0,116.0,5.691056910569105,68.33333333333339,124.0,-0.48474926760211023,1012,-25.239999999994566,-5.019999999991406,78.00000000000004,0.0,435.0,435.0,1.020477,0.0016091954022988504,0.0016091954022988504,0.001839080459770115,synchronized_peak_current_voltage_drop,0.9000000000095199,0.5000000000000782,3.2620894576029285,148.35560235249838,0.8105997892510746,5954,1.6666666666666667,0.6050139624926487,24.766666666666666,-34.358823529411765,32.0,2.021957,7,340,60.0,120.0,116.0,122.0,128.0,151.0,150.0,148.0,23.257024,119.854815,81903.986258,1719,372,432,//qar7000185/GP0_UPLOAD/BOXER/CYLOM\KZ-04-84_CP-13\20221011\can_Tapper17-06-29-11-26-15.pcap.gz
212,2022-06-29 11:58:17.425232,can_tapper17,"rgb(255,255,51)",PG1_est,122.0,104.0,113.0,14.754098360655737,60.0,124.0,-3.829663924294301,1500,-35.019999999991406,-5.019999999991406,78.00000000000004,0.0,499.0,499.0,0.984151,0.0018036072144288577,0.0036072144288577155,0.002204408817635271,synchronized_peak_current_voltage_drop,0.4800000000094542,1.0000000000001563,2.565174071178317,143.129937794047,0.864501650756677,5975,10.729613733905579,2.4603996009483167,26.68333333333333,-47.51412429378531,55.0,2.484401,8,354,60.0,120.0,113.0,123.0,142.0,142.0,143.0,144.0,59.901249,119.99375,1897.940308,2160,406,476,//qar7000185/GP0_UPLOAD/BOXER/CYLOM\KZ-04-84_CP-13\20221011\can_Tapper17-06-29-11-26-15.pcap.gz
212,2022-06-29 11:58:17.425232,can_tapper17,"rgb(255,255,51)",PG2,123.0,112.0,113.0,8.94308943089431,68.33333333333339,123.0,-5.687905153615099e-14,1500,-35.019999999991406,-5.019999999991406,68.33333333333339,0.0,499.0,499.0,0.984151,0.002004008016032064,0.002204408817635271,0.002004008016032064,synchronized_peak_current_voltage_drop,0.5600000000094667,1.2400000000001938,2.27471676670449,142.65368333125627,0.7897714136466221,5971,3.8626609442060085,1.1358229548534065,26.68333333333333,-47.51412429378531,55.0,2.484401,8,354,60.0,120.0,113.0,119.0,144.0,145.0,141.0,142.0,59.901249,119.99375,1897.940308,2160,406,476,//qar7000185/GP0_UPLOAD/BOXER/CYLOM\KZ-04-84_CP-13\20221011\can_Tapper17-06-29-11-26-15.pcap.gz
212,2022-06-29 11:58:17.425232,can_tapper17,"rgb(255,255,51)",PG3_est,124.0,113.0,113.0,8.870967741935484,78.00000000000004,124.0,-0.41666685185185687,1500,-35.019999999991406,-5.019999999991406,78.00000000000004,0.0,499.0,499.0,0.984151,0.002204408817635271,0.002204408817635271,0.002204408817635271,synchronized_peak_current_voltage_drop,0.8000000000095042,1.0000000000001563,2.0171482422437275,146.99535585919767,0.7966963873995205,5959,4.721030042918455,1.125807636352176,26.68333333333333,-47.51412429378531,55.0,2.484401,8,354,60.0,120.0,113.0,119.0,148.0,151.0,147.0,147.0,59.901249,119.99375,1897.940308,2160,406,476,//qar7000185/GP0_UPLOAD/BOXER/CYLOM\KZ-04-84_CP-13\20221011\can_Tapper17-06-29-11-26-15.pcap.gz
212,2022-06-29 11:58:17.425232,can_tapper17,"rgb(255,255,51)",PG4,124.0,113.0,113.0,8.870967741935484,78.00000000000004,124.0,-0.41666685185185687,1500,-35.019999999991406,-5.019999999991406,78.00000000000004,0.0,499.0,499.0,0.984151,0.002204408817635271,0.002204408817635271,0.002204408817635271,synchronized_peak_current_voltage_drop,0.8000000000095042,1.0000000000001563,2.0171482422437275,146.99535585919767,0.7966963873995205,5959,4.721030042918455,1.125807636352176,26.68333333333333,-47.51412429378531,55.0,2.484401,8,354,60.0,120.0,113.0,119.0,148.0,151.0,147.0,147.0,59.901249,119.99375,1897.940308,2160,406,476,//qar7000185/GP0_UPLOAD/BOXER/CYLOM\KZ-04-84_CP-13\20221011\can_Tapper17-06-29-11-26-15.pcap.gz
213,2022-06-30 13:09:46.695694,can_tapper17,"rgb(166,86,40)",PG1_est,123.0,110.0,110.0,10.569105691056912,68.33333333333339,123.0,-3.8600372711268904,1500,-35.019999999991406,-5.019999999991406,68.33333333333339,11.0,452.0,441.0,1.040685,0.0029478458049886623,0.0029478458049886623,0.0029478458049886623,synchronized_peak_current_voltage_drop,0.5600000000094667,1.0000000000001563,3.2620894576029285,142.09610130840755,0.9117539461892264,5971,2.0881670533642693,0.7988007800381643,25.229166666666664,-31.067264573991032,148.0,2.041804,3,223,60.0,120.0,110.0,117.0,127.0,143.0,142.0,142.0,59.864562,119.965091,90689.270462,2158,293,458,//qar7000185/GP0_UPLOAD/BOXER/CYLOM\KZ-04-84_CP-13\20221011\can_Tapper17-06-30-13-08-42.pcap.gz
213,2022-06-30 13:09:46.695694,can_tapper17,"rgb(166,86,40)",PG2,123.0,109.0,109.0,11.38211382113821,68.33333333333339,123.0,-5.687905153615099e-14,1500,-35.019999999991406,-5.019999999991406,68.33333333333339,11.0,452.0,441.0,1.040685,0.0031746031746031746,0.0031746031746031746,0.0031746031746031746,synchronized_peak_current_voltage_drop,0.5600000000094667,1.0000000000001563,3.2620894576029285,143.85596900192442,0.9041476397892175,5971,1.160092807424594,0.4578497566796073,25.229166666666664,-31.067264573991032,148.0,2.041804,3,223,60.0,120.0,109.0,117.0,127.0,146.0,143.0,144.0,59.864562,119.965091,90689.270462,2158,293,458,//qar7000185/GP0_UPLOAD/BOXER/CYLOM\KZ-04-84_CP-13\20221011\can_Tapper17-06-30-13-08-42.pcap.gz
213,2022-06-30 13:09:46.695694,can_tapper17,"rgb(166,86,40)",PG3_est,124.0,106.0,106.0,14.516129032258066,78.00000000000004,124.0,-8.843540243896139e-14,1500,-35.019999999991406,-5.019999999991406,78.00000000000004,11.0,452.0,441.0,1.040685,0.004081632653061225,0.004081632653061225,0.004081632653061225,synchronized_peak_current_voltage_drop,0.5600000000094667,1.5000000000002345,3.2620894576029285,147.28157222000524,0.8838443642171361,5971,1.6241299303944317,0.5738590374220668,25.229166666666664,-31.067264573991032,148.0,2.041804,3,223,60.0,120.0,106.0,117.0,124.0,149.0,146.0,148.0,59.864562,119.965091,90689.270462,2158,293,458,//qar7000185/GP0_UPLOAD/BOXER/CYLOM\KZ-04-84_CP-13\20221011\can_Tapper17-06-30-13-08-42.pcap.gz
213,2022-06-30 13:09:46.695694,can_tapper17,"rgb(166,86,40)",PG4,124.0,106.0,106.0,14.516129032258066,78.00000000000004,124.0,-8.843540243896139e-14,1500,-35.019999999991406,-5.019999999991406,78.00000000000004,11.0,452.0,441.0,1.040685,0.004081632653061225,0.004081632653061225,0.004081632653061225,synchronized_peak_current_voltage_drop,0.5600000000094667,1.5000000000002345,3.2620894576029285,147.28157222000524,0.8838443642171361,5971,1.6241299303944317,0.5738590374220668,25.229166666666664,-31.067264573991032,148.0,2.041804,3,223,60.0,120.0,106.0,117.0,124.0,149.0,146.0,148.0,59.864562,119.965091,90689.270462,2158,293,458,//qar7000185/GP0_UPLOAD/BOXER/CYLOM\KZ-04-84_CP-13\20221011\can_Tapper17-06-30-13-08-42.pcap.gz
214,2022-06-30 15:45:52.705635,can_tapper17,"rgb(247,129,191)",PG1_est,123.0,112.0,112.0,8.94308943089431,68.33333333333339,123.0,-0.5064802251021113,1500,-35.019999999991406,-5.019999999991406,68.33333333333339,0.0,326.0,326.0,1.245567,0.0033742331288343563,0.0033742331288343563,0.0033742331288343563,synchronized_peak_current_voltage_drop,0.8000000000095042,1.0000000000001563,3.2620894576029285,142.16860788811104,0.8871172658607951,5959,2.074688796680498,0.583398096805804,25.633333333333333,-29.923636363636362,15.0,2.935142,4,275,60.0,120.0,112.0,121.0,122.0,142.0,142.0,142.0,59.851857,119.98895,9366.009941,2160,362,525,//qar7000185/GP0_UPLOAD/BOXER/CYLOM\KZ-04-84_CP-13\20221011\can_Tapper17-06-30-15-44-44.pcap.gz
214,2022-06-30 15:45:52.705635,can_tapper17,"rgb(247,129,191)",PG2,123.0,111.0,111.0,9.75609756097561,68.33333333333339,123.0,-5.687905153615099e-14,1500,-35.019999999991406,-5.019999999991406,68.33333333333339,0.0,326.0,326.0,1.245567,0.0036809815950920245,0.0036809815950920245,0.0036809815950920245,synchronized_peak_current_voltage_drop,0.8000000000095042,1.0000000000001563,3.2620894576029285,144.02674834447203,0.8967709560470285,5959,2.074688796680498,0.6952549200720232,25.633333333333333,-29.923636363636362,15.0,2.935142,4,275,60.0,120.0,111.0,121.0,122.0,145.0,144.0,144.0,59.851857,119.98895,9366.009941,2160,362,525,//qar7000185/GP0_UPLOAD/BOXER/CYLOM\KZ-04-84_CP-13\20221011\can_Tapper17-06-30-15-44-44.pcap.gz
214,2022-06-30 15:45:52.705635,can_tapper17,"rgb(247,129,191)",PG3_est,124.0,112.0,112.0,9.67741935483871,78.00000000000004,124.0,-8.843540243896139e-14,1500,-35.019999999991406,-5.019999999991406,78.00000000000004,0.0,326.0,326.0,1.245567,0.0036809815950920245,0.0036809815950920245,0.0036809815950920245,synchronized_peak_current_voltage_drop,0.8000000000095042,1.0000000000001563,3.2620894576029285,146.82169452502634,0.8903699864248789,5959,2.074688796680498,0.583398096805804,25.633333333333333,-29.923636363636362,15.0,2.935142,4,275,60.0,120.0,112.0,122.0,129.0,147.0,146.0,147.0,59.851857,119.98895,9366.009941,2160,362,525,//qar7000185/GP0_UPLOAD/BOXER/CYLOM\KZ-04-84_CP-13\20221011\can_Tapper17-06-30-15-44-44.pcap.gz
214,2022-06-30 15:45:52.705635,can_tapper17,"rgb(247,129,191)",PG4,124.0,112.0,112.0,9.67741935483871,78.00000000000004,124.0,-8.843540243896139e-14,1500,-35.019999999991406,-5.019999999991406,78.00000000000004,0.0,326.0,326.0,1.245567,0.0036809815950920245,0.0036809815950920245,0.0036809815950920245,synchronized_peak_current_voltage_drop,0.8000000000095042,1.0000000000001563,3.2620894576029285,146.82169452502634,0.8903699864248789,5959,2.074688796680498,0.583398096805804,25.633333333333333,-29.923636363636362,15.0,2.935142,4,275,60.0,120.0,112.0,122.0,129.0,147.0,146.0,147.0,59.851857,119.98895,9366.009941,2160,362,525,//qar7000185/GP0_UPLOAD/BOXER/CYLOM\KZ-04-84_CP-13\20221011\can_Tapper17-06-30-15-44-44.pcap.gz
215,2022-07-04 09:31:47.992093,can_tapper17,"rgb(153,153,153)",PG1_est,122.0,112.0,112.0,8.19672131147541,60.0,122.0,2.4156064289347713e-11,7,-5.139999999991424,-5.019999999991406,60.0,0.0,328.0,328.0,1.123756,0.003048780487804878,0.003048780487804878,0.003048780487804878,synchronized_peak_current_voltage_drop,0.7400000000094948,1.0000000000001563,4.148345232772487,144.6764549386281,0.8966654968068092,5962,4.535637149028077,0.9861336585388139,16.925,-26.766467065868262,101.0,2.119358,3,334,60.0,120.0,112.0,117.0,121.0,143.0,142.0,145.0,3.154135,119.945601,323155.286458,1479,345,375,//qar7000185/GP0_UPLOAD/BOXER/CYLOM\KZ-04-84_CP-13\20221011\can_Tapper17-07-04-09-31-44.pcap.gz
215,2022-07-04 09:31:47.992093,can_tapper17,"rgb(153,153,153)",PG2,122.0,111.0,111.0,9.01639344262295,60.0,122.0,2.4156064289347713e-11,7,-5.139999999991424,-5.019999999991406,60.0,0.0,328.0,328.0,1.123756,0.0033536585365853662,0.0033536585365853662,0.0033536585365853662,synchronized_peak_current_voltage_drop,0.7400000000094948,1.0000000000001563,2.892719705486028,140.53345339950695,0.8030579507084944,5962,5.399568034557236,1.1808457811982402,16.925,-26.766467065868262,101.0,2.119358,3,334,60.0,120.0,111.0,116.0,121.0,145.0,141.0,140.0,3.154135,119.945601,323155.286458,1479,345,375,//qar7000185/GP0_UPLOAD/BOXER/CYLOM\KZ-04-84_CP-13\20221011\can_Tapper17-07-04-09-31-44.pcap.gz
215,2022-07-04 09:31:47.992093,can_tapper17,"rgb(153,153,153)",PG3_est,123.0,110.0,113.0,10.569105691056912,68.33333333333339,123.0,-2.8750340463635085e-12,7,-5.139999999991424,-5.019999999991406,68.33333333333339,0.0,328.0,328.0,1.123756,0.003048780487804878,0.0039634146341463415,0.003048780487804878,synchronized_peak_current_voltage_drop,0.5000000000094573,1.260000000000197,3.2620894576029285,147.09309612531555,0.809435035925947,5974,4.967602591792657,1.0273208106694565,16.925,-26.766467065868262,101.0,2.119358,3,334,60.0,120.0,113.0,119.0,122.0,150.0,149.0,147.0,3.154135,119.945601,323155.286458,1479,345,375,//qar7000185/GP0_UPLOAD/BOXER/CYLOM\KZ-04-84_CP-13\20221011\can_Tapper17-07-04-09-31-44.pcap.gz
215,2022-07-04 09:31:47.992093,can_tapper17,"rgb(153,153,153)",PG4,123.0,110.0,113.0,10.569105691056912,68.33333333333339,123.0,-2.8750340463635085e-12,7,-5.139999999991424,-5.019999999991406,68.33333333333339,0.0,328.0,328.0,1.123756,0.003048780487804878,0.0039634146341463415,0.003048780487804878,synchronized_peak_current_voltage_drop,0.5000000000094573,1.260000000000197,3.2620894576029285,147.09309612531555,0.809435035925947,5974,4.967602591792657,1.0273208106694565,16.925,-26.766467065868262,101.0,2.119358,3,334,60.0,120.0,113.0,119.0,122.0,150.0,149.0,147.0,3.154135,119.945601,323155.286458,1479,345,375,//qar7000185/GP0_UPLOAD/BOXER/CYLOM\KZ-04-84_CP-13\20221011\can_Tapper17-07-04-09-31-44.pcap.gz
216,2022-07-04 13:05:27.591064,can_tapper17,"rgb(228,26,28)",PG1_est,120.0,92.0,113.0,23.333333333333332,46.24999999999997,121.0,2.0060986693770086,1500,-35.019999999991406,-5.019999999991406,52.857142857142826,10.5,450.0,439.5,1.398702,0.0015927189988623434,0.006370875995449374,0.001820250284414107,synchronized_peak_current_voltage_drop,0.3400000000094323,1.5000000000002345,4.67804510221319,144.6330826681391,0.9232709441286646,5982,17.48878923766816,3.783758522125016,18.225,-88.24161073825503,55.0,2.397713,5,298,60.0,120.0,103.0,113.0,111.0,139.0,143.0,145.0,59.958366,119.852719,12819.598971,2158,450,392,//qar7000185/GP0_UPLOAD/BOXER/CYLOM\KZ-04-84_CP-13\20221011\can_Tapper17-07-04-12-58-45.pcap.gz
216,2022-07-04 13:05:27.591064,can_tapper17,"rgb(228,26,28)",PG2,121.0,102.0,110.0,15.702479338842975,52.857142857142826,121.0,2.0586558921909938e-13,1500,-35.019999999991406,-5.019999999991406,52.857142857142826,10.5,450.0,439.5,1.398702,0.002502844141069397,0.004323094425483504,0.002502844141069397,synchronized_peak_current_voltage_drop,0.44000000000944794,1.5000000000002345,3.678623825607137,141.58430559975767,0.8925289324898318,5977,9.131403118040089,2.8659492892407683,18.225,-88.24161073825503,55.0,2.397713,5,298,60.0,120.0,110.0,117.0,129.0,137.0,142.0,141.0,59.958366,119.852719,12819.598971,2158,450,392,//qar7000185/GP0_UPLOAD/BOXER/CYLOM\KZ-04-84_CP-13\20221011\can_Tapper17-07-04-12-58-45.pcap.gz
216,2022-07-04 13:05:27.591064,can_tapper17,"rgb(228,26,28)",PG3_est,121.0,110.0,112.0,9.090909090909092,52.857142857142826,122.0,2.8201152515774477e-13,1500,-35.019999999991406,-5.019999999991406,60.0,10.5,450.0,439.5,1.398702,0.0020477815699658703,0.002502844141069397,0.0022753128555176336,synchronized_peak_current_voltage_drop,0.8600000000095136,1.0000000000001563,3.2620894576029285,146.58794014346807,0.8518117430258801,5956,8.52017937219731,2.185117741928004,18.225,-88.24161073825503,55.0,2.397713,5,298,60.0,120.0,110.0,115.0,121.0,143.0,147.0,146.0,59.958366,119.852719,12819.598971,2158,450,392,//qar7000185/GP0_UPLOAD/BOXER/CYLOM\KZ-04-84_CP-13\20221011\can_Tapper17-07-04-12-58-45.pcap.gz
216,2022-07-04 13:05:27.591064,can_tapper17,"rgb(228,26,28)",PG4,121.0,110.0,112.0,9.090909090909092,52.857142857142826,122.0,2.8201152515774477e-13,1500,-35.019999999991406,-5.019999999991406,60.0,10.5,450.0,439.5,1.398702,0.0020477815699658703,0.002502844141069397,0.0022753128555176336,synchronized_peak_current_voltage_drop,0.8600000000095136,1.0000000000001563,3.2620894576029285,146.58794014346807,0.8518117430258801,5956,8.52017937219731,2.185117741928004,18.225,-88.24161073825503,55.0,2.397713,5,298,60.0,120.0,110.0,115.0,121.0,143.0,147.0,146.0,59.958366,119.852719,12819.598971,2158,450,392,//qar7000185/GP0_UPLOAD/BOXER/CYLOM\KZ-04-84_CP-13\20221011\can_Tapper17-07-04-12-58-45.pcap.gz
217,2022-07-04 13:24:11.776373,can_tapper17,"rgb(55,126,184)",PG1_est,123.0,102.0,105.0,17.073170731707318,68.33333333333339,123.0,2.0756542558459374,1500,-35.019999999991406,-5.019999999991406,68.33333333333339,10.0,367.0,357.0,1.039202,0.005042016806722689,0.0058823529411764705,0.005042016806722689,synchronized_peak_current_voltage_drop,0.6200000000094761,0.5000000000000782,2.0171482422437275,142.72474922499535,0.8649893891600002,5968,11.206896551724139,2.4053212038750855,18.80833333333333,-71.23550724637681,13.0,2.043076,3,276,60.0,120.0,105.0,120.0,143.0,142.0,142.0,143.0,59.967375,119.889151,1124.185309,2159,368,502,//qar7000185/GP0_UPLOAD/BOXER/CYLOM\KZ-04-84_CP-13\20221011\can_Tapper17-07-04-12-58-45.pcap.gz
217,2022-07-04 13:24:11.776373,can_tapper17,"rgb(55,126,184)",PG2,122.0,108.0,112.0,11.475409836065573,60.0,123.0,-5.687905153615099e-14,1500,-35.019999999991406,-5.019999999991406,68.33333333333339,10.0,367.0,357.0,1.039202,0.0028011204481792717,0.00392156862745098,0.003081232492997199,synchronized_peak_current_voltage_drop,0.6800000000094855,0.7400000000001157,1.7887444673306678,142.5028560778665,0.810753738296093,5965,6.122448979591836,1.0359239197604924,18.80833333333333,-71.23550724637681,13.0,2.043076,3,276,60.0,120.0,112.0,121.0,146.0,144.0,143.0,142.0,59.967375,119.889151,1124.185309,2159,368,502,//qar7000185/GP0_UPLOAD/BOXER/CYLOM\KZ-04-84_CP-13\20221011\can_Tapper17-07-04-12-58-45.pcap.gz
217,2022-07-04 13:24:11.776373,can_tapper17,"rgb(55,126,184)",PG3_est,123.0,110.0,115.0,10.569105691056912,68.33333333333339,124.0,-8.843540243896139e-14,1500,-35.019999999991406,-5.019999999991406,78.00000000000004,10.0,367.0,357.0,1.039202,0.0022408963585434176,0.0036414565826330533,0.0025210084033613447,synchronized_peak_current_voltage_drop,0.4800000000094542,1.0000000000001563,2.0171482422437275,146.47541939350208,0.8121004666637536,5975,5.172413793103448,0.996326274384574,18.80833333333333,-71.23550724637681,13.0,2.043076,3,276,60.0,120.0,115.0,122.0,150.0,149.0,147.0,146.0,59.967375,119.889151,1124.185309,2159,368,502,//qar7000185/GP0_UPLOAD/BOXER/CYLOM\KZ-04-84_CP-13\20221011\can_Tapper17-07-04-12-58-45.pcap.gz
217,2022-07-04 13:24:11.776373,can_tapper17,"rgb(55,126,184)",PG4,123.0,110.0,115.0,10.569105691056912,68.33333333333339,124.0,-8.843540243896139e-14,1500,-35.019999999991406,-5.019999999991406,78.00000000000004,10.0,367.0,357.0,1.039202,0.0022408963585434176,0.0036414565826330533,0.0025210084033613447,synchronized_peak_current_voltage_drop,0.4800000000094542,1.0000000000001563,2.0171482422437275,146.47541939350208,0.8121004666637536,5975,5.172413793103448,0.996326274384574,18.80833333333333,-71.23550724637681,13.0,2.043076,3,276,60.0,120.0,115.0,122.0,150.0,149.0,147.0,146.0,59.967375,119.889151,1124.185309,2159,368,502,//qar7000185/GP0_UPLOAD/BOXER/CYLOM\KZ-04-84_CP-13\20221011\can_Tapper17-07-04-12-58-45.pcap.gz
218,2022-07-05 08:17:14.366478,can_tapper17,"rgb(77,175,74)",PG1_est,120.0,110.0,110.0,8.333333333333332,46.24999999999997,122.0,-3.350232600102701,1500,-35.019999999991406,-5.019999999991406,60.0,0.0,333.0,333.0,1.4202,0.003003003003003003,0.003003003003003003,0.0036036036036036037,synchronized_peak_current_voltage_drop,1.1200000000095542,0.24000000000003752,3.2620894576029285,143.13628385376583,0.8825395573866865,5943,5.439330543933054,1.9090190343724975,17.775,-62.768253968253966,12.0,2.018225,4,315,60.0,120.0,114.0,114.0,121.0,143.0,142.0,143.0,59.979924,119.85737,67982.590105,2159,411,487,//qar7000185/GP0_UPLOAD/BOXER/CYLOM\KZ-04-84_CP-13\20221011\can_Tapper17-07-05-07-53-23.pcap.gz
218,2022-07-05 08:17:14.366478,can_tapper17,"rgb(77,175,74)",PG2,121.0,110.0,114.0,9.090909090909092,52.857142857142826,121.0,-0.4460001982220204,1500,-35.019999999991406,-5.019999999991406,52.857142857142826,0.0,333.0,333.0,1.4202,0.002102102102102102,0.0033033033033033035,0.002102102102102102,synchronized_peak_current_voltage_drop,0.920000000009523,1.0000000000001563,2.892719705486028,142.04060732035367,0.8452848331547884,5953,4.641350210970464,1.2918247645086653,17.775,-62.768253968253966,12.0,2.018225,4,315,60.0,120.0,110.0,119.0,120.0,145.0,143.0,142.0,59.979924,119.85737,67982.590105,2159,411,487,//qar7000185/GP0_UPLOAD/BOXER/CYLOM\KZ-04-84_CP-13\20221011\can_Tapper17-07-05-07-53-23.pcap.gz
218,2022-07-05 08:17:14.366478,can_tapper17,"rgb(77,175,74)",PG3_est,121.0,110.0,114.0,9.090909090909092,52.857142857142826,122.0,2.8201152515774477e-13,1500,-35.019999999991406,-5.019999999991406,60.0,0.0,333.0,333.0,1.4202,0.002102102102102102,0.0033033033033033035,0.0024024024024024027,synchronized_peak_current_voltage_drop,0.920000000009523,1.0000000000001563,2.892719705486028,147.24651514988204,0.8821482279830624,5953,3.4482758620689653,1.0619002730150893,17.775,-62.768253968253966,12.0,2.018225,4,315,60.0,120.0,110.0,120.0,129.0,150.0,147.0,147.0,59.979924,119.85737,67982.590105,2159,411,487,//qar7000185/GP0_UPLOAD/BOXER/CYLOM\KZ-04-84_CP-13\20221011\can_Tapper17-07-05-07-53-23.pcap.gz
218,2022-07-05 08:17:14.366478,can_tapper17,"rgb(77,175,74)",PG4,121.0,110.0,114.0,9.090909090909092,52.857142857142826,122.0,2.8201152515774477e-13,1500,-35.019999999991406,-5.019999999991406,60.0,0.0,333.0,333.0,1.4202,0.002102102102102102,0.0033033033033033035,0.0024024024024024027,synchronized_peak_current_voltage_drop,0.920000000009523,1.0000000000001563,2.892719705486028,147.24651514988204,0.8821482279830624,5953,3.4482758620689653,1.0619002730150893,17.775,-62.768253968253966,12.0,2.018225,4,315,60.0,120.0,110.0,120.0,129.0,150.0,147.0,147.0,59.979924,119.85737,67982.590105,2159,411,487,//qar7000185/GP0_UPLOAD/BOXER/CYLOM\KZ-04-84_CP-13\20221011\can_Tapper17-07-05-07-53-23.pcap.gz
219,2022-07-05 09:12:46.744066,can_tapper17,"rgb(152,78,163)",PG1_est,122.0,104.0,112.0,14.754098360655737,60.0,123.0,-1.0685693638085274,1500,-35.019999999991406,-5.019999999991406,68.33333333333339,13.5,380.0,366.5,1.246966,0.002728512960436562,0.0049113233287858115,0.0030013642564802184,synchronized_peak_current_voltage_drop,0.9000000000095199,0.5000000000000782,2.27471676670449,141.74009389099015,0.6563664198789156,5954,5.806451612903226,1.182865759172291,18.3,-43.70034843205575,84.0,2.441644,4,287,60.0,120.0,110.0,119.0,140.0,141.0,142.0,144.0,59.998124,119.856629,3332.377588,2159,382,456,//qar7000185/GP0_UPLOAD/BOXER/CYLOM\KZ-04-84_CP-13\20221011\can_Tapper17-07-05-08-53-23.pcap.gz
219,2022-07-05 09:12:46.744066,can_tapper17,"rgb(152,78,163)",PG2,123.0,110.0,113.0,10.569105691056912,68.33333333333339,123.0,-3.539237128549039,1500,-35.019999999991406,-5.019999999991406,68.33333333333339,13.5,380.0,366.5,1.246966,0.002728512960436562,0.0035470668485675307,0.002728512960436562,synchronized_peak_current_voltage_drop,0.920000000009523,0.7600000000001188,2.0171482422437275,143.40529996661067,0.6461009396658608,5953,7.72626931567329,0.8643006432718547,18.3,-43.70034843205575,84.0,2.441644,4,287,60.0,120.0,110.0,121.0,146.0,145.0,145.0,145.0,59.998124,119.856629,3332.377588,2159,382,456,//qar7000185/GP0_UPLOAD/BOXER/CYLOM\KZ-04-84_CP-13\20221011\can_Tapper17-07-05-08-53-23.pcap.gz
219,2022-07-05 09:12:46.744066,can_tapper17,"rgb(152,78,163)",PG3_est,124.0,110.0,113.0,11.29032258064516,78.00000000000004,124.0,-4.204126312944365,1500,-35.019999999991406,-5.019999999991406,78.00000000000004,13.5,380.0,366.5,1.246966,0.0030013642564802184,0.0038199181446111866,0.0030013642564802184,synchronized_peak_current_voltage_drop,0.6200000000094761,1.0200000000001594,2.27471676670449,147.064251892215,0.6513482489403586,5968,5.376344086021505,0.8027978601903553,18.3,-43.70034843205575,84.0,2.441644,4,287,60.0,120.0,110.0,121.0,149.0,149.0,149.0,149.0,59.998124,119.856629,3332.377588,2159,382,456,//qar7000185/GP0_UPLOAD/BOXER/CYLOM\KZ-04-84_CP-13\20221011\can_Tapper17-07-05-08-53-23.pcap.gz
219,2022-07-05 09:12:46.744066,can_tapper17,"rgb(152,78,163)",PG4,124.0,110.0,113.0,11.29032258064516,78.00000000000004,124.0,-4.204126312944365,1500,-35.019999999991406,-5.019999999991406,78.00000000000004,13.5,380.0,366.5,1.246966,0.0030013642564802184,0.0038199181446111866,0.0030013642564802184,synchronized_peak_current_voltage_drop,0.6200000000094761,1.0200000000001594,2.27471676670449,147.064251892215,0.6513482489403586,5968,5.376344086021505,0.8027978601903553,18.3,-43.70034843205575,84.0,2.441644,4,287,60.0,120.0,110.0,121.0,149.0,149.0,149.0,149.0,59.998124,119.856629,3332.377588,2159,382,456,//qar7000185/GP0_UPLOAD/BOXER/CYLOM\KZ-04-84_CP-13\20221011\can_Tapper17-07-05-08-53-23.pcap.gz
220,2022-07-05 09:34:44.428506,can_tapper17,"rgb(255,127,0)",PG1_est,122.0,111.0,115.0,9.01639344262295,60.0,121.0,0.5277157900958727,1500,-35.019999999991406,-5.019999999991406,52.857142857142826,0.0,340.0,340.0,1.379104,0.0020588235294117644,0.0032352941176470593,0.001764705882352941,synchronized_peak_current_voltage_drop,1.0400000000095417,1.0000000000001563,7.565235559061503,141.93845093559435,0.5139256158380242,5947,5.726872246696035,1.4507000959251477,18.608333333333334,-66.37638376383764,29.0,2.077005,4,271,60.0,120.0,120.0,112.0,141.0,142.0,142.0,142.0,59.963945,119.977674,1317.68444,2159,359,803,//qar7000185/GP0_UPLOAD/BOXER/CYLOM\KZ-04-84_CP-13\20221011\can_Tapper17-07-05-08-53-23.pcap.gz
220,2022-07-05 09:34:44.428506,can_tapper17,"rgb(255,127,0)",PG2,121.0,110.0,110.0,9.090909090909092,52.857142857142826,122.0,-1.5426051300464005,1500,-35.019999999991406,-5.019999999991406,60.0,0.0,340.0,340.0,1.379104,0.0032352941176470593,0.0032352941176470593,0.003529411764705882,synchronized_peak_current_voltage_drop,0.9400000000095261,1.0000000000001563,2.27471676670449,143.33985520914962,0.5394177177569268,5952,3.9647577092511015,1.1495296671600403,18.608333333333334,-66.37638376383764,29.0,2.077005,4,271,60.0,120.0,110.0,117.0,145.0,147.0,144.0,144.0,59.963945,119.977674,1317.68444,2159,359,803,//qar7000185/GP0_UPLOAD/BOXER/CYLOM\KZ-04-84_CP-13\20221011\can_Tapper17-07-05-08-53-23.pcap.gz
220,2022-07-05 09:34:44.428506,can_tapper17,"rgb(255,127,0)",PG3_est,122.0,112.0,115.0,8.19672131147541,60.0,123.0,-2.3139032506232864,1500,-35.019999999991406,-5.019999999991406,68.33333333333339,0.0,340.0,340.0,1.379104,0.0020588235294117644,0.0029411764705882353,0.0023529411764705885,synchronized_peak_current_voltage_drop,0.8800000000095167,1.0000000000001563,2.27471676670449,146.43207846585213,0.48258503222290106,5955,2.760084925690021,0.7020705216997746,18.608333333333334,-66.37638376383764,29.0,2.077005,4,271,60.0,120.0,112.0,121.0,150.0,151.0,147.0,147.0,59.963945,119.977674,1317.68444,2159,359,803,//qar7000185/GP0_UPLOAD/BOXER/CYLOM\KZ-04-84_CP-13\20221011\can_Tapper17-07-05-08-53-23.pcap.gz
220,2022-07-05 09:34:44.428506,can_tapper17,"rgb(255,127,0)",PG4,122.0,112.0,115.0,8.19672131147541,60.0,123.0,-2.3139032506232864,1500,-35.019999999991406,-5.019999999991406,68.33333333333339,0.0,340.0,340.0,1.379104,0.0020588235294117644,0.0029411764705882353,0.0023529411764705885,synchronized_peak_current_voltage_drop,0.8800000000095167,1.0000000000001563,2.27471676670449,146.43207846585213,0.48258503222290106,5955,2.760084925690021,0.7020705216997746,18.608333333333334,-66.37638376383764,29.0,2.077005,4,271,60.0,120.0,112.0,121.0,150.0,151.0,147.0,147.0,59.963945,119.977674,1317.68444,2159,359,803,//qar7000185/GP0_UPLOAD/BOXER/CYLOM\KZ-04-84_CP-13\20221011\can_Tapper17-07-05-08-53-23.pcap.gz
221,2022-07-05 10:07:14.208845,can_tapper17,"rgb(255,255,51)",PG1_est,120.0,106.0,106.0,11.666666666666666,46.24999999999997,120.0,-2.606045602686499,1500,-35.019999999991406,-5.019999999991406,46.24999999999997,0.0,365.0,365.0,1.251033,0.0038356164383561643,0.0038356164383561643,0.0038356164383561643,synchronized_peak_current_voltage_drop,1.2000000000095667,0.0800000000000125,12.234338877368176,142.86960496059055,0.638760634607105,5939,8.277404921700224,1.8210978633915689,19.205000000000002,-112.54826254826254,39.0,2.346973,5,259,60.0,120.0,109.0,118.0,140.0,125.0,143.0,142.0,59.959272,119.960252,1949.780339,2160,398,544,//qar7000185/GP0_UPLOAD/BOXER/CYLOM\KZ-04-84_CP-13\20221011\can_Tapper17-07-05-09-53-24.pcap.gz
221,2022-07-05 10:07:14.208845,can_tapper17,"rgb(255,255,51)",PG2,120.0,108.0,111.0,10.0,46.24999999999997,120.0,-0.16511118449365628,1500,-35.019999999991406,-5.019999999991406,46.24999999999997,0.0,365.0,365.0,1.251033,0.002465753424657534,0.003287671232876712,0.002465753424657534,synchronized_peak_current_voltage_drop,0.6800000000094855,1.0200000000001594,9.620584988277706,142.1702692961358,0.6126829813369232,5965,3.3557046979865772,1.0466947189822904,19.205000000000002,-112.54826254826254,39.0,2.346973,5,259,60.0,120.0,108.0,119.0,144.0,126.0,143.0,142.0,59.959272,119.960252,1949.780339,2160,398,544,//qar7000185/GP0_UPLOAD/BOXER/CYLOM\KZ-04-84_CP-13\20221011\can_Tapper17-07-05-09-53-24.pcap.gz
221,2022-07-05 10:07:14.208845,can_tapper17,"rgb(255,255,51)",PG3_est,121.0,109.0,114.0,9.917355371900827,52.857142857142826,121.0,-0.6333602814931726,1500,-35.019999999991406,-5.019999999991406,52.857142857142826,0.0,365.0,365.0,1.251033,0.0019178082191780822,0.003287671232876712,0.0019178082191780822,synchronized_peak_current_voltage_drop,0.6800000000094855,1.0200000000001594,9.620584988277706,143.98623580348885,0.5316305742195995,5965,2.760084925690021,0.739369308779904,19.205000000000002,-112.54826254826254,39.0,2.346973,5,259,60.0,120.0,109.0,119.0,150.0,127.0,144.0,144.0,59.959272,119.960252,1949.780339,2160,398,544,//qar7000185/GP0_UPLOAD/BOXER/CYLOM\KZ-04-84_CP-13\20221011\can_Tapper17-07-05-09-53-24.pcap.gz
221,2022-07-05 10:07:14.208845,can_tapper17,"rgb(255,255,51)",PG4,121.0,109.0,114.0,9.917355371900827,52.857142857142826,121.0,-0.6333602814931726,1500,-35.019999999991406,-5.019999999991406,52.857142857142826,0.0,365.0,365.0,1.251033,0.0019178082191780822,0.003287671232876712,0.0019178082191780822,synchronized_peak_current_voltage_drop,0.6800000000094855,1.0200000000001594,9.620584988277706,143.98623580348885,0.5316305742195995,5965,2.760084925690021,0.739369308779904,19.205000000000002,-112.54826254826254,39.0,2.346973,5,259,60.0,120.0,109.0,119.0,150.0,127.0,144.0,144.0,59.959272,119.960252,1949.780339,2160,398,544,//qar7000185/GP0_UPLOAD/BOXER/CYLOM\KZ-04-84_CP-13\20221011\can_Tapper17-07-05-09-53-24.pcap.gz
222,2022-07-05 10:25:59.165939,can_tapper17,"rgb(166,86,40)",PG1_est,119.0,106.0,110.0,10.92436974789916,40.0,120.0,0.1277778345678415,1500,-35.019999999991406,-5.019999999991406,46.24999999999997,43.0,355.0,312.0,1.426878,0.0028846153846153848,0.004166666666666667,0.003205128205128205,synchronized_peak_current_voltage_drop,1.4800000000096105,0.06000000000000938,12.234338877368176,143.47582301914503,0.7838209109411991,5925,9.251101321585903,1.4261315466610787,19.8,-130.2439024390244,46.0,2.024028,4,287,60.0,120.0,124.0,109.0,140.0,131.0,141.0,144.0,59.924539,119.960692,1124.957094,2160,406,541,//qar7000185/GP0_UPLOAD/BOXER/CYLOM\KZ-04-84_CP-13\20221011\can_Tapper17-07-05-09-53-24.pcap.gz
222,2022-07-05 10:25:59.165939,can_tapper17,"rgb(166,86,40)",PG2,120.0,110.0,110.0,8.333333333333332,46.24999999999997,120.0,7.586850985972613e-14,1500,-35.019999999991406,-5.019999999991406,46.24999999999997,43.0,355.0,312.0,1.426878,0.003205128205128205,0.003205128205128205,0.003205128205128205,synchronized_peak_current_voltage_drop,0.9800000000095324,0.5000000000000782,8.53123623235764,142.5541510100284,0.7394837894303854,5950,3.0837004405286343,0.893562817973372,19.8,-130.2439024390244,46.0,2.024028,4,287,60.0,120.0,110.0,119.0,143.0,132.0,141.0,142.0,59.924539,119.960692,1124.957094,2160,406,541,//qar7000185/GP0_UPLOAD/BOXER/CYLOM\KZ-04-84_CP-13\20221011\can_Tapper17-07-05-09-53-24.pcap.gz
222,2022-07-05 10:25:59.165939,can_tapper17,"rgb(166,86,40)",PG3_est,120.0,110.0,113.0,8.333333333333332,46.24999999999997,121.0,2.0586558921909938e-13,1500,-35.019999999991406,-5.019999999991406,52.857142857142826,43.0,355.0,312.0,1.426878,0.0022435897435897434,0.003205128205128205,0.002564102564102564,synchronized_peak_current_voltage_drop,0.9800000000095324,0.5000000000000782,12.234338877368176,145.22884959954655,0.6951197922616854,5950,3.0837004405286343,0.9701789477454753,19.8,-130.2439024390244,46.0,2.024028,4,287,60.0,120.0,110.0,120.0,149.0,132.0,143.0,145.0,59.924539,119.960692,1124.957094,2160,406,541,//qar7000185/GP0_UPLOAD/BOXER/CYLOM\KZ-04-84_CP-13\20221011\can_Tapper17-07-05-09-53-24.pcap.gz
222,2022-07-05 10:25:59.165939,can_tapper17,"rgb(166,86,40)",PG4,120.0,110.0,113.0,8.333333333333332,46.24999999999997,121.0,2.0586558921909938e-13,1500,-35.019999999991406,-5.019999999991406,52.857142857142826,43.0,355.0,312.0,1.426878,0.0022435897435897434,0.003205128205128205,0.002564102564102564,synchronized_peak_current_voltage_drop,0.9800000000095324,0.5000000000000782,12.234338877368176,145.22884959954655,0.6951197922616854,5950,3.0837004405286343,0.9701789477454753,19.8,-130.2439024390244,46.0,2.024028,4,287,60.0,120.0,110.0,120.0,149.0,132.0,143.0,145.0,59.924539,119.960692,1124.957094,2160,406,541,//qar7000185/GP0_UPLOAD/BOXER/CYLOM\KZ-04-84_CP-13\20221011\can_Tapper17-07-05-09-53-24.pcap.gz
223,2022-07-05 12:53:51.467336,can_tapper17,"rgb(247,129,191)",PG1_est,123.0,107.0,129.0,13.008130081300814,68.33333333333339,124.0,-0.3194401419732014,1500,-35.019999999991406,-5.019999999991406,78.00000000000004,13.0,500.0,487.0,0.783427,,0.003285420944558522,,synchronized_peak_current_voltage_drop,0.8000000000095042,0.5000000000000782,119.99999999999996,112.40845706417872,0.4330926706565108,5959,7.053941908713693,1.660406696931516,22.48,-49.265625,18.0,2.876044,6,128,60.0,120.0,113.0,121.0,129.0,137.0,143.0,126.0,59.842883,119.999574,8872.301397,2160,287,254,//qar7000185/GP0_UPLOAD/BOXER/CYLOM\KZ-04-84_CP-13\20221011\can_Tapper17-07-05-12-00-33.pcap.gz
223,2022-07-05 12:53:51.467336,can_tapper17,"rgb(247,129,191)",PG2,123.0,111.0,117.0,9.75609756097561,68.33333333333339,124.0,-0.901858178603203,1500,-35.019999999991406,-5.019999999991406,78.00000000000004,13.0,500.0,487.0,0.783427,0.0012320328542094455,0.002464065708418891,0.001437371663244353,synchronized_peak_current_voltage_drop,0.8400000000095105,1.0000000000001563,94.36310455066216,115.54806516657959,0.44804268599364194,5957,3.7344398340248963,1.1353141636068298,22.48,-49.265625,18.0,2.876044,6,128,60.0,120.0,111.0,121.0,130.0,142.0,142.0,126.0,59.842883,119.999574,8872.301397,2160,287,254,//qar7000185/GP0_UPLOAD/BOXER/CYLOM\KZ-04-84_CP-13\20221011\can_Tapper17-07-05-12-00-33.pcap.gz
223,2022-07-05 12:53:51.467336,can_tapper17,"rgb(247,129,191)",PG3_est,124.0,111.0,118.0,10.483870967741936,78.00000000000004,125.0,-1.3363205939198783,1500,-35.019999999991406,-5.019999999991406,90.0,13.0,500.0,487.0,0.783427,0.0012320328542094455,0.0026694045174537988,0.001437371663244353,synchronized_peak_current_voltage_drop,0.8400000000095105,0.7400000000001157,94.36310455066216,114.02900243507044,0.4362605986888263,5957,2.608695652173913,0.845510073620097,22.48,-49.265625,18.0,2.876044,6,128,60.0,120.0,111.0,122.0,130.0,144.0,150.0,127.0,59.842883,119.999574,8872.301397,2160,287,254,//qar7000185/GP0_UPLOAD/BOXER/CYLOM\KZ-04-84_CP-13\20221011\can_Tapper17-07-05-12-00-33.pcap.gz
223,2022-07-05 12:53:51.467336,can_tapper17,"rgb(247,129,191)",PG4,124.0,111.0,118.0,10.483870967741936,78.00000000000004,125.0,-1.3363205939198783,1500,-35.019999999991406,-5.019999999991406,90.0,13.0,500.0,487.0,0.783427,0.0012320328542094455,0.0026694045174537988,0.001437371663244353,synchronized_peak_current_voltage_drop,0.8400000000095105,0.7400000000001157,94.36310455066216,114.02900243507044,0.4362605986888263,5957,2.608695652173913,0.845510073620097,22.48,-49.265625,18.0,2.876044,6,128,60.0,120.0,111.0,122.0,130.0,144.0,150.0,127.0,59.842883,119.999574,8872.301397,2160,287,254,//qar7000185/GP0_UPLOAD/BOXER/CYLOM\KZ-04-84_CP-13\20221011\can_Tapper17-07-05-12-00-33.pcap.gz
224,2022-07-05 13:55:06.944543,can_tapper17,"rgb(153,153,153)",PG1_est,122.0,106.0,106.0,13.114754098360656,60.0,123.0,-2.2993521330450126,1500,-35.019999999991406,-5.019999999991406,68.33333333333339,0.0,500.0,500.0,1.031323,0.0032,0.0032,0.0034,synchronized_peak_current_voltage_drop,1.0400000000095417,0.6000000000000938,4.148345232772487,143.00942640296662,0.7613666987509711,5947,16.883116883116884,1.6904117469298057,23.266666666666666,-65.9877300613497,157.0,2.032579,5,326,60.0,120.0,110.0,116.0,141.0,135.0,143.0,144.0,59.994395,119.98645,3675.477207,2160,400,544,//qar7000185/GP0_UPLOAD/BOXER/CYLOM\KZ-04-84_CP-13\20221011\can_Tapper17-07-05-13-00-33.pcap.gz
224,2022-07-05 13:55:06.944543,can_tapper17,"rgb(153,153,153)",PG2,122.0,109.0,113.0,10.655737704918032,60.0,123.0,0.35511126893852357,1500,-35.019999999991406,-5.019999999991406,68.33333333333339,0.0,500.0,500.0,1.031323,0.0018,0.0026,0.002,synchronized_peak_current_voltage_drop,0.5400000000094636,1.0000000000001563,2.892719705486028,142.12669917538662,0.7705203213744086,5972,5.627705627705628,0.6369399700650373,23.266666666666666,-65.9877300613497,157.0,2.032579,5,326,60.0,120.0,109.0,116.0,144.0,134.0,143.0,143.0,59.994395,119.98645,3675.477207,2160,400,544,//qar7000185/GP0_UPLOAD/BOXER/CYLOM\KZ-04-84_CP-13\20221011\can_Tapper17-07-05-13-00-33.pcap.gz
224,2022-07-05 13:55:06.944543,can_tapper17,"rgb(153,153,153)",PG3_est,123.0,109.0,113.0,11.38211382113821,68.33333333333339,124.0,0.20955564869166676,1500,-35.019999999991406,-5.019999999991406,78.00000000000004,0.0,500.0,500.0,1.031323,0.002,0.0028,0.0022,synchronized_peak_current_voltage_drop,0.5400000000094636,1.5000000000002345,3.2620894576029285,146.92930454204216,0.752480350194183,5972,5.627705627705628,0.6369399700650373,23.266666666666666,-65.9877300613497,157.0,2.032579,5,326,60.0,120.0,109.0,116.0,148.0,137.0,148.0,148.0,59.994395,119.98645,3675.477207,2160,400,544,//qar7000185/GP0_UPLOAD/BOXER/CYLOM\KZ-04-84_CP-13\20221011\can_Tapper17-07-05-13-00-33.pcap.gz
224,2022-07-05 13:55:06.944543,can_tapper17,"rgb(153,153,153)",PG4,123.0,109.0,113.0,11.38211382113821,68.33333333333339,124.0,0.20955564869166676,1500,-35.019999999991406,-5.019999999991406,78.00000000000004,0.0,500.0,500.0,1.031323,0.002,0.0028,0.0022,synchronized_peak_current_voltage_drop,0.5400000000094636,1.5000000000002345,3.2620894576029285,146.92930454204216,0.752480350194183,5972,5.627705627705628,0.6369399700650373,23.266666666666666,-65.9877300613497,157.0,2.032579,5,326,60.0,120.0,109.0,116.0,148.0,137.0,148.0,148.0,59.994395,119.98645,3675.477207,2160,400,544,//qar7000185/GP0_UPLOAD/BOXER/CYLOM\KZ-04-84_CP-13\20221011\can_Tapper17-07-05-13-00-33.pcap.gz
225,2022-07-06 08:20:42.471208,can_tapper17,"rgb(228,26,28)",PG1_est,123.0,113.0,116.0,8.130081300813007,68.33333333333339,123.0,-23.47331743993854,246,-9.919999999992172,-5.019999999991406,68.33333333333339,-14.0,341.0,355.0,0.904529,0.001971830985915493,0.0028169014084507044,0.001971830985915493,synchronized_peak_current_voltage_drop,0.9800000000095324,1.0000000000001563,4.67804510221319,142.94181397272595,0.9311735092163536,5950,3.1315240083507305,0.8406499168223648,19.125,-196.33333333333334,-18.0,,8,342,60.0,120.0,113.0,119.0,121.0,140.0,143.0,143.0,7.922451,119.897698,66335.526665,1536,366,399,//qar7000185/GP0_UPLOAD/BOXER/CYLOM\KZ-04-84_CP-13\20221011\can_Tapper17-07-06-08-20-34.pcap.gz
225,2022-07-06 08:20:42.471208,can_tapper17,"rgb(228,26,28)",PG2,122.0,113.0,117.0,7.377049180327869,60.0,123.0,-5.367182708453465e-13,246,-9.919999999992172,-5.019999999991406,68.33333333333339,-14.0,341.0,355.0,0.904529,0.0014084507042253522,0.0025352112676056337,0.0016901408450704224,synchronized_peak_current_voltage_drop,0.9800000000095324,0.5000000000000782,4.67804510221319,142.238933632499,0.9508475778035937,5950,2.2964509394572024,0.8732183354062109,19.125,-196.33333333333334,-18.0,,8,342,60.0,120.0,113.0,120.0,127.0,140.0,142.0,142.0,7.922451,119.897698,66335.526665,1536,366,399,//qar7000185/GP0_UPLOAD/BOXER/CYLOM\KZ-04-84_CP-13\20221011\can_Tapper17-07-06-08-20-34.pcap.gz
225,2022-07-06 08:20:42.471208,can_tapper17,"rgb(228,26,28)",PG3_est,123.0,114.0,119.0,7.317073170731707,68.33333333333339,124.0,-11.422283932827094,246,-9.919999999992172,-5.019999999991406,78.00000000000004,-14.0,341.0,355.0,0.904529,0.0011267605633802818,0.0025352112676056337,0.0014084507042253522,synchronized_peak_current_voltage_drop,0.9800000000095324,0.5000000000000782,4.67804510221319,144.0202114921928,0.9410884311846732,5950,2.7139874739039667,0.8345308674584834,19.125,-196.33333333333334,-18.0,,8,342,60.0,120.0,114.0,121.0,128.0,141.0,144.0,144.0,7.922451,119.897698,66335.526665,1536,366,399,//qar7000185/GP0_UPLOAD/BOXER/CYLOM\KZ-04-84_CP-13\20221011\can_Tapper17-07-06-08-20-34.pcap.gz
225,2022-07-06 08:20:42.471208,can_tapper17,"rgb(228,26,28)",PG4,123.0,114.0,119.0,7.317073170731707,68.33333333333339,124.0,-11.422283932827094,246,-9.919999999992172,-5.019999999991406,78.00000000000004,-14.0,341.0,355.0,0.904529,0.0011267605633802818,0.0025352112676056337,0.0014084507042253522,synchronized_peak_current_voltage_drop,0.9800000000095324,0.5000000000000782,4.67804510221319,144.0202114921928,0.9410884311846732,5950,2.7139874739039667,0.8345308674584834,19.125,-196.33333333333334,-18.0,,8,342,60.0,120.0,114.0,121.0,128.0,141.0,144.0,144.0,7.922451,119.897698,66335.526665,1536,366,399,//qar7000185/GP0_UPLOAD/BOXER/CYLOM\KZ-04-84_CP-13\20221011\can_Tapper17-07-06-08-20-34.pcap.gz
226,2022-07-06 12:52:12.767274,can_tapper17,"rgb(55,126,184)",PG1_est,119.0,108.0,108.0,9.243697478991598,40.0,120.0,-2.2030943124856877,1500,-35.019999999991406,-5.019999999991406,46.24999999999997,0.0,499.0,499.0,0.873777,0.002204408817635271,0.002204408817635271,0.002404809619238477,synchronized_peak_current_voltage_drop,0.6800000000094855,0.2200000000000344,2.892719705486028,136.7501204743045,0.800699047600099,5965,7.865168539325842,1.7679451900666334,21.36,-156.7774193548387,35.0,2.2794,8,310,60.0,120.0,108.0,118.0,138.0,132.0,137.0,137.0,59.988673,119.838657,16290.296066,2159,390,535,//qar7000185/GP0_UPLOAD/BOXER/CYLOM\KZ-04-84_CP-13\20221011\can_Tapper17-07-06-12-20-34.pcap.gz
226,2022-07-06 12:52:12.767274,can_tapper17,"rgb(55,126,184)",PG2,120.0,107.0,119.0,10.833333333333334,46.24999999999997,120.0,-0.14698673199357595,1500,-35.019999999991406,-5.019999999991406,46.24999999999997,0.0,499.0,499.0,0.873777,0.0002004008016032064,0.0026052104208416833,0.0002004008016032064,synchronized_peak_current_voltage_drop,0.9000000000095199,1.0000000000001563,2.565174071178317,136.788505932303,0.8344453657744414,5954,6.966292134831461,1.5943626462724125,21.36,-156.7774193548387,35.0,2.2794,8,310,60.0,120.0,107.0,117.0,137.0,132.0,137.0,137.0,59.988673,119.838657,16290.296066,2159,390,535,//qar7000185/GP0_UPLOAD/BOXER/CYLOM\KZ-04-84_CP-13\20221011\can_Tapper17-07-06-12-20-34.pcap.gz
226,2022-07-06 12:52:12.767274,can_tapper17,"rgb(55,126,184)",PG3_est,121.0,109.0,109.0,9.917355371900827,52.857142857142826,121.0,2.0586558921909938e-13,1500,-35.019999999991406,-5.019999999991406,52.857142857142826,0.0,499.0,499.0,0.873777,0.002404809619238477,0.002404809619238477,0.002404809619238477,synchronized_peak_current_voltage_drop,0.8800000000095167,1.0000000000001563,2.27471676670449,138.54890219956962,0.7585019090722792,5955,2.0224719101123596,0.7060600097328574,21.36,-156.7774193548387,35.0,2.2794,8,310,60.0,120.0,109.0,115.0,143.0,134.0,139.0,139.0,59.988673,119.838657,16290.296066,2159,390,535,//qar7000185/GP0_UPLOAD/BOXER/CYLOM\KZ-04-84_CP-13\20221011\can_Tapper17-07-06-12-20-34.pcap.gz
226,2022-07-06 12:52:12.767274,can_tapper17,"rgb(55,126,184)",PG4,121.0,109.0,109.0,9.917355371900827,52.857142857142826,121.0,2.0586558921909938e-13,1500,-35.019999999991406,-5.019999999991406,52.857142857142826,0.0,499.0,499.0,0.873777,0.002404809619238477,0.002404809619238477,0.002404809619238477,synchronized_peak_current_voltage_drop,0.8800000000095167,1.0000000000001563,2.27471676670449,138.54890219956962,0.7585019090722792,5955,2.0224719101123596,0.7060600097328574,21.36,-156.7774193548387,35.0,2.2794,8,310,60.0,120.0,109.0,115.0,143.0,134.0,139.0,139.0,59.988673,119.838657,16290.296066,2159,390,535,//qar7000185/GP0_UPLOAD/BOXER/CYLOM\KZ-04-84_CP-13\20221011\can_Tapper17-07-06-12-20-34.pcap.gz
227,2022-07-07 07:17:47.071664,can_tapper17,"rgb(77,175,74)",PG1_est,116.0,81.0,99.0,30.17241379310345,40.0,116.0,-0.4524446455306079,1500,-35.019999999991406,-5.019999999991406,40.0,0.0,343.0,343.0,1.233799,0.004956268221574344,0.01020408163265306,0.004956268221574344,synchronized_peak_current_voltage_drop,0.8800000000095167,1.0200000000001594,2.565174071178317,129.54142336271576,0.8325042820922053,5955,17.135549872122763,2.625352943835884,21.991666666666667,-189.8426966292135,63.0,3.33169,3,267,60.0,120.0,94.0,114.0,112.0,130.0,129.0,130.0,54.508351,119.799697,66334.30439,2094,336,484,//qar7000185/GP0_UPLOAD/BOXER/CYLOM\KZ-04-84_CP-13\20221011\can_Tapper17-07-07-07-16-52.pcap.gz
227,2022-07-07 07:17:47.071664,can_tapper17,"rgb(77,175,74)",PG2,112.0,87.0,92.0,22.321428571428573,40.0,112.0,4.690446529086797,1500,-35.019999999991406,-5.019999999991406,40.0,0.0,343.0,343.0,1.233799,0.0058309037900874635,0.007288629737609329,0.0058309037900874635,synchronized_peak_current_voltage_drop,0.9000000000095199,1.0000000000001563,2.892719705486028,128.95618960333914,0.8831483682065933,5954,13.20754716981132,7.0744776516373395,21.991666666666667,-189.8426966292135,63.0,3.33169,3,267,60.0,120.0,87.0,109.0,106.0,129.0,130.0,129.0,54.508351,119.799697,66334.30439,2094,336,484,//qar7000185/GP0_UPLOAD/BOXER/CYLOM\KZ-04-84_CP-13\20221011\can_Tapper17-07-07-07-16-52.pcap.gz
227,2022-07-07 07:17:47.071664,can_tapper17,"rgb(77,175,74)",PG3_est,121.0,105.0,112.0,13.223140495867769,52.857142857142826,121.0,2.0586558921909938e-13,1500,-35.019999999991406,-5.019999999991406,52.857142857142826,0.0,343.0,343.0,1.233799,0.0026239067055393588,0.004664723032069971,0.0026239067055393588,synchronized_peak_current_voltage_drop,0.6400000000094792,1.0000000000001563,2.27471676670449,130.35316755086498,0.7298758621052326,5967,7.951807228915663,4.750058455902256,21.991666666666667,-189.8426966292135,63.0,3.33169,3,267,60.0,120.0,105.0,119.0,114.0,132.0,131.0,130.0,54.508351,119.799697,66334.30439,2094,336,484,//qar7000185/GP0_UPLOAD/BOXER/CYLOM\KZ-04-84_CP-13\20221011\can_Tapper17-07-07-07-16-52.pcap.gz
227,2022-07-07 07:17:47.071664,can_tapper17,"rgb(77,175,74)",PG4,121.0,105.0,112.0,13.223140495867769,52.857142857142826,121.0,2.0586558921909938e-13,1500,-35.019999999991406,-5.019999999991406,52.857142857142826,0.0,343.0,343.0,1.233799,0.0026239067055393588,0.004664723032069971,0.0026239067055393588,synchronized_peak_current_voltage_drop,0.6400000000094792,1.0000000000001563,2.27471676670449,130.35316755086498,0.7298758621052326,5967,7.951807228915663,4.750058455902256,21.991666666666667,-189.8426966292135,63.0,3.33169,3,267,60.0,120.0,105.0,119.0,114.0,132.0,131.0,130.0,54.508351,119.799697,66334.30439,2094,336,484,//qar7000185/GP0_UPLOAD/BOXER/CYLOM\KZ-04-84_CP-13\20221011\can_Tapper17-07-07-07-16-52.pcap.gz
228,2022-07-11 08:24:19.969883,can_tapper17,"rgb(152,78,163)",PG1_est,124.0,106.0,116.0,14.516129032258066,78.00000000000004,124.0,-3.5733266835548942,482,-14.63999999999291,-5.019999999991406,78.00000000000004,0.0,260.0,260.0,1.131655,0.003076923076923077,0.006923076923076923,0.003076923076923077,synchronized_peak_current_voltage_drop,0.7400000000094948,0.5000000000000782,3.2620894576029285,142.84529456855128,0.8688656835784994,5962,7.826086956521739,0.643598423435134,17.008333333333333,-19.96078431372549,15.0,2.725578,3,306,60.0,120.0,116.0,122.0,131.0,144.0,142.0,143.0,12.65286,119.951634,349592.898219,1593,328,415,//qar7000185/GP0_UPLOAD/BOXER/CYLOM\KZ-04-84_CP-13\20221011\can_Tapper17-07-11-08-24-07.pcap.gz
228,2022-07-11 08:24:19.969883,can_tapper17,"rgb(152,78,163)",PG2,124.0,114.0,114.0,8.064516129032258,78.00000000000004,125.0,-13.888233264020243,482,-14.63999999999291,-5.019999999991406,90.0,0.0,260.0,260.0,1.131655,0.0038461538461538464,0.0038461538461538464,0.0042307692307692315,synchronized_peak_current_voltage_drop,0.760000000009498,0.5000000000000782,2.892719705486028,142.94044706375794,0.883930905334274,5961,7.826086956521739,0.9639213983601316,17.008333333333333,-19.96078431372549,15.0,2.725578,3,306,60.0,120.0,114.0,122.0,132.0,144.0,143.0,143.0,12.65286,119.951634,349592.898219,1593,328,415,//qar7000185/GP0_UPLOAD/BOXER/CYLOM\KZ-04-84_CP-13\20221011\can_Tapper17-07-11-08-24-07.pcap.gz
228,2022-07-11 08:24:19.969883,can_tapper17,"rgb(152,78,163)",PG3_est,125.0,115.0,117.0,8.0,90.0,125.0,-15.00620389308568,482,-14.63999999999291,-5.019999999991406,90.0,0.0,260.0,260.0,1.131655,0.003076923076923077,0.0038461538461538464,0.003076923076923077,synchronized_peak_current_voltage_drop,0.7400000000094948,0.5000000000000782,2.892719705486028,139.31275676922485,0.8144946918973941,5962,1.639344262295082,0.5062639972003459,17.008333333333333,-19.96078431372549,15.0,2.725578,3,306,60.0,120.0,117.0,123.0,129.0,141.0,138.0,139.0,12.65286,119.951634,349592.898219,1593,328,415,//qar7000185/GP0_UPLOAD/BOXER/CYLOM\KZ-04-84_CP-13\20221011\can_Tapper17-07-11-08-24-07.pcap.gz
228,2022-07-11 08:24:19.969883,can_tapper17,"rgb(152,78,163)",PG4,125.0,115.0,117.0,8.0,90.0,125.0,-15.00620389308568,482,-14.63999999999291,-5.019999999991406,90.0,0.0,260.0,260.0,1.131655,0.003076923076923077,0.0038461538461538464,0.003076923076923077,synchronized_peak_current_voltage_drop,0.7400000000094948,0.5000000000000782,2.892719705486028,139.31275676922485,0.8144946918973941,5962,1.639344262295082,0.5062639972003459,17.008333333333333,-19.96078431372549,15.0,2.725578,3,306,60.0,120.0,117.0,123.0,129.0,141.0,138.0,139.0,12.65286,119.951634,349592.898219,1593,328,415,//qar7000185/GP0_UPLOAD/BOXER/CYLOM\KZ-04-84_CP-13\20221011\can_Tapper17-07-11-08-24-07.pcap.gz
229,2022-07-12 06:50:57.012159,can_tapper17,"rgb(255,127,0)",PG1_est,132.0,112.0,122.0,15.151515151515152,100.0,138.0,-6.958954203978446,1500,-35.019999999991406,-5.019999999991406,100.0,0.0,499.0,499.0,0.593422,0.002004008016032064,0.004008016032064128,0.0032064128256513026,synchronized_peak_current_voltage_drop,0.4800000000094542,0.5000000000000782,119.99999999999996,141.07351015555292,0.26842663861517857,5975,11.637080867850099,1.259282794167216,18.966666666666665,-14.366279069767442,37.0,2.088501,6,172,60.0,120.0,126.0,129.0,143.0,130.0,128.0,133.0,59.911698,119.97587,80797.042276,2160,235,190,//qar7000185/GP0_UPLOAD/BOXER/CYLOM\KZ-04-84_CP-13\20221011\can_Tapper17-07-12-06-24-07.pcap.gz
229,2022-07-12 06:50:57.012159,can_tapper17,"rgb(255,127,0)",PG2,131.0,121.0,121.0,7.633587786259542,100.0,138.0,-7.069140919617167,1500,-35.019999999991406,-5.019999999991406,100.0,0.0,499.0,499.0,0.593422,0.002004008016032064,0.002004008016032064,0.003406813627254509,synchronized_peak_current_voltage_drop,0.5800000000094698,0.7600000000001188,119.99999999999996,142.89381289909102,0.35350973024415944,5970,4.536489151873767,0.8671962141070161,18.966666666666665,-14.366279069767442,37.0,2.088501,6,172,60.0,120.0,121.0,128.0,144.0,130.0,128.0,132.0,59.911698,119.97587,80797.042276,2160,235,190,//qar7000185/GP0_UPLOAD/BOXER/CYLOM\KZ-04-84_CP-13\20221011\can_Tapper17-07-12-06-24-07.pcap.gz
229,2022-07-12 06:50:57.012159,can_tapper17,"rgb(255,127,0)",PG3_est,132.0,122.0,122.0,7.575757575757576,100.0,143.0,-11.009258226335131,1500,-35.019999999991406,-5.019999999991406,100.0,0.0,499.0,499.0,0.593422,0.002004008016032064,0.002004008016032064,0.004208416833667335,synchronized_peak_current_voltage_drop,0.600000000009473,0.5000000000000782,119.99999999999996,139.79897004447363,0.1955810398451443,5969,4.1420118343195265,0.6370443933956483,18.966666666666665,-14.366279069767442,37.0,2.088501,6,172,60.0,120.0,122.0,129.0,146.0,131.0,129.0,132.0,59.911698,119.97587,80797.042276,2160,235,190,//qar7000185/GP0_UPLOAD/BOXER/CYLOM\KZ-04-84_CP-13\20221011\can_Tapper17-07-12-06-24-07.pcap.gz
229,2022-07-12 06:50:57.012159,can_tapper17,"rgb(255,127,0)",PG4,132.0,122.0,122.0,7.575757575757576,100.0,143.0,-11.009258226335131,1500,-35.019999999991406,-5.019999999991406,100.0,0.0,499.0,499.0,0.593422,0.002004008016032064,0.002004008016032064,0.004208416833667335,synchronized_peak_current_voltage_drop,0.600000000009473,0.5000000000000782,119.99999999999996,139.79897004447363,0.1955810398451443,5969,4.1420118343195265,0.6370443933956483,18.966666666666665,-14.366279069767442,37.0,2.088501,6,172,60.0,120.0,122.0,129.0,146.0,131.0,129.0,132.0,59.911698,119.97587,80797.042276,2160,235,190,//qar7000185/GP0_UPLOAD/BOXER/CYLOM\KZ-04-84_CP-13\20221011\can_Tapper17-07-12-06-24-07.pcap.gz
230,2022-07-12 12:53:28.133501,can_tapper17,"rgb(255,255,51)",PG1_est,125.0,114.0,118.0,8.799999999999999,90.0,127.0,-5.017620007830324,1500,-35.019999999991406,-5.019999999991406,100.0,0.0,499.0,499.0,0.636251,0.0014028056112224449,0.002204408817635271,0.0018036072144288577,synchronized_peak_current_voltage_drop,1.080000000009548,0.04000000000000625,2.0171482422437275,142.22316648140279,0.7989774240032128,5945,11.34020618556701,0.8443203141088245,25.1,-22.523809523809526,17.0,2.630675,6,315,60.0,120.0,118.0,123.0,143.0,142.0,142.0,142.0,59.826726,119.828,21751.121342,2157,386,511,//qar7000185/GP0_UPLOAD/BOXER/CYLOM\KZ-04-84_CP-13\20221011\can_Tapper17-07-12-12-24-07.pcap.gz
230,2022-07-12 12:53:28.133501,can_tapper17,"rgb(255,255,51)",PG2,126.0,116.0,116.0,7.936507936507936,95.0,127.0,-4.869282164124151,1500,-35.019999999991406,-5.019999999991406,100.0,0.0,499.0,499.0,0.636251,0.002004008016032064,0.002004008016032064,0.002204408817635271,synchronized_peak_current_voltage_drop,0.5800000000094698,0.5000000000000782,2.27471676670449,143.45105213300494,0.8507713427826342,5970,7.753479125248509,0.8235829002577433,25.1,-22.523809523809526,17.0,2.630675,6,315,60.0,120.0,116.0,124.0,144.0,142.0,143.0,144.0,59.826726,119.828,21751.121342,2157,386,511,//qar7000185/GP0_UPLOAD/BOXER/CYLOM\KZ-04-84_CP-13\20221011\can_Tapper17-07-12-12-24-07.pcap.gz
230,2022-07-12 12:53:28.133501,can_tapper17,"rgb(255,255,51)",PG3_est,127.0,117.0,117.0,7.874015748031496,100.0,128.0,-4.66121096053735,1500,-35.019999999991406,-5.019999999991406,100.0,0.0,499.0,499.0,0.636251,0.002004008016032064,0.002004008016032064,0.002204408817635271,synchronized_peak_current_voltage_drop,0.600000000009473,0.5000000000000782,1.7887444673306678,142.22128327847642,0.5309271709519292,5969,3.5051546391752577,0.3659443829208772,25.1,-22.523809523809526,17.0,2.630675,6,315,60.0,120.0,117.0,125.0,147.0,144.0,139.0,141.0,59.826726,119.828,21751.121342,2157,386,511,//qar7000185/GP0_UPLOAD/BOXER/CYLOM\KZ-04-84_CP-13\20221011\can_Tapper17-07-12-12-24-07.pcap.gz
230,2022-07-12 12:53:28.133501,can_tapper17,"rgb(255,255,51)",PG4,127.0,117.0,117.0,7.874015748031496,100.0,128.0,-4.66121096053735,1500,-35.019999999991406,-5.019999999991406,100.0,0.0,499.0,499.0,0.636251,0.002004008016032064,0.002004008016032064,0.002204408817635271,synchronized_peak_current_voltage_drop,0.600000000009473,0.5000000000000782,1.7887444673306678,142.22128327847642,0.5309271709519292,5969,3.5051546391752577,0.3659443829208772,25.1,-22.523809523809526,17.0,2.630675,6,315,60.0,120.0,117.0,125.0,147.0,144.0,139.0,141.0,59.826726,119.828,21751.121342,2157,386,511,//qar7000185/GP0_UPLOAD/BOXER/CYLOM\KZ-04-84_CP-13\20221011\can_Tapper17-07-12-12-24-07.pcap.gz
231,2022-07-12 13:47:03.552140,can_tapper17,"rgb(166,86,40)",PG1_est,124.0,113.0,128.0,8.870967741935484,78.00000000000004,125.0,-0.7172358743267561,1500,-35.019999999991406,-5.019999999991406,90.0,19.0,492.0,473.0,0.839693,,0.0023255813953488376,,synchronized_peak_current_voltage_drop,0.8800000000095167,0.5000000000000782,2.27471676670449,142.3078420413137,0.6391378839585619,5955,6.224066390041494,1.4692808770846897,22.95,-65.71052631578948,23.0,2.841874,6,266,60.0,120.0,117.0,122.0,142.0,142.0,134.0,142.0,59.966076,119.884426,3215.418639,2159,369,444,//qar7000185/GP0_UPLOAD/BOXER/CYLOM\KZ-04-84_CP-13\20221011\can_Tapper17-07-12-13-24-07.pcap.gz
231,2022-07-12 13:47:03.552140,can_tapper17,"rgb(166,86,40)",PG2,124.0,116.0,120.0,6.451612903225806,78.00000000000004,124.0,-8.843540243896139e-14,1500,-35.019999999991406,-5.019999999991406,78.00000000000004,19.0,492.0,473.0,0.839693,0.0008456659619450318,0.0016913319238900635,0.0008456659619450318,synchronized_peak_current_voltage_drop,0.920000000009523,0.26000000000004064,2.27471676670449,142.30173617795575,0.6739557037156161,5953,3.6144578313253013,0.5451433428567535,22.95,-65.71052631578948,23.0,2.841874,6,266,60.0,120.0,116.0,123.0,143.0,142.0,134.0,142.0,59.966076,119.884426,3215.418639,2159,369,444,//qar7000185/GP0_UPLOAD/BOXER/CYLOM\KZ-04-84_CP-13\20221011\can_Tapper17-07-12-13-24-07.pcap.gz
231,2022-07-12 13:47:03.552140,can_tapper17,"rgb(166,86,40)",PG3_est,125.0,117.0,117.0,6.4,90.0,125.0,4.156167692041187e-14,1500,-35.019999999991406,-5.019999999991406,90.0,19.0,492.0,473.0,0.839693,0.0016913319238900635,0.0016913319238900635,0.0016913319238900635,synchronized_peak_current_voltage_drop,0.7000000000094886,0.5000000000000782,2.0171482422437275,142.65367333871288,0.5638786960722313,5964,2.904564315352697,0.7606587489252032,22.95,-65.71052631578948,23.0,2.841874,6,266,60.0,120.0,117.0,123.0,146.0,147.0,134.0,142.0,59.966076,119.884426,3215.418639,2159,369,444,//qar7000185/GP0_UPLOAD/BOXER/CYLOM\KZ-04-84_CP-13\20221011\can_Tapper17-07-12-13-24-07.pcap.gz
231,2022-07-12 13:47:03.552140,can_tapper17,"rgb(166,86,40)",PG4,125.0,117.0,117.0,6.4,90.0,125.0,4.156167692041187e-14,1500,-35.019999999991406,-5.019999999991406,90.0,19.0,492.0,473.0,0.839693,0.0016913319238900635,0.0016913319238900635,0.0016913319238900635,synchronized_peak_current_voltage_drop,0.7000000000094886,0.5000000000000782,2.0171482422437275,142.65367333871288,0.5638786960722313,5964,2.904564315352697,0.7606587489252032,22.95,-65.71052631578948,23.0,2.841874,6,266,60.0,120.0,117.0,123.0,146.0,147.0,134.0,142.0,59.966076,119.884426,3215.418639,2159,369,444,//qar7000185/GP0_UPLOAD/BOXER/CYLOM\KZ-04-84_CP-13\20221011\can_Tapper17-07-12-13-24-07.pcap.gz
232,2022-07-12 15:12:57.768220,can_tapper17,"rgb(247,129,191)",PG1_est,123.0,115.0,120.0,6.504065040650407,68.33333333333339,123.0,-0.11667560741090684,1500,-35.019999999991406,-5.019999999991406,68.33333333333339,0.0,468.0,468.0,0.813563,0.000641025641025641,0.0017094017094017094,0.000641025641025641,synchronized_peak_current_voltage_drop,1.1200000000095542,0.04000000000000625,3.2620894576029285,143.0765997579091,0.7333207840582306,5943,5.613305613305613,0.8456680348839187,25.5,-118.3598615916955,32.0,2.311945,7,289,60.0,120.0,117.0,123.0,133.0,144.0,143.0,143.0,59.992199,119.84045,5154.21608,2158,407,634,//qar7000185/GP0_UPLOAD/BOXER/CYLOM\KZ-04-84_CP-13\20221011\can_Tapper17-07-12-14-24-07.pcap.gz
232,2022-07-12 15:12:57.768220,can_tapper17,"rgb(247,129,191)",PG2,124.0,116.0,120.0,6.451612903225806,78.00000000000004,124.0,-8.843540243896139e-14,1500,-35.019999999991406,-5.019999999991406,78.00000000000004,0.0,468.0,468.0,0.813563,0.0008547008547008547,0.0017094017094017094,0.0008547008547008547,synchronized_peak_current_voltage_drop,0.8600000000095136,0.26000000000004064,3.2620894576029285,143.07512215271151,0.8104515359590967,5956,2.109704641350211,0.4870254839343919,25.5,-118.3598615916955,32.0,2.311945,7,289,60.0,120.0,116.0,122.0,133.0,143.0,143.0,142.0,59.992199,119.84045,5154.21608,2158,407,634,//qar7000185/GP0_UPLOAD/BOXER/CYLOM\KZ-04-84_CP-13\20221011\can_Tapper17-07-12-14-24-07.pcap.gz
232,2022-07-12 15:12:57.768220,can_tapper17,"rgb(247,129,191)",PG3_est,124.0,117.0,117.0,5.64516129032258,78.00000000000004,125.0,-2.0043475574874816,1500,-35.019999999991406,-5.019999999991406,90.0,0.0,468.0,468.0,0.813563,0.0014957264957264956,0.0014957264957264956,0.0017094017094017094,synchronized_peak_current_voltage_drop,0.6200000000094761,0.5000000000000782,2.892719705486028,143.95778246441847,0.77677727586834,5968,2.7027027027027026,0.50275082124656,25.5,-118.3598615916955,32.0,2.311945,7,289,60.0,120.0,117.0,123.0,134.0,146.0,143.0,143.0,59.992199,119.84045,5154.21608,2158,407,634,//qar7000185/GP0_UPLOAD/BOXER/CYLOM\KZ-04-84_CP-13\20221011\can_Tapper17-07-12-14-24-07.pcap.gz
232,2022-07-12 15:12:57.768220,can_tapper17,"rgb(247,129,191)",PG4,124.0,117.0,117.0,5.64516129032258,78.00000000000004,125.0,-2.0043475574874816,1500,-35.019999999991406,-5.019999999991406,90.0,0.0,468.0,468.0,0.813563,0.0014957264957264956,0.0014957264957264956,0.0017094017094017094,synchronized_peak_current_voltage_drop,0.6200000000094761,0.5000000000000782,2.892719705486028,143.95778246441847,0.77677727586834,5968,2.7027027027027026,0.50275082124656,25.5,-118.3598615916955,32.0,2.311945,7,289,60.0,120.0,117.0,123.0,134.0,146.0,143.0,143.0,59.992199,119.84045,5154.21608,2158,407,634,//qar7000185/GP0_UPLOAD/BOXER/CYLOM\KZ-04-84_CP-13\20221011\can_Tapper17-07-12-14-24-07.pcap.gz
233,2022-07-12 15:43:13.541838,can_tapper17,"rgb(153,153,153)",PG1_est,124.0,115.0,122.0,7.258064516129033,78.00000000000004,125.0,-0.3639646062062945,1500,-35.019999999991406,-5.019999999991406,90.0,0.0,448.0,448.0,0.9582,0.00044642857142857147,0.0020089285714285717,0.0006696428571428571,synchronized_peak_current_voltage_drop,1.400000000009598,0.14000000000002188,28.37311996486042,123.07538145024975,0.468570502413047,5929,4.294478527607362,1.1776185644193857,26.46666666666667,-21.192307692307693,40.0,2.0568,7,156,60.0,120.0,122.0,117.0,133.0,144.0,126.0,124.0,60.000054,119.929037,1815.773618,2160,203,309,//qar7000185/GP0_UPLOAD/BOXER/CYLOM\KZ-04-84_CP-13\20221011\can_Tapper17-07-12-15-24-07.pcap.gz
233,2022-07-12 15:43:13.541838,can_tapper17,"rgb(153,153,153)",PG2,124.0,117.0,117.0,5.64516129032258,78.00000000000004,124.0,-1.3257783670123287,1500,-35.019999999991406,-5.019999999991406,78.00000000000004,0.0,448.0,448.0,0.9582,0.0015624999999999999,0.0015624999999999999,0.0015624999999999999,synchronized_peak_current_voltage_drop,0.9000000000095199,0.5000000000000782,31.996067694060745,123.06451722982774,0.46443000349388,5954,4.294478527607362,0.7831117649208522,26.46666666666667,-21.192307692307693,40.0,2.0568,7,156,60.0,120.0,117.0,122.0,134.0,143.0,127.0,125.0,60.000054,119.929037,1815.773618,2160,203,309,//qar7000185/GP0_UPLOAD/BOXER/CYLOM\KZ-04-84_CP-13\20221011\can_Tapper17-07-12-15-24-07.pcap.gz
233,2022-07-12 15:43:13.541838,can_tapper17,"rgb(153,153,153)",PG3_est,125.0,118.0,118.0,5.6000000000000005,90.0,125.0,4.156167692041187e-14,1500,-35.019999999991406,-5.019999999991406,90.0,0.0,448.0,448.0,0.9582,0.0015624999999999999,0.0015624999999999999,0.0015624999999999999,synchronized_peak_current_voltage_drop,0.9600000000095292,0.5200000000000813,31.996067694060745,123.83611794190656,0.44841672068649374,5951,2.2494887525562373,0.7387753073027955,26.46666666666667,-21.192307692307693,40.0,2.0568,7,156,60.0,120.0,118.0,123.0,135.0,144.0,127.0,125.0,60.000054,119.929037,1815.773618,2160,203,309,//qar7000185/GP0_UPLOAD/BOXER/CYLOM\KZ-04-84_CP-13\20221011\can_Tapper17-07-12-15-24-07.pcap.gz
233,2022-07-12 15:43:13.541838,can_tapper17,"rgb(153,153,153)",PG4,125.0,118.0,118.0,5.6000000000000005,90.0,125.0,4.156167692041187e-14,1500,-35.019999999991406,-5.019999999991406,90.0,0.0,448.0,448.0,0.9582,0.0015624999999999999,0.0015624999999999999,0.0015624999999999999,synchronized_peak_current_voltage_drop,0.9600000000095292,0.5200000000000813,31.996067694060745,123.83611794190656,0.44841672068649374,5951,2.2494887525562373,0.7387753073027955,26.46666666666667,-21.192307692307693,40.0,2.0568,7,156,60.0,120.0,118.0,123.0,135.0,144.0,127.0,125.0,60.000054,119.929037,1815.773618,2160,203,309,//qar7000185/GP0_UPLOAD/BOXER/CYLOM\KZ-04-84_CP-13\20221011\can_Tapper17-07-12-15-24-07.pcap.gz
234,2022-07-12 17:15:28.077039,can_tapper17,"rgb(228,26,28)",PG1_est,122.0,114.0,114.0,6.557377049180328,60.0,123.0,-0.23712010538645525,1500,-35.019999999991406,-5.019999999991406,68.33333333333339,0.0,443.0,443.0,1.011283,0.0018058690744920994,0.0018058690744920994,0.0020316027088036117,synchronized_peak_current_voltage_drop,0.9000000000095199,0.14000000000002188,10.849032074111987,139.81209302026608,0.7337041301955021,5954,3.7037037037037037,1.2638433314198805,25.7,-160.135593220339,45.0,2.015996,7,295,60.0,120.0,114.0,125.0,127.0,132.0,138.0,137.0,59.998405,119.844853,5534.535201,2158,399,620,//qar7000185/GP0_UPLOAD/BOXER/CYLOM\KZ-04-84_CP-13\20221011\can_Tapper17-07-12-16-24-07.pcap.gz
234,2022-07-12 17:15:28.077039,can_tapper17,"rgb(228,26,28)",PG2,123.0,116.0,118.0,5.691056910569105,68.33333333333339,123.0,-5.687905153615099e-14,1500,-35.019999999991406,-5.019999999991406,68.33333333333339,0.0,443.0,443.0,1.011283,0.001128668171557562,0.0015801354401805867,0.001128668171557562,synchronized_peak_current_voltage_drop,1.0400000000095417,0.5000000000000782,9.620584988277706,140.1625965462315,0.7216773420170493,5947,2.880658436213992,0.9930928967011841,25.7,-160.135593220339,45.0,2.015996,7,295,60.0,120.0,118.0,118.0,128.0,133.0,139.0,140.0,59.998405,119.844853,5534.535201,2158,399,620,//qar7000185/GP0_UPLOAD/BOXER/CYLOM\KZ-04-84_CP-13\20221011\can_Tapper17-07-12-16-24-07.pcap.gz
234,2022-07-12 17:15:28.077039,can_tapper17,"rgb(228,26,28)",PG3_est,123.0,117.0,117.0,4.878048780487805,68.33333333333339,124.0,-8.843540243896139e-14,1500,-35.019999999991406,-5.019999999991406,78.00000000000004,0.0,443.0,443.0,1.011283,0.0013544018058690745,0.0013544018058690745,0.0015801354401805867,synchronized_peak_current_voltage_drop,0.8600000000095136,0.020000000000003126,12.234338877368176,141.16519396925204,0.7350708861932737,5956,1.2765957446808511,0.6267253802455726,25.7,-160.135593220339,45.0,2.015996,7,295,60.0,120.0,117.0,121.0,128.0,133.0,139.0,141.0,59.998405,119.844853,5534.535201,2158,399,620,//qar7000185/GP0_UPLOAD/BOXER/CYLOM\KZ-04-84_CP-13\20221011\can_Tapper17-07-12-16-24-07.pcap.gz
234,2022-07-12 17:15:28.077039,can_tapper17,"rgb(228,26,28)",PG4,123.0,117.0,117.0,4.878048780487805,68.33333333333339,124.0,-8.843540243896139e-14,1500,-35.019999999991406,-5.019999999991406,78.00000000000004,0.0,443.0,443.0,1.011283,0.0013544018058690745,0.0013544018058690745,0.0015801354401805867,synchronized_peak_current_voltage_drop,0.8600000000095136,0.020000000000003126,12.234338877368176,141.16519396925204,0.7350708861932737,5956,1.2765957446808511,0.6267253802455726,25.7,-160.135593220339,45.0,2.015996,7,295,60.0,120.0,117.0,121.0,128.0,133.0,139.0,141.0,59.998405,119.844853,5534.535201,2158,399,620,//qar7000185/GP0_UPLOAD/BOXER/CYLOM\KZ-04-84_CP-13\20221011\can_Tapper17-07-12-16-24-07.pcap.gz
235,2022-07-13 08:58:59.722601,can_tapper17,"rgb(55,126,184)",PG1_est,124.0,112.0,112.0,9.67741935483871,78.00000000000004,124.0,-2.4873877721716986,1500,-35.019999999991406,-5.019999999991406,78.00000000000004,16.0,499.0,483.0,0.671742,0.002484472049689441,0.002484472049689441,0.002484472049689441,synchronized_peak_current_voltage_drop,0.5600000000094667,0.5000000000000782,2.27471676670449,141.86250739116184,0.8341944481332075,5971,5.684210526315789,1.4950616430496746,26.05,-41.22463768115942,19.0,2.072299,8,276,60.0,120.0,115.0,122.0,142.0,142.0,143.0,141.0,59.923549,119.982124,56611.645562,2159,375,469,//qar7000185/GP0_UPLOAD/BOXER/CYLOM\KZ-04-84_CP-13\20221011\can_Tapper17-07-13-08-24-07.pcap.gz
235,2022-07-13 08:58:59.722601,can_tapper17,"rgb(55,126,184)",PG2,125.0,116.0,121.0,7.199999999999999,90.0,125.0,-0.24377788612336476,1500,-35.019999999991406,-5.019999999991406,90.0,16.0,499.0,483.0,0.671742,0.0008281573498964803,0.0018633540372670807,0.0008281573498964803,synchronized_peak_current_voltage_drop,0.7200000000094917,0.5000000000000782,2.565174071178317,144.13871395584312,0.8443959138633443,5963,4.086021505376344,0.9366435953437735,26.05,-41.22463768115942,19.0,2.072299,8,276,60.0,120.0,118.0,124.0,143.0,142.0,143.0,145.0,59.923549,119.982124,56611.645562,2159,375,469,//qar7000185/GP0_UPLOAD/BOXER/CYLOM\KZ-04-84_CP-13\20221011\can_Tapper17-07-13-08-24-07.pcap.gz
235,2022-07-13 08:58:59.722601,can_tapper17,"rgb(55,126,184)",PG3_est,126.0,116.0,116.0,7.936507936507936,95.0,126.0,-0.16577785145673157,1500,-35.019999999991406,-5.019999999991406,95.0,16.0,499.0,483.0,0.671742,0.002070393374741201,0.002070393374741201,0.002070393374741201,synchronized_peak_current_voltage_drop,0.600000000009473,1.0000000000001563,1.5862030873085784,140.52498476304459,0.5798343633343022,5969,1.894736842105263,0.6380101193012282,26.05,-41.22463768115942,19.0,2.072299,8,276,60.0,120.0,118.0,121.0,147.0,144.0,139.0,139.0,59.923549,119.982124,56611.645562,2159,375,469,//qar7000185/GP0_UPLOAD/BOXER/CYLOM\KZ-04-84_CP-13\20221011\can_Tapper17-07-13-08-24-07.pcap.gz
235,2022-07-13 08:58:59.722601,can_tapper17,"rgb(55,126,184)",PG4,126.0,116.0,116.0,7.936507936507936,95.0,126.0,-0.16577785145673157,1500,-35.019999999991406,-5.019999999991406,95.0,16.0,499.0,483.0,0.671742,0.002070393374741201,0.002070393374741201,0.002070393374741201,synchronized_peak_current_voltage_drop,0.600000000009473,1.0000000000001563,1.5862030873085784,140.52498476304459,0.5798343633343022,5969,1.894736842105263,0.6380101193012282,26.05,-41.22463768115942,19.0,2.072299,8,276,60.0,120.0,118.0,121.0,147.0,144.0,139.0,139.0,59.923549,119.982124,56611.645562,2159,375,469,//qar7000185/GP0_UPLOAD/BOXER/CYLOM\KZ-04-84_CP-13\20221011\can_Tapper17-07-13-08-24-07.pcap.gz
236,2022-07-13 09:04:36.752950,can_tapper17,"rgb(77,175,74)",PG1_est,131.0,124.0,132.0,5.343511450381679,100.0,135.0,-45.4432824192297,1500,-35.019999999991406,-5.019999999991406,100.0,0.0,496.0,496.0,0.857229,,0.001411290322580645,0.0006048387096774194,synchronized_peak_current_voltage_drop,0.7200000000094917,0.14000000000002188,2.27471676670449,142.56188790991789,0.6508998153704864,5963,5.389221556886228,1.0508062443252302,26.15,-21.84713375796178,22.0,2.358829,7,314,60.0,120.0,124.0,129.0,142.0,143.0,141.0,143.0,59.954625,119.922343,337.030349,2159,456,567,//qar7000185/GP0_UPLOAD/BOXER/CYLOM\KZ-04-84_CP-13\20221011\can_Tapper17-07-13-08-24-07.pcap.gz
236,2022-07-13 09:04:36.752950,can_tapper17,"rgb(77,175,74)",PG2,132.0,123.0,123.0,6.8181818181818175,100.0,135.0,-43.393957063973865,1500,-35.019999999991406,-5.019999999991406,100.0,0.0,496.0,496.0,0.857229,0.0018145161290322581,0.0018145161290322581,0.0024193548387096775,synchronized_peak_current_voltage_drop,0.8600000000095136,0.5000000000000782,2.27471676670449,142.67621654905923,0.762878336813602,5956,4.590818363273453,0.8631710254448199,26.15,-21.84713375796178,22.0,2.358829,7,314,60.0,120.0,123.0,129.0,142.0,141.0,144.0,142.0,59.954625,119.922343,337.030349,2159,456,567,//qar7000185/GP0_UPLOAD/BOXER/CYLOM\KZ-04-84_CP-13\20221011\can_Tapper17-07-13-08-24-07.pcap.gz
236,2022-07-13 09:04:36.752950,can_tapper17,"rgb(77,175,74)",PG3_est,132.0,123.0,123.0,6.8181818181818175,100.0,135.0,-60.43144019174187,1500,-35.019999999991406,-5.019999999991406,100.0,0.0,496.0,496.0,0.857229,0.0018145161290322581,0.0018145161290322581,0.0024193548387096775,synchronized_peak_current_voltage_drop,0.760000000009498,0.5000000000000782,31.996067694060745,148.62224122853075,0.6840512840875994,5961,1.7964071856287425,0.6380053846802819,26.15,-21.84713375796178,22.0,2.358829,7,314,60.0,120.0,123.0,130.0,145.0,142.0,143.0,147.0,59.954625,119.922343,337.030349,2159,456,567,//qar7000185/GP0_UPLOAD/BOXER/CYLOM\KZ-04-84_CP-13\20221011\can_Tapper17-07-13-08-24-07.pcap.gz
236,2022-07-13 09:04:36.752950,can_tapper17,"rgb(77,175,74)",PG4,132.0,123.0,123.0,6.8181818181818175,100.0,135.0,-60.43144019174187,1500,-35.019999999991406,-5.019999999991406,100.0,0.0,496.0,496.0,0.857229,0.0018145161290322581,0.0018145161290322581,0.0024193548387096775,synchronized_peak_current_voltage_drop,0.760000000009498,0.5000000000000782,31.996067694060745,148.62224122853075,0.6840512840875994,5961,1.7964071856287425,0.6380053846802819,26.15,-21.84713375796178,22.0,2.358829,7,314,60.0,120.0,123.0,130.0,145.0,142.0,143.0,147.0,59.954625,119.922343,337.030349,2159,456,567,//qar7000185/GP0_UPLOAD/BOXER/CYLOM\KZ-04-84_CP-13\20221011\can_Tapper17-07-13-08-24-07.pcap.gz
237,2022-07-13 09:51:35.721039,can_tapper17,"rgb(152,78,163)",PG1_est,124.0,112.0,116.0,9.67741935483871,78.00000000000004,124.0,-2.018347563709563,1500,-35.019999999991406,-5.019999999991406,78.00000000000004,0.0,477.0,477.0,1.06395,0.0016771488469601678,0.0025157232704402514,0.0016771488469601678,synchronized_peak_current_voltage_drop,0.4200000000094448,0.160000000000025,5.948992616750902,143.3294596234087,0.9378993240257169,5978,8.384458077709612,2.121406273372661,28.55,-105.7186440677966,247.0,2.068377,7,295,60.0,120.0,116.0,118.0,125.0,139.0,143.0,143.0,59.981506,119.920044,2818.968089,2159,378,576,//qar7000185/GP0_UPLOAD/BOXER/CYLOM\KZ-04-84_CP-13\20221011\can_Tapper17-07-13-09-24-07.pcap.gz
237,2022-07-13 09:51:35.721039,can_tapper17,"rgb(152,78,163)",PG2,125.0,112.0,112.0,10.4,90.0,125.0,4.156167692041187e-14,1500,-35.019999999991406,-5.019999999991406,90.0,0.0,477.0,477.0,1.06395,0.0027253668763102725,0.0027253668763102725,0.0027253668763102725,synchronized_peak_current_voltage_drop,0.5800000000094698,1.0000000000001563,5.275382050040925,142.9648275458028,0.9453049419634102,5970,7.246376811594203,2.150085335099231,28.55,-105.7186440677966,247.0,2.068377,7,295,60.0,120.0,112.0,119.0,125.0,139.0,142.0,143.0,59.981506,119.920044,2818.968089,2159,378,576,//qar7000185/GP0_UPLOAD/BOXER/CYLOM\KZ-04-84_CP-13\20221011\can_Tapper17-07-13-09-24-07.pcap.gz
237,2022-07-13 09:51:35.721039,can_tapper17,"rgb(152,78,163)",PG3_est,126.0,119.0,119.0,5.555555555555555,95.0,126.0,2.9232752156300525e-13,1500,-35.019999999991406,-5.019999999991406,95.0,0.0,477.0,477.0,1.06395,0.0014675052410901466,0.0014675052410901466,0.0014675052410901466,synchronized_peak_current_voltage_drop,0.9800000000095324,1.0000000000001563,4.67804510221319,144.27457603226392,0.847887156973922,5950,4.45859872611465,1.6161118295433026,28.55,-105.7186440677966,247.0,2.068377,7,295,60.0,120.0,119.0,122.0,128.0,142.0,144.0,144.0,59.981506,119.920044,2818.968089,2159,378,576,//qar7000185/GP0_UPLOAD/BOXER/CYLOM\KZ-04-84_CP-13\20221011\can_Tapper17-07-13-09-24-07.pcap.gz
237,2022-07-13 09:51:35.721039,can_tapper17,"rgb(152,78,163)",PG4,126.0,119.0,119.0,5.555555555555555,95.0,126.0,2.9232752156300525e-13,1500,-35.019999999991406,-5.019999999991406,95.0,0.0,477.0,477.0,1.06395,0.0014675052410901466,0.0014675052410901466,0.0014675052410901466,synchronized_peak_current_voltage_drop,0.9800000000095324,1.0000000000001563,4.67804510221319,144.27457603226392,0.847887156973922,5950,4.45859872611465,1.6161118295433026,28.55,-105.7186440677966,247.0,2.068377,7,295,60.0,120.0,119.0,122.0,128.0,142.0,144.0,144.0,59.981506,119.920044,2818.968089,2159,378,576,//qar7000185/GP0_UPLOAD/BOXER/CYLOM\KZ-04-84_CP-13\20221011\can_Tapper17-07-13-09-24-07.pcap.gz
238,2022-07-13 14:33:42.739849,can_tapper17,"rgb(255,127,0)",PG1_est,121.0,100.0,116.0,17.355371900826448,52.857142857142826,121.0,0.2023289788128995,1500,-35.019999999991406,-5.019999999991406,52.857142857142826,0.0,351.0,351.0,0.955875,0.0014245014245014246,0.005982905982905983,0.0014245014245014246,synchronized_peak_current_voltage_drop,0.38000000000943857,0.5000000000000782,5.275382050040925,134.34265046440774,0.906631359404273,5980,13.978494623655914,1.5282706742951917,29.016666666666662,-157.9281045751634,22.0,2.055321,7,306,60.0,120.0,116.0,119.0,126.0,131.0,134.0,135.0,59.99375,119.860875,16927.01881,2159,379,692,//qar7000185/GP0_UPLOAD/BOXER/CYLOM\KZ-04-84_CP-13\20221011\can_Tapper17-07-13-14-24-07.pcap.gz
238,2022-07-13 14:33:42.739849,can_tapper17,"rgb(255,127,0)",PG2,121.0,110.0,115.0,9.090909090909092,52.857142857142826,122.0,-0.5680091413372116,1500,-35.019999999991406,-5.019999999991406,60.0,0.0,351.0,351.0,0.955875,0.0017094017094017094,0.003133903133903134,0.001994301994301994,synchronized_peak_current_voltage_drop,0.4000000000094417,0.5000000000000782,4.67804510221319,134.84515753938246,0.9079118643867559,5979,6.976744186046512,1.651046141608132,29.016666666666662,-157.9281045751634,22.0,2.055321,7,306,60.0,120.0,115.0,119.0,126.0,131.0,136.0,135.0,59.99375,119.860875,16927.01881,2159,379,692,//qar7000185/GP0_UPLOAD/BOXER/CYLOM\KZ-04-84_CP-13\20221011\can_Tapper17-07-13-14-24-07.pcap.gz
238,2022-07-13 14:33:42.739849,can_tapper17,"rgb(255,127,0)",PG3_est,122.0,115.0,115.0,5.737704918032787,60.0,122.0,2.8201152515774477e-13,1500,-35.019999999991406,-5.019999999991406,60.0,0.0,351.0,351.0,0.955875,0.001994301994301994,0.001994301994301994,0.001994301994301994,synchronized_peak_current_voltage_drop,0.9000000000095199,0.5000000000000782,5.275382050040925,135.3917263909884,0.9043685182284265,5954,4.946236559139785,1.3991153113844115,29.016666666666662,-157.9281045751634,22.0,2.055321,7,306,60.0,120.0,115.0,121.0,127.0,131.0,136.0,136.0,59.99375,119.860875,16927.01881,2159,379,692,//qar7000185/GP0_UPLOAD/BOXER/CYLOM\KZ-04-84_CP-13\20221011\can_Tapper17-07-13-14-24-07.pcap.gz
238,2022-07-13 14:33:42.739849,can_tapper17,"rgb(255,127,0)",PG4,122.0,115.0,115.0,5.737704918032787,60.0,122.0,2.8201152515774477e-13,1500,-35.019999999991406,-5.019999999991406,60.0,0.0,351.0,351.0,0.955875,0.001994301994301994,0.001994301994301994,0.001994301994301994,synchronized_peak_current_voltage_drop,0.9000000000095199,0.5000000000000782,5.275382050040925,135.3917263909884,0.9043685182284265,5954,4.946236559139785,1.3991153113844115,29.016666666666662,-157.9281045751634,22.0,2.055321,7,306,60.0,120.0,115.0,121.0,127.0,131.0,136.0,136.0,59.99375,119.860875,16927.01881,2159,379,692,//qar7000185/GP0_UPLOAD/BOXER/CYLOM\KZ-04-84_CP-13\20221011\can_Tapper17-07-13-14-24-07.pcap.gz
239,2022-07-13 15:50:09.047888,can_tapper17,"rgb(255,255,51)",PG1_est,126.0,92.0,116.0,26.984126984126984,95.0,127.0,1.6527483802237072e-14,1500,-35.019999999991406,-5.019999999991406,100.0,0.0,495.0,495.0,0.907369,0.00202020202020202,0.006868686868686869,0.0022222222222222222,synchronized_peak_current_voltage_drop,0.3400000000094323,0.5000000000000782,2.0171482422437275,141.46089375718248,0.7310845633972667,5982,21.86836518046709,2.822212471772505,29.45,-62.8978102189781,10.0,2.006987,14,548,60.0,120.0,116.0,120.0,143.0,143.0,141.0,141.0,59.993134,119.868385,4586.308039,4316,768,1164,//qar7000185/GP0_UPLOAD/BOXER/CYLOM\KZ-04-84_CP-13\20221011\can_Tapper17-07-13-15-24-07.pcap.gz
239,2022-07-13 15:50:09.047888,can_tapper17,"rgb(255,255,51)",PG2,127.0,109.0,117.0,14.173228346456693,100.0,127.0,1.6527483802237072e-14,1500,-35.019999999991406,-5.019999999991406,100.0,0.0,495.0,495.0,0.907369,0.00202020202020202,0.0036363636363636364,0.00202020202020202,synchronized_peak_current_voltage_drop,0.4000000000094417,1.5000000000002345,2.0171482422437275,142.70672550280102,0.7334755356578333,5979,9.355509355509355,2.2808326609119542,29.45,-62.8978102189781,10.0,2.006987,14,548,60.0,120.0,117.0,125.0,143.0,146.0,144.0,144.0,59.993134,119.868385,4586.308039,4316,768,1164,//qar7000185/GP0_UPLOAD/BOXER/CYLOM\KZ-04-84_CP-13\20221011\can_Tapper17-07-13-15-24-07.pcap.gz
239,2022-07-13 15:50:09.047888,can_tapper17,"rgb(255,255,51)",PG3_est,128.0,117.0,117.0,8.59375,100.0,128.0,-0.4609868715494836,1500,-35.019999999991406,-5.019999999991406,100.0,0.0,495.0,495.0,0.907369,0.0022222222222222222,0.0022222222222222222,0.0022222222222222222,synchronized_peak_current_voltage_drop,0.9000000000095199,1.0000000000001563,1.5862030873085784,142.38272225298536,0.5839443037212162,5954,7.006369426751593,2.0192356292007663,29.45,-62.8978102189781,10.0,2.006987,14,548,60.0,120.0,117.0,126.0,147.0,147.0,142.0,143.0,59.993134,119.868385,4586.308039,4316,768,1164,//qar7000185/GP0_UPLOAD/BOXER/CYLOM\KZ-04-84_CP-13\20221011\can_Tapper17-07-13-15-24-07.pcap.gz
239,2022-07-13 15:50:09.047888,can_tapper17,"rgb(255,255,51)",PG4,128.0,117.0,117.0,8.59375,100.0,128.0,-0.4609868715494836,1500,-35.019999999991406,-5.019999999991406,100.0,0.0,495.0,495.0,0.907369,0.0022222222222222222,0.0022222222222222222,0.0022222222222222222,synchronized_peak_current_voltage_drop,0.9000000000095199,1.0000000000001563,1.5862030873085784,142.38272225298536,0.5839443037212162,5954,7.006369426751593,2.0192356292007663,29.45,-62.8978102189781,10.0,2.006987,14,548,60.0,120.0,117.0,126.0,147.0,147.0,142.0,143.0,59.993134,119.868385,4586.308039,4316,768,1164,//qar7000185/GP0_UPLOAD/BOXER/CYLOM\KZ-04-84_CP-13\20221011\can_Tapper17-07-13-15-24-07.pcap.gz
240,2022-07-13 15:50:09.047888,can_tapper17,"rgb(166,86,40)",PG1_est,126.0,92.0,116.0,26.984126984126984,95.0,127.0,1.6527483802237072e-14,1500,-35.019999999991406,-5.019999999991406,100.0,0.0,495.0,495.0,0.907369,0.00202020202020202,0.006868686868686869,0.0022222222222222222,synchronized_peak_current_voltage_drop,0.3400000000094323,0.5000000000000782,2.0171482422437275,141.46089375718248,0.7310845633972667,5982,21.86836518046709,2.822212471772505,29.45,-62.8978102189781,10.0,2.006987,14,548,60.0,120.0,116.0,120.0,143.0,143.0,141.0,141.0,59.993134,119.868385,0.0,4316,768,1164,//qar7000185/GP0_UPLOAD/BOXER/CYLOM\KZ-04-84_CP-13\20221011\can_Tapper17-07-13-15-24-07.pcap.gz
240,2022-07-13 15:50:09.047888,can_tapper17,"rgb(166,86,40)",PG2,127.0,109.0,117.0,14.173228346456693,100.0,127.0,1.6527483802237072e-14,1500,-35.019999999991406,-5.019999999991406,100.0,0.0,495.0,495.0,0.907369,0.00202020202020202,0.0036363636363636364,0.00202020202020202,synchronized_peak_current_voltage_drop,0.4000000000094417,1.5000000000002345,2.0171482422437275,142.70672550280102,0.7334755356578333,5979,9.355509355509355,2.2808326609119542,29.45,-62.8978102189781,10.0,2.006987,14,548,60.0,120.0,117.0,125.0,143.0,146.0,144.0,144.0,59.993134,119.868385,0.0,4316,768,1164,//qar7000185/GP0_UPLOAD/BOXER/CYLOM\KZ-04-84_CP-13\20221011\can_Tapper17-07-13-15-24-07.pcap.gz
240,2022-07-13 15:50:09.047888,can_tapper17,"rgb(166,86,40)",PG3_est,128.0,117.0,117.0,8.59375,100.0,128.0,-0.4609868715494836,1500,-35.019999999991406,-5.019999999991406,100.0,0.0,495.0,495.0,0.907369,0.0022222222222222222,0.0022222222222222222,0.0022222222222222222,synchronized_peak_current_voltage_drop,0.9000000000095199,1.0000000000001563,1.5862030873085784,142.38272225298536,0.5839443037212162,5954,7.006369426751593,2.0192356292007663,29.45,-62.8978102189781,10.0,2.006987,14,548,60.0,120.0,117.0,126.0,147.0,147.0,142.0,143.0,59.993134,119.868385,0.0,4316,768,1164,//qar7000185/GP0_UPLOAD/BOXER/CYLOM\KZ-04-84_CP-13\20221011\can_Tapper17-07-13-15-24-07.pcap.gz
240,2022-07-13 15:50:09.047888,can_tapper17,"rgb(166,86,40)",PG4,128.0,117.0,117.0,8.59375,100.0,128.0,-0.4609868715494836,1500,-35.019999999991406,-5.019999999991406,100.0,0.0,495.0,495.0,0.907369,0.0022222222222222222,0.0022222222222222222,0.0022222222222222222,synchronized_peak_current_voltage_drop,0.9000000000095199,1.0000000000001563,1.5862030873085784,142.38272225298536,0.5839443037212162,5954,7.006369426751593,2.0192356292007663,29.45,-62.8978102189781,10.0,2.006987,14,548,60.0,120.0,117.0,126.0,147.0,147.0,142.0,143.0,59.993134,119.868385,0.0,4316,768,1164,//qar7000185/GP0_UPLOAD/BOXER/CYLOM\KZ-04-84_CP-13\20221011\can_Tapper17-07-13-15-24-07.pcap.gz
241,2022-07-13 17:31:01.992858,can_tapper17,"rgb(247,129,191)",PG1_est,125.0,116.0,116.0,7.199999999999999,90.0,126.0,-0.4782935459078435,1500,-35.019999999991406,-5.019999999991406,95.0,0.0,499.0,499.0,0.885069,0.0018036072144288577,0.0018036072144288577,0.002004008016032064,synchronized_peak_current_voltage_drop,0.8000000000095042,1.0000000000001563,1.5862030873085784,135.04980240848568,0.5662423523359295,5959,3.7344398340248963,0.8678603688930089,33.8,-61.045296167247386,15.0,2.38123,7,287,60.0,120.0,116.0,120.0,143.0,132.0,135.0,135.0,59.853699,119.97255,6052.94497,2159,372,620,//qar7000185/GP0_UPLOAD/BOXER/CYLOM\KZ-04-84_CP-13\20221011\can_Tapper17-07-13-17-24-07.pcap.gz
241,2022-07-13 17:31:01.992858,can_tapper17,"rgb(247,129,191)",PG2,126.0,114.0,114.0,9.523809523809524,95.0,126.0,2.9232752156300525e-13,1500,-35.019999999991406,-5.019999999991406,95.0,0.0,499.0,499.0,0.885069,0.002404809619238477,0.002404809619238477,0.002404809619238477,synchronized_peak_current_voltage_drop,0.8000000000095042,1.0000000000001563,1.5862030873085784,135.87341315680555,0.5952655758213315,5959,5.394190871369295,0.742641999543211,33.8,-61.045296167247386,15.0,2.38123,7,287,60.0,120.0,114.0,122.0,142.0,132.0,136.0,136.0,59.853699,119.97255,6052.94497,2159,372,620,//qar7000185/GP0_UPLOAD/BOXER/CYLOM\KZ-04-84_CP-13\20221011\can_Tapper17-07-13-17-24-07.pcap.gz
241,2022-07-13 17:31:01.992858,can_tapper17,"rgb(247,129,191)",PG3_est,126.0,115.0,126.0,8.73015873015873,95.0,127.0,-0.23712010538632797,1500,-35.019999999991406,-5.019999999991406,100.0,0.0,499.0,499.0,0.885069,,0.002204408817635271,0.0002004008016032064,synchronized_peak_current_voltage_drop,0.9000000000095199,1.0000000000001563,1.2473253980523544,136.55617664406816,0.39129737646505514,5954,4.564315352697095,0.5265521200220504,33.8,-61.045296167247386,15.0,2.38123,7,287,60.0,120.0,115.0,123.0,151.0,133.0,136.0,136.0,59.853699,119.97255,6052.94497,2159,372,620,//qar7000185/GP0_UPLOAD/BOXER/CYLOM\KZ-04-84_CP-13\20221011\can_Tapper17-07-13-17-24-07.pcap.gz
241,2022-07-13 17:31:01.992858,can_tapper17,"rgb(247,129,191)",PG4,126.0,115.0,126.0,8.73015873015873,95.0,127.0,-0.23712010538632797,1500,-35.019999999991406,-5.019999999991406,100.0,0.0,499.0,499.0,0.885069,,0.002204408817635271,0.0002004008016032064,synchronized_peak_current_voltage_drop,0.9000000000095199,1.0000000000001563,1.2473253980523544,136.55617664406816,0.39129737646505514,5954,4.564315352697095,0.5265521200220504,33.8,-61.045296167247386,15.0,2.38123,7,287,60.0,120.0,115.0,123.0,151.0,133.0,136.0,136.0,59.853699,119.97255,6052.94497,2159,372,620,//qar7000185/GP0_UPLOAD/BOXER/CYLOM\KZ-04-84_CP-13\20221011\can_Tapper17-07-13-17-24-07.pcap.gz
242,2022-07-13 18:20:52.498947,can_tapper17,"rgb(153,153,153)",PG1_est,128.0,97.0,114.0,24.21875,100.0,129.0,0.012577783367567203,1500,-35.019999999991406,-5.019999999991406,100.0,11.0,485.0,474.0,0.4117,0.002953586497890295,0.0065400843881856545,0.0031645569620253164,synchronized_peak_current_voltage_drop,0.30000000000942606,0.5000000000000782,119.99999999999996,119.01224912339613,0.4750027345057003,5984,18.997912317327767,2.0828853351806957,34.205,-23.286363636363635,94.0,2.010128,7,220,60.0,120.0,117.0,125.0,143.0,144.0,142.0,131.0,59.926674,119.951699,2990.506089,2159,294,271,//qar7000185/GP0_UPLOAD/BOXER/CYLOM\KZ-04-84_CP-13\20221011\can_Tapper17-07-13-17-24-07.pcap.gz
242,2022-07-13 18:20:52.498947,can_tapper17,"rgb(153,153,153)",PG2,129.0,111.0,111.0,13.953488372093023,100.0,129.0,-3.696099420488333,1500,-35.019999999991406,-5.019999999991406,100.0,11.0,485.0,474.0,0.4117,0.00379746835443038,0.00379746835443038,0.00379746835443038,synchronized_peak_current_voltage_drop,0.3400000000094323,1.260000000000197,119.99999999999996,119.94474841552137,0.42680686500242315,5982,7.306889352818372,2.4339093992242544,34.205,-23.286363636363635,94.0,2.010128,7,220,60.0,120.0,116.0,125.0,143.0,144.0,143.0,131.0,59.926674,119.951699,2990.506089,2159,294,271,//qar7000185/GP0_UPLOAD/BOXER/CYLOM\KZ-04-84_CP-13\20221011\can_Tapper17-07-13-17-24-07.pcap.gz
242,2022-07-13 18:20:52.498947,can_tapper17,"rgb(153,153,153)",PG3_est,129.0,120.0,127.0,6.976744186046512,100.0,130.0,0.1902223067657638,1500,-35.019999999991406,-5.019999999991406,100.0,11.0,485.0,474.0,0.4117,0.0004219409282700422,0.00189873417721519,0.0006329113924050633,synchronized_peak_current_voltage_drop,0.9600000000095292,0.7600000000001188,65.80118015445542,124.60267695874543,0.5948914789634389,5951,6.054279749478079,1.8859442595798424,34.205,-23.286363636363635,94.0,2.010128,7,220,60.0,120.0,120.0,127.0,151.0,149.0,142.0,131.0,59.926674,119.951699,2990.506089,2159,294,271,//qar7000185/GP0_UPLOAD/BOXER/CYLOM\KZ-04-84_CP-13\20221011\can_Tapper17-07-13-17-24-07.pcap.gz
242,2022-07-13 18:20:52.498947,can_tapper17,"rgb(153,153,153)",PG4,129.0,120.0,127.0,6.976744186046512,100.0,130.0,0.1902223067657638,1500,-35.019999999991406,-5.019999999991406,100.0,11.0,485.0,474.0,0.4117,0.0004219409282700422,0.00189873417721519,0.0006329113924050633,synchronized_peak_current_voltage_drop,0.9600000000095292,0.7600000000001188,65.80118015445542,124.60267695874543,0.5948914789634389,5951,6.054279749478079,1.8859442595798424,34.205,-23.286363636363635,94.0,2.010128,7,220,60.0,120.0,120.0,127.0,151.0,149.0,142.0,131.0,59.926674,119.951699,2990.506089,2159,294,271,//qar7000185/GP0_UPLOAD/BOXER/CYLOM\KZ-04-84_CP-13\20221011\can_Tapper17-07-13-17-24-07.pcap.gz
243,2022-07-15 07:52:55.478629,can_tapper17,"rgb(228,26,28)",PG1_est,122.0,114.0,114.0,6.557377049180328,60.0,123.0,-3.4744525389039826,1345,-31.899999999995607,-5.019999999991406,68.33333333333339,0.0,404.0,404.0,0.817389,0.0019801980198019802,0.0019801980198019802,0.002227722772277228,synchronized_peak_current_voltage_drop,0.7200000000094917,0.5000000000000782,4.67804510221319,144.56676873495263,0.9306220681265811,5963,3.7974683544303796,0.43623403092794855,18.208333333333332,-122.75666666666666,-9.0,,6,300,60.0,120.0,114.0,120.0,125.0,143.0,145.0,144.0,29.915858,119.907792,135122.979682,1800,355,487,//qar7000185/GP0_UPLOAD/BOXER/CYLOM\KZ-04-84_CP-13\20221011\can_Tapper17-07-15-07-52-25.pcap.gz
243,2022-07-15 07:52:55.478629,can_tapper17,"rgb(228,26,28)",PG2,123.0,114.0,114.0,7.317073170731707,68.33333333333339,123.0,3.3741006701410344e-13,1345,-31.899999999995607,-5.019999999991406,68.33333333333339,0.0,404.0,404.0,0.817389,0.002227722772277228,0.002227722772277228,0.002227722772277228,synchronized_peak_current_voltage_drop,0.7200000000094917,1.0000000000001563,3.2620894576029285,141.54680790254918,0.8581087257064189,5963,3.7974683544303796,0.28959451972631917,18.208333333333332,-122.75666666666666,-9.0,,6,300,60.0,120.0,114.0,120.0,126.0,144.0,141.0,142.0,29.915858,119.907792,135122.979682,1800,355,487,//qar7000185/GP0_UPLOAD/BOXER/CYLOM\KZ-04-84_CP-13\20221011\can_Tapper17-07-15-07-52-25.pcap.gz
243,2022-07-15 07:52:55.478629,can_tapper17,"rgb(228,26,28)",PG3_est,123.0,114.0,114.0,7.317073170731707,68.33333333333339,124.0,-1.3435986645185674,1345,-31.899999999995607,-5.019999999991406,78.00000000000004,0.0,404.0,404.0,0.817389,0.002227722772277228,0.002227722772277228,0.0024752475247524753,synchronized_peak_current_voltage_drop,0.7400000000094948,0.5000000000000782,3.2620894576029285,145.54203396519725,0.8052228951185469,5962,3.7974683544303796,0.28959451972631917,18.208333333333332,-122.75666666666666,-9.0,,6,300,60.0,120.0,114.0,121.0,126.0,151.0,145.0,145.0,29.915858,119.907792,135122.979682,1800,355,487,//qar7000185/GP0_UPLOAD/BOXER/CYLOM\KZ-04-84_CP-13\20221011\can_Tapper17-07-15-07-52-25.pcap.gz
243,2022-07-15 07:52:55.478629,can_tapper17,"rgb(228,26,28)",PG4,123.0,114.0,114.0,7.317073170731707,68.33333333333339,124.0,-1.3435986645185674,1345,-31.899999999995607,-5.019999999991406,78.00000000000004,0.0,404.0,404.0,0.817389,0.002227722772277228,0.002227722772277228,0.0024752475247524753,synchronized_peak_current_voltage_drop,0.7400000000094948,0.5000000000000782,3.2620894576029285,145.54203396519725,0.8052228951185469,5962,3.7974683544303796,0.28959451972631917,18.208333333333332,-122.75666666666666,-9.0,,6,300,60.0,120.0,114.0,121.0,126.0,151.0,145.0,145.0,29.915858,119.907792,135122.979682,1800,355,487,//qar7000185/GP0_UPLOAD/BOXER/CYLOM\KZ-04-84_CP-13\20221011\can_Tapper17-07-15-07-52-25.pcap.gz
244,2022-07-15 08:27:48.760244,can_tapper17,"rgb(55,126,184)",PG1_est,121.0,108.0,113.0,10.743801652892563,52.857142857142826,122.0,-0.1680978524877812,1500,-35.019999999991406,-5.019999999991406,60.0,0.0,497.0,497.0,1.012817,0.0016096579476861169,0.0026156941649899397,0.0018108651911468814,synchronized_peak_current_voltage_drop,0.4800000000094542,1.0000000000001563,2.892719705486028,144.49973471437335,0.9160043733611627,5975,5.882352941176471,1.523598764344558,18.25,-111.8827361563518,22.0,2.014728,8,307,60.0,120.0,113.0,119.0,141.0,144.0,145.0,145.0,59.913625,119.909373,2093.281615,2160,388,546,//qar7000185/GP0_UPLOAD/BOXER/CYLOM\KZ-04-84_CP-13\20221011\can_Tapper17-07-15-07-52-25.pcap.gz
244,2022-07-15 08:27:48.760244,can_tapper17,"rgb(55,126,184)",PG2,121.0,109.0,112.0,9.917355371900827,52.857142857142826,122.0,-1.9516719785204666,1500,-35.019999999991406,-5.019999999991406,60.0,0.0,497.0,497.0,1.012817,0.0018108651911468814,0.002414486921529175,0.002012072434607646,synchronized_peak_current_voltage_drop,0.4800000000094542,1.0000000000001563,2.565174071178317,141.6910402639937,0.9080178627213435,5975,5.010893246187364,1.212551764595733,18.25,-111.8827361563518,22.0,2.014728,8,307,60.0,120.0,112.0,120.0,139.0,144.0,141.0,141.0,59.913625,119.909373,2093.281615,2160,388,546,//qar7000185/GP0_UPLOAD/BOXER/CYLOM\KZ-04-84_CP-13\20221011\can_Tapper17-07-15-07-52-25.pcap.gz
244,2022-07-15 08:27:48.760244,can_tapper17,"rgb(55,126,184)",PG3_est,122.0,112.0,112.0,8.19672131147541,60.0,123.0,-2.325281033457651,1500,-35.019999999991406,-5.019999999991406,68.33333333333339,0.0,497.0,497.0,1.012817,0.002012072434607646,0.002012072434607646,0.0022132796780684107,synchronized_peak_current_voltage_drop,1.0000000000095355,0.5000000000000782,2.27471676670449,146.1280724812013,0.8201965242834345,5949,5.446623093681917,1.265240223531802,18.25,-111.8827361563518,22.0,2.014728,8,307,60.0,120.0,112.0,120.0,145.0,150.0,147.0,146.0,59.913625,119.909373,2093.281615,2160,388,546,//qar7000185/GP0_UPLOAD/BOXER/CYLOM\KZ-04-84_CP-13\20221011\can_Tapper17-07-15-07-52-25.pcap.gz
244,2022-07-15 08:27:48.760244,can_tapper17,"rgb(55,126,184)",PG4,122.0,112.0,112.0,8.19672131147541,60.0,123.0,-2.325281033457651,1500,-35.019999999991406,-5.019999999991406,68.33333333333339,0.0,497.0,497.0,1.012817,0.002012072434607646,0.002012072434607646,0.0022132796780684107,synchronized_peak_current_voltage_drop,1.0000000000095355,0.5000000000000782,2.27471676670449,146.1280724812013,0.8201965242834345,5949,5.446623093681917,1.265240223531802,18.25,-111.8827361563518,22.0,2.014728,8,307,60.0,120.0,112.0,120.0,145.0,150.0,147.0,146.0,59.913625,119.909373,2093.281615,2160,388,546,//qar7000185/GP0_UPLOAD/BOXER/CYLOM\KZ-04-84_CP-13\20221011\can_Tapper17-07-15-07-52-25.pcap.gz
245,2022-07-15 11:29:47.382956,can_tapper17,"rgb(77,175,74)",PG1_est,125.0,117.0,117.0,6.4,90.0,126.0,-5.115193384529244,1500,-35.019999999991406,-5.019999999991406,95.0,0.0,233.0,233.0,1.011175,0.0034334763948497857,0.0034334763948497857,0.0038626609442060085,synchronized_peak_current_voltage_drop,0.600000000009473,0.5000000000000782,3.2620894576029285,144.12923199016345,0.9058163863927277,5969,0.6451612903225806,0.505758795977389,23.0,-58.8125,7.0,3.106799,4,288,60.0,120.0,117.0,123.0,130.0,145.0,144.0,144.0,33.308057,119.996473,10918.622712,1840,344,349,//qar7000185/GP0_UPLOAD/BOXER/CYLOM\KZ-04-84_CP-13\20221011\can_Tapper17-07-15-11-29-13.pcap.gz
245,2022-07-15 11:29:47.382956,can_tapper17,"rgb(77,175,74)",PG2,125.0,116.0,116.0,7.199999999999999,90.0,126.0,-0.43032019125349796,1500,-35.019999999991406,-5.019999999991406,95.0,0.0,233.0,233.0,1.011175,0.0038626609442060085,0.0038626609442060085,0.004291845493562232,synchronized_peak_current_voltage_drop,0.600000000009473,0.5000000000000782,2.892719705486028,141.11306534473428,0.8597599207099968,5969,0.4149377593360996,0.31742383344887787,23.0,-58.8125,7.0,3.106799,4,288,60.0,120.0,116.0,124.0,130.0,142.0,141.0,141.0,33.308057,119.996473,10918.622712,1840,344,349,//qar7000185/GP0_UPLOAD/BOXER/CYLOM\KZ-04-84_CP-13\20221011\can_Tapper17-07-15-11-29-13.pcap.gz
245,2022-07-15 11:29:47.382956,can_tapper17,"rgb(77,175,74)",PG3_est,126.0,116.0,116.0,7.936507936507936,95.0,127.0,-2.349903266622911,1500,-35.019999999991406,-5.019999999991406,100.0,0.0,233.0,233.0,1.011175,0.004291845493562232,0.004291845493562232,0.0047210300429184554,synchronized_peak_current_voltage_drop,0.600000000009473,0.5000000000000782,2.565174071178317,143.025458256679,0.778402858163516,5969,0.4149377593360996,0.31742383344887787,23.0,-58.8125,7.0,3.106799,4,288,60.0,120.0,116.0,124.0,129.0,147.0,143.0,143.0,33.308057,119.996473,10918.622712,1840,344,349,//qar7000185/GP0_UPLOAD/BOXER/CYLOM\KZ-04-84_CP-13\20221011\can_Tapper17-07-15-11-29-13.pcap.gz
245,2022-07-15 11:29:47.382956,can_tapper17,"rgb(77,175,74)",PG4,126.0,116.0,116.0,7.936507936507936,95.0,127.0,-2.349903266622911,1500,-35.019999999991406,-5.019999999991406,100.0,0.0,233.0,233.0,1.011175,0.004291845493562232,0.004291845493562232,0.0047210300429184554,synchronized_peak_current_voltage_drop,0.600000000009473,0.5000000000000782,2.565174071178317,143.025458256679,0.778402858163516,5969,0.4149377593360996,0.31742383344887787,23.0,-58.8125,7.0,3.106799,4,288,60.0,120.0,116.0,124.0,129.0,147.0,143.0,143.0,33.308057,119.996473,10918.622712,1840,344,349,//qar7000185/GP0_UPLOAD/BOXER/CYLOM\KZ-04-84_CP-13\20221011\can_Tapper17-07-15-11-29-13.pcap.gz
246,2022-07-15 12:59:58.452199,can_tapper17,"rgb(152,78,163)",PG1_est,124.0,116.0,116.0,6.451612903225806,78.00000000000004,125.0,-7.81212728400193,136,-7.719999999991828,-5.019999999991406,90.0,13.0,349.0,336.0,1.129177,0.002380952380952381,0.002380952380952381,0.0026785714285714286,synchronized_peak_current_voltage_drop,0.6600000000094823,0.5000000000000782,3.678623825607137,143.7424373323097,0.8884935446478653,5966,1.0893246187363834,0.642107703492861,21.883333333333333,-62.70740740740741,101.0,2.132968,4,270,60.0,120.0,116.0,120.0,127.0,145.0,144.0,144.0,5.741545,119.877443,5411.069243,1509,288,298,//qar7000185/GP0_UPLOAD/BOXER/CYLOM\KZ-04-84_CP-13\20221011\can_Tapper17-07-15-12-59-52.pcap.gz
246,2022-07-15 12:59:58.452199,can_tapper17,"rgb(152,78,163)",PG2,125.0,115.0,115.0,8.0,90.0,125.0,5.714069387208502e-14,136,-7.719999999991828,-5.019999999991406,90.0,13.0,349.0,336.0,1.129177,0.002976190476190476,0.002976190476190476,0.002976190476190476,synchronized_peak_current_voltage_drop,0.6600000000094823,1.0000000000001563,2.892719705486028,140.58883904691652,0.8499657284203622,5966,0.8403361344537815,0.29197825068746797,21.883333333333333,-62.70740740740741,101.0,2.132968,4,270,60.0,120.0,115.0,120.0,128.0,143.0,140.0,140.0,5.741545,119.877443,5411.069243,1509,288,298,//qar7000185/GP0_UPLOAD/BOXER/CYLOM\KZ-04-84_CP-13\20221011\can_Tapper17-07-15-12-59-52.pcap.gz
246,2022-07-15 12:59:58.452199,can_tapper17,"rgb(152,78,163)",PG3_est,125.0,114.0,114.0,8.799999999999999,90.0,126.0,-4.890541078125517e-13,136,-7.719999999991828,-5.019999999991406,95.0,13.0,349.0,336.0,1.129177,0.003273809523809524,0.003273809523809524,0.0035714285714285713,synchronized_peak_current_voltage_drop,0.6600000000094823,0.7600000000001188,2.892719705486028,143.71816675497078,0.8034228844073201,5966,0.8403361344537815,0.4009107125611064,21.883333333333333,-62.70740740740741,101.0,2.132968,4,270,60.0,120.0,114.0,121.0,127.0,148.0,144.0,143.0,5.741545,119.877443,5411.069243,1509,288,298,//qar7000185/GP0_UPLOAD/BOXER/CYLOM\KZ-04-84_CP-13\20221011\can_Tapper17-07-15-12-59-52.pcap.gz
246,2022-07-15 12:59:58.452199,can_tapper17,"rgb(152,78,163)",PG4,125.0,114.0,114.0,8.799999999999999,90.0,126.0,-4.890541078125517e-13,136,-7.719999999991828,-5.019999999991406,95.0,13.0,349.0,336.0,1.129177,0.003273809523809524,0.003273809523809524,0.0035714285714285713,synchronized_peak_current_voltage_drop,0.6600000000094823,0.7600000000001188,2.892719705486028,143.71816675497078,0.8034228844073201,5966,0.8403361344537815,0.4009107125611064,21.883333333333333,-62.70740740740741,101.0,2.132968,4,270,60.0,120.0,114.0,121.0,127.0,148.0,144.0,143.0,5.741545,119.877443,5411.069243,1509,288,298,//qar7000185/GP0_UPLOAD/BOXER/CYLOM\KZ-04-84_CP-13\20221011\can_Tapper17-07-15-12-59-52.pcap.gz
247,2022-07-19 08:26:17.652452,can_tapper17,"rgb(255,127,0)",PG1_est,122.0,109.0,112.0,10.655737704918032,60.0,123.0,-1.2212983205766994,1500,-35.019999999991406,-5.019999999991406,68.33333333333339,21.0,325.0,304.0,1.730546,0.003289473684210526,0.0042763157894736845,0.0036184210526315794,synchronized_peak_current_voltage_drop,0.5400000000094636,1.7600000000002751,3.678623825607137,144.406314788614,0.8742252651884626,5972,8.59538784067086,0.4919080392850942,21.65833333333333,-60.53135313531353,173.0,2.234479,2,303,60.0,120.0,109.0,115.0,121.0,144.0,143.0,144.0,56.603356,119.999044,329179.200253,2121,332,560,//qar7000185/GP0_UPLOAD/BOXER/CYLOM\KZ-04-84_CP-13\20221011\can_Tapper17-07-19-08-25-20.pcap.gz
247,2022-07-19 08:26:17.652452,can_tapper17,"rgb(255,127,0)",PG2,122.0,109.0,111.0,10.655737704918032,60.0,123.0,-5.687905153615099e-14,1500,-35.019999999991406,-5.019999999991406,68.33333333333339,21.0,325.0,304.0,1.730546,0.0036184210526315794,0.0042763157894736845,0.003947368421052632,synchronized_peak_current_voltage_drop,0.8000000000095042,1.5000000000002345,3.2620894576029285,141.9957719353204,0.8702796013935676,5959,2.3060796645702304,0.5417748077014154,21.65833333333333,-60.53135313531353,173.0,2.234479,2,303,60.0,120.0,109.0,115.0,121.0,143.0,143.0,142.0,56.603356,119.999044,329179.200253,2121,332,560,//qar7000185/GP0_UPLOAD/BOXER/CYLOM\KZ-04-84_CP-13\20221011\can_Tapper17-07-19-08-25-20.pcap.gz
247,2022-07-19 08:26:17.652452,can_tapper17,"rgb(255,127,0)",PG3_est,123.0,109.0,114.0,11.38211382113821,68.33333333333339,124.0,-0.9139204061865929,1500,-35.019999999991406,-5.019999999991406,78.00000000000004,21.0,325.0,304.0,1.730546,0.0029605263157894738,0.004605263157894736,0.003289473684210526,synchronized_peak_current_voltage_drop,0.8000000000095042,1.260000000000197,3.2620894576029285,146.9401866505376,0.8672453452767919,5959,3.1446540880503147,0.4387799262324608,21.65833333333333,-60.53135313531353,173.0,2.234479,2,303,60.0,120.0,109.0,115.0,122.0,149.0,148.0,147.0,56.603356,119.999044,329179.200253,2121,332,560,//qar7000185/GP0_UPLOAD/BOXER/CYLOM\KZ-04-84_CP-13\20221011\can_Tapper17-07-19-08-25-20.pcap.gz
247,2022-07-19 08:26:17.652452,can_tapper17,"rgb(255,127,0)",PG4,123.0,109.0,114.0,11.38211382113821,68.33333333333339,124.0,-0.9139204061865929,1500,-35.019999999991406,-5.019999999991406,78.00000000000004,21.0,325.0,304.0,1.730546,0.0029605263157894738,0.004605263157894736,0.003289473684210526,synchronized_peak_current_voltage_drop,0.8000000000095042,1.260000000000197,3.2620894576029285,146.9401866505376,0.8672453452767919,5959,3.1446540880503147,0.4387799262324608,21.65833333333333,-60.53135313531353,173.0,2.234479,2,303,60.0,120.0,109.0,115.0,122.0,149.0,148.0,147.0,56.603356,119.999044,329179.200253,2121,332,560,//qar7000185/GP0_UPLOAD/BOXER/CYLOM\KZ-04-84_CP-13\20221011\can_Tapper17-07-19-08-25-20.pcap.gz
248,2022-07-27 08:15:03.192506,can_tapper17,"rgb(255,255,51)",PG1_est,118.0,93.0,106.0,21.1864406779661,40.0,119.0,1.2286672127408935,1500,-35.019999999991406,-5.019999999991406,40.0,15.5,374.0,358.5,1.238105,0.0033472803347280333,0.00697350069735007,0.0036262203626220364,synchronized_peak_current_voltage_drop,0.8200000000095073,0.5000000000000782,3.2620894576029285,143.85077471619528,0.836503545307296,5958,12.264150943396226,0.8031988399816572,19.333333333333332,-111.51379310344828,22.0,2.834286,5,290,60.0,120.0,106.0,116.0,112.0,144.0,145.0,144.0,59.845845,119.992002,690525.540054,2159,402,806,//qar7000185/GP0_UPLOAD/BOXER/CYLOM\KZ-04-84_CP-13\20221011\can_Tapper17-07-27-08-12-01.pcap.gz
248,2022-07-27 08:15:03.192506,can_tapper17,"rgb(255,255,51)",PG2,119.0,106.0,106.0,10.92436974789916,40.0,119.0,1.5495208654362666e-14,1500,-35.019999999991406,-5.019999999991406,40.0,15.5,374.0,358.5,1.238105,0.0036262203626220364,0.0036262203626220364,0.0036262203626220364,synchronized_peak_current_voltage_drop,0.8400000000095105,1.0000000000001563,3.2620894576029285,141.8834113664973,0.8876952757347996,5957,12.264150943396226,0.8008500268150667,19.333333333333332,-111.51379310344828,22.0,2.834286,5,290,60.0,120.0,106.0,117.0,124.0,142.0,142.0,142.0,59.845845,119.992002,690525.540054,2159,402,806,//qar7000185/GP0_UPLOAD/BOXER/CYLOM\KZ-04-84_CP-13\20221011\can_Tapper17-07-27-08-12-01.pcap.gz
248,2022-07-27 08:15:03.192506,can_tapper17,"rgb(255,255,51)",PG3_est,120.0,106.0,106.0,11.666666666666666,46.24999999999997,120.0,0.1075822700367077,1500,-35.019999999991406,-5.019999999991406,46.24999999999997,15.5,374.0,358.5,1.238105,0.0039051603905160387,0.0039051603905160387,0.0039051603905160387,synchronized_peak_current_voltage_drop,0.8200000000095073,1.0000000000001563,2.892719705486028,144.39306962163118,0.8366025551229551,5958,2.375809935205184,0.488799901280879,19.333333333333332,-111.51379310344828,22.0,2.834286,5,290,60.0,120.0,106.0,117.0,129.0,147.0,145.0,145.0,59.845845,119.992002,690525.540054,2159,402,806,//qar7000185/GP0_UPLOAD/BOXER/CYLOM\KZ-04-84_CP-13\20221011\can_Tapper17-07-27-08-12-01.pcap.gz
248,2022-07-27 08:15:03.192506,can_tapper17,"rgb(255,255,51)",PG4,120.0,106.0,106.0,11.666666666666666,46.24999999999997,120.0,0.1075822700367077,1500,-35.019999999991406,-5.019999999991406,46.24999999999997,15.5,374.0,358.5,1.238105,0.0039051603905160387,0.0039051603905160387,0.0039051603905160387,synchronized_peak_current_voltage_drop,0.8200000000095073,1.0000000000001563,2.892719705486028,144.39306962163118,0.8366025551229551,5958,2.375809935205184,0.488799901280879,19.333333333333332,-111.51379310344828,22.0,2.834286,5,290,60.0,120.0,106.0,117.0,129.0,147.0,145.0,145.0,59.845845,119.992002,690525.540054,2159,402,806,//qar7000185/GP0_UPLOAD/BOXER/CYLOM\KZ-04-84_CP-13\20221011\can_Tapper17-07-27-08-12-01.pcap.gz
249,2022-07-27 08:21:49.558287,can_tapper17,"rgb(166,86,40)",PG1_est,121.0,104.0,111.0,14.049586776859504,52.857142857142826,122.0,-1.481111769382614,1500,-35.019999999991406,-5.019999999991406,60.0,12.0,373.0,361.0,1.273748,0.002770083102493075,0.004709141274238227,0.0030470914127423824,synchronized_peak_current_voltage_drop,0.8200000000095073,0.5000000000000782,1.7887444673306678,141.3677152728008,0.26667656801662654,5958,7.964601769911504,0.8592852560057854,19.41,-100.4417808219178,20.0,2.266898,4,292,60.0,120.0,111.0,119.0,144.0,144.0,145.0,143.0,59.836502,119.998521,406.365781,2158,392,454,//qar7000185/GP0_UPLOAD/BOXER/CYLOM\KZ-04-84_CP-13\20221011\can_Tapper17-07-27-08-12-01.pcap.gz
249,2022-07-27 08:21:49.558287,can_tapper17,"rgb(166,86,40)",PG2,122.0,109.0,109.0,10.655737704918032,60.0,122.0,-1.9580008702224008,1500,-35.019999999991406,-5.019999999991406,60.0,12.0,373.0,361.0,1.273748,0.003601108033240997,0.003601108033240997,0.003601108033240997,synchronized_peak_current_voltage_drop,0.8400000000095105,1.0000000000001563,1.7887444673306678,139.9690437217987,0.30350340117911945,5957,4.439746300211416,0.7646166586832227,19.41,-100.4417808219178,20.0,2.266898,4,292,60.0,120.0,109.0,120.0,143.0,142.0,142.0,142.0,59.836502,119.998521,406.365781,2158,392,454,//qar7000185/GP0_UPLOAD/BOXER/CYLOM\KZ-04-84_CP-13\20221011\can_Tapper17-07-27-08-12-01.pcap.gz
249,2022-07-27 08:21:49.558287,can_tapper17,"rgb(166,86,40)",PG3_est,123.0,109.0,112.0,11.38211382113821,68.33333333333339,123.0,-1.158160514737738,1500,-35.019999999991406,-5.019999999991406,68.33333333333339,12.0,373.0,361.0,1.273748,0.0030470914127423824,0.0038781163434903044,0.0030470914127423824,synchronized_peak_current_voltage_drop,0.8400000000095105,0.7400000000001157,1.7887444673306678,142.1438584058342,0.27425273225140134,5957,2.6548672566371683,0.6098757899732502,19.41,-100.4417808219178,20.0,2.266898,4,292,60.0,120.0,109.0,120.0,145.0,145.0,145.0,144.0,59.836502,119.998521,406.365781,2158,392,454,//qar7000185/GP0_UPLOAD/BOXER/CYLOM\KZ-04-84_CP-13\20221011\can_Tapper17-07-27-08-12-01.pcap.gz
249,2022-07-27 08:21:49.558287,can_tapper17,"rgb(166,86,40)",PG4,123.0,109.0,112.0,11.38211382113821,68.33333333333339,123.0,-1.158160514737738,1500,-35.019999999991406,-5.019999999991406,68.33333333333339,12.0,373.0,361.0,1.273748,0.0030470914127423824,0.0038781163434903044,0.0030470914127423824,synchronized_peak_current_voltage_drop,0.8400000000095105,0.7400000000001157,1.7887444673306678,142.1438584058342,0.27425273225140134,5957,2.6548672566371683,0.6098757899732502,19.41,-100.4417808219178,20.0,2.266898,4,292,60.0,120.0,109.0,120.0,145.0,145.0,145.0,144.0,59.836502,119.998521,406.365781,2158,392,454,//qar7000185/GP0_UPLOAD/BOXER/CYLOM\KZ-04-84_CP-13\20221011\can_Tapper17-07-27-08-12-01.pcap.gz
250,2022-07-27 08:24:03.149610,can_tapper17,"rgb(247,129,191)",PG1_est,124.0,112.0,112.0,9.67741935483871,78.00000000000004,126.5,-64.06933514191635,1500,-35.019999999991406,-5.019999999991406,97.50000000000004,0.0,315.0,315.0,1.336648,0.0038095238095238095,0.0038095238095238095,0.004603174603174603,synchronized_peak_current_voltage_drop,0.8000000000095042,0.04000000000000625,40.68887031186959,118.31823205469081,0.4997746188130032,5959,7.053941908713693,1.9980999760409563,21.866666666666667,-59.97752808988764,20.0,2.028253,4,178,60.0,120.0,121.0,116.0,144.0,142.0,141.0,122.0,59.865826,119.973273,133.591323,2160,314,336,//qar7000185/GP0_UPLOAD/BOXER/CYLOM\KZ-04-84_CP-13\20221011\can_Tapper17-07-27-08-12-01.pcap.gz
250,2022-07-27 08:24:03.149610,can_tapper17,"rgb(247,129,191)",PG2,124.0,111.0,116.0,10.483870967741936,78.00000000000004,126.0,-59.19757297668985,1500,-35.019999999991406,-5.019999999991406,95.0,0.0,315.0,315.0,1.336648,0.0025396825396825397,0.004126984126984127,0.0031746031746031746,synchronized_peak_current_voltage_drop,0.8400000000095105,1.0000000000001563,40.68887031186959,119.380666465205,0.46353789403155765,5957,3.056768558951965,1.354072977750178,21.866666666666667,-59.97752808988764,20.0,2.028253,4,178,60.0,120.0,111.0,122.0,143.0,142.0,141.0,123.0,59.865826,119.973273,133.591323,2160,314,336,//qar7000185/GP0_UPLOAD/BOXER/CYLOM\KZ-04-84_CP-13\20221011\can_Tapper17-07-27-08-12-01.pcap.gz
250,2022-07-27 08:24:03.149610,can_tapper17,"rgb(247,129,191)",PG3_est,125.0,113.0,117.0,9.6,90.0,127.0,-62.341689929630306,1500,-35.019999999991406,-5.019999999991406,100.0,0.0,315.0,315.0,1.336648,0.0025396825396825397,0.0038095238095238095,0.0031746031746031746,synchronized_peak_current_voltage_drop,0.8400000000095105,1.0000000000001563,36.08162758099249,120.85619180395534,0.4744841386828842,5957,3.7344398340248963,1.0731630918967345,21.866666666666667,-59.97752808988764,20.0,2.028253,4,178,60.0,120.0,113.0,122.0,147.0,144.0,143.0,123.0,59.865826,119.973273,133.591323,2160,314,336,//qar7000185/GP0_UPLOAD/BOXER/CYLOM\KZ-04-84_CP-13\20221011\can_Tapper17-07-27-08-12-01.pcap.gz
250,2022-07-27 08:24:03.149610,can_tapper17,"rgb(247,129,191)",PG4,125.0,113.0,117.0,9.6,90.0,127.0,-62.341689929630306,1500,-35.019999999991406,-5.019999999991406,100.0,0.0,315.0,315.0,1.336648,0.0025396825396825397,0.0038095238095238095,0.0031746031746031746,synchronized_peak_current_voltage_drop,0.8400000000095105,1.0000000000001563,36.08162758099249,120.85619180395534,0.4744841386828842,5957,3.7344398340248963,1.0731630918967345,21.866666666666667,-59.97752808988764,20.0,2.028253,4,178,60.0,120.0,113.0,122.0,147.0,144.0,143.0,123.0,59.865826,119.973273,133.591323,2160,314,336,//qar7000185/GP0_UPLOAD/BOXER/CYLOM\KZ-04-84_CP-13\20221011\can_Tapper17-07-27-08-12-01.pcap.gz
251,2022-07-27 08:26:57.846039,can_tapper17,"rgb(153,153,153)",PG1_est,122.0,109.0,115.0,10.655737704918032,60.0,123.0,-4.886479085645507,826,-35.019999999991406,-5.019999999991406,68.33333333333339,9.0,403.0,394.0,0.932993,0.0017766497461928932,0.003299492385786802,0.0020304568527918783,synchronized_peak_current_voltage_drop,0.8600000000095136,0.5000000000000782,3.678623825607137,143.28205267473888,0.9081446398965138,5956,5.010893246187364,0.7008806983941951,19.8,-133.6153846153846,5.0,2.928541,7,286,60.0,120.0,115.0,119.0,121.0,144.0,143.0,143.0,59.976035,119.797645,174.696429,1849,332,444,//qar7000185/GP0_UPLOAD/BOXER/CYLOM\KZ-04-84_CP-13\20221011\can_Tapper17-07-27-08-26-38.pcap.gz
251,2022-07-27 08:26:57.846039,can_tapper17,"rgb(153,153,153)",PG2,122.0,114.0,114.0,6.557377049180328,60.0,123.0,-3.8860162238503806,826,-35.019999999991406,-5.019999999991406,68.33333333333339,9.0,403.0,394.0,0.932993,0.0020304568527918783,0.0020304568527918783,0.002284263959390863,synchronized_peak_current_voltage_drop,0.8800000000095167,0.5000000000000782,4.148345232772487,143.04204654973455,0.9333152730783816,5955,4.57516339869281,0.900227881846121,19.8,-133.6153846153846,5.0,2.928541,7,286,60.0,120.0,114.0,119.0,122.0,142.0,143.0,143.0,59.976035,119.797645,174.696429,1849,332,444,//qar7000185/GP0_UPLOAD/BOXER/CYLOM\KZ-04-84_CP-13\20221011\can_Tapper17-07-27-08-26-38.pcap.gz
251,2022-07-27 08:26:57.846039,can_tapper17,"rgb(153,153,153)",PG3_est,123.0,115.0,115.0,6.504065040650407,68.33333333333339,124.0,-5.542896428882915,826,-35.019999999991406,-5.019999999991406,78.00000000000004,9.0,403.0,394.0,0.932993,0.0020304568527918783,0.0020304568527918783,0.002284263959390863,synchronized_peak_current_voltage_drop,0.8600000000095136,0.5000000000000782,3.678623825607137,144.92855154168853,0.909297666802022,5956,1.2448132780082988,0.6447882650067221,19.8,-133.6153846153846,5.0,2.928541,7,286,60.0,120.0,115.0,122.0,125.0,145.0,144.0,145.0,59.976035,119.797645,174.696429,1849,332,444,//qar7000185/GP0_UPLOAD/BOXER/CYLOM\KZ-04-84_CP-13\20221011\can_Tapper17-07-27-08-26-38.pcap.gz
251,2022-07-27 08:26:57.846039,can_tapper17,"rgb(153,153,153)",PG4,123.0,115.0,115.0,6.504065040650407,68.33333333333339,124.0,-5.542896428882915,826,-35.019999999991406,-5.019999999991406,78.00000000000004,9.0,403.0,394.0,0.932993,0.0020304568527918783,0.0020304568527918783,0.002284263959390863,synchronized_peak_current_voltage_drop,0.8600000000095136,0.5000000000000782,3.678623825607137,144.92855154168853,0.909297666802022,5956,1.2448132780082988,0.6447882650067221,19.8,-133.6153846153846,5.0,2.928541,7,286,60.0,120.0,115.0,122.0,125.0,145.0,144.0,145.0,59.976035,119.797645,174.696429,1849,332,444,//qar7000185/GP0_UPLOAD/BOXER/CYLOM\KZ-04-84_CP-13\20221011\can_Tapper17-07-27-08-26-38.pcap.gz
252,2022-07-27 09:06:47.747570,can_tapper17,"rgb(228,26,28)",PG1_est,128.0,94.0,117.0,26.5625,100.0,144.0,-65.33096236930643,1500,-35.019999999991406,-5.019999999991406,100.0,22.5,500.0,477.5,0.999133,0.0023036649214659686,0.007120418848167539,0.0056544502617801055,synchronized_peak_current_voltage_drop,0.4200000000094448,0.5200000000000813,2.565174071178317,144.0487316036376,0.8787081889951047,5978,21.50313152400835,2.413030911113162,22.675,-66.0599455040872,32.0,2.004509,7,367,60.0,120.0,117.0,125.0,143.0,141.0,145.0,145.0,59.954941,119.926533,2389.901531,2159,574,601,//qar7000185/GP0_UPLOAD/BOXER/CYLOM\KZ-04-84_CP-13\20221011\can_Tapper17-07-27-08-26-38.pcap.gz
252,2022-07-27 09:06:47.747570,can_tapper17,"rgb(228,26,28)",PG2,129.0,110.0,118.0,14.728682170542637,100.0,142.0,-51.050307133462006,1500,-35.019999999991406,-5.019999999991406,100.0,22.5,500.0,477.5,0.999133,0.0023036649214659686,0.003979057591623036,0.005026178010471204,synchronized_peak_current_voltage_drop,0.4800000000094542,1.5000000000002345,1.7887444673306678,141.66010248345052,0.8306842318456908,5975,8.523908523908524,2.3752978046242506,22.675,-66.0599455040872,32.0,2.004509,7,367,60.0,120.0,118.0,125.0,144.0,144.0,141.0,141.0,59.954941,119.926533,2389.901531,2159,574,601,//qar7000185/GP0_UPLOAD/BOXER/CYLOM\KZ-04-84_CP-13\20221011\can_Tapper17-07-27-08-26-38.pcap.gz
252,2022-07-27 09:06:47.747570,can_tapper17,"rgb(228,26,28)",PG3_est,130.0,119.0,119.0,8.461538461538462,100.0,144.0,-57.967599096701626,1500,-35.019999999991406,-5.019999999991406,100.0,22.5,500.0,477.5,0.999133,0.0023036649214659686,0.0023036649214659686,0.005235602094240838,synchronized_peak_current_voltage_drop,0.9800000000095324,1.0000000000001563,1.5862030873085784,143.70883199128977,0.7163360956237412,5950,6.8893528183716075,1.9758130357805321,22.675,-66.0599455040872,32.0,2.004509,7,367,60.0,120.0,119.0,126.0,149.0,144.0,143.0,144.0,59.954941,119.926533,2389.901531,2159,574,601,//qar7000185/GP0_UPLOAD/BOXER/CYLOM\KZ-04-84_CP-13\20221011\can_Tapper17-07-27-08-26-38.pcap.gz
252,2022-07-27 09:06:47.747570,can_tapper17,"rgb(228,26,28)",PG4,130.0,119.0,119.0,8.461538461538462,100.0,144.0,-57.967599096701626,1500,-35.019999999991406,-5.019999999991406,100.0,22.5,500.0,477.5,0.999133,0.0023036649214659686,0.0023036649214659686,0.005235602094240838,synchronized_peak_current_voltage_drop,0.9800000000095324,1.0000000000001563,1.5862030873085784,143.70883199128977,0.7163360956237412,5950,6.8893528183716075,1.9758130357805321,22.675,-66.0599455040872,32.0,2.004509,7,367,60.0,120.0,119.0,126.0,149.0,144.0,143.0,144.0,59.954941,119.926533,2389.901531,2159,574,601,//qar7000185/GP0_UPLOAD/BOXER/CYLOM\KZ-04-84_CP-13\20221011\can_Tapper17-07-27-08-26-38.pcap.gz
253,2022-08-03 13:18:54.071683,can_tapper17,"rgb(55,126,184)",PG1_est,122.0,105.0,127.0,13.934426229508196,60.0,122.0,-26.234402361200797,437,-13.739999999992769,-5.019999999991406,60.0,2.0,303.0,301.0,0.598533,,0.005647840531561462,,synchronized_peak_current_voltage_drop,0.6200000000094761,0.5000000000000782,3.2620894576029285,143.26029857229364,0.8762930649644143,5968,8.893709327548807,2.187283458579994,20.175,-63.723333333333336,88.0,2.002632,6,300,60.0,120.0,108.0,115.0,121.0,145.0,142.0,143.0,11.764814,119.814987,619926.324113,1581,320,379,//qar7000185/GP0_UPLOAD/BOXER/CYLOM\KZ-04-84_CP-13\20221011\can_Tapper17-08-03-13-18-41.pcap.gz
253,2022-08-03 13:18:54.071683,can_tapper17,"rgb(55,126,184)",PG2,121.0,110.0,116.0,9.090909090909092,52.857142857142826,122.0,0.23366441303891705,437,-13.739999999992769,-5.019999999991406,60.0,2.0,303.0,301.0,0.598533,0.0016611295681063123,0.0036544850498338873,0.0019933554817275745,synchronized_peak_current_voltage_drop,0.6400000000094792,0.5000000000000782,3.2620894576029285,142.52099505128385,0.8959596889990866,5967,4.55531453362256,1.371640035435166,20.175,-63.723333333333336,88.0,2.002632,6,300,60.0,120.0,113.0,118.0,122.0,143.0,143.0,143.0,11.764814,119.814987,619926.324113,1581,320,379,//qar7000185/GP0_UPLOAD/BOXER/CYLOM\KZ-04-84_CP-13\20221011\can_Tapper17-08-03-13-18-41.pcap.gz
253,2022-08-03 13:18:54.071683,can_tapper17,"rgb(55,126,184)",PG3_est,122.0,115.0,120.0,5.737704918032787,60.0,123.0,-1.7003169066147554e-13,437,-13.739999999992769,-5.019999999991406,68.33333333333339,2.0,303.0,301.0,0.598533,0.000664451827242525,0.002325581395348837,0.0009966777408637873,synchronized_peak_current_voltage_drop,0.8800000000095167,0.5000000000000782,3.2620894576029285,147.2241931858477,0.8560401869899987,5955,4.1214750542299345,1.1382517410142392,20.175,-63.723333333333336,88.0,2.002632,6,300,60.0,120.0,115.0,119.0,121.0,149.0,147.0,147.0,11.764814,119.814987,619926.324113,1581,320,379,//qar7000185/GP0_UPLOAD/BOXER/CYLOM\KZ-04-84_CP-13\20221011\can_Tapper17-08-03-13-18-41.pcap.gz
253,2022-08-03 13:18:54.071683,can_tapper17,"rgb(55,126,184)",PG4,122.0,115.0,120.0,5.737704918032787,60.0,123.0,-1.7003169066147554e-13,437,-13.739999999992769,-5.019999999991406,68.33333333333339,2.0,303.0,301.0,0.598533,0.000664451827242525,0.002325581395348837,0.0009966777408637873,synchronized_peak_current_voltage_drop,0.8800000000095167,0.5000000000000782,3.2620894576029285,147.2241931858477,0.8560401869899987,5955,4.1214750542299345,1.1382517410142392,20.175,-63.723333333333336,88.0,2.002632,6,300,60.0,120.0,115.0,119.0,121.0,149.0,147.0,147.0,11.764814,119.814987,619926.324113,1581,320,379,//qar7000185/GP0_UPLOAD/BOXER/CYLOM\KZ-04-84_CP-13\20221011\can_Tapper17-08-03-13-18-41.pcap.gz
254,2022-09-29 13:06:25.945893,can_tapper17,"rgb(77,175,74)",PG1_est,119.0,97.0,107.0,18.487394957983195,40.0,119.0,-1.171961697056531,1082,-26.639999999994785,-5.019999999991406,40.0,18.0,314.0,296.0,1.628845,0.004054054054054054,0.007432432432432433,0.004054054054054054,synchronized_peak_current_voltage_drop,0.7400000000094948,1.0000000000001563,3.678623825607137,146.31039123615923,0.9098280595197424,5962,6.730769230769231,1.1544816695123183,15.023333333333335,-34.09243697478992,166.0,2.132194,2,357,60.0,120.0,105.0,112.0,117.0,147.0,146.0,146.0,24.647678,119.91767,4924051.87421,1737,397,530,//qar7000185/GP0_UPLOAD/BOXER/CYLOM\KZ-04-84_CP-13\20221011\can_Tapper17-09-29-13-06-01.pcap.gz
254,2022-09-29 13:06:25.945893,can_tapper17,"rgb(77,175,74)",PG2,118.0,104.0,107.0,11.864406779661017,40.0,119.0,-8.926400147031734,1082,-26.639999999994785,-5.019999999991406,40.0,18.0,314.0,296.0,1.628845,0.0037162162162162164,0.004729729729729729,0.004054054054054054,synchronized_peak_current_voltage_drop,0.760000000009498,1.5000000000002345,2.892719705486028,140.11935731334643,0.898561037297268,5961,6.730769230769231,1.2184900611483598,15.023333333333335,-34.09243697478992,166.0,2.132194,2,357,60.0,120.0,106.0,110.0,118.0,141.0,140.0,140.0,24.647678,119.91767,4924051.87421,1737,397,530,//qar7000185/GP0_UPLOAD/BOXER/CYLOM\KZ-04-84_CP-13\20221011\can_Tapper17-09-29-13-06-01.pcap.gz
254,2022-09-29 13:06:25.945893,can_tapper17,"rgb(77,175,74)",PG3_est,119.0,104.0,112.0,12.605042016806722,40.0,121.0,-5.255887635025632,1082,-26.639999999994785,-5.019999999991406,52.857142857142826,18.0,314.0,296.0,1.628845,0.0023648648648648646,0.005067567567567568,0.0030405405405405407,synchronized_peak_current_voltage_drop,0.5000000000094573,1.5000000000002345,4.148345232772487,149.28519937501312,0.9460386340893792,5974,3.255813953488372,1.0040620586152393,15.023333333333335,-34.09243697478992,166.0,2.132194,2,357,60.0,120.0,108.0,118.0,118.0,147.0,150.0,149.0,24.647678,119.91767,4924051.87421,1737,397,530,//qar7000185/GP0_UPLOAD/BOXER/CYLOM\KZ-04-84_CP-13\20221011\can_Tapper17-09-29-13-06-01.pcap.gz
254,2022-09-29 13:06:25.945893,can_tapper17,"rgb(77,175,74)",PG4,119.0,104.0,112.0,12.605042016806722,40.0,121.0,-5.255887635025632,1082,-26.639999999994785,-5.019999999991406,52.857142857142826,18.0,314.0,296.0,1.628845,0.0023648648648648646,0.005067567567567568,0.0030405405405405407,synchronized_peak_current_voltage_drop,0.5000000000094573,1.5000000000002345,4.148345232772487,149.28519937501312,0.9460386340893792,5974,3.255813953488372,1.0040620586152393,15.023333333333335,-34.09243697478992,166.0,2.132194,2,357,60.0,120.0,108.0,118.0,118.0,147.0,150.0,149.0,24.647678,119.91767,4924051.87421,1737,397,530,//qar7000185/GP0_UPLOAD/BOXER/CYLOM\KZ-04-84_CP-13\20221011\can_Tapper17-09-29-13-06-01.pcap.gz
255,2022-09-29 13:11:05.794843,can_tapper17,"rgb(152,78,163)",PG1_est,124.0,108.0,111.0,12.903225806451612,78.00000000000004,145.0,-75.33447792642254,1500,-35.019999999991406,-5.019999999991406,100.0,13.0,314.0,301.0,1.671169,0.004318936877076412,0.0053156146179402,0.011295681063122924,synchronized_peak_current_voltage_drop,0.5000000000094573,1.7600000000002751,2.892719705486028,145.18435467132704,0.9059447121071009,5974,7.889125799573561,0.8049588970762307,13.166666666666666,-32.44375,165.0,2.171337,3,320,60.0,120.0,112.0,115.0,143.0,146.0,145.0,145.0,59.901527,119.964949,279.84895,2160,491,672,//qar7000185/GP0_UPLOAD/BOXER/CYLOM\KZ-04-84_CP-13\20221011\can_Tapper17-09-29-13-06-01.pcap.gz
255,2022-09-29 13:11:05.794843,can_tapper17,"rgb(152,78,163)",PG2,125.0,108.0,111.0,13.600000000000001,90.0,140.0,-54.17656630068668,1500,-35.019999999991406,-5.019999999991406,100.0,13.0,314.0,301.0,1.671169,0.004651162790697674,0.005647840531561462,0.009634551495016611,synchronized_peak_current_voltage_drop,0.760000000009498,1.5000000000002345,2.27471676670449,140.1284620397955,0.9006127739943494,5961,6.609808102345416,0.6585631685254935,13.166666666666666,-32.44375,165.0,2.171337,3,320,60.0,120.0,108.0,114.0,141.0,142.0,140.0,140.0,59.901527,119.964949,279.84895,2160,491,672,//qar7000185/GP0_UPLOAD/BOXER/CYLOM\KZ-04-84_CP-13\20221011\can_Tapper17-09-29-13-06-01.pcap.gz
255,2022-09-29 13:11:05.794843,can_tapper17,"rgb(152,78,163)",PG3_est,126.0,109.0,114.0,13.492063492063492,95.0,148.0,-83.81612614048764,1500,-35.019999999991406,-5.019999999991406,100.0,13.0,314.0,301.0,1.671169,0.003986710963455149,0.005647840531561462,0.011295681063122924,synchronized_peak_current_voltage_drop,0.760000000009498,1.5000000000002345,3.2620894576029285,147.59222765500317,0.9417306987111171,5961,1.3333333333333333,0.6245020842473721,13.166666666666666,-32.44375,165.0,2.171337,3,320,60.0,120.0,111.0,116.0,142.0,146.0,148.0,147.0,59.901527,119.964949,279.84895,2160,491,672,//qar7000185/GP0_UPLOAD/BOXER/CYLOM\KZ-04-84_CP-13\20221011\can_Tapper17-09-29-13-06-01.pcap.gz
255,2022-09-29 13:11:05.794843,can_tapper17,"rgb(152,78,163)",PG4,126.0,109.0,114.0,13.492063492063492,95.0,148.0,-83.81612614048764,1500,-35.019999999991406,-5.019999999991406,100.0,13.0,314.0,301.0,1.671169,0.003986710963455149,0.005647840531561462,0.011295681063122924,synchronized_peak_current_voltage_drop,0.760000000009498,1.5000000000002345,3.2620894576029285,147.59222765500317,0.9417306987111171,5961,1.3333333333333333,0.6245020842473721,13.166666666666666,-32.44375,165.0,2.171337,3,320,60.0,120.0,111.0,116.0,142.0,146.0,148.0,147.0,59.901527,119.964949,279.84895,2160,491,672,//qar7000185/GP0_UPLOAD/BOXER/CYLOM\KZ-04-84_CP-13\20221011\can_Tapper17-09-29-13-06-01.pcap.gz
256,2022-09-29 14:20:09.926116,can_tapper17,"rgb(255,127,0)",PG1_est,120.0,109.0,112.0,9.166666666666666,46.24999999999997,,,0,,,,0.0,340.0,340.0,1.527125,0.0023529411764705885,0.0032352941176470593,,synchronized_peak_current_voltage_drop,1.0000000000095355,1.0000000000001563,3.678623825607137,145.64496830397366,0.9164846537053983,5949,0.6369426751592356,0.3793644360213133,15.416666666666668,-34.44972067039106,179.0,2.020512,3,358,60.0,120.0,109.0,118.0,119.0,145.0,145.0,146.0,0.634641,119.914897,4144.131273,1449,361,423,//qar7000185/GP0_UPLOAD/BOXER/CYLOM\KZ-04-84_CP-13\20221011\can_Tapper17-09-29-14-20-09.pcap.gz
256,2022-09-29 14:20:09.926116,can_tapper17,"rgb(255,127,0)",PG2,121.0,108.0,112.0,10.743801652892563,52.857142857142826,,,0,,,,0.0,340.0,340.0,1.527125,0.0026470588235294116,0.003823529411764706,,synchronized_peak_current_voltage_drop,1.0000000000095355,1.0000000000001563,2.892719705486028,140.4820893881338,0.8882081043172283,5949,1.4861995753715498,0.9128067568203335,15.416666666666668,-34.44972067039106,179.0,2.020512,3,358,60.0,120.0,108.0,118.0,120.0,142.0,140.0,140.0,0.634641,119.914897,4144.131273,1449,361,423,//qar7000185/GP0_UPLOAD/BOXER/CYLOM\KZ-04-84_CP-13\20221011\can_Tapper17-09-29-14-20-09.pcap.gz
256,2022-09-29 14:20:09.926116,can_tapper17,"rgb(255,127,0)",PG3_est,121.0,109.0,113.0,9.917355371900827,52.857142857142826,,,0,,,,0.0,340.0,340.0,1.527125,0.0023529411764705885,0.003529411764705882,,synchronized_peak_current_voltage_drop,1.0000000000095355,1.0000000000001563,4.148345232772487,146.6817680607163,0.9398811950409561,5949,1.0615711252653928,0.5886143320530074,15.416666666666668,-34.44972067039106,179.0,2.020512,3,358,60.0,120.0,109.0,119.0,121.0,144.0,146.0,147.0,0.634641,119.914897,4144.131273,1449,361,423,//qar7000185/GP0_UPLOAD/BOXER/CYLOM\KZ-04-84_CP-13\20221011\can_Tapper17-09-29-14-20-09.pcap.gz
256,2022-09-29 14:20:09.926116,can_tapper17,"rgb(255,127,0)",PG4,121.0,109.0,113.0,9.917355371900827,52.857142857142826,,,0,,,,0.0,340.0,340.0,1.527125,0.0023529411764705885,0.003529411764705882,,synchronized_peak_current_voltage_drop,1.0000000000095355,1.0000000000001563,4.148345232772487,146.6817680607163,0.9398811950409561,5949,1.0615711252653928,0.5886143320530074,15.416666666666668,-34.44972067039106,179.0,2.020512,3,358,60.0,120.0,109.0,119.0,121.0,144.0,146.0,147.0,0.634641,119.914897,4144.131273,1449,361,423,//qar7000185/GP0_UPLOAD/BOXER/CYLOM\KZ-04-84_CP-13\20221011\can_Tapper17-09-29-14-20-09.pcap.gz
257,2022-09-30 08:11:16.349565,can_tapper17,"rgb(255,255,51)",PG1_est,118.0,105.0,105.0,11.016949152542372,40.0,119.0,-1.1037210222863656,1140,-27.799999999994967,-5.019999999991406,40.0,18.0,485.0,467.0,1.309542,0.00278372591006424,0.00278372591006424,0.0029978586723768733,synchronized_peak_current_voltage_drop,0.8400000000095105,1.5000000000002345,3.678623825607137,144.52445096926198,0.8029123275877473,5957,1.9438444924406046,0.8625971077488893,15.325,-37.05654761904762,159.0,2.311417,3,336,60.0,120.0,105.0,112.0,118.0,146.0,144.0,144.0,25.818361,119.993292,64266.423449,1751,402,447,//qar7000185/GP0_UPLOAD/BOXER/CYLOM\KZ-04-84_CP-13\20221011\can_Tapper17-09-30-08-10-50.pcap.gz
257,2022-09-30 08:11:16.349565,can_tapper17,"rgb(255,255,51)",PG2,119.0,105.0,105.0,11.76470588235294,40.0,120.0,-4.292903142875899,1140,-27.799999999994967,-5.019999999991406,46.24999999999997,18.0,485.0,467.0,1.309542,0.0029978586723768733,0.0029978586723768733,0.0032119914346895075,synchronized_peak_current_voltage_drop,0.8400000000095105,1.5000000000002345,3.2620894576029285,140.95750702084322,0.8295750725267108,5957,2.8077753779697625,0.9179335565446445,15.325,-37.05654761904762,159.0,2.311417,3,336,60.0,120.0,105.0,111.0,118.0,142.0,141.0,142.0,25.818361,119.993292,64266.423449,1751,402,447,//qar7000185/GP0_UPLOAD/BOXER/CYLOM\KZ-04-84_CP-13\20221011\can_Tapper17-09-30-08-10-50.pcap.gz
257,2022-09-30 08:11:16.349565,can_tapper17,"rgb(255,255,51)",PG3_est,120.0,106.0,108.0,11.666666666666666,46.24999999999997,121.0,-4.292903142876298,1140,-27.799999999994967,-5.019999999991406,52.857142857142826,18.0,485.0,467.0,1.309542,0.002569593147751606,0.0029978586723768733,0.00278372591006424,synchronized_peak_current_voltage_drop,0.8400000000095105,1.260000000000197,3.678623825607137,144.50530131448193,0.8492620756182303,5957,2.375809935205184,0.832794067778951,15.325,-37.05654761904762,159.0,2.311417,3,336,60.0,120.0,106.0,113.0,119.0,145.0,145.0,144.0,25.818361,119.993292,64266.423449,1751,402,447,//qar7000185/GP0_UPLOAD/BOXER/CYLOM\KZ-04-84_CP-13\20221011\can_Tapper17-09-30-08-10-50.pcap.gz
257,2022-09-30 08:11:16.349565,can_tapper17,"rgb(255,255,51)",PG4,120.0,106.0,108.0,11.666666666666666,46.24999999999997,121.0,-4.292903142876298,1140,-27.799999999994967,-5.019999999991406,52.857142857142826,18.0,485.0,467.0,1.309542,0.002569593147751606,0.0029978586723768733,0.00278372591006424,synchronized_peak_current_voltage_drop,0.8400000000095105,1.260000000000197,3.678623825607137,144.50530131448193,0.8492620756182303,5957,2.375809935205184,0.832794067778951,15.325,-37.05654761904762,159.0,2.311417,3,336,60.0,120.0,106.0,113.0,119.0,145.0,145.0,144.0,25.818361,119.993292,64266.423449,1751,402,447,//qar7000185/GP0_UPLOAD/BOXER/CYLOM\KZ-04-84_CP-13\20221011\can_Tapper17-09-30-08-10-50.pcap.gz
258,2022-09-30 08:18:34.088255,can_tapper17,"rgb(166,86,40)",PG1_est,120.0,108.0,108.0,10.0,46.24999999999997,120.0,1.9243475219321766,1500,-35.019999999991406,-5.019999999991406,46.24999999999997,0.0,325.0,325.0,1.436666,0.0036923076923076922,0.0036923076923076922,0.0036923076923076922,synchronized_peak_current_voltage_drop,0.8800000000095167,0.04000000000000625,2.565174071178317,144.58548972393297,0.8202426058685222,5955,6.290672451193059,1.7408295038700603,15.366666666666669,-41.08670520231214,15.0,2.03419,4,346,60.0,120.0,116.0,114.0,143.0,144.0,144.0,144.0,59.998153,119.830298,437.73869,2160,459,514,//qar7000185/GP0_UPLOAD/BOXER/CYLOM\KZ-04-84_CP-13\20221011\can_Tapper17-09-30-08-10-50.pcap.gz
258,2022-09-30 08:18:34.088255,can_tapper17,"rgb(166,86,40)",PG2,120.0,107.0,111.0,10.833333333333334,46.24999999999997,121.0,2.0586558921909938e-13,1500,-35.019999999991406,-5.019999999991406,52.857142857142826,0.0,325.0,325.0,1.436666,0.0027692307692307695,0.004,0.003076923076923077,synchronized_peak_current_voltage_drop,0.920000000009523,1.0000000000001563,2.0171482422437275,141.10186646804823,0.888993387884294,5953,2.5056947608200457,1.189963345712159,15.366666666666669,-41.08670520231214,15.0,2.03419,4,346,60.0,120.0,107.0,115.0,141.0,141.0,141.0,141.0,59.998153,119.830298,437.73869,2160,459,514,//qar7000185/GP0_UPLOAD/BOXER/CYLOM\KZ-04-84_CP-13\20221011\can_Tapper17-09-30-08-10-50.pcap.gz
258,2022-09-30 08:18:34.088255,can_tapper17,"rgb(166,86,40)",PG3_est,121.0,108.0,113.0,10.743801652892563,52.857142857142826,122.0,2.8201152515774477e-13,1500,-35.019999999991406,-5.019999999991406,60.0,0.0,325.0,325.0,1.436666,0.0024615384615384616,0.004,0.0027692307692307695,synchronized_peak_current_voltage_drop,0.920000000009523,1.0000000000001563,2.27471676670449,145.06128511575267,0.8840648076496462,5953,3.2537960954446854,1.0897415012409764,15.366666666666669,-41.08670520231214,15.0,2.03419,4,346,60.0,120.0,108.0,119.0,143.0,143.0,144.0,145.0,59.998153,119.830298,437.73869,2160,459,514,//qar7000185/GP0_UPLOAD/BOXER/CYLOM\KZ-04-84_CP-13\20221011\can_Tapper17-09-30-08-10-50.pcap.gz
258,2022-09-30 08:18:34.088255,can_tapper17,"rgb(166,86,40)",PG4,121.0,108.0,113.0,10.743801652892563,52.857142857142826,122.0,2.8201152515774477e-13,1500,-35.019999999991406,-5.019999999991406,60.0,0.0,325.0,325.0,1.436666,0.0024615384615384616,0.004,0.0027692307692307695,synchronized_peak_current_voltage_drop,0.920000000009523,1.0000000000001563,2.27471676670449,145.06128511575267,0.8840648076496462,5953,3.2537960954446854,1.0897415012409764,15.366666666666669,-41.08670520231214,15.0,2.03419,4,346,60.0,120.0,108.0,119.0,143.0,143.0,144.0,145.0,59.998153,119.830298,437.73869,2160,459,514,//qar7000185/GP0_UPLOAD/BOXER/CYLOM\KZ-04-84_CP-13\20221011\can_Tapper17-09-30-08-10-50.pcap.gz
259,2022-10-03 10:52:04.718823,can_tapper17,"rgb(247,129,191)",PG1_est,117.0,103.0,107.0,11.965811965811966,40.0,117.0,-4.237517981786426,381,-12.619999999992594,-5.019999999991406,40.0,16.0,309.0,293.0,1.534018,0.0034129692832764505,0.00477815699658703,0.0034129692832764505,synchronized_peak_current_voltage_drop,0.5000000000094573,0.020000000000003126,3.678623825607137,143.85395691220145,0.8705165181794006,5974,11.320754716981131,2.492674873031396,14.833333333333332,-45.78115501519757,162.0,2.033142,3,329,60.0,120.0,108.0,110.0,117.0,145.0,144.0,143.0,10.632985,119.925744,268410.630568,1569,350,588,//qar7000185/GP0_UPLOAD/BOXER/CYLOM\KZ-04-84_CP-13\20221011\can_Tapper17-10-03-10-51-53.pcap.gz
259,2022-10-03 10:52:04.718823,can_tapper17,"rgb(247,129,191)",PG2,117.0,102.0,110.0,12.82051282051282,40.0,118.0,-11.57452108235488,381,-12.619999999992594,-5.019999999991406,40.0,16.0,309.0,293.0,1.534018,0.002389078498293515,0.005119453924914676,0.0027303754266211604,synchronized_peak_current_voltage_drop,0.5200000000094605,1.5000000000002345,3.2620894576029285,141.45804464219518,0.907798962139437,5973,3.7735849056603774,0.9209830480359156,14.833333333333332,-45.78115501519757,162.0,2.033142,3,329,60.0,120.0,102.0,110.0,117.0,142.0,141.0,142.0,10.632985,119.925744,268410.630568,1569,350,588,//qar7000185/GP0_UPLOAD/BOXER/CYLOM\KZ-04-84_CP-13\20221011\can_Tapper17-10-03-10-51-53.pcap.gz
259,2022-10-03 10:52:04.718823,can_tapper17,"rgb(247,129,191)",PG3_est,118.0,102.0,111.0,13.559322033898304,40.0,119.0,5.387190130663075e-13,381,-12.619999999992594,-5.019999999991406,40.0,16.0,309.0,293.0,1.534018,0.002389078498293515,0.005460750853242321,0.0027303754266211604,synchronized_peak_current_voltage_drop,0.5200000000094605,1.5000000000002345,3.2620894576029285,144.21782356049872,0.9165185652137227,5973,3.930131004366812,1.0477897046890874,14.833333333333332,-45.78115501519757,162.0,2.033142,3,329,60.0,120.0,102.0,111.0,118.0,146.0,144.0,144.0,10.632985,119.925744,268410.630568,1569,350,588,//qar7000185/GP0_UPLOAD/BOXER/CYLOM\KZ-04-84_CP-13\20221011\can_Tapper17-10-03-10-51-53.pcap.gz
259,2022-10-03 10:52:04.718823,can_tapper17,"rgb(247,129,191)",PG4,118.0,102.0,111.0,13.559322033898304,40.0,119.0,5.387190130663075e-13,381,-12.619999999992594,-5.019999999991406,40.0,16.0,309.0,293.0,1.534018,0.002389078498293515,0.005460750853242321,0.0027303754266211604,synchronized_peak_current_voltage_drop,0.5200000000094605,1.5000000000002345,3.2620894576029285,144.21782356049872,0.9165185652137227,5973,3.930131004366812,1.0477897046890874,14.833333333333332,-45.78115501519757,162.0,2.033142,3,329,60.0,120.0,102.0,111.0,118.0,146.0,144.0,144.0,10.632985,119.925744,268410.630568,1569,350,588,//qar7000185/GP0_UPLOAD/BOXER/CYLOM\KZ-04-84_CP-13\20221011\can_Tapper17-10-03-10-51-53.pcap.gz
260,2022-10-03 11:07:45.455382,can_tapper17,"rgb(153,153,153)",PG1_est,120.0,99.0,107.0,17.5,46.24999999999997,120.0,-3.048356910380368,1500,-35.019999999991406,-5.019999999991406,46.24999999999997,13.5,470.0,456.5,1.128929,0.002847754654983571,0.004600219058050384,0.002847754654983571,synchronized_peak_current_voltage_drop,0.6400000000094792,0.5000000000000782,119.99999999999996,103.76767983407225,0.5443992632966594,5967,10.407239819004525,2.082236667139691,14.95,-52.92125984251968,29.0,2.129679,4,127,60.0,120.0,107.0,118.0,143.0,143.0,144.0,123.0,59.987669,119.816972,940.736559,2159,254,349,//qar7000185/GP0_UPLOAD/BOXER/CYLOM\KZ-04-84_CP-13\20221011\can_Tapper17-10-03-10-51-53.pcap.gz
260,2022-10-03 11:07:45.455382,can_tapper17,"rgb(153,153,153)",PG2,120.0,105.0,105.0,12.5,46.24999999999997,120.0,-3.1322236143211453,1500,-35.019999999991406,-5.019999999991406,46.24999999999997,13.5,470.0,456.5,1.128929,0.0032858707557502738,0.0032858707557502738,0.0032858707557502738,synchronized_peak_current_voltage_drop,0.6800000000094855,1.0000000000001563,119.99999999999996,106.03092949958504,0.526384795411531,5965,6.6115702479338845,1.5969898510271443,14.95,-52.92125984251968,29.0,2.129679,4,127,60.0,120.0,105.0,117.0,141.0,141.0,141.0,124.0,59.987669,119.816972,940.736559,2159,254,349,//qar7000185/GP0_UPLOAD/BOXER/CYLOM\KZ-04-84_CP-13\20221011\can_Tapper17-10-03-10-51-53.pcap.gz
260,2022-10-03 11:07:45.455382,can_tapper17,"rgb(153,153,153)",PG3_est,122.0,107.0,109.0,12.295081967213115,60.0,121.0,-2.9081168480512036,1500,-35.019999999991406,-5.019999999991406,52.857142857142826,13.5,470.0,456.5,1.128929,0.002847754654983571,0.0032858707557502738,0.002628696604600219,synchronized_peak_current_voltage_drop,0.6800000000094855,1.260000000000197,119.99999999999996,104.57703015567671,0.5434685039483518,5965,4.072398190045249,1.121071366211103,14.95,-52.92125984251968,29.0,2.129679,4,127,60.0,120.0,109.0,117.0,144.0,146.0,145.0,125.0,59.987669,119.816972,940.736559,2159,254,349,//qar7000185/GP0_UPLOAD/BOXER/CYLOM\KZ-04-84_CP-13\20221011\can_Tapper17-10-03-10-51-53.pcap.gz
260,2022-10-03 11:07:45.455382,can_tapper17,"rgb(153,153,153)",PG4,122.0,107.0,109.0,12.295081967213115,60.0,121.0,-2.9081168480512036,1500,-35.019999999991406,-5.019999999991406,52.857142857142826,13.5,470.0,456.5,1.128929,0.002847754654983571,0.0032858707557502738,0.002628696604600219,synchronized_peak_current_voltage_drop,0.6800000000094855,1.260000000000197,119.99999999999996,104.57703015567671,0.5434685039483518,5965,4.072398190045249,1.121071366211103,14.95,-52.92125984251968,29.0,2.129679,4,127,60.0,120.0,109.0,117.0,144.0,146.0,145.0,125.0,59.987669,119.816972,940.736559,2159,254,349,//qar7000185/GP0_UPLOAD/BOXER/CYLOM\KZ-04-84_CP-13\20221011\can_Tapper17-10-03-10-51-53.pcap.gz
261,2022-10-03 11:15:49.355956,can_tapper17,"rgb(228,26,28)",PG1_est,120.0,105.0,108.0,12.5,46.24999999999997,120.0,-0.38061350249475256,1500,-35.019999999991406,-5.019999999991406,46.24999999999997,12.0,309.0,297.0,1.589705,0.00404040404040404,0.005050505050505051,0.00404040404040404,synchronized_peak_current_voltage_drop,0.5400000000094636,0.04000000000000625,2.892719705486028,143.27583062775452,0.8660420628483685,5972,11.264367816091953,2.1241319169469564,13.05,-61.319526627218934,160.0,2.18868,1,338,60.0,120.0,106.0,112.0,140.0,144.0,143.0,143.0,59.866101,119.940353,483.900574,2158,414,568,//qar7000185/GP0_UPLOAD/BOXER/CYLOM\KZ-04-84_CP-13\20221011\can_Tapper17-10-03-10-51-53.pcap.gz
261,2022-10-03 11:15:49.355956,can_tapper17,"rgb(228,26,28)",PG2,120.0,104.0,112.0,13.333333333333334,46.24999999999997,121.0,-0.7003114223604183,1500,-35.019999999991406,-5.019999999991406,52.857142857142826,12.0,309.0,297.0,1.589705,0.0026936026936026937,0.0053872053872053875,0.0030303030303030303,synchronized_peak_current_voltage_drop,0.5800000000094698,1.5000000000002345,2.565174071178317,141.1859338525322,0.9159564714788734,5970,10.920770877944326,1.3933421050447965,13.05,-61.319526627218934,160.0,2.18868,1,338,60.0,120.0,104.0,112.0,138.0,143.0,141.0,141.0,59.866101,119.940353,483.900574,2158,414,568,//qar7000185/GP0_UPLOAD/BOXER/CYLOM\KZ-04-84_CP-13\20221011\can_Tapper17-10-03-10-51-53.pcap.gz
261,2022-10-03 11:15:49.355956,can_tapper17,"rgb(228,26,28)",PG3_est,121.0,105.0,110.0,13.223140495867769,52.857142857142826,122.0,-0.5732180325409747,1500,-35.019999999991406,-5.019999999991406,60.0,12.0,309.0,297.0,1.589705,0.003703703703703704,0.0053872053872053875,0.00404040404040404,synchronized_peak_current_voltage_drop,0.6200000000094761,1.5000000000002345,2.565174071178317,144.84600638155945,0.9256099377641444,5968,3.640256959314775,0.9971420853575276,13.05,-61.319526627218934,160.0,2.18868,1,338,60.0,120.0,105.0,113.0,140.0,147.0,145.0,144.0,59.866101,119.940353,483.900574,2158,414,568,//qar7000185/GP0_UPLOAD/BOXER/CYLOM\KZ-04-84_CP-13\20221011\can_Tapper17-10-03-10-51-53.pcap.gz
261,2022-10-03 11:15:49.355956,can_tapper17,"rgb(228,26,28)",PG4,121.0,105.0,110.0,13.223140495867769,52.857142857142826,122.0,-0.5732180325409747,1500,-35.019999999991406,-5.019999999991406,60.0,12.0,309.0,297.0,1.589705,0.003703703703703704,0.0053872053872053875,0.00404040404040404,synchronized_peak_current_voltage_drop,0.6200000000094761,1.5000000000002345,2.565174071178317,144.84600638155945,0.9256099377641444,5968,3.640256959314775,0.9971420853575276,13.05,-61.319526627218934,160.0,2.18868,1,338,60.0,120.0,105.0,113.0,140.0,147.0,145.0,144.0,59.866101,119.940353,483.900574,2158,414,568,//qar7000185/GP0_UPLOAD/BOXER/CYLOM\KZ-04-84_CP-13\20221011\can_Tapper17-10-03-10-51-53.pcap.gz
262,2022-10-03 11:25:50.749309,can_tapper17,"rgb(55,126,184)",PG1_est,120.0,104.0,104.0,13.333333333333334,46.24999999999997,121.0,2.0586558921909938e-13,1500,-35.019999999991406,-5.019999999991406,52.857142857142826,0.0,399.0,399.0,1.170574,0.0040100250626566416,0.0040100250626566416,0.004260651629072682,synchronized_peak_current_voltage_drop,1.080000000009548,0.160000000000025,2.27471676670449,144.5702657487377,0.8902038021191085,5945,18.681318681318682,2.956993173478346,15.283333333333331,-65.0108991825613,21.0,2.173293,3,367,60.0,120.0,107.0,117.0,142.0,143.0,144.0,145.0,59.895777,119.984997,601.393353,2160,508,484,//qar7000185/GP0_UPLOAD/BOXER/CYLOM\KZ-04-84_CP-13\20221011\can_Tapper17-10-03-10-51-53.pcap.gz
262,2022-10-03 11:25:50.749309,can_tapper17,"rgb(55,126,184)",PG2,121.0,106.0,109.0,12.396694214876034,52.857142857142826,121.0,2.0586558921909938e-13,1500,-35.019999999991406,-5.019999999991406,52.857142857142826,0.0,399.0,399.0,1.170574,0.003007518796992481,0.0037593984962406013,0.003007518796992481,synchronized_peak_current_voltage_drop,0.5800000000094698,1.0000000000001563,2.0171482422437275,141.23639853584854,0.8812133304362483,5970,6.813186813186813,1.3279436650500218,15.283333333333331,-65.0108991825613,21.0,2.173293,3,367,60.0,120.0,106.0,118.0,142.0,142.0,141.0,141.0,59.895777,119.984997,601.393353,2160,508,484,//qar7000185/GP0_UPLOAD/BOXER/CYLOM\KZ-04-84_CP-13\20221011\can_Tapper17-10-03-10-51-53.pcap.gz
262,2022-10-03 11:25:50.749309,can_tapper17,"rgb(55,126,184)",PG3_est,122.0,107.0,112.0,12.295081967213115,60.0,122.0,2.8201152515774477e-13,1500,-35.019999999991406,-5.019999999991406,60.0,0.0,399.0,399.0,1.170574,0.002506265664160401,0.0037593984962406013,0.002506265664160401,synchronized_peak_current_voltage_drop,0.5600000000094667,1.5000000000002345,2.27471676670449,145.86556417451786,0.9070667905770696,5971,5.934065934065934,1.2859291361394076,15.283333333333331,-65.0108991825613,21.0,2.173293,3,367,60.0,120.0,107.0,115.0,144.0,147.0,146.0,146.0,59.895777,119.984997,601.393353,2160,508,484,//qar7000185/GP0_UPLOAD/BOXER/CYLOM\KZ-04-84_CP-13\20221011\can_Tapper17-10-03-10-51-53.pcap.gz
262,2022-10-03 11:25:50.749309,can_tapper17,"rgb(55,126,184)",PG4,122.0,107.0,112.0,12.295081967213115,60.0,122.0,2.8201152515774477e-13,1500,-35.019999999991406,-5.019999999991406,60.0,0.0,399.0,399.0,1.170574,0.002506265664160401,0.0037593984962406013,0.002506265664160401,synchronized_peak_current_voltage_drop,0.5600000000094667,1.5000000000002345,2.27471676670449,145.86556417451786,0.9070667905770696,5971,5.934065934065934,1.2859291361394076,15.283333333333331,-65.0108991825613,21.0,2.173293,3,367,60.0,120.0,107.0,115.0,144.0,147.0,146.0,146.0,59.895777,119.984997,601.393353,2160,508,484,//qar7000185/GP0_UPLOAD/BOXER/CYLOM\KZ-04-84_CP-13\20221011\can_Tapper17-10-03-10-51-53.pcap.gz
263,2022-10-03 11:36:17.975330,can_tapper17,"rgb(77,175,74)",PG1_est,121.0,93.0,115.0,23.140495867768596,52.857142857142826,122.0,-4.0742506996660675,1500,-35.019999999991406,-5.019999999991406,60.0,11.0,494.0,483.0,1.340176,0.0012422360248447205,0.0057971014492753615,0.0014492753623188404,synchronized_peak_current_voltage_drop,0.8400000000095105,0.5000000000000782,2.565174071178317,145.13144825806725,0.893376612399806,5957,16.02708803611738,1.7279381924389392,17.483333333333334,-67.5814606741573,14.0,2.338194,4,356,60.0,120.0,107.0,118.0,140.0,143.0,144.0,145.0,59.970556,119.9932,627.226021,2160,410,440,//qar7000185/GP0_UPLOAD/BOXER/CYLOM\KZ-04-84_CP-13\20221011\can_Tapper17-10-03-10-51-53.pcap.gz
263,2022-10-03 11:36:17.975330,can_tapper17,"rgb(77,175,74)",PG2,120.0,106.0,106.0,11.666666666666666,46.24999999999997,121.0,2.0586558921909938e-13,1500,-35.019999999991406,-5.019999999991406,52.857142857142826,11.0,494.0,483.0,1.340176,0.0028985507246376808,0.0028985507246376808,0.003105590062111801,synchronized_peak_current_voltage_drop,0.920000000009523,1.0000000000001563,2.0171482422437275,140.69306973063,0.8600893290203273,5953,8.352144469525959,1.6438273188215633,17.483333333333334,-67.5814606741573,14.0,2.338194,4,356,60.0,120.0,106.0,118.0,141.0,142.0,141.0,141.0,59.970556,119.9932,627.226021,2160,410,440,//qar7000185/GP0_UPLOAD/BOXER/CYLOM\KZ-04-84_CP-13\20221011\can_Tapper17-10-03-10-51-53.pcap.gz
263,2022-10-03 11:36:17.975330,can_tapper17,"rgb(77,175,74)",PG3_est,122.0,108.0,110.0,11.475409836065573,60.0,123.0,-3.7147483176651073,1500,-35.019999999991406,-5.019999999991406,68.33333333333339,11.0,494.0,483.0,1.340176,0.002484472049689441,0.0028985507246376808,0.0026915113871635614,synchronized_peak_current_voltage_drop,0.920000000009523,1.0000000000001563,2.27471676670449,146.07485301242062,0.8930121482118977,5953,3.8374717832957113,0.9929926621312544,17.483333333333334,-67.5814606741573,14.0,2.338194,4,356,60.0,120.0,108.0,117.0,144.0,146.0,146.0,146.0,59.970556,119.9932,627.226021,2160,410,440,//qar7000185/GP0_UPLOAD/BOXER/CYLOM\KZ-04-84_CP-13\20221011\can_Tapper17-10-03-10-51-53.pcap.gz
263,2022-10-03 11:36:17.975330,can_tapper17,"rgb(77,175,74)",PG4,122.0,108.0,110.0,11.475409836065573,60.0,123.0,-3.7147483176651073,1500,-35.019999999991406,-5.019999999991406,68.33333333333339,11.0,494.0,483.0,1.340176,0.002484472049689441,0.0028985507246376808,0.0026915113871635614,synchronized_peak_current_voltage_drop,0.920000000009523,1.0000000000001563,2.27471676670449,146.07485301242062,0.8930121482118977,5953,3.8374717832957113,0.9929926621312544,17.483333333333334,-67.5814606741573,14.0,2.338194,4,356,60.0,120.0,108.0,117.0,144.0,146.0,146.0,146.0,59.970556,119.9932,627.226021,2160,410,440,//qar7000185/GP0_UPLOAD/BOXER/CYLOM\KZ-04-84_CP-13\20221011\can_Tapper17-10-03-10-51-53.pcap.gz
264,2022-10-03 11:41:47.526680,can_tapper17,"rgb(152,78,163)",PG1_est,121.0,105.0,105.0,13.223140495867769,52.857142857142826,122.0,2.8201152515774477e-13,1500,-35.019999999991406,-5.019999999991406,60.0,0.0,335.0,335.0,1.271125,0.004776119402985075,0.004776119402985075,0.005074626865671642,synchronized_peak_current_voltage_drop,1.240000000009573,0.12000000000001876,119.99999999999996,128.7694179192527,0.15280461203096662,5937,8.444444444444445,2.2107974577636194,15.583333333333332,-59.00903614457831,20.0,2.269725,3,332,60.0,120.0,108.0,119.0,144.0,142.0,146.0,146.0,59.903251,119.93825,329.55135,2159,388,386,//qar7000185/GP0_UPLOAD/BOXER/CYLOM\KZ-04-84_CP-13\20221011\can_Tapper17-10-03-10-51-53.pcap.gz
264,2022-10-03 11:41:47.526680,can_tapper17,"rgb(152,78,163)",PG2,122.0,108.0,111.0,11.475409836065573,60.0,122.0,2.8201152515774477e-13,1500,-35.019999999991406,-5.019999999991406,60.0,0.0,335.0,335.0,1.271125,0.003283582089552239,0.00417910447761194,0.003283582089552239,synchronized_peak_current_voltage_drop,0.7400000000094948,1.0000000000001563,1.5862030873085784,137.26655773172072,0.20782285235870734,5962,4.0,1.334367656970402,15.583333333333332,-59.00903614457831,20.0,2.269725,3,332,60.0,120.0,108.0,119.0,142.0,142.0,140.0,140.0,59.903251,119.93825,329.55135,2159,388,386,//qar7000185/GP0_UPLOAD/BOXER/CYLOM\KZ-04-84_CP-13\20221011\can_Tapper17-10-03-10-51-53.pcap.gz
264,2022-10-03 11:41:47.526680,can_tapper17,"rgb(152,78,163)",PG3_est,123.0,110.0,115.0,10.569105691056912,68.33333333333339,123.0,-5.687905153615099e-14,1500,-35.019999999991406,-5.019999999991406,68.33333333333339,0.0,335.0,335.0,1.271125,0.0023880597014925373,0.0038805970149253734,0.0023880597014925373,synchronized_peak_current_voltage_drop,0.7400000000094948,1.0000000000001563,119.99999999999996,129.15828273411418,0.16727597499045088,5962,3.361344537815126,1.2088895230191827,15.583333333333332,-59.00903614457831,20.0,2.269725,3,332,60.0,120.0,110.0,120.0,145.0,146.0,146.0,146.0,59.903251,119.93825,329.55135,2159,388,386,//qar7000185/GP0_UPLOAD/BOXER/CYLOM\KZ-04-84_CP-13\20221011\can_Tapper17-10-03-10-51-53.pcap.gz
264,2022-10-03 11:41:47.526680,can_tapper17,"rgb(152,78,163)",PG4,123.0,110.0,115.0,10.569105691056912,68.33333333333339,123.0,-5.687905153615099e-14,1500,-35.019999999991406,-5.019999999991406,68.33333333333339,0.0,335.0,335.0,1.271125,0.0023880597014925373,0.0038805970149253734,0.0023880597014925373,synchronized_peak_current_voltage_drop,0.7400000000094948,1.0000000000001563,119.99999999999996,129.15828273411418,0.16727597499045088,5962,3.361344537815126,1.2088895230191827,15.583333333333332,-59.00903614457831,20.0,2.269725,3,332,60.0,120.0,110.0,120.0,145.0,146.0,146.0,146.0,59.903251,119.93825,329.55135,2159,388,386,//qar7000185/GP0_UPLOAD/BOXER/CYLOM\KZ-04-84_CP-13\20221011\can_Tapper17-10-03-10-51-53.pcap.gz
265,2022-10-03 13:23:34.530091,can_tapper17,"rgb(255,127,0)",PG1_est,119.0,106.0,106.0,10.92436974789916,40.0,121.0,-0.9572715365648127,1500,-35.019999999991406,-5.019999999991406,52.857142857142826,15.0,500.0,485.0,1.090436,0.0026804123711340207,0.0026804123711340207,0.003092783505154639,synchronized_peak_current_voltage_drop,0.7000000000094886,1.0000000000001563,2.565174071178317,139.07104017499083,0.2617242069731186,5964,2.78372591006424,0.7601282913934189,16.15833333333333,-66.1774193548387,20.0,2.190085,4,310,60.0,120.0,106.0,117.0,121.0,145.0,143.0,143.0,59.937514,119.853681,6107.003411,2160,463,372,//qar7000185/GP0_UPLOAD/BOXER/CYLOM\KZ-04-84_CP-13\20221011\can_Tapper17-10-03-13-05-13.pcap.gz
265,2022-10-03 13:23:34.530091,can_tapper17,"rgb(255,127,0)",PG2,120.0,105.0,105.0,12.5,46.24999999999997,120.0,7.586850985972613e-14,1500,-35.019999999991406,-5.019999999991406,46.24999999999997,15.0,500.0,485.0,1.090436,0.003092783505154639,0.003092783505154639,0.003092783505154639,synchronized_peak_current_voltage_drop,0.7000000000094886,1.0000000000001563,2.565174071178317,138.6317846565279,0.2774771116560818,5964,1.9271948608137044,0.6860794241515109,16.15833333333333,-66.1774193548387,20.0,2.190085,4,310,60.0,120.0,105.0,117.0,121.0,143.0,142.0,142.0,59.937514,119.853681,6107.003411,2160,463,372,//qar7000185/GP0_UPLOAD/BOXER/CYLOM\KZ-04-84_CP-13\20221011\can_Tapper17-10-03-13-05-13.pcap.gz
265,2022-10-03 13:23:34.530091,can_tapper17,"rgb(255,127,0)",PG3_est,121.0,106.0,106.0,12.396694214876034,52.857142857142826,121.0,0.19418675297214352,1500,-35.019999999991406,-5.019999999991406,52.857142857142826,15.0,500.0,485.0,1.090436,0.003092783505154639,0.003092783505154639,0.003092783505154639,synchronized_peak_current_voltage_drop,0.7000000000094886,1.0000000000001563,2.565174071178317,141.221947057281,0.272558591526177,5964,2.355460385438972,0.6067939649398592,16.15833333333333,-66.1774193548387,20.0,2.190085,4,310,60.0,120.0,106.0,116.0,120.0,147.0,145.0,145.0,59.937514,119.853681,6107.003411,2160,463,372,//qar7000185/GP0_UPLOAD/BOXER/CYLOM\KZ-04-84_CP-13\20221011\can_Tapper17-10-03-13-05-13.pcap.gz
265,2022-10-03 13:23:34.530091,can_tapper17,"rgb(255,127,0)",PG4,121.0,106.0,106.0,12.396694214876034,52.857142857142826,121.0,0.19418675297214352,1500,-35.019999999991406,-5.019999999991406,52.857142857142826,15.0,500.0,485.0,1.090436,0.003092783505154639,0.003092783505154639,0.003092783505154639,synchronized_peak_current_voltage_drop,0.7000000000094886,1.0000000000001563,2.565174071178317,141.221947057281,0.272558591526177,5964,2.355460385438972,0.6067939649398592,16.15833333333333,-66.1774193548387,20.0,2.190085,4,310,60.0,120.0,106.0,116.0,120.0,147.0,145.0,145.0,59.937514,119.853681,6107.003411,2160,463,372,//qar7000185/GP0_UPLOAD/BOXER/CYLOM\KZ-04-84_CP-13\20221011\can_Tapper17-10-03-13-05-13.pcap.gz
266,2022-10-03 13:33:46.559016,can_tapper17,"rgb(255,255,51)",PG1_est,120.0,107.0,107.0,10.833333333333334,46.24999999999997,121.0,-1.0187293416570018,1500,-35.019999999991406,-5.019999999991406,52.857142857142826,0.0,396.0,396.0,1.225802,0.003282828282828283,0.003282828282828283,0.003535353535353535,synchronized_peak_current_voltage_drop,0.7400000000094948,1.0000000000001563,2.565174071178317,144.04130303061217,0.912764173435626,5962,0.4366812227074236,0.2142493360739367,16.15,-67.69436997319035,146.0,2.223029,4,373,60.0,120.0,107.0,115.0,142.0,144.0,143.0,144.0,59.911625,119.89655,612.028925,2160,445,573,//qar7000185/GP0_UPLOAD/BOXER/CYLOM\KZ-04-84_CP-13\20221011\can_Tapper17-10-03-13-05-13.pcap.gz
266,2022-10-03 13:33:46.559016,can_tapper17,"rgb(255,255,51)",PG2,120.0,107.0,107.0,10.833333333333334,46.24999999999997,121.0,-0.7919292408572094,1500,-35.019999999991406,-5.019999999991406,52.857142857142826,0.0,396.0,396.0,1.225802,0.003282828282828283,0.003282828282828283,0.003535353535353535,synchronized_peak_current_voltage_drop,0.7400000000094948,1.0000000000001563,2.27471676670449,141.71290126486429,0.9008488389827766,5962,0.6711409395973155,0.42962582807721583,16.15,-67.69436997319035,146.0,2.223029,4,373,60.0,120.0,107.0,115.0,142.0,144.0,142.0,142.0,59.911625,119.89655,612.028925,2160,445,573,//qar7000185/GP0_UPLOAD/BOXER/CYLOM\KZ-04-84_CP-13\20221011\can_Tapper17-10-03-13-05-13.pcap.gz
266,2022-10-03 13:33:46.559016,can_tapper17,"rgb(255,255,51)",PG3_est,122.0,107.0,107.0,12.295081967213115,60.0,122.0,-0.1637245172106689,1500,-35.019999999991406,-5.019999999991406,60.0,0.0,396.0,396.0,1.225802,0.003787878787878788,0.003787878787878788,0.003787878787878788,synchronized_peak_current_voltage_drop,0.7400000000094948,1.5000000000002345,2.565174071178317,145.6620694963033,0.9228753475358216,5962,0.4366812227074236,0.2142493360739367,16.15,-67.69436997319035,146.0,2.223029,4,373,60.0,120.0,107.0,114.0,144.0,148.0,145.0,146.0,59.911625,119.89655,612.028925,2160,445,573,//qar7000185/GP0_UPLOAD/BOXER/CYLOM\KZ-04-84_CP-13\20221011\can_Tapper17-10-03-13-05-13.pcap.gz
266,2022-10-03 13:33:46.559016,can_tapper17,"rgb(255,255,51)",PG4,122.0,107.0,107.0,12.295081967213115,60.0,122.0,-0.1637245172106689,1500,-35.019999999991406,-5.019999999991406,60.0,0.0,396.0,396.0,1.225802,0.003787878787878788,0.003787878787878788,0.003787878787878788,synchronized_peak_current_voltage_drop,0.7400000000094948,1.5000000000002345,2.565174071178317,145.6620694963033,0.9228753475358216,5962,0.4366812227074236,0.2142493360739367,16.15,-67.69436997319035,146.0,2.223029,4,373,60.0,120.0,107.0,114.0,144.0,148.0,145.0,146.0,59.911625,119.89655,612.028925,2160,445,573,//qar7000185/GP0_UPLOAD/BOXER/CYLOM\KZ-04-84_CP-13\20221011\can_Tapper17-10-03-13-05-13.pcap.gz
267,2022-10-03 13:44:22.539322,can_tapper17,"rgb(166,86,40)",PG1_est,122.0,103.0,112.0,15.573770491803279,60.0,123.0,-3.9459217537424123,1500,-35.019999999991406,-5.019999999991406,68.33333333333339,12.0,407.0,395.0,1.298394,0.002531645569620253,0.004810126582278481,0.0027848101265822785,synchronized_peak_current_voltage_drop,0.9400000000095261,0.5000000000000782,2.27471676670449,142.45803166503126,0.2413664593343663,5952,9.166666666666666,1.4204421191935444,16.4,-58.229032258064514,28.0,2.3995,4,310,60.0,120.0,110.0,120.0,141.0,144.0,145.0,145.0,59.950099,119.881974,635.980306,2160,386,502,//qar7000185/GP0_UPLOAD/BOXER/CYLOM\KZ-04-84_CP-13\20221011\can_Tapper17-10-03-13-05-13.pcap.gz
267,2022-10-03 13:44:22.539322,can_tapper17,"rgb(166,86,40)",PG2,123.0,109.0,112.0,11.38211382113821,68.33333333333339,124.0,-1.1280005013332333,1500,-35.019999999991406,-5.019999999991406,78.00000000000004,12.0,407.0,395.0,1.298394,0.0027848101265822785,0.0035443037974683543,0.0030379746835443038,synchronized_peak_current_voltage_drop,0.9600000000095292,0.7400000000001157,1.7887444673306678,138.23721494737805,0.26578049946781745,5951,5.215419501133787,0.9170955781421131,16.4,-58.229032258064514,28.0,2.3995,4,310,60.0,120.0,109.0,119.0,142.0,142.0,140.0,140.0,59.950099,119.881974,635.980306,2160,386,502,//qar7000185/GP0_UPLOAD/BOXER/CYLOM\KZ-04-84_CP-13\20221011\can_Tapper17-10-03-13-05-13.pcap.gz
267,2022-10-03 13:44:22.539322,can_tapper17,"rgb(166,86,40)",PG3_est,124.0,111.0,113.0,10.483870967741936,78.00000000000004,125.0,-0.9748093221373653,1500,-35.019999999991406,-5.019999999991406,90.0,12.0,407.0,395.0,1.298394,0.0027848101265822785,0.003291139240506329,0.0030379746835443038,synchronized_peak_current_voltage_drop,0.7000000000094886,1.5000000000002345,2.27471676670449,143.90978686956595,0.2654208868958955,5964,3.3333333333333335,0.8368262156133649,16.4,-58.229032258064514,28.0,2.3995,4,310,60.0,120.0,111.0,117.0,143.0,145.0,147.0,147.0,59.950099,119.881974,635.980306,2160,386,502,//qar7000185/GP0_UPLOAD/BOXER/CYLOM\KZ-04-84_CP-13\20221011\can_Tapper17-10-03-13-05-13.pcap.gz
267,2022-10-03 13:44:22.539322,can_tapper17,"rgb(166,86,40)",PG4,124.0,111.0,113.0,10.483870967741936,78.00000000000004,125.0,-0.9748093221373653,1500,-35.019999999991406,-5.019999999991406,90.0,12.0,407.0,395.0,1.298394,0.0027848101265822785,0.003291139240506329,0.0030379746835443038,synchronized_peak_current_voltage_drop,0.7000000000094886,1.5000000000002345,2.27471676670449,143.90978686956595,0.2654208868958955,5964,3.3333333333333335,0.8368262156133649,16.4,-58.229032258064514,28.0,2.3995,4,310,60.0,120.0,111.0,117.0,143.0,145.0,147.0,147.0,59.950099,119.881974,635.980306,2160,386,502,//qar7000185/GP0_UPLOAD/BOXER/CYLOM\KZ-04-84_CP-13\20221011\can_Tapper17-10-03-13-05-13.pcap.gz
268,2022-10-03 13:51:37.653348,can_tapper17,"rgb(247,129,191)",PG1_est,121.0,102.0,112.0,15.702479338842975,52.857142857142826,123.0,-2.6067656030062305,1500,-35.019999999991406,-5.019999999991406,68.33333333333339,13.0,350.0,337.0,1.463699,0.0026706231454005935,0.005637982195845697,0.0032640949554896144,synchronized_peak_current_voltage_drop,0.9000000000095199,0.7600000000001188,2.565174071178317,145.028637322234,0.900497409114472,5954,12.446351931330472,1.2569817020415985,16.75,-64.96600566572238,15.0,2.059997,4,353,60.0,120.0,110.0,117.0,141.0,143.0,145.0,144.0,59.981083,119.840846,435.114026,2160,451,394,//qar7000185/GP0_UPLOAD/BOXER/CYLOM\KZ-04-84_CP-13\20221011\can_Tapper17-10-03-13-05-13.pcap.gz
268,2022-10-03 13:51:37.653348,can_tapper17,"rgb(247,129,191)",PG2,122.0,110.0,112.0,9.836065573770492,60.0,122.0,2.8201152515774477e-13,1500,-35.019999999991406,-5.019999999991406,60.0,13.0,350.0,337.0,1.463699,0.002967359050445104,0.0035608308605341245,0.002967359050445104,synchronized_peak_current_voltage_drop,0.9400000000095261,1.0000000000001563,2.0171482422437275,140.94826119478395,0.8416541552829024,5952,6.787330316742081,1.1229586014709512,16.75,-64.96600566572238,15.0,2.059997,4,353,60.0,120.0,110.0,117.0,141.0,142.0,141.0,141.0,59.981083,119.840846,435.114026,2160,451,394,//qar7000185/GP0_UPLOAD/BOXER/CYLOM\KZ-04-84_CP-13\20221011\can_Tapper17-10-03-13-05-13.pcap.gz
268,2022-10-03 13:51:37.653348,can_tapper17,"rgb(247,129,191)",PG3_est,123.0,111.0,115.0,9.75609756097561,68.33333333333339,124.0,-0.5443202419196322,1500,-35.019999999991406,-5.019999999991406,78.00000000000004,13.0,350.0,337.0,1.463699,0.0023738872403560834,0.0035608308605341245,0.0026706231454005935,synchronized_peak_current_voltage_drop,0.920000000009523,1.0000000000001563,2.565174071178317,146.72868175483444,0.9241747011636632,5953,5.579399141630901,1.027659133379268,16.75,-64.96600566572238,15.0,2.059997,4,353,60.0,120.0,111.0,120.0,142.0,145.0,146.0,147.0,59.981083,119.840846,435.114026,2160,451,394,//qar7000185/GP0_UPLOAD/BOXER/CYLOM\KZ-04-84_CP-13\20221011\can_Tapper17-10-03-13-05-13.pcap.gz
268,2022-10-03 13:51:37.653348,can_tapper17,"rgb(247,129,191)",PG4,123.0,111.0,115.0,9.75609756097561,68.33333333333339,124.0,-0.5443202419196322,1500,-35.019999999991406,-5.019999999991406,78.00000000000004,13.0,350.0,337.0,1.463699,0.0023738872403560834,0.0035608308605341245,0.0026706231454005935,synchronized_peak_current_voltage_drop,0.920000000009523,1.0000000000001563,2.565174071178317,146.72868175483444,0.9241747011636632,5953,5.579399141630901,1.027659133379268,16.75,-64.96600566572238,15.0,2.059997,4,353,60.0,120.0,111.0,120.0,142.0,145.0,146.0,147.0,59.981083,119.840846,435.114026,2160,451,394,//qar7000185/GP0_UPLOAD/BOXER/CYLOM\KZ-04-84_CP-13\20221011\can_Tapper17-10-03-13-05-13.pcap.gz
269,2022-10-04 11:46:59.769049,can_tapper17,"rgb(153,153,153)",PG1_est,119.0,107.0,107.0,10.084033613445378,40.0,121.0,-0.6969069764025922,1500,-35.019999999991406,-5.019999999991406,52.857142857142826,0.0,369.0,369.0,1.193712,0.0032520325203252032,0.0032520325203252032,0.0037940379403794034,synchronized_peak_current_voltage_drop,0.920000000009523,0.7600000000001188,3.678623825607137,146.10401859641445,0.8957762306699775,5953,9.502262443438914,2.0658776525028055,15.875,-48.21671018276762,20.0,2.292012,3,383,60.0,120.0,107.0,118.0,125.0,146.0,147.0,146.0,54.720423,119.832333,78922.115701,2097,527,534,//qar7000185/GP0_UPLOAD/BOXER/CYLOM\KZ-04-84_CP-13\20221011\can_Tapper17-10-04-11-46-04.pcap.gz
269,2022-10-04 11:46:59.769049,can_tapper17,"rgb(153,153,153)",PG2,120.0,105.0,111.0,12.5,46.24999999999997,120.0,-1.0760093671150512,1500,-35.019999999991406,-5.019999999991406,46.24999999999997,0.0,369.0,369.0,1.193712,0.0024390243902439024,0.0040650406504065045,0.0024390243902439024,synchronized_peak_current_voltage_drop,0.6800000000094855,1.0000000000001563,2.892719705486028,140.06182432583603,0.870592045281781,5965,4.97737556561086,1.335722235975437,15.875,-48.21671018276762,20.0,2.292012,3,383,60.0,120.0,105.0,117.0,124.0,142.0,140.0,139.0,54.720423,119.832333,78922.115701,2097,527,534,//qar7000185/GP0_UPLOAD/BOXER/CYLOM\KZ-04-84_CP-13\20221011\can_Tapper17-10-04-11-46-04.pcap.gz
269,2022-10-04 11:46:59.769049,can_tapper17,"rgb(153,153,153)",PG3_est,121.0,108.0,112.0,10.743801652892563,52.857142857142826,121.0,-2.3758143892503587,1500,-35.019999999991406,-5.019999999991406,52.857142857142826,0.0,369.0,369.0,1.193712,0.0024390243902439024,0.0035230352303523035,0.0024390243902439024,synchronized_peak_current_voltage_drop,0.6800000000094855,1.0000000000001563,3.678623825607137,145.41436520294553,0.8951664821788752,5965,2.262443438914027,0.9861631837741718,15.875,-48.21671018276762,20.0,2.292012,3,383,60.0,120.0,108.0,118.0,121.0,146.0,146.0,145.0,54.720423,119.832333,78922.115701,2097,527,534,//qar7000185/GP0_UPLOAD/BOXER/CYLOM\KZ-04-84_CP-13\20221011\can_Tapper17-10-04-11-46-04.pcap.gz
269,2022-10-04 11:46:59.769049,can_tapper17,"rgb(153,153,153)",PG4,121.0,108.0,112.0,10.743801652892563,52.857142857142826,121.0,-2.3758143892503587,1500,-35.019999999991406,-5.019999999991406,52.857142857142826,0.0,369.0,369.0,1.193712,0.0024390243902439024,0.0035230352303523035,0.0024390243902439024,synchronized_peak_current_voltage_drop,0.6800000000094855,1.0000000000001563,3.678623825607137,145.41436520294553,0.8951664821788752,5965,2.262443438914027,0.9861631837741718,15.875,-48.21671018276762,20.0,2.292012,3,383,60.0,120.0,108.0,118.0,121.0,146.0,146.0,145.0,54.720423,119.832333,78922.115701,2097,527,534,//qar7000185/GP0_UPLOAD/BOXER/CYLOM\KZ-04-84_CP-13\20221011\can_Tapper17-10-04-11-46-04.pcap.gz
270,2022-10-05 13:56:56.976368,can_tapper17,"rgb(228,26,28)",PG1_est,118.0,104.0,107.0,11.864406779661017,40.0,118.0,-0.3148801399466002,1500,-35.019999999991406,-5.019999999991406,40.0,0.0,379.0,379.0,1.314102,0.002902374670184697,0.0036939313984168864,0.002902374670184697,synchronized_peak_current_voltage_drop,0.760000000009498,1.0000000000001563,3.678623825607137,142.51881992083096,0.7025191963412384,5961,8.971553610503282,0.834142807399204,16.275,-153.9214501510574,91.0,2.415275,4,331,60.0,120.0,111.0,112.0,116.0,142.0,144.0,145.0,59.870674,119.975598,94197.207319,2160,428,439,//qar7000185/GP0_UPLOAD/BOXER/CYLOM\KZ-04-84_CP-13\20221011\can_Tapper17-10-05-13-50-28.pcap.gz
270,2022-10-05 13:56:56.976368,can_tapper17,"rgb(228,26,28)",PG2,117.0,102.0,105.0,12.82051282051282,40.0,118.0,-0.3148801399466002,1500,-35.019999999991406,-5.019999999991406,40.0,0.0,379.0,379.0,1.314102,0.0031662269129287598,0.00395778364116095,0.0034300791556728235,synchronized_peak_current_voltage_drop,1.0200000000095386,1.0000000000001563,3.2620894576029285,141.3071723049741,0.7640785291817415,5948,3.3175355450236967,1.2413433053491187,16.275,-153.9214501510574,91.0,2.415275,4,331,60.0,120.0,110.0,111.0,117.0,139.0,141.0,144.0,59.870674,119.975598,94197.207319,2160,428,439,//qar7000185/GP0_UPLOAD/BOXER/CYLOM\KZ-04-84_CP-13\20221011\can_Tapper17-10-05-13-50-28.pcap.gz
270,2022-10-05 13:56:56.976368,can_tapper17,"rgb(228,26,28)",PG3_est,119.0,105.0,108.0,11.76470588235294,40.0,119.0,1.5495208654362666e-14,1500,-35.019999999991406,-5.019999999991406,40.0,0.0,379.0,379.0,1.314102,0.002902374670184697,0.0036939313984168864,0.002902374670184697,synchronized_peak_current_voltage_drop,0.7800000000095011,1.5000000000002345,3.678623825607137,144.35809526036948,0.7232679044874376,5960,3.2822757111597376,0.8251558586983269,16.275,-153.9214501510574,91.0,2.415275,4,331,60.0,120.0,105.0,111.0,118.0,143.0,145.0,147.0,59.870674,119.975598,94197.207319,2160,428,439,//qar7000185/GP0_UPLOAD/BOXER/CYLOM\KZ-04-84_CP-13\20221011\can_Tapper17-10-05-13-50-28.pcap.gz
270,2022-10-05 13:56:56.976368,can_tapper17,"rgb(228,26,28)",PG4,119.0,105.0,108.0,11.76470588235294,40.0,119.0,1.5495208654362666e-14,1500,-35.019999999991406,-5.019999999991406,40.0,0.0,379.0,379.0,1.314102,0.002902374670184697,0.0036939313984168864,0.002902374670184697,synchronized_peak_current_voltage_drop,0.7800000000095011,1.5000000000002345,3.678623825607137,144.35809526036948,0.7232679044874376,5960,3.2822757111597376,0.8251558586983269,16.275,-153.9214501510574,91.0,2.415275,4,331,60.0,120.0,105.0,111.0,118.0,143.0,145.0,147.0,59.870674,119.975598,94197.207319,2160,428,439,//qar7000185/GP0_UPLOAD/BOXER/CYLOM\KZ-04-84_CP-13\20221011\can_Tapper17-10-05-13-50-28.pcap.gz
271,2022-10-07 08:00:27.123509,can_tapper17,"rgb(55,126,184)",PG1_est,119.0,106.0,106.0,10.92436974789916,40.0,120.0,-6.897700843421442,1500,-35.019999999991406,-5.019999999991406,46.24999999999997,17.0,350.0,333.0,1.234101,0.0039039039039039042,0.0039039039039039042,0.004204204204204204,synchronized_peak_current_voltage_drop,0.8000000000095042,1.0000000000001563,3.678623825607137,144.89667386160957,0.9065054904437948,5959,1.5053763440860215,0.692202136875223,15.975,-83.41311475409836,18.0,2.42695,4,305,60.0,120.0,106.0,117.0,118.0,145.0,144.0,145.0,59.849815,119.989655,151410.147141,2160,382,495,//qar7000185/GP0_UPLOAD/BOXER/CYLOM\KZ-04-84_CP-13\20221011\can_Tapper17-10-07-07-53-01.pcap.gz
271,2022-10-07 08:00:27.123509,can_tapper17,"rgb(55,126,184)",PG2,118.0,105.0,105.0,11.016949152542372,40.0,119.0,-1.0148182288078507,1500,-35.019999999991406,-5.019999999991406,40.0,17.0,350.0,333.0,1.234101,0.0039039039039039042,0.0039039039039039042,0.004204204204204204,synchronized_peak_current_voltage_drop,0.8000000000095042,1.0000000000001563,3.2620894576029285,141.00398025616906,0.9147834539271321,5959,2.3655913978494625,0.8129091171719065,15.975,-83.41311475409836,18.0,2.42695,4,305,60.0,120.0,105.0,117.0,118.0,141.0,141.0,141.0,59.849815,119.989655,151410.147141,2160,382,495,//qar7000185/GP0_UPLOAD/BOXER/CYLOM\KZ-04-84_CP-13\20221011\can_Tapper17-10-07-07-53-01.pcap.gz
271,2022-10-07 08:00:27.123509,can_tapper17,"rgb(55,126,184)",PG3_est,120.0,107.0,107.0,10.833333333333334,46.24999999999997,121.0,-4.25244633441976,1500,-35.019999999991406,-5.019999999991406,52.857142857142826,17.0,350.0,333.0,1.234101,0.0039039039039039042,0.0039039039039039042,0.004204204204204204,synchronized_peak_current_voltage_drop,0.8000000000095042,1.0000000000001563,3.678623825607137,145.1573606990308,0.925976458908186,5959,1.935483870967742,0.7525556270235647,15.975,-83.41311475409836,18.0,2.42695,4,305,60.0,120.0,107.0,118.0,125.0,145.0,145.0,145.0,59.849815,119.989655,151410.147141,2160,382,495,//qar7000185/GP0_UPLOAD/BOXER/CYLOM\KZ-04-84_CP-13\20221011\can_Tapper17-10-07-07-53-01.pcap.gz
271,2022-10-07 08:00:27.123509,can_tapper17,"rgb(55,126,184)",PG4,120.0,107.0,107.0,10.833333333333334,46.24999999999997,121.0,-4.25244633441976,1500,-35.019999999991406,-5.019999999991406,52.857142857142826,17.0,350.0,333.0,1.234101,0.0039039039039039042,0.0039039039039039042,0.004204204204204204,synchronized_peak_current_voltage_drop,0.8000000000095042,1.0000000000001563,3.678623825607137,145.1573606990308,0.925976458908186,5959,1.935483870967742,0.7525556270235647,15.975,-83.41311475409836,18.0,2.42695,4,305,60.0,120.0,107.0,118.0,125.0,145.0,145.0,145.0,59.849815,119.989655,151410.147141,2160,382,495,//qar7000185/GP0_UPLOAD/BOXER/CYLOM\KZ-04-84_CP-13\20221011\can_Tapper17-10-07-07-53-01.pcap.gz
272,2022-10-10 12:41:45.389713,can_tapper17,"rgb(77,175,74)",PG1_est,119.0,101.0,109.0,15.126050420168067,40.0,118.0,4.287002883110879e-11,7,-5.139999999991424,-5.019999999991406,40.0,9.5,308.0,298.5,1.025711,0.0033500837520938024,0.006030150753768844,0.003015075376884422,synchronized_peak_current_voltage_drop,0.7400000000094948,1.0000000000001563,3.2620894576029285,143.76020747842776,0.861419421077963,5962,6.046511627906977,1.0964580261751151,12.833333333333334,-64.32191780821918,14.0,2.129714,5,292,60.0,120.0,109.0,115.0,117.0,145.0,143.0,143.0,3.387076,119.937532,276078.266204,1481,299,489,//qar7000185/GP0_UPLOAD/BOXER/CYLOM\KZ-04-84_CP-13\20221011\can_Tapper17-10-10-12-41-41.pcap.gz
272,2022-10-10 12:41:45.389713,can_tapper17,"rgb(77,175,74)",PG2,118.0,107.0,109.0,9.322033898305085,40.0,119.0,2.6012908567772146e-12,19,-5.379999999991462,-5.019999999991406,40.0,9.5,308.0,298.5,1.025711,0.003015075376884422,0.003685092127303183,0.0033500837520938024,synchronized_peak_current_voltage_drop,0.760000000009498,0.7400000000001157,3.678623825607137,141.5621859708074,0.8942301398026993,5961,5.116279069767442,1.0728285086681673,12.833333333333334,-64.32191780821918,14.0,2.129714,5,292,60.0,120.0,109.0,116.0,118.0,142.0,142.0,142.0,3.387076,119.937532,276078.266204,1481,299,489,//qar7000185/GP0_UPLOAD/BOXER/CYLOM\KZ-04-84_CP-13\20221011\can_Tapper17-10-10-12-41-41.pcap.gz
272,2022-10-10 12:41:45.389713,can_tapper17,"rgb(77,175,74)",PG3_est,120.0,108.0,111.0,10.0,46.24999999999997,120.0,1.1118638111102877e-11,19,-5.379999999991462,-5.019999999991406,46.24999999999997,9.5,308.0,298.5,1.025711,0.003015075376884422,0.004020100502512562,0.003015075376884422,synchronized_peak_current_voltage_drop,0.5000000000094573,1.0000000000001563,3.2620894576029285,144.52741082149265,0.8800151591032097,5974,2.262443438914027,0.8996770405093238,12.833333333333334,-64.32191780821918,14.0,2.129714,5,292,60.0,120.0,111.0,114.0,119.0,147.0,144.0,144.0,3.387076,119.937532,276078.266204,1481,299,489,//qar7000185/GP0_UPLOAD/BOXER/CYLOM\KZ-04-84_CP-13\20221011\can_Tapper17-10-10-12-41-41.pcap.gz
272,2022-10-10 12:41:45.389713,can_tapper17,"rgb(77,175,74)",PG4,120.0,108.0,111.0,10.0,46.24999999999997,120.0,1.1118638111102877e-11,19,-5.379999999991462,-5.019999999991406,46.24999999999997,9.5,308.0,298.5,1.025711,0.003015075376884422,0.004020100502512562,0.003015075376884422,synchronized_peak_current_voltage_drop,0.5000000000094573,1.0000000000001563,3.2620894576029285,144.52741082149265,0.8800151591032097,5974,2.262443438914027,0.8996770405093238,12.833333333333334,-64.32191780821918,14.0,2.129714,5,292,60.0,120.0,111.0,114.0,119.0,147.0,144.0,144.0,3.387076,119.937532,276078.266204,1481,299,489,//qar7000185/GP0_UPLOAD/BOXER/CYLOM\KZ-04-84_CP-13\20221011\can_Tapper17-10-10-12-41-41.pcap.gz
273,2022-10-11 07:25:59.605805,can_tapper17,"rgb(152,78,163)",PG1_est,120.0,112.0,113.0,6.666666666666667,46.24999999999997,,,0,,,,6.5,262.0,255.5,1.238976,0.0027397260273972603,0.0031311154598825833,,synchronized_peak_current_voltage_drop,0.9600000000095292,0.7600000000001188,3.678623825607137,146.12845921388632,0.8964335625000909,5951,1.7543859649122806,0.8039514227930913,17.9,-57.26813880126183,58.0,2.347396,4,317,60.0,120.0,112.0,118.0,125.0,146.0,146.0,146.0,0.679488,119.89789,67454.216092,1449,324,375,//qar7000185/GP0_UPLOAD/BOXER/CYLOM\KZ-04-84_CP-13\20221011\can_Tapper17-10-11-07-25-58.pcap.gz
273,2022-10-11 07:25:59.605805,can_tapper17,"rgb(152,78,163)",PG2,121.0,110.0,112.0,9.090909090909092,52.857142857142826,,,0,,,,6.5,262.0,255.5,1.238976,0.0035225048923679062,0.004305283757338552,,synchronized_peak_current_voltage_drop,0.9600000000095292,0.7600000000001188,3.2620894576029285,139.97241493393255,0.8692747924800962,5951,1.7543859649122806,0.7073468188041477,17.9,-57.26813880126183,58.0,2.347396,4,317,60.0,120.0,110.0,117.0,124.0,141.0,140.0,140.0,0.679488,119.89789,67454.216092,1449,324,375,//qar7000185/GP0_UPLOAD/BOXER/CYLOM\KZ-04-84_CP-13\20221011\can_Tapper17-10-11-07-25-58.pcap.gz
273,2022-10-11 07:25:59.605805,can_tapper17,"rgb(152,78,163)",PG3_est,122.0,112.0,114.0,8.19672131147541,60.0,,,0,,,,6.5,262.0,255.5,1.238976,0.0031311154598825833,0.003913894324853229,,synchronized_peak_current_voltage_drop,0.7200000000094917,1.260000000000197,3.2620894576029285,145.5161903027095,0.8890805801648948,5963,1.7543859649122806,0.6427513593380731,17.9,-57.26813880126183,58.0,2.347396,4,317,60.0,120.0,112.0,116.0,123.0,148.0,145.0,145.0,0.679488,119.89789,67454.216092,1449,324,375,//qar7000185/GP0_UPLOAD/BOXER/CYLOM\KZ-04-84_CP-13\20221011\can_Tapper17-10-11-07-25-58.pcap.gz
273,2022-10-11 07:25:59.605805,can_tapper17,"rgb(152,78,163)",PG4,122.0,112.0,114.0,8.19672131147541,60.0,,,0,,,,6.5,262.0,255.5,1.238976,0.0031311154598825833,0.003913894324853229,,synchronized_peak_current_voltage_drop,0.7200000000094917,1.260000000000197,3.2620894576029285,145.5161903027095,0.8890805801648948,5963,1.7543859649122806,0.6427513593380731,17.9,-57.26813880126183,58.0,2.347396,4,317,60.0,120.0,112.0,116.0,123.0,148.0,145.0,145.0,0.679488,119.89789,67454.216092,1449,324,375,//qar7000185/GP0_UPLOAD/BOXER/CYLOM\KZ-04-84_CP-13\20221011\can_Tapper17-10-11-07-25-58.pcap.gz
274,2022-10-11 07:38:24.008247,can_tapper17,"rgb(255,127,0)",PG1_est,121.0,102.0,110.0,15.702479338842975,52.857142857142826,121.0,-2.6778234123654614,1500,-35.019999999991406,-5.019999999991406,52.857142857142826,0.0,324.0,324.0,1.4399,0.003395061728395062,0.005864197530864197,0.003395061728395062,synchronized_peak_current_voltage_drop,1.0200000000095386,0.5000000000000782,1.5862030873085784,138.56549720530217,0.08312688370946908,5948,9.534368070953438,0.8113174646894352,15.875,-44.05614973262032,367.0,2.038181,5,374,60.0,120.0,118.0,114.0,144.0,146.0,145.0,122.0,59.869274,119.957356,744.402442,2160,599,645,//qar7000185/GP0_UPLOAD/BOXER/CYLOM\KZ-04-84_CP-13\20221011\can_Tapper17-10-11-07-25-58.pcap.gz
274,2022-10-11 07:38:24.008247,can_tapper17,"rgb(255,127,0)",PG2,121.0,109.0,109.0,9.917355371900827,52.857142857142826,121.0,-0.5668980297322356,1500,-35.019999999991406,-5.019999999991406,52.857142857142826,0.0,324.0,324.0,1.4399,0.0037037037037037034,0.0037037037037037034,0.0037037037037037034,synchronized_peak_current_voltage_drop,1.0400000000095417,1.0000000000001563,1.406595676542853,135.8892755187122,0.09556286833250538,5947,3.7694013303769403,0.8083690856975008,15.875,-44.05614973262032,367.0,2.038181,5,374,60.0,120.0,117.0,114.0,142.0,143.0,141.0,123.0,59.869274,119.957356,744.402442,2160,599,645,//qar7000185/GP0_UPLOAD/BOXER/CYLOM\KZ-04-84_CP-13\20221011\can_Tapper17-10-11-07-25-58.pcap.gz
274,2022-10-11 07:38:24.008247,can_tapper17,"rgb(255,127,0)",PG3_est,122.0,110.0,110.0,9.836065573770492,60.0,122.0,-1.3617783830122199,1500,-35.019999999991406,-5.019999999991406,60.0,0.0,324.0,324.0,1.4399,0.0037037037037037034,0.0037037037037037034,0.0037037037037037034,synchronized_peak_current_voltage_drop,1.0600000000095449,1.0000000000001563,1.5862030873085784,140.00292445938402,0.08981603743503208,5946,2.882483370288248,0.6825333346983959,15.875,-44.05614973262032,367.0,2.038181,5,374,60.0,120.0,116.0,115.0,146.0,148.0,146.0,124.0,59.869274,119.957356,744.402442,2160,599,645,//qar7000185/GP0_UPLOAD/BOXER/CYLOM\KZ-04-84_CP-13\20221011\can_Tapper17-10-11-07-25-58.pcap.gz
274,2022-10-11 07:38:24.008247,can_tapper17,"rgb(255,127,0)",PG4,122.0,110.0,110.0,9.836065573770492,60.0,122.0,-1.3617783830122199,1500,-35.019999999991406,-5.019999999991406,60.0,0.0,324.0,324.0,1.4399,0.0037037037037037034,0.0037037037037037034,0.0037037037037037034,synchronized_peak_current_voltage_drop,1.0600000000095449,1.0000000000001563,1.5862030873085784,140.00292445938402,0.08981603743503208,5946,2.882483370288248,0.6825333346983959,15.875,-44.05614973262032,367.0,2.038181,5,374,60.0,120.0,116.0,115.0,146.0,148.0,146.0,124.0,59.869274,119.957356,744.402442,2160,599,645,//qar7000185/GP0_UPLOAD/BOXER/CYLOM\KZ-04-84_CP-13\20221011\can_Tapper17-10-11-07-25-58.pcap.gz
275,2022-10-11 07:39:35.834158,can_tapper17,"rgb(255,255,51)",PG1_est,122.0,95.0,114.0,22.131147540983605,60.0,124.0,-78.27589256705114,1500,-35.019999999991406,-5.019999999991406,78.00000000000004,24.5,367.0,342.5,1.239614,0.0023357664233576644,0.007883211678832117,0.00291970802919708,synchronized_peak_current_voltage_drop,0.7200000000094917,0.5000000000000782,119.99999999999996,116.50754895618677,0.3346929961327204,5963,17.92656587473002,0.6727865519202854,15.866666666666669,-37.522222222222226,34.0,2.23823,5,360,60.0,120.0,109.0,120.0,145.0,143.0,147.0,146.0,59.932479,119.894618,71.825911,2160,559,605,//qar7000185/GP0_UPLOAD/BOXER/CYLOM\KZ-04-84_CP-13\20221011\can_Tapper17-10-11-07-25-58.pcap.gz
275,2022-10-11 07:39:35.834158,can_tapper17,"rgb(255,255,51)",PG2,122.0,108.0,113.0,11.475409836065573,60.0,124.0,-62.93041019128326,1500,-35.019999999991406,-5.019999999991406,78.00000000000004,24.5,367.0,342.5,1.239614,0.0026277372262773725,0.004087591240875912,0.0032116788321167886,synchronized_peak_current_voltage_drop,0.7400000000094948,1.0000000000001563,119.99999999999996,116.95269709486801,0.3885390626775781,5962,5.399568034557236,0.8072266355057545,15.866666666666669,-37.522222222222226,34.0,2.23823,5,360,60.0,120.0,108.0,119.0,143.0,141.0,140.0,140.0,59.932479,119.894618,71.825911,2160,559,605,//qar7000185/GP0_UPLOAD/BOXER/CYLOM\KZ-04-84_CP-13\20221011\can_Tapper17-10-11-07-25-58.pcap.gz
275,2022-10-11 07:39:35.834158,can_tapper17,"rgb(255,255,51)",PG3_est,123.0,109.0,115.0,11.38211382113821,68.33333333333339,126.0,-73.96861954159691,1500,-35.019999999991406,-5.019999999991406,95.0,24.5,367.0,342.5,1.239614,0.0023357664233576644,0.004087591240875912,0.0032116788321167886,synchronized_peak_current_voltage_drop,0.7400000000094948,1.0000000000001563,119.99999999999996,117.39967635973103,0.34662853709963104,5962,6.263498920086393,0.5653776816734793,15.866666666666669,-37.522222222222226,34.0,2.23823,5,360,60.0,120.0,109.0,121.0,146.0,145.0,147.0,147.0,59.932479,119.894618,71.825911,2160,559,605,//qar7000185/GP0_UPLOAD/BOXER/CYLOM\KZ-04-84_CP-13\20221011\can_Tapper17-10-11-07-25-58.pcap.gz
275,2022-10-11 07:39:35.834158,can_tapper17,"rgb(255,255,51)",PG4,123.0,109.0,115.0,11.38211382113821,68.33333333333339,126.0,-73.96861954159691,1500,-35.019999999991406,-5.019999999991406,95.0,24.5,367.0,342.5,1.239614,0.0023357664233576644,0.004087591240875912,0.0032116788321167886,synchronized_peak_current_voltage_drop,0.7400000000094948,1.0000000000001563,119.99999999999996,117.39967635973103,0.34662853709963104,5962,6.263498920086393,0.5653776816734793,15.866666666666669,-37.522222222222226,34.0,2.23823,5,360,60.0,120.0,109.0,121.0,146.0,145.0,147.0,147.0,59.932479,119.894618,71.825911,2160,559,605,//qar7000185/GP0_UPLOAD/BOXER/CYLOM\KZ-04-84_CP-13\20221011\can_Tapper17-10-11-07-25-58.pcap.gz
276,2022-10-12 09:02:52.006692,can_tapper17,"rgb(166,86,40)",PG1_est,120.0,92.0,92.0,23.333333333333332,46.24999999999997,121.0,-12.841302969102767,613,-17.25999999999332,-5.019999999991406,52.857142857142826,0.0,423.0,423.0,0.616566,0.006619385342789598,0.006619385342789598,0.00685579196217494,synchronized_peak_current_voltage_drop,0.6200000000094761,0.5000000000000782,3.678623825607137,145.69158240858232,0.9266840426133555,5968,19.12087912087912,1.8583536972441024,19.75,-45.70987654320987,108.0,2.019221,6,324,60.0,120.0,107.0,114.0,121.0,145.0,146.0,146.0,15.264844,119.81319,91396.172534,1623,357,516,//qar7000185/GP0_UPLOAD/BOXER/CYLOM\KZ-04-84_CP-13\20230615\can_Tapper17-10-12-09-02-36.pcap.gz
276,2022-10-12 09:02:52.006692,can_tapper17,"rgb(166,86,40)",PG2,121.0,106.0,121.0,12.396694214876034,52.857142857142826,121.0,-5.897961411416904e-14,613,-17.25999999999332,-5.019999999991406,52.857142857142826,0.0,423.0,423.0,0.616566,,0.0035460992907801418,,synchronized_peak_current_voltage_drop,0.6400000000094792,1.0200000000001594,2.892719705486028,140.30968395400447,0.8741133001680927,5967,7.625272331154684,1.8254500782663945,19.75,-45.70987654320987,108.0,2.019221,6,324,60.0,120.0,106.0,117.0,121.0,143.0,140.0,140.0,15.264844,119.81319,91396.172534,1623,357,516,//qar7000185/GP0_UPLOAD/BOXER/CYLOM\KZ-04-84_CP-13\20230615\can_Tapper17-10-12-09-02-36.pcap.gz
276,2022-10-12 09:02:52.006692,can_tapper17,"rgb(166,86,40)",PG3_est,122.0,113.0,121.0,7.377049180327869,60.0,122.0,-9.161270344759675,613,-17.25999999999332,-5.019999999991406,60.0,0.0,423.0,423.0,0.616566,0.0002364066193853428,0.002127659574468085,0.0002364066193853428,synchronized_peak_current_voltage_drop,1.1400000000095574,0.5000000000000782,2.892719705486028,146.23170347489918,0.8517129577846969,5942,6.373626373626373,1.5533526658075618,19.75,-45.70987654320987,108.0,2.019221,6,324,60.0,120.0,116.0,116.0,121.0,149.0,146.0,146.0,15.264844,119.81319,91396.172534,1623,357,516,//qar7000185/GP0_UPLOAD/BOXER/CYLOM\KZ-04-84_CP-13\20230615\can_Tapper17-10-12-09-02-36.pcap.gz
276,2022-10-12 09:02:52.006692,can_tapper17,"rgb(166,86,40)",PG4,122.0,113.0,121.0,7.377049180327869,60.0,122.0,-9.161270344759675,613,-17.25999999999332,-5.019999999991406,60.0,0.0,423.0,423.0,0.616566,0.0002364066193853428,0.002127659574468085,0.0002364066193853428,synchronized_peak_current_voltage_drop,1.1400000000095574,0.5000000000000782,2.892719705486028,146.23170347489918,0.8517129577846969,5942,6.373626373626373,1.5533526658075618,19.75,-45.70987654320987,108.0,2.019221,6,324,60.0,120.0,116.0,116.0,121.0,149.0,146.0,146.0,15.264844,119.81319,91396.172534,1623,357,516,//qar7000185/GP0_UPLOAD/BOXER/CYLOM\KZ-04-84_CP-13\20230615\can_Tapper17-10-12-09-02-36.pcap.gz
277,2022-11-01 08:28:40.383527,can_tapper17,"rgb(247,129,191)",PG1_est,120.0,98.0,112.0,18.333333333333332,46.24999999999997,120.0,0.707200312031038,794,-20.879999999993885,-5.019999999991406,46.24999999999997,0.0,120.0,120.0,1.723118,0.006666666666666667,0.018333333333333333,0.006666666666666667,synchronized_peak_current_voltage_drop,0.7400000000094948,0.5000000000000782,3.678623825607137,145.12846588499923,0.8793942591977357,5962,12.88888888888889,0.8701018074629312,15.625,-43.09366391184573,84.0,2.223776,2,363,60.0,120.0,109.0,118.0,123.0,145.0,146.0,145.0,18.9061,119.94615,1725948.376835,1683,392,567,//qar7000185/GP0_UPLOAD/BOXER/CYLOM\KZ-04-84_CP-13\20230615\can_Tapper17-11-01-08-28-21.pcap.gz
277,2022-11-01 08:28:40.383527,can_tapper17,"rgb(247,129,191)",PG2,120.0,109.0,111.0,9.166666666666666,46.24999999999997,121.0,-9.441004301154665,794,-20.879999999993885,-5.019999999991406,52.857142857142826,0.0,120.0,120.0,1.723118,0.007500000000000001,0.009166666666666667,0.008333333333333333,synchronized_peak_current_voltage_drop,0.760000000009498,1.0000000000001563,3.2620894576029285,141.05190502609028,0.8583095566155278,5961,6.666666666666667,0.8495442044741105,15.625,-43.09366391184573,84.0,2.223776,2,363,60.0,120.0,109.0,118.0,123.0,143.0,140.0,141.0,18.9061,119.94615,1725948.376835,1683,392,567,//qar7000185/GP0_UPLOAD/BOXER/CYLOM\KZ-04-84_CP-13\20230615\can_Tapper17-11-01-08-28-21.pcap.gz
277,2022-11-01 08:28:40.383527,can_tapper17,"rgb(247,129,191)",PG3_est,121.0,110.0,112.0,9.090909090909092,52.857142857142826,122.0,-9.441004301154646,794,-20.879999999993885,-5.019999999991406,60.0,0.0,120.0,120.0,1.723118,0.007500000000000001,0.009166666666666667,0.008333333333333333,synchronized_peak_current_voltage_drop,0.760000000009498,1.0000000000001563,3.2620894576029285,146.72264301571607,0.8925817142696121,5961,3.111111111111111,0.6888811010366109,15.625,-43.09366391184573,84.0,2.223776,2,363,60.0,120.0,110.0,115.0,122.0,148.0,146.0,147.0,18.9061,119.94615,1725948.376835,1683,392,567,//qar7000185/GP0_UPLOAD/BOXER/CYLOM\KZ-04-84_CP-13\20230615\can_Tapper17-11-01-08-28-21.pcap.gz
277,2022-11-01 08:28:40.383527,can_tapper17,"rgb(247,129,191)",PG4,121.0,110.0,112.0,9.090909090909092,52.857142857142826,122.0,-9.441004301154646,794,-20.879999999993885,-5.019999999991406,60.0,0.0,120.0,120.0,1.723118,0.007500000000000001,0.009166666666666667,0.008333333333333333,synchronized_peak_current_voltage_drop,0.760000000009498,1.0000000000001563,3.2620894576029285,146.72264301571607,0.8925817142696121,5961,3.111111111111111,0.6888811010366109,15.625,-43.09366391184573,84.0,2.223776,2,363,60.0,120.0,110.0,115.0,122.0,148.0,146.0,147.0,18.9061,119.94615,1725948.376835,1683,392,567,//qar7000185/GP0_UPLOAD/BOXER/CYLOM\KZ-04-84_CP-13\20230615\can_Tapper17-11-01-08-28-21.pcap.gz
278,2022-11-01 13:09:24.523338,can_tapper17,"rgb(153,153,153)",PG1_est,124.0,123.0,123.0,0.8064516129032258,78.00000000000004,124.0,-0.8066670251851583,1500,-35.019999999991406,-5.019999999991406,78.00000000000004,0.0,12.0,12.0,1.061922,0.008333333333333333,0.008333333333333333,0.008333333333333333,synchronized_peak_current_voltage_drop,9.379164112033322e-12,0.020000000000003126,9.620584988277706,143.23887190908243,0.7836386798753577,5999,0.8064516129032258,0.5052566279221626,18.18333333333333,-31.49645390070922,499.0,3.263287,2,282,60.0,120.0,123.0,123.0,123.0,122.0,142.0,143.0,59.885049,119.923025,16844.139811,2160,439,416,//qar7000185/GP0_UPLOAD/BOXER/CYLOM\KZ-04-84_CP-13\20230615\can_Tapper17-11-01-12-28-21.pcap.gz
278,2022-11-01 13:09:24.523338,can_tapper17,"rgb(153,153,153)",PG2,123.0,123.0,123.0,0.0,68.33333333333339,124.0,-0.7702758978998439,1500,-35.019999999991406,-5.019999999991406,78.00000000000004,0.0,12.0,12.0,1.061922,,,0.008333333333333333,synchronized_peak_current_voltage_drop,9.379164112033322e-12,0.020000000000003126,8.53123623235764,142.45627212585197,0.7017665772134979,5999,0.8064516129032258,0.5052566279221626,18.18333333333333,-31.49645390070922,499.0,3.263287,2,282,60.0,120.0,123.0,123.0,123.0,123.0,143.0,142.0,59.885049,119.923025,16844.139811,2160,439,416,//qar7000185/GP0_UPLOAD/BOXER/CYLOM\KZ-04-84_CP-13\20230615\can_Tapper17-11-01-12-28-21.pcap.gz
278,2022-11-01 13:09:24.523338,can_tapper17,"rgb(153,153,153)",PG3_est,125.0,124.0,125.0,0.8,90.0,125.0,-0.15872007054219578,1500,-35.019999999991406,-5.019999999991406,90.0,0.0,12.0,12.0,1.061922,,0.008333333333333333,,synchronized_peak_current_voltage_drop,9.379164112033322e-12,0.020000000000003126,7.565235559061503,141.7616230828901,0.6442126962594285,5999,0.8064516129032258,0.5052566279221626,18.18333333333333,-31.49645390070922,499.0,3.263287,2,282,60.0,120.0,125.0,124.0,124.0,123.0,144.0,141.0,59.885049,119.923025,16844.139811,2160,439,416,//qar7000185/GP0_UPLOAD/BOXER/CYLOM\KZ-04-84_CP-13\20230615\can_Tapper17-11-01-12-28-21.pcap.gz
278,2022-11-01 13:09:24.523338,can_tapper17,"rgb(153,153,153)",PG4,125.0,124.0,125.0,0.8,90.0,125.0,-0.15872007054219578,1500,-35.019999999991406,-5.019999999991406,90.0,0.0,12.0,12.0,1.061922,,0.008333333333333333,,synchronized_peak_current_voltage_drop,9.379164112033322e-12,0.020000000000003126,7.565235559061503,141.7616230828901,0.6442126962594285,5999,0.8064516129032258,0.5052566279221626,18.18333333333333,-31.49645390070922,499.0,3.263287,2,282,60.0,120.0,125.0,124.0,124.0,123.0,144.0,141.0,59.885049,119.923025,16844.139811,2160,439,416,//qar7000185/GP0_UPLOAD/BOXER/CYLOM\KZ-04-84_CP-13\20230615\can_Tapper17-11-01-12-28-21.pcap.gz
279,2022-11-01 13:09:30.919658,can_tapper17,"rgb(228,26,28)",PG1_est,123.0,115.0,121.0,6.504065040650407,68.33333333333339,124.0,-1.6126584945146436,1500,-35.019999999991406,-5.019999999991406,78.00000000000004,0.0,499.0,499.0,0.981253,0.0004008016032064128,0.0016032064128256513,0.0006012024048096192,synchronized_peak_current_voltage_drop,1.1200000000095542,0.24000000000003752,2.27471676670449,142.91330839984846,0.835010133379787,5943,4.761904761904762,1.1975023642564948,18.208333333333332,-39.92253521126761,12.0,2.073529,7,284,60.0,120.0,121.0,119.0,143.0,143.0,142.0,143.0,59.781469,119.777845,6.39632,2157,440,435,//qar7000185/GP0_UPLOAD/BOXER/CYLOM\KZ-04-84_CP-13\20230615\can_Tapper17-11-01-12-28-21.pcap.gz
279,2022-11-01 13:09:30.919658,can_tapper17,"rgb(228,26,28)",PG2,123.0,113.0,113.0,8.130081300813007,68.33333333333339,124.0,-3.774010566226256,1500,-35.019999999991406,-5.019999999991406,78.00000000000004,0.0,499.0,499.0,0.981253,0.002004008016032064,0.002004008016032064,0.002204408817635271,synchronized_peak_current_voltage_drop,0.8600000000095136,1.0000000000001563,2.0171482422437275,142.2119708928742,0.8218631179754368,5956,2.1645021645021645,0.8651594348986401,18.208333333333332,-39.92253521126761,12.0,2.073529,7,284,60.0,120.0,113.0,119.0,143.0,144.0,143.0,142.0,59.781469,119.777845,6.39632,2157,440,435,//qar7000185/GP0_UPLOAD/BOXER/CYLOM\KZ-04-84_CP-13\20230615\can_Tapper17-11-01-12-28-21.pcap.gz
279,2022-11-01 13:09:30.919658,can_tapper17,"rgb(228,26,28)",PG3_est,124.0,114.0,114.0,8.064516129032258,78.00000000000004,125.0,-1.224782766569736,1500,-35.019999999991406,-5.019999999991406,90.0,0.0,499.0,499.0,0.981253,0.002004008016032064,0.002004008016032064,0.002204408817635271,synchronized_peak_current_voltage_drop,0.8600000000095136,0.5000000000000782,2.0171482422437275,141.75963411723112,0.7422477768084226,5956,1.2987012987012987,0.6446824602975494,18.208333333333332,-39.92253521126761,12.0,2.073529,7,284,60.0,120.0,114.0,122.0,142.0,144.0,143.0,140.0,59.781469,119.777845,6.39632,2157,440,435,//qar7000185/GP0_UPLOAD/BOXER/CYLOM\KZ-04-84_CP-13\20230615\can_Tapper17-11-01-12-28-21.pcap.gz
279,2022-11-01 13:09:30.919658,can_tapper17,"rgb(228,26,28)",PG4,124.0,114.0,114.0,8.064516129032258,78.00000000000004,125.0,-1.224782766569736,1500,-35.019999999991406,-5.019999999991406,90.0,0.0,499.0,499.0,0.981253,0.002004008016032064,0.002004008016032064,0.002204408817635271,synchronized_peak_current_voltage_drop,0.8600000000095136,0.5000000000000782,2.0171482422437275,141.75963411723112,0.7422477768084226,5956,1.2987012987012987,0.6446824602975494,18.208333333333332,-39.92253521126761,12.0,2.073529,7,284,60.0,120.0,114.0,122.0,142.0,144.0,143.0,140.0,59.781469,119.777845,6.39632,2157,440,435,//qar7000185/GP0_UPLOAD/BOXER/CYLOM\KZ-04-84_CP-13\20230615\can_Tapper17-11-01-12-28-21.pcap.gz
280,2022-11-02 09:12:45.221088,can_tapper17,"rgb(55,126,184)",PG1_est,124.0,109.0,116.0,12.096774193548388,78.00000000000004,124.0,-8.843540243896139e-14,1500,-35.019999999991406,-5.019999999991406,78.00000000000004,14.0,418.0,404.0,1.023219,0.0019801980198019802,0.0037128712871287127,0.0019801980198019802,synchronized_peak_current_voltage_drop,0.46000000000945107,0.12000000000001876,2.565174071178317,142.87842094596022,0.8439927608450368,5976,10.961968680089486,2.1176799461559384,13.433333333333334,-26.874666666666666,154.0,2.022825,5,375,60.0,120.0,116.0,121.0,143.0,141.0,142.0,143.0,59.945405,119.989324,72194.30143,2160,541,570,//qar7000185/GP0_UPLOAD/BOXER/CYLOM\KZ-04-84_CP-13\20230615\can_Tapper17-11-02-08-28-21.pcap.gz
280,2022-11-02 09:12:45.221088,can_tapper17,"rgb(55,126,184)",PG2,123.0,109.0,109.0,11.38211382113821,68.33333333333339,124.0,-8.843540243896139e-14,1500,-35.019999999991406,-5.019999999991406,78.00000000000004,14.0,418.0,404.0,1.023219,0.003465346534653465,0.003465346534653465,0.0037128712871287127,synchronized_peak_current_voltage_drop,0.5800000000094698,1.0000000000001563,2.0171482422437275,142.458151232466,0.8766229780915066,5970,10.961968680089486,1.5308602947614884,13.433333333333334,-26.874666666666666,154.0,2.022825,5,375,60.0,120.0,109.0,117.0,143.0,143.0,143.0,142.0,59.945405,119.989324,72194.30143,2160,541,570,//qar7000185/GP0_UPLOAD/BOXER/CYLOM\KZ-04-84_CP-13\20230615\can_Tapper17-11-02-08-28-21.pcap.gz
280,2022-11-02 09:12:45.221088,can_tapper17,"rgb(55,126,184)",PG3_est,125.0,107.0,112.0,14.399999999999999,90.0,125.0,4.156167692041187e-14,1500,-35.019999999991406,-5.019999999991406,90.0,14.0,418.0,404.0,1.023219,0.003217821782178218,0.004455445544554456,0.003217821782178218,synchronized_peak_current_voltage_drop,0.5600000000094667,1.5000000000002345,2.27471676670449,142.83379631323552,0.7757431995751841,5971,4.250559284116331,0.9704589570642397,13.433333333333334,-26.874666666666666,154.0,2.022825,5,375,60.0,120.0,112.0,117.0,142.0,142.0,145.0,143.0,59.945405,119.989324,72194.30143,2160,541,570,//qar7000185/GP0_UPLOAD/BOXER/CYLOM\KZ-04-84_CP-13\20230615\can_Tapper17-11-02-08-28-21.pcap.gz
280,2022-11-02 09:12:45.221088,can_tapper17,"rgb(55,126,184)",PG4,125.0,107.0,112.0,14.399999999999999,90.0,125.0,4.156167692041187e-14,1500,-35.019999999991406,-5.019999999991406,90.0,14.0,418.0,404.0,1.023219,0.003217821782178218,0.004455445544554456,0.003217821782178218,synchronized_peak_current_voltage_drop,0.5600000000094667,1.5000000000002345,2.27471676670449,142.83379631323552,0.7757431995751841,5971,4.250559284116331,0.9704589570642397,13.433333333333334,-26.874666666666666,154.0,2.022825,5,375,60.0,120.0,112.0,117.0,142.0,142.0,145.0,143.0,59.945405,119.989324,72194.30143,2160,541,570,//qar7000185/GP0_UPLOAD/BOXER/CYLOM\KZ-04-84_CP-13\20230615\can_Tapper17-11-02-08-28-21.pcap.gz
281,2022-11-02 09:23:58.861329,can_tapper17,"rgb(77,175,74)",PG1_est,125.0,112.0,122.0,10.4,90.0,126.0,-7.35035882238054,1500,-35.019999999991406,-5.019999999991406,95.0,14.0,225.0,211.0,0.491151,0.0014218009478672985,0.006161137440758294,0.0018957345971563982,synchronized_peak_current_voltage_drop,0.920000000009523,0.5000000000000782,2.27471676670449,143.22884951671014,0.8406024151101806,5953,5.2631578947368425,1.6391760596849567,15.77,-17.516666666666666,-3.0,,5,360,60.0,120.0,112.0,122.0,144.0,142.0,143.0,144.0,59.977491,119.975473,673.640241,2160,419,646,//qar7000185/GP0_UPLOAD/BOXER/CYLOM\KZ-04-84_CP-13\20230615\can_Tapper17-11-02-08-28-21.pcap.gz
281,2022-11-02 09:23:58.861329,can_tapper17,"rgb(77,175,74)",PG2,125.0,115.0,121.0,8.0,90.0,126.0,-7.388225505876746,1500,-35.019999999991406,-5.019999999991406,95.0,14.0,225.0,211.0,0.491151,0.0018957345971563982,0.004739336492890996,0.002369668246445498,synchronized_peak_current_voltage_drop,1.080000000009548,0.5000000000000782,1.7887444673306678,141.87565978868628,0.8089066560290498,5945,3.585657370517928,1.2340572108936199,15.77,-17.516666666666666,-3.0,,5,360,60.0,120.0,118.0,122.0,143.0,142.0,142.0,141.0,59.977491,119.975473,673.640241,2160,419,646,//qar7000185/GP0_UPLOAD/BOXER/CYLOM\KZ-04-84_CP-13\20230615\can_Tapper17-11-02-08-28-21.pcap.gz
281,2022-11-02 09:23:58.861329,can_tapper17,"rgb(77,175,74)",PG3_est,126.0,116.0,126.0,7.936507936507936,95.0,127.0,-7.937870194607617,1500,-35.019999999991406,-5.019999999991406,100.0,14.0,225.0,211.0,0.491151,,0.004739336492890996,0.00047393364928909954,synchronized_peak_current_voltage_drop,0.8200000000095073,1.0000000000001563,2.892719705486028,143.63646318860083,0.8711499750540332,5958,2.3157894736842106,0.9591181518524534,15.77,-17.516666666666666,-3.0,,5,360,60.0,120.0,116.0,123.0,141.0,140.0,143.0,144.0,59.977491,119.975473,673.640241,2160,419,646,//qar7000185/GP0_UPLOAD/BOXER/CYLOM\KZ-04-84_CP-13\20230615\can_Tapper17-11-02-08-28-21.pcap.gz
281,2022-11-02 09:23:58.861329,can_tapper17,"rgb(77,175,74)",PG4,126.0,116.0,126.0,7.936507936507936,95.0,127.0,-7.937870194607617,1500,-35.019999999991406,-5.019999999991406,100.0,14.0,225.0,211.0,0.491151,,0.004739336492890996,0.00047393364928909954,synchronized_peak_current_voltage_drop,0.8200000000095073,1.0000000000001563,2.892719705486028,143.63646318860083,0.8711499750540332,5958,2.3157894736842106,0.9591181518524534,15.77,-17.516666666666666,-3.0,,5,360,60.0,120.0,116.0,123.0,141.0,140.0,143.0,144.0,59.977491,119.975473,673.640241,2160,419,646,//qar7000185/GP0_UPLOAD/BOXER/CYLOM\KZ-04-84_CP-13\20230615\can_Tapper17-11-02-08-28-21.pcap.gz
282,2022-11-02 09:30:10.585428,can_tapper17,"rgb(152,78,163)",PG1_est,128.0,108.0,120.0,15.625,100.0,129.0,3.109779159901608,1500,-35.019999999991406,-5.019999999991406,100.0,14.0,485.0,471.0,1.03188,0.0016985138004246285,0.004246284501061571,0.001910828025477707,synchronized_peak_current_voltage_drop,0.5400000000094636,1.0000000000001563,2.0171482422437275,143.1317167316077,0.8806900480271311,5972,13.333333333333334,2.191791756082446,15.9,-16.12316715542522,98.0,2.029781,4,341,60.0,120.0,113.0,120.0,143.0,142.0,143.0,143.0,59.961169,119.943774,371.724099,2160,369,563,//qar7000185/GP0_UPLOAD/BOXER/CYLOM\KZ-04-84_CP-13\20230615\can_Tapper17-11-02-09-28-21.pcap.gz
282,2022-11-02 09:30:10.585428,can_tapper17,"rgb(152,78,163)",PG2,128.0,112.0,115.0,12.5,100.0,130.0,-4.9820733253653025,1500,-35.019999999991406,-5.019999999991406,100.0,14.0,485.0,471.0,1.03188,0.0027600849256900215,0.003397027600849257,0.0031847133757961785,synchronized_peak_current_voltage_drop,0.6800000000094855,1.260000000000197,2.0171482422437275,142.0367206337568,0.8781972570259172,5965,6.1946902654867255,1.0809592415484695,15.9,-16.12316715542522,98.0,2.029781,4,341,60.0,120.0,115.0,123.0,143.0,142.0,142.0,142.0,59.961169,119.943774,371.724099,2160,369,563,//qar7000185/GP0_UPLOAD/BOXER/CYLOM\KZ-04-84_CP-13\20230615\can_Tapper17-11-02-09-28-21.pcap.gz
282,2022-11-02 09:30:10.585428,can_tapper17,"rgb(152,78,163)",PG3_est,129.0,112.0,118.0,13.178294573643413,100.0,131.0,-1.754311890804731,1500,-35.019999999991406,-5.019999999991406,100.0,14.0,485.0,471.0,1.03188,0.0023354564755838645,0.0036093418259023355,0.0027600849256900215,synchronized_peak_current_voltage_drop,0.44000000000944794,1.5000000000002345,3.2620894576029285,144.53894524840084,0.883526132425201,5977,6.666666666666667,0.9198574275859186,15.9,-16.12316715542522,98.0,2.029781,4,341,60.0,120.0,118.0,123.0,141.0,139.0,144.0,145.0,59.961169,119.943774,371.724099,2160,369,563,//qar7000185/GP0_UPLOAD/BOXER/CYLOM\KZ-04-84_CP-13\20230615\can_Tapper17-11-02-09-28-21.pcap.gz
282,2022-11-02 09:30:10.585428,can_tapper17,"rgb(152,78,163)",PG4,129.0,112.0,118.0,13.178294573643413,100.0,131.0,-1.754311890804731,1500,-35.019999999991406,-5.019999999991406,100.0,14.0,485.0,471.0,1.03188,0.0023354564755838645,0.0036093418259023355,0.0027600849256900215,synchronized_peak_current_voltage_drop,0.44000000000944794,1.5000000000002345,3.2620894576029285,144.53894524840084,0.883526132425201,5977,6.666666666666667,0.9198574275859186,15.9,-16.12316715542522,98.0,2.029781,4,341,60.0,120.0,118.0,123.0,141.0,139.0,144.0,145.0,59.961169,119.943774,371.724099,2160,369,563,//qar7000185/GP0_UPLOAD/BOXER/CYLOM\KZ-04-84_CP-13\20230615\can_Tapper17-11-02-09-28-21.pcap.gz
283,2022-11-02 13:27:14.664480,can_tapper17,"rgb(255,127,0)",PG1_est,126.0,111.0,116.0,11.904761904761903,95.0,126.0,-1.3564717139867837,1500,-35.019999999991406,-5.019999999991406,95.0,0.0,408.0,408.0,1.494247,0.0024509803921568627,0.003676470588235294,0.0024509803921568627,synchronized_peak_current_voltage_drop,1.1200000000095542,1.260000000000197,2.27471676670449,141.6841426281914,0.8436541476732767,5943,7.053941908713693,1.081934765383759,13.666666666666666,-16.87372013651877,346.0,2.030043,3,293,60.0,120.0,116.0,116.0,141.0,141.0,141.0,142.0,59.996329,119.794495,14224.079052,2159,314,584,//qar7000185/GP0_UPLOAD/BOXER/CYLOM\KZ-04-84_CP-13\20230615\can_Tapper17-11-02-12-28-21.pcap.gz
283,2022-11-02 13:27:14.664480,can_tapper17,"rgb(255,127,0)",PG2,125.0,114.0,115.0,8.799999999999999,90.0,127.0,-4.100890711505984,1500,-35.019999999991406,-5.019999999991406,100.0,0.0,408.0,408.0,1.494247,0.0024509803921568627,0.0026960784313725494,0.0029411764705882353,synchronized_peak_current_voltage_drop,1.1400000000095574,1.260000000000197,2.27471676670449,143.62030273389618,0.8778813807425199,5942,2.832244008714597,0.717780279795482,13.666666666666666,-16.87372013651877,346.0,2.030043,3,293,60.0,120.0,118.0,116.0,142.0,143.0,144.0,143.0,59.996329,119.794495,14224.079052,2159,314,584,//qar7000185/GP0_UPLOAD/BOXER/CYLOM\KZ-04-84_CP-13\20230615\can_Tapper17-11-02-12-28-21.pcap.gz
283,2022-11-02 13:27:14.664480,can_tapper17,"rgb(255,127,0)",PG3_est,126.0,115.0,117.0,8.73015873015873,95.0,128.0,-3.9420017520000927,1500,-35.019999999991406,-5.019999999991406,100.0,0.0,408.0,408.0,1.494247,0.0022058823529411764,0.0026960784313725494,0.0026960784313725494,synchronized_peak_current_voltage_drop,0.9000000000095199,1.5000000000002345,3.2620894576029285,143.58034309392457,0.8963298977458556,5954,2.904564315352697,0.7060026850112926,13.666666666666666,-16.87372013651877,346.0,2.030043,3,293,60.0,120.0,115.0,117.0,140.0,139.0,143.0,144.0,59.996329,119.794495,14224.079052,2159,314,584,//qar7000185/GP0_UPLOAD/BOXER/CYLOM\KZ-04-84_CP-13\20230615\can_Tapper17-11-02-12-28-21.pcap.gz
283,2022-11-02 13:27:14.664480,can_tapper17,"rgb(255,127,0)",PG4,126.0,115.0,117.0,8.73015873015873,95.0,128.0,-3.9420017520000927,1500,-35.019999999991406,-5.019999999991406,100.0,0.0,408.0,408.0,1.494247,0.0022058823529411764,0.0026960784313725494,0.0026960784313725494,synchronized_peak_current_voltage_drop,0.9000000000095199,1.5000000000002345,3.2620894576029285,143.58034309392457,0.8963298977458556,5954,2.904564315352697,0.7060026850112926,13.666666666666666,-16.87372013651877,346.0,2.030043,3,293,60.0,120.0,115.0,117.0,140.0,139.0,143.0,144.0,59.996329,119.794495,14224.079052,2159,314,584,//qar7000185/GP0_UPLOAD/BOXER/CYLOM\KZ-04-84_CP-13\20230615\can_Tapper17-11-02-12-28-21.pcap.gz
284,2022-11-03 08:10:10.873555,can_tapper17,"rgb(255,255,51)",PG1_est,119.0,107.0,112.0,10.084033613445378,40.0,,,0,,,,125.0,421.0,296.0,1.514945,0.0023648648648648646,0.004054054054054054,,synchronized_peak_current_voltage_drop,0.7400000000094948,1.0000000000001563,3.2620894576029285,142.2326312852296,0.8702186381729438,5962,9.174311926605505,1.6259788032321019,15.5,-27.546666666666667,273.0,2.012145,3,375,60.0,120.0,111.0,114.0,118.0,144.0,142.0,142.0,0.897398,119.919788,67376.209075,1452,379,381,//qar7000185/GP0_UPLOAD/BOXER/CYLOM\KZ-04-84_CP-13\20230615\can_Tapper17-11-03-08-10-09.pcap.gz
284,2022-11-03 08:10:10.873555,can_tapper17,"rgb(255,255,51)",PG2,119.0,107.0,113.0,10.084033613445378,40.0,,,0,,,,125.0,421.0,296.0,1.514945,0.002027027027027027,0.004054054054054054,,synchronized_peak_current_voltage_drop,0.5000000000094573,1.5000000000002345,4.148345232772487,144.13937756122522,0.9121671473884612,5974,1.834862385321101,0.8661542878431541,15.5,-27.546666666666667,273.0,2.012145,3,375,60.0,120.0,110.0,118.0,118.0,143.0,143.0,144.0,0.897398,119.919788,67376.209075,1452,379,381,//qar7000185/GP0_UPLOAD/BOXER/CYLOM\KZ-04-84_CP-13\20230615\can_Tapper17-11-03-08-10-09.pcap.gz
284,2022-11-03 08:10:10.873555,can_tapper17,"rgb(255,255,51)",PG3_est,120.0,105.0,115.0,12.5,46.24999999999997,,,0,,,,125.0,421.0,296.0,1.514945,0.0016891891891891893,0.005067567567567568,,synchronized_peak_current_voltage_drop,0.5000000000094573,1.0000000000001563,3.678623825607137,144.32210909019244,0.8678033661025271,5974,3.669724770642202,0.9126810917692525,15.5,-27.546666666666667,273.0,2.012145,3,375,60.0,120.0,111.0,119.0,126.0,145.0,142.0,144.0,0.897398,119.919788,67376.209075,1452,379,381,//qar7000185/GP0_UPLOAD/BOXER/CYLOM\KZ-04-84_CP-13\20230615\can_Tapper17-11-03-08-10-09.pcap.gz
284,2022-11-03 08:10:10.873555,can_tapper17,"rgb(255,255,51)",PG4,120.0,105.0,115.0,12.5,46.24999999999997,,,0,,,,125.0,421.0,296.0,1.514945,0.0016891891891891893,0.005067567567567568,,synchronized_peak_current_voltage_drop,0.5000000000094573,1.0000000000001563,3.678623825607137,144.32210909019244,0.8678033661025271,5974,3.669724770642202,0.9126810917692525,15.5,-27.546666666666667,273.0,2.012145,3,375,60.0,120.0,111.0,119.0,126.0,145.0,142.0,144.0,0.897398,119.919788,67376.209075,1452,379,381,//qar7000185/GP0_UPLOAD/BOXER/CYLOM\KZ-04-84_CP-13\20230615\can_Tapper17-11-03-08-10-09.pcap.gz
285,2022-11-08 07:52:01.410518,can_tapper17,"rgb(166,86,40)",PG1_est,123.0,114.0,124.0,7.317073170731707,68.33333333333339,125.0,-4.784868590910502,1377,-35.019999999991406,-5.019999999991406,90.0,8.0,492.0,484.0,0.740911,,0.001859504132231405,0.0002066115702479339,synchronized_peak_current_voltage_drop,0.600000000009473,0.020000000000003126,3.678623825607137,143.24134431117756,0.8541797204291206,5969,6.557377049180328,2.005633998469143,14.675,-18.671186440677968,-4.0,,7,295,60.0,120.0,114.0,121.0,133.0,143.0,143.0,142.0,46.854667,119.992102,430910.536963,1825,351,515,//qar7000185/GP0_UPLOAD/BOXER/CYLOM\KZ-04-84_CP-13\20230615\can_Tapper17-11-08-07-49-48.pcap.gz
285,2022-11-08 07:52:01.410518,can_tapper17,"rgb(166,86,40)",PG2,124.0,114.0,114.0,8.064516129032258,78.00000000000004,125.0,-3.6100400601727354,1377,-35.019999999991406,-5.019999999991406,90.0,8.0,492.0,484.0,0.740911,0.002066115702479339,0.002066115702479339,0.002272727272727273,synchronized_peak_current_voltage_drop,0.6200000000094761,0.5000000000000782,3.2620894576029285,142.69945325343318,0.8629423111607433,5968,2.5641025641025643,0.6277833699750015,14.675,-18.671186440677968,-4.0,,7,295,60.0,120.0,114.0,122.0,134.0,145.0,143.0,143.0,46.854667,119.992102,430910.536963,1825,351,515,//qar7000185/GP0_UPLOAD/BOXER/CYLOM\KZ-04-84_CP-13\20230615\can_Tapper17-11-08-07-49-48.pcap.gz
285,2022-11-08 07:52:01.410518,can_tapper17,"rgb(166,86,40)",PG3_est,125.0,115.0,115.0,8.0,90.0,126.0,-2.951801494441049,1377,-35.019999999991406,-5.019999999991406,95.0,8.0,492.0,484.0,0.740911,0.002066115702479339,0.002066115702479339,0.002272727272727273,synchronized_peak_current_voltage_drop,0.6200000000094761,0.5000000000000782,5.275382050040925,150.9239779870867,0.9159935477711068,5968,2.459016393442623,0.8666370738279534,14.675,-18.671186440677968,-4.0,,7,295,60.0,120.0,115.0,123.0,131.0,147.0,150.0,152.0,46.854667,119.992102,430910.536963,1825,351,515,//qar7000185/GP0_UPLOAD/BOXER/CYLOM\KZ-04-84_CP-13\20230615\can_Tapper17-11-08-07-49-48.pcap.gz
285,2022-11-08 07:52:01.410518,can_tapper17,"rgb(166,86,40)",PG4,125.0,115.0,115.0,8.0,90.0,126.0,-2.951801494441049,1377,-35.019999999991406,-5.019999999991406,95.0,8.0,492.0,484.0,0.740911,0.002066115702479339,0.002066115702479339,0.002272727272727273,synchronized_peak_current_voltage_drop,0.6200000000094761,0.5000000000000782,5.275382050040925,150.9239779870867,0.9159935477711068,5968,2.459016393442623,0.8666370738279534,14.675,-18.671186440677968,-4.0,,7,295,60.0,120.0,115.0,123.0,131.0,147.0,150.0,152.0,46.854667,119.992102,430910.536963,1825,351,515,//qar7000185/GP0_UPLOAD/BOXER/CYLOM\KZ-04-84_CP-13\20230615\can_Tapper17-11-08-07-49-48.pcap.gz
286,2022-11-08 07:59:25.711402,can_tapper17,"rgb(247,129,191)",PG1_est,124.0,103.0,130.0,16.93548387096774,78.00000000000004,124.0,-5.096162264960097,1500,-35.019999999991406,-5.019999999991406,78.00000000000004,9.0,490.0,481.0,0.635297,,0.004365904365904366,,synchronized_peak_current_voltage_drop,0.6600000000094823,1.0000000000001563,119.99999999999996,119.30246899665306,0.35268338376015407,5966,11.11111111111111,2.0213396611551078,14.63,-22.641379310344828,145.0,2.138945,7,290,60.0,120.0,107.0,116.0,143.0,141.0,141.0,143.0,59.991699,119.891773,444.300884,2160,411,417,//qar7000185/GP0_UPLOAD/BOXER/CYLOM\KZ-04-84_CP-13\20230615\can_Tapper17-11-08-07-49-48.pcap.gz
286,2022-11-08 07:59:25.711402,can_tapper17,"rgb(247,129,191)",PG2,123.0,109.0,116.0,11.38211382113821,68.33333333333339,125.0,-5.35609126937286,1500,-35.019999999991406,-5.019999999991406,90.0,9.0,490.0,481.0,0.635297,0.0014553014553014552,0.0029106029106029103,0.0018711018711018712,synchronized_peak_current_voltage_drop,0.7000000000094886,1.5000000000002345,119.99999999999996,117.74531813827258,0.39770309245875446,5964,6.451612903225806,0.9485616764190616,14.63,-22.641379310344828,145.0,2.138945,7,290,60.0,120.0,112.0,116.0,144.0,143.0,144.0,143.0,59.991699,119.891773,444.300884,2160,411,417,//qar7000185/GP0_UPLOAD/BOXER/CYLOM\KZ-04-84_CP-13\20230615\can_Tapper17-11-08-07-49-48.pcap.gz
286,2022-11-08 07:59:25.711402,can_tapper17,"rgb(247,129,191)",PG3_est,125.0,111.0,111.0,11.200000000000001,90.0,126.0,-4.901193289418665,1500,-35.019999999991406,-5.019999999991406,95.0,9.0,490.0,481.0,0.635297,0.0029106029106029103,0.0029106029106029103,0.0031185031185031187,synchronized_peak_current_voltage_drop,0.4800000000094542,1.5000000000002345,119.99999999999996,118.98551298761794,0.35266358168706446,5975,5.128205128205129,1.0536103425611787,14.63,-22.641379310344828,145.0,2.138945,7,290,60.0,120.0,113.0,120.0,145.0,145.0,146.0,146.0,59.991699,119.891773,444.300884,2160,411,417,//qar7000185/GP0_UPLOAD/BOXER/CYLOM\KZ-04-84_CP-13\20230615\can_Tapper17-11-08-07-49-48.pcap.gz
286,2022-11-08 07:59:25.711402,can_tapper17,"rgb(247,129,191)",PG4,125.0,111.0,111.0,11.200000000000001,90.0,126.0,-4.901193289418665,1500,-35.019999999991406,-5.019999999991406,95.0,9.0,490.0,481.0,0.635297,0.0029106029106029103,0.0029106029106029103,0.0031185031185031187,synchronized_peak_current_voltage_drop,0.4800000000094542,1.5000000000002345,119.99999999999996,118.98551298761794,0.35266358168706446,5975,5.128205128205129,1.0536103425611787,14.63,-22.641379310344828,145.0,2.138945,7,290,60.0,120.0,113.0,120.0,145.0,145.0,146.0,146.0,59.991699,119.891773,444.300884,2160,411,417,//qar7000185/GP0_UPLOAD/BOXER/CYLOM\KZ-04-84_CP-13\20230615\can_Tapper17-11-08-07-49-48.pcap.gz
287,2022-11-08 09:43:56.858996,can_tapper17,"rgb(153,153,153)",PG1_est,123.0,115.0,123.0,6.504065040650407,68.33333333333339,124.0,0.15358186832144086,938,-35.019999999991406,-5.019999999991406,78.00000000000004,-1.5,491.0,492.5,0.622093,,0.0016243654822335027,0.00020304568527918784,synchronized_peak_current_voltage_drop,0.6600000000094823,0.5000000000000782,19.78511397269046,123.6319149079869,0.2057793466997463,5966,1.0266940451745379,0.47803678663486643,16.85,-40.95348837209303,74.0,2.121605,8,43,60.0,120.0,115.0,119.0,136.0,143.0,124.0,124.0,54.588049,119.795024,6271.147594,1941,83,118,//qar7000185/GP0_UPLOAD/BOXER/CYLOM\KZ-04-84_CP-13\20230615\can_Tapper17-11-08-09-34-37.pcap.gz
287,2022-11-08 09:43:56.858996,can_tapper17,"rgb(153,153,153)",PG2,124.0,114.0,124.0,8.064516129032258,78.00000000000004,124.0,-4.476593392617396,938,-35.019999999991406,-5.019999999991406,78.00000000000004,-1.5,491.0,492.5,0.622093,,0.0020304568527918783,,synchronized_peak_current_voltage_drop,0.6600000000094823,1.0000000000001563,22.311464047271706,124.57825531767031,0.15197413143738614,5966,1.8480492813141685,0.7979505670410596,16.85,-40.95348837209303,74.0,2.121605,8,43,60.0,120.0,114.0,118.0,137.0,144.0,125.0,125.0,54.588049,119.795024,6271.147594,1941,83,118,//qar7000185/GP0_UPLOAD/BOXER/CYLOM\KZ-04-84_CP-13\20230615\can_Tapper17-11-08-09-34-37.pcap.gz
287,2022-11-08 09:43:56.858996,can_tapper17,"rgb(153,153,153)",PG3_est,125.0,115.0,120.0,8.0,90.0,125.0,-5.385045406388652,937,-35.019999999991406,-5.019999999991406,90.0,-1.5,491.0,492.5,0.622093,0.0010152284263959391,0.0020304568527918783,0.0010152284263959391,synchronized_peak_current_voltage_drop,0.6600000000094823,1.0000000000001563,22.311464047271706,125.55916244777879,0.15685628233317372,5966,1.4373716632443532,0.5460445039659639,16.85,-40.95348837209303,74.0,2.121605,8,43,60.0,120.0,116.0,119.0,134.0,146.0,126.0,126.0,54.588049,119.795024,6271.147594,1941,83,118,//qar7000185/GP0_UPLOAD/BOXER/CYLOM\KZ-04-84_CP-13\20230615\can_Tapper17-11-08-09-34-37.pcap.gz
287,2022-11-08 09:43:56.858996,can_tapper17,"rgb(153,153,153)",PG4,125.0,115.0,120.0,8.0,90.0,125.0,-5.385045406388652,937,-35.019999999991406,-5.019999999991406,90.0,-1.5,491.0,492.5,0.622093,0.0010152284263959391,0.0020304568527918783,0.0010152284263959391,synchronized_peak_current_voltage_drop,0.6600000000094823,1.0000000000001563,22.311464047271706,125.55916244777879,0.15685628233317372,5966,1.4373716632443532,0.5460445039659639,16.85,-40.95348837209303,74.0,2.121605,8,43,60.0,120.0,116.0,119.0,134.0,146.0,126.0,126.0,54.588049,119.795024,6271.147594,1941,83,118,//qar7000185/GP0_UPLOAD/BOXER/CYLOM\KZ-04-84_CP-13\20230615\can_Tapper17-11-08-09-34-37.pcap.gz
288,2022-11-08 10:26:54.048673,can_tapper17,"rgb(228,26,28)",PG1_est,120.0,102.0,114.0,15.0,46.24999999999997,120.0,0.1330845035931368,1500,-35.019999999991406,-5.019999999991406,46.24999999999997,0.0,490.0,490.0,0.874856,0.0012244897959183673,0.0036734693877551023,0.0012244897959183673,synchronized_peak_current_voltage_drop,0.9400000000095261,0.5000000000000782,119.99999999999996,111.16484222436749,0.4188206840036467,5952,9.812108559498956,1.6606962563247225,16.85,-20.16289592760181,144.0,2.379975,6,221,60.0,120.0,109.0,117.0,118.0,144.0,141.0,125.0,59.969126,119.8535,2577.189677,2121,322,434,//qar7000185/GP0_UPLOAD/BOXER/CYLOM\KZ-04-84_CP-13\20230615\can_Tapper17-11-08-10-23-48.pcap.gz
288,2022-11-08 10:26:54.048673,can_tapper17,"rgb(228,26,28)",PG2,123.0,110.0,117.0,10.569105691056912,68.33333333333339,123.0,0.9400715289207835,1500,-35.019999999991406,-5.019999999991406,68.33333333333339,0.0,490.0,490.0,0.874856,0.0012244897959183673,0.002653061224489796,0.0012244897959183673,synchronized_peak_current_voltage_drop,0.9600000000095292,1.0000000000001563,119.99999999999996,110.41891877932501,0.4461471190752375,5951,8.609271523178808,0.9005936566608116,16.85,-20.16289592760181,144.0,2.379975,6,221,60.0,120.0,110.0,117.0,131.0,145.0,145.0,126.0,59.969126,119.8535,2577.189677,2121,322,434,//qar7000185/GP0_UPLOAD/BOXER/CYLOM\KZ-04-84_CP-13\20230615\can_Tapper17-11-08-10-23-48.pcap.gz
288,2022-11-08 10:26:54.048673,can_tapper17,"rgb(228,26,28)",PG3_est,124.0,111.0,111.0,10.483870967741936,78.00000000000004,124.0,0.05113780050589803,1500,-35.019999999991406,-5.019999999991406,78.00000000000004,0.0,490.0,490.0,0.874856,0.002653061224489796,0.002653061224489796,0.002653061224489796,synchronized_peak_current_voltage_drop,0.7000000000094886,1.5000000000002345,119.99999999999996,110.97462802992096,0.4055576371972044,5964,3.549060542797495,1.0091809658405118,16.85,-20.16289592760181,144.0,2.379975,6,221,60.0,120.0,111.0,116.0,126.0,147.0,149.0,127.0,59.969126,119.8535,2577.189677,2121,322,434,//qar7000185/GP0_UPLOAD/BOXER/CYLOM\KZ-04-84_CP-13\20230615\can_Tapper17-11-08-10-23-48.pcap.gz
288,2022-11-08 10:26:54.048673,can_tapper17,"rgb(228,26,28)",PG4,124.0,111.0,111.0,10.483870967741936,78.00000000000004,124.0,0.05113780050589803,1500,-35.019999999991406,-5.019999999991406,78.00000000000004,0.0,490.0,490.0,0.874856,0.002653061224489796,0.002653061224489796,0.002653061224489796,synchronized_peak_current_voltage_drop,0.7000000000094886,1.5000000000002345,119.99999999999996,110.97462802992096,0.4055576371972044,5964,3.549060542797495,1.0091809658405118,16.85,-20.16289592760181,144.0,2.379975,6,221,60.0,120.0,111.0,116.0,126.0,147.0,149.0,127.0,59.969126,119.8535,2577.189677,2121,322,434,//qar7000185/GP0_UPLOAD/BOXER/CYLOM\KZ-04-84_CP-13\20230615\can_Tapper17-11-08-10-23-48.pcap.gz
289,2022-11-14 15:41:05.954989,can_tapper17,"rgb(55,126,184)",PG1_est,119.0,107.0,107.0,10.084033613445378,40.0,121.0,-4.115607337787348,629,-17.57999999999337,-5.019999999991406,52.857142857142826,12.0,489.0,477.0,0.639729,0.0025157232704402514,0.0025157232704402514,0.002935010482180293,synchronized_peak_current_voltage_drop,0.5400000000094636,1.0000000000001563,3.678623825607137,144.7674733359833,0.9170859284350384,2431,3.8202247191011236,0.8917523714794316,12.120000000000001,-126.5251798561151,14.0,2.14203,7,139,60.0,120.0,107.0,118.0,128.0,144.0,144.0,,15.592214,47.172665,537251.906316,933,176,192,//qar7000185/GP0_UPLOAD/BOXER/CYLOM\KZ-04-84_CP-13\20230615\can_Tapper17-11-14-15-40-50.pcap.gz
289,2022-11-14 15:41:05.954989,can_tapper17,"rgb(55,126,184)",PG2,120.0,106.0,106.0,11.666666666666666,46.24999999999997,120.0,-5.349280901239336e-13,629,-17.57999999999337,-5.019999999991406,46.24999999999997,12.0,489.0,477.0,0.639729,0.002935010482180293,0.002935010482180293,0.002935010482180293,synchronized_peak_current_voltage_drop,0.5400000000094636,1.0000000000001563,3.2620894576029285,142.17305539213038,0.9030925639787474,2431,1.9189765458422174,0.730035367691648,12.120000000000001,-126.5251798561151,14.0,2.14203,7,139,60.0,120.0,106.0,118.0,127.0,143.0,142.0,,15.592214,47.172665,537251.906316,933,176,192,//qar7000185/GP0_UPLOAD/BOXER/CYLOM\KZ-04-84_CP-13\20230615\can_Tapper17-11-14-15-40-50.pcap.gz
289,2022-11-14 15:41:05.954989,can_tapper17,"rgb(55,126,184)",PG3_est,121.0,107.0,107.0,11.570247933884298,52.857142857142826,122.0,-4.115607337787771,629,-17.57999999999337,-5.019999999991406,60.0,12.0,489.0,477.0,0.639729,0.002935010482180293,0.002935010482180293,0.0031446540880503146,synchronized_peak_current_voltage_drop,0.5400000000094636,1.0200000000001594,3.2620894576029285,148.54302932889644,0.8433176810241656,2431,1.5730337078651686,0.6380978719769951,12.120000000000001,-126.5251798561151,14.0,2.14203,7,139,60.0,120.0,107.0,119.0,124.0,152.0,148.0,,15.592214,47.172665,537251.906316,933,176,192,//qar7000185/GP0_UPLOAD/BOXER/CYLOM\KZ-04-84_CP-13\20230615\can_Tapper17-11-14-15-40-50.pcap.gz
289,2022-11-14 15:41:05.954989,can_tapper17,"rgb(55,126,184)",PG4,121.0,107.0,107.0,11.570247933884298,52.857142857142826,122.0,-4.115607337787771,629,-17.57999999999337,-5.019999999991406,60.0,12.0,489.0,477.0,0.639729,0.002935010482180293,0.002935010482180293,0.0031446540880503146,synchronized_peak_current_voltage_drop,0.5400000000094636,1.0200000000001594,3.2620894576029285,148.54302932889644,0.8433176810241656,2431,1.5730337078651686,0.6380978719769951,12.120000000000001,-126.5251798561151,14.0,2.14203,7,139,60.0,120.0,107.0,119.0,124.0,152.0,148.0,,15.592214,47.172665,537251.906316,933,176,192,//qar7000185/GP0_UPLOAD/BOXER/CYLOM\KZ-04-84_CP-13\20230615\can_Tapper17-11-14-15-40-50.pcap.gz
290,2022-11-24 13:44:00.668152,can_tapper17,"rgb(77,175,74)",PG1_est,124.0,110.0,125.0,11.29032258064516,78.00000000000004,126.0,-29.40296274128017,164,-8.279999999991915,-5.019999999991406,95.0,0.0,390.0,390.0,0.520078,,0.0035897435897435893,0.0002564102564102564,synchronized_peak_current_voltage_drop,0.600000000009473,0.7400000000001157,2.892719705486028,142.18782319747157,0.8710147825755572,5969,5.376344086021505,1.7087744698818694,3.95,-14.665551839464882,-7.0,,14,598,60.0,120.0,113.0,120.0,123.0,143.0,142.0,142.0,6.291862,119.986857,856974.713163,3032,632,772,//qar7000185/GP0_UPLOAD/BOXER/CYLOM\KZ-04-84_CP-13\20230615\can_Tapper17-11-24-13-43-54.pcap.gz
290,2022-11-24 13:44:00.668152,can_tapper17,"rgb(77,175,74)",PG2,125.0,109.0,109.0,12.8,90.0,125.0,1.520681844811365e-13,164,-8.279999999991915,-5.019999999991406,90.0,0.0,390.0,390.0,0.520078,0.0041025641025641026,0.0041025641025641026,0.0041025641025641026,synchronized_peak_current_voltage_drop,0.3400000000094323,1.5200000000002376,3.2620894576029285,143.98392645351333,0.9046345265432604,5982,10.2880658436214,2.629116381786667,3.95,-14.665551839464882,-7.0,,14,598,60.0,120.0,112.0,120.0,122.0,143.0,144.0,144.0,6.291862,119.986857,856974.713163,3032,632,772,//qar7000185/GP0_UPLOAD/BOXER/CYLOM\KZ-04-84_CP-13\20230615\can_Tapper17-11-24-13-43-54.pcap.gz
290,2022-11-24 13:44:00.668152,can_tapper17,"rgb(77,175,74)",PG3_est,126.0,116.0,123.0,7.936507936507936,95.0,127.0,-19.58837212465483,164,-8.279999999991915,-5.019999999991406,100.0,0.0,390.0,390.0,0.520078,0.0007692307692307692,0.002564102564102564,0.0010256410256410256,synchronized_peak_current_voltage_drop,0.8600000000095136,1.0000000000001563,3.678623825607137,149.97672797218783,0.9116690343508519,5956,5.806451612903226,1.6293861533000853,3.95,-14.665551839464882,-7.0,,14,598,60.0,120.0,116.0,121.0,124.0,148.0,149.0,150.0,6.291862,119.986857,856974.713163,3032,632,772,//qar7000185/GP0_UPLOAD/BOXER/CYLOM\KZ-04-84_CP-13\20230615\can_Tapper17-11-24-13-43-54.pcap.gz
290,2022-11-24 13:44:00.668152,can_tapper17,"rgb(77,175,74)",PG4,126.0,116.0,123.0,7.936507936507936,95.0,127.0,-19.58837212465483,164,-8.279999999991915,-5.019999999991406,100.0,0.0,390.0,390.0,0.520078,0.0007692307692307692,0.002564102564102564,0.0010256410256410256,synchronized_peak_current_voltage_drop,0.8600000000095136,1.0000000000001563,3.678623825607137,149.97672797218783,0.9116690343508519,5956,5.806451612903226,1.6293861533000853,3.95,-14.665551839464882,-7.0,,14,598,60.0,120.0,116.0,121.0,124.0,148.0,149.0,150.0,6.291862,119.986857,856974.713163,3032,632,772,//qar7000185/GP0_UPLOAD/BOXER/CYLOM\KZ-04-84_CP-13\20230615\can_Tapper17-11-24-13-43-54.pcap.gz
291,2022-11-24 13:44:00.668152,can_tapper17,"rgb(152,78,163)",PG1_est,124.0,110.0,125.0,11.29032258064516,78.00000000000004,126.0,-29.40296274128017,164,-8.279999999991915,-5.019999999991406,95.0,0.0,390.0,390.0,0.520078,,0.0035897435897435893,0.0002564102564102564,synchronized_peak_current_voltage_drop,0.600000000009473,0.7400000000001157,2.892719705486028,142.18782319747157,0.8710147825755572,5969,5.376344086021505,1.7087744698818694,3.95,-14.665551839464882,-7.0,,14,598,60.0,120.0,113.0,120.0,123.0,143.0,142.0,142.0,6.291862,119.986857,0.0,3032,632,772,//qar7000185/GP0_UPLOAD/BOXER/CYLOM\KZ-04-84_CP-13\20230615\can_Tapper17-11-24-13-43-54.pcap.gz
291,2022-11-24 13:44:00.668152,can_tapper17,"rgb(152,78,163)",PG2,125.0,109.0,109.0,12.8,90.0,125.0,1.520681844811365e-13,164,-8.279999999991915,-5.019999999991406,90.0,0.0,390.0,390.0,0.520078,0.0041025641025641026,0.0041025641025641026,0.0041025641025641026,synchronized_peak_current_voltage_drop,0.3400000000094323,1.5200000000002376,3.2620894576029285,143.98392645351333,0.9046345265432604,5982,10.2880658436214,2.629116381786667,3.95,-14.665551839464882,-7.0,,14,598,60.0,120.0,112.0,120.0,122.0,143.0,144.0,144.0,6.291862,119.986857,0.0,3032,632,772,//qar7000185/GP0_UPLOAD/BOXER/CYLOM\KZ-04-84_CP-13\20230615\can_Tapper17-11-24-13-43-54.pcap.gz
291,2022-11-24 13:44:00.668152,can_tapper17,"rgb(152,78,163)",PG3_est,126.0,116.0,123.0,7.936507936507936,95.0,127.0,-19.58837212465483,164,-8.279999999991915,-5.019999999991406,100.0,0.0,390.0,390.0,0.520078,0.0007692307692307692,0.002564102564102564,0.0010256410256410256,synchronized_peak_current_voltage_drop,0.8600000000095136,1.0000000000001563,3.678623825607137,149.97672797218783,0.9116690343508519,5956,5.806451612903226,1.6293861533000853,3.95,-14.665551839464882,-7.0,,14,598,60.0,120.0,116.0,121.0,124.0,148.0,149.0,150.0,6.291862,119.986857,0.0,3032,632,772,//qar7000185/GP0_UPLOAD/BOXER/CYLOM\KZ-04-84_CP-13\20230615\can_Tapper17-11-24-13-43-54.pcap.gz
291,2022-11-24 13:44:00.668152,can_tapper17,"rgb(152,78,163)",PG4,126.0,116.0,123.0,7.936507936507936,95.0,127.0,-19.58837212465483,164,-8.279999999991915,-5.019999999991406,100.0,0.0,390.0,390.0,0.520078,0.0007692307692307692,0.002564102564102564,0.0010256410256410256,synchronized_peak_current_voltage_drop,0.8600000000095136,1.0000000000001563,3.678623825607137,149.97672797218783,0.9116690343508519,5956,5.806451612903226,1.6293861533000853,3.95,-14.665551839464882,-7.0,,14,598,60.0,120.0,116.0,121.0,124.0,148.0,149.0,150.0,6.291862,119.986857,0.0,3032,632,772,//qar7000185/GP0_UPLOAD/BOXER/CYLOM\KZ-04-84_CP-13\20230615\can_Tapper17-11-24-13-43-54.pcap.gz
292,2022-11-24 17:13:02.203705,can_tapper17,"rgb(255,127,0)",PG1_est,123.0,116.0,124.0,5.691056910569105,68.33333333333339,125.0,-5.549398021953803,1500,-35.019999999991406,-5.019999999991406,90.0,6.5,423.0,416.5,0.819664,,0.001680672268907563,0.00024009603841536616,synchronized_peak_current_voltage_drop,0.6800000000094855,0.14000000000002188,2.27471676670449,140.27682781955554,0.7727426242750166,4933,5.307855626326964,1.3071004112258413,6.275,-26.58167330677291,6.0,2.817043,6,251,60.0,120.0,116.0,122.0,142.0,141.0,140.0,140.0,59.95435,97.482243,12541.535553,1890,332,454,//qar7000185/GP0_UPLOAD/BOXER/CYLOM\KZ-04-84_CP-13\20230615\can_Tapper17-11-24-16-43-54.pcap.gz
292,2022-11-24 17:13:02.203705,can_tapper17,"rgb(255,127,0)",PG2,124.0,115.0,115.0,7.258064516129033,78.00000000000004,124.0,-8.843540243896139e-14,1500,-35.019999999991406,-5.019999999991406,78.00000000000004,6.5,423.0,416.5,0.819664,0.0021608643457382954,0.0021608643457382954,0.0021608643457382954,synchronized_peak_current_voltage_drop,0.8200000000095073,0.5000000000000782,2.27471676670449,144.6808182107694,0.8571079880039865,4933,4.45859872611465,1.2729362700289553,6.275,-26.58167330677291,6.0,2.817043,6,251,60.0,120.0,115.0,122.0,145.0,144.0,144.0,145.0,59.95435,97.482243,12541.535553,1890,332,454,//qar7000185/GP0_UPLOAD/BOXER/CYLOM\KZ-04-84_CP-13\20230615\can_Tapper17-11-24-16-43-54.pcap.gz
292,2022-11-24 17:13:02.203705,can_tapper17,"rgb(255,127,0)",PG3_est,125.0,116.0,116.0,7.199999999999999,90.0,126.0,-2.66300562800202,1500,-35.019999999991406,-5.019999999991406,95.0,6.5,423.0,416.5,0.819664,0.0021608643457382954,0.0021608643457382954,0.0024009603841536613,synchronized_peak_current_voltage_drop,0.7800000000095011,0.5000000000000782,2.0171482422437275,142.5891195070629,0.7863284652828672,4933,1.4861995753715498,0.821241123008111,6.275,-26.58167330677291,6.0,2.817043,6,251,60.0,120.0,116.0,123.0,144.0,144.0,143.0,142.0,59.95435,97.482243,12541.535553,1890,332,454,//qar7000185/GP0_UPLOAD/BOXER/CYLOM\KZ-04-84_CP-13\20230615\can_Tapper17-11-24-16-43-54.pcap.gz
292,2022-11-24 17:13:02.203705,can_tapper17,"rgb(255,127,0)",PG4,125.0,116.0,116.0,7.199999999999999,90.0,126.0,-2.66300562800202,1500,-35.019999999991406,-5.019999999991406,95.0,6.5,423.0,416.5,0.819664,0.0021608643457382954,0.0021608643457382954,0.0024009603841536613,synchronized_peak_current_voltage_drop,0.7800000000095011,0.5000000000000782,2.0171482422437275,142.5891195070629,0.7863284652828672,4933,1.4861995753715498,0.821241123008111,6.275,-26.58167330677291,6.0,2.817043,6,251,60.0,120.0,116.0,123.0,144.0,144.0,143.0,142.0,59.95435,97.482243,12541.535553,1890,332,454,//qar7000185/GP0_UPLOAD/BOXER/CYLOM\KZ-04-84_CP-13\20230615\can_Tapper17-11-24-16-43-54.pcap.gz
293,2023-02-07 09:59:03.483269,can_tapper17,"rgb(255,255,51)",PG1_est,111.5,72.0,83.0,35.42600896860987,40.0,113.0,-0.7753959001759366,1500,-35.019999999991406,-5.019999999991406,40.0,0.0,494.0,494.0,1.329932,0.0057692307692307696,0.007995951417004049,0.006072874493927126,synchronized_peak_current_voltage_drop,0.7000000000094886,0.10000000000001563,3.678623825607137,148.78842154249716,0.8653367416927501,5964,36.58536585365854,7.434894809463063,2.34,-69.58029197080292,281.0,2.322474,7,274,60.0,120.0,85.0,97.0,110.0,149.0,149.0,149.0,59.949701,119.975099,6453961.279564,2160,422,654,//qar7000185/GP0_UPLOAD/BOXER/CYLOM\KZ-04-84_CP-13\20230615\can_Tapper17-02-07-09-35-48.pcap.gz
293,2023-02-07 09:59:03.483269,can_tapper17,"rgb(255,255,51)",PG2,99.0,45.0,56.0,54.54545454545454,40.0,100.0,-0.5416002407108805,1500,-35.019999999991406,-5.019999999991406,40.0,0.0,494.0,494.0,1.329932,0.008704453441295546,0.010931174089068827,0.008906882591093119,synchronized_peak_current_voltage_drop,0.8000000000095042,2.24000000000035,2.892719705486028,137.68220111113772,0.961102941924983,5959,51.21951219512195,27.08236410302277,2.34,-69.58029197080292,281.0,2.322474,7,274,60.0,120.0,45.0,71.0,98.0,137.0,137.0,137.0,59.949701,119.975099,6453961.279564,2160,422,654,//qar7000185/GP0_UPLOAD/BOXER/CYLOM\KZ-04-84_CP-13\20230615\can_Tapper17-02-07-09-35-48.pcap.gz
293,2023-02-07 09:59:03.483269,can_tapper17,"rgb(255,255,51)",PG3_est,114.0,99.0,102.0,13.157894736842104,40.0,115.0,2.1134439041961401e-13,1500,-35.019999999991406,-5.019999999991406,40.0,0.0,494.0,494.0,1.329932,0.0024291497975708503,0.003036437246963563,0.002631578947368421,synchronized_peak_current_voltage_drop,0.7200000000094917,1.5000000000002345,3.678623825607137,151.6675008950294,0.8851284523050305,5963,20.73170731707317,11.459984788182107,2.34,-69.58029197080292,281.0,2.322474,7,274,60.0,120.0,99.0,107.0,114.0,152.0,152.0,151.0,59.949701,119.975099,6453961.279564,2160,422,654,//qar7000185/GP0_UPLOAD/BOXER/CYLOM\KZ-04-84_CP-13\20230615\can_Tapper17-02-07-09-35-48.pcap.gz
293,2023-02-07 09:59:03.483269,can_tapper17,"rgb(255,255,51)",PG4,114.0,99.0,102.0,13.157894736842104,40.0,115.0,2.1134439041961401e-13,1500,-35.019999999991406,-5.019999999991406,40.0,0.0,494.0,494.0,1.329932,0.0024291497975708503,0.003036437246963563,0.002631578947368421,synchronized_peak_current_voltage_drop,0.7200000000094917,1.5000000000002345,3.678623825607137,151.6675008950294,0.8851284523050305,5963,20.73170731707317,11.459984788182107,2.34,-69.58029197080292,281.0,2.322474,7,274,60.0,120.0,99.0,107.0,114.0,152.0,152.0,151.0,59.949701,119.975099,6453961.279564,2160,422,654,//qar7000185/GP0_UPLOAD/BOXER/CYLOM\KZ-04-84_CP-13\20230615\can_Tapper17-02-07-09-35-48.pcap.gz
294,2023-02-08 08:34:27.822610,can_tapper17,"rgb(166,86,40)",PG1_est,125.0,112.0,121.0,10.4,90.0,125.0,-3.981433944574417e-14,200,-8.999999999992028,-5.019999999991406,90.0,0.0,417.0,417.0,0.816281,0.0009592326139088729,0.003117505995203837,0.0009592326139088729,synchronized_peak_current_voltage_drop,0.8800000000095167,0.5000000000000782,3.678623825607137,144.74591414425672,0.8865105174738934,5955,5.2631578947368425,0.7090447049375771,5.958333333333333,-12.06006006006006,-4.0,,6,333,60.0,120.0,117.0,123.0,134.0,143.0,144.0,145.0,7.011444,119.8333,81324.339341,1524,347,453,//qar7000185/GP0_UPLOAD/BOXER/CYLOM\KZ-04-84_CP-13\20230615\can_Tapper17-02-08-08-34-20.pcap.gz
294,2023-02-08 08:34:27.822610,can_tapper17,"rgb(166,86,40)",PG2,125.0,116.0,121.0,7.199999999999999,90.0,126.0,-2.0865899009668942e-13,200,-8.999999999992028,-5.019999999991406,95.0,0.0,417.0,417.0,0.816281,0.0009592326139088729,0.002158273381294964,0.001199040767386091,synchronized_peak_current_voltage_drop,0.9000000000095199,0.5000000000000782,2.565174071178317,141.38956287279686,0.8263553254787905,5954,3.640256959314775,0.8540568824806759,5.958333333333333,-12.06006006006006,-4.0,,6,333,60.0,120.0,116.0,122.0,133.0,143.0,142.0,141.0,7.011444,119.8333,81324.339341,1524,347,453,//qar7000185/GP0_UPLOAD/BOXER/CYLOM\KZ-04-84_CP-13\20230615\can_Tapper17-02-08-08-34-20.pcap.gz
294,2023-02-08 08:34:27.822610,can_tapper17,"rgb(166,86,40)",PG3_est,127.0,117.0,122.0,7.874015748031496,100.0,127.0,-3.8046332632645264e-14,200,-8.999999999992028,-5.019999999991406,100.0,0.0,417.0,417.0,0.816281,0.001199040767386091,0.002398081534772182,0.001199040767386091,synchronized_peak_current_voltage_drop,0.8800000000095167,0.7600000000001188,4.67804510221319,148.67366869228252,0.9158821236909775,5955,2.0242914979757085,0.6555115925413304,5.958333333333333,-12.06006006006006,-4.0,,6,333,60.0,120.0,117.0,124.0,133.0,144.0,149.0,149.0,7.011444,119.8333,81324.339341,1524,347,453,//qar7000185/GP0_UPLOAD/BOXER/CYLOM\KZ-04-84_CP-13\20230615\can_Tapper17-02-08-08-34-20.pcap.gz
294,2023-02-08 08:34:27.822610,can_tapper17,"rgb(166,86,40)",PG4,127.0,117.0,122.0,7.874015748031496,100.0,127.0,-3.8046332632645264e-14,200,-8.999999999992028,-5.019999999991406,100.0,0.0,417.0,417.0,0.816281,0.001199040767386091,0.002398081534772182,0.001199040767386091,synchronized_peak_current_voltage_drop,0.8800000000095167,0.7600000000001188,4.67804510221319,148.67366869228252,0.9158821236909775,5955,2.0242914979757085,0.6555115925413304,5.958333333333333,-12.06006006006006,-4.0,,6,333,60.0,120.0,117.0,124.0,133.0,144.0,149.0,149.0,7.011444,119.8333,81324.339341,1524,347,453,//qar7000185/GP0_UPLOAD/BOXER/CYLOM\KZ-04-84_CP-13\20230615\can_Tapper17-02-08-08-34-20.pcap.gz
295,2023-02-09 10:48:42.508705,can_tapper17,"rgb(247,129,191)",PG1_est,125.0,110.0,110.0,12.0,90.0,126.0,-11.179521096274184,493,-14.859999999992944,-5.019999999991406,95.0,0.0,391.0,391.0,1.013874,0.0038363171355498722,0.0038363171355498722,0.0040920716112531974,synchronized_peak_current_voltage_drop,1.0200000000095386,0.5000000000000782,3.2620894576029285,144.43409818901077,0.847002481188674,5948,5.781584582441114,0.8160154247674803,4.45,-12.808955223880597,-4.0,,7,335,60.0,120.0,123.0,118.0,123.0,144.0,143.0,144.0,13.107444,119.960124,94454.686095,1598,354,413,//qar7000185/GP0_UPLOAD/BOXER/CYLOM\KZ-04-84_CP-13\20230615\can_Tapper17-02-09-10-48-29.pcap.gz
295,2023-02-09 10:48:42.508705,can_tapper17,"rgb(247,129,191)",PG2,125.0,116.0,123.0,7.199999999999999,90.0,126.0,-13.379288239380275,505,-15.099999999992981,-5.019999999991406,95.0,0.0,391.0,391.0,1.013874,0.0005115089514066497,0.0023017902813299235,0.0007672634271099744,synchronized_peak_current_voltage_drop,1.0400000000095417,1.0000000000001563,2.892719705486028,141.78781378645047,0.8161629147244477,5947,5.353319057815845,1.0328090642149022,4.45,-12.808955223880597,-4.0,,7,335,60.0,120.0,123.0,118.0,123.0,142.0,143.0,142.0,13.107444,119.960124,94454.686095,1598,354,413,//qar7000185/GP0_UPLOAD/BOXER/CYLOM\KZ-04-84_CP-13\20230615\can_Tapper17-02-09-10-48-29.pcap.gz
295,2023-02-09 10:48:42.508705,can_tapper17,"rgb(247,129,191)",PG3_est,126.0,117.0,117.0,7.142857142857142,95.0,127.0,-15.320165556925797,505,-15.099999999992981,-5.019999999991406,100.0,0.0,391.0,391.0,1.013874,0.0023017902813299235,0.0023017902813299235,0.0025575447570332483,synchronized_peak_current_voltage_drop,0.8000000000095042,1.0000000000001563,3.678623825607137,146.6502598665401,0.8953899690683769,5959,2.5,0.7822679410747985,4.45,-12.808955223880597,-4.0,,7,335,60.0,120.0,117.0,120.0,124.0,145.0,146.0,146.0,13.107444,119.960124,94454.686095,1598,354,413,//qar7000185/GP0_UPLOAD/BOXER/CYLOM\KZ-04-84_CP-13\20230615\can_Tapper17-02-09-10-48-29.pcap.gz
295,2023-02-09 10:48:42.508705,can_tapper17,"rgb(247,129,191)",PG4,126.0,117.0,117.0,7.142857142857142,95.0,127.0,-15.320165556925797,505,-15.099999999992981,-5.019999999991406,100.0,0.0,391.0,391.0,1.013874,0.0023017902813299235,0.0023017902813299235,0.0025575447570332483,synchronized_peak_current_voltage_drop,0.8000000000095042,1.0000000000001563,3.678623825607137,146.6502598665401,0.8953899690683769,5959,2.5,0.7822679410747985,4.45,-12.808955223880597,-4.0,,7,335,60.0,120.0,117.0,120.0,124.0,145.0,146.0,146.0,13.107444,119.960124,94454.686095,1598,354,413,//qar7000185/GP0_UPLOAD/BOXER/CYLOM\KZ-04-84_CP-13\20230615\can_Tapper17-02-09-10-48-29.pcap.gz
296,2023-02-09 12:56:54.513045,can_tapper17,"rgb(153,153,153)",PG1_est,126.0,111.0,121.0,11.904761904761903,95.0,126.0,1.5066870418573217e-12,122,-7.439999999991784,-5.019999999991406,95.0,-4.0,493.0,497.0,0.610754,0.001006036217303823,0.0030181086519114686,0.001006036217303823,synchronized_peak_current_voltage_drop,0.6600000000094823,0.26000000000004064,3.2620894576029285,143.7958096790263,0.8805433507569418,5966,6.526315789473684,0.6870642764454357,6.341666666666667,-12.091525423728813,-2.0,,8,295,60.0,120.0,118.0,123.0,133.0,144.0,143.0,144.0,5.470578,119.853177,7692.00434,1506,311,492,//qar7000185/GP0_UPLOAD/BOXER/CYLOM\KZ-04-84_CP-13\20230615\can_Tapper17-02-09-12-56-48.pcap.gz
296,2023-02-09 12:56:54.513045,can_tapper17,"rgb(153,153,153)",PG2,125.0,115.0,120.0,8.0,90.0,126.0,1.5066870418573217e-12,122,-7.439999999991784,-5.019999999991406,95.0,-4.0,493.0,497.0,0.610754,0.001006036217303823,0.002012072434607646,0.0012072434607645875,synchronized_peak_current_voltage_drop,0.6800000000094855,0.5000000000000782,2.892719705486028,142.35485210925842,0.863380763358384,5965,3.0927835051546393,0.8662403837438384,6.341666666666667,-12.091525423728813,-2.0,,8,295,60.0,120.0,117.0,123.0,133.0,142.0,143.0,142.0,5.470578,119.853177,7692.00434,1506,311,492,//qar7000185/GP0_UPLOAD/BOXER/CYLOM\KZ-04-84_CP-13\20230615\can_Tapper17-02-09-12-56-48.pcap.gz
296,2023-02-09 12:56:54.513045,can_tapper17,"rgb(153,153,153)",PG3_est,127.0,116.0,122.0,8.661417322834646,100.0,127.0,5.481008855487246e-13,123,-7.459999999991787,-5.019999999991406,100.0,-4.0,493.0,497.0,0.610754,0.001006036217303823,0.0022132796780684107,0.001006036217303823,synchronized_peak_current_voltage_drop,0.6800000000094855,0.5000000000000782,3.678623825607137,145.62424754299946,0.8903650968478621,5965,2.736842105263158,0.6593530112237762,6.341666666666667,-12.091525423728813,-2.0,,8,295,60.0,120.0,119.0,125.0,131.0,143.0,146.0,146.0,5.470578,119.853177,7692.00434,1506,311,492,//qar7000185/GP0_UPLOAD/BOXER/CYLOM\KZ-04-84_CP-13\20230615\can_Tapper17-02-09-12-56-48.pcap.gz
296,2023-02-09 12:56:54.513045,can_tapper17,"rgb(153,153,153)",PG4,127.0,116.0,122.0,8.661417322834646,100.0,127.0,5.481008855487246e-13,123,-7.459999999991787,-5.019999999991406,100.0,-4.0,493.0,497.0,0.610754,0.001006036217303823,0.0022132796780684107,0.001006036217303823,synchronized_peak_current_voltage_drop,0.6800000000094855,0.5000000000000782,3.678623825607137,145.62424754299946,0.8903650968478621,5965,2.736842105263158,0.6593530112237762,6.341666666666667,-12.091525423728813,-2.0,,8,295,60.0,120.0,119.0,125.0,131.0,143.0,146.0,146.0,5.470578,119.853177,7692.00434,1506,311,492,//qar7000185/GP0_UPLOAD/BOXER/CYLOM\KZ-04-84_CP-13\20230615\can_Tapper17-02-09-12-56-48.pcap.gz
297,2023-02-09 14:02:35.014550,can_tapper17,"rgb(228,26,28)",PG1_est,122.0,109.0,111.0,10.655737704918032,60.0,122.0,0.22744898997741123,1500,-35.019999999991406,-5.019999999991406,60.0,0.0,487.0,487.0,1.011973,0.002258726899383984,0.0026694045174537988,0.002258726899383984,synchronized_peak_current_voltage_drop,1.400000000009598,0.0800000000000125,2.0171482422437275,144.18978835635025,0.7974346226829057,5929,5.0,1.35727918303142,7.0875,-39.9695945945946,16.0,2.015349,7,296,60.0,120.0,111.0,119.0,145.0,144.0,145.0,144.0,59.919719,119.938187,3940.501505,2159,404,734,//qar7000185/GP0_UPLOAD/BOXER/CYLOM\KZ-04-84_CP-13\20230615\can_Tapper17-02-09-13-56-48.pcap.gz
297,2023-02-09 14:02:35.014550,can_tapper17,"rgb(228,26,28)",PG2,121.0,110.0,110.0,9.090909090909092,52.857142857142826,121.0,-1.6206584980702032,1500,-35.019999999991406,-5.019999999991406,52.857142857142826,0.0,487.0,487.0,1.011973,0.002258726899383984,0.002258726899383984,0.002258726899383984,synchronized_peak_current_voltage_drop,0.9000000000095199,1.0000000000001563,2.0171482422437275,141.89792717816408,0.8281817375024895,5954,8.333333333333334,1.7210369466443456,7.0875,-39.9695945945946,16.0,2.015349,7,296,60.0,120.0,110.0,119.0,144.0,139.0,141.0,142.0,59.919719,119.938187,3940.501505,2159,404,734,//qar7000185/GP0_UPLOAD/BOXER/CYLOM\KZ-04-84_CP-13\20230615\can_Tapper17-02-09-13-56-48.pcap.gz
297,2023-02-09 14:02:35.014550,can_tapper17,"rgb(228,26,28)",PG3_est,122.0,111.0,122.0,9.01639344262295,60.0,123.0,-0.6711558538464424,1500,-35.019999999991406,-5.019999999991406,68.33333333333339,0.0,487.0,487.0,1.011973,,0.002258726899383984,0.00020533880903490762,synchronized_peak_current_voltage_drop,1.0400000000095417,1.0000000000001563,2.0171482422437275,146.67156207805454,0.6943828130391848,5947,4.946236559139785,0.927358976783139,7.0875,-39.9695945945946,16.0,2.015349,7,296,60.0,120.0,122.0,115.0,146.0,148.0,149.0,147.0,59.919719,119.938187,3940.501505,2159,404,734,//qar7000185/GP0_UPLOAD/BOXER/CYLOM\KZ-04-84_CP-13\20230615\can_Tapper17-02-09-13-56-48.pcap.gz
297,2023-02-09 14:02:35.014550,can_tapper17,"rgb(228,26,28)",PG4,122.0,111.0,122.0,9.01639344262295,60.0,123.0,-0.6711558538464424,1500,-35.019999999991406,-5.019999999991406,68.33333333333339,0.0,487.0,487.0,1.011973,,0.002258726899383984,0.00020533880903490762,synchronized_peak_current_voltage_drop,1.0400000000095417,1.0000000000001563,2.0171482422437275,146.67156207805454,0.6943828130391848,5947,4.946236559139785,0.927358976783139,7.0875,-39.9695945945946,16.0,2.015349,7,296,60.0,120.0,122.0,115.0,146.0,148.0,149.0,147.0,59.919719,119.938187,3940.501505,2159,404,734,//qar7000185/GP0_UPLOAD/BOXER/CYLOM\KZ-04-84_CP-13\20230615\can_Tapper17-02-09-13-56-48.pcap.gz
298,2023-02-09 15:14:14.785240,can_tapper17,"rgb(55,126,184)",PG1_est,123.0,99.0,112.0,19.51219512195122,68.33333333333339,123.0,-1.1555027357788632,1500,-35.019999999991406,-5.019999999991406,68.33333333333339,7.0,488.0,481.0,0.778825,0.002286902286902287,0.004989604989604989,0.002286902286902287,synchronized_peak_current_voltage_drop,0.6600000000094823,0.7600000000001188,2.27471676670449,144.7948541961953,0.8622335247660587,5966,13.347921225382931,1.1597675687535804,8.308333333333334,-36.775735294117645,7.0,2.2693,8,272,60.0,120.0,112.0,120.0,144.0,143.0,145.0,146.0,59.990075,119.854096,4299.77069,2159,341,534,//qar7000185/GP0_UPLOAD/BOXER/CYLOM\KZ-04-84_CP-13\20230615\can_Tapper17-02-09-14-56-48.pcap.gz
298,2023-02-09 15:14:14.785240,can_tapper17,"rgb(55,126,184)",PG2,122.0,109.0,109.0,10.655737704918032,60.0,123.0,-1.6664985184433365,1500,-35.019999999991406,-5.019999999991406,68.33333333333339,7.0,488.0,481.0,0.778825,0.002702702702702703,0.002702702702702703,0.0029106029106029103,synchronized_peak_current_voltage_drop,0.6800000000094855,1.0000000000001563,1.7887444673306678,141.3130517770906,0.812863927449289,5965,6.783369803063457,1.4868767826646836,8.308333333333334,-36.775735294117645,7.0,2.2693,8,272,60.0,120.0,109.0,120.0,144.0,141.0,141.0,140.0,59.990075,119.854096,4299.77069,2159,341,534,//qar7000185/GP0_UPLOAD/BOXER/CYLOM\KZ-04-84_CP-13\20230615\can_Tapper17-02-09-14-56-48.pcap.gz
298,2023-02-09 15:14:14.785240,can_tapper17,"rgb(55,126,184)",PG3_est,124.0,111.0,118.0,10.483870967741936,78.00000000000004,124.0,-8.843540243896139e-14,1500,-35.019999999991406,-5.019999999991406,78.00000000000004,7.0,488.0,481.0,0.778825,0.0012474012474012473,0.002702702702702703,0.0012474012474012473,synchronized_peak_current_voltage_drop,0.8400000000095105,0.7400000000001157,2.0171482422437275,146.78266010075495,0.754828218211027,5957,3.2822757111597376,1.053334067492325,8.308333333333334,-36.775735294117645,7.0,2.2693,8,272,60.0,120.0,111.0,121.0,148.0,148.0,149.0,147.0,59.990075,119.854096,4299.77069,2159,341,534,//qar7000185/GP0_UPLOAD/BOXER/CYLOM\KZ-04-84_CP-13\20230615\can_Tapper17-02-09-14-56-48.pcap.gz
298,2023-02-09 15:14:14.785240,can_tapper17,"rgb(55,126,184)",PG4,124.0,111.0,118.0,10.483870967741936,78.00000000000004,124.0,-8.843540243896139e-14,1500,-35.019999999991406,-5.019999999991406,78.00000000000004,7.0,488.0,481.0,0.778825,0.0012474012474012473,0.002702702702702703,0.0012474012474012473,synchronized_peak_current_voltage_drop,0.8400000000095105,0.7400000000001157,2.0171482422437275,146.78266010075495,0.754828218211027,5957,3.2822757111597376,1.053334067492325,8.308333333333334,-36.775735294117645,7.0,2.2693,8,272,60.0,120.0,111.0,121.0,148.0,148.0,149.0,147.0,59.990075,119.854096,4299.77069,2159,341,534,//qar7000185/GP0_UPLOAD/BOXER/CYLOM\KZ-04-84_CP-13\20230615\can_Tapper17-02-09-14-56-48.pcap.gz
299,2023-02-10 08:48:56.092214,can_tapper17,"rgb(77,175,74)",PG1_est,125.0,115.0,120.0,8.0,90.0,125.0,-12.876840463045172,260,-10.199999999992215,-5.019999999991406,90.0,-3.0,494.0,497.0,0.620238,0.001006036217303823,0.002012072434607646,0.001006036217303823,synchronized_peak_current_voltage_drop,0.6800000000094855,0.5000000000000782,3.2620894576029285,144.46641345403475,0.8842346875660636,5965,2.240325865580448,0.5069704222439367,5.5,-17.86996904024768,65.0,2.118195,7,323,60.0,120.0,115.0,119.0,137.0,143.0,144.0,144.0,8.215123,119.898332,63281.306974,1539,345,477,//qar7000185/GP0_UPLOAD/BOXER/CYLOM\KZ-04-84_CP-13\20230615\can_Tapper17-02-10-08-48-47.pcap.gz
299,2023-02-10 08:48:56.092214,can_tapper17,"rgb(77,175,74)",PG2,124.0,113.0,119.0,8.870967741935484,78.00000000000004,125.0,2.672609690487188e-13,260,-10.199999999992215,-5.019999999991406,90.0,-3.0,494.0,497.0,0.620238,0.001006036217303823,0.0022132796780684107,0.0012072434607645875,synchronized_peak_current_voltage_drop,0.6800000000094855,1.0000000000001563,2.892719705486028,141.7721843422001,0.872031340885248,5965,3.054989816700611,1.1916133127535509,5.5,-17.86996904024768,65.0,2.118195,7,323,60.0,120.0,113.0,119.0,136.0,143.0,142.0,142.0,8.215123,119.898332,63281.306974,1539,345,477,//qar7000185/GP0_UPLOAD/BOXER/CYLOM\KZ-04-84_CP-13\20230615\can_Tapper17-02-10-08-48-47.pcap.gz
299,2023-02-10 08:48:56.092214,can_tapper17,"rgb(77,175,74)",PG3_est,126.0,116.0,121.0,7.936507936507936,95.0,126.0,-28.640045881421127,260,-10.199999999992215,-5.019999999991406,95.0,-3.0,494.0,497.0,0.620238,0.001006036217303823,0.002012072434607646,0.001006036217303823,synchronized_peak_current_voltage_drop,0.6800000000094855,0.7600000000001188,3.2620894576029285,147.23048620472193,0.8819910831810946,5965,2.6476578411405294,0.7944395468236383,5.5,-17.86996904024768,65.0,2.118195,7,323,60.0,120.0,118.0,122.0,134.0,147.0,148.0,148.0,8.215123,119.898332,63281.306974,1539,345,477,//qar7000185/GP0_UPLOAD/BOXER/CYLOM\KZ-04-84_CP-13\20230615\can_Tapper17-02-10-08-48-47.pcap.gz
299,2023-02-10 08:48:56.092214,can_tapper17,"rgb(77,175,74)",PG4,126.0,116.0,121.0,7.936507936507936,95.0,126.0,-28.640045881421127,260,-10.199999999992215,-5.019999999991406,95.0,-3.0,494.0,497.0,0.620238,0.001006036217303823,0.002012072434607646,0.001006036217303823,synchronized_peak_current_voltage_drop,0.6800000000094855,0.7600000000001188,3.2620894576029285,147.23048620472193,0.8819910831810946,5965,2.6476578411405294,0.7944395468236383,5.5,-17.86996904024768,65.0,2.118195,7,323,60.0,120.0,118.0,122.0,134.0,147.0,148.0,148.0,8.215123,119.898332,63281.306974,1539,345,477,//qar7000185/GP0_UPLOAD/BOXER/CYLOM\KZ-04-84_CP-13\20230615\can_Tapper17-02-10-08-48-47.pcap.gz
300,2023-03-15 13:46:05.640131,can_tapper17,"rgb(152,78,163)",PG1_est,123.0,99.0,112.0,19.51219512195122,68.33333333333339,123.0,-0.11171560520667181,1500,-35.019999999991406,-5.019999999991406,68.33333333333339,0.0,489.0,489.0,0.756121,0.0022494887525562374,0.004907975460122699,0.0022494887525562374,synchronized_peak_current_voltage_drop,0.6400000000094792,0.5000000000000782,2.0171482422437275,136.60810406729817,0.11054259719978499,5967,15.74468085106383,1.558475728153513,9.3,-24.327338129496404,488.0,2.250098,7,278,60.0,120.0,112.0,121.0,138.0,143.0,141.0,124.0,59.986799,119.889694,2869029.547917,2159,419,770,//qar7000185/GP0_UPLOAD/BOXER/CYLOM\KZ-04-84_CP-13\20230615\can_Tapper17-03-15-13-35-37.pcap.gz
300,2023-03-15 13:46:05.640131,can_tapper17,"rgb(152,78,163)",PG2,123.0,110.0,110.0,10.569105691056912,68.33333333333339,123.0,-1.8380808169245948,1500,-35.019999999991406,-5.019999999991406,68.33333333333339,0.0,489.0,489.0,0.756121,0.0026584867075664623,0.0026584867075664623,0.0026584867075664623,synchronized_peak_current_voltage_drop,0.7200000000094917,1.0000000000001563,2.0171482422437275,137.48904673964728,0.1145666187855855,5963,11.312217194570136,1.3397215351606442,9.3,-24.327338129496404,488.0,2.250098,7,278,60.0,120.0,110.0,121.0,139.0,144.0,144.0,125.0,59.986799,119.889694,2869029.547917,2159,419,770,//qar7000185/GP0_UPLOAD/BOXER/CYLOM\KZ-04-84_CP-13\20230615\can_Tapper17-03-15-13-35-37.pcap.gz
300,2023-03-15 13:46:05.640131,can_tapper17,"rgb(152,78,163)",PG3_est,124.0,110.0,110.0,11.29032258064516,78.00000000000004,124.0,-0.4777779901233432,1500,-35.019999999991406,-5.019999999991406,78.00000000000004,0.0,489.0,489.0,0.756121,0.0028629856850715743,0.0028629856850715743,0.0028629856850715743,synchronized_peak_current_voltage_drop,0.6800000000094855,1.0000000000001563,2.0171482422437275,139.12611282452087,0.10732391526254359,5965,5.531914893617022,0.6973922238992465,9.3,-24.327338129496404,488.0,2.250098,7,278,60.0,120.0,110.0,122.0,138.0,147.0,145.0,126.0,59.986799,119.889694,2869029.547917,2159,419,770,//qar7000185/GP0_UPLOAD/BOXER/CYLOM\KZ-04-84_CP-13\20230615\can_Tapper17-03-15-13-35-37.pcap.gz
300,2023-03-15 13:46:05.640131,can_tapper17,"rgb(152,78,163)",PG4,124.0,110.0,110.0,11.29032258064516,78.00000000000004,124.0,-0.4777779901233432,1500,-35.019999999991406,-5.019999999991406,78.00000000000004,0.0,489.0,489.0,0.756121,0.0028629856850715743,0.0028629856850715743,0.0028629856850715743,synchronized_peak_current_voltage_drop,0.6800000000094855,1.0000000000001563,2.0171482422437275,139.12611282452087,0.10732391526254359,5965,5.531914893617022,0.6973922238992465,9.3,-24.327338129496404,488.0,2.250098,7,278,60.0,120.0,110.0,122.0,138.0,147.0,145.0,126.0,59.986799,119.889694,2869029.547917,2159,419,770,//qar7000185/GP0_UPLOAD/BOXER/CYLOM\KZ-04-84_CP-13\20230615\can_Tapper17-03-15-13-35-37.pcap.gz
301,2023-03-15 13:47:15.572581,can_tapper17,"rgb(255,127,0)",PG1_est,125.0,113.0,125.0,9.6,90.0,125.0,-39.166381851719215,1500,-35.019999999991406,-5.019999999991406,90.0,0.0,488.0,488.0,0.868449,,0.0024590163934426227,,synchronized_peak_current_voltage_drop,0.7200000000094917,0.0800000000000125,1.7887444673306678,138.11559597601993,0.11569382591273913,5963,8.459869848156183,1.8820218028956288,8.258333333333335,-23.265454545454546,487.0,2.370144,7,275,60.0,120.0,113.0,122.0,144.0,142.0,141.0,141.0,59.921849,119.982923,69.93245,2160,408,780,//qar7000185/GP0_UPLOAD/BOXER/CYLOM\KZ-04-84_CP-13\20230615\can_Tapper17-03-15-13-35-37.pcap.gz
301,2023-03-15 13:47:15.572581,can_tapper17,"rgb(255,127,0)",PG2,124.0,112.0,112.0,9.67741935483871,78.00000000000004,125.0,-40.007075558693714,1500,-35.019999999991406,-5.019999999991406,90.0,0.0,488.0,488.0,0.868449,0.0024590163934426227,0.0024590163934426227,0.0026639344262295085,synchronized_peak_current_voltage_drop,0.8000000000095042,1.0000000000001563,1.5862030873085784,139.27972761847752,0.1314239104679703,5959,7.592190889370933,1.0481175550321284,8.258333333333335,-23.265454545454546,487.0,2.370144,7,275,60.0,120.0,112.0,121.0,145.0,143.0,144.0,145.0,59.921849,119.982923,69.93245,2160,408,780,//qar7000185/GP0_UPLOAD/BOXER/CYLOM\KZ-04-84_CP-13\20230615\can_Tapper17-03-15-13-35-37.pcap.gz
301,2023-03-15 13:47:15.572581,can_tapper17,"rgb(255,127,0)",PG3_est,125.0,112.0,112.0,10.4,90.0,126.0,-38.666310518354074,1500,-35.019999999991406,-5.019999999991406,95.0,0.0,488.0,488.0,0.868449,0.0026639344262295085,0.0026639344262295085,0.0028688524590163933,synchronized_peak_current_voltage_drop,0.7800000000095011,1.0000000000001563,1.5862030873085784,140.2718390109456,0.1317416737888787,5960,2.819956616052061,0.8296573526044724,8.258333333333335,-23.265454545454546,487.0,2.370144,7,275,60.0,120.0,112.0,122.0,147.0,146.0,145.0,144.0,59.921849,119.982923,69.93245,2160,408,780,//qar7000185/GP0_UPLOAD/BOXER/CYLOM\KZ-04-84_CP-13\20230615\can_Tapper17-03-15-13-35-37.pcap.gz
301,2023-03-15 13:47:15.572581,can_tapper17,"rgb(255,127,0)",PG4,125.0,112.0,112.0,10.4,90.0,126.0,-38.666310518354074,1500,-35.019999999991406,-5.019999999991406,95.0,0.0,488.0,488.0,0.868449,0.0026639344262295085,0.0026639344262295085,0.0028688524590163933,synchronized_peak_current_voltage_drop,0.7800000000095011,1.0000000000001563,1.5862030873085784,140.2718390109456,0.1317416737888787,5960,2.819956616052061,0.8296573526044724,8.258333333333335,-23.265454545454546,487.0,2.370144,7,275,60.0,120.0,112.0,122.0,147.0,146.0,145.0,144.0,59.921849,119.982923,69.93245,2160,408,780,//qar7000185/GP0_UPLOAD/BOXER/CYLOM\KZ-04-84_CP-13\20230615\can_Tapper17-03-15-13-35-37.pcap.gz
302,2023-03-15 13:48:55.724467,can_tapper17,"rgb(255,255,51)",PG1_est,126.0,108.0,109.0,14.285714285714285,95.0,128.0,-62.11743205218211,1500,-35.019999999991406,-5.019999999991406,100.0,6.0,487.0,481.0,1.047763,0.003534303534303534,0.0037422037422037424,0.00395010395010395,synchronized_peak_current_voltage_drop,0.36000000000943544,0.10000000000001563,36.08162758099249,120.78211811573634,0.43811598026462395,5981,11.83673469387755,2.7936445809746315,8.35,26.85514018691589,485.0,2.049087,7,214,60.0,120.0,109.0,121.0,144.0,143.0,138.0,122.0,59.944585,119.984791,100.151886,2159,337,405,//qar7000185/GP0_UPLOAD/BOXER/CYLOM\KZ-04-84_CP-13\20230615\can_Tapper17-03-15-13-35-37.pcap.gz
302,2023-03-15 13:48:55.724467,can_tapper17,"rgb(255,255,51)",PG2,127.0,106.0,115.0,16.535433070866144,100.0,129.0,-71.96397865064577,1500,-35.019999999991406,-5.019999999991406,100.0,6.0,487.0,481.0,1.047763,0.0024948024948024945,0.004365904365904366,0.0029106029106029103,synchronized_peak_current_voltage_drop,0.46000000000945107,1.0000000000001563,40.68887031186959,120.0620093108017,0.4203614773980002,5976,11.666666666666666,3.1708032814531477,8.35,26.85514018691589,485.0,2.049087,7,214,60.0,120.0,115.0,124.0,144.0,143.0,140.0,123.0,59.944585,119.984791,100.151886,2159,337,405,//qar7000185/GP0_UPLOAD/BOXER/CYLOM\KZ-04-84_CP-13\20230615\can_Tapper17-03-15-13-35-37.pcap.gz
302,2023-03-15 13:48:55.724467,can_tapper17,"rgb(255,255,51)",PG3_est,127.0,116.0,116.0,8.661417322834646,100.0,129.0,-63.699406088614595,1500,-35.019999999991406,-5.019999999991406,100.0,6.0,487.0,481.0,1.047763,0.002286902286902287,0.002286902286902287,0.002702702702702703,synchronized_peak_current_voltage_drop,0.920000000009523,1.0000000000001563,31.996067694060745,122.12606360546695,0.4858536233699602,5953,6.724511930585683,1.8199274894461543,8.35,26.85514018691589,485.0,2.049087,7,214,60.0,120.0,116.0,122.0,147.0,146.0,140.0,124.0,59.944585,119.984791,100.151886,2159,337,405,//qar7000185/GP0_UPLOAD/BOXER/CYLOM\KZ-04-84_CP-13\20230615\can_Tapper17-03-15-13-35-37.pcap.gz
302,2023-03-15 13:48:55.724467,can_tapper17,"rgb(255,255,51)",PG4,127.0,116.0,116.0,8.661417322834646,100.0,129.0,-63.699406088614595,1500,-35.019999999991406,-5.019999999991406,100.0,6.0,487.0,481.0,1.047763,0.002286902286902287,0.002286902286902287,0.002702702702702703,synchronized_peak_current_voltage_drop,0.920000000009523,1.0000000000001563,31.996067694060745,122.12606360546695,0.4858536233699602,5953,6.724511930585683,1.8199274894461543,8.35,26.85514018691589,485.0,2.049087,7,214,60.0,120.0,116.0,122.0,147.0,146.0,140.0,124.0,59.944585,119.984791,100.151886,2159,337,405,//qar7000185/GP0_UPLOAD/BOXER/CYLOM\KZ-04-84_CP-13\20230615\can_Tapper17-03-15-13-35-37.pcap.gz
303,2023-03-17 09:39:16.733091,can_tapper17,"rgb(166,86,40)",PG1_est,124.0,115.0,115.0,7.258064516129033,78.00000000000004,124.0,2.9915213295645655,1500,-35.019999999991406,-5.019999999991406,78.00000000000004,2.0,495.0,493.0,0.799383,0.0018255578093306288,0.0018255578093306288,0.0018255578093306288,synchronized_peak_current_voltage_drop,0.8000000000095042,0.5000000000000782,2.892719705486028,141.74662654576653,0.8042673745871949,5959,1.9189765458422174,0.6125730102639068,7.466666666666667,-34.659574468085104,69.0,2.203284,7,282,60.0,120.0,115.0,121.0,123.0,144.0,141.0,141.0,45.861843,119.975389,157821.008624,1992,363,593,//qar7000185/GP0_UPLOAD/BOXER/CYLOM\KZ-04-84_CP-13\20230615\can_Tapper17-03-17-09-38-30.pcap.gz
303,2023-03-17 09:39:16.733091,can_tapper17,"rgb(166,86,40)",PG2,124.0,114.0,114.0,8.064516129032258,78.00000000000004,125.0,-3.5718149208058563,1500,-35.019999999991406,-5.019999999991406,90.0,2.0,495.0,493.0,0.799383,0.002028397565922921,0.002028397565922921,0.002231237322515213,synchronized_peak_current_voltage_drop,0.8000000000095042,1.0000000000001563,3.678623825607137,143.95176779634485,0.8858063836737439,5959,2.771855010660981,0.6686759875285688,7.466666666666667,-34.659574468085104,69.0,2.203284,7,282,60.0,120.0,114.0,120.0,123.0,143.0,144.0,145.0,45.861843,119.975389,157821.008624,1992,363,593,//qar7000185/GP0_UPLOAD/BOXER/CYLOM\KZ-04-84_CP-13\20230615\can_Tapper17-03-17-09-38-30.pcap.gz
303,2023-03-17 09:39:16.733091,can_tapper17,"rgb(166,86,40)",PG3_est,125.0,114.0,120.0,8.799999999999999,90.0,126.0,-0.9373337499253179,1500,-35.019999999991406,-5.019999999991406,95.0,2.0,495.0,493.0,0.799383,0.0010141987829614604,0.002231237322515213,0.0012170385395537525,synchronized_peak_current_voltage_drop,0.8200000000095073,0.7400000000001157,3.2620894576029285,147.29503199057044,0.887852899670325,5958,2.345415778251599,0.5700689205513783,7.466666666666667,-34.659574468085104,69.0,2.203284,7,282,60.0,120.0,114.0,120.0,124.0,148.0,147.0,147.0,45.861843,119.975389,157821.008624,1992,363,593,//qar7000185/GP0_UPLOAD/BOXER/CYLOM\KZ-04-84_CP-13\20230615\can_Tapper17-03-17-09-38-30.pcap.gz
303,2023-03-17 09:39:16.733091,can_tapper17,"rgb(166,86,40)",PG4,125.0,114.0,120.0,8.799999999999999,90.0,126.0,-0.9373337499253179,1500,-35.019999999991406,-5.019999999991406,95.0,2.0,495.0,493.0,0.799383,0.0010141987829614604,0.002231237322515213,0.0012170385395537525,synchronized_peak_current_voltage_drop,0.8200000000095073,0.7400000000001157,3.2620894576029285,147.29503199057044,0.887852899670325,5958,2.345415778251599,0.5700689205513783,7.466666666666667,-34.659574468085104,69.0,2.203284,7,282,60.0,120.0,114.0,120.0,124.0,148.0,147.0,147.0,45.861843,119.975389,157821.008624,1992,363,593,//qar7000185/GP0_UPLOAD/BOXER/CYLOM\KZ-04-84_CP-13\20230615\can_Tapper17-03-17-09-38-30.pcap.gz
304,2023-03-17 12:03:14.004642,can_tapper17,"rgb(247,129,191)",PG1_est,124.0,115.0,120.0,7.258064516129033,78.00000000000004,125.0,-2.217155893582424,819,-21.379999999993963,-5.019999999991406,90.0,-2.5,494.0,496.5,0.696381,0.0008056394763343404,0.0018126888217522659,0.0010070493454179255,synchronized_peak_current_voltage_drop,0.5000000000094573,0.020000000000003126,3.2620894576029285,142.21331983481446,0.8615205148656415,5974,6.504065040650406,0.71966506621797,9.891666666666667,-26.96330275229358,-3.0,,7,327,60.0,120.0,116.0,123.0,140.0,142.0,141.0,142.0,19.390791,119.949228,8637.271551,1674,377,498,//qar7000185/GP0_UPLOAD/BOXER/CYLOM\KZ-04-84_CP-13\20230615\can_Tapper17-03-17-12-02-54.pcap.gz
304,2023-03-17 12:03:14.004642,can_tapper17,"rgb(247,129,191)",PG2,125.0,115.0,120.0,8.0,90.0,125.0,-5.8623567777357835,819,-21.379999999993963,-5.019999999991406,90.0,-2.5,494.0,496.5,0.696381,0.0010070493454179255,0.002014098690835851,0.0010070493454179255,synchronized_peak_current_voltage_drop,0.760000000009498,0.5000000000000782,3.2620894576029285,142.89976674857195,0.8828055984025512,5961,1.9189765458422174,0.8368618836206018,9.891666666666667,-26.96330275229358,-3.0,,7,327,60.0,120.0,115.0,123.0,129.0,144.0,143.0,143.0,19.390791,119.949228,8637.271551,1674,377,498,//qar7000185/GP0_UPLOAD/BOXER/CYLOM\KZ-04-84_CP-13\20230615\can_Tapper17-03-17-12-02-54.pcap.gz
304,2023-03-17 12:03:14.004642,can_tapper17,"rgb(247,129,191)",PG3_est,126.0,116.0,121.0,7.936507936507936,95.0,126.0,-5.675809868068803,819,-21.379999999993963,-5.019999999991406,95.0,-2.5,494.0,496.5,0.696381,0.0010070493454179255,0.002014098690835851,0.0010070493454179255,synchronized_peak_current_voltage_drop,0.760000000009498,0.5000000000000782,3.2620894576029285,143.94561696806676,0.8768235240250747,5961,2.4390243902439024,0.7339255585379623,9.891666666666667,-26.96330275229358,-3.0,,7,327,60.0,120.0,116.0,124.0,128.0,145.0,144.0,144.0,19.390791,119.949228,8637.271551,1674,377,498,//qar7000185/GP0_UPLOAD/BOXER/CYLOM\KZ-04-84_CP-13\20230615\can_Tapper17-03-17-12-02-54.pcap.gz
304,2023-03-17 12:03:14.004642,can_tapper17,"rgb(247,129,191)",PG4,126.0,116.0,121.0,7.936507936507936,95.0,126.0,-5.675809868068803,819,-21.379999999993963,-5.019999999991406,95.0,-2.5,494.0,496.5,0.696381,0.0010070493454179255,0.002014098690835851,0.0010070493454179255,synchronized_peak_current_voltage_drop,0.760000000009498,0.5000000000000782,3.2620894576029285,143.94561696806676,0.8768235240250747,5961,2.4390243902439024,0.7339255585379623,9.891666666666667,-26.96330275229358,-3.0,,7,327,60.0,120.0,116.0,124.0,128.0,145.0,144.0,144.0,19.390791,119.949228,8637.271551,1674,377,498,//qar7000185/GP0_UPLOAD/BOXER/CYLOM\KZ-04-84_CP-13\20230615\can_Tapper17-03-17-12-02-54.pcap.gz
305,2023-03-21 11:03:33.328666,can_tapper17,"rgb(153,153,153)",PG1_est,133.0,116.0,121.0,12.781954887218044,100.0,133.0,-0.8758137225837249,1500,-35.019999999991406,-5.019999999991406,100.0,13.5,228.0,214.5,0.788734,0.005594405594405594,0.007925407925407925,0.005594405594405594,synchronized_peak_current_voltage_drop,1.2000000000095667,0.5200000000000813,119.99999999999996,124.96562040713901,0.4746077873482438,5939,11.11111111111111,0.9495733009454294,15.3,0.22404371584699453,18.0,2.793363,7,183,60.0,120.0,121.0,130.0,140.0,144.0,143.0,143.0,59.956817,119.955107,342019.324024,2160,291,426,//qar7000185/GP0_UPLOAD/BOXER/CYLOM\KZ-04-84_CP-13\20230615\can_Tapper17-03-21-10-12-15.pcap.gz
305,2023-03-21 11:03:33.328666,can_tapper17,"rgb(153,153,153)",PG2,133.0,121.0,121.0,9.022556390977442,100.0,133.0,-1.906560847359839,1500,-35.019999999991406,-5.019999999991406,100.0,13.5,228.0,214.5,0.788734,0.005594405594405594,0.005594405594405594,0.005594405594405594,synchronized_peak_current_voltage_drop,0.7000000000094886,1.0000000000001563,119.99999999999996,128.80464460479314,0.3154336788940617,5964,7.2796934865900385,0.8782711453900093,15.3,0.22404371584699453,18.0,2.793363,7,183,60.0,120.0,121.0,129.0,140.0,143.0,143.0,143.0,59.956817,119.955107,342019.324024,2160,291,426,//qar7000185/GP0_UPLOAD/BOXER/CYLOM\KZ-04-84_CP-13\20230615\can_Tapper17-03-21-10-12-15.pcap.gz
305,2023-03-21 11:03:33.328666,can_tapper17,"rgb(153,153,153)",PG3_est,134.0,122.0,128.0,8.955223880597014,100.0,134.0,-0.1651111844937677,1500,-35.019999999991406,-5.019999999991406,100.0,13.5,228.0,214.5,0.788734,0.002797202797202797,0.005594405594405594,0.002797202797202797,synchronized_peak_current_voltage_drop,0.8000000000095042,0.7400000000001157,119.99999999999996,126.4133597808684,0.38128067423812206,5959,2.8112449799196786,0.7779655718738394,15.3,0.22404371584699453,18.0,2.793363,7,183,60.0,120.0,122.0,130.0,139.0,145.0,146.0,146.0,59.956817,119.955107,342019.324024,2160,291,426,//qar7000185/GP0_UPLOAD/BOXER/CYLOM\KZ-04-84_CP-13\20230615\can_Tapper17-03-21-10-12-15.pcap.gz
305,2023-03-21 11:03:33.328666,can_tapper17,"rgb(153,153,153)",PG4,134.0,122.0,128.0,8.955223880597014,100.0,134.0,-0.1651111844937677,1500,-35.019999999991406,-5.019999999991406,100.0,13.5,228.0,214.5,0.788734,0.002797202797202797,0.005594405594405594,0.002797202797202797,synchronized_peak_current_voltage_drop,0.8000000000095042,0.7400000000001157,119.99999999999996,126.4133597808684,0.38128067423812206,5959,2.8112449799196786,0.7779655718738394,15.3,0.22404371584699453,18.0,2.793363,7,183,60.0,120.0,122.0,130.0,139.0,145.0,146.0,146.0,59.956817,119.955107,342019.324024,2160,291,426,//qar7000185/GP0_UPLOAD/BOXER/CYLOM\KZ-04-84_CP-13\20230615\can_Tapper17-03-21-10-12-15.pcap.gz
306,2023-03-22 09:01:56.263275,can_tapper17,"rgb(228,26,28)",PG1_est,125.0,117.0,126.0,6.4,90.0,126.0,-1.518382897058842,1500,-35.019999999991406,-5.019999999991406,95.0,0.0,187.0,187.0,0.902034,,0.0042780748663101605,,synchronized_peak_current_voltage_drop,0.760000000009498,0.14000000000002188,3.2620894576029285,142.7614704620196,0.8183803149288266,5961,5.439330543933054,1.3024183714159105,15.15,-12.92436974789916,-7.0,,6,238,60.0,120.0,118.0,124.0,148.0,144.0,142.0,142.0,59.887684,119.905751,79102.934609,2158,357,450,//qar7000185/GP0_UPLOAD/BOXER/CYLOM\KZ-04-84_CP-13\20230615\can_Tapper17-03-22-08-55-57.pcap.gz
306,2023-03-22 09:01:56.263275,can_tapper17,"rgb(228,26,28)",PG2,125.0,116.0,116.0,7.199999999999999,90.0,125.0,-1.4093428485964956,1500,-35.019999999991406,-5.019999999991406,90.0,0.0,187.0,187.0,0.902034,0.004812834224598931,0.004812834224598931,0.004812834224598931,synchronized_peak_current_voltage_drop,0.9000000000095199,0.5000000000000782,2.892719705486028,142.50408203917667,0.8676126755544162,5954,4.602510460251046,1.0399548909934366,15.15,-12.92436974789916,-7.0,,6,238,60.0,120.0,116.0,123.0,132.0,144.0,143.0,143.0,59.887684,119.905751,79102.934609,2158,357,450,//qar7000185/GP0_UPLOAD/BOXER/CYLOM\KZ-04-84_CP-13\20230615\can_Tapper17-03-22-08-55-57.pcap.gz
306,2023-03-22 09:01:56.263275,can_tapper17,"rgb(228,26,28)",PG3_est,126.0,118.0,118.0,6.349206349206349,95.0,127.0,-2.801459022869469,1500,-35.019999999991406,-5.019999999991406,100.0,0.0,187.0,187.0,0.902034,0.0042780748663101605,0.0042780748663101605,0.004812834224598931,synchronized_peak_current_voltage_drop,0.8800000000095167,0.5000000000000782,2.892719705486028,144.6635145708029,0.7843107076624292,5955,1.2552301255230125,0.5584180723994577,15.15,-12.92436974789916,-7.0,,6,238,60.0,120.0,118.0,124.0,132.0,147.0,143.0,144.0,59.887684,119.905751,79102.934609,2158,357,450,//qar7000185/GP0_UPLOAD/BOXER/CYLOM\KZ-04-84_CP-13\20230615\can_Tapper17-03-22-08-55-57.pcap.gz
306,2023-03-22 09:01:56.263275,can_tapper17,"rgb(228,26,28)",PG4,126.0,118.0,118.0,6.349206349206349,95.0,127.0,-2.801459022869469,1500,-35.019999999991406,-5.019999999991406,100.0,0.0,187.0,187.0,0.902034,0.0042780748663101605,0.0042780748663101605,0.004812834224598931,synchronized_peak_current_voltage_drop,0.8800000000095167,0.5000000000000782,2.892719705486028,144.6635145708029,0.7843107076624292,5955,1.2552301255230125,0.5584180723994577,15.15,-12.92436974789916,-7.0,,6,238,60.0,120.0,118.0,124.0,132.0,147.0,143.0,144.0,59.887684,119.905751,79102.934609,2158,357,450,//qar7000185/GP0_UPLOAD/BOXER/CYLOM\KZ-04-84_CP-13\20230615\can_Tapper17-03-22-08-55-57.pcap.gz
307,2023-03-22 10:04:34.450669,can_tapper17,"rgb(55,126,184)",PG1_est,123.0,123.0,124.0,0.0,68.33333333333339,124.0,-0.3086668038519045,1500,-35.019999999991406,-5.019999999991406,78.00000000000004,-9.0,-7.0,2.0,0.435081,,,,synchronized_peak_current_voltage_drop,9.379164112033322e-12,0.020000000000003126,36.08162758099249,146.24804739746077,0.7466210369883575,5999,1.0060362173038229,0.552713873603064,15.05,-10.464788732394366,354.0,26.048323,4,213,60.0,120.0,124.0,123.0,124.0,123.0,123.0,143.0,59.979625,119.821873,3758.187394,2158,274,653,//qar7000185/GP0_UPLOAD/BOXER/CYLOM\KZ-04-84_CP-13\20230615\can_Tapper17-03-22-09-55-57.pcap.gz
307,2023-03-22 10:04:34.450669,can_tapper17,"rgb(55,126,184)",PG2,124.0,124.0,124.0,0.0,78.00000000000004,124.0,-8.843540243896139e-14,1500,-35.019999999991406,-5.019999999991406,78.00000000000004,-9.0,-7.0,2.0,0.435081,,,,synchronized_peak_current_voltage_drop,9.379164112033322e-12,0.020000000000003126,31.996067694060745,144.31912614457985,0.7206674661785144,5999,0.40160642570281124,0.3515066301422996,15.05,-10.464788732394366,354.0,26.048323,4,213,60.0,120.0,124.0,124.0,124.0,124.0,122.0,142.0,59.979625,119.821873,3758.187394,2158,274,653,//qar7000185/GP0_UPLOAD/BOXER/CYLOM\KZ-04-84_CP-13\20230615\can_Tapper17-03-22-09-55-57.pcap.gz
307,2023-03-22 10:04:34.450669,can_tapper17,"rgb(55,126,184)",PG3_est,125.0,125.0,125.0,0.0,90.0,125.0,4.156167692041187e-14,1500,-35.019999999991406,-5.019999999991406,90.0,-9.0,-7.0,2.0,0.435081,,,,synchronized_peak_current_voltage_drop,9.379164112033322e-12,0.020000000000003126,25.160402341872658,143.1501222982294,0.6139614014275051,5999,0.6036217303822937,0.4521102518726818,15.05,-10.464788732394366,354.0,26.048323,4,213,60.0,120.0,125.0,125.0,125.0,125.0,124.0,143.0,59.979625,119.821873,3758.187394,2158,274,653,//qar7000185/GP0_UPLOAD/BOXER/CYLOM\KZ-04-84_CP-13\20230615\can_Tapper17-03-22-09-55-57.pcap.gz
307,2023-03-22 10:04:34.450669,can_tapper17,"rgb(55,126,184)",PG4,125.0,125.0,125.0,0.0,90.0,125.0,4.156167692041187e-14,1500,-35.019999999991406,-5.019999999991406,90.0,-9.0,-7.0,2.0,0.435081,,,,synchronized_peak_current_voltage_drop,9.379164112033322e-12,0.020000000000003126,25.160402341872658,143.1501222982294,0.6139614014275051,5999,0.6036217303822937,0.4521102518726818,15.05,-10.464788732394366,354.0,26.048323,4,213,60.0,120.0,125.0,125.0,125.0,125.0,124.0,143.0,59.979625,119.821873,3758.187394,2158,274,653,//qar7000185/GP0_UPLOAD/BOXER/CYLOM\KZ-04-84_CP-13\20230615\can_Tapper17-03-22-09-55-57.pcap.gz
308,2023-03-22 10:05:01.558971,can_tapper17,"rgb(77,175,74)",PG1_est,123.0,110.0,117.0,10.569105691056912,68.33333333333339,124.0,-2.177236523215669,1500,-35.019999999991406,-5.019999999991406,78.00000000000004,-8.0,354.0,362.0,0.441262,0.0016574585635359116,0.0035911602209944752,0.0019337016574585634,synchronized_peak_current_voltage_drop,0.5600000000094667,0.5000000000000782,2.565174071178317,142.99969846772953,0.8830083960055064,5971,5.172413793103448,1.9295910301252441,15.125,-16.90222222222222,-7.0,,7,225,60.0,120.0,113.0,118.0,143.0,142.0,142.0,143.0,59.864607,119.969297,27.108302,2160,300,703,//qar7000185/GP0_UPLOAD/BOXER/CYLOM\KZ-04-84_CP-13\20230615\can_Tapper17-03-22-09-55-57.pcap.gz
308,2023-03-22 10:05:01.558971,can_tapper17,"rgb(77,175,74)",PG2,124.0,110.0,117.0,11.29032258064516,78.00000000000004,124.0,-8.843540243896139e-14,1500,-35.019999999991406,-5.019999999991406,78.00000000000004,-8.0,354.0,362.0,0.441262,0.0019337016574585634,0.003867403314917127,0.0019337016574585634,synchronized_peak_current_voltage_drop,0.5600000000094667,1.0000000000001563,2.27471676670449,142.0947718874511,0.8658513663423033,5971,5.172413793103448,1.513153572240069,15.125,-16.90222222222222,-7.0,,7,225,60.0,120.0,114.0,119.0,144.0,142.0,142.0,142.0,59.864607,119.969297,27.108302,2160,300,703,//qar7000185/GP0_UPLOAD/BOXER/CYLOM\KZ-04-84_CP-13\20230615\can_Tapper17-03-22-09-55-57.pcap.gz
308,2023-03-22 10:05:01.558971,can_tapper17,"rgb(77,175,74)",PG3_est,125.0,118.0,122.0,5.6000000000000005,90.0,125.0,4.156167692041187e-14,1500,-35.019999999991406,-5.019999999991406,90.0,-8.0,354.0,362.0,0.441262,0.0008287292817679558,0.0019337016574585634,0.0008287292817679558,synchronized_peak_current_voltage_drop,0.8200000000095073,0.5000000000000782,1.7887444673306678,141.8447787468769,0.5491780654877861,5958,5.172413793103448,1.7213723011826563,15.125,-16.90222222222222,-7.0,,7,225,60.0,120.0,118.0,123.0,146.0,146.0,143.0,142.0,59.864607,119.969297,27.108302,2160,300,703,//qar7000185/GP0_UPLOAD/BOXER/CYLOM\KZ-04-84_CP-13\20230615\can_Tapper17-03-22-09-55-57.pcap.gz
308,2023-03-22 10:05:01.558971,can_tapper17,"rgb(77,175,74)",PG4,125.0,118.0,122.0,5.6000000000000005,90.0,125.0,4.156167692041187e-14,1500,-35.019999999991406,-5.019999999991406,90.0,-8.0,354.0,362.0,0.441262,0.0008287292817679558,0.0019337016574585634,0.0008287292817679558,synchronized_peak_current_voltage_drop,0.8200000000095073,0.5000000000000782,1.7887444673306678,141.8447787468769,0.5491780654877861,5958,5.172413793103448,1.7213723011826563,15.125,-16.90222222222222,-7.0,,7,225,60.0,120.0,118.0,123.0,146.0,146.0,143.0,142.0,59.864607,119.969297,27.108302,2160,300,703,//qar7000185/GP0_UPLOAD/BOXER/CYLOM\KZ-04-84_CP-13\20230615\can_Tapper17-03-22-09-55-57.pcap.gz
309,2023-04-11 07:50:00.110685,can_tapper17,"rgb(152,78,163)",PG1_est,121.0,105.0,114.0,13.223140495867769,52.857142857142826,122.0,-4.085779593678959,1500,-35.019999999991406,-5.019999999991406,60.0,0.0,482.0,482.0,0.89905,0.0014522821576763484,0.003319502074688797,0.0016597510373443985,synchronized_peak_current_voltage_drop,0.8800000000095167,0.5000000000000782,3.678623825607137,143.90746883471846,0.8867397701069696,5955,11.20507399577167,0.869706056457841,12.95,-30.424242424242426,10.0,2.401127,6,297,60.0,120.0,114.0,121.0,127.0,144.0,143.0,143.0,48.504238,119.814725,1719898.551714,2022,403,358,//qar7000185/GP0_UPLOAD/BOXER/CYLOM\KZ-04-84_CP-13\20230615\can_Tapper17-04-11-07-49-11.pcap.gz
309,2023-04-11 07:50:00.110685,can_tapper17,"rgb(152,78,163)",PG2,122.0,113.0,113.0,7.377049180327869,60.0,122.0,-0.18932452858860366,1500,-35.019999999991406,-5.019999999991406,60.0,0.0,482.0,482.0,0.89905,0.0018672199170124482,0.0018672199170124482,0.0018672199170124482,synchronized_peak_current_voltage_drop,0.9000000000095199,0.5000000000000782,3.2620894576029285,142.43671848209507,0.8711523778305329,5954,4.439746300211416,0.5002441665845173,12.95,-30.424242424242426,10.0,2.401127,6,297,60.0,120.0,113.0,120.0,128.0,143.0,143.0,143.0,48.504238,119.814725,1719898.551714,2022,403,358,//qar7000185/GP0_UPLOAD/BOXER/CYLOM\KZ-04-84_CP-13\20230615\can_Tapper17-04-11-07-49-11.pcap.gz
309,2023-04-11 07:50:00.110685,can_tapper17,"rgb(152,78,163)",PG3_est,123.0,114.0,123.0,7.317073170731707,68.33333333333339,123.0,-0.34044459575298486,1500,-35.019999999991406,-5.019999999991406,68.33333333333339,0.0,482.0,482.0,0.89905,,0.0018672199170124482,,synchronized_peak_current_voltage_drop,0.920000000009523,0.5000000000000782,2.892719705486028,144.44183093409654,0.8187598103376924,5953,4.016913319238901,0.5539186677265019,12.95,-30.424242424242426,10.0,2.401127,6,297,60.0,120.0,114.0,121.0,132.0,147.0,145.0,145.0,48.504238,119.814725,1719898.551714,2022,403,358,//qar7000185/GP0_UPLOAD/BOXER/CYLOM\KZ-04-84_CP-13\20230615\can_Tapper17-04-11-07-49-11.pcap.gz
309,2023-04-11 07:50:00.110685,can_tapper17,"rgb(152,78,163)",PG4,123.0,114.0,123.0,7.317073170731707,68.33333333333339,123.0,-0.34044459575298486,1500,-35.019999999991406,-5.019999999991406,68.33333333333339,0.0,482.0,482.0,0.89905,,0.0018672199170124482,,synchronized_peak_current_voltage_drop,0.920000000009523,0.5000000000000782,2.892719705486028,144.44183093409654,0.8187598103376924,5953,4.016913319238901,0.5539186677265019,12.95,-30.424242424242426,10.0,2.401127,6,297,60.0,120.0,114.0,121.0,132.0,147.0,145.0,145.0,48.504238,119.814725,1719898.551714,2022,403,358,//qar7000185/GP0_UPLOAD/BOXER/CYLOM\KZ-04-84_CP-13\20230615\can_Tapper17-04-11-07-49-11.pcap.gz
310,2023-04-11 10:08:51.575253,can_tapper17,"rgb(255,127,0)",PG1_est,123.0,112.0,117.0,8.94308943089431,68.33333333333339,123.0,-1.0924182632966337,1500,-35.019999999991406,-5.019999999991406,68.33333333333339,0.0,305.0,305.0,1.024546,0.0019672131147540984,0.0036065573770491808,0.0019672131147540984,synchronized_peak_current_voltage_drop,0.44000000000944794,0.5000000000000782,3.2620894576029285,142.98382680360237,0.8600432781392915,5977,5.084745762711864,1.29546241049807,11.4,-24.574912891986063,-4.0,,7,287,60.0,120.0,117.0,122.0,133.0,144.0,142.0,142.0,38.205336,119.870225,8331.464568,1899,353,351,//qar7000185/GP0_UPLOAD/BOXER/CYLOM\KZ-04-84_CP-13\20230615\can_Tapper17-04-11-10-08-13.pcap.gz
310,2023-04-11 10:08:51.575253,can_tapper17,"rgb(255,127,0)",PG2,123.0,114.0,116.0,7.317073170731707,68.33333333333339,123.0,-2.0611120271604415,1500,-35.019999999991406,-5.019999999991406,68.33333333333339,0.0,305.0,305.0,1.024546,0.0022950819672131148,0.0029508196721311475,0.0022950819672131148,synchronized_peak_current_voltage_drop,0.44000000000944794,1.0000000000001563,3.2620894576029285,142.2951114056794,0.8445319235619168,5977,3.389830508474576,1.1810398887366698,11.4,-24.574912891986063,-4.0,,7,287,60.0,120.0,116.0,121.0,135.0,143.0,143.0,143.0,38.205336,119.870225,8331.464568,1899,353,351,//qar7000185/GP0_UPLOAD/BOXER/CYLOM\KZ-04-84_CP-13\20230615\can_Tapper17-04-11-10-08-13.pcap.gz
310,2023-04-11 10:08:51.575253,can_tapper17,"rgb(255,127,0)",PG3_est,124.0,117.0,117.0,5.64516129032258,78.00000000000004,124.0,-2.009183115192235,1500,-35.019999999991406,-5.019999999991406,78.00000000000004,0.0,305.0,305.0,1.024546,0.0022950819672131148,0.0022950819672131148,0.0022950819672131148,synchronized_peak_current_voltage_drop,0.9600000000095292,0.24000000000003752,2.565174071178317,142.5123838165564,0.6926790467373107,5951,4.237288135593221,1.1790092634894531,11.4,-24.574912891986063,-4.0,,7,287,60.0,120.0,117.0,122.0,134.0,146.0,144.0,142.0,38.205336,119.870225,8331.464568,1899,353,351,//qar7000185/GP0_UPLOAD/BOXER/CYLOM\KZ-04-84_CP-13\20230615\can_Tapper17-04-11-10-08-13.pcap.gz
310,2023-04-11 10:08:51.575253,can_tapper17,"rgb(255,127,0)",PG4,124.0,117.0,117.0,5.64516129032258,78.00000000000004,124.0,-2.009183115192235,1500,-35.019999999991406,-5.019999999991406,78.00000000000004,0.0,305.0,305.0,1.024546,0.0022950819672131148,0.0022950819672131148,0.0022950819672131148,synchronized_peak_current_voltage_drop,0.9600000000095292,0.24000000000003752,2.565174071178317,142.5123838165564,0.6926790467373107,5951,4.237288135593221,1.1790092634894531,11.4,-24.574912891986063,-4.0,,7,287,60.0,120.0,117.0,122.0,134.0,146.0,144.0,142.0,38.205336,119.870225,8331.464568,1899,353,351,//qar7000185/GP0_UPLOAD/BOXER/CYLOM\KZ-04-84_CP-13\20230615\can_Tapper17-04-11-10-08-13.pcap.gz
311,2023-04-13 17:35:45.776033,can_tapper17,"rgb(255,255,51)",PG1_est,125.0,116.0,116.0,7.199999999999999,90.0,125.0,-2.44067196467161,1106,-27.11999999999486,-5.019999999991406,90.0,4.0,490.0,486.0,0.598853,0.001851851851851852,0.001851851851851852,0.001851851851851852,synchronized_peak_current_voltage_drop,0.5000000000094573,0.5000000000000782,3.2620894576029285,142.05043697037712,0.8529271173288479,4057,1.9027484143763214,0.6401884608201766,11.633333333333333,-19.607843137254903,28.0,2.002934,7,204,60.0,120.0,119.0,123.0,131.0,143.0,142.0,142.0,25.137028,79.672605,199614.20078,1260,255,369,//qar7000185/GP0_UPLOAD/BOXER/CYLOM\KZ-04-84_CP-13\20230615\can_Tapper17-04-13-17-35-20.pcap.gz
311,2023-04-13 17:35:45.776033,can_tapper17,"rgb(255,255,51)",PG2,125.0,115.0,115.0,8.0,90.0,125.0,-2.0535030614392786,1106,-27.11999999999486,-5.019999999991406,90.0,4.0,490.0,486.0,0.598853,0.00205761316872428,0.00205761316872428,0.00205761316872428,synchronized_peak_current_voltage_drop,0.5000000000094573,1.0000000000001563,3.2620894576029285,144.0925981405461,0.9000673451383385,4058,2.748414376321353,0.5768971595970372,11.633333333333333,-19.607843137254903,28.0,2.002934,7,204,60.0,120.0,118.0,123.0,132.0,144.0,144.0,144.0,25.137028,79.672605,199614.20078,1260,255,369,//qar7000185/GP0_UPLOAD/BOXER/CYLOM\KZ-04-84_CP-13\20230615\can_Tapper17-04-13-17-35-20.pcap.gz
311,2023-04-13 17:35:45.776033,can_tapper17,"rgb(255,255,51)",PG3_est,126.0,115.0,115.0,8.73015873015873,95.0,126.0,-4.172687353770678,1106,-27.11999999999486,-5.019999999991406,95.0,4.0,490.0,486.0,0.598853,0.002263374485596708,0.002263374485596708,0.002263374485596708,synchronized_peak_current_voltage_drop,0.5200000000094605,1.0000000000001563,2.565174071178317,142.85763848672846,0.7634879171835205,4057,2.3255813953488373,0.5296032863313844,11.633333333333333,-19.607843137254903,28.0,2.002934,7,204,60.0,120.0,117.0,121.0,130.0,146.0,143.0,142.0,25.137028,79.672605,199614.20078,1260,255,369,//qar7000185/GP0_UPLOAD/BOXER/CYLOM\KZ-04-84_CP-13\20230615\can_Tapper17-04-13-17-35-20.pcap.gz
311,2023-04-13 17:35:45.776033,can_tapper17,"rgb(255,255,51)",PG4,126.0,115.0,115.0,8.73015873015873,95.0,126.0,-4.172687353770678,1106,-27.11999999999486,-5.019999999991406,95.0,4.0,490.0,486.0,0.598853,0.002263374485596708,0.002263374485596708,0.002263374485596708,synchronized_peak_current_voltage_drop,0.5200000000094605,1.0000000000001563,2.565174071178317,142.85763848672846,0.7634879171835205,4057,2.3255813953488373,0.5296032863313844,11.633333333333333,-19.607843137254903,28.0,2.002934,7,204,60.0,120.0,117.0,121.0,130.0,146.0,143.0,142.0,25.137028,79.672605,199614.20078,1260,255,369,//qar7000185/GP0_UPLOAD/BOXER/CYLOM\KZ-04-84_CP-13\20230615\can_Tapper17-04-13-17-35-20.pcap.gz
312,2023-04-13 17:38:10.909941,can_tapper17,"rgb(166,86,40)",PG1_est,127.0,118.0,122.0,7.086614173228346,100.0,127.0,-9.233934724392786e-13,202,-9.039999999992034,-5.019999999991406,100.0,0.0,411.0,411.0,0.781068,0.0012165450121654502,0.0021897810218978104,0.0012165450121654502,synchronized_peak_current_voltage_drop,0.5800000000094698,0.020000000000003126,3.2620894576029285,143.14031685421267,0.8605686323798867,2596,5.788423153692615,1.0328961863711288,11.65,-20.888059701492537,-4.0,,8,134,60.0,120.0,118.0,124.0,133.0,144.0,142.0,,7.05752,50.748644,145.133908,695,147,215,//qar7000185/GP0_UPLOAD/BOXER/CYLOM\KZ-04-84_CP-13\20230615\can_Tapper17-04-13-17-38-03.pcap.gz
312,2023-04-13 17:38:10.909941,can_tapper17,"rgb(166,86,40)",PG2,127.0,118.0,123.0,7.086614173228346,100.0,127.0,-9.233934724392786e-13,202,-9.039999999992034,-5.019999999991406,100.0,0.0,411.0,411.0,0.781068,0.0009732360097323601,0.0021897810218978104,0.0009732360097323601,synchronized_peak_current_voltage_drop,0.8400000000095105,0.5000000000000782,2.892719705486028,143.2413559950432,0.8494693129738453,2583,1.8633540372670807,0.5323255602635687,11.65,-20.888059701492537,-4.0,,8,134,60.0,120.0,118.0,125.0,134.0,144.0,144.0,,7.05752,50.748644,145.133908,695,147,215,//qar7000185/GP0_UPLOAD/BOXER/CYLOM\KZ-04-84_CP-13\20230615\can_Tapper17-04-13-17-38-03.pcap.gz
312,2023-04-13 17:38:10.909941,can_tapper17,"rgb(166,86,40)",PG3_est,128.0,119.0,119.0,7.03125,100.0,128.0,-9.331552736116332e-13,202,-9.039999999992034,-5.019999999991406,100.0,0.0,411.0,411.0,0.781068,0.0021897810218978104,0.0021897810218978104,0.0021897810218978104,synchronized_peak_current_voltage_drop,0.600000000009473,0.7400000000001157,2.565174071178317,142.5010276920132,0.7241688908948483,2607,2.1956087824351296,0.7091770452988894,11.65,-20.888059701492537,-4.0,,8,134,60.0,120.0,119.0,126.0,141.0,147.0,142.0,,7.05752,50.748644,145.133908,695,147,215,//qar7000185/GP0_UPLOAD/BOXER/CYLOM\KZ-04-84_CP-13\20230615\can_Tapper17-04-13-17-38-03.pcap.gz
312,2023-04-13 17:38:10.909941,can_tapper17,"rgb(166,86,40)",PG4,128.0,119.0,119.0,7.03125,100.0,128.0,-9.331552736116332e-13,202,-9.039999999992034,-5.019999999991406,100.0,0.0,411.0,411.0,0.781068,0.0021897810218978104,0.0021897810218978104,0.0021897810218978104,synchronized_peak_current_voltage_drop,0.600000000009473,0.7400000000001157,2.565174071178317,142.5010276920132,0.7241688908948483,2607,2.1956087824351296,0.7091770452988894,11.65,-20.888059701492537,-4.0,,8,134,60.0,120.0,119.0,126.0,141.0,147.0,142.0,,7.05752,50.748644,145.133908,695,147,215,//qar7000185/GP0_UPLOAD/BOXER/CYLOM\KZ-04-84_CP-13\20230615\can_Tapper17-04-13-17-38-03.pcap.gz
313,2023-04-13 17:40:54.389642,can_tapper17,"rgb(247,129,191)",PG1_est,127.0,119.0,123.0,6.299212598425196,100.0,127.0,-5.407492706645196e-13,152,-8.039999999991878,-5.019999999991406,100.0,0.0,418.0,418.0,0.77503,0.0009569377990430622,0.0019138755980861245,0.0009569377990430622,synchronized_peak_current_voltage_drop,0.5800000000094698,0.020000000000003126,4.148345232772487,144.74348164544526,0.8030293674273903,5970,5.179282868525896,0.8534148665624275,11.55,-17.801948051948052,-5.0,,7,308,60.0,120.0,119.0,125.0,133.0,143.0,142.0,145.0,6.051189,119.776486,163.479701,1512,324,416,//qar7000185/GP0_UPLOAD/BOXER/CYLOM\KZ-04-84_CP-13\20230615\can_Tapper17-04-13-17-40-47.pcap.gz
313,2023-04-13 17:40:54.389642,can_tapper17,"rgb(247,129,191)",PG2,127.0,118.0,123.0,7.086614173228346,100.0,127.0,-5.407492706645196e-13,152,-8.039999999991878,-5.019999999991406,100.0,0.0,418.0,418.0,0.77503,0.0009569377990430622,0.00215311004784689,0.0009569377990430622,synchronized_peak_current_voltage_drop,0.8400000000095105,0.5000000000000782,2.565174071178317,140.73027756110756,0.6639138551619753,5957,1.6528925619834711,0.6239789114063947,11.55,-17.801948051948052,-5.0,,7,308,60.0,120.0,118.0,124.0,134.0,143.0,143.0,140.0,6.051189,119.776486,163.479701,1512,324,416,//qar7000185/GP0_UPLOAD/BOXER/CYLOM\KZ-04-84_CP-13\20230615\can_Tapper17-04-13-17-40-47.pcap.gz
313,2023-04-13 17:40:54.389642,can_tapper17,"rgb(247,129,191)",PG3_est,128.0,119.0,119.0,7.03125,100.0,128.0,-1.1261324116162815e-12,152,-8.039999999991878,-5.019999999991406,100.0,0.0,418.0,418.0,0.77503,0.00215311004784689,0.00215311004784689,0.00215311004784689,synchronized_peak_current_voltage_drop,0.600000000009473,0.5000000000000782,2.27471676670449,141.07978602901042,0.6405601833352328,5969,1.9920318725099602,0.6807744106858574,11.55,-17.801948051948052,-5.0,,7,308,60.0,120.0,119.0,126.0,141.0,146.0,141.0,141.0,6.051189,119.776486,163.479701,1512,324,416,//qar7000185/GP0_UPLOAD/BOXER/CYLOM\KZ-04-84_CP-13\20230615\can_Tapper17-04-13-17-40-47.pcap.gz
313,2023-04-13 17:40:54.389642,can_tapper17,"rgb(247,129,191)",PG4,128.0,119.0,119.0,7.03125,100.0,128.0,-1.1261324116162815e-12,152,-8.039999999991878,-5.019999999991406,100.0,0.0,418.0,418.0,0.77503,0.00215311004784689,0.00215311004784689,0.00215311004784689,synchronized_peak_current_voltage_drop,0.600000000009473,0.5000000000000782,2.27471676670449,141.07978602901042,0.6405601833352328,5969,1.9920318725099602,0.6807744106858574,11.55,-17.801948051948052,-5.0,,7,308,60.0,120.0,119.0,126.0,141.0,146.0,141.0,141.0,6.051189,119.776486,163.479701,1512,324,416,//qar7000185/GP0_UPLOAD/BOXER/CYLOM\KZ-04-84_CP-13\20230615\can_Tapper17-04-13-17-40-47.pcap.gz
314,2023-06-16 08:02:24.379809,can_tapper17,"rgb(153,153,153)",PG1_est,125.0,111.0,121.0,11.200000000000001,90.0,125.0,1.7417341074375314,1500,-35.019999999991406,-5.019999999991406,90.0,0.0,482.0,482.0,0.721895,0.0008298755186721993,0.0029045643153526968,0.0008298755186721993,synchronized_peak_current_voltage_drop,0.8000000000095042,0.26000000000004064,3.678623825607137,145.862674903999,0.9195876714840349,5959,5.882352941176471,0.6953473365813361,22.008333333333333,-23.68284789644013,81.0,2.225324,7,309,60.0,120.0,116.0,120.0,124.0,144.0,146.0,146.0,59.833948,119.981974,5494889.990167,2158,337,444,//qar7000185/GP0_UPLOAD/BOXER/CYLOM\KZ-04-84_CP-13\20230919\can_Tapper17-06-16-07-18-54.pcap.gz
314,2023-06-16 08:02:24.379809,can_tapper17,"rgb(153,153,153)",PG2,125.0,115.0,120.0,8.0,90.0,126.0,-2.3975921767069135,1500,-35.019999999991406,-5.019999999991406,95.0,0.0,482.0,482.0,0.721895,0.001037344398340249,0.002074688796680498,0.0012448132780082987,synchronized_peak_current_voltage_drop,0.8400000000095105,0.7400000000001157,2.565174071178317,140.3788655900474,0.8343944916223329,5957,3.225806451612903,0.6686618689294153,22.008333333333333,-23.68284789644013,81.0,2.225324,7,309,60.0,120.0,115.0,119.0,133.0,143.0,140.0,140.0,59.833948,119.981974,5494889.990167,2158,337,444,//qar7000185/GP0_UPLOAD/BOXER/CYLOM\KZ-04-84_CP-13\20230919\can_Tapper17-06-16-07-18-54.pcap.gz
314,2023-06-16 08:02:24.379809,can_tapper17,"rgb(153,153,153)",PG3_est,126.0,117.0,117.0,7.142857142857142,95.0,127.0,-0.5199113421826658,1500,-35.019999999991406,-5.019999999991406,100.0,0.0,482.0,482.0,0.721895,0.0018672199170124482,0.0018672199170124482,0.002074688796680498,synchronized_peak_current_voltage_drop,0.5800000000094698,1.0000000000001563,2.892719705486028,144.792072116222,0.7809679234225109,5970,2.231237322515213,0.5399663330583914,22.008333333333333,-23.68284789644013,81.0,2.225324,7,309,60.0,120.0,117.0,120.0,132.0,149.0,145.0,144.0,59.833948,119.981974,5494889.990167,2158,337,444,//qar7000185/GP0_UPLOAD/BOXER/CYLOM\KZ-04-84_CP-13\20230919\can_Tapper17-06-16-07-18-54.pcap.gz
314,2023-06-16 08:02:24.379809,can_tapper17,"rgb(153,153,153)",PG4,126.0,117.0,117.0,7.142857142857142,95.0,127.0,-0.5199113421826658,1500,-35.019999999991406,-5.019999999991406,100.0,0.0,482.0,482.0,0.721895,0.0018672199170124482,0.0018672199170124482,0.002074688796680498,synchronized_peak_current_voltage_drop,0.5800000000094698,1.0000000000001563,2.892719705486028,144.792072116222,0.7809679234225109,5970,2.231237322515213,0.5399663330583914,22.008333333333333,-23.68284789644013,81.0,2.225324,7,309,60.0,120.0,117.0,120.0,132.0,149.0,145.0,144.0,59.833948,119.981974,5494889.990167,2158,337,444,//qar7000185/GP0_UPLOAD/BOXER/CYLOM\KZ-04-84_CP-13\20230919\can_Tapper17-06-16-07-18-54.pcap.gz
315,2023-09-11 09:50:51.906334,can_tapper17,"rgb(228,26,28)",PG1_est,122.0,93.0,123.0,23.770491803278688,60.0,,,0,,,,0.0,154.0,154.0,0.824156,,0.01883116883116883,,synchronized_peak_current_voltage_drop,0.8400000000095105,0.5000000000000782,2.892719705486028,146.22169434065617,0.8053557589096966,5957,14.874141876430206,3.859096919074135,21.55,-101.84814814814816,-53.0,,7,270,60.0,120.0,112.0,120.0,124.0,149.0,148.0,146.0,2.042299,119.797256,7523307.526525,1464,281,363,//qar7000185/GP0_UPLOAD/BOXER/CYLOM\KZ-04-84_CP-13\20230919\can_Tapper17-09-11-09-50-49.pcap.gz
315,2023-09-11 09:50:51.906334,can_tapper17,"rgb(228,26,28)",PG2,115.0,95.0,114.0,17.391304347826086,40.0,,,0,,,,0.0,154.0,154.0,0.824156,0.0006493506493506494,0.012987012987012988,,synchronized_peak_current_voltage_drop,0.8600000000095136,1.0000000000001563,3.678623825607137,140.09104281304215,0.890537756378989,5956,10.91703056768559,5.888436119739854,21.55,-101.84814814814816,-53.0,,7,270,60.0,120.0,95.0,112.0,117.0,138.0,138.0,140.0,2.042299,119.797256,7523307.526525,1464,281,363,//qar7000185/GP0_UPLOAD/BOXER/CYLOM\KZ-04-84_CP-13\20230919\can_Tapper17-09-11-09-50-49.pcap.gz
315,2023-09-11 09:50:51.906334,can_tapper17,"rgb(228,26,28)",PG3_est,121.0,108.0,115.0,10.743801652892563,52.857142857142826,,,0,,,,0.0,154.0,154.0,0.824156,0.003896103896103896,0.008441558441558443,,synchronized_peak_current_voltage_drop,0.8600000000095136,1.260000000000197,3.678623825607137,148.49337957708082,0.9080650879189998,5956,5.2631578947368425,1.6276158027100502,21.55,-101.84814814814816,-53.0,,7,270,60.0,120.0,108.0,114.0,121.0,147.0,147.0,149.0,2.042299,119.797256,7523307.526525,1464,281,363,//qar7000185/GP0_UPLOAD/BOXER/CYLOM\KZ-04-84_CP-13\20230919\can_Tapper17-09-11-09-50-49.pcap.gz
315,2023-09-11 09:50:51.906334,can_tapper17,"rgb(228,26,28)",PG4,121.0,108.0,115.0,10.743801652892563,52.857142857142826,,,0,,,,0.0,154.0,154.0,0.824156,0.003896103896103896,0.008441558441558443,,synchronized_peak_current_voltage_drop,0.8600000000095136,1.260000000000197,3.678623825607137,148.49337957708082,0.9080650879189998,5956,5.2631578947368425,1.6276158027100502,21.55,-101.84814814814816,-53.0,,7,270,60.0,120.0,108.0,114.0,121.0,147.0,147.0,149.0,2.042299,119.797256,7523307.526525,1464,281,363,//qar7000185/GP0_UPLOAD/BOXER/CYLOM\KZ-04-84_CP-13\20230919\can_Tapper17-09-11-09-50-49.pcap.gz
316,2023-09-12 10:07:17.859546,can_tapper17,"rgb(55,126,184)",PG1_est,120.0,107.0,123.0,10.833333333333334,46.24999999999997,120.0,-18.470272827626484,374,-12.479999999992572,-5.019999999991406,46.24999999999997,0.0,419.0,419.0,0.511145,,0.003102625298329356,,synchronized_peak_current_voltage_drop,0.6400000000094792,0.5000000000000782,2.565174071178317,139.53584512583768,0.47619658159319567,5967,5.806451612903226,2.3222569905336794,23.375,-86.02317880794702,12.0,110.458152,7,302,60.0,120.0,107.0,118.0,122.0,143.0,142.0,140.0,10.50214,118.8244,87385.953212,1554,325,478,//qar7000185/GP0_UPLOAD/BOXER/CYLOM\KZ-04-84_CP-13\20230919\can_Tapper17-09-12-10-07-07.pcap.gz
316,2023-09-12 10:07:17.859546,can_tapper17,"rgb(55,126,184)",PG2,121.0,104.0,104.0,14.049586776859504,52.857142857142826,121.0,3.1126833274482173e-13,374,-12.479999999992572,-5.019999999991406,52.857142857142826,0.0,419.0,419.0,0.511145,0.004057279236276849,0.004057279236276849,0.004057279236276849,synchronized_peak_current_voltage_drop,0.4000000000094417,1.0000000000001563,3.678623825607137,143.91111242641907,0.4825635009753384,5979,10.53763440860215,2.6165491161607264,23.375,-86.02317880794702,12.0,110.458152,7,302,60.0,120.0,112.0,119.0,121.0,144.0,144.0,146.0,10.50214,118.8244,87385.953212,1554,325,478,//qar7000185/GP0_UPLOAD/BOXER/CYLOM\KZ-04-84_CP-13\20230919\can_Tapper17-09-12-10-07-07.pcap.gz
316,2023-09-12 10:07:17.859546,can_tapper17,"rgb(55,126,184)",PG3_est,122.0,114.0,119.0,6.557377049180328,60.0,122.0,-1.1905112571028632e-13,374,-12.479999999992572,-5.019999999991406,60.0,0.0,419.0,419.0,0.511145,0.0007159904534606205,0.0019093078758949881,0.0007159904534606205,synchronized_peak_current_voltage_drop,0.9000000000095199,0.5000000000000782,2.892719705486028,143.15948895272825,0.41489222350799704,5954,6.013363028953229,1.5833765948026428,23.375,-86.02317880794702,12.0,110.458152,7,302,60.0,120.0,114.0,120.0,129.0,145.0,144.0,145.0,10.50214,118.8244,87385.953212,1554,325,478,//qar7000185/GP0_UPLOAD/BOXER/CYLOM\KZ-04-84_CP-13\20230919\can_Tapper17-09-12-10-07-07.pcap.gz
316,2023-09-12 10:07:17.859546,can_tapper17,"rgb(55,126,184)",PG4,122.0,114.0,119.0,6.557377049180328,60.0,122.0,-1.1905112571028632e-13,374,-12.479999999992572,-5.019999999991406,60.0,0.0,419.0,419.0,0.511145,0.0007159904534606205,0.0019093078758949881,0.0007159904534606205,synchronized_peak_current_voltage_drop,0.9000000000095199,0.5000000000000782,2.892719705486028,143.15948895272825,0.41489222350799704,5954,6.013363028953229,1.5833765948026428,23.375,-86.02317880794702,12.0,110.458152,7,302,60.0,120.0,114.0,120.0,129.0,145.0,144.0,145.0,10.50214,118.8244,87385.953212,1554,325,478,//qar7000185/GP0_UPLOAD/BOXER/CYLOM\KZ-04-84_CP-13\20230919\can_Tapper17-09-12-10-07-07.pcap.gz
317,2023-09-12 10:46:34.637681,can_tapper17,"rgb(77,175,74)",PG1_est,122.0,101.0,112.0,17.21311475409836,60.0,122.0,-4.0189845231798883e-13,164,-8.279999999991915,-5.019999999991406,60.0,-18.0,292.0,310.0,1.019418,0.0032258064516129032,0.006774193548387097,0.0032258064516129032,synchronized_peak_current_voltage_drop,0.3400000000094323,1.0000000000001563,2.892719705486028,139.50848148441153,0.6057900029496479,2919,12.554112554112555,1.4836469723417705,23.41,-77.36184210526316,13.0,54.861426,7,152,60.0,120.0,112.0,118.0,120.0,143.0,140.0,126.0,6.296626,56.765844,2356.778135,759,175,232,//qar7000185/GP0_UPLOAD/BOXER/CYLOM\KZ-04-84_CP-13\20230919\can_Tapper17-09-12-10-46-28.pcap.gz
317,2023-09-12 10:46:34.637681,can_tapper17,"rgb(77,175,74)",PG2,121.0,111.0,112.0,8.264462809917356,52.857142857142826,121.0,-3.160115892818762e-15,164,-8.279999999991915,-5.019999999991406,52.857142857142826,-18.0,292.0,310.0,1.019418,0.002903225806451613,0.0032258064516129032,0.002903225806451613,synchronized_peak_current_voltage_drop,0.36000000000943544,1.2400000000001938,3.678623825607137,143.26204310593442,0.5958683627256671,2920,4.761904761904762,1.8456969810293855,23.41,-77.36184210526316,13.0,54.861426,7,152,60.0,120.0,112.0,117.0,120.0,144.0,145.0,125.0,6.296626,56.765844,2356.778135,759,175,232,//qar7000185/GP0_UPLOAD/BOXER/CYLOM\KZ-04-84_CP-13\20230919\can_Tapper17-09-12-10-46-28.pcap.gz
317,2023-09-12 10:46:34.637681,can_tapper17,"rgb(77,175,74)",PG3_est,122.0,114.0,114.0,6.557377049180328,60.0,123.0,-36.42212941928108,164,-8.279999999991915,-5.019999999991406,68.33333333333339,-18.0,292.0,310.0,1.019418,0.0025806451612903226,0.0025806451612903226,0.002903225806451613,synchronized_peak_current_voltage_drop,0.8400000000095105,0.5000000000000782,2.892719705486028,142.8228614407578,0.5597546813720657,2895,3.896103896103896,1.547101048697968,23.41,-77.36184210526316,13.0,54.861426,7,152,60.0,120.0,114.0,121.0,121.0,145.0,144.0,127.0,6.296626,56.765844,2356.778135,759,175,232,//qar7000185/GP0_UPLOAD/BOXER/CYLOM\KZ-04-84_CP-13\20230919\can_Tapper17-09-12-10-46-28.pcap.gz
317,2023-09-12 10:46:34.637681,can_tapper17,"rgb(77,175,74)",PG4,122.0,114.0,114.0,6.557377049180328,60.0,123.0,-36.42212941928108,164,-8.279999999991915,-5.019999999991406,68.33333333333339,-18.0,292.0,310.0,1.019418,0.0025806451612903226,0.0025806451612903226,0.002903225806451613,synchronized_peak_current_voltage_drop,0.8400000000095105,0.5000000000000782,2.892719705486028,142.8228614407578,0.5597546813720657,2895,3.896103896103896,1.547101048697968,23.41,-77.36184210526316,13.0,54.861426,7,152,60.0,120.0,114.0,121.0,121.0,145.0,144.0,127.0,6.296626,56.765844,2356.778135,759,175,232,//qar7000185/GP0_UPLOAD/BOXER/CYLOM\KZ-04-84_CP-13\20230919\can_Tapper17-09-12-10-46-28.pcap.gz
318,2023-09-14 07:05:02.953705,can_tapper17,"rgb(152,78,163)",PG1_est,120.0,109.0,109.0,9.166666666666666,46.24999999999997,120.0,-5.121110542496241e-13,272,-10.439999999992253,-5.019999999991406,46.24999999999997,-22.5,480.0,502.5,0.718117,0.0021890547263681594,0.0021890547263681594,0.0021890547263681594,synchronized_peak_current_voltage_drop,0.6800000000094855,0.5000000000000782,3.2620894576029285,141.72448844382933,0.8525411377636148,5965,1.694915254237288,0.7488140337074768,17.61111111111111,-84.32978723404256,24.0,2.122518,8,282,60.0,120.0,109.0,114.0,124.0,142.0,142.0,142.0,8.464792,119.861155,159508.316024,1542,306,377,//qar7000185/GP0_UPLOAD/BOXER/CYLOM\KZ-04-84_CP-13\20230919\can_Tapper17-09-14-07-04-54.pcap.gz
318,2023-09-14 07:05:02.953705,can_tapper17,"rgb(152,78,163)",PG2,120.0,106.0,106.0,11.666666666666666,46.24999999999997,120.0,-5.121110542496241e-13,272,-10.439999999992253,-5.019999999991406,46.24999999999997,-22.5,480.0,502.5,0.718117,0.0027860696517412933,0.0027860696517412933,0.0027860696517412933,synchronized_peak_current_voltage_drop,0.6800000000094855,1.0000000000001563,3.2620894576029285,144.46358504232415,0.8855136639261998,5965,3.416856492027335,1.6946479874095917,17.61111111111111,-84.32978723404256,24.0,2.122518,8,282,60.0,120.0,106.0,114.0,124.0,145.0,143.0,144.0,8.464792,119.861155,159508.316024,1542,306,377,//qar7000185/GP0_UPLOAD/BOXER/CYLOM\KZ-04-84_CP-13\20230919\can_Tapper17-09-14-07-04-54.pcap.gz
318,2023-09-14 07:05:02.953705,can_tapper17,"rgb(152,78,163)",PG3_est,122.0,109.0,109.0,10.655737704918032,60.0,122.0,-2.7907842103627662,272,-10.439999999992253,-5.019999999991406,60.0,-22.5,480.0,502.5,0.718117,0.0025870646766169153,0.0025870646766169153,0.0025870646766169153,synchronized_peak_current_voltage_drop,0.6800000000094855,0.7600000000001188,3.2620894576029285,144.5146552059805,0.8739724585437679,5965,2.050113895216401,1.1316617264938689,17.61111111111111,-84.32978723404256,24.0,2.122518,8,282,60.0,120.0,112.0,116.0,122.0,146.0,144.0,144.0,8.464792,119.861155,159508.316024,1542,306,377,//qar7000185/GP0_UPLOAD/BOXER/CYLOM\KZ-04-84_CP-13\20230919\can_Tapper17-09-14-07-04-54.pcap.gz
318,2023-09-14 07:05:02.953705,can_tapper17,"rgb(152,78,163)",PG4,122.0,109.0,109.0,10.655737704918032,60.0,122.0,-2.7907842103627662,272,-10.439999999992253,-5.019999999991406,60.0,-22.5,480.0,502.5,0.718117,0.0025870646766169153,0.0025870646766169153,0.0025870646766169153,synchronized_peak_current_voltage_drop,0.6800000000094855,0.7600000000001188,3.2620894576029285,144.5146552059805,0.8739724585437679,5965,2.050113895216401,1.1316617264938689,17.61111111111111,-84.32978723404256,24.0,2.122518,8,282,60.0,120.0,112.0,116.0,122.0,146.0,144.0,144.0,8.464792,119.861155,159508.316024,1542,306,377,//qar7000185/GP0_UPLOAD/BOXER/CYLOM\KZ-04-84_CP-13\20230919\can_Tapper17-09-14-07-04-54.pcap.gz
319,2023-09-14 07:27:08.267097,can_tapper17,"rgb(255,127,0)",PG1_est,120.0,96.0,112.0,20.0,46.24999999999997,119.0,1.0270049008911621,1500,-35.019999999991406,-5.019999999991406,40.0,19.0,486.0,467.0,0.642351,0.0017130620985010708,0.005139186295503212,0.0014989293361884367,synchronized_peak_current_voltage_drop,0.7400000000094948,0.7600000000001188,3.2620894576029285,140.73405630457427,0.9017289666391866,5962,7.246376811594203,1.2337178936291602,20.3,-79.68358208955223,27.0,2.045249,8,335,60.0,120.0,111.0,117.0,124.0,142.0,140.0,140.0,59.893328,119.937974,1325.313392,2160,466,512,//qar7000185/GP0_UPLOAD/BOXER/CYLOM\KZ-04-84_CP-13\20230919\can_Tapper17-09-14-07-22-01.pcap.gz
319,2023-09-14 07:27:08.267097,can_tapper17,"rgb(255,127,0)",PG2,118.0,101.0,110.0,14.40677966101695,40.0,120.0,-3.9222239654321096,1500,-35.019999999991406,-5.019999999991406,46.24999999999997,19.0,486.0,467.0,0.642351,0.0017130620985010708,0.003640256959314775,0.0021413276231263384,synchronized_peak_current_voltage_drop,0.760000000009498,1.0000000000001563,3.2620894576029285,145.45266663014334,0.8960179657675645,5961,9.767441860465116,1.9221220551129905,20.3,-79.68358208955223,27.0,2.045249,8,335,60.0,120.0,101.0,116.0,125.0,146.0,146.0,146.0,59.893328,119.937974,1325.313392,2160,466,512,//qar7000185/GP0_UPLOAD/BOXER/CYLOM\KZ-04-84_CP-13\20230919\can_Tapper17-09-14-07-22-01.pcap.gz
319,2023-09-14 07:27:08.267097,can_tapper17,"rgb(255,127,0)",PG3_est,120.0,104.0,104.0,13.333333333333334,46.24999999999997,121.0,-0.6115558273578822,1500,-35.019999999991406,-5.019999999991406,52.857142857142826,19.0,486.0,467.0,0.642351,0.0034261241970021416,0.0034261241970021416,0.003640256959314775,synchronized_peak_current_voltage_drop,0.5000000000094573,1.260000000000197,3.678623825607137,146.34826598005495,0.9084420914251515,5974,3.255813953488372,1.1242051337011756,20.3,-79.68358208955223,27.0,2.045249,8,335,60.0,120.0,111.0,117.0,123.0,147.0,146.0,147.0,59.893328,119.937974,1325.313392,2160,466,512,//qar7000185/GP0_UPLOAD/BOXER/CYLOM\KZ-04-84_CP-13\20230919\can_Tapper17-09-14-07-22-01.pcap.gz
319,2023-09-14 07:27:08.267097,can_tapper17,"rgb(255,127,0)",PG4,120.0,104.0,104.0,13.333333333333334,46.24999999999997,121.0,-0.6115558273578822,1500,-35.019999999991406,-5.019999999991406,52.857142857142826,19.0,486.0,467.0,0.642351,0.0034261241970021416,0.0034261241970021416,0.003640256959314775,synchronized_peak_current_voltage_drop,0.5000000000094573,1.260000000000197,3.678623825607137,146.34826598005495,0.9084420914251515,5974,3.255813953488372,1.1242051337011756,20.3,-79.68358208955223,27.0,2.045249,8,335,60.0,120.0,111.0,117.0,123.0,147.0,146.0,147.0,59.893328,119.937974,1325.313392,2160,466,512,//qar7000185/GP0_UPLOAD/BOXER/CYLOM\KZ-04-84_CP-13\20230919\can_Tapper17-09-14-07-22-01.pcap.gz
320,2023-09-14 07:35:36.158919,can_tapper17,"rgb(255,255,51)",PG1_est,119.0,92.0,107.0,22.689075630252102,40.0,120.0,-0.7933336859257222,1500,-35.019999999991406,-5.019999999991406,46.24999999999997,0.0,486.0,486.0,0.865869,0.0024691358024691358,0.005555555555555556,0.002674897119341564,synchronized_peak_current_voltage_drop,0.760000000009498,0.5000000000000782,2.0171482422437275,138.33809984375063,0.2435052597588634,5961,16.363636363636363,1.774325245210499,23.15,-78.50763358778626,19.0,2.273696,6,262,60.0,120.0,107.0,117.0,136.0,144.0,141.0,141.0,59.890748,119.994525,507.891822,2159,368,422,//qar7000185/GP0_UPLOAD/BOXER/CYLOM\KZ-04-84_CP-13\20230919\can_Tapper17-09-14-07-22-01.pcap.gz
320,2023-09-14 07:35:36.158919,can_tapper17,"rgb(255,255,51)",PG2,120.0,105.0,105.0,12.5,46.24999999999997,120.0,-0.30688902528392376,1500,-35.019999999991406,-5.019999999991406,46.24999999999997,0.0,486.0,486.0,0.865869,0.0030864197530864196,0.0030864197530864196,0.0030864197530864196,synchronized_peak_current_voltage_drop,0.8200000000095073,1.0000000000001563,2.0171482422437275,141.19042247655474,0.2169886376377247,5958,9.090909090909092,1.89648180698483,23.15,-78.50763358778626,19.0,2.273696,6,262,60.0,120.0,105.0,118.0,144.0,146.0,145.0,145.0,59.890748,119.994525,507.891822,2159,368,422,//qar7000185/GP0_UPLOAD/BOXER/CYLOM\KZ-04-84_CP-13\20230919\can_Tapper17-09-14-07-22-01.pcap.gz
320,2023-09-14 07:35:36.158919,can_tapper17,"rgb(255,255,51)",PG3_est,121.0,107.0,107.0,11.570247933884298,52.857142857142826,122.0,-2.182080969813205,1500,-35.019999999991406,-5.019999999991406,60.0,0.0,486.0,486.0,0.865869,0.0028806584362139915,0.0028806584362139915,0.0030864197530864196,synchronized_peak_current_voltage_drop,0.8400000000095105,0.7600000000001188,2.27471676670449,142.5203459687164,0.20786001997181958,5957,3.6363636363636362,1.0788079471471124,23.15,-78.50763358778626,19.0,2.273696,6,262,60.0,120.0,107.0,119.0,143.0,147.0,146.0,147.0,59.890748,119.994525,507.891822,2159,368,422,//qar7000185/GP0_UPLOAD/BOXER/CYLOM\KZ-04-84_CP-13\20230919\can_Tapper17-09-14-07-22-01.pcap.gz
320,2023-09-14 07:35:36.158919,can_tapper17,"rgb(255,255,51)",PG4,121.0,107.0,107.0,11.570247933884298,52.857142857142826,122.0,-2.182080969813205,1500,-35.019999999991406,-5.019999999991406,60.0,0.0,486.0,486.0,0.865869,0.0028806584362139915,0.0028806584362139915,0.0030864197530864196,synchronized_peak_current_voltage_drop,0.8400000000095105,0.7600000000001188,2.27471676670449,142.5203459687164,0.20786001997181958,5957,3.6363636363636362,1.0788079471471124,23.15,-78.50763358778626,19.0,2.273696,6,262,60.0,120.0,107.0,119.0,143.0,147.0,146.0,147.0,59.890748,119.994525,507.891822,2159,368,422,//qar7000185/GP0_UPLOAD/BOXER/CYLOM\KZ-04-84_CP-13\20230919\can_Tapper17-09-14-07-22-01.pcap.gz
321,2023-09-14 07:39:29.085936,can_tapper17,"rgb(166,86,40)",PG1_est,120.0,99.0,128.0,17.5,46.24999999999997,121.0,-5.48112243605303,1500,-35.019999999991406,-5.019999999991406,52.857142857142826,0.0,487.0,487.0,0.638327,,0.00431211498973306,,synchronized_peak_current_voltage_drop,0.6600000000094823,0.5000000000000782,119.99999999999996,105.83257282042152,0.5446988381963516,5966,13.52549889135255,2.381924482542884,20.48333333333333,-50.02723735408561,22.0,2.232475,7,257,60.0,120.0,103.0,117.0,141.0,146.0,141.0,124.0,59.993916,119.93595,232.927017,2160,344,243,//qar7000185/GP0_UPLOAD/BOXER/CYLOM\KZ-04-84_CP-13\20230919\can_Tapper17-09-14-07-22-01.pcap.gz
321,2023-09-14 07:39:29.085936,can_tapper17,"rgb(166,86,40)",PG2,119.0,103.0,111.0,13.445378151260504,40.0,120.0,-0.013324450366435144,1500,-35.019999999991406,-5.019999999991406,46.24999999999997,0.0,487.0,487.0,0.638327,0.001642710472279261,0.003285420944558522,0.0018480492813141684,synchronized_peak_current_voltage_drop,0.7200000000094917,1.0000000000001563,119.99999999999996,102.01255481789505,0.5576680884166743,5963,7.6923076923076925,2.1099896705271157,20.48333333333333,-50.02723735408561,22.0,2.232475,7,257,60.0,120.0,107.0,118.0,146.0,145.0,144.0,124.0,59.993916,119.93595,232.927017,2160,344,243,//qar7000185/GP0_UPLOAD/BOXER/CYLOM\KZ-04-84_CP-13\20230919\can_Tapper17-09-14-07-22-01.pcap.gz
321,2023-09-14 07:39:29.085936,can_tapper17,"rgb(166,86,40)",PG3_est,121.0,106.0,106.0,12.396694214876034,52.857142857142826,122.0,-4.160881849279918,1500,-35.019999999991406,-5.019999999991406,60.0,0.0,487.0,487.0,0.638327,0.003080082135523614,0.003080082135523614,0.003285420944558522,synchronized_peak_current_voltage_drop,0.5400000000094636,1.0000000000001563,119.99999999999996,104.81941215801436,0.5320199597223783,5972,5.986696230598669,1.3239927413033117,20.48333333333333,-50.02723735408561,22.0,2.232475,7,257,60.0,120.0,106.0,119.0,146.0,148.0,145.0,125.0,59.993916,119.93595,232.927017,2160,344,243,//qar7000185/GP0_UPLOAD/BOXER/CYLOM\KZ-04-84_CP-13\20230919\can_Tapper17-09-14-07-22-01.pcap.gz
321,2023-09-14 07:39:29.085936,can_tapper17,"rgb(166,86,40)",PG4,121.0,106.0,106.0,12.396694214876034,52.857142857142826,122.0,-4.160881849279918,1500,-35.019999999991406,-5.019999999991406,60.0,0.0,487.0,487.0,0.638327,0.003080082135523614,0.003080082135523614,0.003285420944558522,synchronized_peak_current_voltage_drop,0.5400000000094636,1.0000000000001563,119.99999999999996,104.81941215801436,0.5320199597223783,5972,5.986696230598669,1.3239927413033117,20.48333333333333,-50.02723735408561,22.0,2.232475,7,257,60.0,120.0,106.0,119.0,146.0,148.0,145.0,125.0,59.993916,119.93595,232.927017,2160,344,243,//qar7000185/GP0_UPLOAD/BOXER/CYLOM\KZ-04-84_CP-13\20230919\can_Tapper17-09-14-07-22-01.pcap.gz
322,2023-09-14 07:41:54.546418,can_tapper17,"rgb(247,129,191)",PG1_est,121.0,88.0,121.0,27.27272727272727,52.857142857142826,121.0,-5.100473377987244,1500,-35.019999999991406,-5.019999999991406,52.857142857142826,0.0,485.0,485.0,1.021294,,0.006804123711340206,,synchronized_peak_current_voltage_drop,0.4800000000094542,0.5000000000000782,119.99999999999996,112.77727765345368,0.3849047295908522,5975,18.51851851851852,3.8197373786198643,20.509999999999998,-60.028225806451616,161.0,2.017927,6,248,60.0,120.0,121.0,119.0,141.0,143.0,141.0,141.0,59.916249,119.959624,145.460482,2159,364,350,//qar7000185/GP0_UPLOAD/BOXER/CYLOM\KZ-04-84_CP-13\20230919\can_Tapper17-09-14-07-22-01.pcap.gz
322,2023-09-14 07:41:54.546418,can_tapper17,"rgb(247,129,191)",PG2,120.0,96.0,96.0,20.0,46.24999999999997,121.0,-0.45577798034530026,1500,-35.019999999991406,-5.019999999991406,52.857142857142826,0.0,485.0,485.0,1.021294,0.004948453608247422,0.004948453608247422,0.005154639175257732,synchronized_peak_current_voltage_drop,0.5400000000094636,1.5000000000002345,119.99999999999996,109.25913554702703,0.4024951922042498,5972,13.707865168539326,4.842403567061951,20.509999999999998,-60.028225806451616,161.0,2.017927,6,248,60.0,120.0,96.0,112.0,145.0,143.0,146.0,145.0,59.916249,119.959624,145.460482,2159,364,350,//qar7000185/GP0_UPLOAD/BOXER/CYLOM\KZ-04-84_CP-13\20230919\can_Tapper17-09-14-07-22-01.pcap.gz
322,2023-09-14 07:41:54.546418,can_tapper17,"rgb(247,129,191)",PG3_est,122.0,110.0,114.0,9.836065573770492,60.0,122.0,-4.916126629388684,1500,-35.019999999991406,-5.019999999991406,60.0,0.0,485.0,485.0,1.021294,0.0016494845360824743,0.002474226804123711,0.0016494845360824743,synchronized_peak_current_voltage_drop,1.1200000000095542,0.7400000000001157,119.99999999999996,109.73607810157661,0.46751016960628144,5943,9.25925925925926,2.956133472536257,20.509999999999998,-60.028225806451616,161.0,2.017927,6,248,60.0,120.0,114.0,117.0,145.0,145.0,147.0,146.0,59.916249,119.959624,145.460482,2159,364,350,//qar7000185/GP0_UPLOAD/BOXER/CYLOM\KZ-04-84_CP-13\20230919\can_Tapper17-09-14-07-22-01.pcap.gz
322,2023-09-14 07:41:54.546418,can_tapper17,"rgb(247,129,191)",PG4,122.0,110.0,114.0,9.836065573770492,60.0,122.0,-4.916126629388684,1500,-35.019999999991406,-5.019999999991406,60.0,0.0,485.0,485.0,1.021294,0.0016494845360824743,0.002474226804123711,0.0016494845360824743,synchronized_peak_current_voltage_drop,1.1200000000095542,0.7400000000001157,119.99999999999996,109.73607810157661,0.46751016960628144,5943,9.25925925925926,2.956133472536257,20.509999999999998,-60.028225806451616,161.0,2.017927,6,248,60.0,120.0,114.0,117.0,145.0,145.0,147.0,146.0,59.916249,119.959624,145.460482,2159,364,350,//qar7000185/GP0_UPLOAD/BOXER/CYLOM\KZ-04-84_CP-13\20230919\can_Tapper17-09-14-07-22-01.pcap.gz
323,2023-09-14 08:04:37.068188,can_tapper17,"rgb(153,153,153)",PG1_est,119.0,99.0,108.0,16.80672268907563,40.0,119.0,1.2790316795695498,1500,-35.019999999991406,-5.019999999991406,40.0,4.0,484.0,480.0,0.957474,0.0022916666666666667,0.004166666666666667,0.0022916666666666667,synchronized_peak_current_voltage_drop,0.8400000000095105,1.0000000000001563,119.99999999999996,110.10143220316561,0.46368775401888096,5957,8.120649651972158,1.8722674647893303,20.688333333333333,-65.28169014084507,12.0,2.456774,8,284,60.0,120.0,108.0,112.0,141.0,141.0,140.0,142.0,59.95208,119.984249,1362.52177,2160,355,359,//qar7000185/GP0_UPLOAD/BOXER/CYLOM\KZ-04-84_CP-13\20230919\can_Tapper17-09-14-07-22-01.pcap.gz
323,2023-09-14 08:04:37.068188,can_tapper17,"rgb(153,153,153)",PG2,119.0,105.0,105.0,11.76470588235294,40.0,120.0,-1.279031679569519,1500,-35.019999999991406,-5.019999999991406,46.24999999999997,4.0,484.0,480.0,0.957474,0.0029166666666666664,0.0029166666666666664,0.003125,synchronized_peak_current_voltage_drop,0.9400000000095261,1.0000000000001563,119.99999999999996,106.19853865741914,0.48661356951089463,5952,5.800464037122969,2.2883335194577,20.688333333333333,-65.28169014084507,12.0,2.456774,8,284,60.0,120.0,105.0,117.0,144.0,144.0,145.0,146.0,59.95208,119.984249,1362.52177,2160,355,359,//qar7000185/GP0_UPLOAD/BOXER/CYLOM\KZ-04-84_CP-13\20230919\can_Tapper17-09-14-07-22-01.pcap.gz
323,2023-09-14 08:04:37.068188,can_tapper17,"rgb(153,153,153)",PG3_est,120.0,109.0,109.0,9.166666666666666,46.24999999999997,121.0,2.0586558921909938e-13,1500,-35.019999999991406,-5.019999999991406,52.857142857142826,4.0,484.0,480.0,0.957474,0.0022916666666666667,0.0022916666666666667,0.0025,synchronized_peak_current_voltage_drop,0.8000000000095042,1.0000000000001563,119.99999999999996,108.94059956203058,0.47408398242231997,5959,2.460850111856823,1.2624653522901967,20.688333333333333,-65.28169014084507,12.0,2.456774,8,284,60.0,120.0,109.0,116.0,145.0,145.0,145.0,146.0,59.95208,119.984249,1362.52177,2160,355,359,//qar7000185/GP0_UPLOAD/BOXER/CYLOM\KZ-04-84_CP-13\20230919\can_Tapper17-09-14-07-22-01.pcap.gz
323,2023-09-14 08:04:37.068188,can_tapper17,"rgb(153,153,153)",PG4,120.0,109.0,109.0,9.166666666666666,46.24999999999997,121.0,2.0586558921909938e-13,1500,-35.019999999991406,-5.019999999991406,52.857142857142826,4.0,484.0,480.0,0.957474,0.0022916666666666667,0.0022916666666666667,0.0025,synchronized_peak_current_voltage_drop,0.8000000000095042,1.0000000000001563,119.99999999999996,108.94059956203058,0.47408398242231997,5959,2.460850111856823,1.2624653522901967,20.688333333333333,-65.28169014084507,12.0,2.456774,8,284,60.0,120.0,109.0,116.0,145.0,145.0,145.0,146.0,59.95208,119.984249,1362.52177,2160,355,359,//qar7000185/GP0_UPLOAD/BOXER/CYLOM\KZ-04-84_CP-13\20230919\can_Tapper17-09-14-07-22-01.pcap.gz
324,2023-09-14 08:36:25.116874,can_tapper17,"rgb(228,26,28)",PG1_est,119.0,104.0,104.0,12.605042016806722,40.0,119.0,-4.440659751403543,1500,-35.019999999991406,-5.019999999991406,40.0,6.0,482.0,476.0,0.639831,0.0031512605042016808,0.0031512605042016808,0.0031512605042016808,synchronized_peak_current_voltage_drop,0.5000000000094573,0.160000000000025,5.275382050040925,140.96126544474376,0.7864269867235434,5974,11.627906976744185,2.0134796706102835,20.55,-95.27509293680298,81.0,2.04853,14,538,60.0,120.0,112.0,118.0,137.0,131.0,141.0,141.0,59.915663,119.924008,1908.048686,4318,752,1073,//qar7000185/GP0_UPLOAD/BOXER/CYLOM\KZ-04-84_CP-13\20230919\can_Tapper17-09-14-08-22-01.pcap.gz
324,2023-09-14 08:36:25.116874,can_tapper17,"rgb(228,26,28)",PG2,118.0,102.0,118.0,13.559322033898304,40.0,119.0,-1.0764538117568143,1500,-35.019999999991406,-5.019999999991406,40.0,6.0,482.0,476.0,0.639831,,0.0033613445378151263,0.0002100840336134454,synchronized_peak_current_voltage_drop,0.6600000000094823,1.0000000000001563,4.67804510221319,145.00489080010175,0.7825713791306371,5966,9.767441860465116,2.9070873419243224,20.55,-95.27509293680298,81.0,2.04853,14,538,60.0,120.0,102.0,116.0,143.0,132.0,145.0,145.0,59.915663,119.924008,1908.048686,4318,752,1073,//qar7000185/GP0_UPLOAD/BOXER/CYLOM\KZ-04-84_CP-13\20230919\can_Tapper17-09-14-08-22-01.pcap.gz
324,2023-09-14 08:36:25.116874,can_tapper17,"rgb(228,26,28)",PG3_est,120.0,104.0,104.0,13.333333333333334,46.24999999999997,120.0,-4.790215462317062,1500,-35.019999999991406,-5.019999999991406,46.24999999999997,6.0,482.0,476.0,0.639831,0.0033613445378151263,0.0033613445378151263,0.0033613445378151263,synchronized_peak_current_voltage_drop,0.4800000000094542,1.0000000000001563,3.678623825607137,145.22528745394342,0.7813965597316641,5975,6.51685393258427,1.27199772035885,20.55,-95.27509293680298,81.0,2.04853,14,538,60.0,120.0,112.0,116.0,143.0,133.0,145.0,145.0,59.915663,119.924008,1908.048686,4318,752,1073,//qar7000185/GP0_UPLOAD/BOXER/CYLOM\KZ-04-84_CP-13\20230919\can_Tapper17-09-14-08-22-01.pcap.gz
324,2023-09-14 08:36:25.116874,can_tapper17,"rgb(228,26,28)",PG4,120.0,104.0,104.0,13.333333333333334,46.24999999999997,120.0,-4.790215462317062,1500,-35.019999999991406,-5.019999999991406,46.24999999999997,6.0,482.0,476.0,0.639831,0.0033613445378151263,0.0033613445378151263,0.0033613445378151263,synchronized_peak_current_voltage_drop,0.4800000000094542,1.0000000000001563,3.678623825607137,145.22528745394342,0.7813965597316641,5975,6.51685393258427,1.27199772035885,20.55,-95.27509293680298,81.0,2.04853,14,538,60.0,120.0,112.0,116.0,143.0,133.0,145.0,145.0,59.915663,119.924008,1908.048686,4318,752,1073,//qar7000185/GP0_UPLOAD/BOXER/CYLOM\KZ-04-84_CP-13\20230919\can_Tapper17-09-14-08-22-01.pcap.gz
325,2023-09-14 08:36:25.116874,can_tapper17,"rgb(55,126,184)",PG1_est,119.0,104.0,104.0,12.605042016806722,40.0,119.0,-4.440659751403543,1500,-35.019999999991406,-5.019999999991406,40.0,6.0,482.0,476.0,0.639831,0.0031512605042016808,0.0031512605042016808,0.0031512605042016808,synchronized_peak_current_voltage_drop,0.5000000000094573,0.160000000000025,5.275382050040925,140.96126544474376,0.7864269867235434,5974,11.627906976744185,2.0134796706102835,20.55,-95.27509293680298,81.0,2.04853,14,538,60.0,120.0,112.0,118.0,137.0,131.0,141.0,141.0,59.915663,119.924008,0.0,4318,752,1073,//qar7000185/GP0_UPLOAD/BOXER/CYLOM\KZ-04-84_CP-13\20230919\can_Tapper17-09-14-08-22-01.pcap.gz
325,2023-09-14 08:36:25.116874,can_tapper17,"rgb(55,126,184)",PG2,118.0,102.0,118.0,13.559322033898304,40.0,119.0,-1.0764538117568143,1500,-35.019999999991406,-5.019999999991406,40.0,6.0,482.0,476.0,0.639831,,0.0033613445378151263,0.0002100840336134454,synchronized_peak_current_voltage_drop,0.6600000000094823,1.0000000000001563,4.67804510221319,145.00489080010175,0.7825713791306371,5966,9.767441860465116,2.9070873419243224,20.55,-95.27509293680298,81.0,2.04853,14,538,60.0,120.0,102.0,116.0,143.0,132.0,145.0,145.0,59.915663,119.924008,0.0,4318,752,1073,//qar7000185/GP0_UPLOAD/BOXER/CYLOM\KZ-04-84_CP-13\20230919\can_Tapper17-09-14-08-22-01.pcap.gz
325,2023-09-14 08:36:25.116874,can_tapper17,"rgb(55,126,184)",PG3_est,120.0,104.0,104.0,13.333333333333334,46.24999999999997,120.0,-4.790215462317062,1500,-35.019999999991406,-5.019999999991406,46.24999999999997,6.0,482.0,476.0,0.639831,0.0033613445378151263,0.0033613445378151263,0.0033613445378151263,synchronized_peak_current_voltage_drop,0.4800000000094542,1.0000000000001563,3.678623825607137,145.22528745394342,0.7813965597316641,5975,6.51685393258427,1.27199772035885,20.55,-95.27509293680298,81.0,2.04853,14,538,60.0,120.0,112.0,116.0,143.0,133.0,145.0,145.0,59.915663,119.924008,0.0,4318,752,1073,//qar7000185/GP0_UPLOAD/BOXER/CYLOM\KZ-04-84_CP-13\20230919\can_Tapper17-09-14-08-22-01.pcap.gz
325,2023-09-14 08:36:25.116874,can_tapper17,"rgb(55,126,184)",PG4,120.0,104.0,104.0,13.333333333333334,46.24999999999997,120.0,-4.790215462317062,1500,-35.019999999991406,-5.019999999991406,46.24999999999997,6.0,482.0,476.0,0.639831,0.0033613445378151263,0.0033613445378151263,0.0033613445378151263,synchronized_peak_current_voltage_drop,0.4800000000094542,1.0000000000001563,3.678623825607137,145.22528745394342,0.7813965597316641,5975,6.51685393258427,1.27199772035885,20.55,-95.27509293680298,81.0,2.04853,14,538,60.0,120.0,112.0,116.0,143.0,133.0,145.0,145.0,59.915663,119.924008,0.0,4318,752,1073,//qar7000185/GP0_UPLOAD/BOXER/CYLOM\KZ-04-84_CP-13\20230919\can_Tapper17-09-14-08-22-01.pcap.gz
326,2023-09-14 09:06:56.198100,can_tapper17,"rgb(77,175,74)",PG1_est,120.0,100.0,114.0,16.666666666666664,46.24999999999997,120.0,1.3363205939202876,1500,-35.019999999991406,-5.019999999991406,46.24999999999997,4.0,485.0,481.0,0.768299,0.0012474012474012473,0.004158004158004158,0.0012474012474012473,synchronized_peak_current_voltage_drop,0.8400000000095105,0.5000000000000782,2.27471676670449,141.80529348228524,0.7162844418915217,5957,8.742004264392325,1.6192769755294651,20.89428571428571,-84.04377104377105,23.0,2.865023,16,594,60.0,120.0,108.0,118.0,138.0,147.0,144.0,141.0,59.94258,119.878627,1831.081226,4316,642,1127,//qar7000185/GP0_UPLOAD/BOXER/CYLOM\KZ-04-84_CP-13\20230919\can_Tapper17-09-14-08-22-01.pcap.gz
326,2023-09-14 09:06:56.198100,can_tapper17,"rgb(77,175,74)",PG2,120.0,105.0,113.0,12.5,46.24999999999997,121.0,-1.3363205939197365,1500,-35.019999999991406,-5.019999999991406,52.857142857142826,4.0,485.0,481.0,0.768299,0.0014553014553014552,0.0031185031185031187,0.0016632016632016633,synchronized_peak_current_voltage_drop,0.8800000000095167,1.0000000000001563,2.27471676670449,143.43617624270075,0.7725605863422715,5955,5.485232067510548,1.3814648268231808,20.89428571428571,-84.04377104377105,23.0,2.865023,16,594,60.0,120.0,105.0,118.0,144.0,144.0,142.0,144.0,59.94258,119.878627,1831.081226,4316,642,1127,//qar7000185/GP0_UPLOAD/BOXER/CYLOM\KZ-04-84_CP-13\20230919\can_Tapper17-09-14-08-22-01.pcap.gz
326,2023-09-14 09:06:56.198100,can_tapper17,"rgb(77,175,74)",PG3_est,121.0,109.0,109.0,9.917355371900827,52.857142857142826,122.0,-0.9348893043952119,1500,-35.019999999991406,-5.019999999991406,60.0,4.0,485.0,481.0,0.768299,0.0024948024948024945,0.0024948024948024945,0.002702702702702703,synchronized_peak_current_voltage_drop,0.7000000000094886,1.0000000000001563,2.565174071178317,144.6986074102315,0.7902135370918473,5964,3.1982942430703623,1.167951559231114,20.89428571428571,-84.04377104377105,23.0,2.865023,16,594,60.0,120.0,109.0,119.0,142.0,146.0,145.0,145.0,59.94258,119.878627,1831.081226,4316,642,1127,//qar7000185/GP0_UPLOAD/BOXER/CYLOM\KZ-04-84_CP-13\20230919\can_Tapper17-09-14-08-22-01.pcap.gz
326,2023-09-14 09:06:56.198100,can_tapper17,"rgb(77,175,74)",PG4,121.0,109.0,109.0,9.917355371900827,52.857142857142826,122.0,-0.9348893043952119,1500,-35.019999999991406,-5.019999999991406,60.0,4.0,485.0,481.0,0.768299,0.0024948024948024945,0.0024948024948024945,0.002702702702702703,synchronized_peak_current_voltage_drop,0.7000000000094886,1.0000000000001563,2.565174071178317,144.6986074102315,0.7902135370918473,5964,3.1982942430703623,1.167951559231114,20.89428571428571,-84.04377104377105,23.0,2.865023,16,594,60.0,120.0,109.0,119.0,142.0,146.0,145.0,145.0,59.94258,119.878627,1831.081226,4316,642,1127,//qar7000185/GP0_UPLOAD/BOXER/CYLOM\KZ-04-84_CP-13\20230919\can_Tapper17-09-14-08-22-01.pcap.gz
327,2023-09-14 09:06:56.198100,can_tapper17,"rgb(152,78,163)",PG1_est,120.0,100.0,114.0,16.666666666666664,46.24999999999997,120.0,1.3363205939202876,1500,-35.019999999991406,-5.019999999991406,46.24999999999997,4.0,485.0,481.0,0.768299,0.0012474012474012473,0.004158004158004158,0.0012474012474012473,synchronized_peak_current_voltage_drop,0.8400000000095105,0.5000000000000782,2.27471676670449,141.80529348228524,0.7162844418915217,5957,8.742004264392325,1.6192769755294651,20.89428571428571,-84.04377104377105,23.0,2.865023,16,594,60.0,120.0,108.0,118.0,138.0,147.0,144.0,141.0,59.94258,119.878627,0.0,4316,642,1127,//qar7000185/GP0_UPLOAD/BOXER/CYLOM\KZ-04-84_CP-13\20230919\can_Tapper17-09-14-08-22-01.pcap.gz
327,2023-09-14 09:06:56.198100,can_tapper17,"rgb(152,78,163)",PG2,120.0,105.0,113.0,12.5,46.24999999999997,121.0,-1.3363205939197365,1500,-35.019999999991406,-5.019999999991406,52.857142857142826,4.0,485.0,481.0,0.768299,0.0014553014553014552,0.0031185031185031187,0.0016632016632016633,synchronized_peak_current_voltage_drop,0.8800000000095167,1.0000000000001563,2.27471676670449,143.43617624270075,0.7725605863422715,5955,5.485232067510548,1.3814648268231808,20.89428571428571,-84.04377104377105,23.0,2.865023,16,594,60.0,120.0,105.0,118.0,144.0,144.0,142.0,144.0,59.94258,119.878627,0.0,4316,642,1127,//qar7000185/GP0_UPLOAD/BOXER/CYLOM\KZ-04-84_CP-13\20230919\can_Tapper17-09-14-08-22-01.pcap.gz
327,2023-09-14 09:06:56.198100,can_tapper17,"rgb(152,78,163)",PG3_est,121.0,109.0,109.0,9.917355371900827,52.857142857142826,122.0,-0.9348893043952119,1500,-35.019999999991406,-5.019999999991406,60.0,4.0,485.0,481.0,0.768299,0.0024948024948024945,0.0024948024948024945,0.002702702702702703,synchronized_peak_current_voltage_drop,0.7000000000094886,1.0000000000001563,2.565174071178317,144.6986074102315,0.7902135370918473,5964,3.1982942430703623,1.167951559231114,20.89428571428571,-84.04377104377105,23.0,2.865023,16,594,60.0,120.0,109.0,119.0,142.0,146.0,145.0,145.0,59.94258,119.878627,0.0,4316,642,1127,//qar7000185/GP0_UPLOAD/BOXER/CYLOM\KZ-04-84_CP-13\20230919\can_Tapper17-09-14-08-22-01.pcap.gz
327,2023-09-14 09:06:56.198100,can_tapper17,"rgb(152,78,163)",PG4,121.0,109.0,109.0,9.917355371900827,52.857142857142826,122.0,-0.9348893043952119,1500,-35.019999999991406,-5.019999999991406,60.0,4.0,485.0,481.0,0.768299,0.0024948024948024945,0.0024948024948024945,0.002702702702702703,synchronized_peak_current_voltage_drop,0.7000000000094886,1.0000000000001563,2.565174071178317,144.6986074102315,0.7902135370918473,5964,3.1982942430703623,1.167951559231114,20.89428571428571,-84.04377104377105,23.0,2.865023,16,594,60.0,120.0,109.0,119.0,142.0,146.0,145.0,145.0,59.94258,119.878627,0.0,4316,642,1127,//qar7000185/GP0_UPLOAD/BOXER/CYLOM\KZ-04-84_CP-13\20230919\can_Tapper17-09-14-08-22-01.pcap.gz
328,2023-09-14 09:43:11.470765,can_tapper17,"rgb(255,127,0)",PG1_est,124.0,102.0,102.0,17.741935483870968,78.00000000000004,124.0,-3.9586595371810875,1500,-35.019999999991406,-5.019999999991406,78.00000000000004,0.0,484.0,484.0,1.0578,0.004545454545454546,0.004545454545454546,0.004545454545454546,synchronized_peak_current_voltage_drop,1.0400000000095417,1.0400000000001626,3.2620894576029285,145.12166613044056,0.9155243174222243,5947,7.6923076923076925,2.258370155906816,21.875,-61.478547854785475,9.0,2.061092,7,303,60.0,120.0,107.0,116.0,138.0,142.0,145.0,146.0,59.971125,119.994743,2175.272665,2160,406,537,//qar7000185/GP0_UPLOAD/BOXER/CYLOM\KZ-04-84_CP-13\20230919\can_Tapper17-09-14-09-22-01.pcap.gz
328,2023-09-14 09:43:11.470765,can_tapper17,"rgb(255,127,0)",PG2,123.0,107.0,112.0,13.008130081300814,68.33333333333339,124.0,-8.843540243896139e-14,1500,-35.019999999991406,-5.019999999991406,78.00000000000004,0.0,484.0,484.0,1.0578,0.002272727272727273,0.0033057851239669425,0.0024793388429752063,synchronized_peak_current_voltage_drop,0.5400000000094636,1.5000000000002345,1.7887444673306678,141.09558541978654,0.750183729476338,5972,9.513742071881607,2.6857240090417918,21.875,-61.478547854785475,9.0,2.061092,7,303,60.0,120.0,107.0,115.0,147.0,145.0,141.0,141.0,59.971125,119.994743,2175.272665,2160,406,537,//qar7000185/GP0_UPLOAD/BOXER/CYLOM\KZ-04-84_CP-13\20230919\can_Tapper17-09-14-09-22-01.pcap.gz
328,2023-09-14 09:43:11.470765,can_tapper17,"rgb(255,127,0)",PG3_est,124.0,114.0,114.0,8.064516129032258,78.00000000000004,125.0,4.156167692041187e-14,1500,-35.019999999991406,-5.019999999991406,90.0,0.0,484.0,484.0,1.0578,0.002066115702479339,0.002066115702479339,0.002272727272727273,synchronized_peak_current_voltage_drop,0.920000000009523,1.0000000000001563,3.2620894576029285,144.38835881247851,0.8654460166213622,5953,6.140350877192983,2.1816727154925495,21.875,-61.478547854785475,9.0,2.061092,7,303,60.0,120.0,114.0,122.0,142.0,141.0,143.0,145.0,59.971125,119.994743,2175.272665,2160,406,537,//qar7000185/GP0_UPLOAD/BOXER/CYLOM\KZ-04-84_CP-13\20230919\can_Tapper17-09-14-09-22-01.pcap.gz
328,2023-09-14 09:43:11.470765,can_tapper17,"rgb(255,127,0)",PG4,124.0,114.0,114.0,8.064516129032258,78.00000000000004,125.0,4.156167692041187e-14,1500,-35.019999999991406,-5.019999999991406,90.0,0.0,484.0,484.0,1.0578,0.002066115702479339,0.002066115702479339,0.002272727272727273,synchronized_peak_current_voltage_drop,0.920000000009523,1.0000000000001563,3.2620894576029285,144.38835881247851,0.8654460166213622,5953,6.140350877192983,2.1816727154925495,21.875,-61.478547854785475,9.0,2.061092,7,303,60.0,120.0,114.0,122.0,142.0,141.0,143.0,145.0,59.971125,119.994743,2175.272665,2160,406,537,//qar7000185/GP0_UPLOAD/BOXER/CYLOM\KZ-04-84_CP-13\20230919\can_Tapper17-09-14-09-22-01.pcap.gz
329,2023-09-14 16:10:51.534621,can_tapper17,"rgb(255,255,51)",PG1_est,118.0,99.0,112.0,16.101694915254235,40.0,119.0,-0.27692456752203065,1500,-35.019999999991406,-5.019999999991406,40.0,5.0,482.0,477.0,0.599384,0.0012578616352201257,0.003983228511530398,0.0014675052410901466,synchronized_peak_current_voltage_drop,1.2000000000095667,0.5400000000000844,119.99999999999996,117.63285326314116,0.24865168784251135,5939,11.627906976744185,1.7652024190906013,25.791666666666664,-116.60355029585799,40.0,2.102659,7,169,60.0,120.0,106.0,116.0,135.0,129.0,134.0,135.0,59.941941,119.890005,23260.063856,2159,226,438,//qar7000185/GP0_UPLOAD/BOXER/CYLOM\KZ-04-84_CP-13\20230919\can_Tapper17-09-14-15-22-01.pcap.gz
329,2023-09-14 16:10:51.534621,can_tapper17,"rgb(255,255,51)",PG2,118.0,102.0,110.0,13.559322033898304,40.0,119.0,-1.4157784070123733,1500,-35.019999999991406,-5.019999999991406,40.0,5.0,482.0,477.0,0.599384,0.0016771488469601678,0.0033542976939203357,0.0018867924528301887,synchronized_peak_current_voltage_drop,0.7000000000094886,1.0000000000001563,119.99999999999996,115.0622796101244,0.2488370773273677,5964,7.563025210084033,2.1700891952470487,25.791666666666664,-116.60355029585799,40.0,2.102659,7,169,60.0,120.0,102.0,116.0,142.0,132.0,141.0,141.0,59.941941,119.890005,23260.063856,2159,226,438,//qar7000185/GP0_UPLOAD/BOXER/CYLOM\KZ-04-84_CP-13\20230919\can_Tapper17-09-14-15-22-01.pcap.gz
329,2023-09-14 16:10:51.534621,can_tapper17,"rgb(255,255,51)",PG3_est,119.0,104.0,104.0,12.605042016806722,40.0,120.0,7.586850985972613e-14,1500,-35.019999999991406,-5.019999999991406,46.24999999999997,5.0,482.0,477.0,0.599384,0.0031446540880503146,0.0031446540880503146,0.0033542976939203357,synchronized_peak_current_voltage_drop,0.600000000009473,1.5200000000002376,119.99999999999996,116.79831470433109,0.22485573352512955,5969,3.896103896103896,1.2043494366472631,25.791666666666664,-116.60355029585799,40.0,2.102659,7,169,60.0,120.0,104.0,113.0,145.0,132.0,141.0,142.0,59.941941,119.890005,23260.063856,2159,226,438,//qar7000185/GP0_UPLOAD/BOXER/CYLOM\KZ-04-84_CP-13\20230919\can_Tapper17-09-14-15-22-01.pcap.gz
329,2023-09-14 16:10:51.534621,can_tapper17,"rgb(255,255,51)",PG4,119.0,104.0,104.0,12.605042016806722,40.0,120.0,7.586850985972613e-14,1500,-35.019999999991406,-5.019999999991406,46.24999999999997,5.0,482.0,477.0,0.599384,0.0031446540880503146,0.0031446540880503146,0.0033542976939203357,synchronized_peak_current_voltage_drop,0.600000000009473,1.5200000000002376,119.99999999999996,116.79831470433109,0.22485573352512955,5969,3.896103896103896,1.2043494366472631,25.791666666666664,-116.60355029585799,40.0,2.102659,7,169,60.0,120.0,104.0,113.0,145.0,132.0,141.0,142.0,59.941941,119.890005,23260.063856,2159,226,438,//qar7000185/GP0_UPLOAD/BOXER/CYLOM\KZ-04-84_CP-13\20230919\can_Tapper17-09-14-15-22-01.pcap.gz
330,2023-09-14 16:22:32.666149,can_tapper17,"rgb(166,86,40)",PG1_est,119.0,108.0,108.0,9.243697478991598,40.0,120.0,-3.13800139466636,1500,-35.019999999991406,-5.019999999991406,46.24999999999997,13.0,482.0,469.0,0.965874,0.0023454157782515994,0.0023454157782515994,0.0025586353944562898,synchronized_peak_current_voltage_drop,0.9400000000095261,0.5000000000000782,2.892719705486028,133.30851315965015,0.7105762032819304,5952,3.930131004366812,1.3579293608659122,26.041666666666664,-107.70114942528735,29.0,2.05982,7,348,60.0,120.0,108.0,119.0,135.0,127.0,134.0,133.0,59.966576,119.869818,701.131528,2159,398,725,//qar7000185/GP0_UPLOAD/BOXER/CYLOM\KZ-04-84_CP-13\20230919\can_Tapper17-09-14-16-22-01.pcap.gz
330,2023-09-14 16:22:32.666149,can_tapper17,"rgb(166,86,40)",PG2,118.0,106.0,106.0,10.16949152542373,40.0,119.0,-0.9936359971713663,1500,-35.019999999991406,-5.019999999991406,40.0,13.0,482.0,469.0,0.965874,0.0025586353944562898,0.0025586353944562898,0.002771855010660981,synchronized_peak_current_voltage_drop,0.9400000000095261,1.0000000000001563,5.275382050040925,139.55957756678504,0.7262968626873945,5952,3.6363636363636362,1.5989599253617512,26.041666666666664,-107.70114942528735,29.0,2.05982,7,348,60.0,120.0,106.0,114.0,134.0,130.0,141.0,139.0,59.966576,119.869818,701.131528,2159,398,725,//qar7000185/GP0_UPLOAD/BOXER/CYLOM\KZ-04-84_CP-13\20230919\can_Tapper17-09-14-16-22-01.pcap.gz
330,2023-09-14 16:22:32.666149,can_tapper17,"rgb(166,86,40)",PG3_est,120.0,109.0,109.0,9.166666666666666,46.24999999999997,121.0,-4.10044626686399,1500,-35.019999999991406,-5.019999999991406,52.857142857142826,13.0,482.0,469.0,0.965874,0.0023454157782515994,0.0023454157782515994,0.0025586353944562898,synchronized_peak_current_voltage_drop,0.8400000000095105,1.0000000000001563,5.275382050040925,140.19974562488613,0.6721668532126639,5957,2.832244008714597,1.1881722102922845,26.041666666666664,-107.70114942528735,29.0,2.05982,7,348,60.0,120.0,109.0,118.0,137.0,130.0,142.0,139.0,59.966576,119.869818,701.131528,2159,398,725,//qar7000185/GP0_UPLOAD/BOXER/CYLOM\KZ-04-84_CP-13\20230919\can_Tapper17-09-14-16-22-01.pcap.gz
330,2023-09-14 16:22:32.666149,can_tapper17,"rgb(166,86,40)",PG4,120.0,109.0,109.0,9.166666666666666,46.24999999999997,121.0,-4.10044626686399,1500,-35.019999999991406,-5.019999999991406,52.857142857142826,13.0,482.0,469.0,0.965874,0.0023454157782515994,0.0023454157782515994,0.0025586353944562898,synchronized_peak_current_voltage_drop,0.8400000000095105,1.0000000000001563,5.275382050040925,140.19974562488613,0.6721668532126639,5957,2.832244008714597,1.1881722102922845,26.041666666666664,-107.70114942528735,29.0,2.05982,7,348,60.0,120.0,109.0,118.0,137.0,130.0,142.0,139.0,59.966576,119.869818,701.131528,2159,398,725,//qar7000185/GP0_UPLOAD/BOXER/CYLOM\KZ-04-84_CP-13\20230919\can_Tapper17-09-14-16-22-01.pcap.gz
331,2023-09-14 16:39:34.827220,can_tapper17,"rgb(247,129,191)",PG1_est,121.0,101.0,101.0,16.528925619834713,52.857142857142826,121.0,1.0097782265681343,1500,-35.019999999991406,-5.019999999991406,52.857142857142826,13.0,478.0,465.0,0.620445,0.004301075268817204,0.004301075268817204,0.004301075268817204,synchronized_peak_current_voltage_drop,0.600000000009473,1.0000000000001563,15.558206486264643,142.0234449291598,0.6758196195622467,5969,11.790393013100436,1.7736672974966907,26.46666666666666,-95.29503105590062,22.0,2.11665,7,322,60.0,120.0,106.0,119.0,136.0,132.0,136.0,141.0,59.990731,119.975299,1022.161071,2159,412,601,//qar7000185/GP0_UPLOAD/BOXER/CYLOM\KZ-04-84_CP-13\20230919\can_Tapper17-09-14-16-22-01.pcap.gz
331,2023-09-14 16:39:34.827220,can_tapper17,"rgb(247,129,191)",PG2,121.0,107.0,114.0,11.570247933884298,52.857142857142826,122.0,-1.009778226567716,1500,-35.019999999991406,-5.019999999991406,60.0,13.0,478.0,465.0,0.620445,0.0015053763440860215,0.003010752688172043,0.0017204301075268817,synchronized_peak_current_voltage_drop,0.6600000000094823,1.0000000000001563,12.234338877368176,144.59233560056035,0.7012588828488064,5966,6.172839506172839,1.4739428215520092,26.46666666666666,-95.29503105590062,22.0,2.11665,7,322,60.0,120.0,109.0,118.0,144.0,133.0,142.0,145.0,59.990731,119.975299,1022.161071,2159,412,601,//qar7000185/GP0_UPLOAD/BOXER/CYLOM\KZ-04-84_CP-13\20230919\can_Tapper17-09-14-16-22-01.pcap.gz
331,2023-09-14 16:39:34.827220,can_tapper17,"rgb(247,129,191)",PG3_est,122.0,108.0,108.0,11.475409836065573,60.0,123.0,-0.7680003413331327,1500,-35.019999999991406,-5.019999999991406,68.33333333333339,13.0,478.0,465.0,0.620445,0.003010752688172043,0.003010752688172043,0.0032258064516129032,synchronized_peak_current_voltage_drop,0.5600000000094667,1.0000000000001563,15.558206486264643,145.70275949634933,0.6787359807936738,5971,5.676855895196507,0.6273641968659404,26.46666666666666,-95.29503105590062,22.0,2.11665,7,322,60.0,120.0,108.0,116.0,142.0,134.0,140.0,145.0,59.990731,119.975299,1022.161071,2159,412,601,//qar7000185/GP0_UPLOAD/BOXER/CYLOM\KZ-04-84_CP-13\20230919\can_Tapper17-09-14-16-22-01.pcap.gz
331,2023-09-14 16:39:34.827220,can_tapper17,"rgb(247,129,191)",PG4,122.0,108.0,108.0,11.475409836065573,60.0,123.0,-0.7680003413331327,1500,-35.019999999991406,-5.019999999991406,68.33333333333339,13.0,478.0,465.0,0.620445,0.003010752688172043,0.003010752688172043,0.0032258064516129032,synchronized_peak_current_voltage_drop,0.5600000000094667,1.0000000000001563,15.558206486264643,145.70275949634933,0.6787359807936738,5971,5.676855895196507,0.6273641968659404,26.46666666666666,-95.29503105590062,22.0,2.11665,7,322,60.0,120.0,108.0,116.0,142.0,134.0,140.0,145.0,59.990731,119.975299,1022.161071,2159,412,601,//qar7000185/GP0_UPLOAD/BOXER/CYLOM\KZ-04-84_CP-13\20230919\can_Tapper17-09-14-16-22-01.pcap.gz
332,2023-09-15 08:39:09.960329,can_tapper17,"rgb(153,153,153)",PG1_est,121.0,109.0,109.0,9.917355371900827,52.857142857142826,121.0,-2.964456609138123,1093,-26.85999999999482,-5.019999999991406,52.857142857142826,-5.0,319.0,324.0,1.006856,0.0037037037037037034,0.0037037037037037034,0.0037037037037037034,synchronized_peak_current_voltage_drop,1.0000000000095355,0.5000000000000782,3.678623825607137,141.52258177443713,0.8932709719120748,5949,5.010893246187364,0.5654091447419677,19.50952380952381,-51.388513513513516,-5.0,,7,296,60.0,120.0,109.0,122.0,136.0,143.0,142.0,141.0,24.880353,119.95221,57575.133109,1931,329,552,//qar7000185/GP0_UPLOAD/BOXER/CYLOM\KZ-04-84_CP-13\20230919\can_Tapper17-09-15-08-38-44.pcap.gz
332,2023-09-15 08:39:09.960329,can_tapper17,"rgb(153,153,153)",PG2,120.0,112.0,116.0,6.666666666666667,46.24999999999997,121.0,-1.9109013942341195,1093,-26.85999999999482,-5.019999999991406,52.857142857142826,-5.0,319.0,324.0,1.006856,0.0012345679012345679,0.0024691358024691358,0.0015432098765432098,synchronized_peak_current_voltage_drop,1.0200000000095386,0.5000000000000782,3.2620894576029285,143.72956974923954,0.8846335034458362,5948,2.608695652173913,1.0242538130395171,19.50952380952381,-51.388513513513516,-5.0,,7,296,60.0,120.0,116.0,115.0,120.0,144.0,143.0,144.0,24.880353,119.95221,57575.133109,1931,329,552,//qar7000185/GP0_UPLOAD/BOXER/CYLOM\KZ-04-84_CP-13\20230919\can_Tapper17-09-15-08-38-44.pcap.gz
332,2023-09-15 08:39:09.960329,can_tapper17,"rgb(153,153,153)",PG3_est,121.0,114.0,117.0,5.785123966942149,52.857142857142826,122.0,-2.674462411595493,1093,-26.85999999999482,-5.019999999991406,60.0,-5.0,319.0,324.0,1.006856,0.0012345679012345679,0.0021604938271604936,0.0015432098765432098,synchronized_peak_current_voltage_drop,1.0200000000095386,0.26000000000004064,3.2620894576029285,144.76410804660978,0.8430477159656588,5948,1.9607843137254901,0.7073815584556141,19.50952380952381,-51.388513513513516,-5.0,,7,296,60.0,120.0,117.0,118.0,121.0,147.0,145.0,144.0,24.880353,119.95221,57575.133109,1931,329,552,//qar7000185/GP0_UPLOAD/BOXER/CYLOM\KZ-04-84_CP-13\20230919\can_Tapper17-09-15-08-38-44.pcap.gz
332,2023-09-15 08:39:09.960329,can_tapper17,"rgb(153,153,153)",PG4,121.0,114.0,117.0,5.785123966942149,52.857142857142826,122.0,-2.674462411595493,1093,-26.85999999999482,-5.019999999991406,60.0,-5.0,319.0,324.0,1.006856,0.0012345679012345679,0.0021604938271604936,0.0015432098765432098,synchronized_peak_current_voltage_drop,1.0200000000095386,0.26000000000004064,3.2620894576029285,144.76410804660978,0.8430477159656588,5948,1.9607843137254901,0.7073815584556141,19.50952380952381,-51.388513513513516,-5.0,,7,296,60.0,120.0,117.0,118.0,121.0,147.0,145.0,144.0,24.880353,119.95221,57575.133109,1931,329,552,//qar7000185/GP0_UPLOAD/BOXER/CYLOM\KZ-04-84_CP-13\20230919\can_Tapper17-09-15-08-38-44.pcap.gz
333,2023-09-21 07:01:55.773590,can_tapper17,"rgb(228,26,28)",PG1_est,119.0,107.0,118.0,10.084033613445378,40.0,119.0,-6.267474708451627,499,-14.979999999992963,-5.019999999991406,40.0,0.0,441.0,441.0,0.610455,0.00022675736961451248,0.0027210884353741495,0.00022675736961451248,synchronized_peak_current_voltage_drop,0.6400000000094792,1.0000000000001563,3.678623825607137,141.7985224080036,0.9012883145911028,5967,5.122494432071269,1.3275010293479974,19.6,-74.76736111111111,-20.0,,7,288,60.0,120.0,107.0,116.0,118.0,140.0,141.0,142.0,13.004437,119.826249,512565.813261,1596,317,426,//qar7000185/GP0_UPLOAD/BOXER/CYLOM\KZ-04-84_CP-13\20240402\can_Tapper17-09-21-07-01-42.pcap.gz
333,2023-09-21 07:01:55.773590,can_tapper17,"rgb(228,26,28)",PG2,118.0,105.0,119.0,11.016949152542372,40.0,118.0,0.22937441147432633,499,-14.979999999992963,-5.019999999991406,40.0,0.0,441.0,441.0,0.610455,,0.0029478458049886623,,synchronized_peak_current_voltage_drop,0.6400000000094792,1.0000000000001563,3.2620894576029285,143.75831520044034,0.8721613709904334,5967,6.013363028953229,1.7303419481548241,19.6,-74.76736111111111,-20.0,,7,288,60.0,120.0,105.0,115.0,117.0,147.0,144.0,144.0,13.004437,119.826249,512565.813261,1596,317,426,//qar7000185/GP0_UPLOAD/BOXER/CYLOM\KZ-04-84_CP-13\20240402\can_Tapper17-09-21-07-01-42.pcap.gz
333,2023-09-21 07:01:55.773590,can_tapper17,"rgb(228,26,28)",PG3_est,120.0,106.0,106.0,11.666666666666666,46.24999999999997,120.0,4.697713592525706e-13,499,-14.979999999992963,-5.019999999991406,46.24999999999997,0.0,441.0,441.0,0.610455,0.0031746031746031746,0.0031746031746031746,0.0031746031746031746,synchronized_peak_current_voltage_drop,0.4000000000094417,1.5000000000002345,3.2620894576029285,145.65961224153895,0.8779610441208192,5979,5.567928730512249,1.277299025066516,19.6,-74.76736111111111,-20.0,,7,288,60.0,120.0,110.0,116.0,118.0,148.0,146.0,145.0,13.004437,119.826249,512565.813261,1596,317,426,//qar7000185/GP0_UPLOAD/BOXER/CYLOM\KZ-04-84_CP-13\20240402\can_Tapper17-09-21-07-01-42.pcap.gz
333,2023-09-21 07:01:55.773590,can_tapper17,"rgb(228,26,28)",PG4,120.0,106.0,106.0,11.666666666666666,46.24999999999997,120.0,4.697713592525706e-13,499,-14.979999999992963,-5.019999999991406,46.24999999999997,0.0,441.0,441.0,0.610455,0.0031746031746031746,0.0031746031746031746,0.0031746031746031746,synchronized_peak_current_voltage_drop,0.4000000000094417,1.5000000000002345,3.2620894576029285,145.65961224153895,0.8779610441208192,5979,5.567928730512249,1.277299025066516,19.6,-74.76736111111111,-20.0,,7,288,60.0,120.0,110.0,116.0,118.0,148.0,146.0,145.0,13.004437,119.826249,512565.813261,1596,317,426,//qar7000185/GP0_UPLOAD/BOXER/CYLOM\KZ-04-84_CP-13\20240402\can_Tapper17-09-21-07-01-42.pcap.gz
334,2023-09-21 07:28:20.536532,can_tapper17,"rgb(55,126,184)",PG1_est,121.0,109.0,115.0,9.917355371900827,52.857142857142826,121.0,-20.759487103290578,172,-8.43999999999194,-5.019999999991406,52.857142857142826,-8.5,456.0,464.5,0.631994,0.0012917115177610333,0.0025834230355220667,0.0012917115177610333,synchronized_peak_current_voltage_drop,0.4200000000094448,0.020000000000003126,5.275382050040925,140.79118069933745,0.8599270003645367,5978,8.016877637130802,1.1123639259205218,14.9,-68.3467492260062,-21.0,,8,323,60.0,120.0,111.0,118.0,120.0,130.0,141.0,141.0,6.463497,119.854444,1584.762942,1518,353,418,//qar7000185/GP0_UPLOAD/BOXER/CYLOM\KZ-04-84_CP-13\20240402\can_Tapper17-09-21-07-28-13.pcap.gz
334,2023-09-21 07:28:20.536532,can_tapper17,"rgb(55,126,184)",PG2,120.0,108.0,115.0,10.0,46.24999999999997,120.0,20.759487103290684,172,-8.43999999999194,-5.019999999991406,46.24999999999997,-8.5,456.0,464.5,0.631994,0.001076426264800861,0.0025834230355220667,0.001076426264800861,synchronized_peak_current_voltage_drop,0.6800000000094855,1.0000000000001563,4.67804510221319,144.09989183532795,0.8047978375270807,5965,2.6785714285714284,0.9206049659407095,14.9,-68.3467492260062,-21.0,,8,323,60.0,120.0,110.0,118.0,120.0,129.0,144.0,144.0,6.463497,119.854444,1584.762942,1518,353,418,//qar7000185/GP0_UPLOAD/BOXER/CYLOM\KZ-04-84_CP-13\20240402\can_Tapper17-09-21-07-28-13.pcap.gz
334,2023-09-21 07:28:20.536532,can_tapper17,"rgb(55,126,184)",PG3_est,122.0,109.0,109.0,10.655737704918032,60.0,122.0,-3.2318632949929224e-13,172,-8.43999999999194,-5.019999999991406,60.0,-8.5,456.0,464.5,0.631994,0.002798708288482239,0.002798708288482239,0.002798708288482239,synchronized_peak_current_voltage_drop,0.44000000000944794,1.2400000000001938,5.275382050040925,146.37544286253242,0.8392217644596206,5977,2.9535864978902953,0.8422622899843385,14.9,-68.3467492260062,-21.0,,8,323,60.0,120.0,111.0,118.0,121.0,131.0,146.0,146.0,6.463497,119.854444,1584.762942,1518,353,418,//qar7000185/GP0_UPLOAD/BOXER/CYLOM\KZ-04-84_CP-13\20240402\can_Tapper17-09-21-07-28-13.pcap.gz
334,2023-09-21 07:28:20.536532,can_tapper17,"rgb(55,126,184)",PG4,122.0,109.0,109.0,10.655737704918032,60.0,122.0,-3.2318632949929224e-13,172,-8.43999999999194,-5.019999999991406,60.0,-8.5,456.0,464.5,0.631994,0.002798708288482239,0.002798708288482239,0.002798708288482239,synchronized_peak_current_voltage_drop,0.44000000000944794,1.2400000000001938,5.275382050040925,146.37544286253242,0.8392217644596206,5977,2.9535864978902953,0.8422622899843385,14.9,-68.3467492260062,-21.0,,8,323,60.0,120.0,111.0,118.0,121.0,131.0,146.0,146.0,6.463497,119.854444,1584.762942,1518,353,418,//qar7000185/GP0_UPLOAD/BOXER/CYLOM\KZ-04-84_CP-13\20240402\can_Tapper17-09-21-07-28-13.pcap.gz
335,2023-09-21 07:46:05.236732,can_tapper17,"rgb(77,175,74)",PG1_est,120.0,87.0,104.0,27.500000000000004,46.24999999999997,120.0,-0.3109423604187272,1500,-35.019999999991406,-5.019999999991406,46.24999999999997,5.0,485.0,480.0,0.6133,0.0033333333333333335,0.006875,0.0033333333333333335,synchronized_peak_current_voltage_drop,0.5000000000094573,0.5000000000000782,119.99999999999996,109.00442323777156,0.4634149800493652,5974,21.973094170403588,1.382549762816932,17.583333333333332,-63.10546875,29.0,2.024344,7,256,60.0,120.0,117.0,117.0,140.0,143.0,141.0,128.0,59.883504,119.948036,1064.7002,2160,404,406,//qar7000185/GP0_UPLOAD/BOXER/CYLOM\KZ-04-84_CP-13\20240402\can_Tapper17-09-21-07-28-13.pcap.gz
335,2023-09-21 07:46:05.236732,can_tapper17,"rgb(77,175,74)",PG2,119.0,102.0,102.0,14.285714285714285,40.0,120.0,-1.6157784959012327,1500,-35.019999999991406,-5.019999999991406,46.24999999999997,5.0,485.0,480.0,0.6133,0.0035416666666666665,0.0035416666666666665,0.0037500000000000003,synchronized_peak_current_voltage_drop,0.5400000000094636,1.0000000000001563,119.99999999999996,102.99222415163875,0.5293832763848919,5972,14.97584541062802,1.457868836972456,17.583333333333332,-63.10546875,29.0,2.024344,7,256,60.0,120.0,102.0,116.0,148.0,148.0,144.0,128.0,59.883504,119.948036,1064.7002,2160,404,406,//qar7000185/GP0_UPLOAD/BOXER/CYLOM\KZ-04-84_CP-13\20240402\can_Tapper17-09-21-07-28-13.pcap.gz
335,2023-09-21 07:46:05.236732,can_tapper17,"rgb(77,175,74)",PG3_est,121.0,104.0,104.0,14.049586776859504,52.857142857142826,121.0,-0.8673337188145818,1500,-35.019999999991406,-5.019999999991406,52.857142857142826,5.0,485.0,480.0,0.6133,0.0035416666666666665,0.0035416666666666665,0.0035416666666666665,synchronized_peak_current_voltage_drop,0.5200000000094605,1.5000000000002345,119.99999999999996,105.21380954167456,0.5204259378807249,5973,7.623318385650224,0.6311505682906531,17.583333333333332,-63.10546875,29.0,2.024344,7,256,60.0,120.0,104.0,113.0,148.0,150.0,145.0,129.0,59.883504,119.948036,1064.7002,2160,404,406,//qar7000185/GP0_UPLOAD/BOXER/CYLOM\KZ-04-84_CP-13\20240402\can_Tapper17-09-21-07-28-13.pcap.gz
335,2023-09-21 07:46:05.236732,can_tapper17,"rgb(77,175,74)",PG4,121.0,104.0,104.0,14.049586776859504,52.857142857142826,121.0,-0.8673337188145818,1500,-35.019999999991406,-5.019999999991406,52.857142857142826,5.0,485.0,480.0,0.6133,0.0035416666666666665,0.0035416666666666665,0.0035416666666666665,synchronized_peak_current_voltage_drop,0.5200000000094605,1.5000000000002345,119.99999999999996,105.21380954167456,0.5204259378807249,5973,7.623318385650224,0.6311505682906531,17.583333333333332,-63.10546875,29.0,2.024344,7,256,60.0,120.0,104.0,113.0,148.0,150.0,145.0,129.0,59.883504,119.948036,1064.7002,2160,404,406,//qar7000185/GP0_UPLOAD/BOXER/CYLOM\KZ-04-84_CP-13\20240402\can_Tapper17-09-21-07-28-13.pcap.gz
336,2023-09-21 07:50:52.385609,can_tapper17,"rgb(152,78,163)",PG1_est,119.0,106.0,121.0,10.92436974789916,40.0,120.0,-2.3951121756048157,1500,-35.019999999991406,-5.019999999991406,46.24999999999997,7.0,489.0,482.0,0.83061,,0.0026970954356846473,,synchronized_peak_current_voltage_drop,0.6600000000094823,0.06000000000000938,2.892719705486028,141.00372094969407,0.8626487296361574,5966,10.755148741418765,2.4311497415810135,17.825,-81.14339622641509,21.0,2.234499,7,265,60.0,120.0,107.0,117.0,137.0,142.0,141.0,141.0,59.984476,119.904919,287.148877,2160,338,517,//qar7000185/GP0_UPLOAD/BOXER/CYLOM\KZ-04-84_CP-13\20240402\can_Tapper17-09-21-07-28-13.pcap.gz
336,2023-09-21 07:50:52.385609,can_tapper17,"rgb(152,78,163)",PG2,119.0,104.0,104.0,12.605042016806722,40.0,120.0,-4.399113066271739,1500,-35.019999999991406,-5.019999999991406,46.24999999999997,7.0,489.0,482.0,0.83061,0.0031120331950207467,0.0031120331950207467,0.003319502074688797,synchronized_peak_current_voltage_drop,0.7200000000094917,1.0000000000001563,2.565174071178317,145.16059506781082,0.886449978303769,5963,8.924485125858123,1.8793514515843288,17.825,-81.14339622641509,21.0,2.234499,7,265,60.0,120.0,104.0,116.0,144.0,148.0,145.0,145.0,59.984476,119.904919,287.148877,2160,338,517,//qar7000185/GP0_UPLOAD/BOXER/CYLOM\KZ-04-84_CP-13\20240402\can_Tapper17-09-21-07-28-13.pcap.gz
336,2023-09-21 07:50:52.385609,can_tapper17,"rgb(152,78,163)",PG3_est,121.0,106.0,106.0,12.396694214876034,52.857142857142826,121.0,-2.0825609255820106,1500,-35.019999999991406,-5.019999999991406,52.857142857142826,7.0,489.0,482.0,0.83061,0.0031120331950207467,0.0031120331950207467,0.0031120331950207467,synchronized_peak_current_voltage_drop,0.6800000000094855,1.5000000000002345,2.27471676670449,145.4815609545496,0.8948787088086665,5965,3.640256959314775,1.0234068698594372,17.825,-81.14339622641509,21.0,2.234499,7,265,60.0,120.0,106.0,113.0,144.0,149.0,145.0,145.0,59.984476,119.904919,287.148877,2160,338,517,//qar7000185/GP0_UPLOAD/BOXER/CYLOM\KZ-04-84_CP-13\20240402\can_Tapper17-09-21-07-28-13.pcap.gz
336,2023-09-21 07:50:52.385609,can_tapper17,"rgb(152,78,163)",PG4,121.0,106.0,106.0,12.396694214876034,52.857142857142826,121.0,-2.0825609255820106,1500,-35.019999999991406,-5.019999999991406,52.857142857142826,7.0,489.0,482.0,0.83061,0.0031120331950207467,0.0031120331950207467,0.0031120331950207467,synchronized_peak_current_voltage_drop,0.6800000000094855,1.5000000000002345,2.27471676670449,145.4815609545496,0.8948787088086665,5965,3.640256959314775,1.0234068698594372,17.825,-81.14339622641509,21.0,2.234499,7,265,60.0,120.0,106.0,113.0,144.0,149.0,145.0,145.0,59.984476,119.904919,287.148877,2160,338,517,//qar7000185/GP0_UPLOAD/BOXER/CYLOM\KZ-04-84_CP-13\20240402\can_Tapper17-09-21-07-28-13.pcap.gz
337,2023-09-21 09:09:43.486151,can_tapper17,"rgb(255,127,0)",PG1_est,119.0,109.0,115.0,8.403361344537815,40.0,120.0,-2.132658725625607,1500,-35.019999999991406,-5.019999999991406,46.24999999999997,0.0,482.0,482.0,0.983351,0.0008298755186721993,0.002074688796680498,0.001037344398340249,synchronized_peak_current_voltage_drop,0.7800000000095011,0.14000000000002188,2.892719705486028,139.84372852260748,0.6734854987122982,5960,5.831533477321814,1.9179517035501505,18.85,-88.71739130434783,6.0,2.396601,8,276,60.0,120.0,115.0,112.0,140.0,136.0,140.0,140.0,59.968322,119.956883,4731.100542,2159,400,501,//qar7000185/GP0_UPLOAD/BOXER/CYLOM\KZ-04-84_CP-13\20240402\can_Tapper17-09-21-08-28-13.pcap.gz
337,2023-09-21 09:09:43.486151,can_tapper17,"rgb(255,127,0)",PG2,119.0,108.0,108.0,9.243697478991598,40.0,119.0,-0.16866674162925546,1500,-35.019999999991406,-5.019999999991406,40.0,0.0,482.0,482.0,0.983351,0.002282157676348548,0.002282157676348548,0.002282157676348548,synchronized_peak_current_voltage_drop,0.920000000009523,1.0000000000001563,2.27471676670449,144.49992048041435,0.6364747217084177,5953,4.516129032258065,1.431208381618237,18.85,-88.71739130434783,6.0,2.396601,8,276,60.0,120.0,108.0,117.0,146.0,143.0,145.0,143.0,59.968322,119.956883,4731.100542,2159,400,501,//qar7000185/GP0_UPLOAD/BOXER/CYLOM\KZ-04-84_CP-13\20240402\can_Tapper17-09-21-08-28-13.pcap.gz
337,2023-09-21 09:09:43.486151,can_tapper17,"rgb(255,127,0)",PG3_est,120.0,108.0,108.0,10.0,46.24999999999997,121.0,-1.83868526163734,1500,-35.019999999991406,-5.019999999991406,52.857142857142826,0.0,482.0,482.0,0.983351,0.0024896265560165973,0.0024896265560165973,0.0026970954356846473,synchronized_peak_current_voltage_drop,0.8800000000095167,1.0000000000001563,2.0171482422437275,144.6238339311135,0.6066425487393307,5955,3.67170626349892,1.2004085080335145,18.85,-88.71739130434783,6.0,2.396601,8,276,60.0,120.0,108.0,118.0,147.0,145.0,145.0,144.0,59.968322,119.956883,4731.100542,2159,400,501,//qar7000185/GP0_UPLOAD/BOXER/CYLOM\KZ-04-84_CP-13\20240402\can_Tapper17-09-21-08-28-13.pcap.gz
337,2023-09-21 09:09:43.486151,can_tapper17,"rgb(255,127,0)",PG4,120.0,108.0,108.0,10.0,46.24999999999997,121.0,-1.83868526163734,1500,-35.019999999991406,-5.019999999991406,52.857142857142826,0.0,482.0,482.0,0.983351,0.0024896265560165973,0.0024896265560165973,0.0026970954356846473,synchronized_peak_current_voltage_drop,0.8800000000095167,1.0000000000001563,2.0171482422437275,144.6238339311135,0.6066425487393307,5955,3.67170626349892,1.2004085080335145,18.85,-88.71739130434783,6.0,2.396601,8,276,60.0,120.0,108.0,118.0,147.0,145.0,145.0,144.0,59.968322,119.956883,4731.100542,2159,400,501,//qar7000185/GP0_UPLOAD/BOXER/CYLOM\KZ-04-84_CP-13\20240402\can_Tapper17-09-21-08-28-13.pcap.gz
338,2023-09-21 09:34:40.032298,can_tapper17,"rgb(255,255,51)",PG1_est,125.0,108.0,108.0,13.600000000000001,90.0,130.0,-75.58886915059627,1500,-35.019999999991406,-5.019999999991406,100.0,6.0,481.0,475.0,0.977884,0.0035789473684210526,0.0035789473684210526,0.0046315789473684215,synchronized_peak_current_voltage_drop,0.9600000000095292,1.0000000000001563,45.88440927560299,120.4225345056723,0.45224136923335323,5951,6.4935064935064934,1.4421708414646495,19.55833333333333,-35.13513513513514,11.0,2.080537,7,185,60.0,120.0,108.0,121.0,139.0,142.0,127.0,124.0,59.943794,119.968441,1496.546147,2160,340,428,//qar7000185/GP0_UPLOAD/BOXER/CYLOM\KZ-04-84_CP-13\20240402\can_Tapper17-09-21-09-28-13.pcap.gz
338,2023-09-21 09:34:40.032298,can_tapper17,"rgb(255,255,51)",PG2,125.0,111.0,116.0,11.200000000000001,90.0,129.0,-78.45593709151481,1500,-35.019999999991406,-5.019999999991406,100.0,6.0,481.0,475.0,0.977884,0.0018947368421052633,0.0029473684210526313,0.002736842105263158,synchronized_peak_current_voltage_drop,1.080000000009548,1.0000000000001563,31.996067694060745,121.49069644423503,0.5196342336066393,5945,3.4782608695652173,1.4272806650353944,19.55833333333333,-35.13513513513514,11.0,2.080537,7,185,60.0,120.0,116.0,115.0,147.0,145.0,126.0,124.0,59.943794,119.968441,1496.546147,2160,340,428,//qar7000185/GP0_UPLOAD/BOXER/CYLOM\KZ-04-84_CP-13\20240402\can_Tapper17-09-21-09-28-13.pcap.gz
338,2023-09-21 09:34:40.032298,can_tapper17,"rgb(255,255,51)",PG3_est,126.0,114.0,119.0,9.523809523809524,95.0,130.0,-84.18134408058425,1500,-35.019999999991406,-5.019999999991406,100.0,6.0,481.0,475.0,0.977884,0.0014736842105263156,0.0025263157894736842,0.0023157894736842107,synchronized_peak_current_voltage_drop,1.0400000000095417,1.0000000000001563,40.68887031186959,121.78568841581733,0.49020598931724735,5947,3.0303030303030303,0.878966693258878,19.55833333333333,-35.13513513513514,11.0,2.080537,7,185,60.0,120.0,119.0,119.0,143.0,143.0,127.0,125.0,59.943794,119.968441,1496.546147,2160,340,428,//qar7000185/GP0_UPLOAD/BOXER/CYLOM\KZ-04-84_CP-13\20240402\can_Tapper17-09-21-09-28-13.pcap.gz
338,2023-09-21 09:34:40.032298,can_tapper17,"rgb(255,255,51)",PG4,126.0,114.0,119.0,9.523809523809524,95.0,130.0,-84.18134408058425,1500,-35.019999999991406,-5.019999999991406,100.0,6.0,481.0,475.0,0.977884,0.0014736842105263156,0.0025263157894736842,0.0023157894736842107,synchronized_peak_current_voltage_drop,1.0400000000095417,1.0000000000001563,40.68887031186959,121.78568841581733,0.49020598931724735,5947,3.0303030303030303,0.878966693258878,19.55833333333333,-35.13513513513514,11.0,2.080537,7,185,60.0,120.0,119.0,119.0,143.0,143.0,127.0,125.0,59.943794,119.968441,1496.546147,2160,340,428,//qar7000185/GP0_UPLOAD/BOXER/CYLOM\KZ-04-84_CP-13\20240402\can_Tapper17-09-21-09-28-13.pcap.gz
339,2023-09-21 12:29:00.183854,can_tapper17,"rgb(166,86,40)",PG1_est,119.0,97.0,97.0,18.487394957983195,40.0,119.0,-1.5531029124897378,1500,-35.019999999991406,-5.019999999991406,40.0,4.0,483.0,479.0,0.569003,0.004592901878914406,0.004592901878914406,0.004592901878914406,synchronized_peak_current_voltage_drop,0.5600000000094667,0.5000000000000782,3.678623825607137,137.5290558934911,0.7788302186662588,5971,12.808988764044944,2.0032071303440735,22.25,-95.9814126394052,145.0,2.071663,7,269,60.0,120.0,105.0,112.0,138.0,130.0,134.0,138.0,59.978489,119.977638,10460.151556,2159,404,567,//qar7000185/GP0_UPLOAD/BOXER/CYLOM\KZ-04-84_CP-13\20240402\can_Tapper17-09-21-12-28-13.pcap.gz
339,2023-09-21 12:29:00.183854,can_tapper17,"rgb(166,86,40)",PG2,118.0,102.0,110.0,13.559322033898304,40.0,119.0,-2.4630855391487962,1500,-35.019999999991406,-5.019999999991406,40.0,4.0,483.0,479.0,0.569003,0.0016701461377870565,0.003340292275574113,0.0018789144050104384,synchronized_peak_current_voltage_drop,0.6600000000094823,1.5000000000002345,3.2620894576029285,141.99472191741668,0.7679850056523573,5966,7.368421052631579,1.6768290117143885,22.25,-95.9814126394052,145.0,2.071663,7,269,60.0,120.0,102.0,111.0,145.0,134.0,139.0,142.0,59.978489,119.977638,10460.151556,2159,404,567,//qar7000185/GP0_UPLOAD/BOXER/CYLOM\KZ-04-84_CP-13\20240402\can_Tapper17-09-21-12-28-13.pcap.gz
339,2023-09-21 12:29:00.183854,can_tapper17,"rgb(166,86,40)",PG3_est,120.0,102.0,119.0,15.0,46.24999999999997,120.0,-1.3419205964089596,1500,-35.019999999991406,-5.019999999991406,46.24999999999997,4.0,483.0,479.0,0.569003,0.00020876826722338206,0.0037578288100208767,0.00020876826722338206,synchronized_peak_current_voltage_drop,0.5800000000094698,1.5000000000002345,3.2620894576029285,144.87726970454477,0.7692764911744103,5970,6.966292134831461,0.4697602592515391,22.25,-95.9814126394052,145.0,2.071663,7,269,60.0,120.0,102.0,112.0,148.0,135.0,141.0,145.0,59.978489,119.977638,10460.151556,2159,404,567,//qar7000185/GP0_UPLOAD/BOXER/CYLOM\KZ-04-84_CP-13\20240402\can_Tapper17-09-21-12-28-13.pcap.gz
339,2023-09-21 12:29:00.183854,can_tapper17,"rgb(166,86,40)",PG4,120.0,102.0,119.0,15.0,46.24999999999997,120.0,-1.3419205964089596,1500,-35.019999999991406,-5.019999999991406,46.24999999999997,4.0,483.0,479.0,0.569003,0.00020876826722338206,0.0037578288100208767,0.00020876826722338206,synchronized_peak_current_voltage_drop,0.5800000000094698,1.5000000000002345,3.2620894576029285,144.87726970454477,0.7692764911744103,5970,6.966292134831461,0.4697602592515391,22.25,-95.9814126394052,145.0,2.071663,7,269,60.0,120.0,102.0,112.0,148.0,135.0,141.0,145.0,59.978489,119.977638,10460.151556,2159,404,567,//qar7000185/GP0_UPLOAD/BOXER/CYLOM\KZ-04-84_CP-13\20240402\can_Tapper17-09-21-12-28-13.pcap.gz
340,2023-09-21 14:01:20.178943,can_tapper17,"rgb(247,129,191)",PG1_est,119.0,105.0,105.0,11.76470588235294,40.0,119.0,-0.6500802889242084,1500,-35.019999999991406,-5.019999999991406,40.0,0.0,470.0,470.0,0.85701,0.002978723404255319,0.002978723404255319,0.002978723404255319,synchronized_peak_current_voltage_drop,0.8600000000095136,0.5000000000000782,5.948992616750902,136.10575522938058,0.9524014094226452,5956,7.189542483660131,1.6545915452376079,20.115000000000002,-91.81226053639847,11.0,2.358099,6,261,60.0,120.0,110.0,118.0,125.0,130.0,136.0,136.0,59.980019,119.898305,5539.995089,2159,374,656,//qar7000185/GP0_UPLOAD/BOXER/CYLOM\KZ-04-84_CP-13\20240402\can_Tapper17-09-21-13-28-13.pcap.gz
340,2023-09-21 14:01:20.178943,can_tapper17,"rgb(247,129,191)",PG2,118.0,109.0,114.0,7.627118644067797,40.0,119.0,2.431761080782379,1500,-35.019999999991406,-5.019999999991406,40.0,0.0,470.0,470.0,0.85701,0.0008510638297872341,0.0019148936170212767,0.0010638297872340426,synchronized_peak_current_voltage_drop,0.920000000009523,0.5000000000000782,5.275382050040925,139.89679296429773,0.9686544648669778,5953,4.0,1.0031815954506618,20.115000000000002,-91.81226053639847,11.0,2.358099,6,261,60.0,120.0,109.0,117.0,126.0,135.0,140.0,139.0,59.980019,119.898305,5539.995089,2159,374,656,//qar7000185/GP0_UPLOAD/BOXER/CYLOM\KZ-04-84_CP-13\20240402\can_Tapper17-09-21-13-28-13.pcap.gz
340,2023-09-21 14:01:20.178943,can_tapper17,"rgb(247,129,191)",PG3_est,119.0,111.0,111.0,6.722689075630252,40.0,120.0,0.46238242772549665,1500,-35.019999999991406,-5.019999999991406,46.24999999999997,0.0,470.0,470.0,0.85701,0.0017021276595744683,0.0017021276595744683,0.0019148936170212767,synchronized_peak_current_voltage_drop,0.7000000000094886,0.5000000000000782,4.67804510221319,141.38672276037667,0.9385303808875938,5964,3.2679738562091503,0.8947391625611426,20.115000000000002,-91.81226053639847,11.0,2.358099,6,261,60.0,120.0,111.0,118.0,127.0,138.0,143.0,141.0,59.980019,119.898305,5539.995089,2159,374,656,//qar7000185/GP0_UPLOAD/BOXER/CYLOM\KZ-04-84_CP-13\20240402\can_Tapper17-09-21-13-28-13.pcap.gz
340,2023-09-21 14:01:20.178943,can_tapper17,"rgb(247,129,191)",PG4,119.0,111.0,111.0,6.722689075630252,40.0,120.0,0.46238242772549665,1500,-35.019999999991406,-5.019999999991406,46.24999999999997,0.0,470.0,470.0,0.85701,0.0017021276595744683,0.0017021276595744683,0.0019148936170212767,synchronized_peak_current_voltage_drop,0.7000000000094886,0.5000000000000782,4.67804510221319,141.38672276037667,0.9385303808875938,5964,3.2679738562091503,0.8947391625611426,20.115000000000002,-91.81226053639847,11.0,2.358099,6,261,60.0,120.0,111.0,118.0,127.0,138.0,143.0,141.0,59.980019,119.898305,5539.995089,2159,374,656,//qar7000185/GP0_UPLOAD/BOXER/CYLOM\KZ-04-84_CP-13\20240402\can_Tapper17-09-21-13-28-13.pcap.gz
341,2023-09-21 15:59:02.108096,can_tapper17,"rgb(153,153,153)",PG1_est,119.0,101.0,120.0,15.126050420168067,40.0,119.0,-0.8182048080908954,1500,-35.019999999991406,-5.019999999991406,40.0,2.0,484.0,482.0,0.628229,,0.0037344398340248964,,synchronized_peak_current_voltage_drop,1.080000000009548,0.34000000000005315,3.2620894576029285,135.6789080772098,0.7266374111298486,5850,12.149532710280374,3.0931877555386427,20.175,-95.8969465648855,42.0,2.063305,6,262,60.0,120.0,106.0,116.0,139.0,128.0,137.0,136.0,59.966932,119.957576,7061.929153,2056,291,453,//qar7000185/GP0_UPLOAD/BOXER/CYLOM\KZ-04-84_CP-13\20240402\can_Tapper17-09-21-15-28-13.pcap.gz
341,2023-09-21 15:59:02.108096,can_tapper17,"rgb(153,153,153)",PG2,118.0,102.0,102.0,13.559322033898304,40.0,119.0,-1.4141161840514176,1500,-35.019999999991406,-5.019999999991406,40.0,2.0,484.0,482.0,0.628229,0.003319502074688797,0.003319502074688797,0.0035269709543568465,synchronized_peak_current_voltage_drop,0.5800000000094698,1.0000000000001563,2.565174071178317,139.01046912548765,0.7492216222252657,5882,10.280373831775702,1.7880031213910286,20.175,-95.8969465648855,42.0,2.063305,6,262,60.0,120.0,102.0,115.0,132.0,130.0,141.0,139.0,59.966932,119.957576,7061.929153,2056,291,453,//qar7000185/GP0_UPLOAD/BOXER/CYLOM\KZ-04-84_CP-13\20240402\can_Tapper17-09-21-15-28-13.pcap.gz
341,2023-09-21 15:59:02.108096,can_tapper17,"rgb(153,153,153)",PG3_est,119.0,103.0,103.0,13.445378151260504,40.0,120.0,-1.0089248928551213,1500,-35.019999999991406,-5.019999999991406,46.24999999999997,2.0,484.0,482.0,0.628229,0.003319502074688797,0.003319502074688797,0.0035269709543568465,synchronized_peak_current_voltage_drop,0.5400000000094636,1.5000000000002345,2.565174071178317,141.11708561802055,0.7296089456880759,5883,3.7383177570093458,1.1419485495260744,20.175,-95.8969465648855,42.0,2.063305,6,262,60.0,120.0,103.0,112.0,131.0,131.0,144.0,141.0,59.966932,119.957576,7061.929153,2056,291,453,//qar7000185/GP0_UPLOAD/BOXER/CYLOM\KZ-04-84_CP-13\20240402\can_Tapper17-09-21-15-28-13.pcap.gz
341,2023-09-21 15:59:02.108096,can_tapper17,"rgb(153,153,153)",PG4,119.0,103.0,103.0,13.445378151260504,40.0,120.0,-1.0089248928551213,1500,-35.019999999991406,-5.019999999991406,46.24999999999997,2.0,484.0,482.0,0.628229,0.003319502074688797,0.003319502074688797,0.0035269709543568465,synchronized_peak_current_voltage_drop,0.5400000000094636,1.5000000000002345,2.565174071178317,141.11708561802055,0.7296089456880759,5883,3.7383177570093458,1.1419485495260744,20.175,-95.8969465648855,42.0,2.063305,6,262,60.0,120.0,103.0,112.0,131.0,131.0,144.0,141.0,59.966932,119.957576,7061.929153,2056,291,453,//qar7000185/GP0_UPLOAD/BOXER/CYLOM\KZ-04-84_CP-13\20240402\can_Tapper17-09-21-15-28-13.pcap.gz
342,2023-09-21 16:43:37.088551,can_tapper17,"rgb(228,26,28)",PG1_est,121.0,105.0,121.0,13.223140495867769,52.857142857142826,121.0,-0.8907648403396511,1500,-35.019999999991406,-5.019999999991406,52.857142857142826,9.5,481.0,471.5,0.82135,,0.0033934252386002123,,synchronized_peak_current_voltage_drop,1.2600000000095761,0.6000000000000938,17.544825121425337,145.16969709971428,0.7764477712676524,5936,8.035714285714286,1.5966495222544992,24.14,-84.47076923076924,15.0,2.314708,8,325,60.0,120.0,110.0,121.0,141.0,132.0,141.0,145.0,59.897521,119.972954,2674.980455,2159,549,562,//qar7000185/GP0_UPLOAD/BOXER/CYLOM\KZ-04-84_CP-13\20240402\can_Tapper17-09-21-16-28-13.pcap.gz
342,2023-09-21 16:43:37.088551,can_tapper17,"rgb(228,26,28)",PG2,120.0,109.0,109.0,9.166666666666666,46.24999999999997,121.0,2.0586558921909938e-13,1500,-35.019999999991406,-5.019999999991406,52.857142857142826,9.5,481.0,471.5,0.82135,0.002332979851537646,0.002332979851537646,0.002545068928950159,synchronized_peak_current_voltage_drop,0.760000000009498,0.5000000000000782,2.0171482422437275,140.39546568786164,0.5671843049769805,5961,8.016877637130802,1.08953689860463,24.14,-84.47076923076924,15.0,2.314708,8,325,60.0,120.0,109.0,117.0,146.0,133.0,140.0,142.0,59.897521,119.972954,2674.980455,2159,549,562,//qar7000185/GP0_UPLOAD/BOXER/CYLOM\KZ-04-84_CP-13\20240402\can_Tapper17-09-21-16-28-13.pcap.gz
342,2023-09-21 16:43:37.088551,can_tapper17,"rgb(228,26,28)",PG3_est,122.0,109.0,109.0,10.655737704918032,60.0,122.0,-0.15819562586460023,1500,-35.019999999991406,-5.019999999991406,60.0,9.5,481.0,471.5,0.82135,0.0027571580063626725,0.0027571580063626725,0.0027571580063626725,synchronized_peak_current_voltage_drop,0.8200000000095073,1.0000000000001563,2.0171482422437275,140.3590626289617,0.5845379596448991,5958,2.9535864978902953,0.7574766647204615,24.14,-84.47076923076924,15.0,2.314708,8,325,60.0,120.0,109.0,120.0,146.0,133.0,140.0,142.0,59.897521,119.972954,2674.980455,2159,549,562,//qar7000185/GP0_UPLOAD/BOXER/CYLOM\KZ-04-84_CP-13\20240402\can_Tapper17-09-21-16-28-13.pcap.gz
342,2023-09-21 16:43:37.088551,can_tapper17,"rgb(228,26,28)",PG4,122.0,109.0,109.0,10.655737704918032,60.0,122.0,-0.15819562586460023,1500,-35.019999999991406,-5.019999999991406,60.0,9.5,481.0,471.5,0.82135,0.0027571580063626725,0.0027571580063626725,0.0027571580063626725,synchronized_peak_current_voltage_drop,0.8200000000095073,1.0000000000001563,2.0171482422437275,140.3590626289617,0.5845379596448991,5958,2.9535864978902953,0.7574766647204615,24.14,-84.47076923076924,15.0,2.314708,8,325,60.0,120.0,109.0,120.0,146.0,133.0,140.0,142.0,59.897521,119.972954,2674.980455,2159,549,562,//qar7000185/GP0_UPLOAD/BOXER/CYLOM\KZ-04-84_CP-13\20240402\can_Tapper17-09-21-16-28-13.pcap.gz
343,2023-09-25 11:30:56.905382,can_tapper17,"rgb(55,126,184)",PG1_est,122.0,107.0,114.0,12.295081967213115,60.0,122.0,-7.360545910601293e-12,14,-5.279999999991446,-5.019999999991406,60.0,0.0,320.0,320.0,0.925338,0.0025,0.0046875,0.0025,synchronized_peak_current_voltage_drop,0.8400000000095105,0.5000000000000782,5.275382050040925,139.51877204418258,0.8702468072815528,5957,9.322033898305085,0.9172785284008391,14.15,-44.28838951310861,69.0,5.626563,7,267,60.0,120.0,114.0,118.0,120.0,139.0,139.0,139.0,3.292538,119.787582,326839.816831,1479,279,554,//qar7000185/GP0_UPLOAD/BOXER/CYLOM\KZ-04-84_CP-13\20240402\can_Tapper17-09-25-11-30-53.pcap.gz
343,2023-09-25 11:30:56.905382,can_tapper17,"rgb(55,126,184)",PG2,122.0,112.0,112.0,8.19672131147541,60.0,122.0,-7.360545910601293e-12,14,-5.279999999991446,-5.019999999991406,60.0,0.0,320.0,320.0,0.925338,0.003125,0.003125,0.003125,synchronized_peak_current_voltage_drop,0.8600000000095136,1.0000000000001563,5.275382050040925,144.8487321696422,0.9100695596269577,5956,2.396514161220044,1.0844344526873426,14.15,-44.28838951310861,69.0,5.626563,7,267,60.0,120.0,112.0,118.0,121.0,142.0,145.0,145.0,3.292538,119.787582,326839.816831,1479,279,554,//qar7000185/GP0_UPLOAD/BOXER/CYLOM\KZ-04-84_CP-13\20240402\can_Tapper17-09-25-11-30-53.pcap.gz
343,2023-09-25 11:30:56.905382,can_tapper17,"rgb(55,126,184)",PG3_est,123.0,114.0,114.0,7.317073170731707,68.33333333333339,123.0,-2.318535100913292e-12,14,-5.279999999991446,-5.019999999991406,68.33333333333339,0.0,320.0,320.0,0.925338,0.0028125,0.0028125,0.0028125,synchronized_peak_current_voltage_drop,0.8600000000095136,1.0000000000001563,5.275382050040925,146.33034183327692,0.8888834858012272,5956,4.237288135593221,0.785495567378324,14.15,-44.28838951310861,69.0,5.626563,7,267,60.0,120.0,114.0,121.0,126.0,143.0,146.0,146.0,3.292538,119.787582,326839.816831,1479,279,554,//qar7000185/GP0_UPLOAD/BOXER/CYLOM\KZ-04-84_CP-13\20240402\can_Tapper17-09-25-11-30-53.pcap.gz
343,2023-09-25 11:30:56.905382,can_tapper17,"rgb(55,126,184)",PG4,123.0,114.0,114.0,7.317073170731707,68.33333333333339,123.0,-2.318535100913292e-12,14,-5.279999999991446,-5.019999999991406,68.33333333333339,0.0,320.0,320.0,0.925338,0.0028125,0.0028125,0.0028125,synchronized_peak_current_voltage_drop,0.8600000000095136,1.0000000000001563,5.275382050040925,146.33034183327692,0.8888834858012272,5956,4.237288135593221,0.785495567378324,14.15,-44.28838951310861,69.0,5.626563,7,267,60.0,120.0,114.0,121.0,126.0,143.0,146.0,146.0,3.292538,119.787582,326839.816831,1479,279,554,//qar7000185/GP0_UPLOAD/BOXER/CYLOM\KZ-04-84_CP-13\20240402\can_Tapper17-09-25-11-30-53.pcap.gz
344,2023-09-28 09:53:06.728894,can_tapper17,"rgb(77,175,74)",PG1_est,125.0,116.0,116.0,7.199999999999999,90.0,125.0,3.8193274090604227e-13,42,-5.839999999991534,-5.019999999991406,90.0,-7.5,487.0,494.5,0.61092,0.001820020222446916,0.001820020222446916,0.001820020222446916,synchronized_peak_current_voltage_drop,0.5400000000094636,0.5000000000000782,4.148345232772487,142.5715566202539,0.8170574137264759,5972,5.660377358490566,1.0469293451389472,16.8,-30.293515358361773,-16.0,,7,293,60.0,120.0,116.0,122.0,127.0,141.0,144.0,143.0,3.843817,119.987689,253329.823512,1488,309,364,//qar7000185/GP0_UPLOAD/BOXER/CYLOM\KZ-04-84_CP-13\20240402\can_Tapper17-09-28-09-53-02.pcap.gz
344,2023-09-28 09:53:06.728894,can_tapper17,"rgb(77,175,74)",PG2,125.0,115.0,115.0,8.0,90.0,125.0,3.8193274090604227e-13,42,-5.839999999991534,-5.019999999991406,90.0,-7.5,487.0,494.5,0.61092,0.0020222446916076846,0.0020222446916076846,0.0020222446916076846,synchronized_peak_current_voltage_drop,0.5400000000094636,1.0200000000001594,3.2620894576029285,143.7619295184464,0.763171162025355,5972,1.8867924528301887,0.48853261714665225,16.8,-30.293515358361773,-16.0,,7,293,60.0,120.0,115.0,121.0,128.0,146.0,142.0,143.0,3.843817,119.987689,253329.823512,1488,309,364,//qar7000185/GP0_UPLOAD/BOXER/CYLOM\KZ-04-84_CP-13\20240402\can_Tapper17-09-28-09-53-02.pcap.gz
344,2023-09-28 09:53:06.728894,can_tapper17,"rgb(77,175,74)",PG3_est,126.0,115.0,115.0,8.73015873015873,95.0,126.0,2.109516412153345e-12,42,-5.839999999991534,-5.019999999991406,95.0,-7.5,487.0,494.5,0.61092,0.002224469160768453,0.002224469160768453,0.002224469160768453,synchronized_peak_current_voltage_drop,0.5400000000094636,1.0200000000001594,5.275382050040925,143.1969668787011,0.8846743807446183,5972,1.8867924528301887,0.5796299256352648,16.8,-30.293515358361773,-16.0,,7,293,60.0,120.0,115.0,120.0,127.0,139.0,142.0,143.0,3.843817,119.987689,253329.823512,1488,309,364,//qar7000185/GP0_UPLOAD/BOXER/CYLOM\KZ-04-84_CP-13\20240402\can_Tapper17-09-28-09-53-02.pcap.gz
344,2023-09-28 09:53:06.728894,can_tapper17,"rgb(77,175,74)",PG4,126.0,115.0,115.0,8.73015873015873,95.0,126.0,2.109516412153345e-12,42,-5.839999999991534,-5.019999999991406,95.0,-7.5,487.0,494.5,0.61092,0.002224469160768453,0.002224469160768453,0.002224469160768453,synchronized_peak_current_voltage_drop,0.5400000000094636,1.0200000000001594,5.275382050040925,143.1969668787011,0.8846743807446183,5972,1.8867924528301887,0.5796299256352648,16.8,-30.293515358361773,-16.0,,7,293,60.0,120.0,115.0,120.0,127.0,139.0,142.0,143.0,3.843817,119.987689,253329.823512,1488,309,364,//qar7000185/GP0_UPLOAD/BOXER/CYLOM\KZ-04-84_CP-13\20240402\can_Tapper17-09-28-09-53-02.pcap.gz
345,2023-09-28 10:07:17.044427,can_tapper17,"rgb(152,78,163)",PG1_est,125.0,113.0,119.0,9.6,90.0,125.0,28.021849111591564,122,-7.439999999991784,-5.019999999991406,90.0,0.0,296.0,296.0,1.003293,0.002027027027027027,0.004054054054054054,0.002027027027027027,synchronized_peak_current_voltage_drop,0.920000000009523,0.020000000000003126,3.678623825607137,141.09467893310625,0.679297994813649,5953,7.377049180327869,0.8758864066350802,20.195,-29.79377431906615,-16.0,,7,257,60.0,120.0,119.0,122.0,124.0,133.0,142.0,141.0,5.462895,119.887524,850.315533,1506,272,380,//qar7000185/GP0_UPLOAD/BOXER/CYLOM\KZ-04-84_CP-13\20240402\can_Tapper17-09-28-10-07-11.pcap.gz
345,2023-09-28 10:07:17.044427,can_tapper17,"rgb(152,78,163)",PG2,125.0,117.0,117.0,6.4,90.0,125.0,1.4552220032976273e-12,122,-7.439999999991784,-5.019999999991406,90.0,0.0,296.0,296.0,1.003293,0.002702702702702703,0.002702702702702703,0.002702702702702703,synchronized_peak_current_voltage_drop,0.9400000000095261,0.5000000000000782,3.678623825607137,143.6484310141799,0.7288098891349062,5952,2.5,0.7203285941153038,20.195,-29.79377431906615,-16.0,,7,257,60.0,120.0,117.0,123.0,123.0,134.0,142.0,144.0,5.462895,119.887524,850.315533,1506,272,380,//qar7000185/GP0_UPLOAD/BOXER/CYLOM\KZ-04-84_CP-13\20240402\can_Tapper17-09-28-10-07-11.pcap.gz
345,2023-09-28 10:07:17.044427,can_tapper17,"rgb(152,78,163)",PG3_est,126.0,118.0,118.0,6.349206349206349,95.0,126.0,1.5066870418573217e-12,122,-7.439999999991784,-5.019999999991406,95.0,0.0,296.0,296.0,1.003293,0.002702702702702703,0.002702702702702703,0.002702702702702703,synchronized_peak_current_voltage_drop,0.9400000000095261,0.5000000000000782,5.275382050040925,143.18882471805853,0.8286773746667699,5952,3.278688524590164,0.5575048842982141,20.195,-29.79377431906615,-16.0,,7,257,60.0,120.0,118.0,124.0,129.0,132.0,143.0,143.0,5.462895,119.887524,850.315533,1506,272,380,//qar7000185/GP0_UPLOAD/BOXER/CYLOM\KZ-04-84_CP-13\20240402\can_Tapper17-09-28-10-07-11.pcap.gz
345,2023-09-28 10:07:17.044427,can_tapper17,"rgb(152,78,163)",PG4,126.0,118.0,118.0,6.349206349206349,95.0,126.0,1.5066870418573217e-12,122,-7.439999999991784,-5.019999999991406,95.0,0.0,296.0,296.0,1.003293,0.002702702702702703,0.002702702702702703,0.002702702702702703,synchronized_peak_current_voltage_drop,0.9400000000095261,0.5000000000000782,5.275382050040925,143.18882471805853,0.8286773746667699,5952,3.278688524590164,0.5575048842982141,20.195,-29.79377431906615,-16.0,,7,257,60.0,120.0,118.0,124.0,129.0,132.0,143.0,143.0,5.462895,119.887524,850.315533,1506,272,380,//qar7000185/GP0_UPLOAD/BOXER/CYLOM\KZ-04-84_CP-13\20240402\can_Tapper17-09-28-10-07-11.pcap.gz
346,2023-10-12 14:06:32.937472,can_tapper17,"rgb(255,127,0)",PG1_est,112.0,101.0,101.0,9.821428571428571,40.0,112.0,-4.643987566878758,770,-20.39999999999381,-5.019999999991406,40.0,0.0,491.0,491.0,1.005994,0.002240325865580448,0.002240325865580448,0.002240325865580448,synchronized_peak_current_voltage_drop,0.9800000000095324,0.5000000000000782,3.678623825607137,139.48352556619548,0.8449768761841857,5950,28.450704225352112,14.43674684681549,15.525,-106.9484126984127,267.0,2.007797,7,252,60.0,120.0,101.0,107.0,115.0,137.0,141.0,141.0,18.416113,119.93622,1223955.893045,1662,291,486,//qar7000185/GP0_UPLOAD/BOXER/CYLOM\KZ-04-84_CP-13\20240402\can_Tapper17-10-12-14-06-14.pcap.gz
346,2023-10-12 14:06:32.937472,can_tapper17,"rgb(255,127,0)",PG2,105.0,79.0,79.0,24.761904761904763,40.0,106.0,-8.606533650426957,770,-20.39999999999381,-5.019999999991406,40.0,0.0,491.0,491.0,1.005994,0.005295315682281059,0.005295315682281059,0.0054989816700611,synchronized_peak_current_voltage_drop,0.9800000000095324,1.5200000000002376,3.2620894576029285,141.48929943368094,0.8899493671361781,5950,11.731843575418994,4.918698338845317,15.525,-106.9484126984127,267.0,2.007797,7,252,60.0,120.0,79.0,91.0,108.0,141.0,143.0,142.0,18.416113,119.93622,1223955.893045,1662,291,486,//qar7000185/GP0_UPLOAD/BOXER/CYLOM\KZ-04-84_CP-13\20240402\can_Tapper17-10-12-14-06-14.pcap.gz
346,2023-10-12 14:06:32.937472,can_tapper17,"rgb(255,127,0)",PG3_est,103.0,77.0,77.0,25.24271844660194,40.0,103.0,-8.646749869115135,770,-20.39999999999381,-5.019999999991406,40.0,0.0,491.0,491.0,1.005994,0.005295315682281059,0.005295315682281059,0.005295315682281059,synchronized_peak_current_voltage_drop,1.0000000000095355,1.5000000000002345,3.2620894576029285,140.4385709979495,0.8890268903196438,5949,8.732394366197184,4.763808942980303,15.525,-106.9484126984127,267.0,2.007797,7,252,60.0,120.0,77.0,89.0,106.0,140.0,141.0,142.0,18.416113,119.93622,1223955.893045,1662,291,486,//qar7000185/GP0_UPLOAD/BOXER/CYLOM\KZ-04-84_CP-13\20240402\can_Tapper17-10-12-14-06-14.pcap.gz
346,2023-10-12 14:06:32.937472,can_tapper17,"rgb(255,127,0)",PG4,103.0,77.0,77.0,25.24271844660194,40.0,103.0,-8.646749869115135,770,-20.39999999999381,-5.019999999991406,40.0,0.0,491.0,491.0,1.005994,0.005295315682281059,0.005295315682281059,0.005295315682281059,synchronized_peak_current_voltage_drop,1.0000000000095355,1.5000000000002345,3.2620894576029285,140.4385709979495,0.8890268903196438,5949,8.732394366197184,4.763808942980303,15.525,-106.9484126984127,267.0,2.007797,7,252,60.0,120.0,77.0,89.0,106.0,140.0,141.0,142.0,18.416113,119.93622,1223955.893045,1662,291,486,//qar7000185/GP0_UPLOAD/BOXER/CYLOM\KZ-04-84_CP-13\20240402\can_Tapper17-10-12-14-06-14.pcap.gz
