start_index,start_time,can_tapper_id,start_color,V_pre_total_1_10V,V_min_total_1_10V,V_ocv_total_1_10V,V_drop_total_pct,soc_pct_est_pack,soc_pct_est_ocv_pack,V_ocv_slope_mV_per_s_max,n_ocv_samples_min,temp_avg_start_C,I_pre_A,I_load_A,delta_I_A,t_load_s,I_mean_post_A,I_max_post_A,t_charge_onset_s,R_internal_est_ohm_pack,R_internal_est_ohm_min_voltage_method_pack,R_internal_est_ohm_from_ocv_pack,max_abs_imbalance_pct_pack,mean_abs_imbalance_pct_pack,t_recovery_s_max,tau_relax_s_median,relax_fit_r2_min,pre_data_duration_s,post_data_duration_s,t_since_previous_start_s,n_voltage_samples,n_current_samples,n_temperature_samples,t_before_s,t_after_s
0,2020-03-03 11:07:41.193508,can_tapper17,"rgb(228,26,28)",496.0,444.0,499.0,10.483870967741936,78.00000000000004,87.00000000000001,0.45054242246318316,1500,16.25,3.0,485.0,482.0,1.1361,-31.25609756097561,159.0,2.048749,0.009128630705394191,0.01078838174273859,0.00975103734439834,9.482758620689655,0.587169648864444,1.0000000000001563,1.9029463547871976,0.3432596741742292,59.805075,119.988257,,2158,401,562,60.0,120.0
1,2020-09-03 10:02:45.514642,can_tapper17,"rgb(55,126,184)",500.0,440.0,506.0,12.0,90.0,97.5,4.851611045160015,1500,22.15,16.0,436.0,420.0,1.129901,-17.544117647058822,49.0,2.132901,0.011190476190476192,0.014285714285714285,0.012619047619047618,10.284463894967177,1.2822830164435195,1.5200000000002376,2.145932504474109,0.22654481496159962,59.897274,119.992695,15893704.321134,2160,401,379,60.0,120.0
2,2020-09-03 13:50:03.820438,can_tapper17,"rgb(77,175,74)",496.0,441.0,500.0,11.088709677419354,78.00000000000004,90.0,3.4644370953048753,1500,19.419999999999998,13.0,348.0,335.0,1.379276,-37.479729729729726,22.0,2.374797,0.011641791044776119,0.016417910447761194,0.012835820895522388,16.595744680851062,1.1388184536865982,1.0000000000001563,1.7887444673306678,0.47260315108702866,59.983026,119.989049,13638.305796,2160,443,516,60.0,120.0
3,2020-09-08 11:08:28.871424,can_tapper17,"rgb(152,78,163)",500.0,467.0,504.0,6.6000000000000005,90.0,95.0,11.413425858391857,487,18.7,0.0,398.0,398.0,1.110826,-12.586805555555555,101.0,2.017067,0.0065326633165829154,0.008291457286432161,0.007537688442211055,3.7974683544303796,0.6845156338653153,0.7600000000001188,2.4199454189414036,0.6587793360371181,12.76021,119.861819,422305.050986,1593,315,363,60.0,120.0
4,2020-09-10 09:07:33.503378,can_tapper17,"rgb(255,127,0)",496.0,448.0,500.0,9.67741935483871,78.00000000000004,90.0,6.332305036578716,1500,20.366666666666667,0.0,498.0,498.0,0.966532,-24.361774744027304,71.0,2.064026,0.005421686746987952,0.009638554216867469,0.006224899598393573,5.241090146750524,0.6529092239453694,1.0000000000001563,3.077404581544478,0.7456123239250017,59.890955,119.950106,165544.631954,2160,413,528,60.0,120.0
5,2020-09-10 11:44:49.531459,can_tapper17,"rgb(255,255,51)",503.0,465.0,504.0,7.5546719681908545,93.75,95.0,4.589113150715525,1500,19.875,0.0,495.0,495.0,0.831856,-13.836501901140684,15.0,2.332706,0.0038383838383838384,0.007676767676767677,0.00404040404040404,1.0660980810234542,0.3261172583392139,1.0000000000001563,2.583718236095259,0.653018690650908,47.958911,119.873375,9436.028081,2016,350,563,60.0,120.0
6,2020-09-15 13:48:16.764496,can_tapper17,"rgb(166,86,40)",492.0,461.0,496.0,6.300813008130081,68.33333333333339,78.00000000000004,2.786659016292076,1500,15.25,0.0,369.0,369.0,1.011596,-15.047297297297296,17.0,2.015633,0.008401084010840108,0.008401084010840108,0.00948509485094851,1.8789144050104385,0.3967780003247482,0.5000000000000782,2.892719705486028,0.8459509936020406,44.670853,119.924513,439407.233037,1977,351,497,60.0,120.0
7,2020-09-15 15:50:38.165627,can_tapper17,"rgb(247,129,191)",493.0,427.0,496.0,13.387423935091277,70.75000000000004,78.00000000000004,1.2328805479466942,1500,21.85,14.0,499.0,485.0,0.836861,-37.70034843205575,49.0,2.240879,0.010721649484536083,0.013608247422680414,0.011340206185567012,12.471655328798185,1.3037575152669365,1.5000000000002345,2.27471676670449,0.7759986031808281,59.868389,119.988786,7341.401131,2159,432,534,60.0,120.0
8,2020-09-16 10:44:28.796897,can_tapper17,"rgb(153,153,153)",501.0,425.0,504.0,15.169660678642716,91.25,95.0,0.6692980752434791,1500,22.165,15.0,499.0,484.0,0.666901,-29.987692307692306,154.0,2.071208,0.010950413223140495,0.015702479338842973,0.011570247933884299,9.006928406466512,1.1475753114940677,1.5000000000002345,2.7289468883321724,0.8109250643325833,59.923767,119.926452,68030.63127,2159,445,372,60.0,120.0
9,2020-09-16 12:41:35.180901,can_tapper17,"rgb(228,26,28)",500.0,446.0,504.0,10.8,90.0,95.0,0.7445425531295937,1500,22.323333333333334,13.0,496.0,483.0,0.840844,-31.945054945054945,98.0,2.243153,0.007246376811594204,0.011180124223602485,0.008074534161490683,7.526881720430108,0.9625164526822294,1.5000000000002345,2.0171482422437275,0.7895577989822236,59.992423,119.895803,7026.384004,2159,412,565,60.0,120.0
10,2020-09-16 13:55:05.408286,can_tapper17,"rgb(55,126,184)",500.0,449.0,503.0,10.2,90.0,93.75,0.4047912910180208,1500,23.008333333333333,0.0,499.0,499.0,0.784986,-31.215139442231077,20.0,2.286291,0.004809619238476954,0.010220440881763526,0.005410821643286573,7.377049180327869,0.9590965456310858,1.0000000000001563,1.9029463547871976,0.8307131928081101,59.895402,119.853087,4410.227385,2157,309,618,60.0,120.0
11,2020-09-16 14:13:04.017125,can_tapper17,"rgb(77,175,74)",510.0,447.0,515.0,12.352941176470589,100.0,100.0,4.010890671506157,1500,20.375,0.0,349.0,349.0,1.217604,-22.220216606498195,15.0,2.318714,0.01318051575931232,0.01805157593123209,0.014613180515759312,10.833333333333334,1.167229711323423,1.0000000000001563,1.6874737773196231,0.5335505950460788,59.851545,119.97973,1078.608839,2158,342,591,60.0,120.0
12,2020-09-16 15:04:51.492221,can_tapper17,"rgb(152,78,163)",504.0,440.0,508.0,12.698412698412698,95.0,100.0,0.32777792345662465,1500,26.35,13.0,494.0,481.0,0.796341,-23.584362139917694,-14.0,,0.01081081081081081,0.013305613305613305,0.011642411642411643,11.504424778761061,1.1311420492127988,1.0000000000001563,1.9029463547871976,0.7182920296736601,59.969663,119.956048,3107.475096,2160,368,558,60.0,120.0
13,2020-09-17 10:34:01.794219,can_tapper17,"rgb(255,127,0)",493.0,459.0,495.0,6.896551724137931,70.75000000000004,75.58333333333339,2.6068100474707703,1500,18.6,0.0,375.0,375.0,0.981725,-49.69329073482428,15.0,2.080785,0.007733333333333333,0.009066666666666667,0.008266666666666667,6.722689075630252,0.5444330670933728,0.5000000000000782,2.892719705486028,0.8244019737745806,59.990304,119.937975,70150.301998,2160,394,570,60.0,120.0
14,2020-09-17 12:37:16.792118,can_tapper17,"rgb(255,255,51)",496.0,453.0,503.0,8.669354838709678,78.00000000000004,93.75,6.725087433370815,1500,19.393333333333334,34.0,290.0,256.0,1.117352,-53.69921875,-45.0,,0.01171875,0.016796875,0.014453125,7.563025210084033,0.8921390172182507,0.5000000000000782,2.27471676670449,0.7806414631961177,59.92793,119.986472,7394.997899,2159,359,457,60.0,120.0
15,2020-09-17 13:37:38.673825,can_tapper17,"rgb(166,86,40)",503.0,464.0,504.0,7.75347912524851,93.75,95.0,0.8134759171000314,1500,19.725,13.0,419.0,406.0,0.776577,-41.74915254237288,15.0,2.273903,0.005911330049261084,0.00960591133004926,0.006157635467980297,5.6367432150313155,0.6677954910107607,0.5000000000000782,2.145932504474109,0.6556432660633376,59.879902,119.988748,3621.881707,2159,375,470,60.0,120.0
16,2020-09-17 14:42:10.597763,can_tapper17,"rgb(247,129,191)",499.0,499.0,500.0,0.0,87.00000000000001,90.0,4.156167692041187e-14,1500,22.3,0.0,13.0,13.0,0.560799,-38.048507462686565,500.0,4.064845,,,0.007692307692307693,0.6012024048096193,0.30060120240480964,0.020000000000003126,8.53123623235764,0.649466237222922,59.94557,119.937049,3871.923938,2160,334,353,60.0,120.0
17,2020-09-17 14:42:13.249788,can_tapper17,"rgb(153,153,153)",499.0,499.0,500.0,0.0,87.00000000000001,90.0,0.8720359431266596,1500,22.25,0.0,14.0,14.0,1.41282,-38.27509293680298,500.0,2.012774,,,0.0071428571428571435,0.6012024048096193,0.30060120240480964,0.020000000000003126,6.708616137836345,0.6378643606999829,59.847449,119.977901,2.652025,2159,334,355,60.0,120.0
18,2020-09-17 14:42:17.351090,can_tapper17,"rgb(228,26,28)",499.0,454.0,500.0,9.01803607214429,87.00000000000001,90.0,2.969414653072636,1500,20.275,0.0,500.0,500.0,0.616798,-46.590225563909776,14.0,2.621954,0.006200000000000001,0.009000000000000001,0.006400000000000001,6.122448979591836,0.8950298460600448,1.0000000000001563,2.27471676670449,0.6699284558757692,59.948528,119.933986,4.101302,2160,343,364,60.0,120.0
19,2020-09-17 16:14:28.765238,can_tapper17,"rgb(55,126,184)",496.0,462.0,499.0,6.854838709677419,78.00000000000004,87.00000000000001,11.102671601185715,1500,23.466666666666665,12.0,398.0,386.0,0.844181,-63.168,8.0,2.243023,0.006735751295336788,0.008808290155440416,0.007512953367875648,5.531914893617022,0.7514459723206072,0.5000000000000782,2.0171482422437275,0.7696706977145785,59.94122,119.995303,5531.414148,2160,306,377,60.0,120.0
20,2020-09-18 08:29:13.666830,can_tapper17,"rgb(77,175,74)",501.0,468.0,504.0,6.58682634730539,91.25,95.0,13.200931603077612,515,20.4,0.0,462.0,462.0,0.803971,-9.770642201834862,20.0,2.203594,0.0036796536796536794,0.007142857142857143,0.004112554112554113,3.917525773195876,0.7885719802738919,0.5000000000000782,2.291161156711022,0.28592586638901574,13.321983,119.982369,58484.901592,1601,356,435,60.0,120.0
21,2020-09-18 09:46:36.078206,can_tapper17,"rgb(152,78,163)",499.0,435.0,502.0,12.825651302605209,87.00000000000001,92.5,2.426445522864317,1500,17.25,0.0,426.0,426.0,1.016882,-35.060810810810814,103.0,2.116527,0.011032863849765259,0.015023474178403757,0.011737089201877935,11.20507399577167,1.198771922977152,1.5000000000002345,2.0171482422437275,0.8160615173490103,59.987667,119.964534,4642.411376,2160,358,531,60.0,120.0
22,2020-09-18 10:15:32.809382,can_tapper17,"rgb(255,127,0)",504.0,445.0,507.0,11.706349206349206,95.0,98.75,2.9232752156300525e-13,1500,17.15416666666667,0.0,499.0,499.0,1.039642,-24.967611336032387,29.0,2.043675,0.007414829659318637,0.011823647294589179,0.008016032064128258,7.559395248380129,1.8255120782962373,1.5000000000002345,1.9029463547871976,0.5066420889162824,59.922503,119.966073,1736.731176,2160,342,422,60.0,120.0
23,2020-10-08 10:15:52.876865,can_tapper17,"rgb(255,255,51)",499.0,444.0,502.0,11.022044088176353,87.00000000000001,92.5,2.617770052342137,1500,11.775,6.0,319.0,313.0,0.790404,-1.841726618705036,10.0,2.290219,0.013099041533546326,0.01757188498402556,0.013738019169329072,8.932461873638344,1.19599833920738,1.0000000000001563,2.892719705486028,0.7999144856810491,59.981445,119.925697,1728020.067483,2159,372,784,60.0,120.0
24,2020-10-08 14:32:51.225798,can_tapper17,"rgb(166,86,40)",496.0,446.0,496.0,10.080645161290322,78.00000000000004,78.00000000000004,2.979619102052388,1500,12.566666666666666,5.0,262.0,257.0,1.035407,-9.43867924528302,8.0,2.035007,0.015953307392996108,0.019455252918287938,0.015953307392996108,6.373626373626373,1.2183805976280822,1.0000000000001563,2.0171482422437275,0.7780597538088081,59.883536,119.944012,15418.348933,2158,329,622,60.0,120.0
25,2020-10-14 13:42:44.509695,can_tapper17,"rgb(247,129,191)",531.0,448.0,548.0,15.630885122410545,100.0,100.0,27.861319049470673,1500,9.608333333333334,0.0,488.0,488.0,0.480475,1.696035242290749,10.0,2.081996,0.007377049180327869,0.017008196721311472,0.010655737704918034,13.147410358565738,2.6282964121581056,3.7400000000005775,2.27471676670449,0.7379324150532427,59.981549,119.981739,515393.283897,2159,258,511,60.0,120.0
26,2020-10-26 09:41:55.759239,can_tapper17,"rgb(153,153,153)",496.0,451.0,499.0,9.07258064516129,78.00000000000004,87.00000000000001,4.802659912292557,1500,9.8,0.0,226.0,226.0,0.833345,-1.6608695652173913,9.0,2.333601,0.01592920353982301,0.01991150442477876,0.017256637168141593,11.297071129707113,0.3074838871177881,0.7400000000001157,3.077404581544478,0.8696862072015005,53.912659,119.925875,1022351.249544,2088,352,400,60.0,120.0
27,2020-10-26 10:48:55.529723,can_tapper17,"rgb(228,26,28)",500.0,429.0,503.0,14.2,90.0,93.75,5.036233349436391,1500,11.733333333333334,6.0,413.0,407.0,0.652133,-2.4817518248175183,7.0,2.650676,0.010319410319410319,0.017444717444717445,0.011056511056511058,14.163090128755364,1.5862776470425453,1.0000000000001563,3.077404581544478,0.8909263064392097,59.977241,119.862632,4019.770484,2160,370,485,60.0,120.0
28,2020-11-02 08:47:13.111975,can_tapper17,"rgb(55,126,184)",521.0,460.0,532.0,11.708253358925145,100.0,100.0,4.246588554038883,1500,15.075,8.0,272.0,264.0,0.807496,-0.23809523809523808,7.0,2.90487,0.017803030303030303,0.023106060606060606,0.02159090909090909,10.31578947368421,1.2395550323933973,1.0000000000001563,2.145932504474109,0.6897261990196699,59.954056,119.919027,597497.582252,2159,181,422,60.0,120.0
29,2020-11-02 09:37:16.542916,can_tapper17,"rgb(77,175,74)",502.0,445.0,504.0,11.354581673306772,92.5,95.0,2.9996457776195964,1500,15.166666666666666,0.0,241.0,241.0,0.986843,-2.7350993377483444,10.0,2.384399,0.021576763485477178,0.023651452282157676,0.022406639004149378,6.896551724137931,1.1558765728879687,0.7600000000001188,51.74336368726529,0.454815109329734,59.987925,119.935199,3003.430941,2160,196,366,60.0,120.0
30,2020-11-02 09:40:07.990890,can_tapper17,"rgb(152,78,163)",501.0,453.0,504.0,9.580838323353294,91.25,95.0,0.18492452663285366,1500,15.2,0.0,204.0,204.0,0.96825,-4.466019417475728,8.0,2.470706,0.01715686274509804,0.023529411764705882,0.018137254901960782,9.787234042553191,1.3157171789062099,1.0000000000001563,119.99999999999996,0.22910250227898854,59.912451,119.941673,171.447974,2159,270,346,60.0,120.0
31,2020-11-02 12:57:20.939735,can_tapper17,"rgb(255,127,0)",500.0,443.0,504.0,11.4,90.0,95.0,2.258525448233575,1500,18.0,0.0,262.0,262.0,0.921402,-10.362549800796813,5.0,2.420738,0.015648854961832062,0.021755725190839695,0.016793893129770993,16.949152542372882,1.0205701062536616,1.0200000000001594,1.9029463547871976,0.7719385375359908,59.963223,119.971663,11832.948845,2160,298,602,60.0,120.0
32,2020-11-02 14:00:24.257521,can_tapper17,"rgb(255,255,51)",500.0,431.0,504.0,13.8,90.0,95.0,0.17183118748032286,1500,16.7,4.5,442.0,437.5,0.389752,-9.421686746987952,54.0,2.381659,0.005257142857142858,0.01577142857142857,0.0061714285714285725,15.973741794310722,2.3128824416506797,1.0000000000001563,2.0171482422437275,0.864480032912251,59.912674,119.914059,3783.317786,2160,281,776,60.0,120.0
33,2020-11-02 15:50:19.688421,can_tapper17,"rgb(166,86,40)",508.0,430.0,511.5,15.354330708661418,100.0,100.0,2.1175120522270303,1500,17.45,0.0,374.0,374.0,0.621649,-7.7631578947368425,4.0,2.216477,0.016844919786096257,0.020855614973262035,0.017780748663101607,18.16283924843424,1.5059857376741381,1.0000000000001563,1.6874737773196231,0.6438904835984753,59.987728,119.935328,6595.4309,2159,325,525,60.0,120.0
34,2020-11-03 08:58:28.074693,can_tapper17,"rgb(247,129,191)",491.0,434.0,495.0,11.608961303462321,66.25000000000003,75.58333333333339,4.654677624300139,1500,15.042857142857144,0.0,225.0,225.0,0.966912,-15.922374429223744,5.0,2.061723,0.01688888888888889,0.025333333333333336,0.018666666666666665,6.401766004415011,1.071063591853095,1.0000000000001563,2.0171482422437275,0.8307463321358718,59.94888,119.955145,61688.386272,2160,275,524,60.0,120.0
35,2020-11-03 12:09:13.717074,can_tapper17,"rgb(153,153,153)",503.0,453.0,504.0,9.940357852882704,93.75,95.0,3.022614676717292,1500,16.7,0.0,245.0,245.0,0.935297,-19.24110671936759,56.0,2.034401,0.018775510204081632,0.02040816326530612,0.019183673469387756,5.932203389830509,0.9802352585653232,1.0000000000001563,2.0171482422437275,0.5099614874537229,59.959448,119.966025,11445.642381,2159,338,608,60.0,120.0
36,2020-11-03 13:02:55.806061,can_tapper17,"rgb(228,26,28)",512.0,439.0,516.0,14.2578125,100.0,100.0,2.594703375423233,1500,17.384999999999998,-2.0,394.0,396.0,0.617749,-6.404255319148936,66.0,2.120804,0.016414141414141416,0.018434343434343435,0.017424242424242422,13.445378151260504,1.3800254523888504,1.5000000000002345,119.99999999999996,0.32302628095439456,59.980472,119.911044,3222.088987,2160,292,655,60.0,120.0
37,2020-11-03 13:06:06.483112,can_tapper17,"rgb(55,126,184)",512.0,449.0,516.0,12.3046875,100.0,100.0,0.47617798941265244,1500,17.473333333333336,0.0,382.0,382.0,0.637721,-6.956989247311828,54.0,2.036625,0.013089005235602096,0.016492146596858638,0.01361256544502618,19.665271966527197,1.3122499291088119,1.5000000000002345,1.7887444673306678,0.6279785838543852,59.859849,119.988567,190.677051,2159,387,791,60.0,120.0
38,2020-11-03 14:26:25.741863,can_tapper17,"rgb(77,175,74)",511.0,464.0,512.0,9.197651663405088,100.0,100.0,2.2268158053650222e-13,1500,18.008333333333333,0.0,179.0,179.0,0.992957,-7.664150943396226,3.0,2.088857,0.01899441340782123,0.026256983240223464,0.019553072625698324,7.070707070707071,1.1386238868988898,1.0000000000001563,2.0171482422437275,0.7841655258425357,59.977593,119.941081,4819.258751,2159,322,674,60.0,120.0
39,2020-11-03 15:19:07.857031,can_tapper17,"rgb(152,78,163)",504.0,458.0,508.0,9.126984126984127,95.0,100.0,2.7814056806240397,1500,17.81,0.0,204.0,204.0,0.94522,-12.373626373626374,18.0,2.043399,0.009313725490196078,0.022549019607843137,0.011274509803921568,7.5,1.0170598563386537,0.7400000000001157,1.9029463547871976,0.6681247458587105,59.915923,119.985843,3162.115168,2160,326,306,60.0,120.0
40,2020-11-03 15:23:22.118330,can_tapper17,"rgb(255,127,0)",528.0,479.0,536.0,9.280303030303031,100.0,100.0,6.100322711253336,1500,17.71,2.0,198.0,196.0,0.9654,-7.503787878787879,4.0,2.368699,0.020918367346938777,0.025,0.025,5.13347022587269,1.0829105725376438,1.0200000000001594,1.7887444673306678,0.6674352863212129,59.988773,119.974987,254.261299,2160,297,363,60.0,120.0
41,2020-11-03 15:43:37.308069,can_tapper17,"rgb(255,255,51)",515.0,465.0,520.0,9.70873786407767,100.0,100.0,2.954392424174036,1500,17.875,4.0,212.0,208.0,1.035833,-6.565853658536585,59.0,2.039178,0.022115384615384617,0.024038461538461536,0.024519230769230765,8.875739644970414,1.2525940845479104,1.0200000000001594,1.9029463547871976,0.5653975091286084,59.956043,119.948197,1215.189739,2160,248,344,60.0,120.0
42,2020-11-04 08:39:45.969937,can_tapper17,"rgb(166,86,40)",500.0,448.0,504.0,10.4,90.0,95.0,3.896303953912391,1500,13.505,1.0,259.0,258.0,0.851856,-4.156794425087108,5.0,2.253582,0.015116279069767442,0.020155038759689922,0.01627906976744186,9.090909090909092,1.1707115665376322,1.0000000000001563,1.9029463547871976,0.7123161687770423,59.962051,119.919322,60968.661868,2160,388,529,60.0,120.0
43,2020-11-04 08:52:12.815445,can_tapper17,"rgb(247,129,191)",496.0,455.0,499.0,8.266129032258064,78.00000000000004,87.00000000000001,2.152374289943998,1500,13.62,12.0,178.0,166.0,0.934345,-9.693798449612403,13.0,2.933396,0.010843373493975902,0.02469879518072289,0.012650602409638554,4.602510460251046,0.8537394729779675,0.5000000000000782,2.0171482422437275,0.697111601592268,59.924953,119.887337,746.845508,2158,351,496,60.0,120.0
44,2020-11-04 10:41:13.245758,can_tapper17,"rgb(153,153,153)",499.0,430.0,503.0,13.827655310621243,87.00000000000001,93.75,2.4426766411889735,1500,13.8,0.0,328.0,328.0,0.65456,-10.4,54.0,2.058608,0.01859756097560976,0.02103658536585366,0.01981707317073171,13.304721030042918,1.1054980242927444,1.5200000000002376,2.27471676670449,0.8059182611937762,59.883349,119.928808,6540.430313,2158,383,382,60.0,120.0
45,2020-11-04 13:19:20.903561,can_tapper17,"rgb(228,26,28)",503.0,452.0,507.0,10.139165009940358,93.75,98.75,2.3891743951880913,1500,15.444999999999999,1.0,226.0,225.0,0.788262,-10.796019900497512,5.0,2.284199,0.01688888888888889,0.02266666666666667,0.017777777777777778,14.884696016771489,1.1414086853670258,1.0000000000001563,2.565174071178317,0.4688543500009972,59.978471,119.979211,9487.657803,2160,247,442,60.0,120.0
46,2020-11-04 15:24:08.913977,can_tapper17,"rgb(55,126,184)",504.0,450.0,508.0,10.714285714285714,95.0,100.0,2.266694340752217,1500,16.45,0.0,299.0,299.0,0.719617,-8.545064377682403,54.0,2.2258,0.013712374581939798,0.01806020066889632,0.015050167224080268,8.855291576673865,0.8828709033590001,1.5000000000002345,2.27471676670449,0.7815737469695502,59.955726,119.960062,7488.010416,2160,353,444,60.0,120.0
47,2020-11-05 08:18:01.119219,can_tapper17,"rgb(77,175,74)",502.0,444.0,504.0,11.553784860557768,92.5,95.0,1.0572804699023206,1500,14.191666666666668,0.0,336.0,336.0,0.6596,-3.2509225092250924,7.0,2.659421,0.013392857142857144,0.017261904761904763,0.013988095238095239,9.409190371991247,1.14162778595054,1.0000000000001563,2.0171482422437275,0.7510812782656284,59.862749,119.942301,60832.205242,2158,298,489,60.0,120.0
48,2020-11-05 10:41:05.688536,can_tapper17,"rgb(152,78,163)",499.0,435.0,502.0,12.825651302605209,87.00000000000001,92.5,3.638659394959138,1500,13.866666666666665,0.0,325.0,325.0,0.664701,-14.435406698564593,9.0,2.261018,0.017538461538461537,0.019692307692307693,0.01846153846153846,12.57995735607676,1.3194263674084874,1.0000000000001563,2.0171482422437275,0.7820365020223536,59.978824,119.949049,8584.569317,2160,363,426,60.0,120.0
49,2020-11-05 11:01:37.205906,can_tapper17,"rgb(255,127,0)",496.0,454.0,499.0,8.46774193548387,78.00000000000004,87.00000000000001,0.10609782493256337,1500,14.226190476190476,8.0,209.0,201.0,0.962524,-13.983333333333333,12.0,2.060131,0.016915422885572143,0.020895522388059702,0.018407960199004977,5.785123966942149,1.1172262082767321,1.0000000000001563,2.0171482422437275,0.7239459006359689,59.907149,119.90415,1231.51737,2158,339,661,60.0,120.0
50,2020-11-05 11:16:13.147779,can_tapper17,"rgb(255,255,51)",507.0,453.0,508.0,10.650887573964498,98.75,100.0,0.26311122804888426,1500,14.361666666666668,0.0,237.0,237.0,1.004699,-12.407766990291263,18.0,2.007176,0.016033755274261607,0.02278481012658228,0.016455696202531647,6.183368869936034,1.0728927503926453,1.0000000000001563,2.0171482422437275,0.7998062184961948,59.941358,119.93785,875.941873,2159,305,506,60.0,120.0
51,2020-11-05 13:31:26.712546,can_tapper17,"rgb(166,86,40)",495.0,436.0,499.0,11.91919191919192,75.58333333333339,87.00000000000001,4.391077507144774,1500,15.967857142857145,0.0,336.0,336.0,0.712027,-18.62559241706161,13.0,2.212601,0.012499999999999999,0.01755952380952381,0.01369047619047619,10.375275938189846,1.0298370863477693,1.0000000000001563,2.27471676670449,0.710063541186909,59.852154,119.96535,8113.564767,2158,315,418,60.0,120.0
52,2020-11-05 14:07:15.447015,can_tapper17,"rgb(247,129,191)",508.0,447.0,508.0,12.007874015748031,100.0,100.0,3.547903799067183,1500,15.975,0.0,363.0,363.0,0.634124,-0.6857142857142857,12.0,2.040716,0.01680440771349862,0.01680440771349862,0.01680440771349862,7.172995780590718,1.2209350872753846,1.5000000000002345,62.0758124233524,0.468193373140087,59.806449,119.976174,2148.734469,2158,421,619,60.0,120.0
53,2020-11-05 14:23:50.405561,can_tapper17,"rgb(153,153,153)",504.0,442.0,504.0,12.3015873015873,95.0,95.0,4.2743130108047005,1500,16.16,0.0,471.0,471.0,0.512726,-6.615942028985507,12.0,2.014153,0.005095541401273885,0.013163481953290871,0.005095541401273885,11.666666666666666,1.9024979603356258,1.5000000000002345,119.99999999999996,0.456019216715542,59.863657,119.9993,994.958546,2160,427,562,60.0,120.0
54,2020-11-05 14:59:13.682523,can_tapper17,"rgb(228,26,28)",496.0,438.0,499.0,11.693548387096774,78.00000000000004,87.00000000000001,3.1605525158007386,1500,16.48333333333333,0.0,314.0,314.0,0.78185,-20.703389830508474,12.0,2.2761,0.007961783439490446,0.018471337579617834,0.008917197452229299,6.067415730337078,0.7337448722428292,1.0000000000001563,1.9029463547871976,0.7585120473364599,59.859314,119.987838,2123.276962,2159,381,704,60.0,120.0
55,2020-11-06 10:27:06.517385,can_tapper17,"rgb(55,126,184)",503.0,452.0,507.0,10.139165009940358,93.75,98.75,2.874481277546422,1500,14.275,4.5,245.0,240.5,0.83947,-5.252380952380952,8.0,2.245415,0.01663201663201663,0.021205821205821207,0.01787941787941788,8.620689655172415,1.187626267285009,1.0000000000001563,119.99999999999996,0.45914818713005856,59.958674,119.995494,70072.834862,2160,285,509,60.0,120.0
56,2020-11-06 11:26:38.789095,can_tapper17,"rgb(77,175,74)",500.0,466.0,504.0,6.800000000000001,90.0,95.0,1.221298320576794,1500,14.183333333333332,8.0,145.0,137.0,0.973695,-11.128571428571428,8.0,2.070624,0.01824817518248175,0.024817518248175182,0.02116788321167883,3.1578947368421053,0.5756929206272043,0.5000000000000782,1.7887444673306678,0.7802021731720782,59.870673,78.563201,3572.27171,1662,239,639,60.0,120.0
57,2020-11-10 13:21:33.653975,can_tapper17,"rgb(152,78,163)",508.0,440.0,511.0,13.385826771653544,100.0,100.0,0.6763380783726011,1500,8.0,18.0,350.0,332.0,1.235186,-8.289562289562289,19.0,3.83013,0.016265060240963854,0.020481927710843374,0.01716867469879518,12.368972746331236,1.4173901364962833,1.0000000000001563,2.892719705486028,0.8833692460429519,59.821247,119.981981,352494.86488,2158,424,601,60.0,120.0
58,2020-11-10 13:47:10.581301,can_tapper17,"rgb(255,127,0)",503.0,450.0,504.0,10.536779324055665,93.75,95.0,5.0381355725038945,1500,8.066666666666666,19.0,345.0,326.0,1.522342,-11.677524429967427,182.0,2.018921,0.011656441717791411,0.01625766871165644,0.01196319018404908,5.394190871369295,0.7404444910639609,1.0000000000001563,1.9029463547871976,0.7798441639663137,59.990145,119.914261,1536.927326,2160,390,497,60.0,120.0
59,2020-11-12 08:32:24.076323,can_tapper17,"rgb(255,255,51)",500.0,438.0,500.0,12.4,90.0,90.0,0.8691914974180814,1500,9.74,0.0,380.0,380.0,1.220075,-10.467455621301776,18.0,2.31715,0.010526315789473684,0.01631578947368421,0.010526315789473684,8.008213552361397,0.6880742909159233,1.0000000000001563,3.077404581544478,0.8683407493087069,59.988125,119.854774,153913.495022,2160,465,565,60.0,120.0
60,2020-11-12 14:40:45.476488,can_tapper17,"rgb(166,86,40)",503.0,439.0,504.0,12.72365805168986,93.75,95.0,2.2032187569862285,1500,11.125,13.0,427.0,414.0,0.452151,-14.695081967213115,13.0,2.451577,0.006521739130434783,0.015458937198067634,0.00676328502415459,12.396694214876034,2.2701119693701233,1.5000000000002345,2.0171482422437275,0.8480733244565111,59.870672,119.983494,22101.400165,2159,445,448,60.0,120.0
61,2020-11-16 15:10:14.806015,can_tapper17,"rgb(247,129,191)",497.0,431.0,500.0,13.279678068410464,81.00000000000004,90.0,0.2277778790121417,1500,9.896666666666667,0.0,344.0,344.0,1.522464,-9.72782874617737,181.0,2.021126,0.010465116279069767,0.019186046511627905,0.011337209302325582,6.638115631691649,0.6910940816267737,1.5000000000002345,3.2620894576029285,0.8925101984963946,59.907154,119.942521,347369.329527,2160,417,414,60.0,120.0
62,2020-11-17 09:41:53.199878,can_tapper17,"rgb(153,153,153)",495.0,437.0,500.0,11.717171717171718,75.58333333333339,90.0,4.176748522998733,1500,13.263333333333332,19.0,319.0,300.0,1.62743,-20.055555555555557,169.0,2.126631,0.013000000000000001,0.019333333333333334,0.014666666666666668,9.090909090909092,1.0867212203598087,1.5200000000002376,2.892719705486028,0.8290173831280894,59.964369,119.890029,66698.393863,2158,475,423,60.0,120.0
63,2020-11-19 10:48:03.882452,can_tapper17,"rgb(228,26,28)",496.0,441.0,499.0,11.088709677419354,78.00000000000004,87.00000000000001,2.9373435277078346,1500,10.925,0.0,382.0,382.0,1.439425,-8.7874251497006,77.0,2.032274,0.01099476439790576,0.014397905759162305,0.011780104712041883,7.758620689655173,1.1685347353530167,1.5000000000002345,2.892719705486028,0.8738051888586503,59.856588,119.787604,176770.682574,2157,428,695,60.0,120.0
64,2020-11-19 13:12:17.325795,can_tapper17,"rgb(55,126,184)",495.0,457.0,496.0,7.6767676767676765,75.58333333333339,78.00000000000004,8.560501582443855,1500,10.683333333333334,0.0,412.0,412.0,0.942209,-10.374622356495468,22.0,2.040586,0.0077669902912621365,0.009223300970873788,0.008009708737864078,8.1419624217119,0.6405170229880336,0.5000000000000782,3.2620894576029285,0.8204702217838027,49.010305,119.840786,8653.443343,2028,406,495,60.0,120.0
65,2020-11-23 09:13:59.083622,can_tapper17,"rgb(77,175,74)",499.0,456.0,504.0,8.617234468937877,87.00000000000001,95.0,9.474315668464968,1127,8.15,18.0,464.0,446.0,0.820363,-5.916666666666667,21.0,2.218855,0.005605381165919283,0.009641255605381165,0.006278026905829596,7.724425887265136,0.8641619792459025,1.0000000000001563,3.470356641605033,0.8719115292439525,25.560021,119.812284,331301.757827,1746,397,384,60.0,120.0
66,2020-11-23 13:12:47.233573,can_tapper17,"rgb(152,78,163)",495.0,456.0,500.0,7.878787878787878,75.58333333333339,90.0,6.6070598839991055,1082,7.5,20.0,384.0,364.0,1.128387,-6.938271604938271,105.0,2.031631,0.00989010989010989,0.010714285714285714,0.011263736263736265,6.804123711340206,1.0532352269416307,1.0000000000001563,3.678623825607137,0.8432635393844998,24.654371,69.174307,14328.149951,1128,197,305,60.0,120.0
67,2020-11-24 15:24:28.594468,can_tapper17,"rgb(255,127,0)",493.0,445.0,,9.73630831643002,70.75000000000004,,,0,14.575,16.0,453.0,437.0,0.846783,-38.26168224299065,20.0,2.3463,0.004576659038901602,0.010983981693363844,,8.370044052863436,0.9798617738068898,0.5000000000000782,3.2620894576029285,0.8660634622502381,2.523362,119.816636,94301.360895,1470,334,326,60.0,120.0
68,2020-12-01 08:31:34.341290,can_tapper17,"rgb(255,255,51)",499.0,496.0,499.0,0.6012024048096193,87.00000000000001,87.00000000000001,9.039495139174448,662,2.5,0.0,16.0,16.0,0.614471,1.9042904290429044,308.0,2.7114,0.00625,0.018750000000000003,0.00625,0.6036217303822937,0.1726551533003058,0.020000000000003126,8.048235895709572,0.7566357088757967,16.267753,119.825502,580025.746822,1635,334,316,60.0,120.0
69,2020-12-01 08:31:38.638236,can_tapper17,"rgb(166,86,40)",496.0,460.0,499.0,7.258064516129033,78.00000000000004,87.00000000000001,3.800005970421049,877,,15.0,308.0,293.0,1.11938,-2.166112956810631,96.0,2.026,0.010580204778156996,0.012286689419795221,0.011604095563139932,4.883227176220807,0.38828031000522245,0.5000000000000782,3.2620894576029285,0.85136001658658,20.564699,119.99998,4.296946,1687,342,332,60.0,120.0
70,2020-12-07 07:47:18.830885,can_tapper17,"rgb(247,129,191)",503.0,459.0,504.0,8.747514910536779,93.75,95.0,1.976281835370371,362,19.25,0.0,433.0,433.0,0.902344,-10.270194986072424,13.0,2.397721,0.008083140877598153,0.010161662817551964,0.008314087759815243,9.623430962343097,0.4434938167466434,1.0000000000001563,3.470356641605033,0.8258880386893613,10.262274,119.818483,515740.192649,1563,371,385,60.0,120.0
71,2021-01-04 10:35:13.217420,can_tapper17,"rgb(153,153,153)",500.0,456.0,,8.799999999999999,90.0,,,0,3.55,15.0,289.0,274.0,1.037019,-0.8449367088607594,90.0,2.136516,0.014233576642335766,0.016058394160583942,,2.78372591006424,0.42897476541816565,1.5000000000002345,3.470356641605033,0.8330743044767316,0.63422,119.938727,2429274.386535,1449,320,323,60.0,120.0
72,2021-01-04 11:40:55.717506,can_tapper17,"rgb(228,26,28)",492.0,440.0,498.0,10.569105691056912,68.33333333333339,84.00000000000003,1.7070585364700783,1500,4.941666666666667,0.0,343.0,343.0,1.385678,-8.041666666666666,16.0,2.392143,0.01282798833819242,0.015160349854227406,0.01457725947521866,7.423580786026201,0.9193466486534331,1.0000000000001563,2.0171482422437275,0.7976700312809704,59.901799,119.99985,3942.500086,2160,467,438,60.0,120.0
73,2021-01-15 11:52:19.044348,can_tapper17,"rgb(55,126,184)",495.0,451.0,500.0,8.88888888888889,75.5,90.0,7.163376059347787,1047,5.4,18.0,492.0,474.0,0.919277,-2.5362776025236595,317.0,2.332553,0.006856540084388187,0.00928270042194093,0.00780590717299578,7.1274298056155505,0.8767791679497965,1.7600000000002751,1.5862030873085784,0.07119286359628496,23.95305,119.890702,951083.326842,1728,351,278,60.0,120.0
74,2021-01-15 11:53:31.958349,can_tapper17,"rgb(77,175,74)",492.0,409.0,500.0,16.869918699186993,68.33333333333339,90.0,95.42965130205249,1500,4.38,0.0,317.0,317.0,1.549769,-5.858823529411764,168.0,2.148651,0.013880126182965299,0.026182965299684544,0.01640378548895899,16.93002257336343,1.026085196599855,1.5000000000002345,2.27471676670449,0.8225306792804279,59.859906,119.961726,72.914001,2159,491,388,60.0,120.0
75,2021-01-15 11:58:37.494758,can_tapper17,"rgb(152,78,163)",512.0,439.0,569.0,14.2578125,100.0,100.0,75.40326017921495,1500,4.275,0.0,347.0,347.0,1.250665,4.26,26.0,2.252641,0.014121037463976945,0.021037463976945246,0.030547550432276655,9.67741935483871,0.8250052129904636,1.260000000000197,119.99999999999996,0.148371993279249,59.963316,25.79634,305.536409,1029,203,226,60.0,120.0
76,2021-01-21 16:02:25.186986,can_tapper17,"rgb(255,127,0)",488.0,424.0,491.0,13.114754098360656,60.0,66.25000000000003,0.1545600686934829,1500,17.759999999999998,13.0,499.0,486.0,1.105837,-72.83495145631068,92.0,2.007707,0.009670781893004115,0.01316872427983539,0.0102880658436214,15.702479338842975,2.689857953845972,1.2400000000001938,1.4963993819257158,0.816761210169713,59.888346,119.919877,533027.692228,2158,431,537,60.0,120.0
77,2021-02-03 10:45:23.909488,can_tapper17,"rgb(255,255,51)",503.0,466.0,,7.3558648111332,93.75,,,0,16.1,0.0,433.0,433.0,0.854609,-17.97910447761194,94.0,2.361932,0.006697459584295613,0.008545034642032334,,5.485232067510548,0.5852356503842315,1.260000000000197,3.9134845291898115,0.8000850706494412,1.161862,119.918427,1104178.722502,1455,342,389,60.0,120.0
78,2021-02-03 13:53:32.426188,can_tapper17,"rgb(166,86,40)",503.0,450.0,506.5,10.536779324055665,93.75,98.12500000000001,2.3525254900104513,1500,15.325,18.0,393.0,375.0,1.242243,-16.501694915254237,156.0,2.236995,0.013066666666666666,0.014133333333333333,0.014,2.6476578411405294,0.7613628755632128,1.5000000000002345,2.7289468883321724,0.8517802832529722,59.843223,119.974499,11288.5167,2159,444,581,60.0,120.0
79,2021-02-11 09:55:12.954087,can_tapper17,"rgb(247,129,191)",487.0,436.0,490.0,10.472279260780287,58.21428571428571,64.16666666666669,8.047156176766503,1205,-5.25,0.0,420.0,420.0,1.015112,-1.8104265402843602,195.0,2.015787,0.010238095238095239,0.012142857142857144,0.010952380952380951,7.207207207207207,0.9279190242279988,2.0000000000003126,2.0171482422437275,0.8142514766881028,27.118088,80.702499,676900.527899,1296,246,375,60.0,120.0
80,2021-02-11 10:06:14.938757,can_tapper17,"rgb(153,153,153)",491.0,436.0,492.0,11.201629327902241,66.25000000000003,68.33333333333339,16.56833682394622,267,-4.2,0.0,265.0,265.0,1.116982,0.24213836477987422,92.0,2.128441,0.015471698113207547,0.020754716981132074,0.015849056603773583,7.563025210084033,0.8405433082845355,1.5000000000002345,3.678623825607137,0.8542296099620075,8.349676,119.970634,661.98467,1542,333,382,60.0,120.0
81,2021-02-11 10:34:02.544459,can_tapper17,"rgb(228,26,28)",488.0,433.0,492.0,11.270491803278688,60.0,68.33333333333339,10.84328316138152,472,-4.308333333333333,18.0,470.0,452.0,0.801285,-4.48936170212766,89.0,2.20672,0.009734513274336285,0.012168141592920356,0.010619469026548672,14.163090128755364,0.20167928485444053,1.5000000000002345,3.2620894576029285,0.8551935603775869,12.456657,19.821174,1667.605702,390,73,95,60.0,120.0
82,2021-02-16 10:46:56.034582,can_tapper17,"rgb(55,126,184)",488.0,438.0,492.0,10.245901639344263,60.0,68.33333333333339,11.61560737483962,560,0.9916666666666666,15.5,469.0,453.5,0.903304,-5.941520467836257,173.0,2.300743,0.007276736493936053,0.011025358324145536,0.008158765159867696,6.918238993710692,0.5808508767893427,1.740000000000272,3.2620894576029285,0.8693595010091342,14.210027,119.857213,432773.490123,1611,368,423,60.0,120.0
83,2021-03-08 13:10:13.723789,can_tapper17,"rgb(77,175,74)",495.0,451.0,500.0,8.88888888888889,75.58333333333339,90.0,5.960491537995149,1500,3.208333333333333,19.0,348.0,329.0,0.525679,4.209558823529412,47.0,2.030531,0.00972644376899696,0.013373860182370821,0.011246200607902736,5.831533477321814,1.3299121296273795,1.0000000000001563,119.99999999999996,0.4557543560354218,44.897584,119.906309,1736597.689207,1980,351,114,60.0,120.0
84,2021-03-15 09:03:45.936908,can_tapper17,"rgb(152,78,163)",500.0,437.0,502.0,12.6,90.0,92.5,2.109516412153345e-12,42,5.175,0.0,475.0,475.0,0.511476,-1.3269230769230769,32.0,2.014611,0.006736842105263157,0.013263157894736841,0.007157894736842104,18.803418803418804,1.4235073601975479,1.5000000000002345,2.4199454189414036,0.17684915647006172,3.862343,89.21105,590012.213119,1119,224,229,60.0,120.0
85,2021-03-15 09:13:01.396900,can_tapper17,"rgb(255,127,0)",515.0,466.0,520.0,9.514563106796116,100.0,100.0,22.7648723406812,504,6.5,0.0,205.0,205.0,1.334429,-1.9083333333333334,30.0,2.332552,0.016097560975609757,0.023902439024390248,0.01853658536585366,4.237288135593221,0.6507111337276028,1.0000000000001563,2.4199454189414036,0.2725370181627147,13.09445,52.698631,555.459992,792,136,182,60.0,120.0
86,2021-03-24 08:38:46.993032,can_tapper17,"rgb(255,255,51)",503.0,462.0,,8.151093439363818,93.75,,,0,6.1,0.0,431.0,431.0,0.822169,-3.480769230769231,13.0,2.327282,0.0071925754060324825,0.009512761020881671,,6.0728744939271255,0.6584948308060706,1.5000000000002345,2.892719705486028,0.8157508480349709,2.449204,119.892248,775545.596132,1470,324,466,60.0,120.0
87,2021-03-24 10:14:16.706911,can_tapper17,"rgb(166,86,40)",495.0,461.0,500.0,6.8686868686868685,75.58333333333339,90.0,6.112002716444818,1500,7.85,0.0,397.0,397.0,1.022495,-5.816816816816817,104.0,2.030798,0.004534005037783375,0.008564231738035263,0.005793450881612091,4.329896907216495,0.6878641318001383,0.7600000000001188,2.892719705486028,0.835111564170302,46.515036,119.856491,5729.713879,1998,411,322,60.0,120.0
88,2021-05-12 08:48:06.769965,can_tapper17,"rgb(247,129,191)",483.0,434.0,484.0,10.144927536231885,51.20535714285712,52.857142857142826,8.384718482053438,899,10.8,14.0,468.0,454.0,0.934238,-31.11182108626198,13.0,2.433069,0.008590308370044052,0.01079295154185022,0.00881057268722467,11.013215859030836,0.5252550919171642,1.0000000000001563,3.077404581544478,0.8466154007191321,20.996927,119.832069,4228430.063054,3384,708,832,60.0,120.0
89,2021-05-12 08:48:06.769965,can_tapper17,"rgb(153,153,153)",483.0,434.0,484.0,10.144927536231885,51.20535714285712,52.857142857142826,8.384718482053438,899,10.8,14.0,468.0,454.0,0.934238,-31.11182108626198,13.0,2.433069,0.008590308370044052,0.01079295154185022,0.00881057268722467,11.013215859030836,0.5252550919171642,1.0000000000001563,3.077404581544478,0.8466154007191321,20.996927,119.832069,0.0,3384,708,832,60.0,120.0
90,2021-05-12 09:24:43.536720,can_tapper17,"rgb(228,26,28)",507.0,472.0,510.0,6.903353057199212,98.75,100.0,13.026758262620255,485,13.9,17.0,441.0,424.0,0.818807,-48.93181818181818,17.0,2.314116,0.006132075471698114,0.008254716981132075,0.006839622641509434,2.286902286902287,0.476159249115678,0.7400000000001157,3.2620894576029285,0.8361422802588674,12.709504,48.82139,2196.766755,741,161,138,60.0,120.0
91,2021-05-12 12:38:49.686586,can_tapper17,"rgb(55,126,184)",499.0,437.0,499.0,12.424849699398797,87.00000000000001,87.00000000000001,0.8405159291179406,1500,15.75,0.0,335.0,335.0,1.335521,17.5,18.0,2.331955,0.010447761194029851,0.018507462686567163,0.010447761194029851,14.947368421052632,0.5638742927974449,1.0000000000001563,0.7768729930750665,0.8853204001887944,59.912898,3.098669,11646.149866,757,71,177,60.0,120.0
92,2021-06-01 13:32:46.595631,can_tapper17,"rgb(77,175,74)",467.0,409.0,470.0,12.419700214132762,40.0,40.0,8.866944056040559,1316,19.475,17.0,375.0,358.0,1.509675,-104.10606060606061,200.0,2.012577,0.01452513966480447,0.016201117318435754,0.01536312849162011,8.240534521158128,0.8382260908835242,1.260000000000197,3.2620894576029285,0.8430165172557875,29.332936,63.711118,1731236.909045,1119,266,380,60.0,120.0
93,2021-06-03 08:49:55.776318,can_tapper17,"rgb(152,78,163)",516.0,484.0,520.0,6.2015503875969,100.0,100.0,9.232686438416007,1067,24.575,0.0,385.0,385.0,1.033448,-25.428571428571427,113.0,2.042492,0.0033766233766233766,0.008311688311688312,0.004415584415584416,1.36986301369863,0.19495162099808194,1.0000000000001563,2.291161156711022,0.5383700478640183,24.351019,33.427755,155829.180687,696,128,167,60.0,120.0
94,2021-06-04 07:24:19.643587,can_tapper17,"rgb(255,127,0)",527.0,489.0,534.0,7.2106261859582546,100.0,100.0,19.514264833345962,632,25.7,11.0,225.0,214.0,1.213978,-10.054237288135592,9.0,2.806716,0.016822429906542057,0.017757009345794394,0.02009345794392523,2.127659574468085,0.46768385906330023,1.0000000000001563,4.985352797719637,0.7967573673120293,15.664867,119.920215,81263.867269,1629,329,384,60.0,120.0
95,2021-06-04 08:26:47.893412,can_tapper17,"rgb(255,255,51)",516.0,451.0,520.0,12.5968992248062,100.0,100.0,7.676207856091248,1500,25.405,10.0,499.0,489.0,0.735829,-21.45045045045045,169.0,2.138356,0.01329243353783231,0.01329243353783231,0.01411042944785276,3.6144578313253013,0.9369689149865601,1.5000000000002345,2.892719705486028,0.7561975853605836,59.960258,93.868902,3748.249825,1848,317,407,60.0,120.0
96,2021-06-07 08:50:42.308037,can_tapper17,"rgb(166,86,40)",498.0,434.0,500.0,12.851405622489958,84.00000000000003,90.0,3.0575035811121998,1500,21.208333333333332,13.0,340.0,327.0,1.22419,-20.226114649681527,14.0,2.323119,0.012232415902140673,0.019571865443425075,0.012844036697247709,11.210762331838565,1.4194644147196733,1.0200000000001594,2.565174071178317,0.7155227554063999,59.894774,119.939117,260634.414625,2158,436,872,60.0,120.0
97,2021-06-07 10:07:21.190420,can_tapper17,"rgb(247,129,191)",503.0,441.0,509.0,12.326043737574553,93.75,98.75,8.448359310380042,1500,22.275,0.0,385.0,385.0,1.146112,-21.806451612903224,12.0,2.643952,0.009090909090909092,0.016103896103896103,0.01064935064935065,7.349665924276169,0.7081725816004291,1.0000000000001563,1.6874737773196231,0.5152117880791871,59.960546,119.862399,4598.882383,2158,374,548,60.0,120.0
98,2021-06-07 10:26:13.760796,can_tapper17,"rgb(153,153,153)",499.0,445.0,502.0,10.821643286573146,87.00000000000001,92.5,3.879779502123525,1500,22.3375,11.5,500.0,488.5,0.847614,-25.0,13.0,2.248337,0.008393039918116685,0.01105424769703173,0.009007164790174,9.170305676855895,1.1334596113056628,1.0000000000001563,1.5862030873085784,0.6217565470868156,59.96781,119.858619,1132.570376,2158,430,653,60.0,120.0
99,2021-06-07 10:41:16.918368,can_tapper17,"rgb(228,26,28)",499.0,436.0,499.0,12.625250501002002,87.00000000000001,87.00000000000001,6.842714152316133,1500,22.65833333333333,0.0,498.0,498.0,0.636587,-24.00772200772201,34.0,2.0393,0.011244979919678714,0.012650602409638553,0.011244979919678714,11.727078891257996,1.226067735321824,1.5000000000002345,1.7887444673306678,0.6744740733698609,59.962576,119.951024,903.157572,2160,379,659,60.0,120.0
100,2021-07-08 08:36:26.375488,can_tapper17,"rgb(55,126,184)",499.0,435.0,503.0,12.825651302605209,87.00000000000001,93.75,2.339521039786857,1500,20.5,16.0,414.0,398.0,1.155302,-16.5565749235474,156.0,2.157002,0.013567839195979899,0.016080402010050253,0.014572864321608038,3.95010395010395,0.9090231916913838,1.0000000000001563,2.565174071178317,0.7357346837319223,59.951722,119.879703,2670909.45712,2160,450,509,60.0,120.0
101,2021-07-12 12:41:25.411773,can_tapper17,"rgb(77,175,74)",495.0,449.0,499.0,9.292929292929292,75.58333333333339,87.00000000000001,4.475504211334428,1500,19.966666666666665,0.0,290.0,290.0,1.107327,-16.072100313479623,108.0,2.111176,0.011034482758620689,0.015862068965517243,0.012413793103448277,10.447761194029852,0.5803760803932809,0.5000000000000782,3.2620894576029285,0.8331093279977602,43.487996,119.868451,360299.036285,1962,389,505,60.0,120.0
102,2021-07-12 13:01:08.291495,can_tapper17,"rgb(152,78,163)",498.0,440.0,500.0,11.646586345381527,84.00000000000003,90.0,2.7178945412859936,1500,18.35,0.0,315.0,315.0,0.472549,-25.1993006993007,22.0,2.471156,0.007301587301587302,0.018412698412698412,0.007619047619047619,10.833333333333334,2.04981975649499,1.5000000000002345,2.0171482422437275,0.79112984673731,59.924156,119.903874,1182.879722,2158,365,499,60.0,120.0
103,2021-07-20 07:21:30.860659,can_tapper17,"rgb(255,127,0)",498.0,469.0,499.0,5.8232931726907635,84.00000000000003,87.00000000000001,4.7851754600772525,1500,21.866666666666667,0.0,375.0,375.0,1.136472,-14.30817610062893,17.0,2.04187,0.0064,0.007733333333333333,0.006666666666666667,1.2658227848101267,0.5813277273132621,0.5000000000000782,2.7289468883321724,0.5477105456015436,41.196209,119.931602,670822.569164,1935,386,508,60.0,120.0
104,2021-07-20 10:01:22.386281,can_tapper17,"rgb(255,255,51)",512.0,468.0,515.0,8.59375,100.0,100.0,21.52627558131359,348,21.275,0.0,235.0,235.0,1.090726,-13.946843853820598,17.0,2.688919,0.016170212765957447,0.018723404255319147,0.017446808510638297,2.4,0.6596984006271844,1.0000000000001563,2.7289468883321724,0.587340764699918,9.980129,119.858514,9591.525622,1560,315,408,60.0,120.0
105,2021-07-20 10:18:21.066594,can_tapper17,"rgb(166,86,40)",520.0,472.0,,9.230769230769232,100.0,,,0,21.31,17.0,236.0,219.0,1.025212,-10.390681003584229,16.0,2.021636,0.014155251141552512,0.021917808219178086,,6.4833005893909625,0.8177259691603704,1.0000000000001563,2.892719705486028,0.7342237404588617,0.89735,119.952092,1018.680313,1452,284,583,60.0,120.0
106,2021-07-20 15:14:30.445601,can_tapper17,"rgb(247,129,191)",484.0,464.0,502.0,4.132231404958678,52.857142857142826,92.5,15.911623702043077,727,24.95,91.0,452.0,361.0,1.0267,-23.286852589641434,23.0,2.031972,0.004432132963988919,0.00554016620498615,0.009418282548476454,1.0570824524312896,0.4152554414187331,0.020000000000003126,3.077404581544478,0.8151214764240992,17.549158,119.990699,17769.379007,1651,303,391,60.0,120.0
107,2021-07-22 13:22:37.388067,can_tapper17,"rgb(153,153,153)",495.0,458.0,499.0,7.474747474747474,75.58333333333339,87.00000000000001,10.07780927664603,991,19.325,19.0,236.0,217.0,1.020598,-12.756183745583039,20.0,2.111572,0.014285714285714285,0.017050691244239632,0.016129032258064516,2.268041237113402,0.577514553272085,0.5000000000000782,2.892719705486028,0.6519265891659363,22.827485,119.993757,166086.942466,1714,316,511,60.0,120.0
108,2021-07-22 14:39:54.776193,can_tapper17,"rgb(228,26,28)",499.0,460.0,503.0,7.8156312625250495,87.00000000000001,93.75,11.735003919477364,817,20.64166666666667,18.5,222.0,203.5,1.121192,-11.160535117056856,21.0,2.111592,0.013267813267813268,0.019164619164619163,0.015233415233415235,4.166666666666667,0.3777258682918496,0.7600000000001188,2.892719705486028,0.713985694312151,19.364047,119.972897,4637.388126,1674,333,452,60.0,120.0
109,2021-07-22 16:16:58.539264,can_tapper17,"rgb(55,126,184)",499.0,465.0,502.0,6.813627254509018,87.00000000000001,92.5,24.878581704503038,281,22.833333333333336,18.0,418.0,400.0,0.928721,-11.199324324324325,17.0,2.424576,0.00625,0.0085,0.007000000000000001,2.5641025641025643,0.5343750939851954,0.5000000000000782,2.892719705486028,0.656005580240445,8.644964,119.946429,5823.763071,1545,318,376,60.0,120.0
110,2021-08-13 09:16:46.341868,can_tapper17,"rgb(77,175,74)",483.0,438.0,486.0,9.316770186335404,51.20535714285712,56.428571428571416,12.101080933811954,1500,21.75,17.0,224.0,207.0,1.123024,-61.275080906148865,13.0,2.219898,0.011594202898550725,0.021739130434782608,0.013043478260869565,7.795100222717149,1.1151750665552138,1.0000000000001563,3.2620894576029285,0.8445714799726559,48.797393,119.773496,1875587.802604,2025,393,458,60.0,120.0
111,2021-08-13 11:52:24.757707,can_tapper17,"rgb(152,78,163)",494.0,447.0,495.0,9.51417004048583,73.16666666666671,75.58333333333339,5.448608299407495,859,21.825,0.0,273.0,273.0,1.024955,-55.87234042553192,22.0,2.1236,0.012454212454212455,0.017216117216117217,0.012820512820512822,4.424778761061947,0.6089821589229292,1.0000000000001563,3.2620894576029285,0.7316848540242478,20.206694,119.88065,9338.415839,1683,320,363,60.0,120.0
112,2021-08-27 09:06:48.041966,can_tapper17,"rgb(255,127,0)",495.0,451.0,499.0,8.88888888888889,75.58333333333339,87.00000000000001,8.187246834258321,882,14.925,0.0,397.0,397.0,1.030552,-9.136645962732919,23.0,2.031671,0.008060453400503778,0.011083123425692695,0.00906801007556675,9.594882729211088,1.471802911027317,1.0000000000001563,3.077404581544478,0.778611787028141,20.65005,119.92935,1199663.284259,1689,368,468,60.0,120.0
113,2021-08-31 13:09:08.637376,can_tapper17,"rgb(255,255,51)",495.0,455.0,495.0,8.080808080808081,75.58333333333339,75.58333333333339,2.709638571489728,374,18.6,19.0,416.0,397.0,0.925596,-13.184848484848485,18.0,2.026324,0.00831234256926952,0.010075566750629723,0.00831234256926952,9.623430962343097,0.6342306897556238,0.5000000000000782,3.2620894576029285,0.8494663041467927,10.496534,119.857671,360140.59541,1566,350,429,60.0,120.0
114,2021-09-02 13:40:17.670446,can_tapper17,"rgb(166,86,40)",486.0,441.0,487.0,9.25925925925926,56.428571428571416,58.21428571428571,1.2136622034279598e-12,55,20.35,20.0,433.0,413.0,1.014676,-33.28212290502793,223.0,2.015871,0.006779661016949153,0.010895883777239709,0.0070217917675544795,8.296943231441048,0.553199785095635,0.5000000000000782,2.27471676670449,0.1873008363421096,4.111065,119.980229,174669.03307,1491,379,313,60.0,120.0
115,2021-09-02 13:41:41.533068,can_tapper17,"rgb(247,129,191)",506.0,456.0,523.0,9.881422924901186,97.5,100.0,62.91353018378106,1500,18.03333333333333,26.5,223.0,196.5,1.279653,-49.02446483180428,20.0,2.278956,0.017302798982188297,0.025445292620865142,0.025954198473282442,7.070707070707071,0.7644721929324163,1.0000000000001563,2.145932504474109,0.8023471037737506,59.963374,119.908249,83.862622,2160,514,439,60.0,120.0
116,2021-09-02 13:49:52.375994,can_tapper17,"rgb(153,153,153)",499.0,444.0,502.0,11.022044088176353,87.00000000000001,92.5,4.18454408201898,1500,18.09166666666667,0.0,318.0,318.0,1.833193,-38.1436170212766,167.0,2.337257,0.011006289308176102,0.01729559748427673,0.011949685534591196,3.0927835051546393,0.5532592743238219,1.5000000000002345,2.0171482422437275,0.2401387637358534,59.8133,73.006241,490.842926,1596,276,242,60.0,120.0
117,2021-09-16 09:14:13.355925,can_tapper17,"rgb(228,26,28)",478.0,411.0,478.0,14.01673640167364,43.124999999999986,43.124999999999986,0.5924447077533321,1500,15.919999999999998,17.0,331.0,314.0,1.4588,-47.447447447447445,18.0,2.061675,0.013057324840764332,0.021337579617834394,0.013057324840764332,12.32876712328767,1.2712628068837444,1.0000000000001563,2.892719705486028,0.8684271068343881,59.952099,119.932819,1193060.979931,2160,463,608,60.0,120.0
118,2021-09-16 10:34:34.841507,can_tapper17,"rgb(55,126,184)",474.0,419.0,479.0,11.60337552742616,40.0,44.68749999999998,3.5254593446479925,1500,16.175,23.0,319.0,296.0,1.371026,-69.62962962962963,27.0,2.07,0.0125,0.018581081081081082,0.01418918918918919,7.829977628635347,1.4157089968589978,1.0000000000001563,2.145932504474109,0.8907129587352837,59.889031,119.947225,4821.485582,2159,547,512,60.0,120.0
119,2021-09-24 08:09:32.553197,can_tapper17,"rgb(77,175,74)",499.0,456.0,503.0,8.617234468937877,87.00000000000001,93.75,4.145309385903226,345,16.4,0.0,450.0,450.0,0.509469,-8.058641975308642,16.0,2.017586,0.006888888888888889,0.009555555555555555,0.007777777777777779,6.382978723404255,1.3990642827903454,1.0000000000001563,2.892719705486028,0.709838326717021,9.911953,118.928145,682497.71169,1548,349,414,60.0,120.0
120,2021-09-24 10:26:30.917055,can_tapper17,"rgb(152,78,163)",502.0,465.0,503.0,7.370517928286853,92.5,93.75,1.4489855098421256e-12,39,16.8,0.0,455.0,455.0,0.841524,-11.885167464114833,177.0,2.238549,0.008131868131868131,0.008131868131868131,0.008351648351648353,1.8329938900203666,0.39540525779843305,0.5000000000000782,2.892719705486028,0.3171569612460783,3.80043,119.999919,8218.363858,1003,223,202,60.0,120.0
121,2021-09-27 11:12:15.102560,can_tapper17,"rgb(255,127,0)",487.0,429.0,490.0,11.90965092402464,58.21428571428571,64.16666666666669,0.1699822977697091,1500,16.266666666666666,14.0,376.0,362.0,1.204425,-47.586319218241044,15.0,2.304177,0.01132596685082873,0.016022099447513812,0.012154696132596685,11.312217194570136,1.170027510521611,1.0200000000001594,3.2620894576029285,0.7634695643999134,59.907732,119.980399,261944.185505,2159,435,524,60.0,120.0
122,2021-09-28 08:39:12.145575,can_tapper17,"rgb(255,255,51)",487.0,439.0,,9.856262833675565,58.21428571428571,,,0,12.941666666666668,0.0,470.0,470.0,0.927967,-84.35555555555555,12.0,2.937538,0.006808510638297873,0.01021276595744681,,4.504504504504505,0.5518117759880298,1.0000000000001563,3.2620894576029285,0.8563430765850282,0.092671,119.98723,77217.043015,1443,321,445,60.0,120.0
123,2021-09-28 14:37:44.544793,can_tapper17,"rgb(166,86,40)",471.0,426.0,474.0,9.554140127388536,40.0,40.0,0.6070313809027493,1500,17.083333333333332,0.0,445.0,445.0,0.963149,-24.282894736842106,31.0,2.467123,0.007865168539325843,0.010112359550561799,0.008539325842696628,7.339449541284404,1.2901120013560847,1.0000000000001563,62.0758124233524,0.43344708144408106,59.929447,119.958531,21512.399218,2159,242,244,60.0,120.0
124,2021-09-28 18:11:26.152117,can_tapper17,"rgb(247,129,191)",457.0,390.0,458.0,14.660831509846828,40.0,40.0,0.3920001742221107,1500,19.0,0.0,441.0,441.0,0.818944,-202.2431506849315,20.0,2.417959,0.0108843537414966,0.015192743764172335,0.011111111111111112,10.513447432762836,1.4750640941608744,1.0000000000001563,3.678623825607137,0.8725827123985913,43.765754,119.80116,12821.607324,1965,373,393,60.0,120.0
125,2021-09-28 18:17:37.155731,can_tapper17,"rgb(153,153,153)",486.0,439.0,486.0,9.670781893004115,56.428571428571416,56.428571428571416,4.947042198684278,1500,19.3,13.5,221.0,207.5,1.271953,-192.57236842105263,16.0,3.464279,0.01349397590361446,0.02265060240963855,0.01349397590361446,11.11111111111111,0.7225454241808162,0.5200000000000813,4.148345232772487,0.9394672139004827,59.85997,119.980584,371.003614,2160,419,609,60.0,120.0
126,2021-10-04 08:15:31.237581,can_tapper17,"rgb(228,26,28)",498.0,446.0,502.0,10.441767068273093,84.00000000000003,92.5,7.285398793509415,1500,10.4,0.0,392.0,392.0,1.027941,-6.515923566878981,16.0,2.029845,0.011479591836734693,0.013265306122448979,0.012499999999999999,11.397849462365592,1.6931638375091804,1.0000000000001563,3.077404581544478,0.736618200199578,37.605366,119.986734,482274.08185,1893,383,557,60.0,120.0
127,2021-10-04 11:29:00.732855,can_tapper17,"rgb(55,126,184)",498.0,433.0,499.0,13.052208835341366,84.00000000000003,87.00000000000001,1.021680454079961,1500,11.163333333333332,14.5,377.0,362.5,1.183228,-23.591639871382636,15.0,2.275396,0.014344827586206896,0.01793103448275862,0.014620689655172416,9.251101321585903,1.2747608261598113,0.7600000000001188,2.0171482422437275,0.8100429874529398,59.923672,119.924303,11609.495274,2159,485,531,60.0,120.0
128,2021-10-04 13:03:09.535110,can_tapper17,"rgb(77,175,74)",496.0,451.0,499.0,9.07258064516129,78.00000000000004,87.00000000000001,8.843540243896139e-14,1500,12.495000000000001,0.0,334.0,334.0,1.494095,-27.266211604095563,16.0,2.093576,0.011676646706586826,0.01347305389221557,0.012574850299401199,3.4188034188034186,1.0089621365569608,1.0000000000001563,1.7887444673306678,0.6095976239855411,59.994574,119.829725,5648.802255,2158,436,418,60.0,120.0
129,2021-10-04 13:57:37.209674,can_tapper17,"rgb(152,78,163)",498.0,436.0,499.0,12.449799196787147,84.00000000000003,87.00000000000001,0.3675557189133609,1500,13.209999999999999,0.0,499.0,499.0,0.687274,-26.901287553648068,57.0,2.187775,0.009218436873747494,0.012424849699398798,0.009418837675350702,9.734513274336283,1.2837182808640284,1.5000000000002345,1.9029463547871976,0.7597318414489661,59.9858,119.986474,3267.674564,2160,371,493,60.0,120.0
130,2021-10-05 16:07:52.570595,can_tapper17,"rgb(255,127,0)",522.0,474.0,531.0,9.195402298850574,100.0,100.0,51.61916960851166,1500,16.0,0.0,500.0,500.0,0.665595,-8.782051282051283,94.0,2.075871,0.0092,0.009600000000000001,0.011,10.588235294117647,0.8647822891867254,1.260000000000197,60.55304472869216,0.07121735115582994,59.866362,119.959705,94215.360921,2159,196,428,60.0,120.0
131,2021-10-06 07:45:28.027351,can_tapper17,"rgb(255,255,51)",498.0,458.0,502.0,8.032128514056225,84.58333333333334,92.5,1.810445249086284,1500,12.325,15.0,253.0,238.0,0.998824,-15.01510574018127,71.0,2.097062,0.015126050420168069,0.01680672268907563,0.01680672268907563,6.209850107066381,0.9203229831059638,0.5000000000000782,2.145932504474109,0.7026735405208524,59.982726,119.962579,56255.456756,2159,374,394,60.0,120.0
132,2021-10-07 14:53:32.034478,can_tapper17,"rgb(166,86,40)",496.0,457.0,496.0,7.862903225806452,78.00000000000004,78.00000000000004,2.997325776588529,1500,14.9625,0.0,411.0,411.0,1.036488,-20.96629213483146,240.0,2.03758,0.007055961070559611,0.00948905109489051,0.007055961070559611,6.804123711340206,1.6114591958939777,1.0000000000001563,2.0171482422437275,0.23807753954700495,59.91661,119.881961,112084.007127,1532,267,343,60.0,120.0
133,2021-10-07 14:54:35.097475,can_tapper17,"rgb(247,129,191)",502.0,448.0,577.0,10.756972111553784,92.5,100.0,158.41380528854177,422,15.0,0.0,240.0,240.0,1.055642,-22.68238993710692,17.0,2.040636,0.015833333333333335,0.022500000000000003,0.04708333333333334,10.638297872340425,0.6513667104634417,0.5200000000000813,3.2620894576029285,0.8367463564974817,59.972713,119.848755,63.062997,1532,343,360,60.0,120.0
134,2021-10-07 15:07:44.353128,can_tapper17,"rgb(153,153,153)",511.0,444.0,515.0,13.111545988258316,100.0,100.0,3.501841556373376,1500,15.01666666666667,13.5,466.0,452.5,1.133304,-18.59090909090909,65.0,2.134181,0.010386740331491713,0.014806629834254143,0.011270718232044199,8.502024291497976,1.0719156516814083,1.260000000000197,2.0171482422437275,0.7463878596354161,59.980044,119.909007,789.255653,2159,427,543,60.0,120.0
135,2021-10-11 15:06:23.728068,can_tapper17,"rgb(228,26,28)",531.0,487.0,535.0,8.286252354048965,100.0,100.0,7.5643627502467075,567,11.99,0.0,338.0,338.0,1.023674,-8.782978723404256,31.0,2.025297,0.007692307692307692,0.01301775147928994,0.008875739644970414,9.270216962524655,1.324204720466951,1.0000000000001563,2.565174071178317,0.48522029330248606,14.363083,84.178973,345519.37494,1183,265,258,60.0,120.0
136,2021-10-28 12:29:12.254368,can_tapper17,"rgb(55,126,184)",503.0,464.0,507.0,7.75347912524851,93.75,98.75,17.830076249317504,485,12.35,0.0,499.0,499.0,0.816788,-6.911458333333333,224.0,2.221646,0.0060120240480961915,0.00781563126252505,0.0066132264529058125,6.329113924050633,0.8682098333480788,1.0000000000001563,2.565174071178317,0.2058802120492934,12.703414,119.936841,1459368.5263,1065,215,244,60.0,120.0
137,2021-10-28 12:30:43.031872,can_tapper17,"rgb(77,175,74)",499.0,458.0,582.0,8.216432865731463,87.00000000000001,100.0,109.48780896552262,790,10.575,0.0,224.0,224.0,1.021144,-7.554545454545455,18.0,2.025631,0.01205357142857143,0.01830357142857143,0.04910714285714285,6.837606837606837,0.9726354908793231,0.5000000000000782,3.2620894576029285,0.8465924554455401,59.956781,119.954112,90.777504,1632,380,434,60.0,120.0
138,2021-10-28 12:50:20.172315,can_tapper17,"rgb(152,78,163)",491.0,431.0,496.0,12.219959266802444,66.25000000000003,78.00000000000004,3.0679213635202074,1500,10.608333333333334,0.0,397.0,397.0,0.510365,-9.755681818181818,185.0,2.010494,0.006297229219143576,0.015113350125944584,0.007556675062972293,12.340425531914894,2.365800272369017,1.5000000000002345,2.27471676670449,0.8063248453358254,59.998558,119.893834,1177.140443,2159,493,394,60.0,120.0
139,2021-11-04 08:17:07.541018,can_tapper17,"rgb(255,127,0)",495.0,451.0,502.0,8.88888888888889,75.58333333333339,92.5,7.64106117380375,1500,4.7,0.0,491.0,491.0,0.529667,-3.7815384615384615,18.0,2.027402,0.006517311608961305,0.008961303462321792,0.007942973523421588,6.236559139784946,1.3690466313386298,1.0000000000001563,2.892719705486028,0.8059808854424764,33.159328,119.930854,588407.368703,1839,377,517,60.0,120.0
140,2021-11-04 09:11:43.646406,can_tapper17,"rgb(255,255,51)",487.0,430.0,490.0,11.704312114989733,58.21428571428571,64.16666666666669,2.1478942879525644,1500,6.475,28.5,483.0,454.5,1.042918,-17.879411764705882,41.0,2.040775,0.01144114411441144,0.012541254125412541,0.0121012101210121,9.90990990990991,1.3168061853557518,1.5000000000002345,2.565174071178317,0.8358282172303851,59.882899,119.976756,3276.105388,2160,519,617,60.0,120.0
141,2021-11-04 10:39:23.668136,can_tapper17,"rgb(166,86,40)",495.0,434.0,498.0,12.323232323232324,75.58333333333339,84.00000000000003,1.0177160078734655,1500,7.875,11.0,385.0,374.0,1.267445,-16.15335463258786,20.0,2.367327,0.013368983957219251,0.016310160427807485,0.014171122994652407,11.349036402569594,1.0415954722459744,1.5000000000002345,2.291161156711022,0.7960627974065257,59.971423,119.949648,5260.02173,2160,450,421,60.0,120.0
142,2021-11-11 13:19:58.012830,can_tapper17,"rgb(247,129,191)",494.0,434.0,498.0,12.145748987854251,73.16666666666671,84.00000000000003,5.210793427018484,1500,6.933333333333333,14.0,325.0,311.0,1.679617,-4.431192660550459,170.0,2.178152,0.01382636655948553,0.01929260450160772,0.015112540192926046,6.0344827586206895,0.8129711813715399,1.5000000000002345,61.13735838335222,0.16665635723996453,59.999537,119.917429,614434.344694,2160,427,365,60.0,120.0
143,2021-11-11 13:27:16.585228,can_tapper17,"rgb(153,153,153)",490.0,439.0,492.0,10.408163265306122,64.16666666666669,68.33333333333339,3.429557079802474,1500,8.7125,0.0,342.0,342.0,1.389638,-2.935344827586207,31.0,2.484412,0.01345029239766082,0.014912280701754387,0.014035087719298246,8.817204301075268,1.3519487652694453,1.0200000000001594,58.350444692249376,0.4366873973615535,59.896964,119.936225,438.572398,2159,320,321,60.0,120.0
144,2021-11-11 13:29:21.209828,can_tapper17,"rgb(228,26,28)",494.0,439.0,498.0,11.133603238866396,73.16666666666671,84.00000000000003,3.252330334368502,1500,8.716666666666665,14.0,343.0,329.0,1.212806,-14.40983606557377,18.0,2.811574,0.014893617021276596,0.016717325227963525,0.016109422492401215,9.492273730684326,1.251260050799513,1.0000000000001563,2.0171482422437275,0.7016604429270172,59.994895,119.983256,124.6246,2160,430,459,60.0,120.0
145,2021-11-11 14:04:05.026826,can_tapper17,"rgb(55,126,184)",494.0,425.0,495.0,13.96761133603239,73.16666666666671,75.58333333333339,2.4233521881561617,1500,9.025,14.0,474.0,460.0,1.079594,0.3298245614035088,28.0,2.077275,0.010869565217391306,0.015,0.011086956521739131,13.043478260869565,1.3967197763778905,1.5000000000002345,21.048289009981083,0.25253398779721037,59.998205,119.969702,2083.816998,2160,384,390,60.0,120.0
146,2021-11-11 14:20:53.552072,can_tapper17,"rgb(77,175,74)",495.0,432.0,498.0,12.727272727272727,75.58333333333339,84.00000000000003,3.294721464319947,1500,10.975,0.0,309.0,309.0,1.577002,-17.367952522255194,161.0,2.079326,0.014239482200647247,0.020388349514563107,0.015210355987055018,10.961968680089486,1.1230962314719901,1.5000000000002345,2.565174071178317,0.8061948573902623,59.98515,119.939213,1008.525246,2160,455,346,60.0,120.0
147,2021-11-23 09:32:54.242715,can_tapper17,"rgb(152,78,163)",503.0,454.0,506.0,9.74155069582505,93.75,97.5,1.3440458107639473e-12,59,5.175,0.0,386.0,386.0,1.005099,-2.069277108433735,15.0,2.007898,0.010103626943005182,0.012694300518134716,0.010880829015544043,12.033195020746888,0.953301564213727,1.5200000000002376,2.892719705486028,0.779768470996433,4.210159,119.872709,1019520.690643,1491,349,460,60.0,120.0
148,2021-11-23 11:05:16.859688,can_tapper17,"rgb(255,127,0)",487.0,432.0,490.0,11.293634496919918,58.21428571428571,64.16666666666669,2.7395656620287485,1500,6.83,30.5,342.0,311.5,1.261519,-14.948424068767908,33.0,2.362621,0.01637239165329053,0.01765650080256822,0.017335473515248796,9.650924024640657,0.4938955395853687,1.0200000000001594,2.145932504474109,0.8117229908252823,59.828201,119.798581,5542.616973,2157,570,439,60.0,120.0
149,2021-11-24 08:21:43.748491,can_tapper17,"rgb(255,255,51)",498.0,463.0,502.0,7.028112449799197,84.00000000000003,92.5,5.125157833402605,1500,10.6,0.0,323.0,323.0,1.017925,-7.264094955489615,21.0,2.023976,0.009287925696594427,0.010835913312693499,0.010526315789473686,5.882352941176471,0.5652095045709606,0.5000000000000782,2.892719705486028,0.8095059644635897,51.38716,119.94634,76586.888803,2058,398,436,60.0,120.0
150,2021-11-24 08:35:42.268232,can_tapper17,"rgb(166,86,40)",491.0,431.0,494.0,12.219959266802444,66.25000000000003,73.16666666666671,1.4980895547063973,1500,8.716666666666665,0.0,345.0,345.0,1.29226,-11.574923547400612,22.0,2.491008,0.010434782608695653,0.017391304347826087,0.011304347826086957,12.967032967032967,1.6201580455381206,1.260000000000197,2.27471676670449,0.8363378372565429,59.931218,119.9163,838.519741,2160,542,547,60.0,120.0
151,2021-11-24 10:17:22.870944,can_tapper17,"rgb(247,129,191)",490.0,431.0,491.0,12.040816326530612,64.16666666666669,66.25000000000003,2.8201152515774477e-13,1500,9.690000000000001,24.5,371.0,346.5,1.270199,-41.38996138996139,26.0,2.264063,0.012987012987012988,0.017027417027417027,0.013275613275613277,9.172259507829978,0.7071992508783085,0.7600000000001188,2.0171482422437275,0.7609174018316849,59.993628,119.831126,6100.602712,2159,336,666,60.0,120.0
152,2021-11-24 11:41:36.681596,can_tapper17,"rgb(153,153,153)",498.5,440.0,502.0,11.735205616850552,85.4375,92.5,3.0780013680000735,1500,10.5,0.0,421.0,421.0,1.346374,-30.03235294117647,24.0,2.344702,0.011045130641330166,0.013895486935866983,0.011876484560570073,8.533916849015318,0.9736875104567155,1.0000000000001563,2.145932504474109,0.7761525482506673,59.939825,119.955704,5053.810652,2159,431,496,60.0,120.0
153,2021-11-29 07:11:34.404355,can_tapper17,"rgb(228,26,28)",491.0,416.0,492.0,15.274949083503056,66.25000000000003,68.33333333333339,4.4077264034335535,1500,1.975,0.0,370.0,370.0,1.335307,-6.896656534954407,92.0,2.438183,0.012972972972972974,0.02027027027027027,0.013243243243243243,19.48051948051948,0.5556518852330845,1.5000000000002345,3.2856717655465824,0.8849670813155938,59.820418,119.782549,415797.722759,2157,416,620,60.0,120.0
154,2021-11-29 10:22:06.754044,can_tapper17,"rgb(55,126,184)",483.0,431.0,483.0,10.766045548654244,51.20535714285712,51.20535714285712,2.0586558921909938e-13,1500,5.2666666666666675,33.0,465.0,432.0,1.390394,-60.492537313432834,52.0,2.028378,0.010879629629629631,0.012037037037037037,0.010879629629629631,6.25,1.0815188430562923,1.5000000000002345,3.47638093445884,0.5924576567792847,59.972575,119.926774,11432.349689,2159,502,489,60.0,120.0
155,2021-11-29 15:10:04.801852,can_tapper17,"rgb(77,175,74)",448.0,363.0,450.0,18.973214285714285,40.0,40.0,1.7362852161264122,1500,11.55,0.0,404.0,404.0,0.689647,-164.82072829131653,79.0,2.194349,0.010148514851485149,0.02103960396039604,0.010643564356435644,19.41031941031941,4.171172965325524,1.5000000000002345,2.7289468883321724,0.8171402565248725,59.892455,119.94962,17278.047808,2160,402,533,60.0,120.0
156,2021-11-29 17:31:55.484071,can_tapper17,"rgb(152,78,163)",470.0,424.0,470.0,9.787234042553191,40.0,40.0,3.924642940357044e-13,1500,16.165,35.0,407.0,372.0,1.087947,-169.34121621621622,135.0,2.091615,0.010483870967741936,0.012365591397849462,0.010483870967741936,7.586206896551724,1.1184882606160031,1.260000000000197,5.612187333395914,0.8965766721788776,59.904928,119.946718,8510.682219,2159,390,443,60.0,120.0
157,2021-11-29 17:49:43.200066,can_tapper17,"rgb(255,127,0)",490.0,436.0,490.0,11.020408163265307,64.16666666666669,64.16666666666669,0.9701870978607005,1500,16.72,15.0,499.0,484.0,0.737676,-227.11976047904193,20.0,2.136825,0.008471074380165288,0.01115702479338843,0.008471074380165288,8.68596881959911,1.219122006552185,1.260000000000197,3.2620894576029285,0.9119546122936016,59.969196,119.99552,1067.715995,2160,358,551,60.0,120.0
158,2021-12-02 12:50:25.438736,can_tapper17,"rgb(255,255,51)",492.0,444.0,495.0,9.75609756097561,68.33333333333339,75.58333333333339,4.248286332570985,1500,3.175,28.0,399.0,371.0,1.4353,-16.91315789473684,40.0,2.035898,0.009703504043126684,0.01293800539083558,0.010512129380053909,5.960264900662252,1.0919501047548847,1.5000000000002345,3.2620894576029285,0.8766802821245604,59.806675,119.811075,241242.23867,2157,583,575,60.0,120.0
159,2021-12-02 12:59:44.924066,can_tapper17,"rgb(166,86,40)",502.0,451.0,506.0,10.159362549800797,92.5,97.5,7.782898799781367,1027,3.2,0.0,252.0,252.0,1.021001,-16.694323144104803,19.0,2.122455,0.016269841269841268,0.020238095238095236,0.017857142857142856,12.215320910973086,0.5716021994670871,0.5200000000000813,3.2620894576029285,0.8704699420697932,23.560747,77.006702,559.48533,1209,269,360,60.0,120.0
160,2022-01-17 13:24:04.070188,can_tapper17,"rgb(247,129,191)",495.0,449.0,498.0,9.292929292929292,75.58333333333339,84.00000000000003,4.983566659362019,1500,6.4,0.0,236.0,236.0,1.0981,-6.684210526315789,23.0,2.098975,0.011864406779661017,0.01949152542372881,0.013135593220338984,6.896551724137931,1.0305135476100766,0.5000000000000782,6.328804377293624,0.744827477698471,49.554539,119.793899,3975859.146122,2034,406,565,60.0,120.0
161,2022-01-17 13:58:08.868881,can_tapper17,"rgb(153,153,153)",487.0,436.0,491.0,10.472279260780287,58.21428571428571,66.25000000000003,3.7566594474033232,1500,5.575,34.0,340.0,306.0,1.399568,-26.962848297213622,37.0,2.094517,0.011437908496732027,0.01666666666666667,0.012745098039215686,11.587982832618026,0.8776428169956736,1.0000000000001563,2.892719705486028,0.7289295576560912,59.903576,119.969197,2044.798693,2159,425,550,60.0,120.0
162,2022-01-18 08:57:00.294286,can_tapper17,"rgb(228,26,28)",494.0,438.0,494.0,11.336032388663968,73.16666666666671,73.16666666666671,3.191992529773912,1500,7.1833333333333345,0.0,375.0,375.0,1.079675,-14.190625,23.0,2.277671,0.009866666666666666,0.014933333333333333,0.009866666666666666,2.6548672566371683,0.7273629784045679,1.0000000000001563,3.077404581544478,0.8708352959668056,59.914572,119.927244,68331.425405,2160,411,526,60.0,120.0
163,2022-01-18 10:42:09.440463,can_tapper17,"rgb(55,126,184)",490.0,450.0,491.0,8.16326530612245,64.16666666666669,66.25000000000003,0.3086668038518348,1500,8.1,0.0,210.0,210.0,0.464255,-58.483282674772035,44.0,2.366902,0.006666666666666668,0.01904761904761905,0.0071428571428571435,5.882352941176471,1.270096746163835,1.0200000000001594,2.768403112153709,0.6292809895346978,59.876524,119.999621,6309.146177,2159,437,534,60.0,120.0
164,2022-01-18 13:19:20.136155,can_tapper17,"rgb(77,175,74)",511.0,470.0,513.0,8.023483365949119,100.0,100.0,8.107595373483085e-12,25,11.65,0.0,244.0,244.0,1.008951,-13.440129449838187,13.0,2.203932,0.01680327868852459,0.01680327868852459,0.01762295081967213,2.1956087824351296,0.6079526949677152,1.0000000000001563,3.077404581544478,0.872168027256136,3.764688,119.80247,9430.695692,1483,316,431,60.0,120.0
165,2022-01-18 14:19:47.813317,can_tapper17,"rgb(152,78,163)",503.0,438.0,506.0,12.922465208747516,93.75,97.5,0.41276462789478885,1500,,0.0,458.0,458.0,1.37369,-23.887323943661972,111.0,2.071094,0.008296943231441048,0.014192139737991265,0.008951965065502183,18.9873417721519,1.7982945231573726,1.5000000000002345,2.145932504474109,0.8516762922536738,59.981125,119.815075,3627.677162,2158,426,432,60.0,120.0
166,2022-01-20 11:13:23.400176,can_tapper17,"rgb(255,127,0)",497.0,443.0,498.0,10.865191146881289,81.58333333333336,84.00000000000003,3.7583038925789647,1500,4.7,18.0,358.0,340.0,1.317713,-11.58860759493671,24.0,2.318594,0.013529411764705884,0.01588235294117647,0.013823529411764707,8.074534161490684,0.6293455847360031,1.0000000000001563,3.077404581544478,0.8249184184518903,59.982655,119.839022,161615.586859,2160,401,449,60.0,120.0
167,2022-01-20 11:17:09.745543,can_tapper17,"rgb(255,255,51)",515.0,467.0,518.0,9.320388349514563,100.0,100.0,18.28790614580202,369,,0.0,489.0,489.0,0.78195,-4.471810089020772,35.0,2.28255,0.007770961145194275,0.0098159509202454,0.008384458077709612,11.46881287726358,0.5485046330182884,1.0000000000001563,2.27471676670449,0.17479497678890288,10.394671,119.952825,226.345367,1566,361,327,60.0,120.0
168,2022-01-20 11:48:34.631193,can_tapper17,"rgb(166,86,40)",494.0,432.0,494.0,12.550607287449392,73.16666666666671,73.16666666666671,4.919459964203423,1500,4.796666666666667,19.5,347.0,327.5,1.782944,-22.203076923076924,184.0,2.2796,0.01282442748091603,0.018931297709923665,0.01282442748091603,8.571428571428571,0.6102737345835348,1.5000000000002345,2.27471676670449,0.8323651784708614,59.999982,119.839951,1884.88565,2158,392,524,60.0,120.0
169,2022-01-20 12:18:25.664010,can_tapper17,"rgb(247,129,191)",491.0,427.0,491.0,13.034623217922606,66.25000000000003,66.25000000000003,2.881147947176246,1500,5.15,0.0,407.0,407.0,1.080762,-33.10703363914373,29.0,2.077368,0.010810810810810811,0.015724815724815724,0.010810810810810811,11.44708423326134,1.4683779349926025,1.0200000000001594,1.9029463547871976,0.8023074706440203,59.984905,119.89432,1791.032817,2160,420,628,60.0,120.0
170,2022-01-20 14:04:22.070879,can_tapper17,"rgb(153,153,153)",494.0,439.0,498.0,11.133603238866396,73.16666666666671,84.00000000000003,7.6600211822305075,1500,6.2,0.0,322.0,322.0,1.408326,-31.96934865900383,167.0,2.009133,0.011490683229813666,0.017080745341614908,0.012732919254658385,12.883435582822086,1.7824187830571936,1.5000000000002345,2.145932504474109,0.8353506358911764,59.995192,119.870105,6356.406869,2160,395,524,60.0,120.0
171,2022-01-20 15:00:07.668348,can_tapper17,"rgb(228,26,28)",544.0,481.0,550.0,11.580882352941178,100.0,100.0,11.838503039332565,1500,8.033333333333335,23.5,499.0,475.5,0.719719,-15.741610738255034,15.0,3.314725,0.008412197686645636,0.013249211356466875,0.009674027339642483,7.936507936507937,1.2574173976001108,1.0000000000001563,1.4963993819257158,0.6556164099560401,59.941274,119.939628,3345.597469,2160,416,741,60.0,120.0
172,2022-03-11 07:55:23.106234,can_tapper17,"rgb(55,126,184)",501.0,464.0,503.0,7.385229540918163,89.50000000000001,93.75,4.616683270255967,1387,7.25,17.0,470.0,453.0,0.826361,-9.331360946745562,16.0,2.222854,0.005518763796909493,0.008167770419426049,0.005960264900662251,5.2631578947368425,0.82007446857479,0.5200000000000813,2.892719705486028,0.8077275874105914,30.756278,119.83718,4294515.437886,1809,389,518,60.0,120.0
173,2022-03-11 14:38:56.661568,can_tapper17,"rgb(77,175,74)",483.0,434.0,483.0,10.144927536231885,51.20535714285712,51.20535714285712,4.717122096498174,1500,11.375,0.0,317.0,317.0,1.377238,-159.52727272727273,15.0,2.372182,0.012933753943217666,0.015457413249211358,0.012933753943217666,6.956521739130435,1.0171521086260673,1.0000000000001563,4.976713576127057,0.8504453321386288,59.943368,119.921016,24213.555334,2159,422,535,60.0,120.0
174,2022-04-11 08:50:04.234157,can_tapper17,"rgb(152,78,163)",486.0,442.0,490.0,9.053497942386832,56.428571428571416,64.16666666666669,9.2135628093183,735,4.9519230769230775,0.0,440.0,440.0,1.015599,-19.3841059602649,198.0,2.017868,0.008636363636363636,0.01,0.009545454545454546,7.017543859649122,0.8075691998736403,0.7400000000001157,3.678623825607137,0.8317508142692074,17.71188,119.880278,2657467.572589,1653,336,446,60.0,120.0
175,2022-04-11 12:16:57.638725,can_tapper17,"rgb(255,127,0)",487.0,437.0,490.0,10.266940451745379,58.21428571428571,64.16666666666669,5.326953149097841,355,8.55,20.0,307.0,287.0,1.2133,-19.673202614379086,111.0,2.213325,0.013240418118466898,0.017421602787456445,0.014285714285714287,10.722100656455142,0.5481288845251571,1.0000000000001563,3.678623825607137,0.8434671948236206,10.109879,119.996324,12413.404568,1563,329,376,60.0,120.0
176,2022-04-11 13:06:22.637965,can_tapper17,"rgb(255,255,51)",494.0,444.0,495.0,10.121457489878543,73.16666666666671,75.58333333333339,2.8406501513994367,1500,9.125,8.0,236.0,228.0,1.096975,-33.62251655629139,4.0,2.688149,0.01842105263157895,0.021929824561403508,0.018859649122807017,2.5,0.9299491237686441,1.0000000000001563,2.27471676670449,0.8778832111104218,59.974601,54.33195,2964.99924,1374,329,258,60.0,120.0
177,2022-04-11 13:24:46.001758,can_tapper17,"rgb(166,86,40)",499.0,454.0,,9.01803607214429,87.00000000000001,,,0,9.1,11.0,227.0,216.0,1.023847,-17.181818181818183,447.0,2.720631,0.016203703703703703,0.020833333333333336,,3.225806451612903,0.625608970321138,0.7600000000001188,2.27471676670449,0.18328972864410065,1.147076,101.134514,1103.363793,705,159,249,60.0,120.0
178,2022-04-11 13:26:04.426444,can_tapper17,"rgb(247,129,191)",502.0,462.0,503.0,7.968127490039841,92.5,93.75,2.8301826256359374e-12,52,9.575,0.0,447.0,447.0,0.80337,-25.320388349514563,265.0,2.301397,0.0044742729306487695,0.008948545861297539,0.0046979865771812086,3.7344398340248963,0.9632100366871743,0.7600000000001188,1.9029463547871976,0.15003302376036887,59.803293,119.963027,78.424686,637,152,216,60.0,120.0
179,2022-04-11 13:27:51.999957,can_tapper17,"rgb(153,153,153)",502.0,456.0,,9.163346613545817,92.5,,,0,9.525,0.0,265.0,265.0,1.010888,-30.325581395348838,8.0,2.112061,0.012830188679245284,0.017358490566037738,,7.0663811563169165,1.0384264931775562,1.260000000000197,3.2620894576029285,0.8724904235491133,1.638726,30.395156,107.573513,385,92,142,60.0,120.0
180,2022-04-16 13:49:52.218075,can_tapper17,"rgb(228,26,28)",483.0,429.0,487.0,11.180124223602485,51.20535714285712,58.21428571428571,3.2462236649876366,1500,14.459999999999999,19.5,497.0,477.5,1.236375,-42.91961414790997,165.0,2.2365,0.009214659685863874,0.01130890052356021,0.010052356020942408,10.15801354401806,1.0689310131411254,1.5000000000002345,3.2620894576029285,0.8186501968067794,59.961011,119.866582,433320.218118,2160,386,497,60.0,120.0
181,2022-04-18 08:14:05.615304,can_tapper17,"rgb(55,126,184)",461.0,382.0,465.0,17.136659436008678,40.0,40.0,3.0072280032118592,1500,14.35,7.0,308.0,301.0,0.881553,-69.32830188679246,9.0,2.387691,0.014285714285714287,0.026245847176079737,0.015282392026578072,15.22248243559719,1.842573933894224,1.5000000000002345,2.4199454189414036,0.9232004607599618,59.983241,119.908951,152653.397229,2160,301,533,60.0,120.0
182,2022-04-18 08:28:17.954060,can_tapper17,"rgb(77,175,74)",475.0,412.0,478.0,13.263157894736842,40.0,43.124999999999986,1.9052897356839384,1500,14.6,0.0,299.0,299.0,0.529253,-74.23140495867769,64.0,2.033149,0.015719063545150503,0.021070234113712377,0.016722408026755856,8.411214953271028,2.811031030946783,1.740000000000272,2.565174071178317,0.9328580866536481,59.879251,119.941019,852.338756,2159,274,535,60.0,120.0
183,2022-04-18 13:35:05.779615,can_tapper17,"rgb(152,78,163)",461.0,388.0,462.0,15.835140997830802,40.0,40.0,3.197299198799079,1500,17.166666666666664,0.0,291.0,291.0,0.630967,-46.86752136752137,11.0,2.035524,0.018213058419243987,0.025085910652920963,0.01855670103092784,11.764705882352942,1.3715275425934033,1.5000000000002345,2.565174071178317,0.8937137194585387,59.979073,119.887925,18407.825555,2160,332,581,60.0,120.0
184,2022-04-18 15:24:43.098313,can_tapper17,"rgb(255,127,0)",497.0,459.0,498.0,7.645875251509055,81.58333333333336,84.00000000000003,3.255565891361968,1500,26.175,0.0,252.0,252.0,0.482845,-41.41111111111111,0.0,,0.006349206349206348,0.015079365079365078,0.0067460317460317455,8.45360824742268,1.7038885182390398,1.0000000000001563,2.9136317643906224,0.8228475020808048,59.83135,119.9861,6577.318698,2158,212,509,60.0,120.0
185,2022-04-18 17:54:47.752782,can_tapper17,"rgb(255,255,51)",498.0,469.0,498.0,5.8232931726907635,84.00000000000003,84.00000000000003,3.9379217501867783,1500,29.025,-1.0,156.0,157.0,0.928848,-43.81132075471698,0.0,,0.014012738853503185,0.018471337579617834,0.014012738853503185,4.132231404958677,0.7269306852082738,0.5000000000000782,2.7289468883321724,0.8143699995653777,59.996602,119.950199,9004.654469,2160,247,553,60.0,120.0
186,2022-04-19 08:31:25.055278,can_tapper17,"rgb(166,86,40)",482.0,431.0,487.0,10.58091286307054,49.5535714285714,58.21428571428571,3.589814928805942,1500,14.55,0.0,184.0,184.0,0.510452,-31.094650205761315,45.0,2.0116,0.011956521739130433,0.027717391304347826,0.014673913043478261,10.344827586206897,2.0051046482119492,1.0000000000001563,2.4199454189414036,0.8126541961134852,59.97015,119.90975,52597.302496,2159,266,384,60.0,120.0
187,2022-04-19 12:16:02.092178,can_tapper17,"rgb(247,129,191)",495.0,458.0,501.0,7.474747474747474,75.58333333333339,89.50000000000001,4.015912895960507,1500,19.625,0.0,210.0,210.0,0.646849,-14.956896551724139,7.0,3.146476,0.01761904761904762,0.01761904761904762,0.020476190476190474,1.639344262295082,0.610992829918432,0.5000000000000782,119.99999999999996,0.5072519355330489,59.7738,119.800824,13477.0369,2157,148,186,60.0,120.0
188,2022-04-19 15:06:34.704358,can_tapper17,"rgb(153,153,153)",491.0,426.0,493.0,13.238289205702646,66.25000000000003,71.08333333333337,1.4844451041976972,1500,22.293333333333333,11.0,347.0,336.0,0.736081,-0.3333333333333333,211.0,2.238806,0.008630952380952382,0.019345238095238096,0.009226190476190476,8.240534521158128,0.811750816718095,1.0000000000001563,51.74336368726529,0.49707257487073997,59.887374,119.955834,10232.61218,2160,329,447,60.0,120.0
189,2022-04-19 15:08:30.545487,can_tapper17,"rgb(228,26,28)",491.0,443.0,491.0,9.775967413441954,66.25000000000003,66.25000000000003,1.985387549060723,1500,22.376666666666665,6.0,211.0,205.0,1.050332,-14.0,210.0,2.056019,0.01951219512195122,0.023414634146341467,0.019512195121951223,8.893709327548807,0.6796387315022945,1.0000000000001563,119.99999999999996,0.3490183759925586,59.929498,119.932976,115.841129,2160,365,575,60.0,120.0
190,2022-04-19 15:09:40.605887,can_tapper17,"rgb(55,126,184)",510.0,454.0,578.0,10.980392156862745,100.0,100.0,66.42703396756023,1500,22.39166666666667,0.0,210.0,210.0,1.016394,-9.752380952380953,12.0,2.016795,0.02238095238095238,0.026666666666666665,0.05476190476190476,9.894736842105264,0.8032117479136506,1.0000000000001563,22.311464047271706,0.41137927985306855,59.946873,119.884351,70.0604,2160,233,380,60.0,120.0
191,2022-04-19 16:29:25.268489,can_tapper17,"rgb(77,175,74)",490.0,440.0,495.0,10.204081632653061,64.16666666666669,75.58333333333339,0.5355024602230642,1500,23.575,8.0,194.0,186.0,0.987555,-23.92,-15.0,,0.022043010752688177,0.02688172043010753,0.024731182795698928,10.822510822510823,1.319564564749681,1.0000000000001563,2.145932504474109,0.7821232212944829,59.861319,119.951304,4784.662602,2158,216,481,60.0,120.0
192,2022-04-19 18:14:29.409814,can_tapper17,"rgb(152,78,163)",495.0,444.0,498.0,10.303030303030303,75.58333333333339,84.00000000000003,0.2601156711623298,1500,25.68,4.0,251.0,247.0,0.757658,-22.48993288590604,6.0,2.256298,0.013360323886639675,0.020647773279352227,0.014574898785425101,6.832298136645963,1.2083776281579235,1.0000000000001563,119.99999999999996,0.38852987344943235,59.965649,119.962925,6304.141325,2159,313,442,60.0,120.0
193,2022-04-21 08:10:24.990699,can_tapper17,"rgb(255,127,0)",460.0,410.0,461.0,10.869565217391305,40.0,40.0,4.998002221333393,1500,13.75,1.0,164.0,163.0,0.66565,-61.108333333333334,29.0,2.067276,0.030674846625766874,0.030674846625766874,0.031288343558282215,5.714285714285714,2.046286518129372,1.5000000000002345,4.413195167492838,0.8819248635888601,59.95305,119.95258,136555.580885,2160,304,451,60.0,120.0
194,2022-04-22 08:15:46.618444,can_tapper17,"rgb(255,255,51)",405.0,405.0,412.0,0.0,40.0,40.0,11.331693925195337,1500,,5.5,5.0,0.5,0.0,-38.607734806629836,88.0,23.329074,,,1.4,13.08641975308642,8.641975308641976,0.020000000000003126,78.94078439103254,0.6310786681448448,59.894199,119.948489,86721.627745,1893,223,420,60.0,120.0
195,2022-04-22 08:16:34.492893,can_tapper17,"rgb(166,86,40)",416.0,324.0,418.0,22.115384615384613,40.0,40.0,4.4541564128782785,1087,12.8,1.0,88.0,87.0,0.610221,-53.1,28.0,2.1119,0.04482758620689655,0.10574712643678161,0.047126436781609195,31.428571428571427,14.093068149192904,2.0000000000003126,3.678623825607137,0.7247499997568436,59.951205,119.86127,47.874449,1892,294,544,60.0,120.0
196,2022-04-22 18:08:27.547783,can_tapper17,"rgb(247,129,191)",406.0,323.0,405.0,20.44334975369458,40.0,40.0,6.002633778947477,1500,20.05,0.0,120.0,120.0,0.790244,-38.289855072463766,15.0,2.284746,0.0675,0.06916666666666667,0.06666666666666668,38.613861386138616,16.49620918446046,1.740000000000272,119.99999999999996,0.3076482772934791,59.973008,119.907067,35513.05489,2160,172,348,60.0,120.0
197,2022-04-23 11:30:32.105295,can_tapper17,"rgb(153,153,153)",532.0,399.0,537.0,25.0,98.75,100.0,5.965789318127309,1500,13.875,61.0,487.0,426.0,0.771099,-37.025862068965516,150.0,2.273799,0.022065727699530517,0.031220657276995308,0.02323943661971831,20.54794520547945,5.190317138381733,1.7600000000002751,1.1060894573843554,0.6166886323897268,59.996781,119.90516,62524.557512,2159,288,504,60.0,120.0
198,2022-04-23 12:04:09.056196,can_tapper17,"rgb(228,26,28)",489.0,437.0,505.0,10.633946830265849,62.380952380952394,96.25,65.58542470462308,1500,20.866666666666667,1.0,280.0,279.0,0.516875,-45.85425101214575,-1.0,,0.014336917562724014,0.018637992831541217,0.02007168458781362,7.349665924276169,2.600955971879224,1.0000000000001563,3.470356641605033,0.9532315939579106,59.940991,119.880308,2016.950901,2160,368,614,60.0,120.0
199,2022-04-25 15:00:39.223505,can_tapper17,"rgb(55,126,184)",460.0,387.0,450.0,15.869565217391305,40.0,40.0,5.233006770224345,1500,12.055,0.0,213.0,213.0,1.028425,-60.54066985645933,35.0,2.031624,0.030046948356807518,0.034272300469483576,0.025352112676056342,8.665105386416862,2.35417238232034,1.5000000000002345,3.2620894576029285,0.8806717669433015,34.057857,119.811825,183390.167309,1851,243,622,60.0,120.0
200,2022-05-02 13:09:10.318425,can_tapper17,"rgb(77,175,74)",467.0,258.0,470.0,44.75374732334047,43.124999999999986,46.428571428571416,6.43418952630551,1500,12.45,53.0,336.0,283.0,1.83735,-96.03367003367003,194.0,2.342045,0.03286219081272085,0.07385159010600706,0.033922261484098944,80.6970509383378,7.804187466854334,1.7600000000002751,2.7289468883321724,0.907650816347042,59.890149,119.96178,598111.09492,2160,391,444,60.0,120.0
201,2022-05-02 14:04:50.354576,can_tapper17,"rgb(152,78,163)",491.0,418.0,494.0,14.867617107942973,66.25000000000003,73.50000000000004,1.00977822656791,1500,23.2,0.0,452.0,452.0,1.133151,-96.82142857142857,154.0,2.139126,0.012168141592920354,0.016150442477876108,0.012831858407079646,4.587155963302752,0.9091911345929831,1.740000000000272,3.9134845291898115,0.9528445470394588,34.035729,119.793725,3340.036151,1848,315,577,60.0,120.0
202,2022-05-10 09:06:08.468202,can_tapper17,"rgb(255,127,0)",450.0,374.0,451.0,16.88888888888889,40.0,40.0,4.065166758715555e-13,332,17.48,0.0,338.0,338.0,1.427782,-112.55414012738854,47.0,2.023662,0.01686390532544379,0.022485207100591716,0.017159763313609466,23.51421188630491,4.04857725342452,1.0000000000001563,3.470356641605033,0.8952228463687812,9.649606,119.934307,673278.113626,1557,338,415,60.0,120.0
203,2022-05-17 13:13:57.347679,can_tapper17,"rgb(255,255,51)",465.0,391.0,468.0,15.913978494623656,40.0,40.0,10.841978151988808,1500,16.991666666666667,11.0,310.0,299.0,1.573642,-173.3409090909091,161.0,2.078672,0.012040133779264214,0.024749163879598662,0.013043478260869566,12.5,2.094709816159078,1.5000000000002345,3.678623825607137,0.899490515188754,59.983157,119.947846,619668.879477,2159,477,552,60.0,120.0
204,2022-05-18 09:20:50.313532,can_tapper17,"rgb(166,86,40)",487.0,428.0,490.0,12.114989733059549,58.21428571428571,64.16666666666669,0.4408890848399954,1500,20.583333333333332,0.0,480.0,480.0,0.459744,-57.5521472392638,29.0,2.063629,0.005208333333333332,0.012291666666666666,0.005625,11.777301927194861,2.458970024068965,1.5000000000002345,3.077404581544478,0.8053457764228541,59.862681,119.94205,72412.965853,2158,426,742,60.0,120.0
205,2022-06-16 08:29:35.431670,can_tapper17,"rgb(247,129,191)",473.0,419.0,474.0,11.416490486257928,40.0,40.0,0.14635562060266397,1500,16.1,0.0,330.0,330.0,1.42985,-129.76582278481013,18.0,2.025376,0.010606060606060607,0.01636363636363636,0.010909090909090908,9.90990990990991,1.1727704804034391,1.0200000000001594,3.9134845291898115,0.8974170618858619,59.822893,119.992,2502525.118138,2160,382,413,60.0,120.0
206,2022-06-20 10:33:37.504132,can_tapper17,"rgb(153,153,153)",491.0,446.0,495.0,9.164969450101832,66.25000000000003,75.58333333333339,4.998722221653449,1500,14.582142857142856,0.0,396.0,396.0,1.115532,-17.325068870523417,104.0,2.113258,0.008333333333333333,0.011363636363636364,0.009343434343434343,5.806451612903226,1.3058139362220975,1.0000000000001563,3.077404581544478,0.658592797962473,34.664486,119.92267,353042.072462,1857,421,412,60.0,120.0
207,2022-06-20 11:06:43.544027,can_tapper17,"rgb(228,26,28)",490.0,444.0,494.0,9.387755102040817,64.16666666666669,73.16666666666671,3.476481545102212,1500,14.8275,15.0,338.0,323.0,1.393775,-34.32515337423313,16.0,2.38927,0.011145510835913313,0.014241486068111455,0.01238390092879257,5.732484076433121,1.0725845174448678,1.0000000000001563,2.0171482422437275,0.759594097578456,59.897224,119.950376,1986.039895,2160,479,687,60.0,120.0
208,2022-06-28 09:25:59.373706,can_tapper17,"rgb(55,126,184)",474.0,426.0,,10.126582278481013,40.0,,,0,16.325,0.0,353.0,353.0,1.213406,-119.74320241691844,47.0,2.711252,0.010198300283286117,0.013597733711048159,,3.1963470319634704,1.0989304681880048,1.0000000000001563,3.077404581544478,0.8476180977998095,1.805247,119.985403,685155.829679,1462,338,480,60.0,120.0
209,2022-06-28 12:20:13.082922,can_tapper17,"rgb(77,175,74)",498.0,442.0,499.0,11.244979919678714,84.00000000000003,87.00000000000001,2.379121057386571,1500,20.833333333333336,11.0,499.0,488.0,0.64423,-43.849557522123895,73.0,2.145782,0.008811475409836065,0.011475409836065573,0.00901639344262295,9.010989010989011,1.2078727923951034,1.5000000000002345,2.565174071178317,0.8417241915278622,59.943127,119.904082,10453.709216,2159,409,420,60.0,120.0
210,2022-06-28 12:41:35.498666,can_tapper17,"rgb(152,78,163)",498.0,448.0,498.0,10.040160642570282,84.00000000000003,84.00000000000003,4.026348456154497,1500,23.675,0.0,496.0,496.0,0.797733,-38.8996138996139,12.0,2.1959,0.007661290322580646,0.010080645161290322,0.007661290322580646,15.254237288135593,1.2655433197366974,1.0000000000001563,2.0171482422437275,0.7364249576169932,59.911367,119.986424,1282.415744,2160,322,641,60.0,120.0
211,2022-06-29 11:26:39.484924,can_tapper17,"rgb(255,127,0)",491.0,463.0,494.0,5.7026476578411405,66.25000000000003,73.16666666666671,0.9716115522535934,1012,24.766666666666666,0.0,435.0,435.0,1.020477,-34.358823529411765,32.0,2.021957,0.00528735632183908,0.006436781609195402,0.005977011494252874,3.7037037037037037,0.7629129785089122,0.5000000000000782,3.2620894576029285,0.8105997892510746,23.257024,119.854815,81903.986258,1719,372,432,60.0,120.0
212,2022-06-29 11:58:17.425232,can_tapper17,"rgb(255,255,51)",493.0,442.0,495.0,10.344827586206897,71.08333333333337,75.58333333333339,3.829663924294301,1500,26.68333333333333,0.0,499.0,499.0,0.984151,-47.51412429378531,55.0,2.484401,0.008216432865731463,0.010220440881763528,0.008617234468937876,10.729613733905579,1.4619594571265189,1.2400000000001938,2.145932504474109,0.7897714136466221,59.901249,119.99375,1897.940308,2160,406,476,60.0,120.0
213,2022-06-30 13:09:46.695694,can_tapper17,"rgb(166,86,40)",494.0,431.0,494.0,12.753036437246964,73.16666666666671,73.16666666666671,3.8600372711268904,1500,25.229166666666664,11.0,452.0,441.0,1.040685,-31.067264573991032,148.0,2.041804,0.014285714285714287,0.014285714285714287,0.014285714285714287,2.0881670533642693,0.6010921528904764,1.5000000000002345,3.2620894576029285,0.8838443642171361,59.864562,119.965091,90689.270462,2158,293,458,60.0,120.0
214,2022-06-30 15:45:52.705635,can_tapper17,"rgb(247,129,191)",494.0,447.0,494.0,9.51417004048583,73.16666666666671,73.16666666666671,0.5064802251021113,1500,25.633333333333333,0.0,326.0,326.0,1.245567,-29.923636363636362,15.0,2.935142,0.01441717791411043,0.01441717791411043,0.01441717791411043,2.074688796680498,0.6113623026223588,1.0000000000001563,3.2620894576029285,0.8871172658607951,59.851857,119.98895,9366.009941,2160,362,525,60.0,120.0
215,2022-07-04 09:31:47.992093,can_tapper17,"rgb(153,153,153)",490.0,443.0,490.0,9.591836734693878,64.16666666666669,64.16666666666669,2.4156064289347713e-11,7,16.925,0.0,328.0,328.0,1.123756,-26.766467065868262,101.0,2.119358,0.0125,0.014329268292682927,0.0125,5.399568034557236,1.0554052652689918,1.260000000000197,3.2620894576029285,0.8030579507084944,3.154135,119.945601,323155.286458,1479,345,375,60.0,120.0
216,2022-07-04 13:05:27.591064,can_tapper17,"rgb(228,26,28)",483.0,414.0,486.0,14.285714285714285,51.20535714285712,56.428571428571416,2.0060986693770086,1500,18.225,10.5,450.0,439.5,1.398702,-88.24161073825503,55.0,2.397713,0.008191126279863481,0.015699658703071672,0.008873720136518772,17.48878923766816,2.754985823805448,1.5000000000002345,3.470356641605033,0.8518117430258801,59.958366,119.852719,12819.598971,2158,450,392,60.0,120.0
217,2022-07-04 13:24:11.776373,can_tapper17,"rgb(55,126,184)",491.0,430.0,494.0,12.423625254582484,66.25000000000003,73.16666666666671,2.0756542558459374,1500,18.80833333333333,10.0,367.0,357.0,1.039202,-71.23550724637681,13.0,2.043076,0.012324929971988797,0.01708683473389356,0.013165266106442577,11.206896551724139,1.3584744181011814,1.0000000000001563,2.0171482422437275,0.810753738296093,59.967375,119.889151,1124.185309,2159,368,502,60.0,120.0
218,2022-07-05 08:17:14.366478,can_tapper17,"rgb(77,175,74)",483.0,440.0,487.0,8.902691511387163,51.20535714285712,58.21428571428571,3.350232600102701,1500,17.775,0.0,333.0,333.0,1.4202,-62.768253968253966,12.0,2.018225,0.00930930930930931,0.012912912912912912,0.010510510510510511,5.439330543933054,1.3311610862278354,1.0000000000001563,2.892719705486028,0.8452848331547884,59.979924,119.85737,67982.590105,2159,411,487,60.0,120.0
219,2022-07-05 09:12:46.744066,can_tapper17,"rgb(152,78,163)",493.0,434.0,494.0,11.967545638945234,71.08333333333337,73.16666666666671,4.204126312944365,1500,18.3,13.5,380.0,366.5,1.246966,-43.70034843205575,84.0,2.441644,0.011459754433833562,0.016098226466575716,0.011732605729877218,7.72626931567329,0.9131905307062141,1.0200000000001594,2.27471676670449,0.6461009396658608,59.998124,119.856629,3332.377588,2159,382,456,60.0,120.0
220,2022-07-05 09:34:44.428506,can_tapper17,"rgb(255,127,0)",487.0,445.0,489.0,8.624229979466119,58.21428571428571,62.380952380952394,2.3139032506232864,1500,18.608333333333334,0.0,340.0,340.0,1.379104,-66.37638376383764,29.0,2.077005,0.009411764705882352,0.012352941176470589,0.01,5.726872246696035,1.0010927016211844,1.0000000000001563,2.27471676670449,0.48258503222290106,59.963945,119.977674,1317.68444,2159,359,803,60.0,120.0
221,2022-07-05 10:07:14.208845,can_tapper17,"rgb(255,255,51)",482.0,432.0,482.0,10.37344398340249,49.5535714285714,49.5535714285714,2.606045602686499,1500,19.205000000000002,0.0,365.0,365.0,1.251033,-112.54826254826254,39.0,2.346973,0.010136986301369862,0.0136986301369863,0.010136986301369862,8.277404921700224,1.0866327999834167,1.0200000000001594,9.620584988277706,0.5316305742195995,59.959272,119.960252,1949.780339,2160,398,544,60.0,120.0
222,2022-07-05 10:25:59.165939,can_tapper17,"rgb(166,86,40)",479.0,436.0,482.0,8.977035490605429,44.68749999999998,49.5535714285714,0.1277778345678415,1500,19.8,43.0,355.0,312.0,1.426878,-130.2439024390244,46.0,2.024028,0.010576923076923078,0.013782051282051282,0.011538461538461537,9.251101321585903,1.0650130650313503,0.5000000000000782,12.234338877368176,0.6951197922616854,59.924539,119.960692,1124.957094,2160,406,541,60.0,120.0
223,2022-07-05 12:53:51.467336,can_tapper17,"rgb(247,129,191)",494.0,440.0,498.0,10.931174089068826,73.16666666666671,84.00000000000003,1.3363205939198783,1500,22.48,13.0,500.0,487.0,0.783427,-49.265625,18.0,2.876044,0.0036960985626283364,0.01108829568788501,0.004312114989733059,7.053941908713693,1.121685251944635,1.0000000000001563,94.36310455066216,0.4330926706565108,59.842883,119.999574,8872.301397,2160,287,254,60.0,120.0
224,2022-07-05 13:55:06.944543,can_tapper17,"rgb(153,153,153)",490.0,433.0,494.0,11.63265306122449,64.16666666666669,73.16666666666671,2.2993521330450126,1500,23.266666666666666,0.0,500.0,500.0,1.031323,-65.9877300613497,157.0,2.032579,0.009000000000000001,0.0114,0.009800000000000001,16.883116883116884,0.9003079142812294,1.5000000000002345,3.2620894576029285,0.752480350194183,59.994395,119.98645,3675.477207,2160,400,544,60.0,120.0
225,2022-07-06 08:20:42.471208,can_tapper17,"rgb(228,26,28)",491.0,454.0,494.0,7.535641547861507,66.25000000000003,73.16666666666671,23.47331743993854,246,19.125,-14.0,341.0,355.0,0.904529,-196.33333333333334,-18.0,,0.005633802816901409,0.010422535211267608,0.006478873239436619,3.1315240083507305,0.8457324967863855,1.0000000000001563,4.67804510221319,0.9311735092163536,7.922451,119.897698,66335.526665,1536,366,399,60.0,120.0
226,2022-07-06 12:52:12.767274,can_tapper17,"rgb(55,126,184)",481.0,433.0,482.0,9.97920997920998,47.99107142857141,49.5535714285714,2.2030943124856877,1500,21.36,0.0,499.0,499.0,0.873777,-156.7774193548387,35.0,2.2794,0.007214428857715432,0.009619238476953909,0.007414829659318637,7.865168539325842,1.1936069639511901,1.0000000000001563,2.4199454189414036,0.7585019090722792,59.988673,119.838657,16290.296066,2159,390,535,60.0,120.0
227,2022-07-07 07:17:47.071664,can_tapper17,"rgb(77,175,74)",470.0,378.0,470.0,19.574468085106382,46.428571428571416,46.428571428571416,4.690446529086797,1500,21.991666666666667,0.0,343.0,343.0,1.233799,-189.8426966292135,63.0,3.33169,0.016034985422740525,0.026822157434402333,0.016034985422740525,17.135549872122763,4.799986876819434,1.0200000000001594,2.4199454189414036,0.7298758621052326,54.508351,119.799697,66334.30439,2094,336,484,60.0,120.0
228,2022-07-11 08:24:19.969883,can_tapper17,"rgb(152,78,163)",498.0,450.0,499.0,9.63855421686747,84.00000000000003,87.00000000000001,15.00620389308568,482,17.008333333333333,0.0,260.0,260.0,1.131655,-19.96078431372549,15.0,2.725578,0.013076923076923076,0.018461538461538463,0.013461538461538462,7.826086956521739,0.6550119540489894,0.5000000000000782,2.892719705486028,0.8144946918973941,12.65286,119.951634,349592.898219,1593,328,415,60.0,120.0
229,2022-07-12 06:50:57.012159,can_tapper17,"rgb(255,127,0)",527.0,477.0,562.0,9.487666034155598,100.0,100.0,11.009258226335131,1500,18.966666666666665,0.0,499.0,499.0,0.593422,-14.366279069767442,37.0,2.088501,0.008016032064128256,0.01002004008016032,0.015030060120240482,11.637080867850099,0.8501419487663823,0.7600000000001188,119.99999999999996,0.1955810398451443,59.911698,119.97587,80797.042276,2160,235,190,60.0,120.0
230,2022-07-12 12:53:28.133501,can_tapper17,"rgb(255,255,51)",505.0,464.0,510.0,8.118811881188119,96.25,100.0,5.017620007830324,1500,25.1,0.0,499.0,499.0,0.636251,-22.523809523809526,17.0,2.630675,0.007414829659318637,0.008216432865731463,0.00841683366733467,11.34020618556701,0.5999479950520805,0.5000000000000782,1.9029463547871976,0.5309271709519292,59.826726,119.828,21751.121342,2157,386,511,60.0,120.0
231,2022-07-12 13:47:03.552140,can_tapper17,"rgb(166,86,40)",498.0,463.0,499.0,7.028112449799197,84.00000000000003,87.00000000000001,0.7172358743267561,1500,22.95,19.0,492.0,473.0,0.839693,-65.71052631578948,23.0,2.841874,0.004228329809725159,0.007399577167019028,0.004228329809725159,6.224066390041494,0.8839354294479624,0.5000000000000782,2.145932504474109,0.5638786960722313,59.966076,119.884426,3215.418639,2159,369,444,60.0,120.0
232,2022-07-12 15:12:57.768220,can_tapper17,"rgb(247,129,191)",495.0,465.0,497.0,6.0606060606060606,75.58333333333339,81.58333333333336,2.0043475574874816,1500,25.5,0.0,468.0,468.0,0.813563,-118.3598615916955,32.0,2.311945,0.004487179487179487,0.00641025641025641,0.004914529914529914,5.613305613305613,0.5845487903278577,0.5000000000000782,3.077404581544478,0.7333207840582306,59.992199,119.84045,5154.21608,2158,407,634,60.0,120.0
233,2022-07-12 15:43:13.541838,can_tapper17,"rgb(153,153,153)",498.0,468.0,499.0,6.024096385542169,84.00000000000003,87.00000000000001,1.3257783670123287,1500,26.46666666666667,0.0,448.0,448.0,0.9582,-21.192307692307693,40.0,2.0568,0.0051339285714285705,0.006696428571428571,0.005357142857142856,4.294478527607362,0.8595702359864573,0.5200000000000813,31.996067694060745,0.44841672068649374,60.000054,119.929037,1815.773618,2160,203,309,60.0,120.0
234,2022-07-12 17:15:28.077039,can_tapper17,"rgb(228,26,28)",491.0,464.0,494.0,5.4989816700611,66.25000000000003,73.16666666666671,0.23712010538645525,1500,25.7,0.0,443.0,443.0,1.011283,-160.135593220339,45.0,2.015996,0.0056433408577878106,0.006094808126410835,0.006320541760722347,3.7037037037037037,0.8775967471530524,0.5000000000000782,11.541685475740081,0.7216773420170493,59.998405,119.844853,5534.535201,2158,399,620,60.0,120.0
235,2022-07-13 08:58:59.722601,can_tapper17,"rgb(55,126,184)",501.0,460.0,501.0,8.183632734530939,89.50000000000001,89.50000000000001,2.4873877721716986,1500,26.05,16.0,499.0,483.0,0.671742,-41.22463768115942,19.0,2.072299,0.007453416149068324,0.008488612836438925,0.007453416149068324,5.684210526315789,0.926931369248976,1.0000000000001563,1.9304599270065341,0.5798343633343022,59.923549,119.982124,56611.645562,2159,375,469,60.0,120.0
236,2022-07-13 09:04:36.752950,can_tapper17,"rgb(77,175,74)",527.0,493.0,540.0,6.451612903225806,100.0,100.0,60.43144019174187,1500,26.15,0.0,496.0,496.0,0.857229,-21.84713375796178,22.0,2.358829,0.005443548387096774,0.0068548387096774195,0.007862903225806451,5.389221556886228,0.7974970097826535,0.5000000000000782,17.135392230382617,0.6508998153704864,59.954625,119.922343,337.030349,2159,456,567,60.0,120.0
237,2022-07-13 09:51:35.721039,can_tapper17,"rgb(152,78,163)",501.0,462.0,501.0,7.784431137724551,89.50000000000001,89.50000000000001,2.018347563709563,1500,28.55,0.0,477.0,477.0,1.06395,-105.7186440677966,247.0,2.068377,0.007337526205450733,0.008176100628930818,0.007337526205450733,8.384458077709612,1.8759288168896242,1.0000000000001563,4.976713576127057,0.847887156973922,59.981506,119.920044,2818.968089,2159,378,576,60.0,120.0
238,2022-07-13 14:33:42.739849,can_tapper17,"rgb(255,127,0)",486.0,440.0,487.0,9.465020576131687,56.428571428571416,58.21428571428571,0.5680091413372116,1500,29.016666666666662,0.0,351.0,351.0,0.955875,-157.9281045751634,22.0,2.055321,0.007122507122507121,0.013105413105413105,0.007407407407407406,13.978494623655914,1.4943868596680367,0.5000000000000782,5.275382050040925,0.9043685182284265,59.99375,119.860875,16927.01881,2159,379,692,60.0,120.0
239,2022-07-13 15:50:09.047888,can_tapper17,"rgb(255,255,51)",509.0,435.0,510.0,14.538310412573674,98.75,100.0,0.4609868715494836,1500,29.45,0.0,495.0,495.0,0.907369,-62.8978102189781,10.0,2.006987,0.008484848484848486,0.01494949494949495,0.008686868686868687,21.86836518046709,2.285379097771498,1.5000000000002345,1.801675664776153,0.5839443037212162,59.993134,119.868385,4586.308039,4316,768,1164,60.0,120.0
240,2022-07-13 15:50:09.047888,can_tapper17,"rgb(166,86,40)",509.0,435.0,510.0,14.538310412573674,98.75,100.0,0.4609868715494836,1500,29.45,0.0,495.0,495.0,0.907369,-62.8978102189781,10.0,2.006987,0.008484848484848486,0.01494949494949495,0.008686868686868687,21.86836518046709,2.285379097771498,1.5000000000002345,1.801675664776153,0.5839443037212162,59.993134,119.868385,0.0,4316,768,1164,60.0,120.0
241,2022-07-13 17:31:01.992858,can_tapper17,"rgb(247,129,191)",503.0,460.0,506.0,8.548707753479125,93.75,97.5,0.4782935459078435,1500,33.8,0.0,499.0,499.0,0.885069,-61.045296167247386,15.0,2.38123,0.004208416833667334,0.008617234468937876,0.004809619238476954,5.394190871369295,0.6659016521200802,1.0000000000001563,1.4167642426804665,0.39129737646505514,59.853699,119.97255,6052.94497,2159,372,620,60.0,120.0
242,2022-07-13 18:20:52.498947,can_tapper17,"rgb(153,153,153)",515.0,448.0,518.0,13.009708737864079,100.0,100.0,3.696099420488333,1500,34.205,11.0,485.0,474.0,0.4117,-23.286363636363635,94.0,2.010128,0.00759493670886076,0.014135021097046414,0.008227848101265823,18.997912317327767,2.0721708133911587,1.260000000000197,92.90059007722769,0.42680686500242315,59.926674,119.951699,2990.506089,2159,294,271,60.0,120.0
243,2022-07-15 07:52:55.478629,can_tapper17,"rgb(228,26,28)",491.0,456.0,494.0,7.128309572301425,66.25000000000003,73.16666666666671,3.4744525389039826,1345,18.208333333333332,0.0,404.0,404.0,0.817389,-122.75666666666666,-9.0,,0.008663366336633664,0.008663366336633664,0.009405940594059407,3.7974683544303796,0.3262543975267265,1.0000000000001563,3.2620894576029285,0.8052228951185469,29.915858,119.907792,135122.979682,1800,355,487,60.0,120.0
244,2022-07-15 08:27:48.760244,can_tapper17,"rgb(55,126,184)",486.0,441.0,490.0,9.25925925925926,56.428571428571416,64.16666666666669,2.325281033457651,1500,18.25,0.0,497.0,497.0,1.012817,-111.8827361563518,22.0,2.014728,0.00744466800804829,0.009054325955734407,0.008249496981891348,5.882352941176471,1.316657744000974,1.0000000000001563,2.4199454189414036,0.8201965242834345,59.913625,119.909373,2093.281615,2160,388,546,60.0,120.0
245,2022-07-15 11:29:47.382956,can_tapper17,"rgb(77,175,74)",502.0,465.0,506.0,7.370517928286853,92.5,97.5,5.115193384529244,1500,23.0,0.0,233.0,233.0,1.011175,-58.8125,7.0,3.106799,0.01587982832618026,0.01587982832618026,0.01759656652360515,0.6451612903225806,0.3645075740810057,0.5000000000000782,2.7289468883321724,0.778402858163516,33.308057,119.996473,10918.622712,1840,344,349,60.0,120.0
246,2022-07-15 12:59:58.452199,can_tapper17,"rgb(152,78,163)",499.0,459.0,502.0,8.016032064128256,87.00000000000001,92.5,7.81212728400193,136,21.883333333333333,13.0,349.0,336.0,1.129177,-62.70740740740741,101.0,2.132968,0.011904761904761906,0.011904761904761906,0.012797619047619047,1.0893246187363834,0.4339768448256354,1.0000000000001563,2.892719705486028,0.8034228844073201,5.741545,119.877443,5411.069243,1509,288,298,60.0,120.0
247,2022-07-19 08:26:17.652452,can_tapper17,"rgb(255,127,0)",490.0,436.0,494.0,11.020408163265307,64.16666666666669,73.16666666666671,1.2212983205766994,1500,21.65833333333333,21.0,325.0,304.0,1.730546,-60.53135313531353,173.0,2.234479,0.012828947368421054,0.017763157894736842,0.014144736842105264,8.59538784067086,0.4778106748628578,1.7600000000002751,3.2620894576029285,0.8672453452767919,56.603356,119.999044,329179.200253,2121,332,560,60.0,120.0
248,2022-07-27 08:15:03.192506,can_tapper17,"rgb(255,255,51)",477.0,411.0,478.0,13.836477987421384,43.124999999999986,43.124999999999986,1.2286672127408935,1500,19.333333333333332,15.5,374.0,358.5,1.238105,-111.51379310344828,22.0,2.834286,0.014783821478382147,0.018410041841004185,0.01506276150627615,12.264150943396226,0.6454121673396205,1.0000000000001563,3.077404581544478,0.836503545307296,59.845845,119.992002,690525.540054,2159,402,806,60.0,120.0
249,2022-07-27 08:21:49.558287,can_tapper17,"rgb(166,86,40)",489.0,431.0,490.0,11.860940695296524,62.380952380952394,64.16666666666669,1.9580008702224008,1500,19.41,12.0,373.0,361.0,1.273748,-100.4417808219178,20.0,2.266898,0.012465373961218836,0.016066481994459834,0.012742382271468143,7.964601769911504,0.7109133736588771,1.0000000000001563,1.7887444673306678,0.26667656801662654,59.836502,119.998521,406.365781,2158,392,454,60.0,120.0
250,2022-07-27 08:24:03.149610,can_tapper17,"rgb(247,129,191)",498.0,449.0,506.5,9.839357429718875,84.00000000000003,98.12500000000001,64.06933514191635,1500,21.866666666666667,0.0,315.0,315.0,1.336648,-59.97752808988764,20.0,2.028253,0.011428571428571429,0.015555555555555555,0.014126984126984127,7.053941908713693,1.374624784396151,1.0000000000001563,38.38524894643104,0.46353789403155765,59.865826,119.973273,133.591323,2160,314,336,60.0,120.0
251,2022-07-27 08:26:57.846039,can_tapper17,"rgb(153,153,153)",490.0,453.0,494.0,7.551020408163265,64.16666666666669,73.16666666666671,5.542896428882915,826,19.8,9.0,403.0,394.0,0.932993,-133.6153846153846,5.0,2.928541,0.007868020304568528,0.009390862944162437,0.008883248730964468,5.010893246187364,0.7226712775634401,0.5000000000000782,3.678623825607137,0.9081446398965138,59.976035,119.797645,174.696429,1849,332,444,60.0,120.0
252,2022-07-27 09:06:47.747570,can_tapper17,"rgb(228,26,28)",517.0,442.0,574.0,14.506769825918761,100.0,100.0,65.33096236930643,1500,22.675,22.5,500.0,477.5,0.999133,-66.0599455040872,32.0,2.004509,0.009214659685863874,0.015706806282722512,0.021151832460732982,21.50313152400835,2.184988696824619,1.5000000000002345,1.6874737773196231,0.7163360956237412,59.954941,119.926533,2389.901531,2159,574,601,60.0,120.0
253,2022-08-03 13:18:54.071683,can_tapper17,"rgb(55,126,184)",487.0,445.0,490.0,8.624229979466119,58.21428571428571,64.16666666666669,26.234402361200797,437,20.175,2.0,303.0,301.0,0.598533,-63.723333333333336,88.0,2.002632,0.002990033222591362,0.013953488372093023,0.003986710963455149,8.893709327548807,1.4588567440109097,0.5000000000000782,3.2620894576029285,0.8560401869899987,11.764814,119.814987,619926.324113,1581,320,379,60.0,120.0
254,2022-09-29 13:06:25.945893,can_tapper17,"rgb(77,175,74)",475.0,409.0,480.0,13.894736842105262,40.0,46.428571428571416,8.926400147031734,1082,15.023333333333335,18.0,314.0,296.0,1.628845,-34.09243697478992,166.0,2.132194,0.0125,0.0222972972972973,0.01418918918918919,6.730769230769231,1.0952739619727891,1.5000000000002345,3.9134845291898115,0.898561037297268,24.647678,119.91767,4924051.87421,1737,397,530,60.0,120.0
255,2022-09-29 13:11:05.794843,can_tapper17,"rgb(152,78,163)",501.0,434.0,581.0,13.373253493013973,89.50000000000001,100.0,83.81612614048764,1500,13.166666666666666,13.0,314.0,301.0,1.671169,-32.44375,165.0,2.171337,0.016943521594684385,0.022259136212624587,0.043521594684385385,7.889125799573561,0.6781315585241172,1.7600000000002751,3.077404581544478,0.9006127739943494,59.901527,119.964949,279.84895,2160,491,672,60.0,120.0
256,2022-09-29 14:20:09.926116,can_tapper17,"rgb(255,127,0)",483.0,435.0,,9.937888198757763,51.20535714285712,,,0,15.416666666666668,0.0,340.0,340.0,1.527125,-34.44972067039106,179.0,2.020512,0.009705882352941177,0.014117647058823528,,1.4861995753715498,0.6173499642369155,1.0000000000001563,3.9134845291898115,0.8882081043172283,0.634641,119.914897,4144.131273,1449,361,423,60.0,120.0
257,2022-09-30 08:11:16.349565,can_tapper17,"rgb(255,255,51)",477.0,422.0,481.0,11.530398322851152,43.124999999999986,47.99107142857141,4.292903142876298,1140,15.325,18.0,485.0,467.0,1.309542,-37.05654761904762,159.0,2.311417,0.010920770877944326,0.011777301927194861,0.011777301927194861,2.8077753779697625,0.861529699962859,1.5000000000002345,3.678623825607137,0.8029123275877473,25.818361,119.993292,64266.423449,1751,402,447,60.0,120.0
258,2022-09-30 08:18:34.088255,can_tapper17,"rgb(166,86,40)",482.0,431.0,485.0,10.58091286307054,49.5535714285714,54.7767857142857,1.9243475219321766,1500,15.366666666666669,0.0,325.0,325.0,1.436666,-41.08670520231214,15.0,2.03419,0.011384615384615384,0.015692307692307693,0.012307692307692308,6.290672451193059,1.277568963016043,1.0000000000001563,2.27471676670449,0.8202426058685222,59.998153,119.830298,437.73869,2160,459,514,60.0,120.0
259,2022-10-03 10:52:04.718823,can_tapper17,"rgb(247,129,191)",470.0,409.0,473.0,12.978723404255318,40.0,40.0,11.57452108235488,381,14.833333333333332,16.0,309.0,293.0,1.534018,-45.78115501519757,162.0,2.033142,0.010580204778156996,0.020819112627986348,0.011604095563139932,11.320754716981131,1.3773093326113717,1.5000000000002345,3.2620894576029285,0.8705165181794006,10.632985,119.925744,268410.630568,1569,350,588,60.0,120.0
260,2022-10-03 11:07:45.455382,can_tapper17,"rgb(153,153,153)",484.0,418.0,482.0,13.636363636363635,53.124999999999986,49.5535714285714,3.1322236143211453,1500,14.95,13.5,470.0,456.5,1.128929,-52.92125984251968,29.0,2.129679,0.011829134720700987,0.014457831325301207,0.011391018619934282,10.407239819004525,1.4803423126472603,1.260000000000197,119.99999999999996,0.526384795411531,59.987669,119.816972,940.736559,2159,254,349,60.0,120.0
261,2022-10-03 11:15:49.355956,can_tapper17,"rgb(228,26,28)",482.0,419.0,485.0,13.070539419087138,49.5535714285714,54.7767857142857,0.7003114223604183,1500,13.05,12.0,309.0,297.0,1.589705,-61.319526627218934,160.0,2.18868,0.014141414141414142,0.021212121212121213,0.015151515151515152,11.264367816091953,1.377939548176702,1.5000000000002345,2.565174071178317,0.8660420628483685,59.866101,119.940353,483.900574,2158,414,568,60.0,120.0
262,2022-10-03 11:25:50.749309,can_tapper17,"rgb(55,126,184)",485.0,424.0,486.0,12.577319587628866,54.7767857142857,56.428571428571416,2.8201152515774477e-13,1500,15.283333333333331,0.0,399.0,399.0,1.170574,-65.0108991825613,21.0,2.173293,0.012030075187969924,0.015288220551378445,0.012280701754385965,18.681318681318682,1.7141987777017957,1.5000000000002345,2.27471676670449,0.8812133304362483,59.895777,119.984997,601.393353,2160,508,484,60.0,120.0
263,2022-10-03 11:36:17.975330,can_tapper17,"rgb(77,175,74)",485.0,415.0,489.0,14.432989690721648,54.7767857142857,62.380952380952394,4.0742506996660675,1500,17.483333333333334,11.0,494.0,483.0,1.340176,-67.5814606741573,14.0,2.338194,0.009109730848861283,0.014492753623188404,0.009937888198757764,16.02708803611738,1.3394377088807525,1.0000000000001563,2.27471676670449,0.8600893290203273,59.970556,119.9932,627.226021,2160,410,440,60.0,120.0
264,2022-10-03 11:41:47.526680,can_tapper17,"rgb(152,78,163)",489.0,433.0,490.0,11.451942740286299,62.380952380952394,64.16666666666669,2.8201152515774477e-13,1500,15.583333333333332,0.0,335.0,335.0,1.271125,-59.00903614457831,20.0,2.269725,0.012835820895522388,0.01671641791044776,0.013134328358208956,8.444444444444445,1.4907360401930967,1.0000000000001563,119.99999999999996,0.15280461203096662,59.903251,119.93825,329.55135,2159,388,386,60.0,120.0
265,2022-10-03 13:23:34.530091,can_tapper17,"rgb(255,127,0)",481.0,423.0,483.0,12.058212058212058,47.99107142857141,51.20535714285712,0.9572715365648127,1500,16.15833333333333,15.0,500.0,485.0,1.090436,-66.1774193548387,20.0,2.190085,0.011958762886597937,0.011958762886597937,0.012371134020618556,2.78372591006424,0.6649489113561621,1.0000000000001563,2.565174071178317,0.2617242069731186,59.937514,119.853681,6107.003411,2160,463,372,60.0,120.0
266,2022-10-03 13:33:46.559016,can_tapper17,"rgb(255,255,51)",484.0,428.0,486.0,11.570247933884298,53.124999999999986,56.428571428571416,1.0187293416570018,1500,16.15,0.0,396.0,396.0,1.225802,-67.69436997319035,146.0,2.223029,0.014141414141414142,0.014141414141414142,0.014646464646464647,0.6711409395973155,0.26809345907475646,1.5000000000002345,2.565174071178317,0.9008488389827766,59.911625,119.89655,612.028925,2160,445,573,60.0,120.0
267,2022-10-03 13:44:22.539322,can_tapper17,"rgb(166,86,40)",493.0,434.0,497.0,11.967545638945234,71.08333333333337,81.58333333333336,3.9459217537424123,1500,16.4,12.0,407.0,395.0,1.298394,-58.229032258064514,28.0,2.3995,0.010886075949367089,0.014936708860759493,0.01189873417721519,9.166666666666666,1.0027975321405969,1.5000000000002345,2.27471676670449,0.2413664593343663,59.950099,119.881974,635.980306,2160,386,502,60.0,120.0
268,2022-10-03 13:51:37.653348,can_tapper17,"rgb(247,129,191)",489.0,434.0,493.0,11.247443762781186,62.380952380952394,71.08333333333337,2.6067656030062305,1500,16.75,13.0,350.0,337.0,1.463699,-64.96600566572238,15.0,2.059997,0.010385756676557865,0.01632047477744807,0.011572700296735905,12.446351931330472,1.1088146425677714,1.0000000000001563,2.565174071178317,0.8416541552829024,59.981083,119.840846,435.114026,2160,451,394,60.0,120.0
269,2022-10-04 11:46:59.769049,can_tapper17,"rgb(153,153,153)",481.0,428.0,483.0,11.01871101871102,47.99107142857141,51.20535714285712,2.3758143892503587,1500,15.875,0.0,369.0,369.0,1.193712,-48.21671018276762,20.0,2.292012,0.010569105691056912,0.014363143631436315,0.011111111111111112,9.502262443438914,1.3434815640066464,1.0000000000001563,3.678623825607137,0.870592045281781,54.720423,119.832333,78922.115701,2097,527,534,60.0,120.0
270,2022-10-05 13:56:56.976368,can_tapper17,"rgb(228,26,28)",473.0,416.0,474.0,12.050739957716702,40.0,40.0,0.3148801399466002,1500,16.275,0.0,379.0,379.0,1.314102,-153.9214501510574,91.0,2.415275,0.01187335092348285,0.015039577836411609,0.012137203166226915,8.971553610503282,0.9314494575362441,1.5000000000002345,3.678623825607137,0.7025191963412384,59.870674,119.975598,94197.207319,2160,428,439,60.0,120.0
271,2022-10-07 08:00:27.123509,can_tapper17,"rgb(55,126,184)",477.0,425.0,481.0,10.90146750524109,43.124999999999986,47.99107142857141,6.897700843421442,1500,15.975,17.0,350.0,333.0,1.234101,-83.41311475409836,18.0,2.42695,0.015615615615615617,0.015615615615615617,0.016816816816816817,2.3655913978494625,0.7525556270235647,1.0000000000001563,3.678623825607137,0.9065054904437948,59.849815,119.989655,151410.147141,2160,382,495,60.0,120.0
272,2022-10-10 12:41:45.389713,can_tapper17,"rgb(77,175,74)",477.0,424.0,477.0,11.11111111111111,43.124999999999986,43.124999999999986,4.287002883110879e-11,7,12.833333333333334,9.5,308.0,298.5,1.025711,-64.32191780821918,14.0,2.129714,0.012395309882747068,0.01775544388609715,0.012395309882747068,6.046511627906977,0.9921601539654825,1.0000000000001563,3.2620894576029285,0.861419421077963,3.387076,119.937532,276078.266204,1481,299,489,60.0,120.0
273,2022-10-11 07:25:59.605805,can_tapper17,"rgb(152,78,163)",485.0,446.0,,8.041237113402062,54.7767857142857,,,0,17.9,6.5,262.0,255.5,1.238976,-57.26813880126183,58.0,2.347396,0.012524461839530333,0.015264187866927592,,1.7543859649122806,0.6992002400683464,1.260000000000197,3.2620894576029285,0.8692747924800962,0.679488,119.89789,67454.216092,1449,324,375,60.0,120.0
274,2022-10-11 07:38:24.008247,can_tapper17,"rgb(255,127,0)",486.0,431.0,486.0,11.316872427983538,56.428571428571416,56.428571428571416,2.6778234123654614,1500,15.875,0.0,324.0,324.0,1.4399,-44.05614973262032,367.0,2.038181,0.014506172839506172,0.016975308641975308,0.014506172839506172,9.534368070953438,0.746188304945932,1.0000000000001563,1.5862030873085784,0.08312688370946908,59.869274,119.957356,744.402442,2160,599,645,60.0,120.0
275,2022-10-11 07:39:35.834158,can_tapper17,"rgb(255,255,51)",490.0,421.0,500.0,14.081632653061224,64.16666666666669,86.50000000000003,78.27589256705114,1500,15.866666666666669,24.5,367.0,342.5,1.239614,-37.522222222222226,34.0,2.23823,0.009635036496350367,0.02014598540145985,0.012554744525547445,17.92656587473002,0.6526921376932496,1.0000000000001563,119.99999999999996,0.3346929961327204,59.932479,119.894618,71.825911,2160,559,605,60.0,120.0
276,2022-10-12 09:02:52.006692,can_tapper17,"rgb(166,86,40)",485.0,424.0,486.0,12.577319587628866,54.7767857142857,56.428571428571416,12.841302969102767,613,19.75,0.0,423.0,423.0,0.616566,-45.70987654320987,108.0,2.019221,0.007092198581560284,0.01442080378250591,0.007328605200945627,19.12087912087912,1.6976272767814051,1.0200000000001594,2.892719705486028,0.8517129577846969,15.264844,119.81319,91396.172534,1623,357,516,60.0,120.0
277,2022-11-01 08:28:40.383527,can_tapper17,"rgb(247,129,191)",482.0,427.0,485.0,11.410788381742739,49.5535714285714,54.7767857142857,9.441004301154665,794,15.625,0.0,120.0,120.0,1.723118,-43.09366391184573,84.0,2.223776,0.029166666666666667,0.04583333333333334,0.03166666666666666,12.88888888888889,0.7743520535025659,1.0000000000001563,3.2620894576029285,0.8583095566155278,18.9061,119.94615,1725948.376835,1683,392,567,60.0,120.0
278,2022-11-01 13:09:24.523338,can_tapper17,"rgb(153,153,153)",497.0,494.0,498.0,0.6036217303822937,81.58333333333336,84.00000000000003,0.8066670251851583,1500,18.18333333333333,0.0,12.0,12.0,1.061922,-31.49645390070922,499.0,3.263287,0.008333333333333333,0.025,0.016666666666666666,0.8064516129032258,0.5052566279221626,0.020000000000003126,8.048235895709572,0.6442126962594285,59.885049,119.923025,16844.139811,2160,439,416,60.0,120.0
279,2022-11-01 13:09:30.919658,can_tapper17,"rgb(228,26,28)",494.0,456.0,498.0,7.6923076923076925,73.16666666666671,84.00000000000003,3.774010566226256,1500,18.208333333333332,0.0,499.0,499.0,0.981253,-39.92253521126761,12.0,2.073529,0.006412825651302604,0.007615230460921843,0.007214428857715432,4.761904761904762,0.8380066799375584,1.0000000000001563,2.0171482422437275,0.7422477768084226,59.781469,119.777845,6.39632,2157,440,435,60.0,120.0
280,2022-11-02 09:12:45.221088,can_tapper17,"rgb(55,126,184)",497.0,432.0,498.0,13.078470824949697,81.58333333333336,84.00000000000003,8.843540243896139e-14,1500,13.433333333333334,14.0,418.0,404.0,1.023219,-26.874666666666666,154.0,2.022825,0.011881188118811881,0.01608910891089109,0.012128712871287129,10.961968680089486,1.3973645387614768,1.5000000000002345,2.27471676670449,0.7757431995751841,59.945405,119.989324,72194.30143,2160,541,570,60.0,120.0
281,2022-11-02 09:23:58.861329,can_tapper17,"rgb(77,175,74)",502.0,459.0,506.0,8.565737051792828,92.5,97.5,7.937870194607617,1500,15.77,14.0,225.0,211.0,0.491151,-17.516666666666666,-3.0,,0.0033175355450236967,0.020379146919431282,0.005213270142180095,5.2631578947368425,1.1978673935708708,1.0000000000001563,2.583718236095259,0.8089066560290498,59.977491,119.975473,673.640241,2160,419,646,60.0,120.0
282,2022-11-02 09:30:10.585428,can_tapper17,"rgb(152,78,163)",514.0,444.0,521.0,13.618677042801556,100.0,100.0,4.9820733253653025,1500,15.9,14.0,485.0,471.0,1.03188,-16.12316715542522,98.0,2.029781,0.00912951167728238,0.014861995753715499,0.010615711252653929,13.333333333333334,1.2781164632006883,1.5000000000002345,2.6396188499233277,0.8781972570259172,59.961169,119.943774,371.724099,2160,369,563,60.0,120.0
283,2022-11-02 13:27:14.664480,can_tapper17,"rgb(255,127,0)",503.0,455.0,509.0,9.542743538767395,93.75,98.75,4.100890711505984,1500,13.666666666666666,0.0,408.0,408.0,1.494247,-16.87372013651877,346.0,2.030043,0.009313725490196078,0.011764705882352943,0.010784313725490198,7.053941908713693,0.8029301038004566,1.5000000000002345,2.768403112153709,0.8436541476732767,59.996329,119.794495,14224.079052,2159,314,584,60.0,120.0
284,2022-11-03 08:10:10.873555,can_tapper17,"rgb(255,255,51)",478.0,424.0,,11.297071129707113,43.124999999999986,,,0,15.5,125.0,421.0,296.0,1.514945,-27.546666666666667,273.0,2.012145,0.007770270270270271,0.018243243243243244,,9.174311926605505,1.0793738186534403,1.5000000000002345,3.678623825607137,0.8678033661025271,0.897398,119.919788,67376.209075,1452,379,381,60.0,120.0
285,2022-11-08 07:52:01.410518,can_tapper17,"rgb(166,86,40)",497.0,458.0,502.0,7.847082494969819,81.58333333333336,92.5,4.784868590910502,1377,14.675,8.0,492.0,484.0,0.740911,-18.671186440677968,-4.0,,0.006198347107438017,0.008057851239669421,0.007024793388429753,6.557377049180328,1.0916728790250128,0.5000000000000782,4.477002937824031,0.8541797204291206,46.854667,119.992102,430910.536963,1825,351,515,60.0,120.0
286,2022-11-08 07:59:25.711402,can_tapper17,"rgb(247,129,191)",497.0,434.0,501.0,12.676056338028168,81.58333333333336,89.50000000000001,5.35609126937286,1500,14.63,9.0,490.0,481.0,0.635297,-22.641379310344828,145.0,2.138945,0.007276507276507275,0.013097713097713098,0.008108108108108109,11.11111111111111,1.2692805056741316,1.5000000000002345,119.99999999999996,0.35266358168706446,59.991699,119.891773,444.300884,2160,411,417,60.0,120.0
287,2022-11-08 09:43:56.858996,can_tapper17,"rgb(153,153,153)",497.0,459.0,498.0,7.645875251509055,81.58333333333336,84.00000000000003,5.385045406388652,937,16.85,-1.5,491.0,492.5,0.622093,-40.95348837209303,74.0,2.121605,0.0020304568527918783,0.007715736040609138,0.002233502538071066,1.8480492813141685,0.5920190904019634,1.0000000000001563,22.311464047271706,0.15197413143738614,54.588049,119.795024,6271.147594,1941,83,118,60.0,120.0
288,2022-11-08 10:26:54.048673,can_tapper17,"rgb(228,26,28)",491.0,434.0,491.0,11.608961303462321,67.64583333333336,67.64583333333336,0.9400715289207835,1500,16.85,0.0,490.0,490.0,0.874856,-20.16289592760181,144.0,2.379975,0.007755102040816328,0.01163265306122449,0.007755102040816328,9.812108559498956,1.1449129611666393,1.5000000000002345,119.99999999999996,0.4055576371972044,59.969126,119.8535,2577.189677,2121,322,434,60.0,120.0
289,2022-11-14 15:41:05.954989,can_tapper17,"rgb(55,126,184)",481.0,427.0,485.0,11.226611226611228,47.99107142857141,54.7767857142857,4.115607337787771,629,12.120000000000001,12.0,489.0,477.0,0.639729,-126.5251798561151,14.0,2.14203,0.011320754716981133,0.011320754716981133,0.012159329140461216,3.8202247191011236,0.7244958707812675,1.0200000000001594,3.2620894576029285,0.8433176810241656,15.592214,47.172665,537251.906316,933,176,192,60.0,120.0
290,2022-11-24 13:44:00.668152,can_tapper17,"rgb(77,175,74)",501.0,451.0,505.0,9.980039920159681,89.50000000000001,96.25,29.40296274128017,164,3.95,0.0,390.0,390.0,0.520078,-14.665551839464882,-7.0,,0.0056410256410256415,0.01282051282051282,0.00641025641025641,10.2880658436214,1.899165789567177,1.5200000000002376,3.470356641605033,0.8710147825755572,6.291862,119.986857,856974.713163,3032,632,772,60.0,120.0
291,2022-11-24 13:44:00.668152,can_tapper17,"rgb(152,78,163)",501.0,451.0,505.0,9.980039920159681,89.50000000000001,96.25,29.40296274128017,164,3.95,0.0,390.0,390.0,0.520078,-14.665551839464882,-7.0,,0.0056410256410256415,0.01282051282051282,0.00641025641025641,10.2880658436214,1.899165789567177,1.5200000000002376,3.470356641605033,0.8710147825755572,6.291862,119.986857,0.0,3032,632,772,60.0,120.0
292,2022-11-24 17:13:02.203705,can_tapper17,"rgb(255,127,0)",497.0,463.0,501.0,6.841046277665996,81.58333333333336,89.50000000000001,5.549398021953803,1500,6.275,6.5,423.0,416.5,0.819664,-26.58167330677291,6.0,2.817043,0.006482593037214886,0.00816326530612245,0.007202881152460984,5.307855626326964,1.0556297318177545,0.5000000000000782,2.145932504474109,0.7727426242750166,59.95435,97.482243,12541.535553,1890,332,454,60.0,120.0
293,2023-02-07 09:59:03.483269,can_tapper17,"rgb(255,255,51)",438.5,315.0,443.0,28.164196123147097,40.0,40.0,0.7753959001759366,1500,2.34,0.0,494.0,494.0,1.329932,-69.58029197080292,281.0,2.322474,0.01933198380566802,0.025,0.02024291497975709,51.21951219512195,14.35930712221251,2.24000000000035,3.678623825607137,0.8653367416927501,59.949701,119.975099,6453961.279564,2160,422,654,60.0,120.0
294,2023-02-08 08:34:27.822610,can_tapper17,"rgb(166,86,40)",504.0,462.0,505.0,8.333333333333332,95.0,96.25,2.0865899009668942e-13,200,5.958333333333333,0.0,417.0,417.0,0.816281,-12.06006006006006,-4.0,,0.004316546762589928,0.010071942446043165,0.004556354916067146,5.2631578947368425,0.7185311931252285,0.7600000000001188,4.178334463910163,0.8263553254787905,7.011444,119.8333,81324.339341,1524,347,453,60.0,120.0
295,2023-02-09 10:48:42.508705,can_tapper17,"rgb(247,129,191)",502.0,460.0,506.0,8.366533864541832,92.5,97.5,15.320165556925797,493,4.45,0.0,391.0,391.0,1.013874,-12.808955223880597,-4.0,,0.00895140664961637,0.010741687979539644,0.009974424552429669,5.781584582441114,0.8533400927829949,1.0000000000001563,3.470356641605033,0.8161629147244477,13.107444,119.960124,94454.686095,1598,354,413,60.0,120.0
296,2023-02-09 12:56:54.513045,can_tapper17,"rgb(153,153,153)",505.0,458.0,506.0,9.306930693069306,96.25,97.5,1.5066870418573217e-12,122,6.341666666666667,-4.0,493.0,497.0,0.610754,-12.091525423728813,-2.0,,0.004024144869215292,0.009456740442655936,0.004225352112676057,6.526315789473684,0.7180026706592066,0.5000000000000782,3.470356641605033,0.863380763358384,5.470578,119.853177,7692.00434,1506,311,492,60.0,120.0
297,2023-02-09 14:02:35.014550,can_tapper17,"rgb(228,26,28)",487.0,441.0,489.0,9.44558521560575,58.21428571428571,62.380952380952394,1.6206584980702032,1500,7.0875,0.0,487.0,487.0,1.011973,-39.9695945945946,16.0,2.015349,0.004517453798767968,0.009445585215605751,0.0049281314168377836,8.333333333333334,1.2332585208105107,1.0000000000001563,2.0171482422437275,0.6943828130391848,59.919719,119.938187,3940.501505,2159,404,734,60.0,120.0
298,2023-02-09 15:14:14.785240,can_tapper17,"rgb(55,126,184)",493.0,430.0,494.0,12.778904665314403,71.08333333333337,73.16666666666671,1.6664985184433365,1500,8.308333333333334,7.0,488.0,481.0,0.778825,-36.775735294117645,7.0,2.2693,0.007484407484407485,0.013097713097713098,0.007692307692307693,13.347921225382931,1.1883281216007284,1.0000000000001563,2.0171482422437275,0.754828218211027,59.990075,119.854096,4299.77069,2159,341,534,60.0,120.0
299,2023-02-10 08:48:56.092214,can_tapper17,"rgb(77,175,74)",501.0,460.0,502.0,8.183632734530939,89.50000000000001,92.5,28.640045881421127,260,5.5,-3.0,494.0,497.0,0.620238,-17.86996904024768,65.0,2.118195,0.004024144869215292,0.008249496981891348,0.004225352112676057,3.054989816700611,0.821865707161191,1.0000000000001563,3.2620894576029285,0.872031340885248,8.215123,119.898332,63281.306974,1539,345,477,60.0,120.0
300,2023-03-15 13:46:05.640131,can_tapper17,"rgb(152,78,163)",494.0,429.0,494.0,13.157894736842104,73.16666666666671,73.16666666666671,1.8380808169245948,1500,9.3,0.0,489.0,489.0,0.756121,-24.327338129496404,488.0,2.250098,0.010633946830265847,0.01329243353783231,0.010633946830265847,15.74468085106383,1.0732454277781627,1.0000000000001563,2.0171482422437275,0.10732391526254359,59.986799,119.889694,2869029.547917,2159,419,770,60.0,120.0
301,2023-03-15 13:47:15.572581,can_tapper17,"rgb(255,127,0)",499.0,449.0,502.0,10.02004008016032,87.00000000000001,92.5,40.007075558693714,1500,8.258333333333335,0.0,488.0,488.0,0.868449,-23.265454545454546,487.0,2.370144,0.00778688524590164,0.010245901639344262,0.008401639344262295,8.459869848156183,1.1473635157841755,1.0000000000001563,1.5862030873085784,0.11569382591273913,59.921849,119.982923,69.93245,2160,408,780,60.0,120.0
302,2023-03-15 13:48:55.724467,can_tapper17,"rgb(255,255,51)",507.0,446.0,515.0,12.03155818540434,98.75,100.0,71.96397865064577,1500,8.35,6.0,487.0,481.0,1.047763,26.85514018691589,485.0,2.049087,0.010602910602910603,0.012681912681912683,0.012266112266112267,11.83673469387755,2.401075710330022,1.0000000000001563,34.038847637526615,0.4203614773980002,59.944585,119.984791,100.151886,2159,337,405,60.0,120.0
303,2023-03-17 09:39:16.733091,can_tapper17,"rgb(166,86,40)",498.0,457.0,501.0,8.23293172690763,84.00000000000003,89.50000000000001,3.5718149208058563,1500,7.466666666666667,2.0,495.0,493.0,0.799383,-34.659574468085104,69.0,2.203284,0.0058823529411764705,0.008316430020283976,0.006490872210953347,2.771855010660981,0.605346709723808,1.0000000000001563,3.2620894576029285,0.8042673745871949,45.861843,119.975389,157821.008624,1992,363,593,60.0,120.0
304,2023-03-17 12:03:14.004642,can_tapper17,"rgb(247,129,191)",501.0,462.0,502.0,7.784431137724551,89.50000000000001,92.5,5.8623567777357835,819,9.891666666666667,-2.5,494.0,496.5,0.696381,-26.96330275229358,-3.0,,0.003826787512588117,0.007854984894259818,0.004028197381671702,6.504065040650406,0.756094516728624,0.5000000000000782,3.2620894576029285,0.8615205148656415,19.390791,119.949228,8637.271551,1674,377,498,60.0,120.0
305,2023-03-21 11:03:33.328666,can_tapper17,"rgb(153,153,153)",534.0,481.0,534.0,9.925093632958802,100.0,100.0,1.906560847359839,1500,15.3,13.5,228.0,214.5,0.788734,0.22404371584699453,18.0,2.793363,0.016783216783216783,0.02470862470862471,0.016783216783216783,11.11111111111111,0.8459438975207794,1.0000000000001563,119.99999999999996,0.3154336788940617,59.956817,119.955107,342019.324024,2160,291,426,60.0,120.0
306,2023-03-22 09:01:56.263275,can_tapper17,"rgb(228,26,28)",502.0,469.0,505.0,6.573705179282868,92.5,96.25,2.801459022869469,1500,15.15,0.0,187.0,187.0,0.902034,-12.92436974789916,-7.0,,0.013368983957219251,0.01764705882352941,0.014438502673796792,5.439330543933054,0.8648023518020655,0.5000000000000782,2.892719705486028,0.7843107076624292,59.887684,119.905751,79102.934609,2158,357,450,60.0,120.0
307,2023-03-22 10:04:34.450669,can_tapper17,"rgb(55,126,184)",497.0,497.0,498.0,0.0,81.58333333333336,84.00000000000003,0.3086668038519045,1500,15.05,-9.0,-7.0,2.0,0.435081,-10.464788732394366,354.0,26.048323,,,,1.0060362173038229,0.45211025187268183,0.020000000000003126,28.5782350179667,0.6139614014275051,59.979625,119.821873,3758.187394,2158,274,653,60.0,120.0
308,2023-03-22 10:05:01.558971,can_tapper17,"rgb(77,175,74)",497.0,456.0,498.0,8.249496981891348,81.58333333333336,84.00000000000003,2.177236523215669,1500,15.125,-8.0,354.0,362.0,0.441262,-16.90222222222222,-7.0,,0.005248618784530386,0.011325966850828728,0.0055248618784530384,5.172413793103448,1.7213723011826565,1.0000000000001563,2.031730617017579,0.5491780654877861,59.864607,119.969297,27.108302,2160,300,703,60.0,120.0
309,2023-04-11 07:50:00.110685,can_tapper17,"rgb(152,78,163)",489.0,446.0,490.0,8.793456032719837,62.380952380952394,64.16666666666669,4.085779593678959,1500,12.95,0.0,482.0,482.0,0.89905,-30.424242424242426,10.0,2.401127,0.0033195020746887966,0.008921161825726142,0.003526970954356847,11.20507399577167,0.6194468896238405,0.5000000000000782,3.077404581544478,0.8187598103376924,48.504238,119.814725,1719898.551714,2022,403,358,60.0,120.0
310,2023-04-11 10:08:51.575253,can_tapper17,"rgb(255,127,0)",494.0,460.0,494.0,6.882591093117409,73.16666666666671,73.16666666666671,2.0611120271604415,1500,11.4,0.0,305.0,305.0,1.024546,-24.574912891986063,-4.0,,0.008852459016393442,0.011147540983606557,0.008852459016393442,5.084745762711864,1.2086302065534116,1.0000000000001563,2.9136317643906224,0.6926790467373107,38.205336,119.870225,8331.464568,1899,353,351,60.0,120.0
311,2023-04-13 17:35:45.776033,can_tapper17,"rgb(255,255,51)",502.0,461.0,502.0,8.167330677290837,92.5,92.5,4.172687353770678,1106,11.633333333333333,4.0,490.0,486.0,0.598853,-19.607843137254903,28.0,2.002934,0.008436213991769548,0.008436213991769548,0.008436213991769548,2.748414376321353,0.5690730482699957,1.0000000000001563,2.9136317643906224,0.7634879171835205,25.137028,79.672605,199614.20078,1260,255,369,60.0,120.0
312,2023-04-13 17:38:10.909941,can_tapper17,"rgb(166,86,40)",510.0,474.0,510.0,7.0588235294117645,100.0,100.0,9.331552736116332e-13,202,11.65,0.0,411.0,411.0,0.781068,-20.888059701492537,-4.0,,0.006569343065693432,0.008759124087591242,0.006569343065693432,5.788423153692615,0.7458939593081191,0.7400000000001157,2.7289468883321724,0.7241688908948483,7.05752,50.748644,145.133908,695,147,215,60.0,120.0
313,2023-04-13 17:40:54.389642,can_tapper17,"rgb(247,129,191)",510.0,475.0,510.0,6.862745098039216,100.0,100.0,1.1261324116162815e-12,152,11.55,0.0,418.0,418.0,0.77503,-17.801948051948052,-5.0,,0.0062200956937799035,0.008373205741626793,0.0062200956937799035,5.179282868525896,0.7097356498351343,0.5000000000000782,2.4199454189414036,0.6405601833352328,6.051189,119.776486,163.479701,1512,324,416,60.0,120.0
314,2023-06-16 08:02:24.379809,can_tapper17,"rgb(153,153,153)",502.0,460.0,505.0,8.366533864541832,92.5,96.25,2.3975921767069135,1500,22.008333333333333,0.0,482.0,482.0,0.721895,-23.68284789644013,81.0,2.225324,0.0056016597510373444,0.008713692946058092,0.006224066390041494,5.882352941176471,0.6109854679068835,1.0000000000001563,2.892719705486028,0.7809679234225109,59.833948,119.981974,5494889.990167,2158,337,444,60.0,120.0
315,2023-09-11 09:50:51.906334,can_tapper17,"rgb(228,26,28)",479.0,404.0,,15.657620041753653,51.428571428571416,,,0,21.55,0.0,154.0,154.0,0.824156,-101.84814814814816,-53.0,,0.008441558441558441,0.048701298701298704,,14.874141876430206,3.2506911610585223,1.260000000000197,3.678623825607137,0.8053557589096966,2.042299,119.797256,7523307.526525,1464,281,363,60.0,120.0
316,2023-09-12 10:07:17.859546,can_tapper17,"rgb(55,126,184)",485.0,439.0,485.0,9.484536082474227,54.7767857142857,54.7767857142857,18.470272827626484,374,23.375,0.0,419.0,419.0,0.511145,-86.02317880794702,12.0,110.458152,0.00548926014319809,0.01097852028639618,0.00548926014319809,10.53763440860215,2.026389824074923,1.0000000000001563,2.892719705486028,0.41489222350799704,10.50214,118.8244,87385.953212,1554,325,478,60.0,120.0
317,2023-09-12 10:46:34.637681,can_tapper17,"rgb(77,175,74)",487.0,440.0,489.0,9.650924024640657,58.21428571428571,62.380952380952394,36.42212941928108,164,23.41,-18.0,292.0,310.0,1.019418,-77.36184210526316,13.0,54.861426,0.01129032258064516,0.015161290322580645,0.011935483870967743,12.554112554112555,1.605886512691773,1.2400000000001938,2.892719705486028,0.5597546813720657,6.296626,56.765844,2356.778135,759,175,232,60.0,120.0
318,2023-09-14 07:05:02.953705,can_tapper17,"rgb(152,78,163)",484.0,433.0,484.0,10.537190082644628,53.124999999999986,53.124999999999986,2.7907842103627662,272,17.61111111111111,-22.5,480.0,502.5,0.718117,-84.32978723404256,24.0,2.122518,0.010149253731343283,0.010149253731343283,0.010149253731343283,3.416856492027335,1.1766963685262015,1.0000000000001563,3.2620894576029285,0.8525411377636148,8.464792,119.861155,159508.316024,1542,306,377,60.0,120.0
319,2023-09-14 07:27:08.267097,can_tapper17,"rgb(255,127,0)",478.0,405.0,481.0,15.271966527196653,44.68749999999998,47.99107142857141,3.9222239654321096,1500,20.3,19.0,486.0,467.0,0.642351,-79.68358208955223,27.0,2.045249,0.010278372591006425,0.01563169164882227,0.010920770877944325,9.767441860465116,1.3510625540361254,1.260000000000197,3.470356641605033,0.8960179657675645,59.893328,119.937974,1325.313392,2160,466,512,60.0,120.0
320,2023-09-14 07:35:36.158919,can_tapper17,"rgb(255,255,51)",481.0,411.0,484.0,14.553014553014554,47.99107142857141,53.124999999999986,2.182080969813205,1500,23.15,0.0,486.0,486.0,0.865869,-78.50763358778626,19.0,2.273696,0.011316872427983538,0.01440329218106996,0.011934156378600822,16.363636363636363,1.4571057366223883,1.0000000000001563,2.145932504474109,0.20786001997181958,59.890748,119.994525,507.891822,2159,368,422,60.0,120.0
321,2023-09-14 07:39:29.085936,can_tapper17,"rgb(166,86,40)",481.0,414.0,485.0,13.92931392931393,47.99107142857141,54.7767857142857,5.48112243605303,1500,20.48333333333333,0.0,487.0,487.0,0.638327,-50.02723735408561,22.0,2.232475,0.0078028747433264885,0.013757700205338811,0.008418891170431212,13.52549889135255,1.7849749089191558,1.0000000000001563,119.99999999999996,0.5320199597223783,59.993916,119.93595,232.927017,2160,344,243,60.0,120.0
322,2023-09-14 07:41:54.546418,can_tapper17,"rgb(247,129,191)",485.0,404.0,486.0,16.70103092783505,54.7767857142857,56.428571428571416,5.100473377987244,1500,20.509999999999998,0.0,485.0,485.0,1.021294,-60.028225806451616,161.0,2.017927,0.008247422680412371,0.01670103092783505,0.008453608247422681,18.51851851851852,3.6436019726885824,1.5000000000002345,119.99999999999996,0.3849047295908522,59.916249,119.959624,145.460482,2159,364,350,60.0,120.0
323,2023-09-14 08:04:37.068188,can_tapper17,"rgb(153,153,153)",478.0,422.0,481.0,11.715481171548117,43.124999999999986,47.99107142857141,1.2790316795695498,1500,20.688333333333333,4.0,484.0,480.0,0.957474,-65.28169014084507,12.0,2.456774,0.009791666666666667,0.011666666666666665,0.010416666666666668,8.120649651972158,1.671382922206856,1.0000000000001563,119.99999999999996,0.46368775401888096,59.95208,119.984249,1362.52177,2160,355,359,60.0,120.0
324,2023-09-14 08:36:25.116874,can_tapper17,"rgb(228,26,28)",477.0,414.0,478.0,13.20754716981132,43.124999999999986,43.124999999999986,4.790215462317062,1500,20.55,6.0,482.0,476.0,0.639831,-95.27509293680298,81.0,2.04853,0.009873949579831932,0.013235294117647059,0.010084033613445379,11.627906976744185,1.8661406133130765,1.0000000000001563,4.178334463910163,0.7813965597316641,59.915663,119.924008,1908.048686,4318,752,1073,60.0,120.0
325,2023-09-14 08:36:25.116874,can_tapper17,"rgb(55,126,184)",477.0,414.0,478.0,13.20754716981132,43.124999999999986,43.124999999999986,4.790215462317062,1500,20.55,6.0,482.0,476.0,0.639831,-95.27509293680298,81.0,2.04853,0.009873949579831932,0.013235294117647059,0.010084033613445379,11.627906976744185,1.8661406133130765,1.0000000000001563,4.178334463910163,0.7813965597316641,59.915663,119.924008,0.0,4318,752,1073,60.0,120.0
326,2023-09-14 09:06:56.198100,can_tapper17,"rgb(77,175,74)",482.0,423.0,485.0,12.240663900414937,49.5535714285714,54.7767857142857,1.3363205939202876,1500,20.89428571428571,4.0,485.0,481.0,0.768299,-84.04377104377105,23.0,2.865023,0.007692307692307691,0.012266112266112267,0.008316008316008316,8.742004264392325,1.3341612302037187,1.0000000000001563,2.4199454189414036,0.7162844418915217,59.94258,119.878627,1831.081226,4316,642,1127,60.0,120.0
327,2023-09-14 09:06:56.198100,can_tapper17,"rgb(152,78,163)",482.0,423.0,485.0,12.240663900414937,49.5535714285714,54.7767857142857,1.3363205939202876,1500,20.89428571428571,4.0,485.0,481.0,0.768299,-84.04377104377105,23.0,2.865023,0.007692307692307691,0.012266112266112267,0.008316008316008316,8.742004264392325,1.3341612302037187,1.0000000000001563,2.4199454189414036,0.7162844418915217,59.94258,119.878627,0.0,4316,642,1127,60.0,120.0
328,2023-09-14 09:43:11.470765,can_tapper17,"rgb(255,127,0)",495.0,437.0,498.0,11.717171717171718,75.58333333333339,84.00000000000003,3.9586595371810875,1500,21.875,0.0,484.0,484.0,1.0578,-61.478547854785475,9.0,2.061092,0.010950413223140497,0.011983471074380166,0.011570247933884299,9.513742071881607,2.3268598989834266,1.5000000000002345,3.2620894576029285,0.750183729476338,59.971125,119.994743,2175.272665,2160,406,537,60.0,120.0
329,2023-09-14 16:10:51.534621,can_tapper17,"rgb(255,255,51)",474.0,409.0,478.0,13.71308016877637,40.0,43.124999999999986,1.4157784070123733,1500,25.791666666666664,5.0,482.0,477.0,0.599384,-116.60355029585799,40.0,2.102659,0.009224318658280922,0.01362683438155136,0.010062893081761006,11.627906976744185,1.585997621908044,1.5200000000002376,119.99999999999996,0.22485573352512955,59.941941,119.890005,23260.063856,2159,226,438,60.0,120.0
330,2023-09-14 16:22:32.666149,can_tapper17,"rgb(166,86,40)",477.0,432.0,481.0,9.433962264150944,43.124999999999986,47.99107142857141,4.10044626686399,1500,26.041666666666664,13.0,482.0,469.0,0.965874,-107.70114942528735,29.0,2.05982,0.009594882729211088,0.009594882729211088,0.010447761194029851,3.930131004366812,1.3333084267030582,1.0000000000001563,5.275382050040925,0.6721668532126639,59.966576,119.869818,701.131528,2159,398,725,60.0,120.0
331,2023-09-14 16:39:34.827220,can_tapper17,"rgb(247,129,191)",486.0,424.0,489.0,12.757201646090536,56.428571428571416,62.380952380952394,1.0097782265681343,1500,26.46666666666666,13.0,478.0,465.0,0.620445,-95.29503105590062,22.0,2.11665,0.01182795698924731,0.013333333333333332,0.012473118279569892,11.790393013100436,1.1255846281951452,1.0000000000001563,15.558206486264643,0.6758196195622467,59.990731,119.975299,1022.161071,2159,412,601,60.0,120.0
332,2023-09-15 08:39:09.960329,can_tapper17,"rgb(153,153,153)",483.0,449.0,486.0,7.039337474120083,51.20535714285712,56.428571428571416,2.964456609138123,1093,19.50952380952381,-5.0,319.0,324.0,1.006856,-51.388513513513516,-5.0,,0.007407407407407407,0.010493827160493827,0.008333333333333333,5.010893246187364,0.7511065186731782,0.5000000000000782,3.2620894576029285,0.8430477159656588,24.880353,119.95221,57575.133109,1931,329,552,60.0,120.0
333,2023-09-21 07:01:55.773590,can_tapper17,"rgb(228,26,28)",477.0,424.0,477.0,11.11111111111111,43.124999999999986,43.124999999999986,6.267474708451627,499,19.6,0.0,441.0,441.0,0.610455,-74.76736111111111,-20.0,,0.006575963718820861,0.012018140589569161,0.006575963718820861,6.013363028953229,1.4031102569089635,1.5000000000002345,3.2620894576029285,0.8721613709904334,13.004437,119.826249,512565.813261,1596,317,426,60.0,120.0
334,2023-09-21 07:28:20.536532,can_tapper17,"rgb(55,126,184)",485.0,435.0,485.0,10.309278350515463,54.7767857142857,54.7767857142857,20.759487103290684,172,14.9,-8.5,456.0,464.5,0.631994,-68.3467492260062,-21.0,,0.007965554359526372,0.01076426264800861,0.007965554359526372,8.016877637130802,0.9293733679574772,1.2400000000001938,5.275382050040925,0.8047978375270807,6.463497,119.854444,1584.762942,1518,353,418,60.0,120.0
335,2023-09-21 07:46:05.236732,can_tapper17,"rgb(77,175,74)",481.0,397.0,482.0,17.463617463617464,47.99107142857141,49.5535714285714,1.6157784959012327,1500,17.583333333333332,5.0,485.0,480.0,0.6133,-63.10546875,29.0,2.024344,0.013958333333333333,0.017499999999999998,0.014166666666666668,21.973094170403588,1.0256799340926737,1.5000000000002345,119.99999999999996,0.4634149800493652,59.883504,119.948036,1064.7002,2160,404,406,60.0,120.0
336,2023-09-21 07:50:52.385609,can_tapper17,"rgb(152,78,163)",480.0,422.0,482.0,12.083333333333334,46.428571428571416,49.5535714285714,4.399113066271739,1500,17.825,7.0,489.0,482.0,0.83061,-81.14339622641509,21.0,2.234499,0.00933609958506224,0.012033195020746887,0.00954356846473029,10.755148741418765,1.5893287332210542,1.5000000000002345,2.4199454189414036,0.8626487296361574,59.984476,119.904919,287.148877,2160,338,517,60.0,120.0
337,2023-09-21 09:09:43.486151,can_tapper17,"rgb(255,127,0)",478.0,433.0,481.0,9.414225941422593,43.124999999999986,47.99107142857141,2.132658725625607,1500,18.85,0.0,482.0,482.0,0.983351,-88.71739130434783,6.0,2.396601,0.008091286307053941,0.00933609958506224,0.008713692946058092,5.831533477321814,1.437494275308854,1.0000000000001563,2.145932504474109,0.6066425487393307,59.968322,119.956883,4731.100542,2159,400,501,60.0,120.0
338,2023-09-21 09:34:40.032298,can_tapper17,"rgb(255,255,51)",502.0,447.0,519.0,10.95617529880478,92.5,100.0,84.18134408058425,1500,19.55833333333333,6.0,481.0,475.0,0.977884,-35.13513513513514,11.0,2.080537,0.008421052631578947,0.011578947368421052,0.012,6.4935064935064934,1.1568462232544499,1.0000000000001563,40.68887031186959,0.45224136923335323,59.943794,119.968441,1496.546147,2160,340,428,60.0,120.0
339,2023-09-21 12:29:00.183854,can_tapper17,"rgb(166,86,40)",477.0,403.0,478.0,15.513626834381553,43.124999999999986,43.124999999999986,2.4630855391487962,1500,22.25,4.0,483.0,479.0,0.569003,-95.9814126394052,145.0,2.071663,0.006680584551148226,0.015448851774530271,0.006889352818371608,12.808988764044944,1.1548891651403852,1.5000000000002345,3.2620894576029285,0.7679850056523573,59.978489,119.977638,10460.151556,2159,404,567,60.0,120.0
340,2023-09-21 14:01:20.178943,can_tapper17,"rgb(247,129,191)",475.0,436.0,478.0,8.210526315789474,40.0,43.124999999999986,2.431761080782379,1500,20.115000000000002,0.0,470.0,470.0,0.85701,-91.81226053639847,11.0,2.358099,0.00723404255319149,0.008297872340425533,0.007872340425531916,7.189542483660131,1.1118128664526388,0.5000000000000782,4.976713576127057,0.9385303808875938,59.980019,119.898305,5539.995089,2159,374,656,60.0,120.0
341,2023-09-21 15:59:02.108096,can_tapper17,"rgb(153,153,153)",475.0,409.0,478.0,13.894736842105262,40.0,43.124999999999986,1.4141161840514176,1500,20.175,2.0,484.0,482.0,0.628229,-95.8969465648855,42.0,2.063305,0.009958506224066391,0.013692946058091288,0.01058091286307054,12.149532710280374,1.7912719939954551,1.5000000000002345,2.565174071178317,0.7266374111298486,59.966932,119.957576,7061.929153,2056,291,453,60.0,120.0
342,2023-09-21 16:43:37.088551,can_tapper17,"rgb(228,26,28)",485.0,432.0,486.0,10.927835051546392,54.7767857142857,56.428571428571416,0.8907648403396511,1500,24.14,9.5,481.0,471.5,0.82135,-84.47076923076924,15.0,2.314708,0.007847295864262992,0.011240721102863203,0.008059384941675504,8.035714285714286,1.050284937575013,1.0000000000001563,2.0171482422437275,0.5671843049769805,59.897521,119.972954,2674.980455,2159,549,562,60.0,120.0
343,2023-09-25 11:30:56.905382,can_tapper17,"rgb(55,126,184)",490.0,447.0,490.0,8.775510204081632,64.16666666666669,64.16666666666669,7.360545910601293e-12,14,14.15,0.0,320.0,320.0,0.925338,-44.28838951310861,69.0,5.626563,0.01125,0.013437499999999998,0.01125,9.322033898305085,0.8931760289612074,1.0000000000001563,5.275382050040925,0.8702468072815528,3.292538,119.787582,326839.816831,1479,279,554,60.0,120.0
344,2023-09-28 09:53:06.728894,can_tapper17,"rgb(77,175,74)",502.0,461.0,502.0,8.167330677290837,92.5,92.5,2.109516412153345e-12,42,16.8,-7.5,487.0,494.5,0.61092,-30.293515358361773,-16.0,,0.008291203235591507,0.008291203235591507,0.008291203235591507,5.660377358490566,0.6736804533890324,1.0200000000001594,4.711863641406706,0.763171162025355,3.843817,119.987689,253329.823512,1488,309,364,60.0,120.0
345,2023-09-28 10:07:17.044427,can_tapper17,"rgb(152,78,163)",502.0,466.0,502.0,7.171314741035857,92.5,92.5,28.021849111591564,122,20.195,0.0,296.0,296.0,1.003293,-29.79377431906615,-16.0,,0.010135135135135136,0.012162162162162163,0.010135135135135136,7.377049180327869,0.677806192336703,0.5000000000000782,4.477002937824031,0.679297994813649,5.462895,119.887524,850.315533,1506,272,380,60.0,120.0
346,2023-10-12 14:06:32.937472,can_tapper17,"rgb(255,127,0)",423.0,334.0,424.0,21.04018912529551,40.0,40.0,8.646749869115135,770,15.525,0.0,491.0,491.0,1.005994,-106.9484126984127,267.0,2.007797,0.018126272912423625,0.018126272912423625,0.018329938900203666,28.450704225352112,7.220765767905354,1.5200000000002376,3.2620894576029285,0.8449768761841857,18.416113,119.93622,1223955.893045,1662,291,486,60.0,120.0
