start_index,start_time,can_tapper_id,start_color,group,V_pre_1_10V,V_min_1_10V,V_at_Iload_1_10V,V_drop_pct,soc_pct_est,V_ocv_1_10V,V_ocv_slope_mV_per_s,n_ocv_samples,ocv_window_start_s,ocv_window_end_s,soc_pct_est_ocv,I_pre_A,I_load_A,delta_I_A,t_load_s,R_internal_est_ohm,R_internal_est_ohm_min_voltage_method,R_internal_est_ohm_from_ocv,R_method,t_min_s,t_recovery_s,tau_relax_s,V_inf_1_10V,relax_fit_r2,n_relax_samples,max_abs_imbalance_pct,mean_abs_imbalance_pct,temp_avg_start_C,I_mean_post_A,I_max_post_A,t_charge_onset_s,n_current_samples_crank,n_current_samples_post,t_before_s,t_after_s,V_rec_1s_1_10V,V_rec_2s_1_10V,V_rec_5s_1_10V,V_rec_10s_1_10V,V_rec_30s_1_10V,V_rec_60s_1_10V,pre_data_duration_s,post_data_duration_s,t_since_previous_start_s,n_voltage_samples,n_current_samples,n_temperature_samples,FILE_NAME_ORIGIN
0,2025-11-05 12:30:17.330882,can_tapper30,"rgb(228,26,28)",PG1_est,124.0,106.0,113.0,14.516129032258066,78.00000000000004,124.0,-4.3927486189985565,1500,-35.019999999991406,-5.019999999991406,78.00000000000004,20.0,290.0,270.0,1.593917,0.004074074074074075,0.006666666666666667,0.004074074074074075,synchronized_peak_current_voltage_drop,0.7200000000094917,1.0000000000001563,2.892719705486028,143.95105569519296,0.269989535040849,5963,9.936575052854122,2.1040600231227815,10.866666666666667,-11.243055555555555,154.0,2.102599,2,288,60.0,120.0,111.0,115.0,125.0,147.0,149.0,148.0,59.945714,119.914774,,2160,381,492,//qar7000185/GP0_UPLOAD/BOXER/CYLOM\KZ-05-57_GNGP-50\2025-11-05\can_tapper30-03-03-09-59-23.pcap.gz
0,2025-11-05 12:30:17.330882,can_tapper30,"rgb(228,26,28)",PG2,125.0,112.0,117.0,10.4,90.0,125.0,-5.005255557890359,1500,-35.019999999991406,-5.019999999991406,90.0,20.0,290.0,270.0,1.593917,0.0029629629629629632,0.004814814814814815,0.0029629629629629632,synchronized_peak_current_voltage_drop,0.7400000000094948,1.2400000000001938,2.27471676670449,136.74685852712258,0.48846104310329663,5962,6.013363028953229,0.5925754358737199,10.866666666666667,-11.243055555555555,154.0,2.102599,2,288,60.0,120.0,114.0,120.0,125.0,139.0,137.0,138.0,59.945714,119.914774,,2160,381,492,//qar7000185/GP0_UPLOAD/BOXER/CYLOM\KZ-05-57_GNGP-50\2025-11-05\can_tapper30-03-03-09-59-23.pcap.gz
0,2025-11-05 12:30:17.330882,can_tapper30,"rgb(228,26,28)",PG3_est,124.0,112.0,116.0,9.67741935483871,78.00000000000004,125.0,-6.369149497398741,1500,-35.019999999991406,-5.019999999991406,90.0,20.0,290.0,270.0,1.593917,0.0029629629629629632,0.0044444444444444444,0.0033333333333333335,synchronized_peak_current_voltage_drop,0.4800000000094542,1.5000000000002345,2.892719705486028,142.7687782362416,0.31304637551407877,5975,5.2854122621564485,0.9420223554211365,10.866666666666667,-11.243055555555555,154.0,2.102599,2,288,60.0,120.0,114.0,120.0,123.0,145.0,147.0,146.0,59.945714,119.914774,,2160,381,492,//qar7000185/GP0_UPLOAD/BOXER/CYLOM\KZ-05-57_GNGP-50\2025-11-05\can_tapper30-03-03-09-59-23.pcap.gz
0,2025-11-05 12:30:17.330882,can_tapper30,"rgb(228,26,28)",PG4,124.0,112.0,116.0,9.67741935483871,78.00000000000004,125.0,-6.369149497398741,1500,-35.019999999991406,-5.019999999991406,90.0,20.0,290.0,270.0,1.593917,0.0029629629629629632,0.0044444444444444444,0.0033333333333333335,synchronized_peak_current_voltage_drop,0.4800000000094542,1.5000000000002345,2.892719705486028,142.7687782362416,0.31304637551407877,5975,5.2854122621564485,0.9420223554211365,10.866666666666667,-11.243055555555555,154.0,2.102599,2,288,60.0,120.0,114.0,120.0,123.0,145.0,147.0,146.0,59.945714,119.914774,,2160,381,492,//qar7000185/GP0_UPLOAD/BOXER/CYLOM\KZ-05-57_GNGP-50\2025-11-05\can_tapper30-03-03-09-59-23.pcap.gz
1,2025-11-05 12:33:27.143982,can_tapper30,"rgb(55,126,184)",PG1_est,127.0,119.0,131.0,6.299212598425196,100.0,127.0,-1.914406239313371,700,-18.99999999999359,-5.019999999991406,100.0,15.0,428.0,413.0,0.856731,,0.001937046004842615,,synchronized_peak_current_voltage_drop,0.9000000000095199,0.24000000000003752,119.99999999999996,114.95870036208446,0.33688445146332147,4755,6.720977596741344,1.4118601774467043,10.9125,-6.147826086956521,26.0,2.355431,7,230,60.0,120.0,119.0,124.0,131.0,150.0,149.0,131.0,17.002364,94.042418,189.8131,1335,253,283,//qar7000185/GP0_UPLOAD/BOXER/CYLOM\KZ-05-57_GNGP-50\2026-05-01\2022-09-06\can_tapper30-03-03-08-59-24.pcap.gz
1,2025-11-05 12:33:27.143982,can_tapper30,"rgb(55,126,184)",PG2,128.0,119.0,124.0,7.03125,100.0,128.0,-8.027071775364446,700,-18.99999999999359,-5.019999999991406,100.0,15.0,428.0,413.0,0.856731,0.0009685230024213075,0.0021791767554479417,0.0009685230024213075,synchronized_peak_current_voltage_drop,0.9000000000095199,0.7400000000001157,1.7887444673306678,134.53877068975606,0.2362641377161765,4757,1.0183299389002036,0.5131648478798598,10.9125,-6.147826086956521,26.0,2.355431,7,230,60.0,120.0,119.0,125.0,133.0,137.0,137.0,132.0,17.002364,94.042418,189.8131,1335,253,283,//qar7000185/GP0_UPLOAD/BOXER/CYLOM\KZ-05-57_GNGP-50\2026-05-01\2022-09-06\can_tapper30-03-03-08-59-24.pcap.gz
1,2025-11-05 12:33:27.143982,can_tapper30,"rgb(55,126,184)",PG3_est,127.0,118.0,118.0,7.086614173228346,100.0,128.0,-5.3791876176695434e-14,699,-18.979999999993588,-5.019999999991406,100.0,15.0,428.0,413.0,0.856731,0.0021791767554479417,0.0021791767554479417,0.002421307506053269,synchronized_peak_current_voltage_drop,0.6400000000094792,0.7600000000001188,119.99999999999996,119.24682949795059,0.28898168859584583,4770,3.869653767820774,0.7581002069361941,10.9125,-6.147826086956521,26.0,2.355431,7,230,60.0,120.0,118.0,125.0,135.0,147.0,147.0,132.0,17.002364,94.042418,189.8131,1335,253,283,//qar7000185/GP0_UPLOAD/BOXER/CYLOM\KZ-05-57_GNGP-50\2026-05-01\2022-09-06\can_tapper30-03-03-08-59-24.pcap.gz
1,2025-11-05 12:33:27.143982,can_tapper30,"rgb(55,126,184)",PG4,127.0,118.0,118.0,7.086614173228346,100.0,128.0,-5.3791876176695434e-14,699,-18.979999999993588,-5.019999999991406,100.0,15.0,428.0,413.0,0.856731,0.0021791767554479417,0.0021791767554479417,0.002421307506053269,synchronized_peak_current_voltage_drop,0.6400000000094792,0.7600000000001188,119.99999999999996,119.24682949795059,0.28898168859584583,4770,3.869653767820774,0.7581002069361941,10.9125,-6.147826086956521,26.0,2.355431,7,230,60.0,120.0,118.0,125.0,135.0,147.0,147.0,132.0,17.002364,94.042418,189.8131,1335,253,283,//qar7000185/GP0_UPLOAD/BOXER/CYLOM\KZ-05-57_GNGP-50\2026-05-01\2022-09-06\can_tapper30-03-03-08-59-24.pcap.gz
2,2026-02-24 13:38:46.840428,can_tapper30,"rgb(77,175,74)",PG1_est,123.0,100.0,112.0,18.69918699186992,68.33333333333339,124.0,-0.9676804300799733,1500,-35.019999999991406,-5.019999999991406,78.00000000000004,18.0,432.0,414.0,1.101073,0.0026570048309178746,0.005555555555555555,0.002898550724637681,synchronized_peak_current_voltage_drop,0.5400000000094636,1.0200000000001594,2.565174071178317,147.85422111856718,0.8000500492314628,5972,9.706546275395034,1.2126342275434068,10.008333333333335,-27.55128205128205,40.0,2.098573,3,312,60.0,120.0,112.0,120.0,145.0,149.0,149.0,148.0,59.911745,119.990505,9594319.696446,2160,443,578,//qar7000185/GP0_UPLOAD/BOXER/CYLOM\KZ-05-57_GNGP-50\2026-05-01\2022-09-06\can_tapper30-03-03-12-59-24.pcap.gz
2,2026-02-24 13:38:46.840428,can_tapper30,"rgb(77,175,74)",PG2,123.0,111.0,114.0,9.75609756097561,68.33333333333339,124.0,-1.3363205939198848,1500,-35.019999999991406,-5.019999999991406,78.00000000000004,18.0,432.0,414.0,1.101073,0.002173913043478261,0.002898550724637681,0.0024154589371980675,synchronized_peak_current_voltage_drop,0.5800000000094698,1.0000000000001563,2.0171482422437275,137.3478588389521,0.6848540579265926,5970,11.060948081264108,1.0839416936592623,10.008333333333335,-27.55128205128205,40.0,2.098573,3,312,60.0,120.0,111.0,120.0,142.0,135.0,136.0,137.0,59.911745,119.990505,9594319.696446,2160,443,578,//qar7000185/GP0_UPLOAD/BOXER/CYLOM\KZ-05-57_GNGP-50\2026-05-01\2022-09-06\can_tapper30-03-03-12-59-24.pcap.gz
2,2026-02-24 13:38:46.840428,can_tapper30,"rgb(77,175,74)",PG3_est,123.0,110.0,113.0,10.569105691056912,68.33333333333339,124.0,-0.8169248075219808,1500,-35.019999999991406,-5.019999999991406,78.00000000000004,18.0,432.0,414.0,1.101073,0.0024154589371980675,0.003140096618357488,0.0026570048309178746,synchronized_peak_current_voltage_drop,0.4800000000094542,1.0000000000001563,2.565174071178317,144.7873547909273,0.8861223114659811,5975,5.579399141630901,0.5826077021123218,10.008333333333335,-27.55128205128205,40.0,2.098573,3,312,60.0,120.0,113.0,121.0,144.0,144.0,145.0,145.0,59.911745,119.990505,9594319.696446,2160,443,578,//qar7000185/GP0_UPLOAD/BOXER/CYLOM\KZ-05-57_GNGP-50\2026-05-01\2022-09-06\can_tapper30-03-03-12-59-24.pcap.gz
2,2026-02-24 13:38:46.840428,can_tapper30,"rgb(77,175,74)",PG4,123.0,110.0,113.0,10.569105691056912,68.33333333333339,124.0,-0.8169248075219808,1500,-35.019999999991406,-5.019999999991406,78.00000000000004,18.0,432.0,414.0,1.101073,0.0024154589371980675,0.003140096618357488,0.0026570048309178746,synchronized_peak_current_voltage_drop,0.4800000000094542,1.0000000000001563,2.565174071178317,144.7873547909273,0.8861223114659811,5975,5.579399141630901,0.5826077021123218,10.008333333333335,-27.55128205128205,40.0,2.098573,3,312,60.0,120.0,113.0,121.0,144.0,144.0,145.0,145.0,59.911745,119.990505,9594319.696446,2160,443,578,//qar7000185/GP0_UPLOAD/BOXER/CYLOM\KZ-05-57_GNGP-50\2026-05-01\2022-09-06\can_tapper30-03-03-12-59-24.pcap.gz
3,2026-03-02 13:32:31.511431,can_tapper30,"rgb(152,78,163)",PG1_est,124.0,92.0,108.0,25.806451612903224,78.00000000000004,125.0,-3.9350417489067384,1500,-35.019999999991406,-5.019999999991406,90.0,0.0,357.0,357.0,0.537075,0.004481792717086835,0.00896358543417367,0.0047619047619047615,synchronized_peak_current_voltage_drop,0.46000000000945107,0.5000000000000782,2.565174071178317,149.3887776322214,0.8206844353978128,5976,20.346320346320347,2.4376735541529193,12.790000000000001,-19.20216606498195,145.0,2.045993,4,277,60.0,120.0,121.0,123.0,145.0,149.0,152.0,150.0,59.933877,119.945225,518024.671003,2160,348,598,//qar7000185/GP0_UPLOAD/BOXER/CYLOM\KZ-05-57_GNGP-50\2026-05-01\2022-09-06\can_tapper30-03-03-14-59-23.pcap.gz
3,2026-03-02 13:32:31.511431,can_tapper30,"rgb(152,78,163)",PG2,124.0,108.0,108.0,12.903225806451612,78.00000000000004,125.0,-4.760926560410991,1500,-35.019999999991406,-5.019999999991406,90.0,0.0,357.0,357.0,0.537075,0.004481792717086835,0.004481792717086835,0.0047619047619047615,synchronized_peak_current_voltage_drop,0.5200000000094605,1.5000000000002345,1.5862030873085784,136.40396707583247,0.6597208847422893,5973,8.280254777070065,2.1001581796052795,12.790000000000001,-19.20216606498195,145.0,2.045993,4,277,60.0,120.0,108.0,117.0,142.0,134.0,134.0,136.0,59.933877,119.945225,518024.671003,2160,348,598,//qar7000185/GP0_UPLOAD/BOXER/CYLOM\KZ-05-57_GNGP-50\2026-05-01\2022-09-06\can_tapper30-03-03-14-59-23.pcap.gz
3,2026-03-02 13:32:31.511431,can_tapper30,"rgb(152,78,163)",PG3_est,124.0,115.0,123.0,7.258064516129033,78.00000000000004,125.0,-3.8400639289163476,1500,-35.019999999991406,-5.019999999991406,90.0,0.0,357.0,357.0,0.537075,0.0002801120448179272,0.0025210084033613447,0.0005602240896358544,synchronized_peak_current_voltage_drop,1.0600000000095449,1.0000000000001563,2.27471676670449,145.9572095432243,0.8727422735844028,5946,6.4935064935064934,1.7957362185135497,12.790000000000001,-19.20216606498195,145.0,2.045993,4,277,60.0,120.0,121.0,117.0,144.0,144.0,146.0,147.0,59.933877,119.945225,518024.671003,2160,348,598,//qar7000185/GP0_UPLOAD/BOXER/CYLOM\KZ-05-57_GNGP-50\2026-05-01\2022-09-06\can_tapper30-03-03-14-59-23.pcap.gz
3,2026-03-02 13:32:31.511431,can_tapper30,"rgb(152,78,163)",PG4,124.0,115.0,123.0,7.258064516129033,78.00000000000004,125.0,-3.8400639289163476,1500,-35.019999999991406,-5.019999999991406,90.0,0.0,357.0,357.0,0.537075,0.0002801120448179272,0.0025210084033613447,0.0005602240896358544,synchronized_peak_current_voltage_drop,1.0600000000095449,1.0000000000001563,2.27471676670449,145.9572095432243,0.8727422735844028,5946,6.4935064935064934,1.7957362185135497,12.790000000000001,-19.20216606498195,145.0,2.045993,4,277,60.0,120.0,121.0,117.0,144.0,144.0,146.0,147.0,59.933877,119.945225,518024.671003,2160,348,598,//qar7000185/GP0_UPLOAD/BOXER/CYLOM\KZ-05-57_GNGP-50\2026-05-01\2022-09-06\can_tapper30-03-03-14-59-23.pcap.gz
4,2026-03-02 15:27:46.041950,can_tapper30,"rgb(255,127,0)",PG1_est,127.0,114.0,122.0,10.236220472440944,100.0,127.0,1.6527483802237072e-14,1500,-35.019999999991406,-5.019999999991406,100.0,12.0,456.0,444.0,0.926206,0.0011261261261261261,0.002927927927927928,0.0011261261261261261,synchronized_peak_current_voltage_drop,1.0000000000095355,0.24000000000003752,1.5862030873085784,140.25692023215063,0.689990248176116,5949,5.410821643286573,0.905784643522429,16.875,-15.247349823321555,2.0,3.426537,7,283,60.0,120.0,114.0,127.0,143.0,142.0,140.0,139.0,59.89465,119.975001,6914.530519,2160,451,558,//qar7000185/GP0_UPLOAD/BOXER/CYLOM\KZ-05-57_GNGP-50\2026-05-01\2022-09-06\can_tapper30-03-03-16-59-23.pcap.gz
4,2026-03-02 15:27:46.041950,can_tapper30,"rgb(255,127,0)",PG2,127.0,118.0,123.0,7.086614173228346,100.0,127.0,1.6527483802237072e-14,1500,-35.019999999991406,-5.019999999991406,100.0,12.0,456.0,444.0,0.926206,0.0009009009009009009,0.002027027027027027,0.0009009009009009009,synchronized_peak_current_voltage_drop,1.0400000000095417,0.5000000000000782,2.0171482422437275,143.93483600685542,0.8134719775761173,5947,4.016913319238901,0.7584395220056999,16.875,-15.247349823321555,2.0,3.426537,7,283,60.0,120.0,123.0,123.0,145.0,142.0,144.0,145.0,59.89465,119.975001,6914.530519,2160,451,558,//qar7000185/GP0_UPLOAD/BOXER/CYLOM\KZ-05-57_GNGP-50\2026-05-01\2022-09-06\can_tapper30-03-03-16-59-23.pcap.gz
4,2026-03-02 15:27:46.041950,can_tapper30,"rgb(255,127,0)",PG3_est,127.0,118.0,118.0,7.086614173228346,100.0,127.0,1.6527483802237072e-14,1500,-35.019999999991406,-5.019999999991406,100.0,12.0,456.0,444.0,0.926206,0.002027027027027027,0.002027027027027027,0.002027027027027027,synchronized_peak_current_voltage_drop,0.8200000000095073,0.5000000000000782,2.0171482422437275,143.567358527167,0.8067419519924761,5958,1.8711018711018712,0.5266232425485614,16.875,-15.247349823321555,2.0,3.426537,7,283,60.0,120.0,118.0,125.0,145.0,143.0,144.0,144.0,59.89465,119.975001,6914.530519,2160,451,558,//qar7000185/GP0_UPLOAD/BOXER/CYLOM\KZ-05-57_GNGP-50\2026-05-01\2022-09-06\can_tapper30-03-03-16-59-23.pcap.gz
4,2026-03-02 15:27:46.041950,can_tapper30,"rgb(255,127,0)",PG4,127.0,118.0,118.0,7.086614173228346,100.0,127.0,1.6527483802237072e-14,1500,-35.019999999991406,-5.019999999991406,100.0,12.0,456.0,444.0,0.926206,0.002027027027027027,0.002027027027027027,0.002027027027027027,synchronized_peak_current_voltage_drop,0.8200000000095073,0.5000000000000782,2.0171482422437275,143.567358527167,0.8067419519924761,5958,1.8711018711018712,0.5266232425485614,16.875,-15.247349823321555,2.0,3.426537,7,283,60.0,120.0,118.0,125.0,145.0,143.0,144.0,144.0,59.89465,119.975001,6914.530519,2160,451,558,//qar7000185/GP0_UPLOAD/BOXER/CYLOM\KZ-05-57_GNGP-50\2026-05-01\2022-09-06\can_tapper30-03-03-16-59-23.pcap.gz
5,2026-03-05 11:55:58.135259,can_tapper30,"rgb(255,255,51)",PG1_est,126.0,115.0,119.0,8.73015873015873,95.0,126.0,-0.6404802846579267,1500,-35.019999999991406,-5.019999999991406,95.0,16.0,365.0,349.0,1.084044,0.0020057306590257878,0.0031518624641833815,0.0020057306590257878,synchronized_peak_current_voltage_drop,0.5400000000094636,0.14000000000002188,1.7887444673306678,136.85427922116952,0.5237484416619413,5972,9.482758620689655,1.8920410237280394,15.330000000000002,-24.00990099009901,55.0,2.084023,5,303,60.0,120.0,115.0,122.0,143.0,139.0,135.0,136.0,59.965774,119.943418,246492.093309,2159,363,599,//qar7000185/GP0_UPLOAD/BOXER/CYLOM\KZ-05-57_GNGP-50\2026-05-01\2022-09-06\can_tapper30-03-03-13-59-24.pcap.gz
5,2026-03-05 11:55:58.135259,can_tapper30,"rgb(255,255,51)",PG2,125.0,113.0,113.0,9.6,90.0,126.0,2.9232752156300525e-13,1500,-35.019999999991406,-5.019999999991406,95.0,16.0,365.0,349.0,1.084044,0.0034383954154727794,0.0034383954154727794,0.0037249283667621777,synchronized_peak_current_voltage_drop,0.6800000000094855,1.0000000000001563,2.565174071178317,148.38021856566135,0.8303951784584991,5965,7.758620689655173,1.4869353384523947,15.330000000000002,-24.00990099009901,55.0,2.084023,5,303,60.0,120.0,113.0,121.0,145.0,149.0,150.0,149.0,59.965774,119.943418,246492.093309,2159,363,599,//qar7000185/GP0_UPLOAD/BOXER/CYLOM\KZ-05-57_GNGP-50\2026-05-01\2022-09-06\can_tapper30-03-03-13-59-24.pcap.gz
5,2026-03-05 11:55:58.135259,can_tapper30,"rgb(255,255,51)",PG3_est,126.0,112.0,115.0,11.11111111111111,95.0,126.0,2.9232752156300525e-13,1500,-35.019999999991406,-5.019999999991406,95.0,16.0,365.0,349.0,1.084044,0.0031518624641833815,0.0040114613180515755,0.0031518624641833815,synchronized_peak_current_voltage_drop,0.6200000000094761,1.5000000000002345,1.7887444673306678,140.6914068063027,0.7876694030282575,5968,3.4482758620689653,0.9095657884467766,15.330000000000002,-24.00990099009901,55.0,2.084023,5,303,60.0,120.0,115.0,119.0,144.0,143.0,140.0,140.0,59.965774,119.943418,246492.093309,2159,363,599,//qar7000185/GP0_UPLOAD/BOXER/CYLOM\KZ-05-57_GNGP-50\2026-05-01\2022-09-06\can_tapper30-03-03-13-59-24.pcap.gz
5,2026-03-05 11:55:58.135259,can_tapper30,"rgb(255,255,51)",PG4,126.0,112.0,115.0,11.11111111111111,95.0,126.0,2.9232752156300525e-13,1500,-35.019999999991406,-5.019999999991406,95.0,16.0,365.0,349.0,1.084044,0.0031518624641833815,0.0040114613180515755,0.0031518624641833815,synchronized_peak_current_voltage_drop,0.6200000000094761,1.5000000000002345,1.7887444673306678,140.6914068063027,0.7876694030282575,5968,3.4482758620689653,0.9095657884467766,15.330000000000002,-24.00990099009901,55.0,2.084023,5,303,60.0,120.0,115.0,119.0,144.0,143.0,140.0,140.0,59.965774,119.943418,246492.093309,2159,363,599,//qar7000185/GP0_UPLOAD/BOXER/CYLOM\KZ-05-57_GNGP-50\2026-05-01\2022-09-06\can_tapper30-03-03-13-59-24.pcap.gz
6,2026-03-05 12:42:01.080873,can_tapper30,"rgb(166,86,40)",PG1_est,125.0,115.0,118.0,8.0,90.0,126.0,-0.9421070853808071,1500,-35.019999999991406,-5.019999999991406,95.0,0.0,458.0,458.0,1.108225,0.0015283842794759825,0.002183406113537118,0.0017467248908296944,synchronized_peak_current_voltage_drop,0.5000000000094573,1.260000000000197,1.7887444673306678,136.37481670104523,0.5455497185265705,5974,2.459016393442623,1.0670348821429227,16.05,-21.775919732441473,138.0,2.111225,4,299,60.0,120.0,118.0,121.0,143.0,141.0,135.0,135.0,59.990499,119.937125,2762.945614,2160,432,480,//qar7000185/GP0_UPLOAD/BOXER/CYLOM\KZ-05-57_GNGP-50\2026-05-01\2022-09-06\can_tapper30-03-03-13-59-24.pcap.gz
6,2026-03-05 12:42:01.080873,can_tapper30,"rgb(166,86,40)",PG2,125.0,112.0,116.0,10.4,90.0,126.0,-0.1506134002722242,1500,-35.019999999991406,-5.019999999991406,95.0,0.0,458.0,458.0,1.108225,0.001965065502183406,0.0028384279475982535,0.002183406113537118,synchronized_peak_current_voltage_drop,0.5000000000094573,1.260000000000197,3.678623825607137,149.64450955616462,0.8776322477539098,5974,3.6559139784946235,0.7813682205713803,16.05,-21.775919732441473,138.0,2.111225,4,299,60.0,120.0,116.0,121.0,145.0,146.0,151.0,152.0,59.990499,119.937125,2762.945614,2160,432,480,//qar7000185/GP0_UPLOAD/BOXER/CYLOM\KZ-05-57_GNGP-50\2026-05-01\2022-09-06\can_tapper30-03-03-13-59-24.pcap.gz
6,2026-03-05 12:42:01.080873,can_tapper30,"rgb(166,86,40)",PG3_est,126.0,111.0,114.0,11.904761904761903,95.0,126.0,-0.06644447397505555,1500,-35.019999999991406,-5.019999999991406,95.0,0.0,458.0,458.0,1.108225,0.0026200873362445414,0.0032751091703056767,0.0026200873362445414,synchronized_peak_current_voltage_drop,0.6400000000094792,1.260000000000197,2.0171482422437275,141.13155095596085,0.8003109683298288,5967,2.459016393442623,0.7589773607035069,16.05,-21.775919732441473,138.0,2.111225,4,299,60.0,120.0,114.0,121.0,145.0,144.0,141.0,141.0,59.990499,119.937125,2762.945614,2160,432,480,//qar7000185/GP0_UPLOAD/BOXER/CYLOM\KZ-05-57_GNGP-50\2026-05-01\2022-09-06\can_tapper30-03-03-13-59-24.pcap.gz
6,2026-03-05 12:42:01.080873,can_tapper30,"rgb(166,86,40)",PG4,126.0,111.0,114.0,11.904761904761903,95.0,126.0,-0.06644447397505555,1500,-35.019999999991406,-5.019999999991406,95.0,0.0,458.0,458.0,1.108225,0.0026200873362445414,0.0032751091703056767,0.0026200873362445414,synchronized_peak_current_voltage_drop,0.6400000000094792,1.260000000000197,2.0171482422437275,141.13155095596085,0.8003109683298288,5967,2.459016393442623,0.7589773607035069,16.05,-21.775919732441473,138.0,2.111225,4,299,60.0,120.0,114.0,121.0,145.0,144.0,141.0,141.0,59.990499,119.937125,2762.945614,2160,432,480,//qar7000185/GP0_UPLOAD/BOXER/CYLOM\KZ-05-57_GNGP-50\2026-05-01\2022-09-06\can_tapper30-03-03-13-59-24.pcap.gz
7,2026-03-05 13:27:40.653327,can_tapper30,"rgb(247,129,191)",PG1_est,127.0,107.0,115.0,15.748031496062993,100.0,127.0,0.7266047673801268,1500,-35.019999999991406,-5.019999999991406,100.0,0.0,481.0,481.0,1.052549,0.0024948024948024945,0.004158004158004158,0.0024948024948024945,synchronized_peak_current_voltage_drop,0.8400000000095105,1.0400000000001626,1.2473253980523544,136.48623273965757,0.19223513287981164,5957,15.079365079365079,1.7874415181787837,14.733333333333334,-18.756849315068493,345.0,2.05112,7,292,60.0,120.0,115.0,122.0,144.0,141.0,136.0,130.0,59.909199,119.893449,2739.572454,2158,403,554,//qar7000185/GP0_UPLOAD/BOXER/CYLOM\KZ-05-57_GNGP-50\2026-05-01\2022-09-06\can_tapper30-03-03-14-59-24.pcap.gz
7,2026-03-05 13:27:40.653327,can_tapper30,"rgb(247,129,191)",PG2,126.0,109.0,114.0,13.492063492063492,95.0,128.0,-1.9013964006202089,1500,-35.019999999991406,-5.019999999991406,100.0,0.0,481.0,481.0,1.052549,0.0024948024948024945,0.003534303534303534,0.0029106029106029103,synchronized_peak_current_voltage_drop,0.3400000000094323,1.260000000000197,2.565174071178317,146.09172491696884,0.29123306381371117,5982,13.492063492063492,2.265705115159134,14.733333333333334,-18.756849315068493,345.0,2.05112,7,292,60.0,120.0,114.0,122.0,144.0,142.0,150.0,130.0,59.909199,119.893449,2739.572454,2158,403,554,//qar7000185/GP0_UPLOAD/BOXER/CYLOM\KZ-05-57_GNGP-50\2026-05-01\2022-09-06\can_tapper30-03-03-14-59-24.pcap.gz
7,2026-03-05 13:27:40.653327,can_tapper30,"rgb(247,129,191)",PG3_est,127.0,116.0,116.0,8.661417322834646,100.0,128.0,-1.104498268665627,1500,-35.019999999991406,-5.019999999991406,100.0,0.0,481.0,481.0,1.052549,0.002286902286902287,0.002286902286902287,0.0024948024948024945,synchronized_peak_current_voltage_drop,1.0000000000095355,0.7400000000001157,1.406595676542853,140.78518150294082,0.22046084614624184,5949,6.1571125265392785,1.695208696880477,14.733333333333334,-18.756849315068493,345.0,2.05112,7,292,60.0,120.0,116.0,124.0,146.0,143.0,141.0,130.0,59.909199,119.893449,2739.572454,2158,403,554,//qar7000185/GP0_UPLOAD/BOXER/CYLOM\KZ-05-57_GNGP-50\2026-05-01\2022-09-06\can_tapper30-03-03-14-59-24.pcap.gz
7,2026-03-05 13:27:40.653327,can_tapper30,"rgb(247,129,191)",PG4,127.0,116.0,116.0,8.661417322834646,100.0,128.0,-1.104498268665627,1500,-35.019999999991406,-5.019999999991406,100.0,0.0,481.0,481.0,1.052549,0.002286902286902287,0.002286902286902287,0.0024948024948024945,synchronized_peak_current_voltage_drop,1.0000000000095355,0.7400000000001157,1.406595676542853,140.78518150294082,0.22046084614624184,5949,6.1571125265392785,1.695208696880477,14.733333333333334,-18.756849315068493,345.0,2.05112,7,292,60.0,120.0,116.0,124.0,146.0,143.0,141.0,130.0,59.909199,119.893449,2739.572454,2158,403,554,//qar7000185/GP0_UPLOAD/BOXER/CYLOM\KZ-05-57_GNGP-50\2026-05-01\2022-09-06\can_tapper30-03-03-14-59-24.pcap.gz
8,2026-03-05 13:28:40.470571,can_tapper30,"rgb(153,153,153)",PG1_est,130.0,116.0,120.0,10.76923076923077,100.0,135.0,-11.413987295103647,1500,-35.019999999991406,-5.019999999991406,100.0,13.0,345.0,332.0,1.15393,0.0030120481927710845,0.004216867469879518,0.004518072289156626,synchronized_peak_current_voltage_drop,1.080000000009548,1.0200000000001594,1.2473253980523544,136.84652592297132,0.31279098583351406,5945,13.043478260869565,0.7589669026668352,16.73,-16.802816901408452,131.0,2.152499,4,284,60.0,120.0,118.0,122.0,145.0,143.0,136.0,135.0,59.961419,119.852556,59.817244,2158,439,779,//qar7000185/GP0_UPLOAD/BOXER/CYLOM\KZ-05-57_GNGP-50\2026-05-01\2022-09-06\can_tapper30-03-03-14-59-24.pcap.gz
8,2026-03-05 13:28:40.470571,can_tapper30,"rgb(153,153,153)",PG2,130.0,117.0,119.0,10.0,100.0,150.0,-49.147168509845784,1500,-35.019999999991406,-5.019999999991406,100.0,13.0,345.0,332.0,1.15393,0.003313253012048193,0.00391566265060241,0.009337349397590362,synchronized_peak_current_voltage_drop,0.5800000000094698,1.5000000000002345,4.67804510221319,149.2548798009493,0.8700723777818817,5970,7.509881422924901,0.6874106739534526,16.73,-16.802816901408452,131.0,2.152499,4,284,60.0,120.0,117.0,122.0,144.0,142.0,149.0,150.0,59.961419,119.852556,59.817244,2158,439,779,//qar7000185/GP0_UPLOAD/BOXER/CYLOM\KZ-05-57_GNGP-50\2026-05-01\2022-09-06\can_tapper30-03-03-14-59-24.pcap.gz
8,2026-03-05 13:28:40.470571,can_tapper30,"rgb(153,153,153)",PG3_est,130.0,115.0,118.0,11.538461538461538,100.0,142.0,-29.726982100876043,1500,-35.019999999991406,-5.019999999991406,100.0,13.0,345.0,332.0,1.15393,0.003614457831325301,0.004518072289156626,0.007228915662650602,synchronized_peak_current_voltage_drop,0.6800000000094855,1.260000000000197,1.7887444673306678,142.37353598082908,0.7987573961737207,5965,2.766798418972332,0.5958758840012173,16.73,-16.802816901408452,131.0,2.152499,4,284,60.0,120.0,118.0,124.0,146.0,143.0,141.0,142.0,59.961419,119.852556,59.817244,2158,439,779,//qar7000185/GP0_UPLOAD/BOXER/CYLOM\KZ-05-57_GNGP-50\2026-05-01\2022-09-06\can_tapper30-03-03-14-59-24.pcap.gz
8,2026-03-05 13:28:40.470571,can_tapper30,"rgb(153,153,153)",PG4,130.0,115.0,118.0,11.538461538461538,100.0,142.0,-29.726982100876043,1500,-35.019999999991406,-5.019999999991406,100.0,13.0,345.0,332.0,1.15393,0.003614457831325301,0.004518072289156626,0.007228915662650602,synchronized_peak_current_voltage_drop,0.6800000000094855,1.260000000000197,1.7887444673306678,142.37353598082908,0.7987573961737207,5965,2.766798418972332,0.5958758840012173,16.73,-16.802816901408452,131.0,2.152499,4,284,60.0,120.0,118.0,124.0,146.0,143.0,141.0,142.0,59.961419,119.852556,59.817244,2158,439,779,//qar7000185/GP0_UPLOAD/BOXER/CYLOM\KZ-05-57_GNGP-50\2026-05-01\2022-09-06\can_tapper30-03-03-14-59-24.pcap.gz
9,2026-03-05 13:44:01.778648,can_tapper30,"rgb(228,26,28)",PG1_est,126.0,105.0,117.0,16.666666666666664,95.0,127.0,1.6527483802237072e-14,1500,-35.019999999991406,-5.019999999991406,100.0,16.0,382.0,366.0,1.157816,0.002459016393442623,0.0057377049180327875,0.00273224043715847,synchronized_peak_current_voltage_drop,0.6800000000094855,0.5200000000000813,1.406595676542853,136.2411068277051,0.4246666506780461,5965,8.893709327548807,1.6045836867613337,16.875,-17.945945945945947,21.0,2.154569,5,296,60.0,120.0,117.0,123.0,145.0,142.0,134.0,136.0,59.958675,119.942776,921.308077,2159,393,678,//qar7000185/GP0_UPLOAD/BOXER/CYLOM\KZ-05-57_GNGP-50\2026-05-01\2022-09-06\can_tapper30-03-03-14-59-24.pcap.gz
9,2026-03-05 13:44:01.778648,can_tapper30,"rgb(228,26,28)",PG2,127.0,114.0,114.0,10.236220472440944,100.0,127.0,1.6527483802237072e-14,1500,-35.019999999991406,-5.019999999991406,100.0,16.0,382.0,366.0,1.157816,0.003551912568306011,0.003551912568306011,0.003551912568306011,synchronized_peak_current_voltage_drop,0.760000000009498,1.0000000000001563,4.67804510221319,149.87796099903133,0.9036096285934447,5961,9.327548806941431,1.5489983037480317,16.875,-17.945945945945947,21.0,2.154569,5,296,60.0,120.0,114.0,123.0,144.0,144.0,151.0,150.0,59.958675,119.942776,921.308077,2159,393,678,//qar7000185/GP0_UPLOAD/BOXER/CYLOM\KZ-05-57_GNGP-50\2026-05-01\2022-09-06\can_tapper30-03-03-14-59-24.pcap.gz
9,2026-03-05 13:44:01.778648,can_tapper30,"rgb(228,26,28)",PG3_est,127.0,115.0,118.0,9.448818897637794,100.0,127.0,0.14559117581834013,1500,-35.019999999991406,-5.019999999991406,100.0,16.0,382.0,366.0,1.157816,0.002459016393442623,0.003278688524590164,0.002459016393442623,synchronized_peak_current_voltage_drop,0.5400000000094636,1.5000000000002345,2.0171482422437275,141.90281896451327,0.7938990458132489,5972,4.761904761904762,0.7701707561419977,16.875,-17.945945945945947,21.0,2.154569,5,296,60.0,120.0,115.0,120.0,145.0,145.0,141.0,141.0,59.958675,119.942776,921.308077,2159,393,678,//qar7000185/GP0_UPLOAD/BOXER/CYLOM\KZ-05-57_GNGP-50\2026-05-01\2022-09-06\can_tapper30-03-03-14-59-24.pcap.gz
9,2026-03-05 13:44:01.778648,can_tapper30,"rgb(228,26,28)",PG4,127.0,115.0,118.0,9.448818897637794,100.0,127.0,0.14559117581834013,1500,-35.019999999991406,-5.019999999991406,100.0,16.0,382.0,366.0,1.157816,0.002459016393442623,0.003278688524590164,0.002459016393442623,synchronized_peak_current_voltage_drop,0.5400000000094636,1.5000000000002345,2.0171482422437275,141.90281896451327,0.7938990458132489,5972,4.761904761904762,0.7701707561419977,16.875,-17.945945945945947,21.0,2.154569,5,296,60.0,120.0,115.0,120.0,145.0,145.0,141.0,141.0,59.958675,119.942776,921.308077,2159,393,678,//qar7000185/GP0_UPLOAD/BOXER/CYLOM\KZ-05-57_GNGP-50\2026-05-01\2022-09-06\can_tapper30-03-03-14-59-24.pcap.gz
10,2026-03-05 14:19:21.302862,can_tapper30,"rgb(55,126,184)",PG1_est,126.0,110.0,110.0,12.698412698412698,95.0,127.0,-0.9359026381784662,1500,-35.019999999991406,-5.019999999991406,100.0,16.5,343.0,326.5,1.071936,0.004900459418070444,0.004900459418070444,0.005206738131699847,synchronized_peak_current_voltage_drop,1.0600000000095449,0.5800000000000907,1.2473253980523544,136.20861015065785,0.2911307459020631,5946,17.29957805907173,1.4003374259736967,17.2,-17.179810725552052,155.0,2.168882,4,317,60.0,120.0,115.0,121.0,146.0,144.0,134.0,134.0,59.829764,119.815616,2119.524214,2157,390,644,//qar7000185/GP0_UPLOAD/BOXER/CYLOM\KZ-05-57_GNGP-50\2026-05-01\2022-09-06\can_tapper30-03-03-15-59-24.pcap.gz
10,2026-03-05 14:19:21.302862,can_tapper30,"rgb(55,126,184)",PG2,126.0,113.0,118.0,10.317460317460316,95.0,127.0,-1.0691115862712706,1500,-35.019999999991406,-5.019999999991406,100.0,16.5,343.0,326.5,1.071936,0.002450229709035222,0.003981623277182236,0.002756508422664625,synchronized_peak_current_voltage_drop,0.5600000000094667,1.5000000000002345,4.148345232772487,148.9839842694954,0.8647190742270259,5971,10.317460317460318,0.7112019810495238,17.2,-17.179810725552052,155.0,2.168882,4,317,60.0,120.0,113.0,119.0,144.0,141.0,149.0,150.0,59.829764,119.815616,2119.524214,2157,390,644,//qar7000185/GP0_UPLOAD/BOXER/CYLOM\KZ-05-57_GNGP-50\2026-05-01\2022-09-06\can_tapper30-03-03-15-59-24.pcap.gz
10,2026-03-05 14:19:21.302862,can_tapper30,"rgb(55,126,184)",PG3_est,126.0,111.0,111.0,11.904761904761903,95.0,127.0,-1.0335649038059507,1500,-35.019999999991406,-5.019999999991406,100.0,16.5,343.0,326.5,1.071936,0.004594180704441042,0.004594180704441042,0.004900459418070444,synchronized_peak_current_voltage_drop,0.600000000009473,1.0000000000001563,1.7887444673306678,141.5386377977902,0.7792762150780514,5969,6.329113924050633,0.5539883049992153,17.2,-17.179810725552052,155.0,2.168882,4,317,60.0,120.0,111.0,120.0,146.0,144.0,141.0,141.0,59.829764,119.815616,2119.524214,2157,390,644,//qar7000185/GP0_UPLOAD/BOXER/CYLOM\KZ-05-57_GNGP-50\2026-05-01\2022-09-06\can_tapper30-03-03-15-59-24.pcap.gz
10,2026-03-05 14:19:21.302862,can_tapper30,"rgb(55,126,184)",PG4,126.0,111.0,111.0,11.904761904761903,95.0,127.0,-1.0335649038059507,1500,-35.019999999991406,-5.019999999991406,100.0,16.5,343.0,326.5,1.071936,0.004594180704441042,0.004594180704441042,0.004900459418070444,synchronized_peak_current_voltage_drop,0.600000000009473,1.0000000000001563,1.7887444673306678,141.5386377977902,0.7792762150780514,5969,6.329113924050633,0.5539883049992153,17.2,-17.179810725552052,155.0,2.168882,4,317,60.0,120.0,111.0,120.0,146.0,144.0,141.0,141.0,59.829764,119.815616,2119.524214,2157,390,644,//qar7000185/GP0_UPLOAD/BOXER/CYLOM\KZ-05-57_GNGP-50\2026-05-01\2022-09-06\can_tapper30-03-03-15-59-24.pcap.gz
11,2026-03-05 15:52:30.440835,can_tapper30,"rgb(77,175,74)",PG1_est,125.0,111.0,111.0,11.200000000000001,90.0,126.0,-1.0189871195494493,1500,-35.019999999991406,-5.019999999991406,95.0,17.0,316.0,299.0,1.351948,0.0046822742474916385,0.0046822742474916385,0.005016722408026756,synchronized_peak_current_voltage_drop,1.3200000000095855,0.0800000000000125,1.406595676542853,136.7493004904467,0.38852653770543444,5933,13.333333333333334,0.9753234769651037,18.205000000000002,-28.331189710610932,18.0,3.037988,5,311,60.0,120.0,115.0,125.0,143.0,135.0,135.0,137.0,59.980377,119.831574,5589.137973,2158,417,645,//qar7000185/GP0_UPLOAD/BOXER/CYLOM\KZ-05-57_GNGP-50\2026-05-01\2022-09-06\can_tapper30-03-03-17-59-24.pcap.gz
11,2026-03-05 15:52:30.440835,can_tapper30,"rgb(77,175,74)",PG2,125.0,114.0,118.0,8.799999999999999,90.0,126.0,-0.13244450330841356,1500,-35.019999999991406,-5.019999999991406,95.0,17.0,316.0,299.0,1.351948,0.0023411371237458192,0.003678929765886288,0.0026755852842809368,synchronized_peak_current_voltage_drop,0.8200000000095073,1.0000000000001563,5.275382050040925,149.10637978546958,0.7748442377812175,5958,8.8,0.6763579996835,18.205000000000002,-28.331189710610932,18.0,3.037988,5,311,60.0,120.0,114.0,121.0,144.0,136.0,151.0,149.0,59.980377,119.831574,5589.137973,2158,417,645,//qar7000185/GP0_UPLOAD/BOXER/CYLOM\KZ-05-57_GNGP-50\2026-05-01\2022-09-06\can_tapper30-03-03-17-59-24.pcap.gz
11,2026-03-05 15:52:30.440835,can_tapper30,"rgb(77,175,74)",PG3_est,125.0,115.0,118.0,8.0,90.0,126.0,-0.263111228049252,1500,-35.019999999991406,-5.019999999991406,95.0,17.0,316.0,299.0,1.351948,0.0023411371237458192,0.0033444816053511705,0.0026755852842809368,synchronized_peak_current_voltage_drop,0.8600000000095136,1.0000000000001563,2.565174071178317,141.15510908818382,0.6854083299766826,5956,4.166666666666667,0.24944266623410832,18.205000000000002,-28.331189710610932,18.0,3.037988,5,311,60.0,120.0,115.0,123.0,144.0,136.0,142.0,141.0,59.980377,119.831574,5589.137973,2158,417,645,//qar7000185/GP0_UPLOAD/BOXER/CYLOM\KZ-05-57_GNGP-50\2026-05-01\2022-09-06\can_tapper30-03-03-17-59-24.pcap.gz
11,2026-03-05 15:52:30.440835,can_tapper30,"rgb(77,175,74)",PG4,125.0,115.0,118.0,8.0,90.0,126.0,-0.263111228049252,1500,-35.019999999991406,-5.019999999991406,95.0,17.0,316.0,299.0,1.351948,0.0023411371237458192,0.0033444816053511705,0.0026755852842809368,synchronized_peak_current_voltage_drop,0.8600000000095136,1.0000000000001563,2.565174071178317,141.15510908818382,0.6854083299766826,5956,4.166666666666667,0.24944266623410832,18.205000000000002,-28.331189710610932,18.0,3.037988,5,311,60.0,120.0,115.0,123.0,144.0,136.0,142.0,141.0,59.980377,119.831574,5589.137973,2158,417,645,//qar7000185/GP0_UPLOAD/BOXER/CYLOM\KZ-05-57_GNGP-50\2026-05-01\2022-09-06\can_tapper30-03-03-17-59-24.pcap.gz
12,2026-03-05 16:15:49.734753,can_tapper30,"rgb(152,78,163)",PG1_est,125.0,113.0,117.0,9.6,90.0,126.0,-0.3102045823126992,1500,-35.019999999991406,-5.019999999991406,95.0,0.0,328.0,328.0,1.05675,0.0024390243902439024,0.0036585365853658534,0.0027439024390243905,synchronized_peak_current_voltage_drop,1.0000000000095355,0.28000000000004377,1.2473253980523544,136.77554907098977,0.4079353751861051,5949,8.786610878661088,0.8647388665689931,18.333333333333332,-27.75465838509317,16.0,2.057851,4,322,60.0,120.0,113.0,122.0,145.0,134.0,134.0,136.0,59.884906,119.995974,1399.293918,2160,400,586,//qar7000185/GP0_UPLOAD/BOXER/CYLOM\KZ-05-57_GNGP-50\2026-05-01\2022-09-06\can_tapper30-03-03-17-59-24.pcap.gz
12,2026-03-05 16:15:49.734753,can_tapper30,"rgb(152,78,163)",PG2,125.0,114.0,116.0,8.799999999999999,90.0,126.0,-0.48116465829517513,1500,-35.019999999991406,-5.019999999991406,95.0,0.0,328.0,328.0,1.05675,0.0027439024390243905,0.0033536585365853662,0.003048780487804878,synchronized_peak_current_voltage_drop,0.760000000009498,0.7400000000001157,7.565235559061503,149.64952474718464,0.7109548018486521,5961,4.0,0.7887218271041553,18.333333333333332,-27.75465838509317,16.0,2.057851,4,322,60.0,120.0,116.0,123.0,145.0,133.0,151.0,150.0,59.884906,119.995974,1399.293918,2160,400,586,//qar7000185/GP0_UPLOAD/BOXER/CYLOM\KZ-05-57_GNGP-50\2026-05-01\2022-09-06\can_tapper30-03-03-17-59-24.pcap.gz
12,2026-03-05 16:15:49.734753,can_tapper30,"rgb(152,78,163)",PG3_est,125.0,114.0,118.0,8.799999999999999,90.0,126.0,-0.322889032394845,1500,-35.019999999991406,-5.019999999991406,95.0,0.0,328.0,328.0,1.05675,0.0021341463414634144,0.0033536585365853662,0.0024390243902439024,synchronized_peak_current_voltage_drop,0.5200000000094605,1.0000000000001563,1.7887444673306678,141.18322467077925,0.6635685666014877,5973,4.602510460251046,0.6613985065664157,18.333333333333332,-27.75465838509317,16.0,2.057851,4,322,60.0,120.0,114.0,123.0,146.0,134.0,141.0,141.0,59.884906,119.995974,1399.293918,2160,400,586,//qar7000185/GP0_UPLOAD/BOXER/CYLOM\KZ-05-57_GNGP-50\2026-05-01\2022-09-06\can_tapper30-03-03-17-59-24.pcap.gz
12,2026-03-05 16:15:49.734753,can_tapper30,"rgb(152,78,163)",PG4,125.0,114.0,118.0,8.799999999999999,90.0,126.0,-0.322889032394845,1500,-35.019999999991406,-5.019999999991406,95.0,0.0,328.0,328.0,1.05675,0.0021341463414634144,0.0033536585365853662,0.0024390243902439024,synchronized_peak_current_voltage_drop,0.5200000000094605,1.0000000000001563,1.7887444673306678,141.18322467077925,0.6635685666014877,5973,4.602510460251046,0.6613985065664157,18.333333333333332,-27.75465838509317,16.0,2.057851,4,322,60.0,120.0,114.0,123.0,146.0,134.0,141.0,141.0,59.884906,119.995974,1399.293918,2160,400,586,//qar7000185/GP0_UPLOAD/BOXER/CYLOM\KZ-05-57_GNGP-50\2026-05-01\2022-09-06\can_tapper30-03-03-17-59-24.pcap.gz
13,2026-03-05 16:43:17.579715,can_tapper30,"rgb(255,127,0)",PG1_est,130.0,119.0,123.0,8.461538461538462,100.0,133.0,-7.470323320142619,1500,-35.019999999991406,-5.019999999991406,100.0,18.0,282.0,264.0,1.391356,0.0026515151515151512,0.004166666666666667,0.003787878787878788,synchronized_peak_current_voltage_drop,0.8000000000095042,0.14000000000002188,2.0171482422437275,143.10435408898894,0.18231699454351713,5959,5.928853754940712,1.27322243829962,18.725,-7.352564102564102,221.0,2.090806,4,312,60.0,120.0,128.0,120.0,144.0,143.0,144.0,147.0,59.946893,119.967082,1647.844962,2160,440,433,//qar7000185/GP0_UPLOAD/BOXER/CYLOM\KZ-05-57_GNGP-50\2026-05-01\2022-09-06\can_tapper30-03-03-17-59-24.pcap.gz
13,2026-03-05 16:43:17.579715,can_tapper30,"rgb(255,127,0)",PG2,130.0,118.0,118.0,9.230769230769232,100.0,132.0,-9.762759894558135,1500,-35.019999999991406,-5.019999999991406,100.0,18.0,282.0,264.0,1.391356,0.004545454545454545,0.004545454545454545,0.0053030303030303025,synchronized_peak_current_voltage_drop,0.9400000000095261,1.0000000000001563,1.406595676542853,138.56696626169773,0.263051803523068,5952,6.719367588932807,0.8877053784061757,18.725,-7.352564102564102,221.0,2.090806,4,312,60.0,120.0,118.0,124.0,144.0,140.0,142.0,139.0,59.946893,119.967082,1647.844962,2160,440,433,//qar7000185/GP0_UPLOAD/BOXER/CYLOM\KZ-05-57_GNGP-50\2026-05-01\2022-09-06\can_tapper30-03-03-17-59-24.pcap.gz
13,2026-03-05 16:43:17.579715,can_tapper30,"rgb(255,127,0)",PG3_est,131.0,119.0,119.0,9.16030534351145,100.0,133.0,-8.773328343700026,1500,-35.019999999991406,-5.019999999991406,100.0,18.0,282.0,264.0,1.391356,0.004545454545454545,0.004545454545454545,0.0053030303030303025,synchronized_peak_current_voltage_drop,1.0000000000095355,1.0000000000001563,1.7887444673306678,142.98957225358504,0.19973704960728533,5949,2.766798418972332,0.6061227752515917,18.725,-7.352564102564102,221.0,2.090806,4,312,60.0,120.0,119.0,126.0,146.0,143.0,145.0,146.0,59.946893,119.967082,1647.844962,2160,440,433,//qar7000185/GP0_UPLOAD/BOXER/CYLOM\KZ-05-57_GNGP-50\2026-05-01\2022-09-06\can_tapper30-03-03-17-59-24.pcap.gz
13,2026-03-05 16:43:17.579715,can_tapper30,"rgb(255,127,0)",PG4,131.0,119.0,119.0,9.16030534351145,100.0,133.0,-8.773328343700026,1500,-35.019999999991406,-5.019999999991406,100.0,18.0,282.0,264.0,1.391356,0.004545454545454545,0.004545454545454545,0.0053030303030303025,synchronized_peak_current_voltage_drop,1.0000000000095355,1.0000000000001563,1.7887444673306678,142.98957225358504,0.19973704960728533,5949,2.766798418972332,0.6061227752515917,18.725,-7.352564102564102,221.0,2.090806,4,312,60.0,120.0,119.0,126.0,146.0,143.0,145.0,146.0,59.946893,119.967082,1647.844962,2160,440,433,//qar7000185/GP0_UPLOAD/BOXER/CYLOM\KZ-05-57_GNGP-50\2026-05-01\2022-09-06\can_tapper30-03-03-17-59-24.pcap.gz
14,2026-03-05 17:29:13.625330,can_tapper30,"rgb(255,255,51)",PG1_est,125.0,114.0,118.0,8.799999999999999,90.0,126.0,-0.8885692838080796,1500,-35.019999999991406,-5.019999999991406,95.0,0.0,309.0,309.0,1.233236,0.0022653721682847896,0.0035598705501618125,0.0025889967637540453,synchronized_peak_current_voltage_drop,1.1400000000095574,0.3000000000000469,1.406595676542853,136.90947285535293,0.35733505316297876,5942,7.23404255319149,0.8250098170503866,18.825,-28.621993127147768,17.0,2.331747,3,291,60.0,120.0,116.0,123.0,146.0,139.0,135.0,137.0,59.993214,119.907139,2756.045615,2160,424,597,//qar7000185/GP0_UPLOAD/BOXER/CYLOM\KZ-05-57_GNGP-50\2026-05-01\2022-09-06\can_tapper30-03-03-18-59-24.pcap.gz
14,2026-03-05 17:29:13.625330,can_tapper30,"rgb(255,255,51)",PG2,125.0,114.0,116.0,8.799999999999999,90.0,126.0,-0.3904623957607754,1500,-35.019999999991406,-5.019999999991406,95.0,0.0,309.0,309.0,1.233236,0.002912621359223301,0.0035598705501618125,0.003236245954692557,synchronized_peak_current_voltage_drop,0.9000000000095199,0.7600000000001188,4.67804510221319,149.5778799386364,0.7898319368626266,5954,4.0,0.8806045060068499,18.825,-28.621993127147768,17.0,2.331747,3,291,60.0,120.0,114.0,123.0,143.0,138.0,151.0,149.0,59.993214,119.907139,2756.045615,2160,424,597,//qar7000185/GP0_UPLOAD/BOXER/CYLOM\KZ-05-57_GNGP-50\2026-05-01\2022-09-06\can_tapper30-03-03-18-59-24.pcap.gz
14,2026-03-05 17:29:13.625330,can_tapper30,"rgb(255,255,51)",PG3_est,125.0,115.0,119.0,8.0,90.0,126.0,-0.29311124138214467,1500,-35.019999999991406,-5.019999999991406,95.0,0.0,309.0,309.0,1.233236,0.001941747572815534,0.003236245954692557,0.0022653721682847896,synchronized_peak_current_voltage_drop,0.7000000000094886,0.5000000000000782,2.0171482422437275,141.70694085848876,0.6402246518080908,5964,2.127659574468085,0.4827431409807439,18.825,-28.621993127147768,17.0,2.331747,3,291,60.0,120.0,115.0,123.0,146.0,139.0,142.0,141.0,59.993214,119.907139,2756.045615,2160,424,597,//qar7000185/GP0_UPLOAD/BOXER/CYLOM\KZ-05-57_GNGP-50\2026-05-01\2022-09-06\can_tapper30-03-03-18-59-24.pcap.gz
14,2026-03-05 17:29:13.625330,can_tapper30,"rgb(255,255,51)",PG4,125.0,115.0,119.0,8.0,90.0,126.0,-0.29311124138214467,1500,-35.019999999991406,-5.019999999991406,95.0,0.0,309.0,309.0,1.233236,0.001941747572815534,0.003236245954692557,0.0022653721682847896,synchronized_peak_current_voltage_drop,0.7000000000094886,0.5000000000000782,2.0171482422437275,141.70694085848876,0.6402246518080908,5964,2.127659574468085,0.4827431409807439,18.825,-28.621993127147768,17.0,2.331747,3,291,60.0,120.0,115.0,123.0,146.0,139.0,142.0,141.0,59.993214,119.907139,2756.045615,2160,424,597,//qar7000185/GP0_UPLOAD/BOXER/CYLOM\KZ-05-57_GNGP-50\2026-05-01\2022-09-06\can_tapper30-03-03-18-59-24.pcap.gz
15,2026-03-05 20:46:52.754628,can_tapper30,"rgb(166,86,40)",PG1_est,125.0,113.0,121.0,9.6,90.0,125.0,0.04608002047989682,1500,-35.019999999991406,-5.019999999991406,90.0,16.0,333.0,317.0,1.254695,0.0012618296529968455,0.0037854889589905363,0.0012618296529968455,synchronized_peak_current_voltage_drop,1.1800000000095636,0.06000000000000938,3.678623825607137,140.78132418565335,0.7652888098300479,5940,13.807531380753138,1.418892410530997,18.75,-58.61371841155235,20.0,2.257525,3,277,60.0,120.0,115.0,123.0,139.0,138.0,141.0,141.0,59.996124,119.885846,11859.129298,2160,395,599,//qar7000185/GP0_UPLOAD/BOXER/CYLOM\KZ-05-57_GNGP-50\2026-05-01\2022-09-06\can_tapper30-03-03-21-59-24.pcap.gz
15,2026-03-05 20:46:52.754628,can_tapper30,"rgb(166,86,40)",PG2,125.0,114.0,116.0,8.799999999999999,90.0,126.0,-1.2905250180107133,1500,-35.019999999991406,-5.019999999991406,95.0,16.0,333.0,317.0,1.254695,0.0028391167192429023,0.003470031545741325,0.0031545741324921135,synchronized_peak_current_voltage_drop,0.6800000000094855,1.0000000000001563,3.2620894576029285,144.8849058889989,0.8124949237325344,5965,4.602510460251046,0.6709117190424669,18.75,-58.61371841155235,20.0,2.257525,3,277,60.0,120.0,114.0,122.0,146.0,138.0,145.0,145.0,59.996124,119.885846,11859.129298,2160,395,599,//qar7000185/GP0_UPLOAD/BOXER/CYLOM\KZ-05-57_GNGP-50\2026-05-01\2022-09-06\can_tapper30-03-03-21-59-24.pcap.gz
15,2026-03-05 20:46:52.754628,can_tapper30,"rgb(166,86,40)",PG3_est,125.0,114.0,118.0,8.799999999999999,90.0,126.0,-0.9100004044440785,1500,-35.019999999991406,-5.019999999991406,95.0,16.0,333.0,317.0,1.254695,0.0022082018927444794,0.003470031545741325,0.002523659305993691,synchronized_peak_current_voltage_drop,0.6400000000094792,1.0000000000001563,3.2620894576029285,142.6155487538038,0.8281206962500196,5967,4.602510460251046,0.5569084739001054,18.75,-58.61371841155235,20.0,2.257525,3,277,60.0,120.0,114.0,120.0,143.0,137.0,142.0,143.0,59.996124,119.885846,11859.129298,2160,395,599,//qar7000185/GP0_UPLOAD/BOXER/CYLOM\KZ-05-57_GNGP-50\2026-05-01\2022-09-06\can_tapper30-03-03-21-59-24.pcap.gz
15,2026-03-05 20:46:52.754628,can_tapper30,"rgb(166,86,40)",PG4,125.0,114.0,118.0,8.799999999999999,90.0,126.0,-0.9100004044440785,1500,-35.019999999991406,-5.019999999991406,95.0,16.0,333.0,317.0,1.254695,0.0022082018927444794,0.003470031545741325,0.002523659305993691,synchronized_peak_current_voltage_drop,0.6400000000094792,1.0000000000001563,3.2620894576029285,142.6155487538038,0.8281206962500196,5967,4.602510460251046,0.5569084739001054,18.75,-58.61371841155235,20.0,2.257525,3,277,60.0,120.0,114.0,120.0,143.0,137.0,142.0,143.0,59.996124,119.885846,11859.129298,2160,395,599,//qar7000185/GP0_UPLOAD/BOXER/CYLOM\KZ-05-57_GNGP-50\2026-05-01\2022-09-06\can_tapper30-03-03-21-59-24.pcap.gz
16,2026-03-06 09:02:58.564117,can_tapper30,"rgb(247,129,191)",PG1_est,124.0,112.0,112.0,9.67741935483871,78.00000000000004,125.0,4.156167692041187e-14,1500,-35.019999999991406,-5.019999999991406,90.0,21.0,360.0,339.0,1.296615,0.0035398230088495575,0.0035398230088495575,0.0038348082595870206,synchronized_peak_current_voltage_drop,1.2800000000095793,0.12000000000001876,1.7887444673306678,141.85095004839727,0.6010336827608538,5935,10.882956878850102,1.4583332576143,14.075,-35.1797385620915,145.0,2.397399,4,306,60.0,120.0,115.0,120.0,143.0,139.0,143.0,146.0,59.99836,119.947969,44165.809489,2160,369,674,//qar7000185/GP0_UPLOAD/BOXER/CYLOM\KZ-05-57_GNGP-50\2026-07-10\2022-09-07\can_tapper30-03-03-10-59-24.pcap.gz
16,2026-03-06 09:02:58.564117,can_tapper30,"rgb(247,129,191)",PG2,125.0,114.0,117.0,8.799999999999999,90.0,125.0,4.156167692041187e-14,1500,-35.019999999991406,-5.019999999991406,90.0,21.0,360.0,339.0,1.296615,0.002359882005899705,0.003244837758112095,0.002359882005899705,synchronized_peak_current_voltage_drop,0.7800000000095011,1.2400000000001938,3.678623825607137,143.60704824234622,0.6891842348362087,5960,6.365503080082136,0.9479863508110133,14.075,-35.1797385620915,145.0,2.397399,4,306,60.0,120.0,114.0,117.0,143.0,137.0,144.0,151.0,59.99836,119.947969,44165.809489,2160,369,674,//qar7000185/GP0_UPLOAD/BOXER/CYLOM\KZ-05-57_GNGP-50\2026-07-10\2022-09-07\can_tapper30-03-03-10-59-24.pcap.gz
16,2026-03-06 09:02:58.564117,can_tapper30,"rgb(247,129,191)",PG3_est,125.0,113.0,115.0,9.6,90.0,125.0,4.156167692041187e-14,1500,-35.019999999991406,-5.019999999991406,90.0,21.0,360.0,339.0,1.296615,0.0029498525073746312,0.0035398230088495575,0.0029498525073746312,synchronized_peak_current_voltage_drop,0.9400000000095261,1.0000000000001563,2.565174071178317,142.68542611991523,0.7155017333814215,5952,2.2587268993839835,0.523057114044221,14.075,-35.1797385620915,145.0,2.397399,4,306,60.0,120.0,113.0,119.0,144.0,138.0,143.0,148.0,59.99836,119.947969,44165.809489,2160,369,674,//qar7000185/GP0_UPLOAD/BOXER/CYLOM\KZ-05-57_GNGP-50\2026-07-10\2022-09-07\can_tapper30-03-03-10-59-24.pcap.gz
16,2026-03-06 09:02:58.564117,can_tapper30,"rgb(247,129,191)",PG4,125.0,113.0,115.0,9.6,90.0,125.0,4.156167692041187e-14,1500,-35.019999999991406,-5.019999999991406,90.0,21.0,360.0,339.0,1.296615,0.0029498525073746312,0.0035398230088495575,0.0029498525073746312,synchronized_peak_current_voltage_drop,0.9400000000095261,1.0000000000001563,2.565174071178317,142.68542611991523,0.7155017333814215,5952,2.2587268993839835,0.523057114044221,14.075,-35.1797385620915,145.0,2.397399,4,306,60.0,120.0,113.0,119.0,144.0,138.0,143.0,148.0,59.99836,119.947969,44165.809489,2160,369,674,//qar7000185/GP0_UPLOAD/BOXER/CYLOM\KZ-05-57_GNGP-50\2026-07-10\2022-09-07\can_tapper30-03-03-10-59-24.pcap.gz
17,2026-03-06 22:26:07.747308,can_tapper30,"rgb(153,153,153)",PG1_est,124.0,114.0,119.0,8.064516129032258,78.00000000000004,125.0,-1.0180893413728531,1500,-35.019999999991406,-5.019999999991406,90.0,15.0,302.0,287.0,1.221996,0.0017421602787456446,0.003484320557491289,0.0020905923344947735,synchronized_peak_current_voltage_drop,0.6200000000094761,0.160000000000025,6.708616137836345,138.8992435579579,0.6191251406011851,5968,7.296137339055794,1.3720859458863455,18.525,-66.54838709677419,18.0,2.711527,5,310,60.0,120.0,115.0,122.0,140.0,132.0,138.0,139.0,59.873955,119.9547,48189.183191,2159,450,697,//qar7000185/GP0_UPLOAD/BOXER/CYLOM\KZ-05-57_GNGP-50\2026-07-10\2022-09-07\can_tapper30-03-03-23-59-24.pcap.gz
17,2026-03-06 22:26:07.747308,can_tapper30,"rgb(153,153,153)",PG2,124.0,113.0,113.0,8.870967741935484,78.00000000000004,125.0,-4.6669265186332956,1500,-35.019999999991406,-5.019999999991406,90.0,15.0,302.0,287.0,1.221996,0.0038327526132404185,0.0038327526132404185,0.004181184668989547,synchronized_peak_current_voltage_drop,0.7800000000095011,0.5000000000000782,1.5862030873085784,138.4644454647825,0.5044976360474681,5960,6.437768240343348,1.2128893490572188,18.525,-66.54838709677419,18.0,2.711527,5,310,60.0,120.0,113.0,122.0,147.0,133.0,139.0,139.0,59.873955,119.9547,48189.183191,2159,450,697,//qar7000185/GP0_UPLOAD/BOXER/CYLOM\KZ-05-57_GNGP-50\2026-07-10\2022-09-07\can_tapper30-03-03-23-59-24.pcap.gz
17,2026-03-06 22:26:07.747308,can_tapper30,"rgb(153,153,153)",PG3_est,124.0,114.0,116.0,8.064516129032258,78.00000000000004,125.0,-2.252285445459802,1500,-35.019999999991406,-5.019999999991406,90.0,15.0,302.0,287.0,1.221996,0.0027874564459930314,0.003484320557491289,0.0031358885017421603,synchronized_peak_current_voltage_drop,0.760000000009498,0.5000000000000782,1.7887444673306678,138.93229034494823,0.5537491306514284,5961,2.1459227467811157,0.38799368296207093,18.525,-66.54838709677419,18.0,2.711527,5,310,60.0,120.0,114.0,122.0,144.0,133.0,139.0,140.0,59.873955,119.9547,48189.183191,2159,450,697,//qar7000185/GP0_UPLOAD/BOXER/CYLOM\KZ-05-57_GNGP-50\2026-07-10\2022-09-07\can_tapper30-03-03-23-59-24.pcap.gz
17,2026-03-06 22:26:07.747308,can_tapper30,"rgb(153,153,153)",PG4,124.0,114.0,116.0,8.064516129032258,78.00000000000004,125.0,-2.252285445459802,1500,-35.019999999991406,-5.019999999991406,90.0,15.0,302.0,287.0,1.221996,0.0027874564459930314,0.003484320557491289,0.0031358885017421603,synchronized_peak_current_voltage_drop,0.760000000009498,0.5000000000000782,1.7887444673306678,138.93229034494823,0.5537491306514284,5961,2.1459227467811157,0.38799368296207093,18.525,-66.54838709677419,18.0,2.711527,5,310,60.0,120.0,114.0,122.0,144.0,133.0,139.0,140.0,59.873955,119.9547,48189.183191,2159,450,697,//qar7000185/GP0_UPLOAD/BOXER/CYLOM\KZ-05-57_GNGP-50\2026-07-10\2022-09-07\can_tapper30-03-03-23-59-24.pcap.gz
18,2026-03-07 19:30:54.515913,can_tapper30,"rgb(228,26,28)",PG1_est,123.0,107.0,117.0,13.008130081300814,68.33333333333339,124.0,0.08183114748066131,1500,-35.019999999991406,-5.019999999991406,78.00000000000004,0.0,294.0,294.0,1.437797,0.002040816326530612,0.0054421768707483,0.0023809523809523807,synchronized_peak_current_voltage_drop,0.920000000009523,0.5000000000000782,6.708616137836345,141.34470648322994,0.7350849650728852,5953,8.15450643776824,0.7476406097586867,16.93,-66.61513157894737,17.0,2.030101,5,304,60.0,120.0,114.0,122.0,140.0,134.0,140.0,142.0,59.962625,119.941899,75886.768605,2160,371,599,//qar7000185/GP0_UPLOAD/BOXER/CYLOM\KZ-05-57_GNGP-50\2026-07-10\2022-09-07\can_tapper30-03-03-20-59-24.pcap.gz
18,2026-03-07 19:30:54.515913,can_tapper30,"rgb(228,26,28)",PG2,124.0,114.0,117.0,8.064516129032258,78.00000000000004,125.0,-1.2215560984690537,1500,-35.019999999991406,-5.019999999991406,90.0,0.0,294.0,294.0,1.437797,0.0023809523809523807,0.003401360544217687,0.00272108843537415,synchronized_peak_current_voltage_drop,0.9400000000095261,1.0000000000001563,2.0171482422437275,140.29341716589693,0.6018930286044779,5952,3.8626609442060085,0.5909207769399124,16.93,-66.61513157894737,17.0,2.030101,5,304,60.0,120.0,114.0,121.0,145.0,134.0,140.0,141.0,59.962625,119.941899,75886.768605,2160,371,599,//qar7000185/GP0_UPLOAD/BOXER/CYLOM\KZ-05-57_GNGP-50\2026-07-10\2022-09-07\can_tapper30-03-03-20-59-24.pcap.gz
18,2026-03-07 19:30:54.515913,can_tapper30,"rgb(228,26,28)",PG3_est,124.0,114.0,114.0,8.064516129032258,78.00000000000004,125.0,-1.2328805479464882,1500,-35.019999999991406,-5.019999999991406,90.0,0.0,294.0,294.0,1.437797,0.003401360544217687,0.003401360544217687,0.003741496598639456,synchronized_peak_current_voltage_drop,1.0200000000095386,1.0000000000001563,2.892719705486028,141.1530208525367,0.6383997052317052,5948,2.1459227467811157,0.54619160457868,16.93,-66.61513157894737,17.0,2.030101,5,304,60.0,120.0,119.0,117.0,143.0,134.0,140.0,142.0,59.962625,119.941899,75886.768605,2160,371,599,//qar7000185/GP0_UPLOAD/BOXER/CYLOM\KZ-05-57_GNGP-50\2026-07-10\2022-09-07\can_tapper30-03-03-20-59-24.pcap.gz
18,2026-03-07 19:30:54.515913,can_tapper30,"rgb(228,26,28)",PG4,124.0,114.0,114.0,8.064516129032258,78.00000000000004,125.0,-1.2328805479464882,1500,-35.019999999991406,-5.019999999991406,90.0,0.0,294.0,294.0,1.437797,0.003401360544217687,0.003401360544217687,0.003741496598639456,synchronized_peak_current_voltage_drop,1.0200000000095386,1.0000000000001563,2.892719705486028,141.1530208525367,0.6383997052317052,5948,2.1459227467811157,0.54619160457868,16.93,-66.61513157894737,17.0,2.030101,5,304,60.0,120.0,119.0,117.0,143.0,134.0,140.0,142.0,59.962625,119.941899,75886.768605,2160,371,599,//qar7000185/GP0_UPLOAD/BOXER/CYLOM\KZ-05-57_GNGP-50\2026-07-10\2022-09-07\can_tapper30-03-03-20-59-24.pcap.gz
19,2026-03-08 11:46:15.140529,can_tapper30,"rgb(55,126,184)",PG1_est,125.0,115.0,118.0,8.0,90.0,126.0,-0.9003915112848874,1500,-35.019999999991406,-5.019999999991406,95.0,0.0,277.0,277.0,1.459883,0.002527075812274368,0.0036101083032490976,0.0028880866425992783,synchronized_peak_current_voltage_drop,1.3400000000095886,0.34000000000005315,31.996067694060745,141.26204315327118,0.5837745519911387,5932,5.128205128205129,1.0270810470943843,14.325,-33.17484662576687,26.0,2.062852,5,326,60.0,120.0,120.0,123.0,141.0,136.0,136.0,140.0,59.969174,119.955652,58520.624616,2159,496,668,//qar7000185/GP0_UPLOAD/BOXER/CYLOM\KZ-05-57_GNGP-50\2026-07-10\2022-09-07\can_tapper30-03-03-13-59-24.pcap.gz
19,2026-03-08 11:46:15.140529,can_tapper30,"rgb(55,126,184)",PG2,125.0,115.0,117.0,8.0,90.0,125.0,-0.27044456464208677,1500,-35.019999999991406,-5.019999999991406,90.0,0.0,277.0,277.0,1.459883,0.0028880866425992783,0.0036101083032490976,0.0028880866425992783,synchronized_peak_current_voltage_drop,1.1000000000095511,0.5000000000000782,2.0171482422437275,147.10256810888933,0.6732272510723472,5944,2.6156941649899395,0.8212344149495198,14.325,-33.17484662576687,26.0,2.062852,5,326,60.0,120.0,118.0,119.0,147.0,148.0,150.0,146.0,59.969174,119.955652,58520.624616,2159,496,668,//qar7000185/GP0_UPLOAD/BOXER/CYLOM\KZ-05-57_GNGP-50\2026-07-10\2022-09-07\can_tapper30-03-03-13-59-24.pcap.gz
19,2026-03-08 11:46:15.140529,can_tapper30,"rgb(55,126,184)",PG3_est,125.0,115.0,117.0,8.0,90.0,126.0,-1.9982586658925852,1500,-35.019999999991406,-5.019999999991406,95.0,0.0,277.0,277.0,1.459883,0.0028880866425992783,0.0036101083032490976,0.003249097472924188,synchronized_peak_current_voltage_drop,1.0400000000095417,0.5000000000000782,2.0171482422437275,142.9990541519525,0.844412299598844,5947,1.7094017094017093,0.48794389014803613,14.325,-33.17484662576687,26.0,2.062852,5,326,60.0,120.0,120.0,119.0,144.0,142.0,142.0,143.0,59.969174,119.955652,58520.624616,2159,496,668,//qar7000185/GP0_UPLOAD/BOXER/CYLOM\KZ-05-57_GNGP-50\2026-07-10\2022-09-07\can_tapper30-03-03-13-59-24.pcap.gz
19,2026-03-08 11:46:15.140529,can_tapper30,"rgb(55,126,184)",PG4,125.0,115.0,117.0,8.0,90.0,126.0,-1.9982586658925852,1500,-35.019999999991406,-5.019999999991406,95.0,0.0,277.0,277.0,1.459883,0.0028880866425992783,0.0036101083032490976,0.003249097472924188,synchronized_peak_current_voltage_drop,1.0400000000095417,0.5000000000000782,2.0171482422437275,142.9990541519525,0.844412299598844,5947,1.7094017094017093,0.48794389014803613,14.325,-33.17484662576687,26.0,2.062852,5,326,60.0,120.0,120.0,119.0,144.0,142.0,142.0,143.0,59.969174,119.955652,58520.624616,2159,496,668,//qar7000185/GP0_UPLOAD/BOXER/CYLOM\KZ-05-57_GNGP-50\2026-07-10\2022-09-07\can_tapper30-03-03-13-59-24.pcap.gz
20,2026-03-08 12:51:44.373118,can_tapper30,"rgb(77,175,74)",PG1_est,126.0,102.0,115.0,19.047619047619047,95.0,126.0,2.9232752156300525e-13,1500,-35.019999999991406,-5.019999999991406,95.0,18.0,344.0,326.0,1.062756,0.0033742331288343563,0.007361963190184049,0.0033742331288343563,synchronized_peak_current_voltage_drop,0.5800000000094698,0.5000000000000782,1.7887444673306678,137.33017548876347,0.5907204971597146,5970,14.822546972860126,1.5713665022385754,15.575,-25.469314079422382,132.0,2.159926,5,277,60.0,120.0,115.0,120.0,142.0,139.0,136.0,138.0,59.992848,119.966849,3929.232589,2159,494,451,//qar7000185/GP0_UPLOAD/BOXER/CYLOM\KZ-05-57_GNGP-50\2026-07-10\2022-09-07\can_tapper30-03-03-14-59-24.pcap.gz
20,2026-03-08 12:51:44.373118,can_tapper30,"rgb(77,175,74)",PG2,125.0,112.0,112.0,10.4,90.0,126.0,2.9232752156300525e-13,1500,-35.019999999991406,-5.019999999991406,95.0,18.0,344.0,326.0,1.062756,0.003987730061349694,0.003987730061349694,0.0042944785276073615,synchronized_peak_current_voltage_drop,0.6600000000094823,1.0000000000001563,2.27471676670449,148.84819019548024,0.8137554190359508,5966,11.856823266219239,0.8904390294938405,15.575,-25.469314079422382,132.0,2.159926,5,277,60.0,120.0,112.0,119.0,147.0,150.0,151.0,148.0,59.992848,119.966849,3929.232589,2159,494,451,//qar7000185/GP0_UPLOAD/BOXER/CYLOM\KZ-05-57_GNGP-50\2026-07-10\2022-09-07\can_tapper30-03-03-14-59-24.pcap.gz
20,2026-03-08 12:51:44.373118,can_tapper30,"rgb(77,175,74)",PG3_est,126.0,110.0,110.0,12.698412698412698,95.0,126.0,2.9232752156300525e-13,1500,-35.019999999991406,-5.019999999991406,95.0,18.0,344.0,326.0,1.062756,0.0049079754601227,0.0049079754601227,0.0049079754601227,synchronized_peak_current_voltage_drop,0.600000000009473,1.5000000000002345,1.7887444673306678,142.13074305448708,0.84425960564241,5969,5.219206680584551,0.5967114847812431,15.575,-25.469314079422382,132.0,2.159926,5,277,60.0,120.0,110.0,119.0,145.0,145.0,142.0,142.0,59.992848,119.966849,3929.232589,2159,494,451,//qar7000185/GP0_UPLOAD/BOXER/CYLOM\KZ-05-57_GNGP-50\2026-07-10\2022-09-07\can_tapper30-03-03-14-59-24.pcap.gz
20,2026-03-08 12:51:44.373118,can_tapper30,"rgb(77,175,74)",PG4,126.0,110.0,110.0,12.698412698412698,95.0,126.0,2.9232752156300525e-13,1500,-35.019999999991406,-5.019999999991406,95.0,18.0,344.0,326.0,1.062756,0.0049079754601227,0.0049079754601227,0.0049079754601227,synchronized_peak_current_voltage_drop,0.600000000009473,1.5000000000002345,1.7887444673306678,142.13074305448708,0.84425960564241,5969,5.219206680584551,0.5967114847812431,15.575,-25.469314079422382,132.0,2.159926,5,277,60.0,120.0,110.0,119.0,145.0,145.0,142.0,142.0,59.992848,119.966849,3929.232589,2159,494,451,//qar7000185/GP0_UPLOAD/BOXER/CYLOM\KZ-05-57_GNGP-50\2026-07-10\2022-09-07\can_tapper30-03-03-14-59-24.pcap.gz
21,2026-03-08 14:28:09.287391,can_tapper30,"rgb(152,78,163)",PG1_est,126.0,104.0,117.0,17.46031746031746,95.0,127.0,2.028792012796011,1500,-35.019999999991406,-5.019999999991406,100.0,0.0,306.0,306.0,1.282623,0.0029411764705882353,0.007189542483660131,0.0032679738562091504,synchronized_peak_current_voltage_drop,0.6800000000094855,0.7600000000001188,1.406595676542853,135.4871177885911,0.4878351863874608,5965,11.864406779661017,0.5953378937097221,15.0,-22.38047138047138,17.0,2.379249,3,297,60.0,120.0,115.0,124.0,142.0,136.0,134.0,135.0,59.95303,119.895723,5784.914273,2159,412,563,//qar7000185/GP0_UPLOAD/BOXER/CYLOM\KZ-05-57_GNGP-50\2026-07-10\2022-09-07\can_tapper30-03-03-15-59-24.pcap.gz
21,2026-03-08 14:28:09.287391,can_tapper30,"rgb(152,78,163)",PG2,126.0,115.0,117.0,8.73015873015873,95.0,126.0,-2.028792012795525,1500,-35.019999999991406,-5.019999999991406,95.0,0.0,306.0,306.0,1.282623,0.0029411764705882353,0.0035947712418300656,0.0029411764705882353,synchronized_peak_current_voltage_drop,0.7000000000094886,1.0000000000001563,2.892719705486028,150.87068890970102,0.8567821770062514,5964,6.779661016949152,0.6261591918749055,15.0,-22.38047138047138,17.0,2.379249,3,297,60.0,120.0,115.0,123.0,147.0,147.0,152.0,151.0,59.95303,119.895723,5784.914273,2159,412,563,//qar7000185/GP0_UPLOAD/BOXER/CYLOM\KZ-05-57_GNGP-50\2026-07-10\2022-09-07\can_tapper30-03-03-15-59-24.pcap.gz
21,2026-03-08 14:28:09.287391,can_tapper30,"rgb(152,78,163)",PG3_est,126.0,115.0,117.0,8.73015873015873,95.0,127.0,1.6527483802237072e-14,1500,-35.019999999991406,-5.019999999991406,100.0,0.0,306.0,306.0,1.282623,0.0029411764705882353,0.0035947712418300656,0.0032679738562091504,synchronized_peak_current_voltage_drop,0.8600000000095136,0.7600000000001188,1.7887444673306678,142.06226768709675,0.7538946349500248,5956,2.542372881355932,0.451921373081573,15.0,-22.38047138047138,17.0,2.379249,3,297,60.0,120.0,115.0,124.0,145.0,142.0,142.0,142.0,59.95303,119.895723,5784.914273,2159,412,563,//qar7000185/GP0_UPLOAD/BOXER/CYLOM\KZ-05-57_GNGP-50\2026-07-10\2022-09-07\can_tapper30-03-03-15-59-24.pcap.gz
21,2026-03-08 14:28:09.287391,can_tapper30,"rgb(152,78,163)",PG4,126.0,115.0,117.0,8.73015873015873,95.0,127.0,1.6527483802237072e-14,1500,-35.019999999991406,-5.019999999991406,100.0,0.0,306.0,306.0,1.282623,0.0029411764705882353,0.0035947712418300656,0.0032679738562091504,synchronized_peak_current_voltage_drop,0.8600000000095136,0.7600000000001188,1.7887444673306678,142.06226768709675,0.7538946349500248,5956,2.542372881355932,0.451921373081573,15.0,-22.38047138047138,17.0,2.379249,3,297,60.0,120.0,115.0,124.0,145.0,142.0,142.0,142.0,59.95303,119.895723,5784.914273,2159,412,563,//qar7000185/GP0_UPLOAD/BOXER/CYLOM\KZ-05-57_GNGP-50\2026-07-10\2022-09-07\can_tapper30-03-03-15-59-24.pcap.gz
22,2026-03-08 14:57:23.231667,can_tapper30,"rgb(255,127,0)",PG1_est,128.0,109.0,118.0,14.84375,100.0,130.0,3.6039838239922553,1500,-35.019999999991406,-5.019999999991406,100.0,0.0,378.0,378.0,1.070671,0.0026455026455026454,0.0050264550264550265,0.0031746031746031746,synchronized_peak_current_voltage_drop,0.7400000000094948,0.5000000000000782,119.99999999999996,162.47355429668744,0.793606435894137,5962,7.822410147991543,0.9793748194408807,17.418333333333333,-11.188741721854305,132.0,2.16942,4,302,60.0,120.0,121.0,122.0,141.0,139.0,134.0,142.0,59.889403,119.942346,1753.944276,2160,326,499,//qar7000185/GP0_UPLOAD/BOXER/CYLOM\KZ-05-57_GNGP-50\2026-07-10\2022-09-07\can_tapper30-03-03-16-59-24.pcap.gz
22,2026-03-08 14:57:23.231667,can_tapper30,"rgb(255,127,0)",PG2,129.0,115.0,118.0,10.852713178294573,100.0,130.0,-4.96359331715228,1500,-35.019999999991406,-5.019999999991406,100.0,0.0,378.0,378.0,1.070671,0.0029100529100529104,0.0037037037037037034,0.0031746031746031746,synchronized_peak_current_voltage_drop,0.7800000000095011,1.5000000000002345,119.99999999999996,129.57506964570027,0.3241456851618706,5960,7.252747252747253,0.6634751964508583,17.418333333333333,-11.188741721854305,132.0,2.16942,4,302,60.0,120.0,115.0,121.0,146.0,147.0,151.0,144.0,59.889403,119.942346,1753.944276,2160,326,499,//qar7000185/GP0_UPLOAD/BOXER/CYLOM\KZ-05-57_GNGP-50\2026-07-10\2022-09-07\can_tapper30-03-03-16-59-24.pcap.gz
22,2026-03-08 14:57:23.231667,can_tapper30,"rgb(255,127,0)",PG3_est,129.0,112.0,116.0,13.178294573643413,100.0,130.0,1.2149037004343553e-13,1500,-35.019999999991406,-5.019999999991406,100.0,0.0,378.0,378.0,1.070671,0.0034391534391534392,0.004497354497354497,0.0037037037037037034,synchronized_peak_current_voltage_drop,0.760000000009498,1.2400000000001938,2.0171482422437275,143.56411081308605,0.8789312009289316,5961,2.3255813953488373,0.5064735122315007,17.418333333333333,-11.188741721854305,132.0,2.16942,4,302,60.0,120.0,116.0,124.0,144.0,144.0,142.0,143.0,59.889403,119.942346,1753.944276,2160,326,499,//qar7000185/GP0_UPLOAD/BOXER/CYLOM\KZ-05-57_GNGP-50\2026-07-10\2022-09-07\can_tapper30-03-03-16-59-24.pcap.gz
22,2026-03-08 14:57:23.231667,can_tapper30,"rgb(255,127,0)",PG4,129.0,112.0,116.0,13.178294573643413,100.0,130.0,1.2149037004343553e-13,1500,-35.019999999991406,-5.019999999991406,100.0,0.0,378.0,378.0,1.070671,0.0034391534391534392,0.004497354497354497,0.0037037037037037034,synchronized_peak_current_voltage_drop,0.760000000009498,1.2400000000001938,2.0171482422437275,143.56411081308605,0.8789312009289316,5961,2.3255813953488373,0.5064735122315007,17.418333333333333,-11.188741721854305,132.0,2.16942,4,302,60.0,120.0,116.0,124.0,144.0,144.0,142.0,143.0,59.889403,119.942346,1753.944276,2160,326,499,//qar7000185/GP0_UPLOAD/BOXER/CYLOM\KZ-05-57_GNGP-50\2026-07-10\2022-09-07\can_tapper30-03-03-16-59-24.pcap.gz
23,2026-04-02 15:00:33.385433,can_tapper30,"rgb(255,255,51)",PG1_est,124.0,109.0,113.0,12.096774193548388,78.00000000000004,125.0,-3.2881881280830605,1500,-35.019999999991406,-5.019999999991406,90.0,16.5,339.0,322.5,1.235956,0.003410852713178295,0.004651162790697674,0.0037209302325581393,synchronized_peak_current_voltage_drop,0.8400000000095105,0.5000000000000782,2.27471676670449,147.12366356438432,0.7536176076126225,5957,9.322033898305085,1.1925899348390596,14.075,-28.108474576271185,135.0,2.335723,3,295,60.0,120.0,115.0,119.0,145.0,149.0,149.0,147.0,59.945616,119.992726,2160190.153766,2160,408,629,//qar7000185/GP0_UPLOAD/BOXER/CYLOM\KZ-05-57_GNGP-50\2026-07-10\2022-09-07\can_tapper30-03-03-09-59-24.pcap.gz
23,2026-04-02 15:00:33.385433,can_tapper30,"rgb(255,255,51)",PG2,124.0,113.0,115.0,8.870967741935484,78.00000000000004,125.0,-4.002446223308841,1500,-35.019999999991406,-5.019999999991406,90.0,16.5,339.0,322.5,1.235956,0.0027906976744186047,0.003410852713178295,0.0031007751937984496,synchronized_peak_current_voltage_drop,0.9600000000095292,1.5000000000002345,1.7887444673306678,139.16492792595398,0.6278706299386025,5951,5.3097345132743365,0.7312454695947892,14.075,-28.108474576271185,135.0,2.335723,3,295,60.0,120.0,113.0,117.0,144.0,137.0,137.0,139.0,59.945616,119.992726,2160190.153766,2160,408,629,//qar7000185/GP0_UPLOAD/BOXER/CYLOM\KZ-05-57_GNGP-50\2026-07-10\2022-09-07\can_tapper30-03-03-09-59-24.pcap.gz
23,2026-04-02 15:00:33.385433,can_tapper30,"rgb(255,255,51)",PG3_est,124.0,112.0,112.0,9.67741935483871,78.00000000000004,125.0,-3.741219440541246,1500,-35.019999999991406,-5.019999999991406,90.0,16.5,339.0,322.5,1.235956,0.0037209302325581393,0.0037209302325581393,0.004031007751937985,synchronized_peak_current_voltage_drop,0.760000000009498,1.0000000000001563,2.565174071178317,145.61644920846427,0.8885384856678793,5961,5.084745762711864,0.458199867016873,14.075,-28.108474576271185,135.0,2.335723,3,295,60.0,120.0,112.0,118.0,145.0,145.0,145.0,146.0,59.945616,119.992726,2160190.153766,2160,408,629,//qar7000185/GP0_UPLOAD/BOXER/CYLOM\KZ-05-57_GNGP-50\2026-07-10\2022-09-07\can_tapper30-03-03-09-59-24.pcap.gz
23,2026-04-02 15:00:33.385433,can_tapper30,"rgb(255,255,51)",PG4,124.0,112.0,112.0,9.67741935483871,78.00000000000004,125.0,-3.741219440541246,1500,-35.019999999991406,-5.019999999991406,90.0,16.5,339.0,322.5,1.235956,0.0037209302325581393,0.0037209302325581393,0.004031007751937985,synchronized_peak_current_voltage_drop,0.760000000009498,1.0000000000001563,2.565174071178317,145.61644920846427,0.8885384856678793,5961,5.084745762711864,0.458199867016873,14.075,-28.108474576271185,135.0,2.335723,3,295,60.0,120.0,112.0,118.0,145.0,145.0,145.0,146.0,59.945616,119.992726,2160190.153766,2160,408,629,//qar7000185/GP0_UPLOAD/BOXER/CYLOM\KZ-05-57_GNGP-50\2026-07-10\2022-09-07\can_tapper30-03-03-09-59-24.pcap.gz
24,2026-04-14 00:16:54.133304,can_tapper30,"rgb(166,86,40)",PG1_est,126.0,110.0,,12.698412698412698,95.0,126.0,0.6826314145033126,1500,-35.019999999991406,-5.019999999991406,95.0,,,,,,,,synchronized_peak_current_voltage_drop,0.6800000000094855,0.5000000000000782,5.275382050040925,143.30816463061063,0.694077246517063,5965,6.693711967545639,1.6530923230066685,15.040000000000001,,,,0,0,60.0,120.0,116.0,123.0,140.0,136.0,143.0,144.0,59.965524,119.94042,983780.747871,2160,0,557,//qar7000185/GP0_UPLOAD/BOXER/CYLOM\KZ-05-57_GNGP-50\2026-05-01\2022-09-06\can_tapper30-03-04-00-59-23.pcap.gz
24,2026-04-14 00:16:54.133304,can_tapper30,"rgb(166,86,40)",PG2,126.0,114.0,,9.523809523809524,95.0,127.0,-4.44444641975264,1500,-35.019999999991406,-5.019999999991406,100.0,,,,,,,,synchronized_peak_current_voltage_drop,0.760000000009498,1.0000000000001563,7.565235559061503,142.53918490639683,0.6878618361865914,5961,4.8034934497816595,1.27186769405554,15.040000000000001,,,,0,0,60.0,120.0,114.0,123.0,139.0,134.0,142.0,142.0,59.965524,119.94042,983780.747871,2160,0,557,//qar7000185/GP0_UPLOAD/BOXER/CYLOM\KZ-05-57_GNGP-50\2026-05-01\2022-09-06\can_tapper30-03-04-00-59-23.pcap.gz
24,2026-04-14 00:16:54.133304,can_tapper30,"rgb(166,86,40)",PG3_est,126.0,114.0,,9.523809523809524,95.0,127.0,-4.256215224983451,1500,-35.019999999991406,-5.019999999991406,100.0,,,,,,,,synchronized_peak_current_voltage_drop,0.5400000000094636,1.0000000000001563,5.948992616750902,143.59130054693105,0.7512064087890463,5972,2.771855010660981,0.7994043997643334,15.040000000000001,,,,0,0,60.0,120.0,114.0,120.0,137.0,135.0,143.0,143.0,59.965524,119.94042,983780.747871,2160,0,557,//qar7000185/GP0_UPLOAD/BOXER/CYLOM\KZ-05-57_GNGP-50\2026-05-01\2022-09-06\can_tapper30-03-04-00-59-23.pcap.gz
24,2026-04-14 00:16:54.133304,can_tapper30,"rgb(166,86,40)",PG4,126.0,114.0,,9.523809523809524,95.0,127.0,-4.256215224983451,1500,-35.019999999991406,-5.019999999991406,100.0,,,,,,,,synchronized_peak_current_voltage_drop,0.5400000000094636,1.0000000000001563,5.948992616750902,143.59130054693105,0.7512064087890463,5972,2.771855010660981,0.7994043997643334,15.040000000000001,,,,0,0,60.0,120.0,114.0,120.0,137.0,135.0,143.0,143.0,59.965524,119.94042,983780.747871,2160,0,557,//qar7000185/GP0_UPLOAD/BOXER/CYLOM\KZ-05-57_GNGP-50\2026-05-01\2022-09-06\can_tapper30-03-04-00-59-23.pcap.gz
25,2026-04-14 20:24:51.504002,can_tapper30,"rgb(247,129,191)",PG1_est,125.0,114.0,128.0,8.799999999999999,90.0,125.0,-1.0572804699021432,1500,-35.019999999991406,-5.019999999991406,90.0,0.0,267.0,267.0,1.037777,,0.004119850187265918,,synchronized_peak_current_voltage_drop,1.4200000000096011,0.160000000000025,19.78511397269046,140.41073771171185,0.6849853376355447,5928,7.563025210084033,1.5177655094608098,24.119999999999997,-55.46545454545455,10.0,2.042775,7,275,60.0,120.0,128.0,119.0,137.0,132.0,137.0,139.0,59.967156,119.840575,72477.370698,2159,344,537,//qar7000185/GP0_UPLOAD/BOXER/CYLOM\KZ-05-57_GNGP-50\2026-07-10\2022-09-07\can_tapper30-03-03-17-59-23.pcap.gz
25,2026-04-14 20:24:51.504002,can_tapper30,"rgb(247,129,191)",PG2,124.0,116.0,116.0,6.451612903225806,78.00000000000004,125.0,4.156167692041187e-14,1500,-35.019999999991406,-5.019999999991406,90.0,0.0,267.0,267.0,1.037777,0.00299625468164794,0.00299625468164794,0.0033707865168539327,synchronized_peak_current_voltage_drop,0.920000000009523,0.5000000000000782,28.37311996486042,143.59685934954592,0.5474750003653706,5953,6.0728744939271255,0.9720641395220407,24.119999999999997,-55.46545454545455,10.0,2.042775,7,275,60.0,120.0,116.0,123.0,147.0,132.0,138.0,142.0,59.967156,119.840575,72477.370698,2159,344,537,//qar7000185/GP0_UPLOAD/BOXER/CYLOM\KZ-05-57_GNGP-50\2026-07-10\2022-09-07\can_tapper30-03-03-17-59-23.pcap.gz
25,2026-04-14 20:24:51.504002,can_tapper30,"rgb(247,129,191)",PG3_est,125.0,116.0,116.0,7.199999999999999,90.0,125.0,4.156167692041187e-14,1500,-35.019999999991406,-5.019999999991406,90.0,0.0,267.0,267.0,1.037777,0.0033707865168539327,0.0033707865168539327,0.0033707865168539327,synchronized_peak_current_voltage_drop,0.9400000000095261,0.5000000000000782,22.311464047271706,141.47435058165507,0.6645723382734272,5952,2.5210084033613445,0.640820122603959,24.119999999999997,-55.46545454545455,10.0,2.042775,7,275,60.0,120.0,116.0,123.0,141.0,132.0,137.0,141.0,59.967156,119.840575,72477.370698,2159,344,537,//qar7000185/GP0_UPLOAD/BOXER/CYLOM\KZ-05-57_GNGP-50\2026-07-10\2022-09-07\can_tapper30-03-03-17-59-23.pcap.gz
25,2026-04-14 20:24:51.504002,can_tapper30,"rgb(247,129,191)",PG4,125.0,116.0,116.0,7.199999999999999,90.0,125.0,4.156167692041187e-14,1500,-35.019999999991406,-5.019999999991406,90.0,0.0,267.0,267.0,1.037777,0.0033707865168539327,0.0033707865168539327,0.0033707865168539327,synchronized_peak_current_voltage_drop,0.9400000000095261,0.5000000000000782,22.311464047271706,141.47435058165507,0.6645723382734272,5952,2.5210084033613445,0.640820122603959,24.119999999999997,-55.46545454545455,10.0,2.042775,7,275,60.0,120.0,116.0,123.0,141.0,132.0,137.0,141.0,59.967156,119.840575,72477.370698,2159,344,537,//qar7000185/GP0_UPLOAD/BOXER/CYLOM\KZ-05-57_GNGP-50\2026-07-10\2022-09-07\can_tapper30-03-03-17-59-23.pcap.gz
26,2026-04-14 21:07:45.353215,can_tapper30,"rgb(153,153,153)",PG1_est,127.0,112.0,112.0,11.811023622047244,100.0,127.0,0.8745159442293226,1500,-35.019999999991406,-5.019999999991406,100.0,0.0,392.0,392.0,0.651433,0.003826530612244898,0.003826530612244898,0.003826530612244898,synchronized_peak_current_voltage_drop,0.5400000000094636,0.5000000000000782,1.7887444673306678,138.69453575511955,0.636814129354699,5972,3.937007874015748,1.2990175496900982,21.3,-18.614035087719298,24.0,2.149899,8,285,60.0,120.0,116.0,125.0,144.0,143.0,138.0,138.0,59.946461,119.986648,2573.849213,2160,416,574,//qar7000185/GP0_UPLOAD/BOXER/CYLOM\KZ-05-57_GNGP-50\2026-07-10\2022-09-07\can_tapper30-03-03-18-59-23.pcap.gz
26,2026-04-14 21:07:45.353215,can_tapper30,"rgb(153,153,153)",PG2,127.0,116.0,122.0,8.661417322834646,100.0,128.0,-0.9859204381863964,1500,-35.019999999991406,-5.019999999991406,100.0,0.0,392.0,392.0,0.651433,0.0012755102040816326,0.002806122448979592,0.001530612244897959,synchronized_peak_current_voltage_drop,0.7000000000094886,1.0000000000001563,2.892719705486028,146.5770261016413,0.8677362762737941,5964,5.172413793103448,1.155907481018659,21.3,-18.614035087719298,24.0,2.149899,8,285,60.0,120.0,118.0,124.0,143.0,149.0,147.0,147.0,59.946461,119.986648,2573.849213,2160,416,574,//qar7000185/GP0_UPLOAD/BOXER/CYLOM\KZ-05-57_GNGP-50\2026-07-10\2022-09-07\can_tapper30-03-03-18-59-23.pcap.gz
26,2026-04-14 21:07:45.353215,can_tapper30,"rgb(153,153,153)",PG3_est,128.0,115.0,115.0,10.15625,100.0,128.0,-0.7802581245590333,1500,-35.019999999991406,-5.019999999991406,100.0,0.0,392.0,392.0,0.651433,0.003316326530612245,0.003316326530612245,0.003316326530612245,synchronized_peak_current_voltage_drop,0.5400000000094636,1.0000000000001563,2.565174071178317,144.7199239988538,0.8456398173222225,5972,1.0141987829614605,0.4559676344662739,21.3,-18.614035087719298,24.0,2.149899,8,285,60.0,120.0,115.0,122.0,145.0,147.0,145.0,145.0,59.946461,119.986648,2573.849213,2160,416,574,//qar7000185/GP0_UPLOAD/BOXER/CYLOM\KZ-05-57_GNGP-50\2026-07-10\2022-09-07\can_tapper30-03-03-18-59-23.pcap.gz
26,2026-04-14 21:07:45.353215,can_tapper30,"rgb(153,153,153)",PG4,128.0,115.0,115.0,10.15625,100.0,128.0,-0.7802581245590333,1500,-35.019999999991406,-5.019999999991406,100.0,0.0,392.0,392.0,0.651433,0.003316326530612245,0.003316326530612245,0.003316326530612245,synchronized_peak_current_voltage_drop,0.5400000000094636,1.0000000000001563,2.565174071178317,144.7199239988538,0.8456398173222225,5972,1.0141987829614605,0.4559676344662739,21.3,-18.614035087719298,24.0,2.149899,8,285,60.0,120.0,115.0,122.0,145.0,147.0,145.0,145.0,59.946461,119.986648,2573.849213,2160,416,574,//qar7000185/GP0_UPLOAD/BOXER/CYLOM\KZ-05-57_GNGP-50\2026-07-10\2022-09-07\can_tapper30-03-03-18-59-23.pcap.gz
27,2026-04-15 09:12:36.435127,can_tapper30,"rgb(228,26,28)",PG1_est,116.0,109.0,109.0,6.0344827586206895,40.0,119.0,1.7221429876191376,1500,-35.019999999991406,-5.019999999991406,40.0,52.0,198.0,146.0,1.014297,0.004794520547945205,0.004794520547945205,0.00684931506849315,synchronized_peak_current_voltage_drop,0.9400000000095261,0.10000000000001563,7.565235559061503,135.2605100156139,0.973939231711988,5952,3.111111111111111,1.0352726425444683,14.458333333333332,-53.21799307958477,94.0,2.011155,6,289,60.0,120.0,109.0,117.0,124.0,128.0,134.0,136.0,59.948974,119.961475,43491.081912,2159,430,658,//qar7000185/GP0_UPLOAD/BOXER/CYLOM\KZ-05-57_GNGP-50\2026-05-01\2022-09-06\can_tapper30-03-04-06-59-23.pcap.gz
27,2026-04-15 09:12:36.435127,can_tapper30,"rgb(228,26,28)",PG2,117.0,111.0,113.0,5.128205128205128,40.0,120.0,-2.8815568362469373,1500,-35.019999999991406,-5.019999999991406,46.24999999999997,52.0,198.0,146.0,1.014297,0.0027397260273972603,0.00410958904109589,0.004794520547945205,synchronized_peak_current_voltage_drop,1.0400000000095417,0.26000000000004064,5.948992616750902,135.8607357035499,0.9845018516293274,5947,2.586206896551724,0.7831880902800528,14.458333333333332,-53.21799307958477,94.0,2.011155,6,289,60.0,120.0,113.0,113.0,123.0,131.0,136.0,136.0,59.948974,119.961475,43491.081912,2159,430,658,//qar7000185/GP0_UPLOAD/BOXER/CYLOM\KZ-05-57_GNGP-50\2026-05-01\2022-09-06\can_tapper30-03-04-06-59-23.pcap.gz
27,2026-04-15 09:12:36.435127,can_tapper30,"rgb(228,26,28)",PG3_est,117.0,110.0,114.0,5.982905982905983,40.0,120.0,7.586850985972613e-14,1500,-35.019999999991406,-5.019999999991406,46.24999999999997,52.0,198.0,146.0,1.014297,0.002054794520547945,0.004794520547945205,0.00410958904109589,synchronized_peak_current_voltage_drop,1.1000000000095511,0.24000000000003752,6.708616137836345,135.83269679765962,0.9841968739006276,5944,1.3333333333333333,0.4900461491936452,14.458333333333332,-53.21799307958477,94.0,2.011155,6,289,60.0,120.0,114.0,115.0,123.0,129.0,135.0,136.0,59.948974,119.961475,43491.081912,2159,430,658,//qar7000185/GP0_UPLOAD/BOXER/CYLOM\KZ-05-57_GNGP-50\2026-05-01\2022-09-06\can_tapper30-03-04-06-59-23.pcap.gz
27,2026-04-15 09:12:36.435127,can_tapper30,"rgb(228,26,28)",PG4,117.0,110.0,114.0,5.982905982905983,40.0,120.0,7.586850985972613e-14,1500,-35.019999999991406,-5.019999999991406,46.24999999999997,52.0,198.0,146.0,1.014297,0.002054794520547945,0.004794520547945205,0.00410958904109589,synchronized_peak_current_voltage_drop,1.1000000000095511,0.24000000000003752,6.708616137836345,135.83269679765962,0.9841968739006276,5944,1.3333333333333333,0.4900461491936452,14.458333333333332,-53.21799307958477,94.0,2.011155,6,289,60.0,120.0,114.0,115.0,123.0,129.0,135.0,136.0,59.948974,119.961475,43491.081912,2159,430,658,//qar7000185/GP0_UPLOAD/BOXER/CYLOM\KZ-05-57_GNGP-50\2026-05-01\2022-09-06\can_tapper30-03-04-06-59-23.pcap.gz
28,2026-04-15 09:46:47.334342,can_tapper30,"rgb(55,126,184)",PG1_est,127.0,120.0,127.0,5.511811023622047,100.0,127.0,0.35003571112710524,1500,-35.019999999991406,-5.019999999991406,100.0,12.0,181.0,169.0,0.833651,,0.004142011834319527,,synchronized_peak_current_voltage_drop,0.9400000000095261,0.24000000000003752,12.234338877368176,141.2778386047225,0.765873521728542,5952,4.312114989733059,0.8378256067613989,17.718333333333334,-42.88030888030888,12.0,2.335226,6,259,60.0,120.0,120.0,125.0,139.0,137.0,139.0,142.0,59.963001,119.871381,2050.899215,2158,368,676,//qar7000185/GP0_UPLOAD/BOXER/CYLOM\KZ-05-57_GNGP-50\2026-05-01\2022-09-06\can_tapper30-03-04-06-59-23.pcap.gz
28,2026-04-15 09:46:47.334342,can_tapper30,"rgb(55,126,184)",PG2,126.0,120.0,120.0,4.761904761904762,95.0,126.0,-0.07395558842440582,1500,-35.019999999991406,-5.019999999991406,95.0,12.0,181.0,169.0,0.833651,0.0035502958579881655,0.0035502958579881655,0.0035502958579881655,synchronized_peak_current_voltage_drop,0.8400000000095105,0.020000000000003126,2.27471676670449,145.56791276921544,0.734272444009039,5957,3.490759753593429,0.7010094476030301,17.718333333333334,-42.88030888030888,12.0,2.335226,6,259,60.0,120.0,120.0,125.0,138.0,150.0,147.0,145.0,59.963001,119.871381,2050.899215,2158,368,676,//qar7000185/GP0_UPLOAD/BOXER/CYLOM\KZ-05-57_GNGP-50\2026-05-01\2022-09-06\can_tapper30-03-04-06-59-23.pcap.gz
28,2026-04-15 09:46:47.334342,can_tapper30,"rgb(55,126,184)",PG3_est,127.0,120.0,120.0,5.511811023622047,100.0,127.0,1.1704805202133388,1500,-35.019999999991406,-5.019999999991406,100.0,12.0,181.0,169.0,0.833651,0.004142011834319527,0.004142011834319527,0.004142011834319527,synchronized_peak_current_voltage_drop,0.7800000000095011,0.5000000000000782,3.2620894576029285,141.63583280123524,0.806047113910697,5960,1.4373716632443532,0.4474781104379197,17.718333333333334,-42.88030888030888,12.0,2.335226,6,259,60.0,120.0,120.0,125.0,136.0,141.0,140.0,142.0,59.963001,119.871381,2050.899215,2158,368,676,//qar7000185/GP0_UPLOAD/BOXER/CYLOM\KZ-05-57_GNGP-50\2026-05-01\2022-09-06\can_tapper30-03-04-06-59-23.pcap.gz
28,2026-04-15 09:46:47.334342,can_tapper30,"rgb(55,126,184)",PG4,127.0,120.0,120.0,5.511811023622047,100.0,127.0,1.1704805202133388,1500,-35.019999999991406,-5.019999999991406,100.0,12.0,181.0,169.0,0.833651,0.004142011834319527,0.004142011834319527,0.004142011834319527,synchronized_peak_current_voltage_drop,0.7800000000095011,0.5000000000000782,3.2620894576029285,141.63583280123524,0.806047113910697,5960,1.4373716632443532,0.4474781104379197,17.718333333333334,-42.88030888030888,12.0,2.335226,6,259,60.0,120.0,120.0,125.0,136.0,141.0,140.0,142.0,59.963001,119.871381,2050.899215,2158,368,676,//qar7000185/GP0_UPLOAD/BOXER/CYLOM\KZ-05-57_GNGP-50\2026-05-01\2022-09-06\can_tapper30-03-04-06-59-23.pcap.gz
29,2026-04-15 10:06:54.113817,can_tapper30,"rgb(77,175,74)",PG1_est,127.0,117.0,128.0,7.874015748031496,100.0,127.0,1.5500006888890048,1500,-35.019999999991406,-5.019999999991406,100.0,0.0,234.0,234.0,0.550879,,0.004273504273504274,,synchronized_peak_current_voltage_drop,1.0600000000095449,0.04000000000000625,6.708616137836345,142.05063586333384,0.8409952795720259,5946,5.785123966942149,1.0391339463748104,19.55,-25.517543859649123,17.0,2.54667,6,228,60.0,120.0,120.0,124.0,133.0,138.0,140.0,143.0,59.859187,119.981718,1206.779475,2159,324,813,//qar7000185/GP0_UPLOAD/BOXER/CYLOM\KZ-05-57_GNGP-50\2026-05-01\2022-09-06\can_tapper30-03-04-07-59-23.pcap.gz
29,2026-04-15 10:06:54.113817,can_tapper30,"rgb(77,175,74)",PG2,126.0,118.0,118.0,6.349206349206349,95.0,126.0,-1.5500006888883033,1500,-35.019999999991406,-5.019999999991406,95.0,0.0,234.0,234.0,0.550879,0.003418803418803419,0.003418803418803419,0.003418803418803419,synchronized_peak_current_voltage_drop,0.5600000000094667,0.5000000000000782,2.565174071178317,144.38418140479342,0.7564957103448066,5971,4.132231404958677,0.7557894238073014,19.55,-25.517543859649123,17.0,2.54667,6,228,60.0,120.0,118.0,125.0,135.0,149.0,146.0,143.0,59.859187,119.981718,1206.779475,2159,324,813,//qar7000185/GP0_UPLOAD/BOXER/CYLOM\KZ-05-57_GNGP-50\2026-05-01\2022-09-06\can_tapper30-03-04-07-59-23.pcap.gz
29,2026-04-15 10:06:54.113817,can_tapper30,"rgb(77,175,74)",PG3_est,126.0,119.0,119.0,5.555555555555555,95.0,127.0,0.23111121382713554,1500,-35.019999999991406,-5.019999999991406,100.0,0.0,234.0,234.0,0.550879,0.0029914529914529912,0.0029914529914529912,0.003418803418803419,synchronized_peak_current_voltage_drop,0.5400000000094636,0.5000000000000782,3.2620894576029285,144.54331535714311,0.9301725785337486,5972,1.6528925619834711,0.40364193008554833,19.55,-25.517543859649123,17.0,2.54667,6,228,60.0,120.0,119.0,123.0,135.0,145.0,144.0,145.0,59.859187,119.981718,1206.779475,2159,324,813,//qar7000185/GP0_UPLOAD/BOXER/CYLOM\KZ-05-57_GNGP-50\2026-05-01\2022-09-06\can_tapper30-03-04-07-59-23.pcap.gz
29,2026-04-15 10:06:54.113817,can_tapper30,"rgb(77,175,74)",PG4,126.0,119.0,119.0,5.555555555555555,95.0,127.0,0.23111121382713554,1500,-35.019999999991406,-5.019999999991406,100.0,0.0,234.0,234.0,0.550879,0.0029914529914529912,0.0029914529914529912,0.003418803418803419,synchronized_peak_current_voltage_drop,0.5400000000094636,0.5000000000000782,3.2620894576029285,144.54331535714311,0.9301725785337486,5972,1.6528925619834711,0.40364193008554833,19.55,-25.517543859649123,17.0,2.54667,6,228,60.0,120.0,119.0,123.0,135.0,145.0,144.0,145.0,59.859187,119.981718,1206.779475,2159,324,813,//qar7000185/GP0_UPLOAD/BOXER/CYLOM\KZ-05-57_GNGP-50\2026-05-01\2022-09-06\can_tapper30-03-04-07-59-23.pcap.gz
30,2026-04-15 13:07:33.067301,can_tapper30,"rgb(152,78,163)",PG1_est,125.0,120.0,124.0,4.0,90.0,126.0,-4.147148509842983,1500,-35.019999999991406,-5.019999999991406,95.0,0.0,138.0,138.0,0.998749,0.0007246376811594203,0.0036231884057971015,0.0014492753623188406,synchronized_peak_current_voltage_drop,0.7800000000095011,0.020000000000003126,5.948992616750902,139.55007711284583,0.9208415294593165,5960,2.691511387163561,0.878779156512273,23.428571428571427,-44.43514644351465,9.0,2.398218,8,239,60.0,120.0,124.0,122.0,129.0,135.0,139.0,138.0,59.971006,119.960474,10838.953484,2160,352,561,//qar7000185/GP0_UPLOAD/BOXER/CYLOM\KZ-05-57_GNGP-50\2026-05-01\2022-09-06\can_tapper30-03-04-10-59-23.pcap.gz
30,2026-04-15 13:07:33.067301,can_tapper30,"rgb(152,78,163)",PG2,125.0,119.0,119.0,4.8,90.0,125.0,4.156167692041187e-14,1500,-35.019999999991406,-5.019999999991406,90.0,0.0,138.0,138.0,0.998749,0.004347826086956522,0.004347826086956522,0.004347826086956522,synchronized_peak_current_voltage_drop,0.9600000000095292,0.020000000000003126,4.67804510221319,145.26089958910748,0.724390110366407,5951,2.05761316872428,0.7861974245287046,23.428571428571427,-44.43514644351465,9.0,2.398218,8,239,60.0,120.0,119.0,124.0,132.0,140.0,145.0,140.0,59.971006,119.960474,10838.953484,2160,352,561,//qar7000185/GP0_UPLOAD/BOXER/CYLOM\KZ-05-57_GNGP-50\2026-05-01\2022-09-06\can_tapper30-03-04-10-59-23.pcap.gz
30,2026-04-15 13:07:33.067301,can_tapper30,"rgb(152,78,163)",PG3_est,125.0,120.0,120.0,4.0,90.0,125.0,-2.7203389868166665,1500,-35.019999999991406,-5.019999999991406,90.0,0.0,138.0,138.0,0.998749,0.0036231884057971015,0.0036231884057971015,0.0036231884057971015,synchronized_peak_current_voltage_drop,0.9400000000095261,0.020000000000003126,5.275382050040925,141.5244108880963,0.9171402042546813,5952,0.6211180124223602,0.23912225058768224,23.428571428571427,-44.43514644351465,9.0,2.398218,8,239,60.0,120.0,120.0,124.0,131.0,137.0,142.0,139.0,59.971006,119.960474,10838.953484,2160,352,561,//qar7000185/GP0_UPLOAD/BOXER/CYLOM\KZ-05-57_GNGP-50\2026-05-01\2022-09-06\can_tapper30-03-04-10-59-23.pcap.gz
30,2026-04-15 13:07:33.067301,can_tapper30,"rgb(152,78,163)",PG4,125.0,120.0,120.0,4.0,90.0,125.0,-2.7203389868166665,1500,-35.019999999991406,-5.019999999991406,90.0,0.0,138.0,138.0,0.998749,0.0036231884057971015,0.0036231884057971015,0.0036231884057971015,synchronized_peak_current_voltage_drop,0.9400000000095261,0.020000000000003126,5.275382050040925,141.5244108880963,0.9171402042546813,5952,0.6211180124223602,0.23912225058768224,23.428571428571427,-44.43514644351465,9.0,2.398218,8,239,60.0,120.0,120.0,124.0,131.0,137.0,142.0,139.0,59.971006,119.960474,10838.953484,2160,352,561,//qar7000185/GP0_UPLOAD/BOXER/CYLOM\KZ-05-57_GNGP-50\2026-05-01\2022-09-06\can_tapper30-03-04-10-59-23.pcap.gz
31,2026-04-15 13:39:29.042418,can_tapper30,"rgb(255,127,0)",PG1_est,127.0,122.0,126.0,3.937007874015748,100.0,128.0,-3.0383213503643773,1500,-35.019999999991406,-5.019999999991406,100.0,7.0,128.0,121.0,1.009475,0.0008264462809917356,0.004132231404958678,0.0016528925619834713,synchronized_peak_current_voltage_drop,0.8400000000095105,0.020000000000003126,28.37311996486042,145.9653770713363,0.6846120716623196,5957,3.067484662576687,0.6421084077905295,24.35,-9.581589958158995,34.0,2.013626,7,239,60.0,120.0,126.0,120.0,141.0,138.0,141.0,145.0,59.976899,119.937744,1915.975117,2159,372,554,//qar7000185/GP0_UPLOAD/BOXER/CYLOM\KZ-05-57_GNGP-50\2026-05-01\2022-09-06\can_tapper30-03-04-10-59-23.pcap.gz
31,2026-04-15 13:39:29.042418,can_tapper30,"rgb(255,127,0)",PG2,127.0,121.0,121.0,4.724409448818897,100.0,127.0,-0.5786669238517298,1500,-35.019999999991406,-5.019999999991406,100.0,7.0,128.0,121.0,1.009475,0.004958677685950413,0.004958677685950413,0.004958677685950413,synchronized_peak_current_voltage_drop,1.0000000000095355,0.020000000000003126,2.0171482422437275,142.27398273411364,0.5050614784430263,5949,2.2494887525562373,0.46663324834434633,24.35,-9.581589958158995,34.0,2.013626,7,239,60.0,120.0,121.0,126.0,143.0,146.0,144.0,141.0,59.976899,119.937744,1915.975117,2159,372,554,//qar7000185/GP0_UPLOAD/BOXER/CYLOM\KZ-05-57_GNGP-50\2026-05-01\2022-09-06\can_tapper30-03-04-10-59-23.pcap.gz
31,2026-04-15 13:39:29.042418,can_tapper30,"rgb(255,127,0)",PG3_est,127.0,121.0,121.0,4.724409448818897,100.0,128.0,-4.280526346900012,1500,-35.019999999991406,-5.019999999991406,100.0,7.0,128.0,121.0,1.009475,0.004958677685950413,0.004958677685950413,0.005785123966942148,synchronized_peak_current_voltage_drop,0.920000000009523,0.020000000000003126,2.565174071178317,145.35366114146862,0.8234355162908871,5953,1.2048192771084338,0.2975785226841301,24.35,-9.581589958158995,34.0,2.013626,7,239,60.0,120.0,121.0,126.0,144.0,145.0,145.0,146.0,59.976899,119.937744,1915.975117,2159,372,554,//qar7000185/GP0_UPLOAD/BOXER/CYLOM\KZ-05-57_GNGP-50\2026-05-01\2022-09-06\can_tapper30-03-04-10-59-23.pcap.gz
31,2026-04-15 13:39:29.042418,can_tapper30,"rgb(255,127,0)",PG4,127.0,121.0,121.0,4.724409448818897,100.0,128.0,-4.280526346900012,1500,-35.019999999991406,-5.019999999991406,100.0,7.0,128.0,121.0,1.009475,0.004958677685950413,0.004958677685950413,0.005785123966942148,synchronized_peak_current_voltage_drop,0.920000000009523,0.020000000000003126,2.565174071178317,145.35366114146862,0.8234355162908871,5953,1.2048192771084338,0.2975785226841301,24.35,-9.581589958158995,34.0,2.013626,7,239,60.0,120.0,121.0,126.0,144.0,145.0,145.0,146.0,59.976899,119.937744,1915.975117,2159,372,554,//qar7000185/GP0_UPLOAD/BOXER/CYLOM\KZ-05-57_GNGP-50\2026-05-01\2022-09-06\can_tapper30-03-04-10-59-23.pcap.gz
32,2026-04-15 18:56:09.165879,can_tapper30,"rgb(255,255,51)",PG1_est,124.0,114.0,114.0,8.064516129032258,78.00000000000004,125.0,-9.606039824904935,1500,-35.019999999991406,-5.019999999991406,90.0,0.0,167.0,167.0,0.799799,0.005988023952095809,0.005988023952095809,0.00658682634730539,synchronized_peak_current_voltage_drop,0.7000000000094886,0.18000000000002814,15.558206486264643,136.97311141077066,0.8226962819796375,5964,4.40251572327044,0.8182453258720684,28.1,-54.99586776859504,32.0,2.308402,6,242,60.0,120.0,118.0,121.0,128.0,131.0,135.0,135.0,59.934998,119.981192,19000.123461,2159,331,499,//qar7000185/GP0_UPLOAD/BOXER/CYLOM\KZ-05-57_GNGP-50\2026-05-01\2022-09-06\can_tapper30-03-04-15-59-23.pcap.gz
32,2026-04-15 18:56:09.165879,can_tapper30,"rgb(255,255,51)",PG2,124.0,117.0,121.0,5.64516129032258,78.00000000000004,124.0,-6.683336303703786,1500,-35.019999999991406,-5.019999999991406,78.00000000000004,0.0,167.0,167.0,0.799799,0.0017964071856287425,0.004191616766467066,0.0017964071856287425,synchronized_peak_current_voltage_drop,0.8800000000095167,0.24000000000003752,25.160402341872658,138.66524125603658,0.8117178329676151,5955,3.1982942430703623,0.522581997415899,28.1,-54.99586776859504,32.0,2.308402,6,242,60.0,120.0,117.0,121.0,129.0,131.0,136.0,136.0,59.934998,119.981192,19000.123461,2159,331,499,//qar7000185/GP0_UPLOAD/BOXER/CYLOM\KZ-05-57_GNGP-50\2026-05-01\2022-09-06\can_tapper30-03-04-15-59-23.pcap.gz
32,2026-04-15 18:56:09.165879,can_tapper30,"rgb(255,255,51)",PG3_est,124.0,117.0,117.0,5.64516129032258,78.00000000000004,124.0,-7.175398744620573,1500,-35.019999999991406,-5.019999999991406,78.00000000000004,0.0,167.0,167.0,0.799799,0.004191616766467066,0.004191616766467066,0.004191616766467066,synchronized_peak_current_voltage_drop,0.7800000000095011,0.5000000000000782,17.544825121425337,137.82223979367805,0.8173614229946392,5960,1.4675052410901468,0.2809108324450931,28.1,-54.99586776859504,32.0,2.308402,6,242,60.0,120.0,117.0,121.0,129.0,131.0,136.0,136.0,59.934998,119.981192,19000.123461,2159,331,499,//qar7000185/GP0_UPLOAD/BOXER/CYLOM\KZ-05-57_GNGP-50\2026-05-01\2022-09-06\can_tapper30-03-04-15-59-23.pcap.gz
32,2026-04-15 18:56:09.165879,can_tapper30,"rgb(255,255,51)",PG4,124.0,117.0,117.0,5.64516129032258,78.00000000000004,124.0,-7.175398744620573,1500,-35.019999999991406,-5.019999999991406,78.00000000000004,0.0,167.0,167.0,0.799799,0.004191616766467066,0.004191616766467066,0.004191616766467066,synchronized_peak_current_voltage_drop,0.7800000000095011,0.5000000000000782,17.544825121425337,137.82223979367805,0.8173614229946392,5960,1.4675052410901468,0.2809108324450931,28.1,-54.99586776859504,32.0,2.308402,6,242,60.0,120.0,117.0,121.0,129.0,131.0,136.0,136.0,59.934998,119.981192,19000.123461,2159,331,499,//qar7000185/GP0_UPLOAD/BOXER/CYLOM\KZ-05-57_GNGP-50\2026-05-01\2022-09-06\can_tapper30-03-04-15-59-23.pcap.gz
33,2026-04-15 20:27:03.419379,can_tapper30,"rgb(166,86,40)",PG1_est,124.0,114.0,121.0,8.064516129032258,78.00000000000004,125.0,-8.077523590009228,1500,-35.019999999991406,-5.019999999991406,90.0,4.0,171.0,167.0,0.741719,0.0017964071856287425,0.005988023952095809,0.0023952095808383233,synchronized_peak_current_voltage_drop,0.7800000000095011,0.06000000000000938,19.78511397269046,139.35646089135972,0.8280834373093107,5960,3.673469387755102,0.8360217676335929,25.475,-50.28888888888889,33.0,2.242976,7,225,60.0,120.0,118.0,123.0,129.0,132.0,136.0,139.0,59.861024,119.957101,5454.2535,2158,318,722,//qar7000185/GP0_UPLOAD/BOXER/CYLOM\KZ-05-57_GNGP-50\2026-05-01\2022-09-06\can_tapper30-03-04-17-59-23.pcap.gz
33,2026-04-15 20:27:03.419379,can_tapper30,"rgb(166,86,40)",PG2,124.0,117.0,121.0,5.64516129032258,78.00000000000004,124.0,-3.4172370743268816,1500,-35.019999999991406,-5.019999999991406,78.00000000000004,4.0,171.0,167.0,0.741719,0.0017964071856287425,0.004191616766467066,0.0017964071856287425,synchronized_peak_current_voltage_drop,0.8400000000095105,0.5000000000000782,45.88440927560299,148.9462647178463,0.8261333916248631,5957,3.1982942430703623,0.6791076480704519,25.475,-50.28888888888889,33.0,2.242976,7,225,60.0,120.0,117.0,120.0,129.0,132.0,137.0,147.0,59.861024,119.957101,5454.2535,2158,318,722,//qar7000185/GP0_UPLOAD/BOXER/CYLOM\KZ-05-57_GNGP-50\2026-05-01\2022-09-06\can_tapper30-03-04-17-59-23.pcap.gz
33,2026-04-15 20:27:03.419379,can_tapper30,"rgb(166,86,40)",PG3_est,124.0,117.0,117.0,5.64516129032258,78.00000000000004,124.0,-3.50100600044639,1500,-35.019999999991406,-5.019999999991406,78.00000000000004,4.0,171.0,167.0,0.741719,0.004191616766467066,0.004191616766467066,0.004191616766467066,synchronized_peak_current_voltage_drop,0.6400000000094792,0.5000000000000782,25.160402341872658,141.17077466356096,0.8288878607072563,5967,1.680672268907563,0.36553049347896777,25.475,-50.28888888888889,33.0,2.242976,7,225,60.0,120.0,117.0,121.0,129.0,132.0,137.0,141.0,59.861024,119.957101,5454.2535,2158,318,722,//qar7000185/GP0_UPLOAD/BOXER/CYLOM\KZ-05-57_GNGP-50\2026-05-01\2022-09-06\can_tapper30-03-04-17-59-23.pcap.gz
33,2026-04-15 20:27:03.419379,can_tapper30,"rgb(166,86,40)",PG4,124.0,117.0,117.0,5.64516129032258,78.00000000000004,124.0,-3.50100600044639,1500,-35.019999999991406,-5.019999999991406,78.00000000000004,4.0,171.0,167.0,0.741719,0.004191616766467066,0.004191616766467066,0.004191616766467066,synchronized_peak_current_voltage_drop,0.6400000000094792,0.5000000000000782,25.160402341872658,141.17077466356096,0.8288878607072563,5967,1.680672268907563,0.36553049347896777,25.475,-50.28888888888889,33.0,2.242976,7,225,60.0,120.0,117.0,121.0,129.0,132.0,137.0,141.0,59.861024,119.957101,5454.2535,2158,318,722,//qar7000185/GP0_UPLOAD/BOXER/CYLOM\KZ-05-57_GNGP-50\2026-05-01\2022-09-06\can_tapper30-03-04-17-59-23.pcap.gz
34,2026-04-22 14:39:51.829379,can_tapper30,"rgb(247,129,191)",PG1_est,123.0,104.0,116.0,15.447154471544716,68.33333333333339,124.0,-1.3314761473228451,1500,-35.019999999991406,-5.019999999991406,78.00000000000004,18.0,443.0,425.0,0.42207,0.0016470588235294116,0.004470588235294118,0.0018823529411764706,synchronized_peak_current_voltage_drop,0.7200000000094917,0.8400000000001313,2.892719705486028,142.5389215016788,0.8274815990791952,5963,8.771929824561404,2.1817680290259194,11.0,-45.48874598070739,25.0,2.019542,4,311,60.0,120.0,108.0,113.0,113.0,143.0,141.0,143.0,59.934475,119.975127,583968.41,2160,458,529,//qar7000185/GP0_UPLOAD/BOXER/CYLOM\KZ-05-57_GNGP-50\2026-07-10\2022-09-07\can_tapper30-03-03-13-59-23.pcap.gz
34,2026-04-22 14:39:51.829379,can_tapper30,"rgb(247,129,191)",PG2,124.0,106.0,115.0,14.516129032258066,78.00000000000004,125.0,-7.544225575209892,1500,-35.019999999991406,-5.019999999991406,90.0,18.0,443.0,425.0,0.42207,0.0021176470588235297,0.004235294117647059,0.002352941176470588,synchronized_peak_current_voltage_drop,0.4800000000094542,1.5000000000002345,3.2620894576029285,143.6393320583361,0.9030983495520076,5975,10.359408033826638,2.548349223568731,11.0,-45.48874598070739,25.0,2.019542,4,311,60.0,120.0,114.0,121.0,131.0,142.0,145.0,143.0,59.934475,119.975127,583968.41,2160,458,529,//qar7000185/GP0_UPLOAD/BOXER/CYLOM\KZ-05-57_GNGP-50\2026-07-10\2022-09-07\can_tapper30-03-03-13-59-23.pcap.gz
34,2026-04-22 14:39:51.829379,can_tapper30,"rgb(247,129,191)",PG3_est,124.0,114.0,121.0,8.064516129032258,78.00000000000004,125.0,-5.034260015225694,1500,-35.019999999991406,-5.019999999991406,90.0,18.0,443.0,425.0,0.42207,0.0007058823529411764,0.002352941176470588,0.0009411764705882353,synchronized_peak_current_voltage_drop,0.9800000000095324,0.7600000000001188,3.2620894576029285,143.37780748453864,0.8796875941885995,5950,6.140350877192983,1.6987841426199393,11.0,-45.48874598070739,25.0,2.019542,4,311,60.0,120.0,114.0,122.0,139.0,143.0,144.0,143.0,59.934475,119.975127,583968.41,2160,458,529,//qar7000185/GP0_UPLOAD/BOXER/CYLOM\KZ-05-57_GNGP-50\2026-07-10\2022-09-07\can_tapper30-03-03-13-59-23.pcap.gz
34,2026-04-22 14:39:51.829379,can_tapper30,"rgb(247,129,191)",PG4,124.0,114.0,121.0,8.064516129032258,78.00000000000004,125.0,-5.034260015225694,1500,-35.019999999991406,-5.019999999991406,90.0,18.0,443.0,425.0,0.42207,0.0007058823529411764,0.002352941176470588,0.0009411764705882353,synchronized_peak_current_voltage_drop,0.9800000000095324,0.7600000000001188,3.2620894576029285,143.37780748453864,0.8796875941885995,5950,6.140350877192983,1.6987841426199393,11.0,-45.48874598070739,25.0,2.019542,4,311,60.0,120.0,114.0,122.0,139.0,143.0,144.0,143.0,59.934475,119.975127,583968.41,2160,458,529,//qar7000185/GP0_UPLOAD/BOXER/CYLOM\KZ-05-57_GNGP-50\2026-07-10\2022-09-07\can_tapper30-03-03-13-59-23.pcap.gz
35,2026-04-22 15:37:50.173665,can_tapper30,"rgb(153,153,153)",PG1_est,123.0,108.0,116.0,12.195121951219512,68.33333333333339,124.0,-0.7767825674585523,1500,-35.019999999991406,-5.019999999991406,78.00000000000004,0.0,476.0,476.0,0.526933,0.0014705882352941176,0.0031512605042016808,0.0016806722689075631,synchronized_peak_current_voltage_drop,0.6200000000094761,0.5000000000000782,2.0171482422437275,145.2252265333563,0.7723150176123648,5968,5.2631578947368425,1.5373474168955261,11.841666666666665,-46.849624060150376,21.0,2.030029,7,266,60.0,120.0,112.0,120.0,145.0,149.0,147.0,144.0,59.781999,119.824075,3478.344286,2157,352,563,//qar7000185/GP0_UPLOAD/BOXER/CYLOM\KZ-05-57_GNGP-50\2026-07-10\2022-09-07\can_tapper30-03-03-14-59-23.pcap.gz
35,2026-04-22 15:37:50.173665,can_tapper30,"rgb(153,153,153)",PG2,124.0,106.0,115.0,14.516129032258066,78.00000000000004,125.0,-5.35823349254765,1500,-35.019999999991406,-5.019999999991406,90.0,0.0,476.0,476.0,0.526933,0.0018907563025210084,0.003781512605042017,0.0021008403361344537,synchronized_peak_current_voltage_drop,0.6200000000094761,1.0000000000001563,2.27471676670449,140.92955818565017,0.8001027025266585,5968,7.017543859649122,1.7992889443551143,11.841666666666665,-46.849624060150376,21.0,2.030029,7,266,60.0,120.0,111.0,121.0,142.0,139.0,139.0,142.0,59.781999,119.824075,3478.344286,2157,352,563,//qar7000185/GP0_UPLOAD/BOXER/CYLOM\KZ-05-57_GNGP-50\2026-07-10\2022-09-07\can_tapper30-03-03-14-59-23.pcap.gz
35,2026-04-22 15:37:50.173665,can_tapper30,"rgb(153,153,153)",PG3_est,124.0,115.0,121.0,7.258064516129033,78.00000000000004,125.0,-4.0954595979813675,1500,-35.019999999991406,-5.019999999991406,90.0,0.0,476.0,476.0,0.526933,0.0006302521008403361,0.0018907563025210084,0.0008403361344537816,synchronized_peak_current_voltage_drop,0.8800000000095167,1.0200000000001594,2.27471676670449,143.95143623499405,0.8324906505253358,5955,6.140350877192983,1.5312215473738677,11.841666666666665,-46.849624060150376,21.0,2.030029,7,266,60.0,120.0,115.0,120.0,144.0,145.0,145.0,144.0,59.781999,119.824075,3478.344286,2157,352,563,//qar7000185/GP0_UPLOAD/BOXER/CYLOM\KZ-05-57_GNGP-50\2026-07-10\2022-09-07\can_tapper30-03-03-14-59-23.pcap.gz
35,2026-04-22 15:37:50.173665,can_tapper30,"rgb(153,153,153)",PG4,124.0,115.0,121.0,7.258064516129033,78.00000000000004,125.0,-4.0954595979813675,1500,-35.019999999991406,-5.019999999991406,90.0,0.0,476.0,476.0,0.526933,0.0006302521008403361,0.0018907563025210084,0.0008403361344537816,synchronized_peak_current_voltage_drop,0.8800000000095167,1.0200000000001594,2.27471676670449,143.95143623499405,0.8324906505253358,5955,6.140350877192983,1.5312215473738677,11.841666666666665,-46.849624060150376,21.0,2.030029,7,266,60.0,120.0,115.0,120.0,144.0,145.0,145.0,144.0,59.781999,119.824075,3478.344286,2157,352,563,//qar7000185/GP0_UPLOAD/BOXER/CYLOM\KZ-05-57_GNGP-50\2026-07-10\2022-09-07\can_tapper30-03-03-14-59-23.pcap.gz
36,2026-05-06 09:27:42.121176,can_tapper30,"rgb(228,26,28)",PG1_est,123.0,107.0,110.0,13.008130081300814,68.33333333333339,123.0,-2.8523657121618853,1500,-35.019999999991406,-5.019999999991406,68.33333333333339,21.0,318.0,297.0,1.25638,0.004377104377104377,0.0053872053872053875,0.004377104377104377,synchronized_peak_current_voltage_drop,0.8400000000095105,0.5000000000000782,2.27471676670449,140.49935258046847,0.10732008016025352,5957,9.090909090909092,2.078091964607525,9.0,-11.013029315960912,424.0,2.352864,4,307,60.0,120.0,113.0,122.0,131.0,145.0,148.0,148.0,59.812305,119.810789,1187391.947511,2157,441,496,//qar7000185/GP0_UPLOAD/BOXER/CYLOM\KZ-05-57_GNGP-50\2026-07-10\2022-09-07\can_tapper30-03-03-08-59-38.pcap.gz
36,2026-05-06 09:27:42.121176,can_tapper30,"rgb(228,26,28)",PG2,124.0,112.0,115.0,9.67741935483871,78.00000000000004,123.0,-3.1145791620344987,1500,-35.019999999991406,-5.019999999991406,68.33333333333339,21.0,318.0,297.0,1.25638,0.0030303030303030303,0.00404040404040404,0.0026936026936026937,synchronized_peak_current_voltage_drop,0.9000000000095199,0.7400000000001157,1.7887444673306678,133.99027967936271,0.15744443104093198,5954,4.656319290465632,0.5530937732060801,9.0,-11.013029315960912,424.0,2.352864,4,307,60.0,120.0,112.0,121.0,131.0,137.0,138.0,136.0,59.812305,119.810789,1187391.947511,2157,441,496,//qar7000185/GP0_UPLOAD/BOXER/CYLOM\KZ-05-57_GNGP-50\2026-07-10\2022-09-07\can_tapper30-03-03-08-59-38.pcap.gz
36,2026-05-06 09:27:42.121176,can_tapper30,"rgb(228,26,28)",PG3_est,124.0,113.0,117.0,8.870967741935484,78.00000000000004,124.0,-3.433574859365841,1500,-35.019999999991406,-5.019999999991406,78.00000000000004,21.0,318.0,297.0,1.25638,0.0023569023569023568,0.003703703703703704,0.0023569023569023568,synchronized_peak_current_voltage_drop,0.6400000000094792,1.0000000000001563,2.27471676670449,138.407755024792,0.12414414895030101,5967,4.439746300211416,0.8641990217908923,9.0,-11.013029315960912,424.0,2.352864,4,307,60.0,120.0,113.0,121.0,139.0,142.0,145.0,145.0,59.812305,119.810789,1187391.947511,2157,441,496,//qar7000185/GP0_UPLOAD/BOXER/CYLOM\KZ-05-57_GNGP-50\2026-07-10\2022-09-07\can_tapper30-03-03-08-59-38.pcap.gz
36,2026-05-06 09:27:42.121176,can_tapper30,"rgb(228,26,28)",PG4,124.0,113.0,117.0,8.870967741935484,78.00000000000004,124.0,-3.433574859365841,1500,-35.019999999991406,-5.019999999991406,78.00000000000004,21.0,318.0,297.0,1.25638,0.0023569023569023568,0.003703703703703704,0.0023569023569023568,synchronized_peak_current_voltage_drop,0.6400000000094792,1.0000000000001563,2.27471676670449,138.407755024792,0.12414414895030101,5967,4.439746300211416,0.8641990217908923,9.0,-11.013029315960912,424.0,2.352864,4,307,60.0,120.0,113.0,121.0,139.0,142.0,145.0,145.0,59.812305,119.810789,1187391.947511,2157,441,496,//qar7000185/GP0_UPLOAD/BOXER/CYLOM\KZ-05-57_GNGP-50\2026-07-10\2022-09-07\can_tapper30-03-03-08-59-38.pcap.gz
37,2026-05-06 09:28:34.541937,can_tapper30,"rgb(55,126,184)",PG1_est,126.0,108.0,116.0,14.285714285714285,95.0,147.0,-103.90201062309927,1500,-35.019999999991406,-5.019999999991406,100.0,21.0,424.0,403.0,1.055052,0.0024813895781637717,0.004466501240694789,0.007692307692307693,synchronized_peak_current_voltage_drop,0.7000000000094886,0.7400000000001157,119.99999999999996,116.7764066153219,0.2630427278418198,5964,7.317073170731708,1.1908303384294667,11.0,8.88659793814433,497.0,2.054734,5,291,60.0,120.0,116.0,123.0,146.0,150.0,148.0,129.0,59.967241,119.918999,52.420761,2160,451,571,//qar7000185/GP0_UPLOAD/BOXER/CYLOM\KZ-05-57_GNGP-50\2026-07-10\2022-09-07\can_tapper30-03-03-08-59-38.pcap.gz
37,2026-05-06 09:28:34.541937,can_tapper30,"rgb(55,126,184)",PG2,126.0,113.0,115.0,10.317460317460316,95.0,137.0,-49.0514529117487,1500,-35.019999999991406,-5.019999999991406,100.0,21.0,424.0,403.0,1.055052,0.0027295285359801493,0.0032258064516129032,0.005459057071960299,synchronized_peak_current_voltage_drop,0.7400000000094948,0.7600000000001188,119.99999999999996,120.86307621103597,0.2122939469789531,5962,7.6923076923076925,1.1180387245458718,11.0,8.88659793814433,497.0,2.054734,5,291,60.0,120.0,115.0,122.0,142.0,137.0,137.0,130.0,59.967241,119.918999,52.420761,2160,451,571,//qar7000185/GP0_UPLOAD/BOXER/CYLOM\KZ-05-57_GNGP-50\2026-07-10\2022-09-07\can_tapper30-03-03-08-59-38.pcap.gz
37,2026-05-06 09:28:34.541937,can_tapper30,"rgb(55,126,184)",PG3_est,126.0,114.0,116.0,9.523809523809524,95.0,144.0,-83.42154818734139,1500,-35.019999999991406,-5.019999999991406,100.0,21.0,424.0,403.0,1.055052,0.0024813895781637717,0.002977667493796526,0.00694789081885856,synchronized_peak_current_voltage_drop,0.4800000000094542,1.5000000000002345,119.99999999999996,119.01035218715775,0.2284124052189016,5975,2.5641025641025643,0.7908222484277289,11.0,8.88659793814433,497.0,2.054734,5,291,60.0,120.0,116.0,121.0,145.0,145.0,145.0,129.0,59.967241,119.918999,52.420761,2160,451,571,//qar7000185/GP0_UPLOAD/BOXER/CYLOM\KZ-05-57_GNGP-50\2026-07-10\2022-09-07\can_tapper30-03-03-08-59-38.pcap.gz
37,2026-05-06 09:28:34.541937,can_tapper30,"rgb(55,126,184)",PG4,126.0,114.0,116.0,9.523809523809524,95.0,144.0,-83.42154818734139,1500,-35.019999999991406,-5.019999999991406,100.0,21.0,424.0,403.0,1.055052,0.0024813895781637717,0.002977667493796526,0.00694789081885856,synchronized_peak_current_voltage_drop,0.4800000000094542,1.5000000000002345,119.99999999999996,119.01035218715775,0.2284124052189016,5975,2.5641025641025643,0.7908222484277289,11.0,8.88659793814433,497.0,2.054734,5,291,60.0,120.0,116.0,121.0,145.0,145.0,145.0,129.0,59.967241,119.918999,52.420761,2160,451,571,//qar7000185/GP0_UPLOAD/BOXER/CYLOM\KZ-05-57_GNGP-50\2026-07-10\2022-09-07\can_tapper30-03-03-08-59-38.pcap.gz
38,2026-05-06 09:29:42.877294,can_tapper30,"rgb(77,175,74)",PG1_est,128.0,109.0,116.0,14.84375,100.0,146.0,-87.9328479701409,1500,-35.019999999991406,-5.019999999991406,100.0,0.0,365.0,365.0,1.063371,0.003287671232876712,0.0052054794520547945,0.00821917808219178,synchronized_peak_current_voltage_drop,0.6400000000094792,0.5000000000000782,28.37311996486042,122.63047245003943,0.455711875369214,5967,8.403361344537815,1.4838496414636575,8.966666666666665,23.96652719665272,497.0,2.161796,3,239,60.0,120.0,116.0,122.0,146.0,149.0,128.0,125.0,59.966698,119.840026,68.335357,2159,395,467,//qar7000185/GP0_UPLOAD/BOXER/CYLOM\KZ-05-57_GNGP-50\2026-07-10\2022-09-07\can_tapper30-03-03-08-59-38.pcap.gz
38,2026-05-06 09:29:42.877294,can_tapper30,"rgb(77,175,74)",PG2,129.0,116.0,116.0,10.077519379844961,100.0,138.0,-39.18567074918067,1500,-35.019999999991406,-5.019999999991406,100.0,0.0,365.0,365.0,1.063371,0.0035616438356164386,0.0035616438356164386,0.006027397260273973,synchronized_peak_current_voltage_drop,0.7000000000094886,1.5000000000002345,25.160402341872658,123.7373317454528,0.3649138920243743,5964,3.361344537815126,0.7937060180509135,8.966666666666665,23.96652719665272,497.0,2.161796,3,239,60.0,120.0,116.0,121.0,142.0,135.0,129.0,124.0,59.966698,119.840026,68.335357,2159,395,467,//qar7000185/GP0_UPLOAD/BOXER/CYLOM\KZ-05-57_GNGP-50\2026-07-10\2022-09-07\can_tapper30-03-03-08-59-38.pcap.gz
38,2026-05-06 09:29:42.877294,can_tapper30,"rgb(77,175,74)",PG3_est,129.0,114.0,117.0,11.627906976744185,100.0,145.0,-74.76093100484663,1500,-35.019999999991406,-5.019999999991406,100.0,0.0,365.0,365.0,1.063371,0.003287671232876712,0.00410958904109589,0.007671232876712329,synchronized_peak_current_voltage_drop,0.7000000000094886,1.2400000000001938,28.37311996486042,123.03264171606912,0.4318686720784749,5964,2.594810379241517,0.6605918052625296,8.966666666666665,23.96652719665272,497.0,2.161796,3,239,60.0,120.0,117.0,123.0,145.0,144.0,129.0,125.0,59.966698,119.840026,68.335357,2159,395,467,//qar7000185/GP0_UPLOAD/BOXER/CYLOM\KZ-05-57_GNGP-50\2026-07-10\2022-09-07\can_tapper30-03-03-08-59-38.pcap.gz
38,2026-05-06 09:29:42.877294,can_tapper30,"rgb(77,175,74)",PG4,129.0,114.0,117.0,11.627906976744185,100.0,145.0,-74.76093100484663,1500,-35.019999999991406,-5.019999999991406,100.0,0.0,365.0,365.0,1.063371,0.003287671232876712,0.00410958904109589,0.007671232876712329,synchronized_peak_current_voltage_drop,0.7000000000094886,1.2400000000001938,28.37311996486042,123.03264171606912,0.4318686720784749,5964,2.594810379241517,0.6605918052625296,8.966666666666665,23.96652719665272,497.0,2.161796,3,239,60.0,120.0,117.0,123.0,145.0,144.0,129.0,125.0,59.966698,119.840026,68.335357,2159,395,467,//qar7000185/GP0_UPLOAD/BOXER/CYLOM\KZ-05-57_GNGP-50\2026-07-10\2022-09-07\can_tapper30-03-03-08-59-38.pcap.gz
39,2026-05-06 09:50:01.944491,can_tapper30,"rgb(152,78,163)",PG1_est,124.0,107.0,122.0,13.709677419354838,78.00000000000004,125.0,1.0467293541019256,1500,-35.019999999991406,-5.019999999991406,90.0,0.0,321.0,321.0,1.21501,0.0006230529595015577,0.00529595015576324,0.0009345794392523364,synchronized_peak_current_voltage_drop,0.7000000000094886,0.5000000000000782,2.27471676670449,146.4269096675563,0.7444482861997501,5964,7.758620689655173,1.463806410762889,9.1,-25.076666666666668,27.0,2.214177,4,300,60.0,120.0,113.0,122.0,146.0,149.0,148.0,147.0,59.968583,119.921042,1219.067197,2160,419,602,//qar7000185/GP0_UPLOAD/BOXER/CYLOM\KZ-05-57_GNGP-50\2026-07-10\2022-09-07\can_tapper30-03-03-08-59-38.pcap.gz
39,2026-05-06 09:50:01.944491,can_tapper30,"rgb(152,78,163)",PG2,124.0,113.0,113.0,8.870967741935484,78.00000000000004,124.0,-1.1178938301750518,1500,-35.019999999991406,-5.019999999991406,78.00000000000004,0.0,321.0,321.0,1.21501,0.0034267912772585674,0.0034267912772585674,0.0034267912772585674,synchronized_peak_current_voltage_drop,0.760000000009498,1.0000000000001563,2.0171482422437275,139.33925391273908,0.6777194894765413,5961,3.2119914346895073,0.9036195178583555,9.1,-25.076666666666668,27.0,2.214177,4,300,60.0,120.0,113.0,121.0,142.0,135.0,138.0,139.0,59.968583,119.921042,1219.067197,2160,419,602,//qar7000185/GP0_UPLOAD/BOXER/CYLOM\KZ-05-57_GNGP-50\2026-07-10\2022-09-07\can_tapper30-03-03-08-59-38.pcap.gz
39,2026-05-06 09:50:01.944491,can_tapper30,"rgb(152,78,163)",PG3_est,124.0,114.0,116.0,8.064516129032258,78.00000000000004,125.0,-0.9669959853311616,1500,-35.019999999991406,-5.019999999991406,90.0,0.0,321.0,321.0,1.21501,0.0024922118380062306,0.003115264797507788,0.0028037383177570096,synchronized_peak_current_voltage_drop,0.760000000009498,0.7400000000001157,2.27471676670449,145.5041609586366,0.8431049126184327,5961,2.586206896551724,0.6606109846088515,9.1,-25.076666666666668,27.0,2.214177,4,300,60.0,120.0,116.0,122.0,145.0,144.0,146.0,146.0,59.968583,119.921042,1219.067197,2160,419,602,//qar7000185/GP0_UPLOAD/BOXER/CYLOM\KZ-05-57_GNGP-50\2026-07-10\2022-09-07\can_tapper30-03-03-08-59-38.pcap.gz
39,2026-05-06 09:50:01.944491,can_tapper30,"rgb(152,78,163)",PG4,124.0,114.0,116.0,8.064516129032258,78.00000000000004,125.0,-0.9669959853311616,1500,-35.019999999991406,-5.019999999991406,90.0,0.0,321.0,321.0,1.21501,0.0024922118380062306,0.003115264797507788,0.0028037383177570096,synchronized_peak_current_voltage_drop,0.760000000009498,0.7400000000001157,2.27471676670449,145.5041609586366,0.8431049126184327,5961,2.586206896551724,0.6606109846088515,9.1,-25.076666666666668,27.0,2.214177,4,300,60.0,120.0,116.0,122.0,145.0,144.0,146.0,146.0,59.968583,119.921042,1219.067197,2160,419,602,//qar7000185/GP0_UPLOAD/BOXER/CYLOM\KZ-05-57_GNGP-50\2026-07-10\2022-09-07\can_tapper30-03-03-08-59-38.pcap.gz
40,2026-05-06 11:17:54.664972,can_tapper30,"rgb(255,127,0)",PG1_est,124.0,100.0,100.0,19.35483870967742,78.00000000000004,125.0,-1.13977828434574,1500,-35.019999999991406,-5.019999999991406,90.0,0.0,457.0,457.0,0.517588,0.00525164113785558,0.00525164113785558,0.005470459518599562,synchronized_peak_current_voltage_drop,0.5000000000094573,0.5000000000000782,2.0171482422437275,144.5027595490189,0.7650585050586345,5974,12.663755458515285,2.8231444924229767,9.7125,-18.221153846153847,20.0,2.019107,4,312,60.0,120.0,119.0,124.0,145.0,145.0,146.0,144.0,59.883491,119.994531,5272.720481,2160,465,597,//qar7000185/GP0_UPLOAD/BOXER/CYLOM\KZ-05-57_GNGP-50\2026-07-10\2022-09-07\can_tapper30-03-03-10-59-38.pcap.gz
40,2026-05-06 11:17:54.664972,can_tapper30,"rgb(255,127,0)",PG2,124.0,107.0,116.0,13.709677419354838,78.00000000000004,125.0,-4.1180018302222825,1500,-35.019999999991406,-5.019999999991406,90.0,0.0,457.0,457.0,0.517588,0.00175054704595186,0.0037199124726477024,0.0019693654266958426,synchronized_peak_current_voltage_drop,0.5800000000094698,1.260000000000197,2.0171482422437275,141.43120455738025,0.7397881312327457,5970,6.550218340611353,1.7254549974025692,9.7125,-18.221153846153847,20.0,2.019107,4,312,60.0,120.0,111.0,120.0,144.0,137.0,140.0,142.0,59.883491,119.994531,5272.720481,2160,465,597,//qar7000185/GP0_UPLOAD/BOXER/CYLOM\KZ-05-57_GNGP-50\2026-07-10\2022-09-07\can_tapper30-03-03-10-59-38.pcap.gz
40,2026-05-06 11:17:54.664972,can_tapper30,"rgb(255,127,0)",PG3_est,124.0,114.0,121.0,8.064516129032258,78.00000000000004,125.0,-1.8408185959189916,1500,-35.019999999991406,-5.019999999991406,90.0,0.0,457.0,457.0,0.517588,0.0006564551422319475,0.002188183807439825,0.00087527352297593,synchronized_peak_current_voltage_drop,0.8000000000095042,0.7600000000001188,2.27471676670449,144.2590751271561,0.843319997917749,5959,5.676855895196507,1.5030526743469834,9.7125,-18.221153846153847,20.0,2.019107,4,312,60.0,120.0,114.0,120.0,144.0,142.0,144.0,144.0,59.883491,119.994531,5272.720481,2160,465,597,//qar7000185/GP0_UPLOAD/BOXER/CYLOM\KZ-05-57_GNGP-50\2026-07-10\2022-09-07\can_tapper30-03-03-10-59-38.pcap.gz
40,2026-05-06 11:17:54.664972,can_tapper30,"rgb(255,127,0)",PG4,124.0,114.0,121.0,8.064516129032258,78.00000000000004,125.0,-1.8408185959189916,1500,-35.019999999991406,-5.019999999991406,90.0,0.0,457.0,457.0,0.517588,0.0006564551422319475,0.002188183807439825,0.00087527352297593,synchronized_peak_current_voltage_drop,0.8000000000095042,0.7600000000001188,2.27471676670449,144.2590751271561,0.843319997917749,5959,5.676855895196507,1.5030526743469834,9.7125,-18.221153846153847,20.0,2.019107,4,312,60.0,120.0,114.0,120.0,144.0,142.0,144.0,144.0,59.883491,119.994531,5272.720481,2160,465,597,//qar7000185/GP0_UPLOAD/BOXER/CYLOM\KZ-05-57_GNGP-50\2026-07-10\2022-09-07\can_tapper30-03-03-10-59-38.pcap.gz
41,2026-05-06 12:17:14.845104,can_tapper30,"rgb(255,255,51)",PG1_est,125.0,112.0,115.0,10.4,90.0,125.0,-1.7624985611101356,1500,-35.019999999991406,-5.019999999991406,90.0,0.0,476.0,476.0,1.20029,0.0021008403361344537,0.00273109243697479,0.0021008403361344537,synchronized_peak_current_voltage_drop,1.1400000000095574,0.7800000000001219,2.0171482422437275,144.22249485342513,0.7146810849633292,5942,7.592190889370933,0.85282409365558,10.475,-20.533546325878593,142.0,2.198231,3,313,60.0,120.0,113.0,119.0,145.0,146.0,146.0,144.0,59.981373,119.884871,3560.180132,2159,435,565,//qar7000185/GP0_UPLOAD/BOXER/CYLOM\KZ-05-57_GNGP-50\2026-07-10\2022-09-07\can_tapper30-03-03-11-59-38.pcap.gz
41,2026-05-06 12:17:14.845104,can_tapper30,"rgb(255,255,51)",PG2,124.0,113.0,114.0,8.870967741935484,78.00000000000004,125.0,-2.4663477628206127,1500,-35.019999999991406,-5.019999999991406,90.0,0.0,476.0,476.0,1.20029,0.0021008403361344537,0.002310924369747899,0.002310924369747899,synchronized_peak_current_voltage_drop,0.8800000000095167,1.260000000000197,2.565174071178317,142.03976775635354,0.7400950372818467,5955,4.032258064516129,0.8178956288869145,10.475,-20.533546325878593,142.0,2.198231,3,313,60.0,120.0,113.0,117.0,143.0,137.0,140.0,142.0,59.981373,119.884871,3560.180132,2159,435,565,//qar7000185/GP0_UPLOAD/BOXER/CYLOM\KZ-05-57_GNGP-50\2026-07-10\2022-09-07\can_tapper30-03-03-11-59-38.pcap.gz
41,2026-05-06 12:17:14.845104,can_tapper30,"rgb(255,255,51)",PG3_est,124.5,112.0,115.0,10.040160642570282,83.74999999999993,125.0,-1.5163384517056593,1500,-35.019999999991406,-5.019999999991406,90.0,0.0,476.0,476.0,1.20029,0.001995798319327731,0.0026260504201680674,0.0021008403361344537,synchronized_peak_current_voltage_drop,0.7000000000094886,1.5000000000002345,2.565174071178317,144.37865576129994,0.8749401197460888,5964,2.819956616052061,0.5871827182943714,10.475,-20.533546325878593,142.0,2.198231,3,313,60.0,120.0,112.0,118.0,144.0,143.0,144.0,144.0,59.981373,119.884871,3560.180132,2159,435,565,//qar7000185/GP0_UPLOAD/BOXER/CYLOM\KZ-05-57_GNGP-50\2026-07-10\2022-09-07\can_tapper30-03-03-11-59-38.pcap.gz
41,2026-05-06 12:17:14.845104,can_tapper30,"rgb(255,255,51)",PG4,124.5,112.0,115.0,10.040160642570282,83.74999999999993,125.0,-1.5163384517056593,1500,-35.019999999991406,-5.019999999991406,90.0,0.0,476.0,476.0,1.20029,0.001995798319327731,0.0026260504201680674,0.0021008403361344537,synchronized_peak_current_voltage_drop,0.7000000000094886,1.5000000000002345,2.565174071178317,144.37865576129994,0.8749401197460888,5964,2.819956616052061,0.5871827182943714,10.475,-20.533546325878593,142.0,2.198231,3,313,60.0,120.0,112.0,118.0,144.0,143.0,144.0,144.0,59.981373,119.884871,3560.180132,2159,435,565,//qar7000185/GP0_UPLOAD/BOXER/CYLOM\KZ-05-57_GNGP-50\2026-07-10\2022-09-07\can_tapper30-03-03-11-59-38.pcap.gz
42,2026-05-06 12:54:14.564120,can_tapper30,"rgb(166,86,40)",PG1_est,128.0,110.0,120.0,14.0625,100.0,129.0,-3.9972906654623346,1500,-35.019999999991406,-5.019999999991406,100.0,17.0,335.0,318.0,1.082543,0.002515723270440252,0.0056603773584905665,0.0028301886792452833,synchronized_peak_current_voltage_drop,0.5000000000094573,1.0000000000001563,1.406595676542853,138.0139359579941,0.4082345819117149,5974,9.917355371900827,1.4488212852476945,13.02,-13.996527777777779,20.0,2.080578,3,288,60.0,120.0,120.0,125.0,145.0,144.0,139.0,136.0,59.978847,119.875416,2219.719016,2157,425,429,//qar7000185/GP0_UPLOAD/BOXER/CYLOM\KZ-05-57_GNGP-50\2026-07-10\2022-09-07\can_tapper30-03-03-11-59-38.pcap.gz
42,2026-05-06 12:54:14.564120,can_tapper30,"rgb(166,86,40)",PG2,127.0,115.0,115.0,9.448818897637794,100.0,128.0,-2.4636544282902038,1500,-35.019999999991406,-5.019999999991406,100.0,17.0,335.0,318.0,1.082543,0.0037735849056603774,0.0037735849056603774,0.004088050314465409,synchronized_peak_current_voltage_drop,0.6600000000094823,1.0200000000001594,4.148345232772487,148.1525711647759,0.7509792034597638,5966,4.989154013015185,1.3174818536954904,13.02,-13.996527777777779,20.0,2.080578,3,288,60.0,120.0,115.0,124.0,145.0,142.0,147.0,150.0,59.978847,119.875416,2219.719016,2157,425,429,//qar7000185/GP0_UPLOAD/BOXER/CYLOM\KZ-05-57_GNGP-50\2026-07-10\2022-09-07\can_tapper30-03-03-11-59-38.pcap.gz
42,2026-05-06 12:54:14.564120,can_tapper30,"rgb(166,86,40)",PG3_est,128.0,115.0,120.0,10.15625,100.0,129.0,-4.084410704181996,1500,-35.019999999991406,-5.019999999991406,100.0,17.0,335.0,318.0,1.082543,0.002515723270440252,0.004088050314465409,0.0028301886792452833,synchronized_peak_current_voltage_drop,0.46000000000945107,1.5000000000002345,1.7887444673306678,141.63277213587233,0.6996058515982788,5976,4.958677685950414,0.5415186867887936,13.02,-13.996527777777779,20.0,2.080578,3,288,60.0,120.0,120.0,123.0,146.0,144.0,143.0,141.0,59.978847,119.875416,2219.719016,2157,425,429,//qar7000185/GP0_UPLOAD/BOXER/CYLOM\KZ-05-57_GNGP-50\2026-07-10\2022-09-07\can_tapper30-03-03-11-59-38.pcap.gz
42,2026-05-06 12:54:14.564120,can_tapper30,"rgb(166,86,40)",PG4,128.0,115.0,120.0,10.15625,100.0,129.0,-4.084410704181996,1500,-35.019999999991406,-5.019999999991406,100.0,17.0,335.0,318.0,1.082543,0.002515723270440252,0.004088050314465409,0.0028301886792452833,synchronized_peak_current_voltage_drop,0.46000000000945107,1.5000000000002345,1.7887444673306678,141.63277213587233,0.6996058515982788,5976,4.958677685950414,0.5415186867887936,13.02,-13.996527777777779,20.0,2.080578,3,288,60.0,120.0,120.0,123.0,146.0,144.0,143.0,141.0,59.978847,119.875416,2219.719016,2157,425,429,//qar7000185/GP0_UPLOAD/BOXER/CYLOM\KZ-05-57_GNGP-50\2026-07-10\2022-09-07\can_tapper30-03-03-11-59-38.pcap.gz
43,2026-05-06 13:15:33.626307,can_tapper30,"rgb(247,129,191)",PG1_est,127.0,119.0,125.0,6.299212598425196,100.0,127.0,-5.194642308728606,1500,-35.019999999991406,-5.019999999991406,100.0,0.0,430.0,430.0,1.0562,0.00046511627906976747,0.0018604651162790699,0.00046511627906976747,synchronized_peak_current_voltage_drop,0.9000000000095199,0.10000000000001563,1.5862030873085784,138.67870782522664,0.37431780916480395,5954,5.042016806722689,1.435094038349689,11.6625,-16.355311355311354,20.0,2.056794,7,273,60.0,120.0,125.0,124.0,143.0,143.0,141.0,138.0,59.884001,119.933426,1279.062187,2159,367,453,//qar7000185/GP0_UPLOAD/BOXER/CYLOM\KZ-05-57_GNGP-50\2026-07-10\2022-09-07\can_tapper30-03-03-12-59-38.pcap.gz
43,2026-05-06 13:15:33.626307,can_tapper30,"rgb(247,129,191)",PG2,126.0,117.0,117.0,7.142857142857142,95.0,127.0,-1.909831959924876,1500,-35.019999999991406,-5.019999999991406,100.0,0.0,430.0,430.0,1.0562,0.0020930232558139536,0.0020930232558139536,0.002325581395348837,synchronized_peak_current_voltage_drop,1.0000000000095355,0.5000000000000782,10.849032074111987,148.42252580786604,0.7695878322050659,5949,2.5,1.0579234388218248,11.6625,-16.355311355311354,20.0,2.056794,7,273,60.0,120.0,117.0,124.0,144.0,141.0,145.0,149.0,59.884001,119.933426,1279.062187,2159,367,453,//qar7000185/GP0_UPLOAD/BOXER/CYLOM\KZ-05-57_GNGP-50\2026-07-10\2022-09-07\can_tapper30-03-03-12-59-38.pcap.gz
43,2026-05-06 13:15:33.626307,can_tapper30,"rgb(247,129,191)",PG3_est,126.0,117.0,117.0,7.142857142857142,95.0,127.0,-2.2584987815545814,1500,-35.019999999991406,-5.019999999991406,100.0,0.0,430.0,430.0,1.0562,0.0020930232558139536,0.0020930232558139536,0.002325581395348837,synchronized_peak_current_voltage_drop,1.0000000000095355,0.5000000000000782,1.7887444673306678,141.80014767012014,0.7185954890819592,5949,1.680672268907563,0.6422467713349009,11.6625,-16.355311355311354,20.0,2.056794,7,273,60.0,120.0,117.0,124.0,145.0,142.0,143.0,142.0,59.884001,119.933426,1279.062187,2159,367,453,//qar7000185/GP0_UPLOAD/BOXER/CYLOM\KZ-05-57_GNGP-50\2026-07-10\2022-09-07\can_tapper30-03-03-12-59-38.pcap.gz
43,2026-05-06 13:15:33.626307,can_tapper30,"rgb(247,129,191)",PG4,126.0,117.0,117.0,7.142857142857142,95.0,127.0,-2.2584987815545814,1500,-35.019999999991406,-5.019999999991406,100.0,0.0,430.0,430.0,1.0562,0.0020930232558139536,0.0020930232558139536,0.002325581395348837,synchronized_peak_current_voltage_drop,1.0000000000095355,0.5000000000000782,1.7887444673306678,141.80014767012014,0.7185954890819592,5949,1.680672268907563,0.6422467713349009,11.6625,-16.355311355311354,20.0,2.056794,7,273,60.0,120.0,117.0,124.0,145.0,142.0,143.0,142.0,59.884001,119.933426,1279.062187,2159,367,453,//qar7000185/GP0_UPLOAD/BOXER/CYLOM\KZ-05-57_GNGP-50\2026-07-10\2022-09-07\can_tapper30-03-03-12-59-38.pcap.gz
44,2026-05-06 13:35:46.455172,can_tapper30,"rgb(153,153,153)",PG1_est,127.0,115.0,118.0,9.448818897637794,100.0,128.0,-5.26194900530968,1500,-35.019999999991406,-5.019999999991406,100.0,18.0,284.0,266.0,1.3854,0.0033834586466165413,0.004511278195488721,0.0037593984962406013,synchronized_peak_current_voltage_drop,1.4200000000096011,0.5600000000000875,1.2473253980523544,138.31152794709973,0.27698986872212294,5928,8.333333333333334,1.2752547297789745,13.566666666666666,-14.479310344827587,18.0,2.983374,5,290,60.0,120.0,118.0,124.0,145.0,144.0,141.0,137.0,59.998395,119.936129,1212.828865,2160,444,611,//qar7000185/GP0_UPLOAD/BOXER/CYLOM\KZ-05-57_GNGP-50\2026-07-10\2022-09-07\can_tapper30-03-03-12-59-38.pcap.gz
44,2026-05-06 13:35:46.455172,can_tapper30,"rgb(153,153,153)",PG2,126.0,116.0,116.0,7.936507936507936,95.0,127.0,-2.3898143954721998,1500,-35.019999999991406,-5.019999999991406,100.0,18.0,284.0,266.0,1.3854,0.0037593984962406013,0.0037593984962406013,0.004135338345864662,synchronized_peak_current_voltage_drop,0.920000000009523,1.0000000000001563,13.796534727134544,149.10517592450705,0.7633792871587699,5953,3.3333333333333335,0.999351665964788,13.566666666666666,-14.479310344827587,18.0,2.983374,5,290,60.0,120.0,116.0,123.0,145.0,141.0,145.0,149.0,59.998395,119.936129,1212.828865,2160,444,611,//qar7000185/GP0_UPLOAD/BOXER/CYLOM\KZ-05-57_GNGP-50\2026-07-10\2022-09-07\can_tapper30-03-03-12-59-38.pcap.gz
44,2026-05-06 13:35:46.455172,can_tapper30,"rgb(153,153,153)",PG3_est,127.0,117.0,117.0,7.874015748031496,100.0,128.0,-4.341024151565439,1500,-35.019999999991406,-5.019999999991406,100.0,18.0,284.0,266.0,1.3854,0.0037593984962406013,0.0037593984962406013,0.004135338345864662,synchronized_peak_current_voltage_drop,0.9000000000095199,1.0000000000001563,1.7887444673306678,141.9844428411746,0.6671964997122064,5954,2.5,0.6372029136967278,13.566666666666666,-14.479310344827587,18.0,2.983374,5,290,60.0,120.0,117.0,124.0,146.0,144.0,143.0,142.0,59.998395,119.936129,1212.828865,2160,444,611,//qar7000185/GP0_UPLOAD/BOXER/CYLOM\KZ-05-57_GNGP-50\2026-07-10\2022-09-07\can_tapper30-03-03-12-59-38.pcap.gz
44,2026-05-06 13:35:46.455172,can_tapper30,"rgb(153,153,153)",PG4,127.0,117.0,117.0,7.874015748031496,100.0,128.0,-4.341024151565439,1500,-35.019999999991406,-5.019999999991406,100.0,18.0,284.0,266.0,1.3854,0.0037593984962406013,0.0037593984962406013,0.004135338345864662,synchronized_peak_current_voltage_drop,0.9000000000095199,1.0000000000001563,1.7887444673306678,141.9844428411746,0.6671964997122064,5954,2.5,0.6372029136967278,13.566666666666666,-14.479310344827587,18.0,2.983374,5,290,60.0,120.0,117.0,124.0,146.0,144.0,143.0,142.0,59.998395,119.936129,1212.828865,2160,444,611,//qar7000185/GP0_UPLOAD/BOXER/CYLOM\KZ-05-57_GNGP-50\2026-07-10\2022-09-07\can_tapper30-03-03-12-59-38.pcap.gz
45,2026-05-06 15:10:03.232217,can_tapper30,"rgb(228,26,28)",PG1_est,125.0,108.0,114.0,13.600000000000001,90.0,125.0,-0.00019555564239850747,1500,-35.019999999991406,-5.019999999991406,90.0,17.0,335.0,318.0,1.127568,0.003459119496855346,0.005345911949685534,0.003459119496855346,synchronized_peak_current_voltage_drop,0.7200000000094917,0.5000000000000782,2.27471676670449,145.23609009667967,0.7360580544708712,5963,6.557377049180328,1.1514742161805018,11.45,-33.52063492063492,144.0,2.129275,3,315,60.0,120.0,114.0,120.0,145.0,148.0,145.0,146.0,59.930177,119.931424,5656.777045,2159,454,652,//qar7000185/GP0_UPLOAD/BOXER/CYLOM\KZ-05-57_GNGP-50\2026-07-10\2022-09-07\can_tapper30-03-03-14-59-38.pcap.gz
45,2026-05-06 15:10:03.232217,can_tapper30,"rgb(228,26,28)",PG2,124.0,112.0,112.0,9.67741935483871,78.00000000000004,125.0,-0.010453337979123841,1500,-35.019999999991406,-5.019999999991406,90.0,17.0,335.0,318.0,1.127568,0.0037735849056603774,0.0037735849056603774,0.004088050314465409,synchronized_peak_current_voltage_drop,0.7400000000094948,1.0200000000001594,2.0171482422437275,140.45572697243816,0.6950461024509811,5962,5.357142857142857,0.9298621595097935,11.45,-33.52063492063492,144.0,2.129275,3,315,60.0,120.0,112.0,120.0,143.0,140.0,139.0,140.0,59.930177,119.931424,5656.777045,2159,454,652,//qar7000185/GP0_UPLOAD/BOXER/CYLOM\KZ-05-57_GNGP-50\2026-07-10\2022-09-07\can_tapper30-03-03-14-59-38.pcap.gz
45,2026-05-06 15:10:03.232217,can_tapper30,"rgb(228,26,28)",PG3_est,125.0,111.0,117.0,11.200000000000001,90.0,125.0,4.156167692041187e-14,1500,-35.019999999991406,-5.019999999991406,90.0,17.0,335.0,318.0,1.127568,0.002515723270440252,0.00440251572327044,0.002515723270440252,synchronized_peak_current_voltage_drop,0.600000000009473,1.0000000000001563,2.27471676670449,144.21310784258586,0.8122858369969793,5969,3.4782608695652173,0.8154676126192117,11.45,-33.52063492063492,144.0,2.129275,3,315,60.0,120.0,111.0,119.0,145.0,145.0,143.0,145.0,59.930177,119.931424,5656.777045,2159,454,652,//qar7000185/GP0_UPLOAD/BOXER/CYLOM\KZ-05-57_GNGP-50\2026-07-10\2022-09-07\can_tapper30-03-03-14-59-38.pcap.gz
45,2026-05-06 15:10:03.232217,can_tapper30,"rgb(228,26,28)",PG4,125.0,111.0,117.0,11.200000000000001,90.0,125.0,4.156167692041187e-14,1500,-35.019999999991406,-5.019999999991406,90.0,17.0,335.0,318.0,1.127568,0.002515723270440252,0.00440251572327044,0.002515723270440252,synchronized_peak_current_voltage_drop,0.600000000009473,1.0000000000001563,2.27471676670449,144.21310784258586,0.8122858369969793,5969,3.4782608695652173,0.8154676126192117,11.45,-33.52063492063492,144.0,2.129275,3,315,60.0,120.0,111.0,119.0,145.0,145.0,143.0,145.0,59.930177,119.931424,5656.777045,2159,454,652,//qar7000185/GP0_UPLOAD/BOXER/CYLOM\KZ-05-57_GNGP-50\2026-07-10\2022-09-07\can_tapper30-03-03-14-59-38.pcap.gz
46,2026-06-03 20:18:53.237824,can_tapper30,"rgb(55,126,184)",PG1_est,129.0,114.0,122.0,11.627906976744185,100.0,130.0,-5.00833111481306,1500,-35.019999999991406,-5.019999999991406,100.0,0.0,287.0,287.0,1.235569,0.0024390243902439024,0.005226480836236934,0.0027874564459930314,synchronized_peak_current_voltage_drop,1.2200000000095699,0.5200000000000813,51.74336368726529,126.63297930213743,0.5724968953348101,5938,12.127236580516898,0.8601328880587948,18.075,-11.88888888888889,25.0,2.333893,3,126,60.0,120.0,118.0,126.0,143.0,142.0,138.0,130.0,59.924399,119.802759,2437730.005607,2157,201,268,//qar7000185/GP0_UPLOAD/BOXER/CYLOM\KZ-05-57_GNGP-50\2026-07-10\2022-09-07\can_tapper30-03-04-01-59-23.pcap.gz
46,2026-06-03 20:18:53.237824,can_tapper30,"rgb(55,126,184)",PG2,128.0,116.0,120.0,9.375,100.0,130.0,-3.7920372409046985,1500,-35.019999999991406,-5.019999999991406,100.0,0.0,287.0,287.0,1.235569,0.0027874564459930314,0.004181184668989547,0.003484320557491289,synchronized_peak_current_voltage_drop,0.7200000000094917,1.0000000000001563,74.20329583699333,122.65317264746551,0.4708211151484626,5963,7.753479125248509,1.1568667179793217,18.075,-11.88888888888889,25.0,2.333893,3,126,60.0,120.0,116.0,125.0,146.0,144.0,147.0,130.0,59.924399,119.802759,2437730.005607,2157,201,268,//qar7000185/GP0_UPLOAD/BOXER/CYLOM\KZ-05-57_GNGP-50\2026-07-10\2022-09-07\can_tapper30-03-04-01-59-23.pcap.gz
46,2026-06-03 20:18:53.237824,can_tapper30,"rgb(55,126,184)",PG3_est,129.0,117.0,119.0,9.30232558139535,100.0,131.0,-5.101095600485663,1500,-35.019999999991406,-5.019999999991406,100.0,0.0,287.0,287.0,1.235569,0.003484320557491289,0.004181184668989547,0.004181184668989547,synchronized_peak_current_voltage_drop,0.7800000000095011,0.7400000000001157,58.350444692249376,124.77867843306271,0.533751168092426,5960,2.5,0.6195158155062375,18.075,-11.88888888888889,25.0,2.333893,3,126,60.0,120.0,117.0,126.0,146.0,147.0,145.0,130.0,59.924399,119.802759,2437730.005607,2157,201,268,//qar7000185/GP0_UPLOAD/BOXER/CYLOM\KZ-05-57_GNGP-50\2026-07-10\2022-09-07\can_tapper30-03-04-01-59-23.pcap.gz
46,2026-06-03 20:18:53.237824,can_tapper30,"rgb(55,126,184)",PG4,129.0,117.0,119.0,9.30232558139535,100.0,131.0,-5.101095600485663,1500,-35.019999999991406,-5.019999999991406,100.0,0.0,287.0,287.0,1.235569,0.003484320557491289,0.004181184668989547,0.004181184668989547,synchronized_peak_current_voltage_drop,0.7800000000095011,0.7400000000001157,58.350444692249376,124.77867843306271,0.533751168092426,5960,2.5,0.6195158155062375,18.075,-11.88888888888889,25.0,2.333893,3,126,60.0,120.0,117.0,126.0,146.0,147.0,145.0,130.0,59.924399,119.802759,2437730.005607,2157,201,268,//qar7000185/GP0_UPLOAD/BOXER/CYLOM\KZ-05-57_GNGP-50\2026-07-10\2022-09-07\can_tapper30-03-04-01-59-23.pcap.gz
47,2026-06-04 00:29:51.714723,can_tapper30,"rgb(77,175,74)",PG1_est,124.0,110.0,124.0,11.29032258064516,78.00000000000004,125.0,-1.4175650744730621,1500,-35.019999999991406,-5.019999999991406,90.0,0.0,409.0,409.0,0.443007,,0.0034229828850855745,0.0002444987775061125,synchronized_peak_current_voltage_drop,0.5400000000094636,0.7400000000001157,1.5862030873085784,135.43478460274494,0.10144781956960935,5972,8.074534161490684,2.3536932512099518,20.0,-26.73384030418251,327.0,2.044183,4,263,60.0,120.0,111.0,114.0,141.0,142.0,142.0,131.0,59.969343,119.953568,15058.476899,2160,380,503,//qar7000185/GP0_UPLOAD/BOXER/CYLOM\KZ-05-57_GNGP-50\2026-07-10\2022-09-07\can_tapper30-03-04-06-59-23.pcap.gz
47,2026-06-04 00:29:51.714723,can_tapper30,"rgb(77,175,74)",PG2,124.0,111.0,111.0,10.483870967741936,78.00000000000004,125.0,-6.407949514643191,1500,-35.019999999991406,-5.019999999991406,90.0,0.0,409.0,409.0,0.443007,0.0031784841075794623,0.0031784841075794623,0.0034229828850855745,synchronized_peak_current_voltage_drop,0.44000000000944794,1.0000000000001563,119.99999999999996,120.53193427199864,0.3070828413726,5977,7.306889352818372,1.8034551989312644,20.0,-26.73384030418251,327.0,2.044183,4,263,60.0,120.0,115.0,122.0,144.0,146.0,144.0,132.0,59.969343,119.953568,15058.476899,2160,380,503,//qar7000185/GP0_UPLOAD/BOXER/CYLOM\KZ-05-57_GNGP-50\2026-07-10\2022-09-07\can_tapper30-03-04-06-59-23.pcap.gz
47,2026-06-04 00:29:51.714723,can_tapper30,"rgb(77,175,74)",PG3_est,124.0,115.0,122.0,7.258064516129033,78.00000000000004,125.0,-5.162615627828019,1500,-35.019999999991406,-5.019999999991406,90.0,0.0,409.0,409.0,0.443007,0.000488997555012225,0.002200488997555012,0.0007334963325183373,synchronized_peak_current_voltage_drop,0.9400000000095261,0.5000000000000782,74.20329583699333,127.92297161667422,0.2039249144475609,5952,4.946236559139785,1.4474991420007166,20.0,-26.73384030418251,327.0,2.044183,4,263,60.0,120.0,115.0,122.0,145.0,147.0,145.0,132.0,59.969343,119.953568,15058.476899,2160,380,503,//qar7000185/GP0_UPLOAD/BOXER/CYLOM\KZ-05-57_GNGP-50\2026-07-10\2022-09-07\can_tapper30-03-04-06-59-23.pcap.gz
47,2026-06-04 00:29:51.714723,can_tapper30,"rgb(77,175,74)",PG4,124.0,115.0,122.0,7.258064516129033,78.00000000000004,125.0,-5.162615627828019,1500,-35.019999999991406,-5.019999999991406,90.0,0.0,409.0,409.0,0.443007,0.000488997555012225,0.002200488997555012,0.0007334963325183373,synchronized_peak_current_voltage_drop,0.9400000000095261,0.5000000000000782,74.20329583699333,127.92297161667422,0.2039249144475609,5952,4.946236559139785,1.4474991420007166,20.0,-26.73384030418251,327.0,2.044183,4,263,60.0,120.0,115.0,122.0,145.0,147.0,145.0,132.0,59.969343,119.953568,15058.476899,2160,380,503,//qar7000185/GP0_UPLOAD/BOXER/CYLOM\KZ-05-57_GNGP-50\2026-07-10\2022-09-07\can_tapper30-03-04-06-59-23.pcap.gz
48,2026-06-04 00:31:37.169431,can_tapper30,"rgb(152,78,163)",PG1_est,127.0,115.0,117.0,9.448818897637794,100.0,129.0,-9.712750983443517,1500,-35.019999999991406,-5.019999999991406,100.0,23.0,327.0,304.0,1.245645,0.003289473684210526,0.003947368421052632,0.003947368421052632,synchronized_peak_current_voltage_drop,1.7400000000096512,0.14000000000002188,1.406595676542853,144.77686807755686,0.5860561490679868,5912,7.7894736842105265,1.7389587669737592,20.09166666666667,-47.56666666666667,26.0,2.34686,3,300,60.0,120.0,117.0,124.0,149.0,151.0,146.0,144.0,59.89295,119.978524,105.454708,2159,407,652,//qar7000185/GP0_UPLOAD/BOXER/CYLOM\KZ-05-57_GNGP-50\2026-07-10\2022-09-07\can_tapper30-03-04-06-59-23.pcap.gz
48,2026-06-04 00:31:37.169431,can_tapper30,"rgb(152,78,163)",PG2,126.0,115.0,118.0,8.73015873015873,95.0,129.0,-11.19566719807225,1500,-35.019999999991406,-5.019999999991406,100.0,23.0,327.0,304.0,1.245645,0.002631578947368421,0.0036184210526315794,0.0036184210526315794,synchronized_peak_current_voltage_drop,0.7400000000094948,1.0000000000001563,3.2620894576029285,141.30397713521694,0.8068948779057562,5962,7.44466800804829,1.0660603590544513,20.09166666666667,-47.56666666666667,26.0,2.34686,3,300,60.0,120.0,115.0,123.0,140.0,139.0,140.0,142.0,59.89295,119.978524,105.454708,2159,407,652,//qar7000185/GP0_UPLOAD/BOXER/CYLOM\KZ-05-57_GNGP-50\2026-07-10\2022-09-07\can_tapper30-03-04-06-59-23.pcap.gz
48,2026-06-04 00:31:37.169431,can_tapper30,"rgb(152,78,163)",PG3_est,127.0,116.0,116.0,8.661417322834646,100.0,129.0,-10.112946716863764,1500,-35.019999999991406,-5.019999999991406,100.0,23.0,327.0,304.0,1.245645,0.0036184210526315794,0.0036184210526315794,0.0042763157894736845,synchronized_peak_current_voltage_drop,0.7800000000095011,1.0000000000001563,2.27471676670449,145.06356983884203,0.757316112173158,5960,2.3157894736842106,0.5319151821732725,20.09166666666667,-47.56666666666667,26.0,2.34686,3,300,60.0,120.0,116.0,123.0,146.0,149.0,146.0,145.0,59.89295,119.978524,105.454708,2159,407,652,//qar7000185/GP0_UPLOAD/BOXER/CYLOM\KZ-05-57_GNGP-50\2026-07-10\2022-09-07\can_tapper30-03-04-06-59-23.pcap.gz
48,2026-06-04 00:31:37.169431,can_tapper30,"rgb(152,78,163)",PG4,127.0,116.0,116.0,8.661417322834646,100.0,129.0,-10.112946716863764,1500,-35.019999999991406,-5.019999999991406,100.0,23.0,327.0,304.0,1.245645,0.0036184210526315794,0.0036184210526315794,0.0042763157894736845,synchronized_peak_current_voltage_drop,0.7800000000095011,1.0000000000001563,2.27471676670449,145.06356983884203,0.757316112173158,5960,2.3157894736842106,0.5319151821732725,20.09166666666667,-47.56666666666667,26.0,2.34686,3,300,60.0,120.0,116.0,123.0,146.0,149.0,146.0,145.0,59.89295,119.978524,105.454708,2159,407,652,//qar7000185/GP0_UPLOAD/BOXER/CYLOM\KZ-05-57_GNGP-50\2026-07-10\2022-09-07\can_tapper30-03-04-06-59-23.pcap.gz
49,2026-06-04 00:48:24.846821,can_tapper30,"rgb(255,127,0)",PG1_est,129.0,109.0,130.0,15.503875968992247,100.0,130.0,-3.4373881943941473,1500,-35.019999999991406,-5.019999999991406,100.0,0.0,485.0,485.0,0.44898,,0.004123711340206186,,synchronized_peak_current_voltage_drop,0.8400000000095105,0.7000000000001094,106.41227629404169,123.88534411966393,0.4401810746446906,5957,9.236947791164658,2.727757674990574,20.30833333333333,-27.0390625,23.0,2.047527,4,128,60.0,120.0,109.0,120.0,142.0,141.0,139.0,132.0,59.897044,119.984848,1007.67739,2160,159,295,//qar7000185/GP0_UPLOAD/BOXER/CYLOM\KZ-05-57_GNGP-50\2026-07-10\2022-09-07\can_tapper30-03-04-06-59-23.pcap.gz
49,2026-06-04 00:48:24.846821,can_tapper30,"rgb(255,127,0)",PG2,129.0,112.0,112.0,13.178294573643413,100.0,130.0,-3.634099392932639,1500,-35.019999999991406,-5.019999999991406,100.0,0.0,485.0,485.0,0.44898,0.0035051546391752578,0.0035051546391752578,0.003711340206185567,synchronized_peak_current_voltage_drop,0.3400000000094323,1.5000000000002345,119.99999999999996,119.06555206309949,0.4255196122962276,5982,10.040160642570282,2.3712969753542286,20.30833333333333,-27.0390625,23.0,2.047527,4,128,60.0,120.0,116.0,124.0,146.0,142.0,146.0,131.0,59.897044,119.984848,1007.67739,2160,159,295,//qar7000185/GP0_UPLOAD/BOXER/CYLOM\KZ-05-57_GNGP-50\2026-07-10\2022-09-07\can_tapper30-03-04-06-59-23.pcap.gz
49,2026-06-04 00:48:24.846821,can_tapper30,"rgb(255,127,0)",PG3_est,129.0,119.0,128.0,7.751937984496124,100.0,130.0,-2.994445775308627,1500,-35.019999999991406,-5.019999999991406,100.0,0.0,485.0,485.0,0.44898,0.0002061855670103093,0.002061855670103093,0.0004123711340206186,synchronized_peak_current_voltage_drop,1.0000000000095355,0.7400000000001157,83.67827294507173,123.91048036132715,0.5251302767216364,5949,5.660377358490566,1.7740152133098792,20.30833333333333,-27.0390625,23.0,2.047527,4,128,60.0,120.0,119.0,126.0,145.0,144.0,144.0,132.0,59.897044,119.984848,1007.67739,2160,159,295,//qar7000185/GP0_UPLOAD/BOXER/CYLOM\KZ-05-57_GNGP-50\2026-07-10\2022-09-07\can_tapper30-03-04-06-59-23.pcap.gz
49,2026-06-04 00:48:24.846821,can_tapper30,"rgb(255,127,0)",PG4,129.0,119.0,128.0,7.751937984496124,100.0,130.0,-2.994445775308627,1500,-35.019999999991406,-5.019999999991406,100.0,0.0,485.0,485.0,0.44898,0.0002061855670103093,0.002061855670103093,0.0004123711340206186,synchronized_peak_current_voltage_drop,1.0000000000095355,0.7400000000001157,83.67827294507173,123.91048036132715,0.5251302767216364,5949,5.660377358490566,1.7740152133098792,20.30833333333333,-27.0390625,23.0,2.047527,4,128,60.0,120.0,119.0,126.0,145.0,144.0,144.0,132.0,59.897044,119.984848,1007.67739,2160,159,295,//qar7000185/GP0_UPLOAD/BOXER/CYLOM\KZ-05-57_GNGP-50\2026-07-10\2022-09-07\can_tapper30-03-04-06-59-23.pcap.gz
50,2026-06-04 01:08:39.275721,can_tapper30,"rgb(255,255,51)",PG1_est,127.0,105.0,120.0,17.322834645669293,100.0,129.0,-5.272597898931402,1500,-35.019999999991406,-5.019999999991406,100.0,0.0,403.0,403.0,1.062501,0.00173697270471464,0.005459057071960299,0.0022332506203473945,synchronized_peak_current_voltage_drop,0.46000000000945107,0.5000000000000782,2.0171482422437275,142.94758125169483,0.7331923057561477,5976,12.5,2.59597383437174,20.075,-31.377551020408163,31.0,2.062902,7,294,60.0,120.0,128.0,130.0,144.0,146.0,143.0,143.0,59.919198,119.96295,1214.4289,2160,345,533,//qar7000185/GP0_UPLOAD/BOXER/CYLOM\KZ-05-57_GNGP-50\2026-07-10\2022-09-07\can_tapper30-03-04-06-59-23.pcap.gz
50,2026-06-04 01:08:39.275721,can_tapper30,"rgb(255,255,51)",PG2,127.0,111.0,119.0,12.598425196850393,100.0,128.0,-2.944001308444647,1500,-35.019999999991406,-5.019999999991406,100.0,0.0,403.0,403.0,1.062501,0.0019851116625310174,0.003970223325062035,0.0022332506203473945,synchronized_peak_current_voltage_drop,0.5400000000094636,1.0000000000001563,1.7887444673306678,142.3884409211229,0.7685078593697168,5972,8.829568788501026,2.3769376721796527,20.075,-31.377551020408163,31.0,2.062902,7,294,60.0,120.0,111.0,121.0,146.0,142.0,142.0,143.0,59.919198,119.96295,1214.4289,2160,345,533,//qar7000185/GP0_UPLOAD/BOXER/CYLOM\KZ-05-57_GNGP-50\2026-07-10\2022-09-07\can_tapper30-03-04-06-59-23.pcap.gz
50,2026-06-04 01:08:39.275721,can_tapper30,"rgb(255,255,51)",PG3_est,127.0,119.0,119.0,6.299212598425196,100.0,129.0,-4.961628871834237,1500,-35.019999999991406,-5.019999999991406,100.0,0.0,403.0,403.0,1.062501,0.0019851116625310174,0.0019851116625310174,0.0024813895781637717,synchronized_peak_current_voltage_drop,0.9800000000095324,0.5000000000000782,1.7887444673306678,144.39190302676116,0.6724748241991266,5950,6.666666666666667,1.5261198825122009,20.075,-31.377551020408163,31.0,2.062902,7,294,60.0,120.0,119.0,126.0,147.0,147.0,145.0,144.0,59.919198,119.96295,1214.4289,2160,345,533,//qar7000185/GP0_UPLOAD/BOXER/CYLOM\KZ-05-57_GNGP-50\2026-07-10\2022-09-07\can_tapper30-03-04-06-59-23.pcap.gz
50,2026-06-04 01:08:39.275721,can_tapper30,"rgb(255,255,51)",PG4,127.0,119.0,119.0,6.299212598425196,100.0,129.0,-4.961628871834237,1500,-35.019999999991406,-5.019999999991406,100.0,0.0,403.0,403.0,1.062501,0.0019851116625310174,0.0019851116625310174,0.0024813895781637717,synchronized_peak_current_voltage_drop,0.9800000000095324,0.5000000000000782,1.7887444673306678,144.39190302676116,0.6724748241991266,5950,6.666666666666667,1.5261198825122009,20.075,-31.377551020408163,31.0,2.062902,7,294,60.0,120.0,119.0,126.0,147.0,147.0,145.0,144.0,59.919198,119.96295,1214.4289,2160,345,533,//qar7000185/GP0_UPLOAD/BOXER/CYLOM\KZ-05-57_GNGP-50\2026-07-10\2022-09-07\can_tapper30-03-04-06-59-23.pcap.gz
51,2026-06-04 01:11:21.652858,can_tapper30,"rgb(166,86,40)",PG1_est,129.0,111.0,120.0,13.953488372093023,100.0,131.0,-11.075889367060011,1500,-35.019999999991406,-5.019999999991406,100.0,21.5,318.0,296.5,1.141037,0.0030354131534569982,0.0060708263069139965,0.003709949409780776,synchronized_peak_current_voltage_drop,0.6800000000094855,0.24000000000003752,119.99999999999996,117.06200685221309,0.5929624256711652,5965,5.128205128205129,0.7299018023428596,20.14666666666667,-17.105263157894736,38.0,2.230663,3,209,60.0,120.0,120.0,126.0,145.0,143.0,142.0,132.0,59.997943,119.878938,162.377137,2159,318,543,//qar7000185/GP0_UPLOAD/BOXER/CYLOM\KZ-05-57_GNGP-50\2026-07-10\2022-09-07\can_tapper30-03-04-06-59-23.pcap.gz
51,2026-06-04 01:11:21.652858,can_tapper30,"rgb(166,86,40)",PG2,129.0,116.0,119.0,10.077519379844961,100.0,131.0,-8.305843691484391,1500,-35.019999999991406,-5.019999999991406,100.0,21.5,318.0,296.5,1.141037,0.003372681281618887,0.004384485666104553,0.004047217537942664,synchronized_peak_current_voltage_drop,0.7200000000094917,1.0200000000001594,119.99999999999996,117.88380354605943,0.5579606401244709,5963,5.128205128205129,0.9100123019113411,20.14666666666667,-17.105263157894736,38.0,2.230663,3,209,60.0,120.0,119.0,126.0,146.0,141.0,143.0,131.0,59.997943,119.878938,162.377137,2159,318,543,//qar7000185/GP0_UPLOAD/BOXER/CYLOM\KZ-05-57_GNGP-50\2026-07-10\2022-09-07\can_tapper30-03-04-06-59-23.pcap.gz
51,2026-06-04 01:11:21.652858,can_tapper30,"rgb(166,86,40)",PG3_est,129.0,117.0,120.0,9.30232558139535,100.0,131.0,-9.413853072821924,1500,-35.019999999991406,-5.019999999991406,100.0,21.5,318.0,296.5,1.141037,0.0030354131534569982,0.004047217537942664,0.003709949409780776,synchronized_peak_current_voltage_drop,0.6800000000094855,0.7600000000001188,119.99999999999996,115.49850701795627,0.6003978874361725,5965,1.0570824524312896,0.19637436194356256,20.14666666666667,-17.105263157894736,38.0,2.230663,3,209,60.0,120.0,120.0,127.0,147.0,145.0,145.0,132.0,59.997943,119.878938,162.377137,2159,318,543,//qar7000185/GP0_UPLOAD/BOXER/CYLOM\KZ-05-57_GNGP-50\2026-07-10\2022-09-07\can_tapper30-03-04-06-59-23.pcap.gz
51,2026-06-04 01:11:21.652858,can_tapper30,"rgb(166,86,40)",PG4,129.0,117.0,120.0,9.30232558139535,100.0,131.0,-9.413853072821924,1500,-35.019999999991406,-5.019999999991406,100.0,21.5,318.0,296.5,1.141037,0.0030354131534569982,0.004047217537942664,0.003709949409780776,synchronized_peak_current_voltage_drop,0.6800000000094855,0.7600000000001188,119.99999999999996,115.49850701795627,0.6003978874361725,5965,1.0570824524312896,0.19637436194356256,20.14666666666667,-17.105263157894736,38.0,2.230663,3,209,60.0,120.0,120.0,127.0,147.0,145.0,145.0,132.0,59.997943,119.878938,162.377137,2159,318,543,//qar7000185/GP0_UPLOAD/BOXER/CYLOM\KZ-05-57_GNGP-50\2026-07-10\2022-09-07\can_tapper30-03-04-06-59-23.pcap.gz
52,2026-06-04 01:16:16.248821,can_tapper30,"rgb(247,129,191)",PG1_est,127.0,105.0,117.0,17.322834645669293,100.0,128.0,-3.7724461210863804,1500,-35.019999999991406,-5.019999999991406,100.0,0.0,395.0,395.0,1.114698,0.002531645569620253,0.005569620253164557,0.0027848101265822785,synchronized_peak_current_voltage_drop,0.6600000000094823,0.5000000000000782,119.99999999999996,115.63000817350424,0.5243027868080565,5966,9.090909090909092,1.0598072314809237,20.085,-20.90829694323144,30.0,2.209274,4,229,60.0,120.0,117.0,124.0,144.0,145.0,146.0,132.0,59.987762,119.858698,294.595963,2160,302,343,//qar7000185/GP0_UPLOAD/BOXER/CYLOM\KZ-05-57_GNGP-50\2026-07-10\2022-09-07\can_tapper30-03-04-06-59-23.pcap.gz
52,2026-06-04 01:16:16.248821,can_tapper30,"rgb(247,129,191)",PG2,127.0,115.0,115.0,9.448818897637794,100.0,127.0,-1.004889335506275,1500,-35.019999999991406,-5.019999999991406,100.0,0.0,395.0,395.0,1.114698,0.0030379746835443038,0.0030379746835443038,0.0030379746835443038,synchronized_peak_current_voltage_drop,0.7000000000094886,1.0000000000001563,119.99999999999996,118.96805693679006,0.48904690394781325,5964,9.956709956709958,1.0976538824669817,20.085,-20.90829694323144,30.0,2.209274,4,229,60.0,120.0,115.0,124.0,146.0,140.0,140.0,131.0,59.987762,119.858698,294.595963,2160,302,343,//qar7000185/GP0_UPLOAD/BOXER/CYLOM\KZ-05-57_GNGP-50\2026-07-10\2022-09-07\can_tapper30-03-04-06-59-23.pcap.gz
52,2026-06-04 01:16:16.248821,can_tapper30,"rgb(247,129,191)",PG3_est,127.0,115.0,117.0,9.448818897637794,100.0,128.0,-4.171761854115548,1500,-35.019999999991406,-5.019999999991406,100.0,0.0,395.0,395.0,1.114698,0.002531645569620253,0.0030379746835443038,0.0027848101265822785,synchronized_peak_current_voltage_drop,0.6600000000094823,0.7600000000001188,119.99999999999996,115.04443720467471,0.5235825653628814,5966,2.4193548387096775,0.638410908565963,20.085,-20.90829694323144,30.0,2.209274,4,229,60.0,120.0,117.0,122.0,146.0,146.0,146.0,132.0,59.987762,119.858698,294.595963,2160,302,343,//qar7000185/GP0_UPLOAD/BOXER/CYLOM\KZ-05-57_GNGP-50\2026-07-10\2022-09-07\can_tapper30-03-04-06-59-23.pcap.gz
52,2026-06-04 01:16:16.248821,can_tapper30,"rgb(247,129,191)",PG4,127.0,115.0,117.0,9.448818897637794,100.0,128.0,-4.171761854115548,1500,-35.019999999991406,-5.019999999991406,100.0,0.0,395.0,395.0,1.114698,0.002531645569620253,0.0030379746835443038,0.0027848101265822785,synchronized_peak_current_voltage_drop,0.6600000000094823,0.7600000000001188,119.99999999999996,115.04443720467471,0.5235825653628814,5966,2.4193548387096775,0.638410908565963,20.085,-20.90829694323144,30.0,2.209274,4,229,60.0,120.0,117.0,122.0,146.0,146.0,146.0,132.0,59.987762,119.858698,294.595963,2160,302,343,//qar7000185/GP0_UPLOAD/BOXER/CYLOM\KZ-05-57_GNGP-50\2026-07-10\2022-09-07\can_tapper30-03-04-06-59-23.pcap.gz
53,2026-06-04 01:30:13.061061,can_tapper30,"rgb(153,153,153)",PG1_est,126.0,105.0,116.0,16.666666666666664,95.0,126.0,-2.388125505833079,1500,-35.019999999991406,-5.019999999991406,95.0,0.0,343.0,343.0,1.222757,0.0029154518950437317,0.006122448979591837,0.0029154518950437317,synchronized_peak_current_voltage_drop,0.7800000000095011,0.5000000000000782,2.565174071178317,146.56486457359748,0.8590389442124359,5960,8.49673202614379,1.3072189929657991,20.134999999999998,-43.286206896551725,26.0,2.217108,5,290,60.0,120.0,116.0,123.0,145.0,149.0,147.0,147.0,59.86895,119.994706,836.81224,2159,338,446,//qar7000185/GP0_UPLOAD/BOXER/CYLOM\KZ-05-57_GNGP-50\2026-07-10\2022-09-07\can_tapper30-03-04-07-59-23.pcap.gz
53,2026-06-04 01:30:13.061061,can_tapper30,"rgb(153,153,153)",PG2,125.0,115.0,115.0,8.0,90.0,126.0,-0.4419113075155028,1500,-35.019999999991406,-5.019999999991406,95.0,0.0,343.0,343.0,1.222757,0.0029154518950437317,0.0029154518950437317,0.003206997084548105,synchronized_peak_current_voltage_drop,0.8200000000095073,0.5200000000000813,1.5862030873085784,138.56036311219685,0.739038952767374,5958,9.803921568627452,1.1721545859434952,20.134999999999998,-43.286206896551725,26.0,2.217108,5,290,60.0,120.0,115.0,123.0,144.0,139.0,138.0,138.0,59.86895,119.994706,836.81224,2159,338,446,//qar7000185/GP0_UPLOAD/BOXER/CYLOM\KZ-05-57_GNGP-50\2026-07-10\2022-09-07\can_tapper30-03-04-07-59-23.pcap.gz
53,2026-06-04 01:30:13.061061,can_tapper30,"rgb(153,153,153)",PG3_est,126.0,114.0,119.0,9.523809523809524,95.0,126.0,-0.03377779278972452,1500,-35.019999999991406,-5.019999999991406,95.0,0.0,343.0,343.0,1.222757,0.002040816326530612,0.003498542274052478,0.002040816326530612,synchronized_peak_current_voltage_drop,0.6200000000094761,1.0000000000001563,2.565174071178317,146.47083546024294,0.8863285623867148,5968,4.801670146137787,0.8455531990477168,20.134999999999998,-43.286206896551725,26.0,2.217108,5,290,60.0,120.0,114.0,120.0,146.0,148.0,147.0,146.0,59.86895,119.994706,836.81224,2159,338,446,//qar7000185/GP0_UPLOAD/BOXER/CYLOM\KZ-05-57_GNGP-50\2026-07-10\2022-09-07\can_tapper30-03-04-07-59-23.pcap.gz
53,2026-06-04 01:30:13.061061,can_tapper30,"rgb(153,153,153)",PG4,126.0,114.0,119.0,9.523809523809524,95.0,126.0,-0.03377779278972452,1500,-35.019999999991406,-5.019999999991406,95.0,0.0,343.0,343.0,1.222757,0.002040816326530612,0.003498542274052478,0.002040816326530612,synchronized_peak_current_voltage_drop,0.6200000000094761,1.0000000000001563,2.565174071178317,146.47083546024294,0.8863285623867148,5968,4.801670146137787,0.8455531990477168,20.134999999999998,-43.286206896551725,26.0,2.217108,5,290,60.0,120.0,114.0,120.0,146.0,148.0,147.0,146.0,59.86895,119.994706,836.81224,2159,338,446,//qar7000185/GP0_UPLOAD/BOXER/CYLOM\KZ-05-57_GNGP-50\2026-07-10\2022-09-07\can_tapper30-03-04-07-59-23.pcap.gz
54,2026-06-04 02:09:29.228633,can_tapper30,"rgb(228,26,28)",PG1_est,128.0,113.0,113.0,11.71875,100.0,128.0,-1.3060628026941972,1500,-35.019999999991406,-5.019999999991406,100.0,0.0,483.0,483.0,0.991745,0.003105590062111801,0.003105590062111801,0.003105590062111801,synchronized_peak_current_voltage_drop,0.8800000000095167,0.5000000000000782,1.7887444673306678,139.3729353791782,0.6901433264397525,5955,8.130081300813009,2.09090114565572,20.025,-28.253968253968253,17.0,2.092924,7,315,60.0,120.0,113.0,126.0,141.0,141.0,139.0,139.0,59.904929,119.981876,2356.167572,2159,417,478,//qar7000185/GP0_UPLOAD/BOXER/CYLOM\KZ-05-57_GNGP-50\2026-07-10\2022-09-07\can_tapper30-03-04-07-59-23.pcap.gz
54,2026-06-04 02:09:29.228633,can_tapper30,"rgb(228,26,28)",PG2,127.0,118.0,125.0,7.086614173228346,100.0,128.0,-3.0753969223980486,1500,-35.019999999991406,-5.019999999991406,100.0,0.0,483.0,483.0,0.991745,0.00041407867494824016,0.0018633540372670807,0.0006211180124223603,synchronized_peak_current_voltage_drop,1.0200000000095386,0.5000000000000782,2.27471676670449,145.52194489468724,0.8674768678135065,5948,5.485232067510548,0.8574184675797484,20.025,-28.253968253968253,17.0,2.092924,7,315,60.0,120.0,125.0,123.0,145.0,145.0,146.0,146.0,59.904929,119.981876,2356.167572,2159,417,478,//qar7000185/GP0_UPLOAD/BOXER/CYLOM\KZ-05-57_GNGP-50\2026-07-10\2022-09-07\can_tapper30-03-04-07-59-23.pcap.gz
54,2026-06-04 02:09:29.228633,can_tapper30,"rgb(228,26,28)",PG3_est,128.0,118.0,118.0,7.8125,100.0,128.0,-0.38193794752783083,1500,-35.019999999991406,-5.019999999991406,100.0,0.0,483.0,483.0,0.991745,0.002070393374741201,0.002070393374741201,0.002070393374741201,synchronized_peak_current_voltage_drop,0.9800000000095324,1.0000000000001563,2.0171482422437275,143.87126565944564,0.8255070617985056,5950,3.252032520325203,0.9479276282980861,20.025,-28.253968253968253,17.0,2.092924,7,315,60.0,120.0,118.0,126.0,145.0,145.0,144.0,144.0,59.904929,119.981876,2356.167572,2159,417,478,//qar7000185/GP0_UPLOAD/BOXER/CYLOM\KZ-05-57_GNGP-50\2026-07-10\2022-09-07\can_tapper30-03-04-07-59-23.pcap.gz
54,2026-06-04 02:09:29.228633,can_tapper30,"rgb(228,26,28)",PG4,128.0,118.0,118.0,7.8125,100.0,128.0,-0.38193794752783083,1500,-35.019999999991406,-5.019999999991406,100.0,0.0,483.0,483.0,0.991745,0.002070393374741201,0.002070393374741201,0.002070393374741201,synchronized_peak_current_voltage_drop,0.9800000000095324,1.0000000000001563,2.0171482422437275,143.87126565944564,0.8255070617985056,5950,3.252032520325203,0.9479276282980861,20.025,-28.253968253968253,17.0,2.092924,7,315,60.0,120.0,118.0,126.0,145.0,145.0,144.0,144.0,59.904929,119.981876,2356.167572,2159,417,478,//qar7000185/GP0_UPLOAD/BOXER/CYLOM\KZ-05-57_GNGP-50\2026-07-10\2022-09-07\can_tapper30-03-04-07-59-23.pcap.gz
55,2026-06-04 02:44:58.683046,can_tapper30,"rgb(55,126,184)",PG1_est,128.0,104.0,120.0,18.75,100.0,129.0,-5.114828939923368,1500,-35.019999999991406,-5.019999999991406,100.0,0.0,490.0,490.0,0.382128,0.0016326530612244899,0.004897959183673469,0.0018367346938775511,synchronized_peak_current_voltage_drop,0.4200000000094448,0.5000000000000782,1.7887444673306678,138.59260894877605,0.7871427464593665,5978,11.67728237791932,2.0976917294252986,19.821428571428573,-20.679180887372013,24.0,2.38323,5,293,60.0,120.0,118.0,125.0,141.0,140.0,138.0,138.0,59.962994,119.906235,2129.454413,2159,417,686,//qar7000185/GP0_UPLOAD/BOXER/CYLOM\KZ-05-57_GNGP-50\2026-07-10\2022-09-07\can_tapper30-03-04-08-59-23.pcap.gz
55,2026-06-04 02:44:58.683046,can_tapper30,"rgb(55,126,184)",PG2,127.0,110.0,119.0,13.385826771653544,100.0,128.0,-2.575334477925778,1500,-35.019999999991406,-5.019999999991406,100.0,0.0,490.0,490.0,0.382128,0.0016326530612244899,0.0034693877551020408,0.0018367346938775511,synchronized_peak_current_voltage_drop,0.4800000000094542,1.0000000000001563,2.565174071178317,147.59525569397437,0.9130734515014558,5975,6.779661016949152,2.3199869945916145,19.821428571428573,-20.679180887372013,24.0,2.38323,5,293,60.0,120.0,118.0,125.0,147.0,145.0,148.0,148.0,59.962994,119.906235,2129.454413,2159,417,686,//qar7000185/GP0_UPLOAD/BOXER/CYLOM\KZ-05-57_GNGP-50\2026-07-10\2022-09-07\can_tapper30-03-04-08-59-23.pcap.gz
55,2026-06-04 02:44:58.683046,can_tapper30,"rgb(55,126,184)",PG3_est,128.0,118.0,124.0,7.8125,100.0,129.0,-4.237015216450717,1500,-35.019999999991406,-5.019999999991406,100.0,0.0,490.0,490.0,0.382128,0.0008163265306122449,0.0020408163265306124,0.0010204081632653062,synchronized_peak_current_voltage_drop,0.8800000000095167,1.0000000000001563,2.0171482422437275,144.0792393380817,0.7987916680339986,5955,5.307855626326964,1.7330844554656721,19.821428571428573,-20.679180887372013,24.0,2.38323,5,293,60.0,120.0,118.0,125.0,146.0,144.0,145.0,144.0,59.962994,119.906235,2129.454413,2159,417,686,//qar7000185/GP0_UPLOAD/BOXER/CYLOM\KZ-05-57_GNGP-50\2026-07-10\2022-09-07\can_tapper30-03-04-08-59-23.pcap.gz
55,2026-06-04 02:44:58.683046,can_tapper30,"rgb(55,126,184)",PG4,128.0,118.0,124.0,7.8125,100.0,129.0,-4.237015216450717,1500,-35.019999999991406,-5.019999999991406,100.0,0.0,490.0,490.0,0.382128,0.0008163265306122449,0.0020408163265306124,0.0010204081632653062,synchronized_peak_current_voltage_drop,0.8800000000095167,1.0000000000001563,2.0171482422437275,144.0792393380817,0.7987916680339986,5955,5.307855626326964,1.7330844554656721,19.821428571428573,-20.679180887372013,24.0,2.38323,5,293,60.0,120.0,118.0,125.0,146.0,144.0,145.0,144.0,59.962994,119.906235,2129.454413,2159,417,686,//qar7000185/GP0_UPLOAD/BOXER/CYLOM\KZ-05-57_GNGP-50\2026-07-10\2022-09-07\can_tapper30-03-04-08-59-23.pcap.gz
