start_index,start_time,can_tapper_id,event_time,t_rel,event_label,source_subfunction,source_subsub,event_color
0,2022-07-04 10:09:45.209737,can_tapper14,2022-07-04 10:09:45.209737,0.0,Engine starting command,Engine Status,status,"rgb(228,26,28)"
0,2022-07-04 10:09:45.209737,can_tapper14,2022-07-04 10:09:46.800674,1.590937,Engine running command,Engine Status,status,"rgb(228,26,28)"
1,2022-07-05 07:27:36.809784,can_tapper14,2022-07-05 07:27:36.809784,0.0,Engine starting command,Engine Status,status,"rgb(55,126,184)"
1,2022-07-05 07:27:36.809784,can_tapper14,2022-07-05 07:27:37.107783,0.297999,Glow plugs preheating,Engine Heater Glow Plugs Status,Engine Heater Glow Plugs,"rgb(55,126,184)"
1,2022-07-05 07:27:36.809784,can_tapper14,2022-07-05 07:27:38.463411,1.653627,Engine running command,Engine Status,status,"rgb(55,126,184)"
2,2022-07-05 08:07:48.210653,can_tapper14,2022-07-05 08:07:48.210653,0.0,Engine starting command,Engine Status,status,"rgb(77,175,74)"
2,2022-07-05 08:07:48.210653,can_tapper14,2022-07-05 08:07:48.615079,0.404426,Glow plugs preheating,Engine Heater Glow Plugs Status,Engine Heater Glow Plugs,"rgb(77,175,74)"
2,2022-07-05 08:07:48.210653,can_tapper14,2022-07-05 08:07:49.848411,1.637758,Engine running command,Engine Status,status,"rgb(77,175,74)"
3,2022-07-12 14:29:58.682779,can_tapper14,2022-07-12 14:29:58.682779,0.0,Engine starting command,Engine Status,status,"rgb(152,78,163)"
3,2022-07-12 14:29:58.682779,can_tapper14,2022-07-12 14:29:59.080352,0.397573,Glow plugs preheating,Engine Heater Glow Plugs Status,Engine Heater Glow Plugs,"rgb(152,78,163)"
3,2022-07-12 14:29:58.682779,can_tapper14,2022-07-12 14:30:00.465339,1.78256,Engine running command,Engine Status,status,"rgb(152,78,163)"
4,2022-07-21 09:39:33.289646,can_tapper14,2022-07-21 09:39:33.289646,0.0,Engine starting command,Engine Status,status,"rgb(255,127,0)"
4,2022-07-21 09:39:33.289646,can_tapper14,2022-07-21 09:39:31.103924,-2.185722,Glow plugs preheating,Engine Heater Glow Plugs Status,Engine Heater Glow Plugs,"rgb(255,127,0)"
4,2022-07-21 09:39:33.289646,can_tapper14,2022-07-21 09:39:33.708328,0.418682,Glow plugs preheating,Engine Heater Glow Plugs Status,Engine Heater Glow Plugs,"rgb(255,127,0)"
4,2022-07-21 09:39:33.289646,can_tapper14,2022-07-21 09:39:35.113594,1.823948,Engine running command,Engine Status,status,"rgb(255,127,0)"
5,2022-07-21 10:57:18.413465,can_tapper14,2022-07-21 10:57:18.413465,0.0,Engine starting command,Engine Status,status,"rgb(255,255,51)"
5,2022-07-21 10:57:18.413465,can_tapper14,2022-07-21 10:57:18.670719,0.257254,Glow plugs preheating,Engine Heater Glow Plugs Status,Engine Heater Glow Plugs,"rgb(255,255,51)"
5,2022-07-21 10:57:18.413465,can_tapper14,2022-07-21 10:57:20.092443,1.678978,Engine running command,Engine Status,status,"rgb(255,255,51)"
6,2022-07-21 11:24:13.197936,can_tapper14,2022-07-21 11:24:13.197936,0.0,Engine starting command,Engine Status,status,"rgb(166,86,40)"
6,2022-07-21 11:24:13.197936,can_tapper14,2022-07-21 11:24:04.435862,-8.762074,Glow plugs preheating,Engine Heater Glow Plugs Status,Engine Heater Glow Plugs,"rgb(166,86,40)"
6,2022-07-21 11:24:13.197936,can_tapper14,2022-07-21 11:24:13.638743,0.440807,Glow plugs preheating,Engine Heater Glow Plugs Status,Engine Heater Glow Plugs,"rgb(166,86,40)"
6,2022-07-21 11:24:13.197936,can_tapper14,2022-07-21 11:24:14.881036,1.6831,Engine running command,Engine Status,status,"rgb(166,86,40)"
6,2022-07-21 11:24:13.197936,can_tapper14,2022-07-21 11:25:26.128554,72.930618,Glow plugs preheating,Engine Heater Glow Plugs Status,Engine Heater Glow Plugs,"rgb(166,86,40)"
6,2022-07-21 11:24:13.197936,can_tapper14,2022-07-21 11:25:27.166567,73.968631,Engine running command,Engine Status,status,"rgb(166,86,40)"
7,2022-07-21 11:25:25.830111,can_tapper14,2022-07-21 11:25:25.830111,0.0,Engine starting command,Engine Status,status,"rgb(247,129,191)"
7,2022-07-21 11:25:25.830111,can_tapper14,2022-07-21 11:25:26.128554,0.298443,Glow plugs preheating,Engine Heater Glow Plugs Status,Engine Heater Glow Plugs,"rgb(247,129,191)"
7,2022-07-21 11:25:25.830111,can_tapper14,2022-07-21 11:25:27.166567,1.336456,Engine running command,Engine Status,status,"rgb(247,129,191)"
8,2022-07-21 11:33:39.581684,can_tapper14,2022-07-21 11:33:39.581684,0.0,Engine starting command,Engine Status,status,"rgb(153,153,153)"
8,2022-07-21 11:33:39.581684,can_tapper14,2022-07-21 11:33:39.916559,0.334875,Glow plugs preheating,Engine Heater Glow Plugs Status,Engine Heater Glow Plugs,"rgb(153,153,153)"
8,2022-07-21 11:33:39.581684,can_tapper14,2022-07-21 11:33:41.370339,1.788655,Engine running command,Engine Status,status,"rgb(153,153,153)"
9,2022-07-21 11:35:43.131064,can_tapper14,2022-07-21 11:35:43.131064,0.0,Engine starting command,Engine Status,status,"rgb(228,26,28)"
9,2022-07-21 11:35:43.131064,can_tapper14,2022-07-21 11:35:43.478864,0.3478,Glow plugs preheating,Engine Heater Glow Plugs Status,Engine Heater Glow Plugs,"rgb(228,26,28)"
9,2022-07-21 11:35:43.131064,can_tapper14,2022-07-21 11:35:44.604765,1.473701,Engine running command,Engine Status,status,"rgb(228,26,28)"
10,2022-07-21 11:38:11.316509,can_tapper14,2022-07-21 11:38:11.316509,0.0,Engine starting command,Engine Status,status,"rgb(55,126,184)"
10,2022-07-21 11:38:11.316509,can_tapper14,2022-07-21 11:38:11.608863,0.292354,Glow plugs preheating,Engine Heater Glow Plugs Status,Engine Heater Glow Plugs,"rgb(55,126,184)"
10,2022-07-21 11:38:11.316509,can_tapper14,2022-07-21 11:38:13.127339,1.81083,Engine running command,Engine Status,status,"rgb(55,126,184)"
11,2022-07-21 11:41:47.651865,can_tapper14,2022-07-21 11:41:47.651865,0.0,Engine starting command,Engine Status,status,"rgb(77,175,74)"
11,2022-07-21 11:41:47.651865,can_tapper14,2022-07-21 11:41:47.896689,0.244824,Glow plugs preheating,Engine Heater Glow Plugs Status,Engine Heater Glow Plugs,"rgb(77,175,74)"
11,2022-07-21 11:41:47.651865,can_tapper14,2022-07-21 11:41:49.155659,1.503794,Engine running command,Engine Status,status,"rgb(77,175,74)"
12,2022-07-21 11:46:50.438466,can_tapper14,2022-07-21 11:46:50.438466,0.0,Engine starting command,Engine Status,status,"rgb(152,78,163)"
12,2022-07-21 11:46:50.438466,can_tapper14,2022-07-21 11:46:50.857462,0.418996,Glow plugs preheating,Engine Heater Glow Plugs Status,Engine Heater Glow Plugs,"rgb(152,78,163)"
12,2022-07-21 11:46:50.438466,can_tapper14,2022-07-21 11:46:51.879862,1.441396,Engine running command,Engine Status,status,"rgb(152,78,163)"
13,2022-07-21 11:51:19.502426,can_tapper14,2022-07-21 11:51:19.502426,0.0,Engine starting command,Engine Status,status,"rgb(255,127,0)"
13,2022-07-21 11:51:19.502426,can_tapper14,2022-07-21 11:51:19.930471,0.428045,Glow plugs preheating,Engine Heater Glow Plugs Status,Engine Heater Glow Plugs,"rgb(255,127,0)"
13,2022-07-21 11:51:19.502426,can_tapper14,2022-07-21 11:51:21.301632,1.799206,Engine running command,Engine Status,status,"rgb(255,127,0)"
14,2022-07-21 11:54:47.461772,can_tapper14,2022-07-21 11:54:47.461772,0.0,Engine starting command,Engine Status,status,"rgb(255,255,51)"
14,2022-07-21 11:54:47.461772,can_tapper14,2022-07-21 11:54:45.156039,-2.305733,Glow plugs preheating,Engine Heater Glow Plugs Status,Engine Heater Glow Plugs,"rgb(255,255,51)"
14,2022-07-21 11:54:47.461772,can_tapper14,2022-07-21 11:54:48.776588,1.314816,Engine running command,Engine Status,status,"rgb(255,255,51)"
15,2022-07-21 11:58:49.915159,can_tapper14,2022-07-21 11:58:49.915159,0.0,Engine starting command,Engine Status,status,"rgb(166,86,40)"
15,2022-07-21 11:58:49.915159,can_tapper14,2022-07-21 11:58:47.609242,-2.305917,Glow plugs preheating,Engine Heater Glow Plugs Status,Engine Heater Glow Plugs,"rgb(166,86,40)"
15,2022-07-21 11:58:49.915159,can_tapper14,2022-07-21 11:58:51.397802,1.482643,Engine running command,Engine Status,status,"rgb(166,86,40)"
16,2022-07-21 12:03:38.473659,can_tapper14,2022-07-21 12:03:38.473659,0.0,Engine starting command,Engine Status,status,"rgb(247,129,191)"
16,2022-07-21 12:03:38.473659,can_tapper14,2022-07-21 12:03:38.879812,0.406153,Glow plugs preheating,Engine Heater Glow Plugs Status,Engine Heater Glow Plugs,"rgb(247,129,191)"
16,2022-07-21 12:03:38.473659,can_tapper14,2022-07-21 12:03:39.964566,1.490907,Engine running command,Engine Status,status,"rgb(247,129,191)"
17,2022-07-21 12:08:10.420517,can_tapper14,2022-07-21 12:08:10.420517,0.0,Engine starting command,Engine Status,status,"rgb(153,153,153)"
17,2022-07-21 12:08:10.420517,can_tapper14,2022-07-21 12:08:10.623543,0.203026,Glow plugs preheating,Engine Heater Glow Plugs Status,Engine Heater Glow Plugs,"rgb(153,153,153)"
17,2022-07-21 12:08:10.420517,can_tapper14,2022-07-21 12:08:11.992659,1.572142,Engine running command,Engine Status,status,"rgb(153,153,153)"
18,2022-07-21 12:11:27.602009,can_tapper14,2022-07-21 12:11:27.602009,0.0,Engine starting command,Engine Status,status,"rgb(228,26,28)"
18,2022-07-21 12:11:27.602009,can_tapper14,2022-07-21 12:11:27.906409,0.3044,Glow plugs preheating,Engine Heater Glow Plugs Status,Engine Heater Glow Plugs,"rgb(228,26,28)"
18,2022-07-21 12:11:27.602009,can_tapper14,2022-07-21 12:11:29.146164,1.544155,Engine running command,Engine Status,status,"rgb(228,26,28)"
19,2022-07-21 12:13:45.863182,can_tapper14,2022-07-21 12:13:45.863182,0.0,Engine starting command,Engine Status,status,"rgb(55,126,184)"
19,2022-07-21 12:13:45.863182,can_tapper14,2022-07-21 12:13:46.182361,0.319179,Glow plugs preheating,Engine Heater Glow Plugs Status,Engine Heater Glow Plugs,"rgb(55,126,184)"
19,2022-07-21 12:13:45.863182,can_tapper14,2022-07-21 12:13:47.161543,1.298361,Engine running command,Engine Status,status,"rgb(55,126,184)"
20,2022-07-21 12:18:40.419967,can_tapper14,2022-07-21 12:18:40.419967,0.0,Engine starting command,Engine Status,status,"rgb(77,175,74)"
20,2022-07-21 12:18:40.419967,can_tapper14,2022-07-21 12:18:38.315642,-2.104325,Glow plugs preheating,Engine Heater Glow Plugs Status,Engine Heater Glow Plugs,"rgb(77,175,74)"
20,2022-07-21 12:18:40.419967,can_tapper14,2022-07-21 12:18:41.954040,1.534073,Engine running command,Engine Status,status,"rgb(77,175,74)"
21,2022-07-21 12:20:55.375866,can_tapper14,2022-07-21 12:20:55.375866,0.0,Engine starting command,Engine Status,status,"rgb(152,78,163)"
21,2022-07-21 12:20:55.375866,can_tapper14,2022-07-21 12:20:55.689234,0.313368,Glow plugs preheating,Engine Heater Glow Plugs Status,Engine Heater Glow Plugs,"rgb(152,78,163)"
21,2022-07-21 12:20:55.375866,can_tapper14,2022-07-21 12:20:56.881406,1.50554,Engine running command,Engine Status,status,"rgb(152,78,163)"
22,2022-08-01 11:27:57.376207,can_tapper14,2022-08-01 11:27:57.376207,0.0,Engine starting command,Engine Status,status,"rgb(255,127,0)"
22,2022-08-01 11:27:57.376207,can_tapper14,2022-08-01 11:27:57.798777,0.42257,Glow plugs preheating,Engine Heater Glow Plugs Status,Engine Heater Glow Plugs,"rgb(255,127,0)"
22,2022-08-01 11:27:57.376207,can_tapper14,2022-08-01 11:27:58.721805,1.345598,Engine running command,Engine Status,status,"rgb(255,127,0)"
23,2022-08-02 07:56:26.541845,can_tapper14,2022-08-02 07:56:26.541845,0.0,Engine starting command,Engine Status,status,"rgb(255,255,51)"
23,2022-08-02 07:56:26.541845,can_tapper14,2022-08-02 07:56:26.835779,0.293934,Glow plugs preheating,Engine Heater Glow Plugs Status,Engine Heater Glow Plugs,"rgb(255,255,51)"
23,2022-08-02 07:56:26.541845,can_tapper14,2022-08-02 07:56:28.119059,1.577214,Engine running command,Engine Status,status,"rgb(255,255,51)"
24,2022-08-02 08:11:59.698334,can_tapper14,2022-08-02 08:11:59.698334,0.0,Engine starting command,Engine Status,status,"rgb(166,86,40)"
24,2022-08-02 08:11:59.698334,can_tapper14,2022-08-02 08:11:57.405638,-2.292696,Glow plugs preheating,Engine Heater Glow Plugs Status,Engine Heater Glow Plugs,"rgb(166,86,40)"
24,2022-08-02 08:11:59.698334,can_tapper14,2022-08-02 08:12:01.063079,1.364745,Engine running command,Engine Status,status,"rgb(166,86,40)"
25,2022-08-02 09:04:47.959845,can_tapper14,2022-08-02 09:04:47.959845,0.0,Engine starting command,Engine Status,status,"rgb(247,129,191)"
25,2022-08-02 09:04:47.959845,can_tapper14,2022-08-02 09:04:48.302136,0.342291,Glow plugs preheating,Engine Heater Glow Plugs Status,Engine Heater Glow Plugs,"rgb(247,129,191)"
25,2022-08-02 09:04:47.959845,can_tapper14,2022-08-02 09:04:49.553615,1.59377,Engine running command,Engine Status,status,"rgb(247,129,191)"
26,2022-08-02 12:00:27.808972,can_tapper14,2022-08-02 12:00:27.808972,0.0,Engine starting command,Engine Status,status,"rgb(153,153,153)"
26,2022-08-02 12:00:27.808972,can_tapper14,2022-08-02 12:00:25.605122,-2.20385,Glow plugs preheating,Engine Heater Glow Plugs Status,Engine Heater Glow Plugs,"rgb(153,153,153)"
26,2022-08-02 12:00:27.808972,can_tapper14,2022-08-02 12:00:29.656276,1.847304,Engine running command,Engine Status,status,"rgb(153,153,153)"
27,2022-09-12 12:53:44.001602,can_tapper14,2022-09-12 12:53:44.001602,0.0,Engine starting command,Engine Status,status,"rgb(228,26,28)"
27,2022-09-12 12:53:44.001602,can_tapper14,2022-09-12 12:53:44.407025,0.405423,Glow plugs preheating,Engine Heater Glow Plugs Status,Engine Heater Glow Plugs,"rgb(228,26,28)"
27,2022-09-12 12:53:44.001602,can_tapper14,2022-09-12 12:53:45.716709,1.715107,Engine running command,Engine Status,status,"rgb(228,26,28)"
28,2022-09-13 13:49:20.078510,can_tapper14,2022-09-13 13:49:20.078510,0.0,Engine starting command,Engine Status,status,"rgb(55,126,184)"
28,2022-09-13 13:49:20.078510,can_tapper14,2022-09-13 13:48:45.648760,-34.42975,Glow plugs preheating,Engine Heater Glow Plugs Status,Engine Heater Glow Plugs,"rgb(55,126,184)"
28,2022-09-13 13:49:20.078510,can_tapper14,2022-09-13 13:49:19.262336,-0.816174,Glow plugs preheating,Engine Heater Glow Plugs Status,Engine Heater Glow Plugs,"rgb(55,126,184)"
28,2022-09-13 13:49:20.078510,can_tapper14,2022-09-13 13:49:21.863550,1.78504,Engine running command,Engine Status,status,"rgb(55,126,184)"
29,2022-09-14 13:06:30.064608,can_tapper14,2022-09-14 13:06:30.064608,0.0,Engine starting command,Engine Status,status,"rgb(77,175,74)"
29,2022-09-14 13:06:30.064608,can_tapper14,2022-09-14 13:06:30.344984,0.280376,Glow plugs preheating,Engine Heater Glow Plugs Status,Engine Heater Glow Plugs,"rgb(77,175,74)"
29,2022-09-14 13:06:30.064608,can_tapper14,2022-09-14 13:06:31.815095,1.750487,Engine running command,Engine Status,status,"rgb(77,175,74)"
30,2022-09-14 13:10:59.026898,can_tapper14,2022-09-14 13:10:59.026898,0.0,Engine starting command,Engine Status,status,"rgb(152,78,163)"
30,2022-09-14 13:10:59.026898,can_tapper14,2022-09-14 13:10:59.384128,0.35723,Glow plugs preheating,Engine Heater Glow Plugs Status,Engine Heater Glow Plugs,"rgb(152,78,163)"
30,2022-09-14 13:10:59.026898,can_tapper14,2022-09-14 13:11:00.539487,1.512589,Engine running command,Engine Status,status,"rgb(152,78,163)"
31,2022-09-15 20:33:21.740441,can_tapper14,2022-09-15 20:33:21.740441,0.0,Engine starting command,Engine Status,status,"rgb(255,127,0)"
31,2022-09-15 20:33:21.740441,can_tapper14,2022-09-15 20:33:22.089019,0.348578,Glow plugs preheating,Engine Heater Glow Plugs Status,Engine Heater Glow Plugs,"rgb(255,127,0)"
31,2022-09-15 20:33:21.740441,can_tapper14,2022-09-15 20:33:44.095053,22.354612,Glow plugs preheating,Engine Heater Glow Plugs Status,Engine Heater Glow Plugs,"rgb(255,127,0)"
31,2022-09-15 20:33:21.740441,can_tapper14,2022-09-15 20:34:09.700597,47.960156,Glow plugs preheating,Engine Heater Glow Plugs Status,Engine Heater Glow Plugs,"rgb(255,127,0)"
31,2022-09-15 20:33:21.740441,can_tapper14,2022-09-15 20:34:11.193626,49.453185,Engine running command,Engine Status,status,"rgb(255,127,0)"
32,2022-09-15 20:34:09.347495,can_tapper14,2022-09-15 20:34:09.347495,0.0,Engine starting command,Engine Status,status,"rgb(255,255,51)"
32,2022-09-15 20:34:09.347495,can_tapper14,2022-09-15 20:33:22.089019,-47.258476,Glow plugs preheating,Engine Heater Glow Plugs Status,Engine Heater Glow Plugs,"rgb(255,255,51)"
32,2022-09-15 20:34:09.347495,can_tapper14,2022-09-15 20:33:44.095053,-25.252442,Glow plugs preheating,Engine Heater Glow Plugs Status,Engine Heater Glow Plugs,"rgb(255,255,51)"
32,2022-09-15 20:34:09.347495,can_tapper14,2022-09-15 20:34:09.700597,0.353102,Glow plugs preheating,Engine Heater Glow Plugs Status,Engine Heater Glow Plugs,"rgb(255,255,51)"
32,2022-09-15 20:34:09.347495,can_tapper14,2022-09-15 20:34:11.193626,1.846131,Engine running command,Engine Status,status,"rgb(255,255,51)"
33,2022-09-19 13:36:15.014461,can_tapper14,2022-09-19 13:36:15.014461,0.0,Engine starting command,Engine Status,status,"rgb(166,86,40)"
33,2022-09-19 13:36:15.014461,can_tapper14,2022-09-19 13:36:12.707491,-2.30697,Glow plugs preheating,Engine Heater Glow Plugs Status,Engine Heater Glow Plugs,"rgb(166,86,40)"
33,2022-09-19 13:36:15.014461,can_tapper14,2022-09-19 13:36:16.446196,1.431735,Engine running command,Engine Status,status,"rgb(166,86,40)"
34,2022-09-19 21:11:55.552536,can_tapper14,2022-09-19 21:11:55.552536,0.0,Engine starting command,Engine Status,status,"rgb(247,129,191)"
34,2022-09-19 21:11:55.552536,can_tapper14,2022-09-19 21:11:55.874563,0.322027,Glow plugs preheating,Engine Heater Glow Plugs Status,Engine Heater Glow Plugs,"rgb(247,129,191)"
34,2022-09-19 21:11:55.552536,can_tapper14,2022-09-19 21:11:57.205400,1.652864,Engine running command,Engine Status,status,"rgb(247,129,191)"
35,2022-09-20 10:41:17.728704,can_tapper14,2022-09-20 10:41:17.728704,0.0,Engine starting command,Engine Status,status,"rgb(153,153,153)"
35,2022-09-20 10:41:17.728704,can_tapper14,2022-09-20 10:41:18.012072,0.283368,Glow plugs preheating,Engine Heater Glow Plugs Status,Engine Heater Glow Plugs,"rgb(153,153,153)"
35,2022-09-20 10:41:17.728704,can_tapper14,2022-09-20 10:41:19.463324,1.73462,Engine running command,Engine Status,status,"rgb(153,153,153)"
36,2022-09-20 11:07:02.953567,can_tapper14,2022-09-20 11:07:02.953567,0.0,Engine starting command,Engine Status,status,"rgb(228,26,28)"
36,2022-09-20 11:07:02.953567,can_tapper14,2022-09-20 11:07:03.264170,0.310603,Glow plugs preheating,Engine Heater Glow Plugs Status,Engine Heater Glow Plugs,"rgb(228,26,28)"
36,2022-09-20 11:07:02.953567,can_tapper14,2022-09-20 11:07:04.459378,1.505811,Engine running command,Engine Status,status,"rgb(228,26,28)"
37,2022-09-20 12:05:34.571076,can_tapper14,2022-09-20 12:05:34.571076,0.0,Engine starting command,Engine Status,status,"rgb(55,126,184)"
37,2022-09-20 12:05:34.571076,can_tapper14,2022-09-20 12:05:34.909476,0.3384,Glow plugs preheating,Engine Heater Glow Plugs Status,Engine Heater Glow Plugs,"rgb(55,126,184)"
37,2022-09-20 12:05:34.571076,can_tapper14,2022-09-20 12:05:36.025687,1.454611,Engine running command,Engine Status,status,"rgb(55,126,184)"
38,2022-09-20 15:30:02.912166,can_tapper14,2022-09-20 15:30:02.912166,0.0,Engine starting command,Engine Status,status,"rgb(77,175,74)"
38,2022-09-20 15:30:02.912166,can_tapper14,2022-09-20 15:30:03.178433,0.266267,Glow plugs preheating,Engine Heater Glow Plugs Status,Engine Heater Glow Plugs,"rgb(77,175,74)"
38,2022-09-20 15:30:02.912166,can_tapper14,2022-09-20 15:30:04.424334,1.512168,Engine running command,Engine Status,status,"rgb(77,175,74)"
39,2022-09-20 15:46:25.657131,can_tapper14,2022-09-20 15:46:25.657131,0.0,Engine starting command,Engine Status,status,"rgb(152,78,163)"
39,2022-09-20 15:46:25.657131,can_tapper14,2022-09-20 15:46:25.855575,0.198444,Glow plugs preheating,Engine Heater Glow Plugs Status,Engine Heater Glow Plugs,"rgb(152,78,163)"
39,2022-09-20 15:46:25.657131,can_tapper14,2022-09-20 15:46:27.411523,1.754392,Engine running command,Engine Status,status,"rgb(152,78,163)"
39,2022-09-20 15:46:25.657131,can_tapper14,2022-09-20 15:48:02.802374,97.145243,Glow plugs preheating,Engine Heater Glow Plugs Status,Engine Heater Glow Plugs,"rgb(152,78,163)"
39,2022-09-20 15:46:25.657131,can_tapper14,2022-09-20 15:48:03.854653,98.197522,Engine running command,Engine Status,status,"rgb(152,78,163)"
40,2022-09-20 15:48:02.402678,can_tapper14,2022-09-20 15:48:02.402678,0.0,Engine starting command,Engine Status,status,"rgb(255,127,0)"
40,2022-09-20 15:48:02.402678,can_tapper14,2022-09-20 15:48:02.802374,0.399696,Glow plugs preheating,Engine Heater Glow Plugs Status,Engine Heater Glow Plugs,"rgb(255,127,0)"
40,2022-09-20 15:48:02.402678,can_tapper14,2022-09-20 15:48:03.854653,1.451975,Engine running command,Engine Status,status,"rgb(255,127,0)"
41,2022-09-20 15:58:47.776595,can_tapper14,2022-09-20 15:58:47.776595,0.0,Engine starting command,Engine Status,status,"rgb(255,255,51)"
41,2022-09-20 15:58:47.776595,can_tapper14,2022-09-20 15:58:48.174701,0.398106,Glow plugs preheating,Engine Heater Glow Plugs Status,Engine Heater Glow Plugs,"rgb(255,255,51)"
41,2022-09-20 15:58:47.776595,can_tapper14,2022-09-20 15:58:49.306026,1.529431,Engine running command,Engine Status,status,"rgb(255,255,51)"
42,2022-09-21 07:12:31.519329,can_tapper14,2022-09-21 07:12:31.519329,0.0,Engine starting command,Engine Status,status,"rgb(166,86,40)"
42,2022-09-21 07:12:31.519329,can_tapper14,2022-09-21 07:12:31.811383,0.292054,Glow plugs preheating,Engine Heater Glow Plugs Status,Engine Heater Glow Plugs,"rgb(166,86,40)"
42,2022-09-21 07:12:31.519329,can_tapper14,2022-09-21 07:12:33.151703,1.632374,Engine running command,Engine Status,status,"rgb(166,86,40)"
43,2022-09-21 07:22:11.862033,can_tapper14,2022-09-21 07:22:11.862033,0.0,Engine starting command,Engine Status,status,"rgb(247,129,191)"
43,2022-09-21 07:22:11.862033,can_tapper14,2022-09-21 07:22:12.060584,0.198551,Glow plugs preheating,Engine Heater Glow Plugs Status,Engine Heater Glow Plugs,"rgb(247,129,191)"
43,2022-09-21 07:22:11.862033,can_tapper14,2022-09-21 07:22:13.210700,1.348667,Engine running command,Engine Status,status,"rgb(247,129,191)"
44,2022-09-21 09:49:28.249550,can_tapper14,2022-09-21 09:49:28.249550,0.0,Engine starting command,Engine Status,status,"rgb(153,153,153)"
44,2022-09-21 09:49:28.249550,can_tapper14,2022-09-21 09:49:28.479446,0.229896,Glow plugs preheating,Engine Heater Glow Plugs Status,Engine Heater Glow Plugs,"rgb(153,153,153)"
44,2022-09-21 09:49:28.249550,can_tapper14,2022-09-21 09:49:29.872131,1.622581,Engine running command,Engine Status,status,"rgb(153,153,153)"
45,2022-09-21 11:35:38.179476,can_tapper14,2022-09-21 11:35:38.179476,0.0,Engine starting command,Engine Status,status,"rgb(228,26,28)"
45,2022-09-21 11:35:38.179476,can_tapper14,2022-09-21 11:35:38.578501,0.399025,Glow plugs preheating,Engine Heater Glow Plugs Status,Engine Heater Glow Plugs,"rgb(228,26,28)"
45,2022-09-21 11:35:38.179476,can_tapper14,2022-09-21 11:35:39.485892,1.306416,Engine running command,Engine Status,status,"rgb(228,26,28)"
46,2022-09-21 15:50:04.976418,can_tapper14,2022-09-21 15:50:04.976418,0.0,Engine starting command,Engine Status,status,"rgb(55,126,184)"
46,2022-09-21 15:50:04.976418,can_tapper14,2022-09-21 15:50:05.174590,0.198172,Glow plugs preheating,Engine Heater Glow Plugs Status,Engine Heater Glow Plugs,"rgb(55,126,184)"
46,2022-09-21 15:50:04.976418,can_tapper14,2022-09-21 15:50:06.312142,1.335724,Engine running command,Engine Status,status,"rgb(55,126,184)"
47,2022-09-21 16:29:02.153392,can_tapper14,2022-09-21 16:29:02.153392,0.0,Engine starting command,Engine Status,status,"rgb(77,175,74)"
47,2022-09-21 16:29:02.153392,can_tapper14,2022-09-21 16:29:02.492324,0.338932,Glow plugs preheating,Engine Heater Glow Plugs Status,Engine Heater Glow Plugs,"rgb(77,175,74)"
47,2022-09-21 16:29:02.153392,can_tapper14,2022-09-21 16:29:03.884109,1.730717,Engine running command,Engine Status,status,"rgb(77,175,74)"
48,2022-09-22 07:00:46.564403,can_tapper14,2022-09-22 07:00:46.564403,0.0,Engine starting command,Engine Status,status,"rgb(152,78,163)"
48,2022-09-22 07:00:46.564403,can_tapper14,2022-09-22 07:00:46.850153,0.28575,Glow plugs preheating,Engine Heater Glow Plugs Status,Engine Heater Glow Plugs,"rgb(152,78,163)"
48,2022-09-22 07:00:46.564403,can_tapper14,2022-09-22 07:00:48.130272,1.565869,Engine running command,Engine Status,status,"rgb(152,78,163)"
49,2022-09-22 09:13:16.688772,can_tapper14,2022-09-22 09:13:16.688772,0.0,Engine starting command,Engine Status,status,"rgb(255,127,0)"
49,2022-09-22 09:13:16.688772,can_tapper14,2022-09-22 09:13:16.987022,0.29825,Glow plugs preheating,Engine Heater Glow Plugs Status,Engine Heater Glow Plugs,"rgb(255,127,0)"
49,2022-09-22 09:13:16.688772,can_tapper14,2022-09-22 09:13:18.227392,1.53862,Engine running command,Engine Status,status,"rgb(255,127,0)"
50,2022-09-22 10:45:17.859676,can_tapper14,2022-09-22 10:45:17.859676,0.0,Engine starting command,Engine Status,status,"rgb(255,255,51)"
50,2022-09-22 10:45:17.859676,can_tapper14,2022-09-22 10:45:18.255677,0.396001,Glow plugs preheating,Engine Heater Glow Plugs Status,Engine Heater Glow Plugs,"rgb(255,255,51)"
50,2022-09-22 10:45:17.859676,can_tapper14,2022-09-22 10:45:19.387466,1.52779,Engine running command,Engine Status,status,"rgb(255,255,51)"
51,2022-09-22 13:15:39.281333,can_tapper14,2022-09-22 13:15:39.281333,0.0,Engine starting command,Engine Status,status,"rgb(166,86,40)"
51,2022-09-22 13:15:39.281333,can_tapper14,2022-09-22 13:15:39.479455,0.198122,Glow plugs preheating,Engine Heater Glow Plugs Status,Engine Heater Glow Plugs,"rgb(166,86,40)"
51,2022-09-22 13:15:39.281333,can_tapper14,2022-09-22 13:15:40.919632,1.638299,Engine running command,Engine Status,status,"rgb(166,86,40)"
52,2022-09-22 16:44:20.172127,can_tapper14,2022-09-22 16:44:20.172127,0.0,Engine starting command,Engine Status,status,"rgb(247,129,191)"
52,2022-09-22 16:44:20.172127,can_tapper14,2022-09-22 16:44:20.569761,0.397634,Glow plugs preheating,Engine Heater Glow Plugs Status,Engine Heater Glow Plugs,"rgb(247,129,191)"
52,2022-09-22 16:44:20.172127,can_tapper14,2022-09-22 16:44:21.804294,1.632167,Engine running command,Engine Status,status,"rgb(247,129,191)"
53,2022-10-11 13:27:46.108467,can_tapper14,2022-10-11 13:27:46.108467,0.0,Engine starting command,Engine Status,status,"rgb(153,153,153)"
53,2022-10-11 13:27:46.108467,can_tapper14,2022-10-11 13:27:47.699175,1.590708,Engine running command,Engine Status,status,"rgb(153,153,153)"
54,2022-10-11 14:11:13.008371,can_tapper14,2022-10-11 14:11:13.008371,0.0,Engine starting command,Engine Status,status,"rgb(228,26,28)"
54,2022-10-11 14:11:13.008371,can_tapper14,2022-10-11 14:11:10.702889,-2.305482,Glow plugs preheating,Engine Heater Glow Plugs Status,Engine Heater Glow Plugs,"rgb(228,26,28)"
54,2022-10-11 14:11:13.008371,can_tapper14,2022-10-11 14:11:14.673028,1.664657,Engine running command,Engine Status,status,"rgb(228,26,28)"
55,2022-10-13 10:11:24.147987,can_tapper14,2022-10-13 10:11:24.147987,0.0,Engine starting command,Engine Status,status,"rgb(55,126,184)"
55,2022-10-13 10:11:24.147987,can_tapper14,2022-10-13 10:11:22.142792,-2.005195,Glow plugs preheating,Engine Heater Glow Plugs Status,Engine Heater Glow Plugs,"rgb(55,126,184)"
55,2022-10-13 10:11:24.147987,can_tapper14,2022-10-13 10:11:25.948268,1.800281,Engine running command,Engine Status,status,"rgb(55,126,184)"
56,2022-10-13 11:41:33.902046,can_tapper14,2022-10-13 11:41:33.902046,0.0,Engine starting command,Engine Status,status,"rgb(77,175,74)"
56,2022-10-13 11:41:33.902046,can_tapper14,2022-10-13 11:41:34.230198,0.328152,Glow plugs preheating,Engine Heater Glow Plugs Status,Engine Heater Glow Plugs,"rgb(77,175,74)"
56,2022-10-13 11:41:33.902046,can_tapper14,2022-10-13 11:41:35.470373,1.568327,Engine running command,Engine Status,status,"rgb(77,175,74)"
57,2022-10-13 13:14:49.587936,can_tapper14,2022-10-13 13:14:49.587936,0.0,Engine starting command,Engine Status,status,"rgb(152,78,163)"
57,2022-10-13 13:14:49.587936,can_tapper14,2022-10-13 13:14:25.914469,-23.673467,Glow plugs preheating,Engine Heater Glow Plugs Status,Engine Heater Glow Plugs,"rgb(152,78,163)"
57,2022-10-13 13:14:49.587936,can_tapper14,2022-10-13 13:14:49.828282,0.240346,Glow plugs preheating,Engine Heater Glow Plugs Status,Engine Heater Glow Plugs,"rgb(152,78,163)"
57,2022-10-13 13:14:49.587936,can_tapper14,2022-10-13 13:14:51.073941,1.486005,Engine running command,Engine Status,status,"rgb(152,78,163)"
58,2022-10-20 10:09:42.872308,can_tapper14,2022-10-20 10:09:42.872308,0.0,Engine starting command,Engine Status,status,"rgb(255,127,0)"
58,2022-10-20 10:09:42.872308,can_tapper14,2022-10-20 10:09:43.193306,0.320998,Glow plugs preheating,Engine Heater Glow Plugs Status,Engine Heater Glow Plugs,"rgb(255,127,0)"
58,2022-10-20 10:09:42.872308,can_tapper14,2022-10-20 10:09:44.388217,1.515909,Engine running command,Engine Status,status,"rgb(255,127,0)"
59,2022-10-20 12:59:15.907975,can_tapper14,2022-10-20 12:59:15.907975,0.0,Engine starting command,Engine Status,status,"rgb(255,255,51)"
59,2022-10-20 12:59:15.907975,can_tapper14,2022-10-20 12:59:13.955040,-1.952935,Glow plugs preheating,Engine Heater Glow Plugs Status,Engine Heater Glow Plugs,"rgb(255,255,51)"
59,2022-10-20 12:59:15.907975,can_tapper14,2022-10-20 12:59:17.419290,1.511315,Engine running command,Engine Status,status,"rgb(255,255,51)"
60,2022-10-31 09:43:51.268810,can_tapper14,2022-10-31 09:43:51.268810,0.0,Engine starting command,Engine Status,status,"rgb(166,86,40)"
60,2022-10-31 09:43:51.268810,can_tapper14,2022-10-31 09:43:51.607692,0.338882,Glow plugs preheating,Engine Heater Glow Plugs Status,Engine Heater Glow Plugs,"rgb(166,86,40)"
60,2022-10-31 09:43:51.268810,can_tapper14,2022-10-31 09:43:52.795391,1.526581,Engine running command,Engine Status,status,"rgb(166,86,40)"
61,2022-11-01 08:29:30.677386,can_tapper14,2022-11-01 08:29:30.677386,0.0,Engine starting command,Engine Status,status,"rgb(247,129,191)"
61,2022-11-01 08:29:30.677386,can_tapper14,2022-11-01 08:29:31.097941,0.420555,Glow plugs preheating,Engine Heater Glow Plugs Status,Engine Heater Glow Plugs,"rgb(247,129,191)"
61,2022-11-01 08:29:30.677386,can_tapper14,2022-11-01 08:29:32.460073,1.782687,Engine running command,Engine Status,status,"rgb(247,129,191)"
62,2022-11-01 08:42:29.537462,can_tapper14,2022-11-01 08:42:29.537462,0.0,Engine starting command,Engine Status,status,"rgb(153,153,153)"
62,2022-11-01 08:42:29.537462,can_tapper14,2022-11-01 08:42:29.777162,0.2397,Glow plugs preheating,Engine Heater Glow Plugs Status,Engine Heater Glow Plugs,"rgb(153,153,153)"
62,2022-11-01 08:42:29.537462,can_tapper14,2022-11-01 08:42:31.233942,1.69648,Engine running command,Engine Status,status,"rgb(153,153,153)"
63,2022-11-03 09:01:00.495976,can_tapper14,2022-11-03 09:01:00.495976,0.0,Engine starting command,Engine Status,status,"rgb(228,26,28)"
63,2022-11-03 09:01:00.495976,can_tapper14,2022-11-03 09:01:00.802342,0.306366,Glow plugs preheating,Engine Heater Glow Plugs Status,Engine Heater Glow Plugs,"rgb(228,26,28)"
63,2022-11-03 09:01:00.495976,can_tapper14,2022-11-03 09:01:02.218717,1.722741,Engine running command,Engine Status,status,"rgb(228,26,28)"
64,2022-11-03 09:41:05.641500,can_tapper14,2022-11-03 09:41:05.641500,0.0,Engine starting command,Engine Status,status,"rgb(55,126,184)"
64,2022-11-03 09:41:05.641500,can_tapper14,2022-11-03 09:41:03.338800,-2.3027,Glow plugs preheating,Engine Heater Glow Plugs Status,Engine Heater Glow Plugs,"rgb(55,126,184)"
64,2022-11-03 09:41:05.641500,can_tapper14,2022-11-03 09:41:07.239782,1.598282,Engine running command,Engine Status,status,"rgb(55,126,184)"
65,2022-11-03 21:45:30.116932,can_tapper14,2022-11-03 21:45:30.116932,0.0,Engine starting command,Engine Status,status,"rgb(77,175,74)"
65,2022-11-03 21:45:30.116932,can_tapper14,2022-11-03 21:45:28.013841,-2.103091,Glow plugs preheating,Engine Heater Glow Plugs Status,Engine Heater Glow Plugs,"rgb(77,175,74)"
65,2022-11-03 21:45:30.116932,can_tapper14,2022-11-03 21:45:31.923591,1.806659,Engine running command,Engine Status,status,"rgb(77,175,74)"
66,2022-11-04 09:21:38.637353,can_tapper14,2022-11-04 09:21:38.637353,0.0,Engine starting command,Engine Status,status,"rgb(152,78,163)"
66,2022-11-04 09:21:38.637353,can_tapper14,2022-11-04 09:21:36.532547,-2.104806,Glow plugs preheating,Engine Heater Glow Plugs Status,Engine Heater Glow Plugs,"rgb(152,78,163)"
66,2022-11-04 09:21:38.637353,can_tapper14,2022-11-04 09:21:40.269041,1.631688,Engine running command,Engine Status,status,"rgb(152,78,163)"
67,2022-11-05 07:54:36.844977,can_tapper14,2022-11-05 07:54:36.844977,0.0,Engine starting command,Engine Status,status,"rgb(255,127,0)"
67,2022-11-05 07:54:36.844977,can_tapper14,2022-11-05 07:54:37.159726,0.314749,Glow plugs preheating,Engine Heater Glow Plugs Status,Engine Heater Glow Plugs,"rgb(255,127,0)"
67,2022-11-05 07:54:36.844977,can_tapper14,2022-11-05 07:54:38.491079,1.646102,Engine running command,Engine Status,status,"rgb(255,127,0)"
68,2022-11-05 16:33:53.610862,can_tapper14,2022-11-05 16:33:53.610862,0.0,Engine starting command,Engine Status,status,"rgb(255,255,51)"
68,2022-11-05 16:33:53.610862,can_tapper14,2022-11-05 16:33:51.502457,-2.108405,Glow plugs preheating,Engine Heater Glow Plugs Status,Engine Heater Glow Plugs,"rgb(255,255,51)"
68,2022-11-05 16:33:53.610862,can_tapper14,2022-11-05 16:33:55.137265,1.526403,Engine running command,Engine Status,status,"rgb(255,255,51)"
69,2022-11-06 08:43:40.122206,can_tapper14,2022-11-06 08:43:40.122206,0.0,Engine starting command,Engine Status,status,"rgb(166,86,40)"
69,2022-11-06 08:43:40.122206,can_tapper14,2022-11-06 08:43:41.953276,1.83107,Engine running command,Engine Status,status,"rgb(166,86,40)"
70,2022-11-09 08:26:46.437668,can_tapper14,2022-11-09 08:26:46.437668,0.0,Engine starting command,Engine Status,status,"rgb(247,129,191)"
70,2022-11-09 08:26:46.437668,can_tapper14,2022-11-09 08:26:44.331504,-2.106164,Glow plugs preheating,Engine Heater Glow Plugs Status,Engine Heater Glow Plugs,"rgb(247,129,191)"
70,2022-11-09 08:26:46.437668,can_tapper14,2022-11-09 08:26:48.019829,1.582161,Engine running command,Engine Status,status,"rgb(247,129,191)"
71,2022-11-09 09:36:22.023610,can_tapper14,2022-11-09 09:36:22.023610,0.0,Engine starting command,Engine Status,status,"rgb(153,153,153)"
71,2022-11-09 09:36:22.023610,can_tapper14,2022-11-09 09:36:19.919366,-2.104244,Glow plugs preheating,Engine Heater Glow Plugs Status,Engine Heater Glow Plugs,"rgb(153,153,153)"
71,2022-11-09 09:36:22.023610,can_tapper14,2022-11-09 09:36:23.654785,1.631175,Engine running command,Engine Status,status,"rgb(153,153,153)"
72,2022-11-09 09:36:22.023610,can_tapper14,2022-11-09 09:36:22.023610,0.0,Engine starting command,Engine Status,status,"rgb(228,26,28)"
72,2022-11-09 09:36:22.023610,can_tapper14,2022-11-09 09:36:19.919366,-2.104244,Glow plugs preheating,Engine Heater Glow Plugs Status,Engine Heater Glow Plugs,"rgb(228,26,28)"
72,2022-11-09 09:36:22.023610,can_tapper14,2022-11-09 09:36:23.654785,1.631175,Engine running command,Engine Status,status,"rgb(228,26,28)"
73,2022-11-09 12:04:40.148733,can_tapper14,2022-11-09 12:04:40.148733,0.0,Engine starting command,Engine Status,status,"rgb(55,126,184)"
73,2022-11-09 12:04:40.148733,can_tapper14,2022-11-09 12:04:37.944084,-2.204649,Glow plugs preheating,Engine Heater Glow Plugs Status,Engine Heater Glow Plugs,"rgb(55,126,184)"
73,2022-11-09 12:04:40.148733,can_tapper14,2022-11-09 12:04:41.893994,1.745261,Engine running command,Engine Status,status,"rgb(55,126,184)"
74,2022-11-09 13:35:02.295123,can_tapper14,2022-11-09 13:35:02.295123,0.0,Engine starting command,Engine Status,status,"rgb(77,175,74)"
74,2022-11-09 13:35:02.295123,can_tapper14,2022-11-09 13:35:02.611480,0.316357,Glow plugs preheating,Engine Heater Glow Plugs Status,Engine Heater Glow Plugs,"rgb(77,175,74)"
74,2022-11-09 13:35:02.295123,can_tapper14,2022-11-09 13:35:03.955330,1.660207,Engine running command,Engine Status,status,"rgb(77,175,74)"
75,2022-11-09 16:57:23.516059,can_tapper14,2022-11-09 16:57:23.516059,0.0,Engine starting command,Engine Status,status,"rgb(152,78,163)"
75,2022-11-09 16:57:23.516059,can_tapper14,2022-11-09 16:57:21.210284,-2.305775,Glow plugs preheating,Engine Heater Glow Plugs Status,Engine Heater Glow Plugs,"rgb(152,78,163)"
75,2022-11-09 16:57:23.516059,can_tapper14,2022-11-09 16:57:25.414626,1.898567,Engine running command,Engine Status,status,"rgb(152,78,163)"
76,2022-11-10 07:55:10.069117,can_tapper14,2022-11-10 07:55:10.069117,0.0,Engine starting command,Engine Status,status,"rgb(255,127,0)"
76,2022-11-10 07:55:10.069117,can_tapper14,2022-11-10 07:55:10.438348,0.369231,Glow plugs preheating,Engine Heater Glow Plugs Status,Engine Heater Glow Plugs,"rgb(255,127,0)"
76,2022-11-10 07:55:10.069117,can_tapper14,2022-11-10 07:55:11.999175,1.930058,Engine running command,Engine Status,status,"rgb(255,127,0)"
77,2022-11-10 10:00:06.095301,can_tapper14,2022-11-10 10:00:06.095301,0.0,Engine starting command,Engine Status,status,"rgb(255,255,51)"
77,2022-11-10 10:00:06.095301,can_tapper14,2022-11-10 10:00:03.788350,-2.306951,Glow plugs preheating,Engine Heater Glow Plugs Status,Engine Heater Glow Plugs,"rgb(255,255,51)"
77,2022-11-10 10:00:06.095301,can_tapper14,2022-11-10 10:00:07.702763,1.607462,Engine running command,Engine Status,status,"rgb(255,255,51)"
78,2022-11-10 11:00:10.050478,can_tapper14,2022-11-10 11:00:10.050478,0.0,Engine starting command,Engine Status,status,"rgb(166,86,40)"
78,2022-11-10 11:00:10.050478,can_tapper14,2022-11-10 11:00:07.933857,-2.116621,Glow plugs preheating,Engine Heater Glow Plugs Status,Engine Heater Glow Plugs,"rgb(166,86,40)"
78,2022-11-10 11:00:10.050478,can_tapper14,2022-11-10 11:00:11.733288,1.68281,Engine running command,Engine Status,status,"rgb(166,86,40)"
79,2022-11-10 11:28:01.418801,can_tapper14,2022-11-10 11:28:01.418801,0.0,Engine starting command,Engine Status,status,"rgb(247,129,191)"
79,2022-11-10 11:28:01.418801,can_tapper14,2022-11-10 11:27:59.414651,-2.00415,Glow plugs preheating,Engine Heater Glow Plugs Status,Engine Heater Glow Plugs,"rgb(247,129,191)"
79,2022-11-10 11:28:01.418801,can_tapper14,2022-11-10 11:28:03.172724,1.753923,Engine running command,Engine Status,status,"rgb(247,129,191)"
80,2022-11-10 13:08:56.241053,can_tapper14,2022-11-10 13:08:56.241053,0.0,Engine starting command,Engine Status,status,"rgb(153,153,153)"
80,2022-11-10 13:08:56.241053,can_tapper14,2022-11-10 13:08:54.134372,-2.106681,Glow plugs preheating,Engine Heater Glow Plugs Status,Engine Heater Glow Plugs,"rgb(153,153,153)"
80,2022-11-10 13:08:56.241053,can_tapper14,2022-11-10 13:08:57.920385,1.679332,Engine running command,Engine Status,status,"rgb(153,153,153)"
81,2022-11-10 13:56:04.866766,can_tapper14,2022-11-10 13:56:04.866766,0.0,Engine starting command,Engine Status,status,"rgb(228,26,28)"
81,2022-11-10 13:56:04.866766,can_tapper14,2022-11-10 13:56:02.660840,-2.205926,Glow plugs preheating,Engine Heater Glow Plugs Status,Engine Heater Glow Plugs,"rgb(228,26,28)"
81,2022-11-10 13:56:04.866766,can_tapper14,2022-11-10 13:56:06.495669,1.628903,Engine running command,Engine Status,status,"rgb(228,26,28)"
82,2022-11-10 14:24:50.201009,can_tapper14,2022-11-10 14:24:50.201009,0.0,Engine starting command,Engine Status,status,"rgb(55,126,184)"
82,2022-11-10 14:24:50.201009,can_tapper14,2022-11-10 14:24:47.895055,-2.305954,Glow plugs preheating,Engine Heater Glow Plugs Status,Engine Heater Glow Plugs,"rgb(55,126,184)"
82,2022-11-10 14:24:50.201009,can_tapper14,2022-11-10 14:24:51.776363,1.575354,Engine running command,Engine Status,status,"rgb(55,126,184)"
83,2022-11-11 07:37:17.820667,can_tapper14,2022-11-11 07:37:17.820667,0.0,Engine starting command,Engine Status,status,"rgb(77,175,74)"
83,2022-11-11 07:37:17.820667,can_tapper14,2022-11-11 07:37:18.069571,0.248904,Glow plugs preheating,Engine Heater Glow Plugs Status,Engine Heater Glow Plugs,"rgb(77,175,74)"
83,2022-11-11 07:37:17.820667,can_tapper14,2022-11-11 07:37:19.462077,1.64141,Engine running command,Engine Status,status,"rgb(77,175,74)"
84,2022-11-11 10:29:21.300255,can_tapper14,2022-11-11 10:29:21.300255,0.0,Engine starting command,Engine Status,status,"rgb(152,78,163)"
84,2022-11-11 10:29:21.300255,can_tapper14,2022-11-11 10:29:19.196840,-2.103415,Glow plugs preheating,Engine Heater Glow Plugs Status,Engine Heater Glow Plugs,"rgb(152,78,163)"
84,2022-11-11 10:29:21.300255,can_tapper14,2022-11-11 10:29:22.916081,1.615826,Engine running command,Engine Status,status,"rgb(152,78,163)"
85,2022-11-11 10:29:21.300255,can_tapper14,2022-11-11 10:29:21.300255,0.0,Engine starting command,Engine Status,status,"rgb(255,127,0)"
85,2022-11-11 10:29:21.300255,can_tapper14,2022-11-11 10:29:19.196840,-2.103415,Glow plugs preheating,Engine Heater Glow Plugs Status,Engine Heater Glow Plugs,"rgb(255,127,0)"
85,2022-11-11 10:29:21.300255,can_tapper14,2022-11-11 10:29:22.916081,1.615826,Engine running command,Engine Status,status,"rgb(255,127,0)"
86,2022-11-11 17:02:13.012908,can_tapper14,2022-11-11 17:02:13.012908,0.0,Engine starting command,Engine Status,status,"rgb(255,255,51)"
86,2022-11-11 17:02:13.012908,can_tapper14,2022-11-11 17:02:13.430113,0.417205,Glow plugs preheating,Engine Heater Glow Plugs Status,Engine Heater Glow Plugs,"rgb(255,255,51)"
86,2022-11-11 17:02:13.012908,can_tapper14,2022-11-11 17:02:14.577507,1.564599,Engine running command,Engine Status,status,"rgb(255,255,51)"
87,2022-11-11 17:02:13.012908,can_tapper14,2022-11-11 17:02:13.012908,0.0,Engine starting command,Engine Status,status,"rgb(166,86,40)"
87,2022-11-11 17:02:13.012908,can_tapper14,2022-11-11 17:02:13.430113,0.417205,Glow plugs preheating,Engine Heater Glow Plugs Status,Engine Heater Glow Plugs,"rgb(166,86,40)"
87,2022-11-11 17:02:13.012908,can_tapper14,2022-11-11 17:02:14.577507,1.564599,Engine running command,Engine Status,status,"rgb(166,86,40)"
88,2022-11-12 07:27:25.929383,can_tapper14,2022-11-12 07:27:25.929383,0.0,Engine starting command,Engine Status,status,"rgb(247,129,191)"
88,2022-11-12 07:27:25.929383,can_tapper14,2022-11-12 07:27:23.822339,-2.107044,Glow plugs preheating,Engine Heater Glow Plugs Status,Engine Heater Glow Plugs,"rgb(247,129,191)"
88,2022-11-12 07:27:25.929383,can_tapper14,2022-11-12 07:27:27.316013,1.38663,Engine running command,Engine Status,status,"rgb(247,129,191)"
89,2022-11-12 08:03:31.538000,can_tapper14,2022-11-12 08:03:31.538000,0.0,Engine starting command,Engine Status,status,"rgb(153,153,153)"
89,2022-11-12 08:03:31.538000,can_tapper14,2022-11-12 08:03:29.433967,-2.104033,Glow plugs preheating,Engine Heater Glow Plugs Status,Engine Heater Glow Plugs,"rgb(153,153,153)"
89,2022-11-12 08:03:31.538000,can_tapper14,2022-11-12 08:03:33.203940,1.66594,Engine running command,Engine Status,status,"rgb(153,153,153)"
90,2022-11-12 09:05:55.846021,can_tapper14,2022-11-12 09:05:55.846021,0.0,Engine starting command,Engine Status,status,"rgb(228,26,28)"
90,2022-11-12 09:05:55.846021,can_tapper14,2022-11-12 09:05:53.540402,-2.305619,Glow plugs preheating,Engine Heater Glow Plugs Status,Engine Heater Glow Plugs,"rgb(228,26,28)"
90,2022-11-12 09:05:55.846021,can_tapper14,2022-11-12 09:05:57.264395,1.418374,Engine running command,Engine Status,status,"rgb(228,26,28)"
91,2022-11-12 11:16:41.005974,can_tapper14,2022-11-12 11:16:41.005974,0.0,Engine starting command,Engine Status,status,"rgb(55,126,184)"
91,2022-11-12 11:16:41.005974,can_tapper14,2022-11-12 11:16:40.018634,-0.98734,Glow plugs preheating,Engine Heater Glow Plugs Status,Engine Heater Glow Plugs,"rgb(55,126,184)"
91,2022-11-12 11:16:41.005974,can_tapper14,2022-11-12 11:16:42.535476,1.529502,Engine running command,Engine Status,status,"rgb(55,126,184)"
92,2022-11-12 13:42:58.581978,can_tapper14,2022-11-12 13:42:58.581978,0.0,Engine starting command,Engine Status,status,"rgb(77,175,74)"
92,2022-11-12 13:42:58.581978,can_tapper14,2022-11-12 13:42:56.376353,-2.205625,Glow plugs preheating,Engine Heater Glow Plugs Status,Engine Heater Glow Plugs,"rgb(77,175,74)"
92,2022-11-12 13:42:58.581978,can_tapper14,2022-11-12 13:43:00.012620,1.430642,Engine running command,Engine Status,status,"rgb(77,175,74)"
93,2022-11-12 14:53:08.738996,can_tapper14,2022-11-12 14:53:08.738996,0.0,Engine starting command,Engine Status,status,"rgb(152,78,163)"
93,2022-11-12 14:53:08.738996,can_tapper14,2022-11-12 14:53:06.733805,-2.005191,Glow plugs preheating,Engine Heater Glow Plugs Status,Engine Heater Glow Plugs,"rgb(152,78,163)"
93,2022-11-12 14:53:08.738996,can_tapper14,2022-11-12 14:53:10.483283,1.744287,Engine running command,Engine Status,status,"rgb(152,78,163)"
94,2022-11-12 15:56:53.186172,can_tapper14,2022-11-12 15:56:53.186172,0.0,Engine starting command,Engine Status,status,"rgb(255,127,0)"
94,2022-11-12 15:56:53.186172,can_tapper14,2022-11-12 15:56:51.080986,-2.105186,Glow plugs preheating,Engine Heater Glow Plugs Status,Engine Heater Glow Plugs,"rgb(255,127,0)"
94,2022-11-12 15:56:53.186172,can_tapper14,2022-11-12 15:56:54.732686,1.546514,Engine running command,Engine Status,status,"rgb(255,127,0)"
95,2022-11-12 18:58:33.425770,can_tapper14,2022-11-12 18:58:33.425770,0.0,Engine starting command,Engine Status,status,"rgb(255,255,51)"
95,2022-11-12 18:58:33.425770,can_tapper14,2022-11-12 18:58:31.121679,-2.304091,Glow plugs preheating,Engine Heater Glow Plugs Status,Engine Heater Glow Plugs,"rgb(255,255,51)"
95,2022-11-12 18:58:33.425770,can_tapper14,2022-11-12 18:58:34.840878,1.415108,Engine running command,Engine Status,status,"rgb(255,255,51)"
96,2022-11-13 07:26:08.310046,can_tapper14,2022-11-13 07:26:08.310046,0.0,Engine starting command,Engine Status,status,"rgb(166,86,40)"
96,2022-11-13 07:26:08.310046,can_tapper14,2022-11-13 07:26:08.635797,0.325751,Glow plugs preheating,Engine Heater Glow Plugs Status,Engine Heater Glow Plugs,"rgb(166,86,40)"
96,2022-11-13 07:26:08.310046,can_tapper14,2022-11-13 07:26:09.639650,1.329604,Engine running command,Engine Status,status,"rgb(166,86,40)"
97,2022-11-13 13:12:50.189830,can_tapper14,2022-11-13 13:12:50.189830,0.0,Engine starting command,Engine Status,status,"rgb(247,129,191)"
97,2022-11-13 13:12:50.189830,can_tapper14,2022-11-13 13:12:50.584803,0.394973,Glow plugs preheating,Engine Heater Glow Plugs Status,Engine Heater Glow Plugs,"rgb(247,129,191)"
97,2022-11-13 13:12:50.189830,can_tapper14,2022-11-13 13:12:51.943483,1.753653,Engine running command,Engine Status,status,"rgb(247,129,191)"
98,2022-11-13 15:15:42.474611,can_tapper14,2022-11-13 15:15:42.474611,0.0,Engine starting command,Engine Status,status,"rgb(153,153,153)"
98,2022-11-13 15:15:42.474611,can_tapper14,2022-11-13 15:15:40.368998,-2.105613,Glow plugs preheating,Engine Heater Glow Plugs Status,Engine Heater Glow Plugs,"rgb(153,153,153)"
98,2022-11-13 15:15:42.474611,can_tapper14,2022-11-13 15:15:43.791617,1.317006,Engine running command,Engine Status,status,"rgb(153,153,153)"
98,2022-11-13 15:15:42.474611,can_tapper14,2022-11-13 15:17:38.680039,116.205428,Engine running command,Engine Status,status,"rgb(153,153,153)"
99,2022-11-13 15:17:36.913516,can_tapper14,2022-11-13 15:17:36.913516,0.0,Engine starting command,Engine Status,status,"rgb(228,26,28)"
99,2022-11-13 15:17:36.913516,can_tapper14,2022-11-13 15:17:38.680039,1.766523,Engine running command,Engine Status,status,"rgb(228,26,28)"
100,2022-11-13 17:17:28.200639,can_tapper14,2022-11-13 17:17:28.200639,0.0,Engine starting command,Engine Status,status,"rgb(55,126,184)"
100,2022-11-13 17:17:28.200639,can_tapper14,2022-11-13 17:17:25.891703,-2.308936,Glow plugs preheating,Engine Heater Glow Plugs Status,Engine Heater Glow Plugs,"rgb(55,126,184)"
100,2022-11-13 17:17:28.200639,can_tapper14,2022-11-13 17:17:29.867648,1.667009,Engine running command,Engine Status,status,"rgb(55,126,184)"
101,2022-11-14 07:31:44.233091,can_tapper14,2022-11-14 07:31:44.233091,0.0,Engine starting command,Engine Status,status,"rgb(77,175,74)"
101,2022-11-14 07:31:44.233091,can_tapper14,2022-11-14 07:31:42.124135,-2.108956,Glow plugs preheating,Engine Heater Glow Plugs Status,Engine Heater Glow Plugs,"rgb(77,175,74)"
101,2022-11-14 07:31:44.233091,can_tapper14,2022-11-14 07:31:45.751337,1.518246,Engine running command,Engine Status,status,"rgb(77,175,74)"
102,2022-11-14 12:35:45.630554,can_tapper14,2022-11-14 12:35:45.630554,0.0,Engine starting command,Engine Status,status,"rgb(152,78,163)"
102,2022-11-14 12:35:45.630554,can_tapper14,2022-11-14 12:35:38.517889,-7.112665,Glow plugs preheating,Engine Heater Glow Plugs Status,Engine Heater Glow Plugs,"rgb(152,78,163)"
102,2022-11-14 12:35:45.630554,can_tapper14,2022-11-14 12:35:43.624693,-2.005861,Glow plugs preheating,Engine Heater Glow Plugs Status,Engine Heater Glow Plugs,"rgb(152,78,163)"
102,2022-11-14 12:35:45.630554,can_tapper14,2022-11-14 12:35:46.940799,1.310245,Engine running command,Engine Status,status,"rgb(152,78,163)"
103,2022-11-14 14:14:31.143272,can_tapper14,2022-11-14 14:14:31.143272,0.0,Engine starting command,Engine Status,status,"rgb(255,127,0)"
103,2022-11-14 14:14:31.143272,can_tapper14,2022-11-14 14:14:28.936808,-2.206464,Glow plugs preheating,Engine Heater Glow Plugs Status,Engine Heater Glow Plugs,"rgb(255,127,0)"
103,2022-11-14 14:14:31.143272,can_tapper14,2022-11-14 14:14:32.870379,1.727107,Engine running command,Engine Status,status,"rgb(255,127,0)"
104,2022-11-14 15:10:07.030037,can_tapper14,2022-11-14 15:10:07.030037,0.0,Engine starting command,Engine Status,status,"rgb(255,255,51)"
104,2022-11-14 15:10:07.030037,can_tapper14,2022-11-14 15:10:04.918844,-2.111193,Glow plugs preheating,Engine Heater Glow Plugs Status,Engine Heater Glow Plugs,"rgb(255,255,51)"
104,2022-11-14 15:10:07.030037,can_tapper14,2022-11-14 15:10:08.878018,1.847981,Engine running command,Engine Status,status,"rgb(255,255,51)"
105,2022-11-14 16:01:14.904737,can_tapper14,2022-11-14 16:01:14.904737,0.0,Engine starting command,Engine Status,status,"rgb(166,86,40)"
105,2022-11-14 16:01:14.904737,can_tapper14,2022-11-14 16:01:12.793125,-2.111612,Glow plugs preheating,Engine Heater Glow Plugs Status,Engine Heater Glow Plugs,"rgb(166,86,40)"
105,2022-11-14 16:01:14.904737,can_tapper14,2022-11-14 16:01:16.338779,1.434042,Engine running command,Engine Status,status,"rgb(166,86,40)"
106,2022-11-15 07:39:33.720162,can_tapper14,2022-11-15 07:39:33.720162,0.0,Engine starting command,Engine Status,status,"rgb(247,129,191)"
106,2022-11-15 07:39:33.720162,can_tapper14,2022-11-15 07:39:31.412286,-2.307876,Glow plugs preheating,Engine Heater Glow Plugs Status,Engine Heater Glow Plugs,"rgb(247,129,191)"
106,2022-11-15 07:39:33.720162,can_tapper14,2022-11-15 07:39:35.365036,1.644874,Engine running command,Engine Status,status,"rgb(247,129,191)"
107,2022-11-15 12:25:32.047032,can_tapper14,2022-11-15 12:25:32.047032,0.0,Engine starting command,Engine Status,status,"rgb(153,153,153)"
107,2022-11-15 12:25:32.047032,can_tapper14,2022-11-15 12:25:29.942508,-2.104524,Glow plugs preheating,Engine Heater Glow Plugs Status,Engine Heater Glow Plugs,"rgb(153,153,153)"
107,2022-11-15 12:25:32.047032,can_tapper14,2022-11-15 12:25:33.342132,1.2951,Engine running command,Engine Status,status,"rgb(153,153,153)"
108,2022-11-15 15:14:38.728778,can_tapper14,2022-11-15 15:14:38.728778,0.0,Engine starting command,Engine Status,status,"rgb(228,26,28)"
108,2022-11-15 15:14:38.728778,can_tapper14,2022-11-15 15:14:36.625816,-2.102962,Glow plugs preheating,Engine Heater Glow Plugs Status,Engine Heater Glow Plugs,"rgb(228,26,28)"
108,2022-11-15 15:14:38.728778,can_tapper14,2022-11-15 15:14:40.417229,1.688451,Engine running command,Engine Status,status,"rgb(228,26,28)"
109,2022-11-15 17:47:24.490889,can_tapper14,2022-11-15 17:47:24.490889,0.0,Engine starting command,Engine Status,status,"rgb(55,126,184)"
109,2022-11-15 17:47:24.490889,can_tapper14,2022-11-15 17:47:22.382650,-2.108239,Glow plugs preheating,Engine Heater Glow Plugs Status,Engine Heater Glow Plugs,"rgb(55,126,184)"
109,2022-11-15 17:47:24.490889,can_tapper14,2022-11-15 17:47:25.907254,1.416365,Engine running command,Engine Status,status,"rgb(55,126,184)"
110,2022-11-15 19:07:20.219282,can_tapper14,2022-11-15 19:07:20.219282,0.0,Engine starting command,Engine Status,status,"rgb(77,175,74)"
110,2022-11-15 19:07:20.219282,can_tapper14,2022-11-15 19:07:18.112879,-2.106403,Glow plugs preheating,Engine Heater Glow Plugs Status,Engine Heater Glow Plugs,"rgb(77,175,74)"
110,2022-11-15 19:07:20.219282,can_tapper14,2022-11-15 19:07:21.828130,1.608848,Engine running command,Engine Status,status,"rgb(77,175,74)"
111,2022-11-15 21:02:08.758423,can_tapper14,2022-11-15 21:02:08.758423,0.0,Engine starting command,Engine Status,status,"rgb(152,78,163)"
111,2022-11-15 21:02:08.758423,can_tapper14,2022-11-15 21:02:06.652557,-2.105866,Glow plugs preheating,Engine Heater Glow Plugs Status,Engine Heater Glow Plugs,"rgb(152,78,163)"
111,2022-11-15 21:02:08.758423,can_tapper14,2022-11-15 21:02:10.438852,1.680429,Engine running command,Engine Status,status,"rgb(152,78,163)"
112,2022-11-15 23:21:06.505393,can_tapper14,2022-11-15 23:21:06.505393,0.0,Engine starting command,Engine Status,status,"rgb(255,127,0)"
112,2022-11-15 23:21:06.505393,can_tapper14,2022-11-15 23:21:06.903825,0.398432,Glow plugs preheating,Engine Heater Glow Plugs Status,Engine Heater Glow Plugs,"rgb(255,127,0)"
112,2022-11-15 23:21:06.505393,can_tapper14,2022-11-15 23:21:08.155988,1.650595,Engine running command,Engine Status,status,"rgb(255,127,0)"
113,2022-11-16 00:56:02.733273,can_tapper14,2022-11-16 00:56:02.733273,0.0,Engine starting command,Engine Status,status,"rgb(255,255,51)"
113,2022-11-16 00:56:02.733273,can_tapper14,2022-11-16 00:56:00.628151,-2.105122,Glow plugs preheating,Engine Heater Glow Plugs Status,Engine Heater Glow Plugs,"rgb(255,255,51)"
113,2022-11-16 00:56:02.733273,can_tapper14,2022-11-16 00:56:04.055577,1.322304,Engine running command,Engine Status,status,"rgb(255,255,51)"
114,2022-11-16 03:00:52.292872,can_tapper14,2022-11-16 03:00:52.292872,0.0,Engine starting command,Engine Status,status,"rgb(166,86,40)"
114,2022-11-16 03:00:52.292872,can_tapper14,2022-11-16 03:00:50.188888,-2.103984,Glow plugs preheating,Engine Heater Glow Plugs Status,Engine Heater Glow Plugs,"rgb(166,86,40)"
114,2022-11-16 03:00:52.292872,can_tapper14,2022-11-16 03:00:54.021491,1.728619,Engine running command,Engine Status,status,"rgb(166,86,40)"
115,2022-11-16 04:57:59.322794,can_tapper14,2022-11-16 04:57:59.322794,0.0,Engine starting command,Engine Status,status,"rgb(247,129,191)"
115,2022-11-16 04:57:59.322794,can_tapper14,2022-11-16 04:57:59.719243,0.396449,Glow plugs preheating,Engine Heater Glow Plugs Status,Engine Heater Glow Plugs,"rgb(247,129,191)"
115,2022-11-16 04:57:59.322794,can_tapper14,2022-11-16 04:58:00.860072,1.537278,Engine running command,Engine Status,status,"rgb(247,129,191)"
116,2022-11-16 06:48:51.262543,can_tapper14,2022-11-16 06:48:51.262543,0.0,Engine starting command,Engine Status,status,"rgb(153,153,153)"
116,2022-11-16 06:48:51.262543,can_tapper14,2022-11-16 06:48:51.546207,0.283664,Glow plugs preheating,Engine Heater Glow Plugs Status,Engine Heater Glow Plugs,"rgb(153,153,153)"
116,2022-11-16 06:48:51.262543,can_tapper14,2022-11-16 06:48:52.976718,1.714175,Engine running command,Engine Status,status,"rgb(153,153,153)"
117,2022-11-16 09:26:59.962152,can_tapper14,2022-11-16 09:26:59.962152,0.0,Engine starting command,Engine Status,status,"rgb(228,26,28)"
117,2022-11-16 09:26:59.962152,can_tapper14,2022-11-16 09:27:00.363703,0.401551,Glow plugs preheating,Engine Heater Glow Plugs Status,Engine Heater Glow Plugs,"rgb(228,26,28)"
117,2022-11-16 09:26:59.962152,can_tapper14,2022-11-16 09:27:01.555231,1.593079,Engine running command,Engine Status,status,"rgb(228,26,28)"
118,2022-11-16 13:20:11.069924,can_tapper14,2022-11-16 13:20:11.069924,0.0,Engine starting command,Engine Status,status,"rgb(55,126,184)"
118,2022-11-16 13:20:11.069924,can_tapper14,2022-11-16 13:20:08.964785,-2.105139,Glow plugs preheating,Engine Heater Glow Plugs Status,Engine Heater Glow Plugs,"rgb(55,126,184)"
118,2022-11-16 13:20:11.069924,can_tapper14,2022-11-16 13:20:12.632255,1.562331,Engine running command,Engine Status,status,"rgb(55,126,184)"
119,2022-11-16 14:22:14.750341,can_tapper14,2022-11-16 14:22:14.750341,0.0,Engine starting command,Engine Status,status,"rgb(77,175,74)"
119,2022-11-16 14:22:14.750341,can_tapper14,2022-11-16 14:22:12.646390,-2.103951,Glow plugs preheating,Engine Heater Glow Plugs Status,Engine Heater Glow Plugs,"rgb(77,175,74)"
119,2022-11-16 14:22:14.750341,can_tapper14,2022-11-16 14:22:16.376918,1.626577,Engine running command,Engine Status,status,"rgb(77,175,74)"
120,2022-11-16 15:07:19.824204,can_tapper14,2022-11-16 15:07:19.824204,0.0,Engine starting command,Engine Status,status,"rgb(152,78,163)"
120,2022-11-16 15:07:19.824204,can_tapper14,2022-11-16 15:07:17.715231,-2.108973,Glow plugs preheating,Engine Heater Glow Plugs Status,Engine Heater Glow Plugs,"rgb(152,78,163)"
120,2022-11-16 15:07:19.824204,can_tapper14,2022-11-16 15:07:21.417994,1.59379,Engine running command,Engine Status,status,"rgb(152,78,163)"
121,2022-11-17 10:36:32.109860,can_tapper14,2022-11-17 10:36:32.109860,0.0,Engine starting command,Engine Status,status,"rgb(255,127,0)"
121,2022-11-17 10:36:32.109860,can_tapper14,2022-11-17 10:36:33.678397,1.568537,Engine running command,Engine Status,status,"rgb(255,127,0)"
122,2022-11-17 11:12:30.534157,can_tapper14,2022-11-17 11:12:30.534157,0.0,Engine starting command,Engine Status,status,"rgb(255,255,51)"
122,2022-11-17 11:12:30.534157,can_tapper14,2022-11-17 11:12:28.330263,-2.203894,Glow plugs preheating,Engine Heater Glow Plugs Status,Engine Heater Glow Plugs,"rgb(255,255,51)"
122,2022-11-17 11:12:30.534157,can_tapper14,2022-11-17 11:12:31.952263,1.418106,Engine running command,Engine Status,status,"rgb(255,255,51)"
123,2022-11-22 09:37:59.385449,can_tapper14,2022-11-22 09:37:59.385449,0.0,Engine starting command,Engine Status,status,"rgb(166,86,40)"
123,2022-11-22 09:37:59.385449,can_tapper14,2022-11-22 09:37:59.711986,0.326537,Glow plugs preheating,Engine Heater Glow Plugs Status,Engine Heater Glow Plugs,"rgb(166,86,40)"
123,2022-11-22 09:37:59.385449,can_tapper14,2022-11-22 09:38:00.956977,1.571528,Engine running command,Engine Status,status,"rgb(166,86,40)"
124,2022-11-22 09:49:54.918177,can_tapper14,2022-11-22 09:49:54.918177,0.0,Engine starting command,Engine Status,status,"rgb(247,129,191)"
124,2022-11-22 09:49:54.918177,can_tapper14,2022-11-22 09:49:55.160414,0.242237,Glow plugs preheating,Engine Heater Glow Plugs Status,Engine Heater Glow Plugs,"rgb(247,129,191)"
124,2022-11-22 09:49:54.918177,can_tapper14,2022-11-22 09:50:10.164349,15.246172,Glow plugs preheating,Engine Heater Glow Plugs Status,Engine Heater Glow Plugs,"rgb(247,129,191)"
124,2022-11-22 09:49:54.918177,can_tapper14,2022-11-22 09:50:11.425185,16.507008,Engine running command,Engine Status,status,"rgb(247,129,191)"
125,2022-11-22 09:50:09.825309,can_tapper14,2022-11-22 09:50:09.825309,0.0,Engine starting command,Engine Status,status,"rgb(153,153,153)"
125,2022-11-22 09:50:09.825309,can_tapper14,2022-11-22 09:49:55.160414,-14.664895,Glow plugs preheating,Engine Heater Glow Plugs Status,Engine Heater Glow Plugs,"rgb(153,153,153)"
125,2022-11-22 09:50:09.825309,can_tapper14,2022-11-22 09:50:10.164349,0.33904,Glow plugs preheating,Engine Heater Glow Plugs Status,Engine Heater Glow Plugs,"rgb(153,153,153)"
125,2022-11-22 09:50:09.825309,can_tapper14,2022-11-22 09:50:11.425185,1.599876,Engine running command,Engine Status,status,"rgb(153,153,153)"
126,2022-12-06 09:01:02.052573,can_tapper14,2022-12-06 09:01:02.052573,0.0,Engine starting command,Engine Status,status,"rgb(228,26,28)"
126,2022-12-06 09:01:02.052573,can_tapper14,2022-12-06 09:00:46.145633,-15.90694,Glow plugs preheating,Engine Heater Glow Plugs Status,Engine Heater Glow Plugs,"rgb(228,26,28)"
126,2022-12-06 09:01:02.052573,can_tapper14,2022-12-06 09:00:59.946684,-2.105889,Glow plugs preheating,Engine Heater Glow Plugs Status,Engine Heater Glow Plugs,"rgb(228,26,28)"
126,2022-12-06 09:01:02.052573,can_tapper14,2022-12-06 09:01:03.938331,1.885758,Engine running command,Engine Status,status,"rgb(228,26,28)"
126,2022-12-06 09:01:02.052573,can_tapper14,2022-12-06 09:01:55.307984,53.255411,Glow plugs preheating,Engine Heater Glow Plugs Status,Engine Heater Glow Plugs,"rgb(228,26,28)"
126,2022-12-06 09:01:02.052573,can_tapper14,2022-12-06 09:01:56.651375,54.598802,Engine running command,Engine Status,status,"rgb(228,26,28)"
127,2022-12-06 09:01:55.037033,can_tapper14,2022-12-06 09:01:55.037033,0.0,Engine starting command,Engine Status,status,"rgb(55,126,184)"
127,2022-12-06 09:01:55.037033,can_tapper14,2022-12-06 09:00:59.946684,-55.090349,Glow plugs preheating,Engine Heater Glow Plugs Status,Engine Heater Glow Plugs,"rgb(55,126,184)"
127,2022-12-06 09:01:55.037033,can_tapper14,2022-12-06 09:01:03.938331,-51.098702,Engine running command,Engine Status,status,"rgb(55,126,184)"
127,2022-12-06 09:01:55.037033,can_tapper14,2022-12-06 09:01:55.307984,0.270951,Glow plugs preheating,Engine Heater Glow Plugs Status,Engine Heater Glow Plugs,"rgb(55,126,184)"
127,2022-12-06 09:01:55.037033,can_tapper14,2022-12-06 09:01:56.651375,1.614342,Engine running command,Engine Status,status,"rgb(55,126,184)"
128,2022-12-06 09:04:07.873723,can_tapper14,2022-12-06 09:04:07.873723,0.0,Engine starting command,Engine Status,status,"rgb(77,175,74)"
128,2022-12-06 09:04:07.873723,can_tapper14,2022-12-06 09:04:05.567776,-2.305947,Glow plugs preheating,Engine Heater Glow Plugs Status,Engine Heater Glow Plugs,"rgb(77,175,74)"
128,2022-12-06 09:04:07.873723,can_tapper14,2022-12-06 09:04:09.184823,1.3111,Engine running command,Engine Status,status,"rgb(77,175,74)"
129,2022-12-06 09:50:30.371125,can_tapper14,2022-12-06 09:50:30.371125,0.0,Engine starting command,Engine Status,status,"rgb(152,78,163)"
129,2022-12-06 09:50:30.371125,can_tapper14,2022-12-06 09:50:28.066468,-2.304657,Glow plugs preheating,Engine Heater Glow Plugs Status,Engine Heater Glow Plugs,"rgb(152,78,163)"
129,2022-12-06 09:50:30.371125,can_tapper14,2022-12-06 09:50:31.729137,1.358012,Engine running command,Engine Status,status,"rgb(152,78,163)"
130,2022-12-06 09:52:35.675628,can_tapper14,2022-12-06 09:52:35.675628,0.0,Engine starting command,Engine Status,status,"rgb(255,127,0)"
130,2022-12-06 09:52:35.675628,can_tapper14,2022-12-06 09:52:33.470178,-2.20545,Glow plugs preheating,Engine Heater Glow Plugs Status,Engine Heater Glow Plugs,"rgb(255,127,0)"
130,2022-12-06 09:52:35.675628,can_tapper14,2022-12-06 09:52:37.430537,1.754909,Engine running command,Engine Status,status,"rgb(255,127,0)"
131,2022-12-06 10:35:32.936417,can_tapper14,2022-12-06 10:35:32.936417,0.0,Engine starting command,Engine Status,status,"rgb(255,255,51)"
131,2022-12-06 10:35:32.936417,can_tapper14,2022-12-06 10:35:20.322654,-12.613763,Glow plugs preheating,Engine Heater Glow Plugs Status,Engine Heater Glow Plugs,"rgb(255,255,51)"
131,2022-12-06 10:35:32.936417,can_tapper14,2022-12-06 10:35:30.831686,-2.104731,Glow plugs preheating,Engine Heater Glow Plugs Status,Engine Heater Glow Plugs,"rgb(255,255,51)"
131,2022-12-06 10:35:32.936417,can_tapper14,2022-12-06 10:35:34.422834,1.486417,Engine running command,Engine Status,status,"rgb(255,255,51)"
132,2022-12-06 10:38:00.126808,can_tapper14,2022-12-06 10:38:00.126808,0.0,Engine starting command,Engine Status,status,"rgb(166,86,40)"
132,2022-12-06 10:38:00.126808,can_tapper14,2022-12-06 10:37:58.023246,-2.103562,Glow plugs preheating,Engine Heater Glow Plugs Status,Engine Heater Glow Plugs,"rgb(166,86,40)"
132,2022-12-06 10:38:00.126808,can_tapper14,2022-12-06 10:38:01.445758,1.31895,Engine running command,Engine Status,status,"rgb(166,86,40)"
133,2022-12-06 10:41:30.933333,can_tapper14,2022-12-06 10:41:30.933333,0.0,Engine starting command,Engine Status,status,"rgb(247,129,191)"
133,2022-12-06 10:41:30.933333,can_tapper14,2022-12-06 10:41:28.626378,-2.306955,Glow plugs preheating,Engine Heater Glow Plugs Status,Engine Heater Glow Plugs,"rgb(247,129,191)"
133,2022-12-06 10:41:30.933333,can_tapper14,2022-12-06 10:41:32.730092,1.796759,Engine running command,Engine Status,status,"rgb(247,129,191)"
134,2022-12-06 11:02:55.150808,can_tapper14,2022-12-06 11:02:55.150808,0.0,Engine starting command,Engine Status,status,"rgb(153,153,153)"
134,2022-12-06 11:02:55.150808,can_tapper14,2022-12-06 11:02:46.441562,-8.709246,Glow plugs preheating,Engine Heater Glow Plugs Status,Engine Heater Glow Plugs,"rgb(153,153,153)"
134,2022-12-06 11:02:55.150808,can_tapper14,2022-12-06 11:02:53.041458,-2.10935,Glow plugs preheating,Engine Heater Glow Plugs Status,Engine Heater Glow Plugs,"rgb(153,153,153)"
134,2022-12-06 11:02:55.150808,can_tapper14,2022-12-06 11:02:56.679051,1.528243,Engine running command,Engine Status,status,"rgb(153,153,153)"
134,2022-12-06 11:02:55.150808,can_tapper14,2022-12-06 11:04:16.104741,80.953933,Glow plugs preheating,Engine Heater Glow Plugs Status,Engine Heater Glow Plugs,"rgb(153,153,153)"
134,2022-12-06 11:02:55.150808,can_tapper14,2022-12-06 11:04:19.981183,84.830375,Engine running command,Engine Status,status,"rgb(153,153,153)"
135,2022-12-06 11:04:18.309608,can_tapper14,2022-12-06 11:04:18.309608,0.0,Engine starting command,Engine Status,status,"rgb(228,26,28)"
135,2022-12-06 11:04:18.309608,can_tapper14,2022-12-06 11:04:16.104741,-2.204867,Glow plugs preheating,Engine Heater Glow Plugs Status,Engine Heater Glow Plugs,"rgb(228,26,28)"
135,2022-12-06 11:04:18.309608,can_tapper14,2022-12-06 11:04:19.981183,1.671575,Engine running command,Engine Status,status,"rgb(228,26,28)"
136,2022-12-06 11:52:41.731119,can_tapper14,2022-12-06 11:52:41.731119,0.0,Engine starting command,Engine Status,status,"rgb(55,126,184)"
136,2022-12-06 11:52:41.731119,can_tapper14,2022-12-06 11:52:39.625600,-2.105519,Glow plugs preheating,Engine Heater Glow Plugs Status,Engine Heater Glow Plugs,"rgb(55,126,184)"
136,2022-12-06 11:52:41.731119,can_tapper14,2022-12-06 11:52:43.466188,1.735069,Engine running command,Engine Status,status,"rgb(55,126,184)"
136,2022-12-06 11:52:41.731119,can_tapper14,2022-12-06 11:53:14.939412,33.208293,Glow plugs preheating,Engine Heater Glow Plugs Status,Engine Heater Glow Plugs,"rgb(55,126,184)"
136,2022-12-06 11:52:41.731119,can_tapper14,2022-12-06 11:53:16.075040,34.343921,Engine running command,Engine Status,status,"rgb(55,126,184)"
137,2022-12-06 11:53:14.678489,can_tapper14,2022-12-06 11:53:14.678489,0.0,Engine starting command,Engine Status,status,"rgb(77,175,74)"
137,2022-12-06 11:53:14.678489,can_tapper14,2022-12-06 11:52:39.625600,-35.052889,Glow plugs preheating,Engine Heater Glow Plugs Status,Engine Heater Glow Plugs,"rgb(77,175,74)"
137,2022-12-06 11:53:14.678489,can_tapper14,2022-12-06 11:52:43.466188,-31.212301,Engine running command,Engine Status,status,"rgb(77,175,74)"
137,2022-12-06 11:53:14.678489,can_tapper14,2022-12-06 11:53:14.939412,0.260923,Glow plugs preheating,Engine Heater Glow Plugs Status,Engine Heater Glow Plugs,"rgb(77,175,74)"
137,2022-12-06 11:53:14.678489,can_tapper14,2022-12-06 11:53:16.075040,1.396551,Engine running command,Engine Status,status,"rgb(77,175,74)"
138,2022-12-06 12:09:05.485159,can_tapper14,2022-12-06 12:09:05.485159,0.0,Engine starting command,Engine Status,status,"rgb(152,78,163)"
138,2022-12-06 12:09:05.485159,can_tapper14,2022-12-06 12:08:50.277311,-15.207848,Glow plugs preheating,Engine Heater Glow Plugs Status,Engine Heater Glow Plugs,"rgb(152,78,163)"
138,2022-12-06 12:09:05.485159,can_tapper14,2022-12-06 12:08:57.578459,-7.9067,Glow plugs preheating,Engine Heater Glow Plugs Status,Engine Heater Glow Plugs,"rgb(152,78,163)"
138,2022-12-06 12:09:05.485159,can_tapper14,2022-12-06 12:09:03.180612,-2.304547,Glow plugs preheating,Engine Heater Glow Plugs Status,Engine Heater Glow Plugs,"rgb(152,78,163)"
138,2022-12-06 12:09:05.485159,can_tapper14,2022-12-06 12:09:07.264961,1.779802,Engine running command,Engine Status,status,"rgb(152,78,163)"
138,2022-12-06 12:09:05.485159,can_tapper14,2022-12-06 12:10:49.241094,103.755935,Glow plugs preheating,Engine Heater Glow Plugs Status,Engine Heater Glow Plugs,"rgb(152,78,163)"
139,2022-12-06 12:11:15.959853,can_tapper14,2022-12-06 12:11:15.959853,0.0,Engine starting command,Engine Status,status,"rgb(255,127,0)"
139,2022-12-06 12:11:15.959853,can_tapper14,2022-12-06 12:10:49.241094,-26.718759,Glow plugs preheating,Engine Heater Glow Plugs Status,Engine Heater Glow Plugs,"rgb(255,127,0)"
139,2022-12-06 12:11:15.959853,can_tapper14,2022-12-06 12:11:13.855705,-2.104148,Glow plugs preheating,Engine Heater Glow Plugs Status,Engine Heater Glow Plugs,"rgb(255,127,0)"
139,2022-12-06 12:11:15.959853,can_tapper14,2022-12-06 12:11:17.225509,1.265656,Engine running command,Engine Status,status,"rgb(255,127,0)"
139,2022-12-06 12:11:15.959853,can_tapper14,2022-12-06 12:13:03.918183,107.95833,Glow plugs preheating,Engine Heater Glow Plugs Status,Engine Heater Glow Plugs,"rgb(255,127,0)"
139,2022-12-06 12:11:15.959853,can_tapper14,2022-12-06 12:13:07.623817,111.663964,Engine running command,Engine Status,status,"rgb(255,127,0)"
140,2022-12-06 12:13:06.222108,can_tapper14,2022-12-06 12:13:06.222108,0.0,Engine starting command,Engine Status,status,"rgb(255,255,51)"
140,2022-12-06 12:13:06.222108,can_tapper14,2022-12-06 12:13:03.918183,-2.303925,Glow plugs preheating,Engine Heater Glow Plugs Status,Engine Heater Glow Plugs,"rgb(255,255,51)"
140,2022-12-06 12:13:06.222108,can_tapper14,2022-12-06 12:13:07.623817,1.401709,Engine running command,Engine Status,status,"rgb(255,255,51)"
141,2022-12-06 14:01:50.150113,can_tapper14,2022-12-06 14:01:50.150113,0.0,Engine starting command,Engine Status,status,"rgb(166,86,40)"
141,2022-12-06 14:01:50.150113,can_tapper14,2022-12-06 14:01:40.842506,-9.307607,Glow plugs preheating,Engine Heater Glow Plugs Status,Engine Heater Glow Plugs,"rgb(166,86,40)"
141,2022-12-06 14:01:50.150113,can_tapper14,2022-12-06 14:01:48.043561,-2.106552,Glow plugs preheating,Engine Heater Glow Plugs Status,Engine Heater Glow Plugs,"rgb(166,86,40)"
141,2022-12-06 14:01:50.150113,can_tapper14,2022-12-06 14:01:51.549861,1.399748,Engine running command,Engine Status,status,"rgb(166,86,40)"
141,2022-12-06 14:01:50.150113,can_tapper14,2022-12-06 14:03:21.737982,91.587869,Glow plugs preheating,Engine Heater Glow Plugs Status,Engine Heater Glow Plugs,"rgb(166,86,40)"
141,2022-12-06 14:01:50.150113,can_tapper14,2022-12-06 14:03:25.343858,95.193745,Engine running command,Engine Status,status,"rgb(166,86,40)"
142,2022-12-06 14:03:24.043943,can_tapper14,2022-12-06 14:03:24.043943,0.0,Engine starting command,Engine Status,status,"rgb(247,129,191)"
142,2022-12-06 14:03:24.043943,can_tapper14,2022-12-06 14:03:21.737982,-2.305961,Glow plugs preheating,Engine Heater Glow Plugs Status,Engine Heater Glow Plugs,"rgb(247,129,191)"
142,2022-12-06 14:03:24.043943,can_tapper14,2022-12-06 14:03:25.343858,1.299915,Engine running command,Engine Status,status,"rgb(247,129,191)"
143,2022-12-06 14:17:11.405249,can_tapper14,2022-12-06 14:17:11.405249,0.0,Engine starting command,Engine Status,status,"rgb(153,153,153)"
143,2022-12-06 14:17:11.405249,can_tapper14,2022-12-06 14:17:09.300557,-2.104692,Glow plugs preheating,Engine Heater Glow Plugs Status,Engine Heater Glow Plugs,"rgb(153,153,153)"
143,2022-12-06 14:17:11.405249,can_tapper14,2022-12-06 14:17:12.946745,1.541496,Engine running command,Engine Status,status,"rgb(153,153,153)"
144,2022-12-07 08:15:29.789698,can_tapper14,2022-12-07 08:15:29.789698,0.0,Engine starting command,Engine Status,status,"rgb(228,26,28)"
144,2022-12-07 08:15:29.789698,can_tapper14,2022-12-07 08:15:21.277178,-8.51252,Glow plugs preheating,Engine Heater Glow Plugs Status,Engine Heater Glow Plugs,"rgb(228,26,28)"
144,2022-12-07 08:15:29.789698,can_tapper14,2022-12-07 08:15:27.579578,-2.21012,Glow plugs preheating,Engine Heater Glow Plugs Status,Engine Heater Glow Plugs,"rgb(228,26,28)"
144,2022-12-07 08:15:29.789698,can_tapper14,2022-12-07 08:15:31.404204,1.614506,Engine running command,Engine Status,status,"rgb(228,26,28)"
144,2022-12-07 08:15:29.789698,can_tapper14,2022-12-07 08:16:31.018931,61.229233,Glow plugs preheating,Engine Heater Glow Plugs Status,Engine Heater Glow Plugs,"rgb(228,26,28)"
144,2022-12-07 08:15:29.789698,can_tapper14,2022-12-07 08:16:34.851239,65.061541,Engine running command,Engine Status,status,"rgb(228,26,28)"
145,2022-12-07 08:16:33.124612,can_tapper14,2022-12-07 08:16:33.124612,0.0,Engine starting command,Engine Status,status,"rgb(55,126,184)"
145,2022-12-07 08:16:33.124612,can_tapper14,2022-12-07 08:16:31.018931,-2.105681,Glow plugs preheating,Engine Heater Glow Plugs Status,Engine Heater Glow Plugs,"rgb(55,126,184)"
145,2022-12-07 08:16:33.124612,can_tapper14,2022-12-07 08:16:34.851239,1.726627,Engine running command,Engine Status,status,"rgb(55,126,184)"
146,2022-12-07 08:33:23.711307,can_tapper14,2022-12-07 08:33:23.711307,0.0,Engine starting command,Engine Status,status,"rgb(77,175,74)"
146,2022-12-07 08:33:23.711307,can_tapper14,2022-12-07 08:33:15.204674,-8.506633,Glow plugs preheating,Engine Heater Glow Plugs Status,Engine Heater Glow Plugs,"rgb(77,175,74)"
146,2022-12-07 08:33:23.711307,can_tapper14,2022-12-07 08:33:21.706849,-2.004458,Glow plugs preheating,Engine Heater Glow Plugs Status,Engine Heater Glow Plugs,"rgb(77,175,74)"
146,2022-12-07 08:33:23.711307,can_tapper14,2022-12-07 08:33:25.405475,1.694168,Engine running command,Engine Status,status,"rgb(77,175,74)"
146,2022-12-07 08:33:23.711307,can_tapper14,2022-12-07 08:34:20.351466,56.640159,Glow plugs preheating,Engine Heater Glow Plugs Status,Engine Heater Glow Plugs,"rgb(77,175,74)"
146,2022-12-07 08:33:23.711307,can_tapper14,2022-12-07 08:34:23.870662,60.159355,Engine running command,Engine Status,status,"rgb(77,175,74)"
147,2022-12-07 08:34:22.458232,can_tapper14,2022-12-07 08:34:22.458232,0.0,Engine starting command,Engine Status,status,"rgb(152,78,163)"
147,2022-12-07 08:34:22.458232,can_tapper14,2022-12-07 08:33:25.405475,-57.052757,Engine running command,Engine Status,status,"rgb(152,78,163)"
147,2022-12-07 08:34:22.458232,can_tapper14,2022-12-07 08:34:20.351466,-2.106766,Glow plugs preheating,Engine Heater Glow Plugs Status,Engine Heater Glow Plugs,"rgb(152,78,163)"
147,2022-12-07 08:34:22.458232,can_tapper14,2022-12-07 08:34:23.870662,1.41243,Engine running command,Engine Status,status,"rgb(152,78,163)"
147,2022-12-07 08:34:22.458232,can_tapper14,2022-12-07 08:35:25.093095,62.634863,Glow plugs preheating,Engine Heater Glow Plugs Status,Engine Heater Glow Plugs,"rgb(152,78,163)"
147,2022-12-07 08:34:22.458232,can_tapper14,2022-12-07 08:35:28.870024,66.411792,Engine running command,Engine Status,status,"rgb(152,78,163)"
148,2022-12-07 08:35:27.400149,can_tapper14,2022-12-07 08:35:27.400149,0.0,Engine starting command,Engine Status,status,"rgb(255,127,0)"
148,2022-12-07 08:35:27.400149,can_tapper14,2022-12-07 08:35:25.093095,-2.307054,Glow plugs preheating,Engine Heater Glow Plugs Status,Engine Heater Glow Plugs,"rgb(255,127,0)"
148,2022-12-07 08:35:27.400149,can_tapper14,2022-12-07 08:35:28.870024,1.469875,Engine running command,Engine Status,status,"rgb(255,127,0)"
149,2022-12-07 08:41:02.204981,can_tapper14,2022-12-07 08:41:02.204981,0.0,Engine starting command,Engine Status,status,"rgb(255,255,51)"
149,2022-12-07 08:41:02.204981,can_tapper14,2022-12-07 08:40:59.899549,-2.305432,Glow plugs preheating,Engine Heater Glow Plugs Status,Engine Heater Glow Plugs,"rgb(255,255,51)"
149,2022-12-07 08:41:02.204981,can_tapper14,2022-12-07 08:41:03.810272,1.605291,Engine running command,Engine Status,status,"rgb(255,255,51)"
150,2022-12-07 09:21:30.081771,can_tapper14,2022-12-07 09:21:30.081771,0.0,Engine starting command,Engine Status,status,"rgb(166,86,40)"
150,2022-12-07 09:21:30.081771,can_tapper14,2022-12-07 09:21:27.870738,-2.211033,Glow plugs preheating,Engine Heater Glow Plugs Status,Engine Heater Glow Plugs,"rgb(166,86,40)"
150,2022-12-07 09:21:30.081771,can_tapper14,2022-12-07 09:21:31.746608,1.664837,Engine running command,Engine Status,status,"rgb(166,86,40)"
151,2022-12-07 09:48:22.413032,can_tapper14,2022-12-07 09:48:22.413032,0.0,Engine starting command,Engine Status,status,"rgb(247,129,191)"
151,2022-12-07 09:48:22.413032,can_tapper14,2022-12-07 09:48:20.409207,-2.003825,Glow plugs preheating,Engine Heater Glow Plugs Status,Engine Heater Glow Plugs,"rgb(247,129,191)"
151,2022-12-07 09:48:22.413032,can_tapper14,2022-12-07 09:48:24.080739,1.667707,Engine running command,Engine Status,status,"rgb(247,129,191)"
152,2022-12-07 10:02:01.378528,can_tapper14,2022-12-07 10:02:01.378528,0.0,Engine starting command,Engine Status,status,"rgb(153,153,153)"
152,2022-12-07 10:02:01.378528,can_tapper14,2022-12-07 10:01:59.274320,-2.104208,Glow plugs preheating,Engine Heater Glow Plugs Status,Engine Heater Glow Plugs,"rgb(153,153,153)"
152,2022-12-07 10:02:01.378528,can_tapper14,2022-12-07 10:02:03.095222,1.716694,Engine running command,Engine Status,status,"rgb(153,153,153)"
153,2022-12-07 10:18:21.333676,can_tapper14,2022-12-07 10:18:21.333676,0.0,Engine starting command,Engine Status,status,"rgb(228,26,28)"
153,2022-12-07 10:18:21.333676,can_tapper14,2022-12-07 10:18:19.329596,-2.00408,Glow plugs preheating,Engine Heater Glow Plugs Status,Engine Heater Glow Plugs,"rgb(228,26,28)"
153,2022-12-07 10:18:21.333676,can_tapper14,2022-12-07 10:18:23.012143,1.678467,Engine running command,Engine Status,status,"rgb(228,26,28)"
154,2022-12-07 11:30:45.737403,can_tapper14,2022-12-07 11:30:45.737403,0.0,Engine starting command,Engine Status,status,"rgb(55,126,184)"
154,2022-12-07 11:30:45.737403,can_tapper14,2022-12-07 11:30:43.531155,-2.206248,Glow plugs preheating,Engine Heater Glow Plugs Status,Engine Heater Glow Plugs,"rgb(55,126,184)"
154,2022-12-07 11:30:45.737403,can_tapper14,2022-12-07 11:30:47.590477,1.853074,Engine running command,Engine Status,status,"rgb(55,126,184)"
155,2022-12-07 12:01:38.729745,can_tapper14,2022-12-07 12:01:38.729745,0.0,Engine starting command,Engine Status,status,"rgb(77,175,74)"
155,2022-12-07 12:01:38.729745,can_tapper14,2022-12-07 12:01:36.523476,-2.206269,Glow plugs preheating,Engine Heater Glow Plugs Status,Engine Heater Glow Plugs,"rgb(77,175,74)"
155,2022-12-07 12:01:38.729745,can_tapper14,2022-12-07 12:01:40.338387,1.608642,Engine running command,Engine Status,status,"rgb(77,175,74)"
156,2022-12-07 15:58:40.561981,can_tapper14,2022-12-07 15:58:40.561981,0.0,Engine starting command,Engine Status,status,"rgb(152,78,163)"
156,2022-12-07 15:58:40.561981,can_tapper14,2022-12-07 15:58:38.354994,-2.206987,Glow plugs preheating,Engine Heater Glow Plugs Status,Engine Heater Glow Plugs,"rgb(152,78,163)"
156,2022-12-07 15:58:40.561981,can_tapper14,2022-12-07 15:58:42.036956,1.474975,Engine running command,Engine Status,status,"rgb(152,78,163)"
157,2022-12-07 16:00:56.316771,can_tapper14,2022-12-07 16:00:56.316771,0.0,Engine starting command,Engine Status,status,"rgb(255,127,0)"
157,2022-12-07 16:00:56.316771,can_tapper14,2022-12-07 16:00:54.212358,-2.104413,Glow plugs preheating,Engine Heater Glow Plugs Status,Engine Heater Glow Plugs,"rgb(255,127,0)"
157,2022-12-07 16:00:56.316771,can_tapper14,2022-12-07 16:00:57.979576,1.662805,Engine running command,Engine Status,status,"rgb(255,127,0)"
158,2022-12-08 12:07:41.937022,can_tapper14,2022-12-08 12:07:41.937022,0.0,Engine starting command,Engine Status,status,"rgb(255,255,51)"
158,2022-12-08 12:07:41.937022,can_tapper14,2022-12-08 12:07:39.726673,-2.210349,Glow plugs preheating,Engine Heater Glow Plugs Status,Engine Heater Glow Plugs,"rgb(255,255,51)"
158,2022-12-08 12:07:41.937022,can_tapper14,2022-12-08 12:07:43.705497,1.768475,Engine running command,Engine Status,status,"rgb(255,255,51)"
159,2022-12-08 15:37:32.263693,can_tapper14,2022-12-08 15:37:32.263693,0.0,Engine starting command,Engine Status,status,"rgb(166,86,40)"
159,2022-12-08 15:37:32.263693,can_tapper14,2022-12-08 15:37:14.447214,-17.816479,Glow plugs preheating,Engine Heater Glow Plugs Status,Engine Heater Glow Plugs,"rgb(166,86,40)"
159,2022-12-08 15:37:32.263693,can_tapper14,2022-12-08 15:37:25.848095,-6.415598,Glow plugs preheating,Engine Heater Glow Plugs Status,Engine Heater Glow Plugs,"rgb(166,86,40)"
159,2022-12-08 15:37:32.263693,can_tapper14,2022-12-08 15:37:29.953666,-2.310027,Glow plugs preheating,Engine Heater Glow Plugs Status,Engine Heater Glow Plugs,"rgb(166,86,40)"
159,2022-12-08 15:37:32.263693,can_tapper14,2022-12-08 15:37:33.715165,1.451472,Engine running command,Engine Status,status,"rgb(166,86,40)"
159,2022-12-08 15:37:32.263693,can_tapper14,2022-12-08 15:39:02.117613,89.85392,Glow plugs preheating,Engine Heater Glow Plugs Status,Engine Heater Glow Plugs,"rgb(166,86,40)"
159,2022-12-08 15:37:32.263693,can_tapper14,2022-12-08 15:39:05.816035,93.552342,Engine running command,Engine Status,status,"rgb(166,86,40)"
160,2022-12-08 15:39:04.221989,can_tapper14,2022-12-08 15:39:04.221989,0.0,Engine starting command,Engine Status,status,"rgb(247,129,191)"
160,2022-12-08 15:39:04.221989,can_tapper14,2022-12-08 15:39:02.117613,-2.104376,Glow plugs preheating,Engine Heater Glow Plugs Status,Engine Heater Glow Plugs,"rgb(247,129,191)"
160,2022-12-08 15:39:04.221989,can_tapper14,2022-12-08 15:39:05.816035,1.594046,Engine running command,Engine Status,status,"rgb(247,129,191)"
161,2022-12-08 15:41:35.229189,can_tapper14,2022-12-08 15:41:35.229189,0.0,Engine starting command,Engine Status,status,"rgb(153,153,153)"
161,2022-12-08 15:41:35.229189,can_tapper14,2022-12-08 15:41:32.923375,-2.305814,Glow plugs preheating,Engine Heater Glow Plugs Status,Engine Heater Glow Plugs,"rgb(153,153,153)"
161,2022-12-08 15:41:35.229189,can_tapper14,2022-12-08 15:41:36.647242,1.418053,Engine running command,Engine Status,status,"rgb(153,153,153)"
162,2022-12-09 09:24:32.820077,can_tapper14,2022-12-09 09:24:32.820077,0.0,Engine starting command,Engine Status,status,"rgb(228,26,28)"
162,2022-12-09 09:24:32.820077,can_tapper14,2022-12-09 09:24:20.499821,-12.320256,Glow plugs preheating,Engine Heater Glow Plugs Status,Engine Heater Glow Plugs,"rgb(228,26,28)"
162,2022-12-09 09:24:32.820077,can_tapper14,2022-12-09 09:24:30.715708,-2.104369,Glow plugs preheating,Engine Heater Glow Plugs Status,Engine Heater Glow Plugs,"rgb(228,26,28)"
162,2022-12-09 09:24:32.820077,can_tapper14,2022-12-09 09:24:34.483991,1.663914,Engine running command,Engine Status,status,"rgb(228,26,28)"
162,2022-12-09 09:24:32.820077,can_tapper14,2022-12-09 09:25:33.450772,60.630695,Glow plugs preheating,Engine Heater Glow Plugs Status,Engine Heater Glow Plugs,"rgb(228,26,28)"
162,2022-12-09 09:24:32.820077,can_tapper14,2022-12-09 09:25:37.219446,64.399369,Engine running command,Engine Status,status,"rgb(228,26,28)"
163,2022-12-09 09:25:35.654127,can_tapper14,2022-12-09 09:25:35.654127,0.0,Engine starting command,Engine Status,status,"rgb(55,126,184)"
163,2022-12-09 09:25:35.654127,can_tapper14,2022-12-09 09:25:33.450772,-2.203355,Glow plugs preheating,Engine Heater Glow Plugs Status,Engine Heater Glow Plugs,"rgb(55,126,184)"
163,2022-12-09 09:25:35.654127,can_tapper14,2022-12-09 09:25:37.219446,1.565319,Engine running command,Engine Status,status,"rgb(55,126,184)"
164,2022-12-09 10:57:00.765496,can_tapper14,2022-12-09 10:57:00.765496,0.0,Engine starting command,Engine Status,status,"rgb(77,175,74)"
164,2022-12-09 10:57:00.765496,can_tapper14,2022-12-09 10:56:43.148583,-17.616913,Glow plugs preheating,Engine Heater Glow Plugs Status,Engine Heater Glow Plugs,"rgb(77,175,74)"
164,2022-12-09 10:57:00.765496,can_tapper14,2022-12-09 10:56:58.460659,-2.304837,Glow plugs preheating,Engine Heater Glow Plugs Status,Engine Heater Glow Plugs,"rgb(77,175,74)"
164,2022-12-09 10:57:00.765496,can_tapper14,2022-12-09 10:57:02.314007,1.548511,Engine running command,Engine Status,status,"rgb(77,175,74)"
164,2022-12-09 10:57:00.765496,can_tapper14,2022-12-09 10:58:03.512458,62.746962,Glow plugs preheating,Engine Heater Glow Plugs Status,Engine Heater Glow Plugs,"rgb(77,175,74)"
164,2022-12-09 10:57:00.765496,can_tapper14,2022-12-09 10:58:07.067305,66.301809,Engine running command,Engine Status,status,"rgb(77,175,74)"
165,2022-12-09 10:58:05.616238,can_tapper14,2022-12-09 10:58:05.616238,0.0,Engine starting command,Engine Status,status,"rgb(152,78,163)"
165,2022-12-09 10:58:05.616238,can_tapper14,2022-12-09 10:58:03.512458,-2.10378,Glow plugs preheating,Engine Heater Glow Plugs Status,Engine Heater Glow Plugs,"rgb(152,78,163)"
165,2022-12-09 10:58:05.616238,can_tapper14,2022-12-09 10:58:07.067305,1.451067,Engine running command,Engine Status,status,"rgb(152,78,163)"
166,2022-12-12 08:05:36.115280,can_tapper14,2022-12-12 08:05:36.115280,0.0,Engine starting command,Engine Status,status,"rgb(255,127,0)"
166,2022-12-12 08:05:36.115280,can_tapper14,2022-12-12 08:05:27.711155,-8.404125,Glow plugs preheating,Engine Heater Glow Plugs Status,Engine Heater Glow Plugs,"rgb(255,127,0)"
166,2022-12-12 08:05:36.115280,can_tapper14,2022-12-12 08:05:33.811438,-2.303842,Glow plugs preheating,Engine Heater Glow Plugs Status,Engine Heater Glow Plugs,"rgb(255,127,0)"
166,2022-12-12 08:05:36.115280,can_tapper14,2022-12-12 08:05:37.798969,1.683689,Engine running command,Engine Status,status,"rgb(255,127,0)"
166,2022-12-12 08:05:36.115280,can_tapper14,2022-12-12 08:06:25.427614,49.312334,Glow plugs preheating,Engine Heater Glow Plugs Status,Engine Heater Glow Plugs,"rgb(255,127,0)"
166,2022-12-12 08:05:36.115280,can_tapper14,2022-12-12 08:06:29.245658,53.130378,Engine running command,Engine Status,status,"rgb(255,127,0)"
166,2022-12-12 08:05:36.115280,can_tapper14,2022-12-12 08:07:32.074419,115.959139,Glow plugs preheating,Engine Heater Glow Plugs Status,Engine Heater Glow Plugs,"rgb(255,127,0)"
167,2022-12-12 08:06:27.531863,can_tapper14,2022-12-12 08:06:27.531863,0.0,Engine starting command,Engine Status,status,"rgb(255,255,51)"
167,2022-12-12 08:06:27.531863,can_tapper14,2022-12-12 08:05:27.711155,-59.820708,Glow plugs preheating,Engine Heater Glow Plugs Status,Engine Heater Glow Plugs,"rgb(255,255,51)"
167,2022-12-12 08:06:27.531863,can_tapper14,2022-12-12 08:05:33.811438,-53.720425,Glow plugs preheating,Engine Heater Glow Plugs Status,Engine Heater Glow Plugs,"rgb(255,255,51)"
167,2022-12-12 08:06:27.531863,can_tapper14,2022-12-12 08:05:37.798969,-49.732894,Engine running command,Engine Status,status,"rgb(255,255,51)"
167,2022-12-12 08:06:27.531863,can_tapper14,2022-12-12 08:06:25.427614,-2.104249,Glow plugs preheating,Engine Heater Glow Plugs Status,Engine Heater Glow Plugs,"rgb(255,255,51)"
167,2022-12-12 08:06:27.531863,can_tapper14,2022-12-12 08:06:29.245658,1.713795,Engine running command,Engine Status,status,"rgb(255,255,51)"
167,2022-12-12 08:06:27.531863,can_tapper14,2022-12-12 08:07:32.074419,64.542556,Glow plugs preheating,Engine Heater Glow Plugs Status,Engine Heater Glow Plugs,"rgb(255,255,51)"
167,2022-12-12 08:06:27.531863,can_tapper14,2022-12-12 08:07:36.244655,68.712792,Engine running command,Engine Status,status,"rgb(255,255,51)"
168,2022-12-12 08:07:34.379858,can_tapper14,2022-12-12 08:07:34.379858,0.0,Engine starting command,Engine Status,status,"rgb(166,86,40)"
168,2022-12-12 08:07:34.379858,can_tapper14,2022-12-12 08:07:32.074419,-2.305439,Glow plugs preheating,Engine Heater Glow Plugs Status,Engine Heater Glow Plugs,"rgb(166,86,40)"
168,2022-12-12 08:07:34.379858,can_tapper14,2022-12-12 08:07:36.244655,1.864797,Engine running command,Engine Status,status,"rgb(166,86,40)"
169,2022-12-12 08:22:26.667658,can_tapper14,2022-12-12 08:22:26.667658,0.0,Engine starting command,Engine Status,status,"rgb(247,129,191)"
169,2022-12-12 08:22:26.667658,can_tapper14,2022-12-12 08:22:26.980610,0.312952,Glow plugs preheating,Engine Heater Glow Plugs Status,Engine Heater Glow Plugs,"rgb(247,129,191)"
169,2022-12-12 08:22:26.667658,can_tapper14,2022-12-12 08:22:28.473927,1.806269,Engine running command,Engine Status,status,"rgb(247,129,191)"
170,2022-12-12 08:39:07.019655,can_tapper14,2022-12-12 08:39:07.019655,0.0,Engine starting command,Engine Status,status,"rgb(153,153,153)"
170,2022-12-12 08:39:07.019655,can_tapper14,2022-12-12 08:39:07.347910,0.328255,Glow plugs preheating,Engine Heater Glow Plugs Status,Engine Heater Glow Plugs,"rgb(153,153,153)"
170,2022-12-12 08:39:07.019655,can_tapper14,2022-12-12 08:39:08.699900,1.680245,Engine running command,Engine Status,status,"rgb(153,153,153)"
171,2022-12-12 08:46:42.644123,can_tapper14,2022-12-12 08:46:42.644123,0.0,Engine starting command,Engine Status,status,"rgb(228,26,28)"
171,2022-12-12 08:46:42.644123,can_tapper14,2022-12-12 08:46:42.969379,0.325256,Glow plugs preheating,Engine Heater Glow Plugs Status,Engine Heater Glow Plugs,"rgb(228,26,28)"
171,2022-12-12 08:46:42.644123,can_tapper14,2022-12-12 08:46:44.050812,1.406689,Engine running command,Engine Status,status,"rgb(228,26,28)"
171,2022-12-12 08:46:42.644123,can_tapper14,2022-12-12 08:48:16.447975,93.803852,Glow plugs preheating,Engine Heater Glow Plugs Status,Engine Heater Glow Plugs,"rgb(228,26,28)"
171,2022-12-12 08:46:42.644123,can_tapper14,2022-12-12 08:48:17.820933,95.17681,Engine running command,Engine Status,status,"rgb(228,26,28)"
172,2022-12-12 08:48:16.247260,can_tapper14,2022-12-12 08:48:16.247260,0.0,Engine starting command,Engine Status,status,"rgb(55,126,184)"
172,2022-12-12 08:48:16.247260,can_tapper14,2022-12-12 08:48:16.447975,0.200715,Glow plugs preheating,Engine Heater Glow Plugs Status,Engine Heater Glow Plugs,"rgb(55,126,184)"
172,2022-12-12 08:48:16.247260,can_tapper14,2022-12-12 08:48:17.820933,1.573673,Engine running command,Engine Status,status,"rgb(55,126,184)"
173,2022-12-12 08:54:09.049182,can_tapper14,2022-12-12 08:54:09.049182,0.0,Engine starting command,Engine Status,status,"rgb(77,175,74)"
173,2022-12-12 08:54:09.049182,can_tapper14,2022-12-12 08:54:09.402903,0.353721,Glow plugs preheating,Engine Heater Glow Plugs Status,Engine Heater Glow Plugs,"rgb(77,175,74)"
173,2022-12-12 08:54:09.049182,can_tapper14,2022-12-12 08:54:10.655753,1.606571,Engine running command,Engine Status,status,"rgb(77,175,74)"
174,2022-12-12 09:01:34.883750,can_tapper14,2022-12-12 09:01:34.883750,0.0,Engine starting command,Engine Status,status,"rgb(152,78,163)"
174,2022-12-12 09:01:34.883750,can_tapper14,2022-12-12 09:01:35.281750,0.398,Glow plugs preheating,Engine Heater Glow Plugs Status,Engine Heater Glow Plugs,"rgb(152,78,163)"
174,2022-12-12 09:01:34.883750,can_tapper14,2022-12-12 09:01:36.489744,1.605994,Engine running command,Engine Status,status,"rgb(152,78,163)"
175,2022-12-12 09:12:27.093523,can_tapper14,2022-12-12 09:12:27.093523,0.0,Engine starting command,Engine Status,status,"rgb(255,127,0)"
175,2022-12-12 09:12:27.093523,can_tapper14,2022-12-12 09:12:27.490968,0.397445,Glow plugs preheating,Engine Heater Glow Plugs Status,Engine Heater Glow Plugs,"rgb(255,127,0)"
175,2022-12-12 09:12:27.093523,can_tapper14,2022-12-12 09:12:28.679892,1.586369,Engine running command,Engine Status,status,"rgb(255,127,0)"
176,2022-12-12 09:40:08.762740,can_tapper14,2022-12-12 09:40:08.762740,0.0,Engine starting command,Engine Status,status,"rgb(255,255,51)"
176,2022-12-12 09:40:08.762740,can_tapper14,2022-12-12 09:40:09.126472,0.363732,Glow plugs preheating,Engine Heater Glow Plugs Status,Engine Heater Glow Plugs,"rgb(255,255,51)"
176,2022-12-12 09:40:08.762740,can_tapper14,2022-12-12 09:40:10.234986,1.472246,Engine running command,Engine Status,status,"rgb(255,255,51)"
177,2022-12-12 09:46:57.734284,can_tapper14,2022-12-12 09:46:57.734284,0.0,Engine starting command,Engine Status,status,"rgb(166,86,40)"
177,2022-12-12 09:46:57.734284,can_tapper14,2022-12-12 09:46:57.932846,0.198562,Glow plugs preheating,Engine Heater Glow Plugs Status,Engine Heater Glow Plugs,"rgb(166,86,40)"
177,2022-12-12 09:46:57.734284,can_tapper14,2022-12-12 09:46:59.494215,1.759931,Engine running command,Engine Status,status,"rgb(166,86,40)"
178,2022-12-12 09:53:17.771645,can_tapper14,2022-12-12 09:53:17.771645,0.0,Engine starting command,Engine Status,status,"rgb(247,129,191)"
178,2022-12-12 09:53:17.771645,can_tapper14,2022-12-12 09:53:18.027797,0.256152,Glow plugs preheating,Engine Heater Glow Plugs Status,Engine Heater Glow Plugs,"rgb(247,129,191)"
178,2022-12-12 09:53:17.771645,can_tapper14,2022-12-12 09:53:19.229372,1.457727,Engine running command,Engine Status,status,"rgb(247,129,191)"
179,2022-12-12 15:20:15.378323,can_tapper14,2022-12-12 15:20:15.378323,0.0,Engine starting command,Engine Status,status,"rgb(153,153,153)"
179,2022-12-12 15:20:15.378323,can_tapper14,2022-12-12 15:20:15.695878,0.317555,Glow plugs preheating,Engine Heater Glow Plugs Status,Engine Heater Glow Plugs,"rgb(153,153,153)"
179,2022-12-12 15:20:15.378323,can_tapper14,2022-12-12 15:20:17.123152,1.744829,Engine running command,Engine Status,status,"rgb(153,153,153)"
180,2022-12-13 08:35:06.773044,can_tapper14,2022-12-13 08:35:06.773044,0.0,Engine starting command,Engine Status,status,"rgb(228,26,28)"
180,2022-12-13 08:35:06.773044,can_tapper14,2022-12-13 08:34:54.266775,-12.506269,Glow plugs preheating,Engine Heater Glow Plugs Status,Engine Heater Glow Plugs,"rgb(228,26,28)"
180,2022-12-13 08:35:06.773044,can_tapper14,2022-12-13 08:35:04.468540,-2.304504,Glow plugs preheating,Engine Heater Glow Plugs Status,Engine Heater Glow Plugs,"rgb(228,26,28)"
180,2022-12-13 08:35:06.773044,can_tapper14,2022-12-13 08:35:08.377214,1.60417,Engine running command,Engine Status,status,"rgb(228,26,28)"
180,2022-12-13 08:35:06.773044,can_tapper14,2022-12-13 08:36:33.217464,86.44442,Glow plugs preheating,Engine Heater Glow Plugs Status,Engine Heater Glow Plugs,"rgb(228,26,28)"
180,2022-12-13 08:35:06.773044,can_tapper14,2022-12-13 08:36:37.211261,90.438217,Engine running command,Engine Status,status,"rgb(228,26,28)"
181,2022-12-13 08:36:35.522214,can_tapper14,2022-12-13 08:36:35.522214,0.0,Engine starting command,Engine Status,status,"rgb(55,126,184)"
181,2022-12-13 08:36:35.522214,can_tapper14,2022-12-13 08:36:33.217464,-2.30475,Glow plugs preheating,Engine Heater Glow Plugs Status,Engine Heater Glow Plugs,"rgb(55,126,184)"
181,2022-12-13 08:36:35.522214,can_tapper14,2022-12-13 08:36:37.211261,1.689047,Engine running command,Engine Status,status,"rgb(55,126,184)"
182,2022-12-13 08:39:37.595096,can_tapper14,2022-12-13 08:39:37.595096,0.0,Engine starting command,Engine Status,status,"rgb(77,175,74)"
182,2022-12-13 08:39:37.595096,can_tapper14,2022-12-13 08:39:24.764522,-12.830574,Glow plugs preheating,Engine Heater Glow Plugs Status,Engine Heater Glow Plugs,"rgb(77,175,74)"
182,2022-12-13 08:39:37.595096,can_tapper14,2022-12-13 08:39:35.489551,-2.105545,Glow plugs preheating,Engine Heater Glow Plugs Status,Engine Heater Glow Plugs,"rgb(77,175,74)"
182,2022-12-13 08:39:37.595096,can_tapper14,2022-12-13 08:39:38.981517,1.386421,Engine running command,Engine Status,status,"rgb(77,175,74)"
183,2022-12-13 08:55:46.294668,can_tapper14,2022-12-13 08:55:46.294668,0.0,Engine starting command,Engine Status,status,"rgb(152,78,163)"
183,2022-12-13 08:55:46.294668,can_tapper14,2022-12-13 08:55:37.589592,-8.705076,Glow plugs preheating,Engine Heater Glow Plugs Status,Engine Heater Glow Plugs,"rgb(152,78,163)"
183,2022-12-13 08:55:46.294668,can_tapper14,2022-12-13 08:55:44.089793,-2.204875,Glow plugs preheating,Engine Heater Glow Plugs Status,Engine Heater Glow Plugs,"rgb(152,78,163)"
183,2022-12-13 08:55:46.294668,can_tapper14,2022-12-13 08:55:48.078873,1.784205,Engine running command,Engine Status,status,"rgb(152,78,163)"
183,2022-12-13 08:55:46.294668,can_tapper14,2022-12-13 08:56:53.031443,66.736775,Glow plugs preheating,Engine Heater Glow Plugs Status,Engine Heater Glow Plugs,"rgb(152,78,163)"
183,2022-12-13 08:55:46.294668,can_tapper14,2022-12-13 08:57:11.148842,84.854174,Glow plugs preheating,Engine Heater Glow Plugs Status,Engine Heater Glow Plugs,"rgb(152,78,163)"
183,2022-12-13 08:55:46.294668,can_tapper14,2022-12-13 08:57:12.398743,86.104075,Engine running command,Engine Status,status,"rgb(152,78,163)"
184,2022-12-13 08:57:10.849886,can_tapper14,2022-12-13 08:57:10.849886,0.0,Engine starting command,Engine Status,status,"rgb(255,127,0)"
184,2022-12-13 08:57:10.849886,can_tapper14,2022-12-13 08:56:53.031443,-17.818443,Glow plugs preheating,Engine Heater Glow Plugs Status,Engine Heater Glow Plugs,"rgb(255,127,0)"
184,2022-12-13 08:57:10.849886,can_tapper14,2022-12-13 08:57:11.148842,0.298956,Glow plugs preheating,Engine Heater Glow Plugs Status,Engine Heater Glow Plugs,"rgb(255,127,0)"
184,2022-12-13 08:57:10.849886,can_tapper14,2022-12-13 08:57:12.398743,1.548857,Engine running command,Engine Status,status,"rgb(255,127,0)"
184,2022-12-13 08:57:10.849886,can_tapper14,2022-12-13 08:58:01.660767,50.810881,Glow plugs preheating,Engine Heater Glow Plugs Status,Engine Heater Glow Plugs,"rgb(255,127,0)"
184,2022-12-13 08:57:10.849886,can_tapper14,2022-12-13 08:58:05.336093,54.486207,Engine running command,Engine Status,status,"rgb(255,127,0)"
185,2022-12-13 08:58:03.765591,can_tapper14,2022-12-13 08:58:03.765591,0.0,Engine starting command,Engine Status,status,"rgb(255,255,51)"
185,2022-12-13 08:58:03.765591,can_tapper14,2022-12-13 08:57:11.148842,-52.616749,Glow plugs preheating,Engine Heater Glow Plugs Status,Engine Heater Glow Plugs,"rgb(255,255,51)"
185,2022-12-13 08:58:03.765591,can_tapper14,2022-12-13 08:57:12.398743,-51.366848,Engine running command,Engine Status,status,"rgb(255,255,51)"
185,2022-12-13 08:58:03.765591,can_tapper14,2022-12-13 08:58:01.660767,-2.104824,Glow plugs preheating,Engine Heater Glow Plugs Status,Engine Heater Glow Plugs,"rgb(255,255,51)"
185,2022-12-13 08:58:03.765591,can_tapper14,2022-12-13 08:58:05.336093,1.570502,Engine running command,Engine Status,status,"rgb(255,255,51)"
186,2022-12-13 10:18:30.549504,can_tapper14,2022-12-13 10:18:30.549504,0.0,Engine starting command,Engine Status,status,"rgb(166,86,40)"
186,2022-12-13 10:18:30.549504,can_tapper14,2022-12-13 10:18:23.341486,-7.208018,Glow plugs preheating,Engine Heater Glow Plugs Status,Engine Heater Glow Plugs,"rgb(166,86,40)"
186,2022-12-13 10:18:30.549504,can_tapper14,2022-12-13 10:18:28.444372,-2.105132,Glow plugs preheating,Engine Heater Glow Plugs Status,Engine Heater Glow Plugs,"rgb(166,86,40)"
186,2022-12-13 10:18:30.549504,can_tapper14,2022-12-13 10:18:32.237224,1.68772,Engine running command,Engine Status,status,"rgb(166,86,40)"
186,2022-12-13 10:18:30.549504,can_tapper14,2022-12-13 10:19:31.203883,60.654379,Glow plugs preheating,Engine Heater Glow Plugs Status,Engine Heater Glow Plugs,"rgb(166,86,40)"
186,2022-12-13 10:18:30.549504,can_tapper14,2022-12-13 10:19:34.703830,64.154326,Glow plugs preheating,Engine Heater Glow Plugs Status,Engine Heater Glow Plugs,"rgb(166,86,40)"
186,2022-12-13 10:18:30.549504,can_tapper14,2022-12-13 10:19:39.703875,69.154371,Glow plugs preheating,Engine Heater Glow Plugs Status,Engine Heater Glow Plugs,"rgb(166,86,40)"
186,2022-12-13 10:18:30.549504,can_tapper14,2022-12-13 10:19:46.210504,75.661,Glow plugs preheating,Engine Heater Glow Plugs Status,Engine Heater Glow Plugs,"rgb(166,86,40)"
186,2022-12-13 10:18:30.549504,can_tapper14,2022-12-13 10:19:50.034205,79.484701,Engine running command,Engine Status,status,"rgb(166,86,40)"
187,2022-12-13 10:19:40.657504,can_tapper14,2022-12-13 10:19:40.657504,0.0,Engine starting command,Engine Status,status,"rgb(247,129,191)"
187,2022-12-13 10:19:40.657504,can_tapper14,2022-12-13 10:19:31.203883,-9.453621,Glow plugs preheating,Engine Heater Glow Plugs Status,Engine Heater Glow Plugs,"rgb(247,129,191)"
187,2022-12-13 10:19:40.657504,can_tapper14,2022-12-13 10:19:34.703830,-5.953674,Glow plugs preheating,Engine Heater Glow Plugs Status,Engine Heater Glow Plugs,"rgb(247,129,191)"
187,2022-12-13 10:19:40.657504,can_tapper14,2022-12-13 10:19:39.703875,-0.953629,Glow plugs preheating,Engine Heater Glow Plugs Status,Engine Heater Glow Plugs,"rgb(247,129,191)"
187,2022-12-13 10:19:40.657504,can_tapper14,2022-12-13 10:19:46.210504,5.553,Glow plugs preheating,Engine Heater Glow Plugs Status,Engine Heater Glow Plugs,"rgb(247,129,191)"
187,2022-12-13 10:19:40.657504,can_tapper14,2022-12-13 10:19:50.034205,9.376701,Engine running command,Engine Status,status,"rgb(247,129,191)"
187,2022-12-13 10:19:40.657504,can_tapper14,2022-12-13 10:20:47.856019,67.198515,Glow plugs preheating,Engine Heater Glow Plugs Status,Engine Heater Glow Plugs,"rgb(247,129,191)"
187,2022-12-13 10:19:40.657504,can_tapper14,2022-12-13 10:20:51.747226,71.089722,Engine running command,Engine Status,status,"rgb(247,129,191)"
188,2022-12-13 10:19:48.414125,can_tapper14,2022-12-13 10:19:48.414125,0.0,Engine starting command,Engine Status,status,"rgb(153,153,153)"
188,2022-12-13 10:19:48.414125,can_tapper14,2022-12-13 10:19:31.203883,-17.210242,Glow plugs preheating,Engine Heater Glow Plugs Status,Engine Heater Glow Plugs,"rgb(153,153,153)"
188,2022-12-13 10:19:48.414125,can_tapper14,2022-12-13 10:19:34.703830,-13.710295,Glow plugs preheating,Engine Heater Glow Plugs Status,Engine Heater Glow Plugs,"rgb(153,153,153)"
188,2022-12-13 10:19:48.414125,can_tapper14,2022-12-13 10:19:39.703875,-8.71025,Glow plugs preheating,Engine Heater Glow Plugs Status,Engine Heater Glow Plugs,"rgb(153,153,153)"
188,2022-12-13 10:19:48.414125,can_tapper14,2022-12-13 10:19:46.210504,-2.203621,Glow plugs preheating,Engine Heater Glow Plugs Status,Engine Heater Glow Plugs,"rgb(153,153,153)"
188,2022-12-13 10:19:48.414125,can_tapper14,2022-12-13 10:19:50.034205,1.62008,Engine running command,Engine Status,status,"rgb(153,153,153)"
188,2022-12-13 10:19:48.414125,can_tapper14,2022-12-13 10:20:47.856019,59.441894,Glow plugs preheating,Engine Heater Glow Plugs Status,Engine Heater Glow Plugs,"rgb(153,153,153)"
188,2022-12-13 10:19:48.414125,can_tapper14,2022-12-13 10:20:51.747226,63.333101,Engine running command,Engine Status,status,"rgb(153,153,153)"
189,2022-12-13 10:20:50.160750,can_tapper14,2022-12-13 10:20:50.160750,0.0,Engine starting command,Engine Status,status,"rgb(228,26,28)"
189,2022-12-13 10:20:50.160750,can_tapper14,2022-12-13 10:20:47.856019,-2.304731,Glow plugs preheating,Engine Heater Glow Plugs Status,Engine Heater Glow Plugs,"rgb(228,26,28)"
189,2022-12-13 10:20:50.160750,can_tapper14,2022-12-13 10:20:51.747226,1.586476,Engine running command,Engine Status,status,"rgb(228,26,28)"
190,2022-12-13 15:05:32.218009,can_tapper14,2022-12-13 15:05:32.218009,0.0,Engine starting command,Engine Status,status,"rgb(55,126,184)"
190,2022-12-13 15:05:32.218009,can_tapper14,2022-12-13 15:05:24.606584,-7.611425,Glow plugs preheating,Engine Heater Glow Plugs Status,Engine Heater Glow Plugs,"rgb(55,126,184)"
190,2022-12-13 15:05:32.218009,can_tapper14,2022-12-13 15:05:30.110807,-2.107202,Glow plugs preheating,Engine Heater Glow Plugs Status,Engine Heater Glow Plugs,"rgb(55,126,184)"
190,2022-12-13 15:05:32.218009,can_tapper14,2022-12-13 15:05:33.845878,1.627869,Engine running command,Engine Status,status,"rgb(55,126,184)"
190,2022-12-13 15:05:32.218009,can_tapper14,2022-12-13 15:06:17.033382,44.815373,Glow plugs preheating,Engine Heater Glow Plugs Status,Engine Heater Glow Plugs,"rgb(55,126,184)"
190,2022-12-13 15:05:32.218009,can_tapper14,2022-12-13 15:06:20.777833,48.559824,Engine running command,Engine Status,status,"rgb(55,126,184)"
191,2022-12-13 15:06:19.137208,can_tapper14,2022-12-13 15:06:19.137208,0.0,Engine starting command,Engine Status,status,"rgb(77,175,74)"
191,2022-12-13 15:06:19.137208,can_tapper14,2022-12-13 15:05:24.606584,-54.530624,Glow plugs preheating,Engine Heater Glow Plugs Status,Engine Heater Glow Plugs,"rgb(77,175,74)"
191,2022-12-13 15:06:19.137208,can_tapper14,2022-12-13 15:05:30.110807,-49.026401,Glow plugs preheating,Engine Heater Glow Plugs Status,Engine Heater Glow Plugs,"rgb(77,175,74)"
191,2022-12-13 15:06:19.137208,can_tapper14,2022-12-13 15:05:33.845878,-45.29133,Engine running command,Engine Status,status,"rgb(77,175,74)"
191,2022-12-13 15:06:19.137208,can_tapper14,2022-12-13 15:06:17.033382,-2.103826,Glow plugs preheating,Engine Heater Glow Plugs Status,Engine Heater Glow Plugs,"rgb(77,175,74)"
191,2022-12-13 15:06:19.137208,can_tapper14,2022-12-13 15:06:20.777833,1.640625,Engine running command,Engine Status,status,"rgb(77,175,74)"
191,2022-12-13 15:06:19.137208,can_tapper14,2022-12-13 15:08:05.133984,105.996776,Glow plugs preheating,Engine Heater Glow Plugs Status,Engine Heater Glow Plugs,"rgb(77,175,74)"
191,2022-12-13 15:06:19.137208,can_tapper14,2022-12-13 15:08:08.949109,109.811901,Engine running command,Engine Status,status,"rgb(77,175,74)"
192,2022-12-13 15:08:07.439977,can_tapper14,2022-12-13 15:08:07.439977,0.0,Engine starting command,Engine Status,status,"rgb(152,78,163)"
192,2022-12-13 15:08:07.439977,can_tapper14,2022-12-13 15:08:05.133984,-2.305993,Glow plugs preheating,Engine Heater Glow Plugs Status,Engine Heater Glow Plugs,"rgb(152,78,163)"
192,2022-12-13 15:08:07.439977,can_tapper14,2022-12-13 15:08:08.949109,1.509132,Engine running command,Engine Status,status,"rgb(152,78,163)"
193,2022-12-19 08:38:53.892196,can_tapper14,2022-12-19 08:38:53.892196,0.0,Engine starting command,Engine Status,status,"rgb(255,127,0)"
193,2022-12-19 08:38:53.892196,can_tapper14,2022-12-19 08:38:45.678135,-8.214061,Glow plugs preheating,Engine Heater Glow Plugs Status,Engine Heater Glow Plugs,"rgb(255,127,0)"
193,2022-12-19 08:38:53.892196,can_tapper14,2022-12-19 08:38:51.582616,-2.30958,Glow plugs preheating,Engine Heater Glow Plugs Status,Engine Heater Glow Plugs,"rgb(255,127,0)"
193,2022-12-19 08:38:53.892196,can_tapper14,2022-12-19 08:38:55.728109,1.835913,Engine running command,Engine Status,status,"rgb(255,127,0)"
193,2022-12-19 08:38:53.892196,can_tapper14,2022-12-19 08:39:53.218318,59.326122,Glow plugs preheating,Engine Heater Glow Plugs Status,Engine Heater Glow Plugs,"rgb(255,127,0)"
193,2022-12-19 08:38:53.892196,can_tapper14,2022-12-19 08:39:57.198284,63.306088,Engine running command,Engine Status,status,"rgb(255,127,0)"
194,2022-12-19 08:39:55.522437,can_tapper14,2022-12-19 08:39:55.522437,0.0,Engine starting command,Engine Status,status,"rgb(255,255,51)"
194,2022-12-19 08:39:55.522437,can_tapper14,2022-12-19 08:38:55.728109,-59.794328,Engine running command,Engine Status,status,"rgb(255,255,51)"
194,2022-12-19 08:39:55.522437,can_tapper14,2022-12-19 08:39:53.218318,-2.304119,Glow plugs preheating,Engine Heater Glow Plugs Status,Engine Heater Glow Plugs,"rgb(255,255,51)"
194,2022-12-19 08:39:55.522437,can_tapper14,2022-12-19 08:39:57.198284,1.675847,Engine running command,Engine Status,status,"rgb(255,255,51)"
194,2022-12-19 08:39:55.522437,can_tapper14,2022-12-19 08:41:18.612100,83.089663,Glow plugs preheating,Engine Heater Glow Plugs Status,Engine Heater Glow Plugs,"rgb(255,255,51)"
194,2022-12-19 08:39:55.522437,can_tapper14,2022-12-19 08:41:22.506140,86.983703,Engine running command,Engine Status,status,"rgb(255,255,51)"
195,2022-12-19 08:41:20.715957,can_tapper14,2022-12-19 08:41:20.715957,0.0,Engine starting command,Engine Status,status,"rgb(166,86,40)"
195,2022-12-19 08:41:20.715957,can_tapper14,2022-12-19 08:41:18.612100,-2.103857,Glow plugs preheating,Engine Heater Glow Plugs Status,Engine Heater Glow Plugs,"rgb(166,86,40)"
195,2022-12-19 08:41:20.715957,can_tapper14,2022-12-19 08:41:22.506140,1.790183,Engine running command,Engine Status,status,"rgb(166,86,40)"
196,2022-12-19 08:55:39.906188,can_tapper14,2022-12-19 08:55:39.906188,0.0,Engine starting command,Engine Status,status,"rgb(247,129,191)"
196,2022-12-19 08:55:39.906188,can_tapper14,2022-12-19 08:55:26.080673,-13.825515,Glow plugs preheating,Engine Heater Glow Plugs Status,Engine Heater Glow Plugs,"rgb(247,129,191)"
196,2022-12-19 08:55:39.906188,can_tapper14,2022-12-19 08:55:40.185214,0.279026,Glow plugs preheating,Engine Heater Glow Plugs Status,Engine Heater Glow Plugs,"rgb(247,129,191)"
196,2022-12-19 08:55:39.906188,can_tapper14,2022-12-19 08:55:41.698307,1.792119,Engine running command,Engine Status,status,"rgb(247,129,191)"
196,2022-12-19 08:55:39.906188,can_tapper14,2022-12-19 08:57:37.842097,117.935909,Glow plugs preheating,Engine Heater Glow Plugs Status,Engine Heater Glow Plugs,"rgb(247,129,191)"
197,2022-12-19 08:57:40.044813,can_tapper14,2022-12-19 08:57:40.044813,0.0,Engine starting command,Engine Status,status,"rgb(153,153,153)"
197,2022-12-19 08:57:40.044813,can_tapper14,2022-12-19 08:57:37.842097,-2.202716,Glow plugs preheating,Engine Heater Glow Plugs Status,Engine Heater Glow Plugs,"rgb(153,153,153)"
197,2022-12-19 08:57:40.044813,can_tapper14,2022-12-19 08:57:41.722605,1.677792,Engine running command,Engine Status,status,"rgb(153,153,153)"
197,2022-12-19 08:57:40.044813,can_tapper14,2022-12-19 08:58:31.658151,51.613338,Glow plugs preheating,Engine Heater Glow Plugs Status,Engine Heater Glow Plugs,"rgb(153,153,153)"
197,2022-12-19 08:57:40.044813,can_tapper14,2022-12-19 08:58:32.895983,52.85117,Engine running command,Engine Status,status,"rgb(153,153,153)"
198,2022-12-19 08:58:31.367187,can_tapper14,2022-12-19 08:58:31.367187,0.0,Engine starting command,Engine Status,status,"rgb(228,26,28)"
198,2022-12-19 08:58:31.367187,can_tapper14,2022-12-19 08:57:37.842097,-53.52509,Glow plugs preheating,Engine Heater Glow Plugs Status,Engine Heater Glow Plugs,"rgb(228,26,28)"
198,2022-12-19 08:58:31.367187,can_tapper14,2022-12-19 08:57:41.722605,-49.644582,Engine running command,Engine Status,status,"rgb(228,26,28)"
198,2022-12-19 08:58:31.367187,can_tapper14,2022-12-19 08:58:31.658151,0.290964,Glow plugs preheating,Engine Heater Glow Plugs Status,Engine Heater Glow Plugs,"rgb(228,26,28)"
198,2022-12-19 08:58:31.367187,can_tapper14,2022-12-19 08:58:32.895983,1.528796,Engine running command,Engine Status,status,"rgb(228,26,28)"
199,2022-12-21 09:56:55.730121,can_tapper14,2022-12-21 09:56:55.730121,0.0,Engine starting command,Engine Status,status,"rgb(55,126,184)"
199,2022-12-21 09:56:55.730121,can_tapper14,2022-12-21 09:56:53.426716,-2.303405,Glow plugs preheating,Engine Heater Glow Plugs Status,Engine Heater Glow Plugs,"rgb(55,126,184)"
199,2022-12-21 09:56:55.730121,can_tapper14,2022-12-21 09:56:57.179683,1.449562,Engine running command,Engine Status,status,"rgb(55,126,184)"
200,2022-12-21 10:54:33.848968,can_tapper14,2022-12-21 10:54:33.848968,0.0,Engine starting command,Engine Status,status,"rgb(77,175,74)"
200,2022-12-21 10:54:33.848968,can_tapper14,2022-12-21 10:54:34.181324,0.332356,Glow plugs preheating,Engine Heater Glow Plugs Status,Engine Heater Glow Plugs,"rgb(77,175,74)"
200,2022-12-21 10:54:33.848968,can_tapper14,2022-12-21 10:54:35.262569,1.413601,Engine running command,Engine Status,status,"rgb(77,175,74)"
201,2023-01-09 08:57:19.997693,can_tapper14,2023-01-09 08:57:19.997693,0.0,Engine starting command,Engine Status,status,"rgb(152,78,163)"
201,2023-01-09 08:57:19.997693,can_tapper14,2023-01-09 08:57:17.893111,-2.104582,Glow plugs preheating,Engine Heater Glow Plugs Status,Engine Heater Glow Plugs,"rgb(152,78,163)"
201,2023-01-09 08:57:19.997693,can_tapper14,2023-01-09 08:57:21.526743,1.52905,Engine running command,Engine Status,status,"rgb(152,78,163)"
202,2023-01-09 09:31:56.923416,can_tapper14,2023-01-09 09:31:56.923416,0.0,Engine starting command,Engine Status,status,"rgb(255,127,0)"
202,2023-01-09 09:31:56.923416,can_tapper14,2023-01-09 09:31:54.815586,-2.10783,Glow plugs preheating,Engine Heater Glow Plugs Status,Engine Heater Glow Plugs,"rgb(255,127,0)"
202,2023-01-09 09:31:56.923416,can_tapper14,2023-01-09 09:31:58.724617,1.801201,Engine running command,Engine Status,status,"rgb(255,127,0)"
203,2023-01-09 10:25:41.554530,can_tapper14,2023-01-09 10:25:41.554530,0.0,Engine starting command,Engine Status,status,"rgb(255,255,51)"
203,2023-01-09 10:25:41.554530,can_tapper14,2023-01-09 10:25:30.146199,-11.408331,Glow plugs preheating,Engine Heater Glow Plugs Status,Engine Heater Glow Plugs,"rgb(255,255,51)"
203,2023-01-09 10:25:41.554530,can_tapper14,2023-01-09 10:25:39.348609,-2.205921,Glow plugs preheating,Engine Heater Glow Plugs Status,Engine Heater Glow Plugs,"rgb(255,255,51)"
203,2023-01-09 10:25:41.554530,can_tapper14,2023-01-09 10:25:43.317999,1.763469,Engine running command,Engine Status,status,"rgb(255,255,51)"
203,2023-01-09 10:25:41.554530,can_tapper14,2023-01-09 10:27:12.576621,91.022091,Glow plugs preheating,Engine Heater Glow Plugs Status,Engine Heater Glow Plugs,"rgb(255,255,51)"
203,2023-01-09 10:25:41.554530,can_tapper14,2023-01-09 10:27:16.383555,94.829025,Engine running command,Engine Status,status,"rgb(255,255,51)"
204,2023-01-09 10:27:14.882390,can_tapper14,2023-01-09 10:27:14.882390,0.0,Engine starting command,Engine Status,status,"rgb(166,86,40)"
204,2023-01-09 10:27:14.882390,can_tapper14,2023-01-09 10:27:12.576621,-2.305769,Glow plugs preheating,Engine Heater Glow Plugs Status,Engine Heater Glow Plugs,"rgb(166,86,40)"
204,2023-01-09 10:27:14.882390,can_tapper14,2023-01-09 10:27:16.383555,1.501165,Engine running command,Engine Status,status,"rgb(166,86,40)"
205,2023-01-09 12:31:56.600573,can_tapper14,2023-01-09 12:31:56.600573,0.0,Engine starting command,Engine Status,status,"rgb(247,129,191)"
205,2023-01-09 12:31:56.600573,can_tapper14,2023-01-09 12:31:54.294379,-2.306194,Glow plugs preheating,Engine Heater Glow Plugs Status,Engine Heater Glow Plugs,"rgb(247,129,191)"
205,2023-01-09 12:31:56.600573,can_tapper14,2023-01-09 12:31:58.231649,1.631076,Engine running command,Engine Status,status,"rgb(247,129,191)"
206,2023-01-09 12:34:13.168447,can_tapper14,2023-01-09 12:34:13.168447,0.0,Engine starting command,Engine Status,status,"rgb(153,153,153)"
206,2023-01-09 12:34:13.168447,can_tapper14,2023-01-09 12:34:10.862327,-2.30612,Glow plugs preheating,Engine Heater Glow Plugs Status,Engine Heater Glow Plugs,"rgb(153,153,153)"
206,2023-01-09 12:34:13.168447,can_tapper14,2023-01-09 12:34:14.479407,1.31096,Engine running command,Engine Status,status,"rgb(153,153,153)"
207,2023-01-09 13:01:59.043415,can_tapper14,2023-01-09 13:01:59.043415,0.0,Engine starting command,Engine Status,status,"rgb(228,26,28)"
207,2023-01-09 13:01:59.043415,can_tapper14,2023-01-09 13:01:42.828491,-16.214924,Glow plugs preheating,Engine Heater Glow Plugs Status,Engine Heater Glow Plugs,"rgb(228,26,28)"
207,2023-01-09 13:01:59.043415,can_tapper14,2023-01-09 13:01:56.936336,-2.107079,Glow plugs preheating,Engine Heater Glow Plugs Status,Engine Heater Glow Plugs,"rgb(228,26,28)"
207,2023-01-09 13:01:59.043415,can_tapper14,2023-01-09 13:02:00.496910,1.453495,Engine running command,Engine Status,status,"rgb(228,26,28)"
207,2023-01-09 13:01:59.043415,can_tapper14,2023-01-09 13:03:24.477987,85.434572,Glow plugs preheating,Engine Heater Glow Plugs Status,Engine Heater Glow Plugs,"rgb(228,26,28)"
207,2023-01-09 13:01:59.043415,can_tapper14,2023-01-09 13:03:28.322734,89.279319,Engine running command,Engine Status,status,"rgb(228,26,28)"
208,2023-01-09 13:03:26.682561,can_tapper14,2023-01-09 13:03:26.682561,0.0,Engine starting command,Engine Status,status,"rgb(55,126,184)"
208,2023-01-09 13:03:26.682561,can_tapper14,2023-01-09 13:03:24.477987,-2.204574,Glow plugs preheating,Engine Heater Glow Plugs Status,Engine Heater Glow Plugs,"rgb(55,126,184)"
208,2023-01-09 13:03:26.682561,can_tapper14,2023-01-09 13:03:28.322734,1.640173,Engine running command,Engine Status,status,"rgb(55,126,184)"
208,2023-01-09 13:03:26.682561,can_tapper14,2023-01-09 13:04:16.589827,49.907266,Glow plugs preheating,Engine Heater Glow Plugs Status,Engine Heater Glow Plugs,"rgb(55,126,184)"
208,2023-01-09 13:03:26.682561,can_tapper14,2023-01-09 13:04:20.515829,53.833268,Engine running command,Engine Status,status,"rgb(55,126,184)"
209,2023-01-09 13:04:18.796079,can_tapper14,2023-01-09 13:04:18.796079,0.0,Engine starting command,Engine Status,status,"rgb(77,175,74)"
209,2023-01-09 13:04:18.796079,can_tapper14,2023-01-09 13:03:24.477987,-54.318092,Glow plugs preheating,Engine Heater Glow Plugs Status,Engine Heater Glow Plugs,"rgb(77,175,74)"
209,2023-01-09 13:04:18.796079,can_tapper14,2023-01-09 13:03:28.322734,-50.473345,Engine running command,Engine Status,status,"rgb(77,175,74)"
209,2023-01-09 13:04:18.796079,can_tapper14,2023-01-09 13:04:16.589827,-2.206252,Glow plugs preheating,Engine Heater Glow Plugs Status,Engine Heater Glow Plugs,"rgb(77,175,74)"
209,2023-01-09 13:04:18.796079,can_tapper14,2023-01-09 13:04:20.515829,1.71975,Engine running command,Engine Status,status,"rgb(77,175,74)"
210,2023-01-11 10:23:53.696578,can_tapper14,2023-01-11 10:23:53.696578,0.0,Engine starting command,Engine Status,status,"rgb(152,78,163)"
210,2023-01-11 10:23:53.696578,can_tapper14,2023-01-11 10:23:46.078855,-7.617723,Glow plugs preheating,Engine Heater Glow Plugs Status,Engine Heater Glow Plugs,"rgb(152,78,163)"
210,2023-01-11 10:23:53.696578,can_tapper14,2023-01-11 10:23:51.492707,-2.203871,Glow plugs preheating,Engine Heater Glow Plugs Status,Engine Heater Glow Plugs,"rgb(152,78,163)"
210,2023-01-11 10:23:53.696578,can_tapper14,2023-01-11 10:23:55.325503,1.628925,Engine running command,Engine Status,status,"rgb(152,78,163)"
211,2023-01-11 10:26:13.144932,can_tapper14,2023-01-11 10:26:13.144932,0.0,Engine starting command,Engine Status,status,"rgb(255,127,0)"
211,2023-01-11 10:26:13.144932,can_tapper14,2023-01-11 10:26:10.841021,-2.303911,Glow plugs preheating,Engine Heater Glow Plugs Status,Engine Heater Glow Plugs,"rgb(255,127,0)"
211,2023-01-11 10:26:13.144932,can_tapper14,2023-01-11 10:26:14.807472,1.66254,Engine running command,Engine Status,status,"rgb(255,127,0)"
212,2023-01-11 10:28:37.152457,can_tapper14,2023-01-11 10:28:37.152457,0.0,Engine starting command,Engine Status,status,"rgb(255,255,51)"
212,2023-01-11 10:28:37.152457,can_tapper14,2023-01-11 10:28:34.847128,-2.305329,Glow plugs preheating,Engine Heater Glow Plugs Status,Engine Heater Glow Plugs,"rgb(255,255,51)"
212,2023-01-11 10:28:37.152457,can_tapper14,2023-01-11 10:28:38.799752,1.647295,Engine running command,Engine Status,status,"rgb(255,255,51)"
213,2023-01-11 10:58:16.851025,can_tapper14,2023-01-11 10:58:16.851025,0.0,Engine starting command,Engine Status,status,"rgb(166,86,40)"
213,2023-01-11 10:58:16.851025,can_tapper14,2023-01-11 10:58:14.640744,-2.210281,Glow plugs preheating,Engine Heater Glow Plugs Status,Engine Heater Glow Plugs,"rgb(166,86,40)"
213,2023-01-11 10:58:16.851025,can_tapper14,2023-01-11 10:58:18.489620,1.638595,Engine running command,Engine Status,status,"rgb(166,86,40)"
214,2023-01-11 11:17:18.871115,can_tapper14,2023-01-11 11:17:18.871115,0.0,Engine starting command,Engine Status,status,"rgb(247,129,191)"
214,2023-01-11 11:17:18.871115,can_tapper14,2023-01-11 11:17:16.562871,-2.308244,Glow plugs preheating,Engine Heater Glow Plugs Status,Engine Heater Glow Plugs,"rgb(247,129,191)"
214,2023-01-11 11:17:18.871115,can_tapper14,2023-01-11 11:17:20.649617,1.778502,Engine running command,Engine Status,status,"rgb(247,129,191)"
215,2023-01-11 14:29:07.437915,can_tapper14,2023-01-11 14:29:07.437915,0.0,Engine starting command,Engine Status,status,"rgb(153,153,153)"
215,2023-01-11 14:29:07.437915,can_tapper14,2023-01-11 14:28:58.119390,-9.318525,Glow plugs preheating,Engine Heater Glow Plugs Status,Engine Heater Glow Plugs,"rgb(153,153,153)"
215,2023-01-11 14:29:07.437915,can_tapper14,2023-01-11 14:29:05.229138,-2.208777,Glow plugs preheating,Engine Heater Glow Plugs Status,Engine Heater Glow Plugs,"rgb(153,153,153)"
215,2023-01-11 14:29:07.437915,can_tapper14,2023-01-11 14:29:08.936802,1.498887,Engine running command,Engine Status,status,"rgb(153,153,153)"
215,2023-01-11 14:29:07.437915,can_tapper14,2023-01-11 14:30:09.987264,62.549349,Glow plugs preheating,Engine Heater Glow Plugs Status,Engine Heater Glow Plugs,"rgb(153,153,153)"
215,2023-01-11 14:29:07.437915,can_tapper14,2023-01-11 14:30:13.932669,66.494754,Engine running command,Engine Status,status,"rgb(153,153,153)"
216,2023-01-11 14:30:12.291483,can_tapper14,2023-01-11 14:30:12.291483,0.0,Engine starting command,Engine Status,status,"rgb(228,26,28)"
216,2023-01-11 14:30:12.291483,can_tapper14,2023-01-11 14:30:09.987264,-2.304219,Glow plugs preheating,Engine Heater Glow Plugs Status,Engine Heater Glow Plugs,"rgb(228,26,28)"
216,2023-01-11 14:30:12.291483,can_tapper14,2023-01-11 14:30:13.932669,1.641186,Engine running command,Engine Status,status,"rgb(228,26,28)"
216,2023-01-11 14:30:12.291483,can_tapper14,2023-01-11 14:31:49.624158,97.332675,Glow plugs preheating,Engine Heater Glow Plugs Status,Engine Heater Glow Plugs,"rgb(228,26,28)"
216,2023-01-11 14:30:12.291483,can_tapper14,2023-01-11 14:31:53.545731,101.254248,Engine running command,Engine Status,status,"rgb(228,26,28)"
217,2023-01-11 14:31:51.928501,can_tapper14,2023-01-11 14:31:51.928501,0.0,Engine starting command,Engine Status,status,"rgb(55,126,184)"
217,2023-01-11 14:31:51.928501,can_tapper14,2023-01-11 14:31:49.624158,-2.304343,Glow plugs preheating,Engine Heater Glow Plugs Status,Engine Heater Glow Plugs,"rgb(55,126,184)"
217,2023-01-11 14:31:51.928501,can_tapper14,2023-01-11 14:31:53.545731,1.61723,Engine running command,Engine Status,status,"rgb(55,126,184)"
218,2023-01-11 14:45:40.862237,can_tapper14,2023-01-11 14:45:40.862237,0.0,Engine starting command,Engine Status,status,"rgb(77,175,74)"
218,2023-01-11 14:45:40.862237,can_tapper14,2023-01-11 14:45:38.557875,-2.304362,Glow plugs preheating,Engine Heater Glow Plugs Status,Engine Heater Glow Plugs,"rgb(77,175,74)"
218,2023-01-11 14:45:40.862237,can_tapper14,2023-01-11 14:45:42.344705,1.482468,Engine running command,Engine Status,status,"rgb(77,175,74)"
219,2023-01-11 14:57:42.915357,can_tapper14,2023-01-11 14:57:42.915357,0.0,Engine starting command,Engine Status,status,"rgb(152,78,163)"
219,2023-01-11 14:57:42.915357,can_tapper14,2023-01-11 14:57:40.910236,-2.005121,Glow plugs preheating,Engine Heater Glow Plugs Status,Engine Heater Glow Plugs,"rgb(152,78,163)"
219,2023-01-11 14:57:42.915357,can_tapper14,2023-01-11 14:57:44.341426,1.426069,Engine running command,Engine Status,status,"rgb(152,78,163)"
220,2023-01-11 17:58:19.942362,can_tapper14,2023-01-11 17:58:19.942362,0.0,Engine starting command,Engine Status,status,"rgb(255,127,0)"
220,2023-01-11 17:58:19.942362,can_tapper14,2023-01-11 17:58:17.834962,-2.1074,Glow plugs preheating,Engine Heater Glow Plugs Status,Engine Heater Glow Plugs,"rgb(255,127,0)"
220,2023-01-11 17:58:19.942362,can_tapper14,2023-01-11 17:58:21.416937,1.474575,Engine running command,Engine Status,status,"rgb(255,127,0)"
221,2023-01-13 08:21:57.215719,can_tapper14,2023-01-13 08:21:57.215719,0.0,Engine starting command,Engine Status,status,"rgb(255,255,51)"
221,2023-01-13 08:21:57.215719,can_tapper14,2023-01-13 08:21:55.010487,-2.205232,Glow plugs preheating,Engine Heater Glow Plugs Status,Engine Heater Glow Plugs,"rgb(255,255,51)"
221,2023-01-13 08:21:57.215719,can_tapper14,2023-01-13 08:21:58.758419,1.5427,Engine running command,Engine Status,status,"rgb(255,255,51)"
222,2023-01-13 10:57:49.857786,can_tapper14,2023-01-13 10:57:49.857786,0.0,Engine starting command,Engine Status,status,"rgb(166,86,40)"
222,2023-01-13 10:57:49.857786,can_tapper14,2023-01-13 10:57:50.203563,0.345777,Glow plugs preheating,Engine Heater Glow Plugs Status,Engine Heater Glow Plugs,"rgb(166,86,40)"
222,2023-01-13 10:57:49.857786,can_tapper14,2023-01-13 10:57:51.464406,1.60662,Engine running command,Engine Status,status,"rgb(166,86,40)"
223,2023-01-18 12:30:07.579828,can_tapper14,2023-01-18 12:30:07.579828,0.0,Engine starting command,Engine Status,status,"rgb(247,129,191)"
223,2023-01-18 12:30:07.579828,can_tapper14,2023-01-18 12:30:05.275076,-2.304752,Glow plugs preheating,Engine Heater Glow Plugs Status,Engine Heater Glow Plugs,"rgb(247,129,191)"
223,2023-01-18 12:30:07.579828,can_tapper14,2023-01-18 12:30:09.589319,2.009491,Engine running command,Engine Status,status,"rgb(247,129,191)"
224,2023-01-20 08:59:54.083176,can_tapper14,2023-01-20 08:59:54.083176,0.0,Engine starting command,Engine Status,status,"rgb(153,153,153)"
224,2023-01-20 08:59:54.083176,can_tapper14,2023-01-20 08:59:54.481233,0.398057,Glow plugs preheating,Engine Heater Glow Plugs Status,Engine Heater Glow Plugs,"rgb(153,153,153)"
224,2023-01-20 08:59:54.083176,can_tapper14,2023-01-20 08:59:55.935215,1.852039,Engine running command,Engine Status,status,"rgb(153,153,153)"
225,2023-01-20 09:16:55.175168,can_tapper14,2023-01-20 09:16:55.175168,0.0,Engine starting command,Engine Status,status,"rgb(228,26,28)"
225,2023-01-20 09:16:55.175168,can_tapper14,2023-01-20 09:16:52.864118,-2.31105,Glow plugs preheating,Engine Heater Glow Plugs Status,Engine Heater Glow Plugs,"rgb(228,26,28)"
225,2023-01-20 09:16:55.175168,can_tapper14,2023-01-20 09:16:56.775465,1.600297,Engine running command,Engine Status,status,"rgb(228,26,28)"
226,2023-01-20 09:27:53.106308,can_tapper14,2023-01-20 09:27:53.106308,0.0,Engine starting command,Engine Status,status,"rgb(55,126,184)"
226,2023-01-20 09:27:53.106308,can_tapper14,2023-01-20 09:27:54.924378,1.81807,Engine running command,Engine Status,status,"rgb(55,126,184)"
227,2023-02-28 13:33:37.474781,can_tapper14,2023-02-28 13:33:37.474781,0.0,Engine starting command,Engine Status,status,"rgb(77,175,74)"
227,2023-02-28 13:33:37.474781,can_tapper14,2023-02-28 13:33:35.369570,-2.105211,Glow plugs preheating,Engine Heater Glow Plugs Status,Engine Heater Glow Plugs,"rgb(77,175,74)"
227,2023-02-28 13:33:37.474781,can_tapper14,2023-02-28 13:33:38.936729,1.461948,Engine running command,Engine Status,status,"rgb(77,175,74)"
228,2023-03-06 13:56:46.686095,can_tapper14,2023-03-06 13:56:46.686095,0.0,Engine starting command,Engine Status,status,"rgb(152,78,163)"
228,2023-03-06 13:56:46.686095,can_tapper14,2023-03-06 13:56:39.679659,-7.006436,Glow plugs preheating,Engine Heater Glow Plugs Status,Engine Heater Glow Plugs,"rgb(152,78,163)"
228,2023-03-06 13:56:46.686095,can_tapper14,2023-03-06 13:56:44.380800,-2.305295,Glow plugs preheating,Engine Heater Glow Plugs Status,Engine Heater Glow Plugs,"rgb(152,78,163)"
228,2023-03-06 13:56:46.686095,can_tapper14,2023-03-06 13:56:48.277444,1.591349,Engine running command,Engine Status,status,"rgb(152,78,163)"
229,2023-03-08 08:32:34.474562,can_tapper14,2023-03-08 08:32:34.474562,0.0,Engine starting command,Engine Status,status,"rgb(255,127,0)"
229,2023-03-08 08:32:34.474562,can_tapper14,2023-03-08 08:32:32.172034,-2.302528,Glow plugs preheating,Engine Heater Glow Plugs Status,Engine Heater Glow Plugs,"rgb(255,127,0)"
229,2023-03-08 08:32:34.474562,can_tapper14,2023-03-08 08:32:36.020159,1.545597,Engine running command,Engine Status,status,"rgb(255,127,0)"
230,2023-03-08 10:33:45.709477,can_tapper14,2023-03-08 10:33:45.709477,0.0,Engine starting command,Engine Status,status,"rgb(255,255,51)"
230,2023-03-08 10:33:45.709477,can_tapper14,2023-03-08 10:33:41.203058,-4.506419,Glow plugs preheating,Engine Heater Glow Plugs Status,Engine Heater Glow Plugs,"rgb(255,255,51)"
230,2023-03-08 10:33:45.709477,can_tapper14,2023-03-08 10:33:43.504827,-2.20465,Glow plugs preheating,Engine Heater Glow Plugs Status,Engine Heater Glow Plugs,"rgb(255,255,51)"
230,2023-03-08 10:33:45.709477,can_tapper14,2023-03-08 10:33:47.467277,1.7578,Engine running command,Engine Status,status,"rgb(255,255,51)"
231,2023-03-09 09:56:54.799535,can_tapper14,2023-03-09 09:56:54.799535,0.0,Engine starting command,Engine Status,status,"rgb(166,86,40)"
231,2023-03-09 09:56:54.799535,can_tapper14,2023-03-09 09:56:55.091840,0.292305,Glow plugs preheating,Engine Heater Glow Plugs Status,Engine Heater Glow Plugs,"rgb(166,86,40)"
231,2023-03-09 09:56:54.799535,can_tapper14,2023-03-09 09:56:56.882617,2.083082,Engine running command,Engine Status,status,"rgb(166,86,40)"
232,2023-03-09 11:22:54.014166,can_tapper14,2023-03-09 11:22:54.014166,0.0,Engine starting command,Engine Status,status,"rgb(247,129,191)"
232,2023-03-09 11:22:54.014166,can_tapper14,2023-03-09 11:22:54.284219,0.270053,Glow plugs preheating,Engine Heater Glow Plugs Status,Engine Heater Glow Plugs,"rgb(247,129,191)"
232,2023-03-09 11:22:54.014166,can_tapper14,2023-03-09 11:22:55.567240,1.553074,Engine running command,Engine Status,status,"rgb(247,129,191)"
233,2023-03-09 13:00:25.729815,can_tapper14,2023-03-09 13:00:25.729815,0.0,Engine starting command,Engine Status,status,"rgb(153,153,153)"
233,2023-03-09 13:00:25.729815,can_tapper14,2023-03-09 13:00:26.128323,0.398508,Glow plugs preheating,Engine Heater Glow Plugs Status,Engine Heater Glow Plugs,"rgb(153,153,153)"
233,2023-03-09 13:00:25.729815,can_tapper14,2023-03-09 13:00:27.242682,1.512867,Engine running command,Engine Status,status,"rgb(153,153,153)"
234,2023-03-10 08:05:49.859374,can_tapper14,2023-03-10 08:05:49.859374,0.0,Engine starting command,Engine Status,status,"rgb(228,26,28)"
234,2023-03-10 08:05:49.859374,can_tapper14,2023-03-10 08:05:47.850470,-2.008904,Glow plugs preheating,Engine Heater Glow Plugs Status,Engine Heater Glow Plugs,"rgb(228,26,28)"
234,2023-03-10 08:05:49.859374,can_tapper14,2023-03-10 08:05:51.501651,1.642277,Engine running command,Engine Status,status,"rgb(228,26,28)"
235,2023-03-10 09:24:16.758814,can_tapper14,2023-03-10 09:24:16.758814,0.0,Engine starting command,Engine Status,status,"rgb(55,126,184)"
235,2023-03-10 09:24:16.758814,can_tapper14,2023-03-10 09:24:16.956864,0.19805,Glow plugs preheating,Engine Heater Glow Plugs Status,Engine Heater Glow Plugs,"rgb(55,126,184)"
235,2023-03-10 09:24:16.758814,can_tapper14,2023-03-10 09:24:18.437908,1.679094,Engine running command,Engine Status,status,"rgb(55,126,184)"
236,2023-03-10 11:00:19.274135,can_tapper14,2023-03-10 11:00:19.274135,0.0,Engine starting command,Engine Status,status,"rgb(77,175,74)"
236,2023-03-10 11:00:19.274135,can_tapper14,2023-03-10 11:00:19.570488,0.296353,Glow plugs preheating,Engine Heater Glow Plugs Status,Engine Heater Glow Plugs,"rgb(77,175,74)"
236,2023-03-10 11:00:19.274135,can_tapper14,2023-03-10 11:00:20.683718,1.409583,Engine running command,Engine Status,status,"rgb(77,175,74)"
237,2023-03-10 11:11:15.519665,can_tapper14,2023-03-10 11:11:15.519665,0.0,Engine starting command,Engine Status,status,"rgb(152,78,163)"
237,2023-03-10 11:11:15.519665,can_tapper14,2023-03-10 11:11:15.902910,0.383245,Glow plugs preheating,Engine Heater Glow Plugs Status,Engine Heater Glow Plugs,"rgb(152,78,163)"
237,2023-03-10 11:11:15.519665,can_tapper14,2023-03-10 11:11:17.299335,1.77967,Engine running command,Engine Status,status,"rgb(152,78,163)"
238,2023-03-10 12:03:06.256327,can_tapper14,2023-03-10 12:03:06.256327,0.0,Engine starting command,Engine Status,status,"rgb(255,127,0)"
238,2023-03-10 12:03:06.256327,can_tapper14,2023-03-10 12:03:06.493778,0.237451,Glow plugs preheating,Engine Heater Glow Plugs Status,Engine Heater Glow Plugs,"rgb(255,127,0)"
238,2023-03-10 12:03:06.256327,can_tapper14,2023-03-10 12:03:07.943774,1.687447,Engine running command,Engine Status,status,"rgb(255,127,0)"
239,2023-03-10 12:34:16.961670,can_tapper14,2023-03-10 12:34:16.961670,0.0,Engine starting command,Engine Status,status,"rgb(255,255,51)"
239,2023-03-10 12:34:16.961670,can_tapper14,2023-03-10 12:34:14.851002,-2.110668,Glow plugs preheating,Engine Heater Glow Plugs Status,Engine Heater Glow Plugs,"rgb(255,255,51)"
239,2023-03-10 12:34:16.961670,can_tapper14,2023-03-10 12:34:18.457793,1.496123,Engine running command,Engine Status,status,"rgb(255,255,51)"
240,2023-03-10 15:38:39.900611,can_tapper14,2023-03-10 15:38:39.900611,0.0,Engine starting command,Engine Status,status,"rgb(166,86,40)"
240,2023-03-10 15:38:39.900611,can_tapper14,2023-03-10 15:38:40.205485,0.304874,Glow plugs preheating,Engine Heater Glow Plugs Status,Engine Heater Glow Plugs,"rgb(166,86,40)"
240,2023-03-10 15:38:39.900611,can_tapper14,2023-03-10 15:38:41.254454,1.353843,Engine running command,Engine Status,status,"rgb(166,86,40)"
241,2023-03-16 14:08:07.379636,can_tapper14,2023-03-16 14:08:07.379636,0.0,Engine starting command,Engine Status,status,"rgb(247,129,191)"
241,2023-03-16 14:08:07.379636,can_tapper14,2023-03-16 14:08:05.173118,-2.206518,Glow plugs preheating,Engine Heater Glow Plugs Status,Engine Heater Glow Plugs,"rgb(247,129,191)"
241,2023-03-16 14:08:07.379636,can_tapper14,2023-03-16 14:08:09.157398,1.777762,Engine running command,Engine Status,status,"rgb(247,129,191)"
242,2023-03-23 07:17:49.992157,can_tapper14,2023-03-23 07:17:49.992157,0.0,Engine starting command,Engine Status,status,"rgb(153,153,153)"
242,2023-03-23 07:17:49.992157,can_tapper14,2023-03-23 07:17:47.788475,-2.203682,Glow plugs preheating,Engine Heater Glow Plugs Status,Engine Heater Glow Plugs,"rgb(153,153,153)"
242,2023-03-23 07:17:49.992157,can_tapper14,2023-03-23 07:17:51.660626,1.668469,Engine running command,Engine Status,status,"rgb(153,153,153)"
243,2023-03-23 10:35:43.573162,can_tapper14,2023-03-23 10:35:43.573162,0.0,Engine starting command,Engine Status,status,"rgb(228,26,28)"
243,2023-03-23 10:35:43.573162,can_tapper14,2023-03-23 10:35:41.367762,-2.2054,Glow plugs preheating,Engine Heater Glow Plugs Status,Engine Heater Glow Plugs,"rgb(228,26,28)"
243,2023-03-23 10:35:43.573162,can_tapper14,2023-03-23 10:35:45.170332,1.59717,Engine running command,Engine Status,status,"rgb(228,26,28)"
244,2023-03-23 15:21:05.846184,can_tapper14,2023-03-23 15:21:05.846184,0.0,Engine starting command,Engine Status,status,"rgb(55,126,184)"
244,2023-03-23 15:21:05.846184,can_tapper14,2023-03-23 15:21:03.738930,-2.107254,Glow plugs preheating,Engine Heater Glow Plugs Status,Engine Heater Glow Plugs,"rgb(55,126,184)"
244,2023-03-23 15:21:05.846184,can_tapper14,2023-03-23 15:21:07.586109,1.739925,Engine running command,Engine Status,status,"rgb(55,126,184)"
245,2023-03-23 18:59:18.181380,can_tapper14,2023-03-23 18:59:18.181380,0.0,Engine starting command,Engine Status,status,"rgb(77,175,74)"
245,2023-03-23 18:59:18.181380,can_tapper14,2023-03-23 18:59:17.486750,-0.69463,Glow plugs preheating,Engine Heater Glow Plugs Status,Engine Heater Glow Plugs,"rgb(77,175,74)"
245,2023-03-23 18:59:18.181380,can_tapper14,2023-03-23 18:59:19.776234,1.594854,Engine running command,Engine Status,status,"rgb(77,175,74)"
246,2023-03-27 13:33:42.898237,can_tapper14,2023-03-27 13:33:42.898237,0.0,Engine starting command,Engine Status,status,"rgb(152,78,163)"
246,2023-03-27 13:33:42.898237,can_tapper14,2023-03-27 13:33:43.192858,0.294621,Glow plugs preheating,Engine Heater Glow Plugs Status,Engine Heater Glow Plugs,"rgb(152,78,163)"
246,2023-03-27 13:33:42.898237,can_tapper14,2023-03-27 13:33:44.590721,1.692484,Engine running command,Engine Status,status,"rgb(152,78,163)"
247,2023-03-27 13:36:22.580518,can_tapper14,2023-03-27 13:36:22.580518,0.0,Engine starting command,Engine Status,status,"rgb(255,127,0)"
247,2023-03-27 13:36:22.580518,can_tapper14,2023-03-27 13:36:22.885920,0.305402,Glow plugs preheating,Engine Heater Glow Plugs Status,Engine Heater Glow Plugs,"rgb(255,127,0)"
247,2023-03-27 13:36:22.580518,can_tapper14,2023-03-27 13:36:24.401599,1.821081,Engine running command,Engine Status,status,"rgb(255,127,0)"
248,2023-03-28 09:22:23.468764,can_tapper14,2023-03-28 09:22:23.468764,0.0,Engine starting command,Engine Status,status,"rgb(255,255,51)"
248,2023-03-28 09:22:23.468764,can_tapper14,2023-03-28 09:22:21.364397,-2.104367,Glow plugs preheating,Engine Heater Glow Plugs Status,Engine Heater Glow Plugs,"rgb(255,255,51)"
248,2023-03-28 09:22:23.468764,can_tapper14,2023-03-28 09:22:25.109809,1.641045,Engine running command,Engine Status,status,"rgb(255,255,51)"
249,2023-03-28 10:42:54.426635,can_tapper14,2023-03-28 10:42:54.426635,0.0,Engine starting command,Engine Status,status,"rgb(166,86,40)"
249,2023-03-28 10:42:54.426635,can_tapper14,2023-03-28 10:42:53.640166,-0.786469,Glow plugs preheating,Engine Heater Glow Plugs Status,Engine Heater Glow Plugs,"rgb(166,86,40)"
249,2023-03-28 10:42:54.426635,can_tapper14,2023-03-28 10:42:56.115423,1.688788,Engine running command,Engine Status,status,"rgb(166,86,40)"
250,2023-03-29 12:54:57.793549,can_tapper14,2023-03-29 12:54:57.793549,0.0,Engine starting command,Engine Status,status,"rgb(247,129,191)"
250,2023-03-29 12:54:57.793549,can_tapper14,2023-03-29 12:54:58.226680,0.433131,Glow plugs preheating,Engine Heater Glow Plugs Status,Engine Heater Glow Plugs,"rgb(247,129,191)"
250,2023-03-29 12:54:57.793549,can_tapper14,2023-03-29 12:54:59.499825,1.706276,Engine running command,Engine Status,status,"rgb(247,129,191)"
251,2023-03-29 13:08:20.298360,can_tapper14,2023-03-29 13:08:20.298360,0.0,Engine starting command,Engine Status,status,"rgb(153,153,153)"
251,2023-03-29 13:08:20.298360,can_tapper14,2023-03-29 13:08:20.584307,0.285947,Glow plugs preheating,Engine Heater Glow Plugs Status,Engine Heater Glow Plugs,"rgb(153,153,153)"
251,2023-03-29 13:08:20.298360,can_tapper14,2023-03-29 13:08:21.607767,1.309407,Engine running command,Engine Status,status,"rgb(153,153,153)"
252,2023-04-04 09:16:35.077317,can_tapper14,2023-04-04 09:16:35.077317,0.0,Engine starting command,Engine Status,status,"rgb(228,26,28)"
252,2023-04-04 09:16:35.077317,can_tapper14,2023-04-04 09:16:35.391366,0.314049,Glow plugs preheating,Engine Heater Glow Plugs Status,Engine Heater Glow Plugs,"rgb(228,26,28)"
252,2023-04-04 09:16:35.077317,can_tapper14,2023-04-04 09:16:36.850518,1.773201,Engine running command,Engine Status,status,"rgb(228,26,28)"
253,2023-04-05 09:07:21.554407,can_tapper14,2023-04-05 09:07:21.554407,0.0,Engine starting command,Engine Status,status,"rgb(55,126,184)"
253,2023-04-05 09:07:21.554407,can_tapper14,2023-04-05 09:07:21.879880,0.325473,Glow plugs preheating,Engine Heater Glow Plugs Status,Engine Heater Glow Plugs,"rgb(55,126,184)"
253,2023-04-05 09:07:21.554407,can_tapper14,2023-04-05 09:07:22.852358,1.297951,Engine running command,Engine Status,status,"rgb(55,126,184)"
254,2023-04-05 15:12:28.833397,can_tapper14,2023-04-05 15:12:28.833397,0.0,Engine starting command,Engine Status,status,"rgb(77,175,74)"
254,2023-04-05 15:12:28.833397,can_tapper14,2023-04-05 15:12:29.110422,0.277025,Glow plugs preheating,Engine Heater Glow Plugs Status,Engine Heater Glow Plugs,"rgb(77,175,74)"
254,2023-04-05 15:12:28.833397,can_tapper14,2023-04-05 15:12:30.749071,1.915674,Engine running command,Engine Status,status,"rgb(77,175,74)"
255,2023-04-06 09:00:09.921353,can_tapper14,2023-04-06 09:00:09.921353,0.0,Engine starting command,Engine Status,status,"rgb(152,78,163)"
255,2023-04-06 09:00:09.921353,can_tapper14,2023-04-06 09:00:07.915303,-2.00605,Glow plugs preheating,Engine Heater Glow Plugs Status,Engine Heater Glow Plugs,"rgb(152,78,163)"
255,2023-04-06 09:00:09.921353,can_tapper14,2023-04-06 09:00:11.528129,1.606776,Engine running command,Engine Status,status,"rgb(152,78,163)"
256,2023-04-06 12:23:10.311619,can_tapper14,2023-04-06 12:23:10.311619,0.0,Engine starting command,Engine Status,status,"rgb(255,127,0)"
256,2023-04-06 12:23:10.311619,can_tapper14,2023-04-06 12:23:10.668301,0.356682,Glow plugs preheating,Engine Heater Glow Plugs Status,Engine Heater Glow Plugs,"rgb(255,127,0)"
256,2023-04-06 12:23:10.311619,can_tapper14,2023-04-06 12:23:11.882378,1.570759,Engine running command,Engine Status,status,"rgb(255,127,0)"
257,2023-04-06 14:29:19.518990,can_tapper14,2023-04-06 14:29:19.518990,0.0,Engine starting command,Engine Status,status,"rgb(255,255,51)"
257,2023-04-06 14:29:19.518990,can_tapper14,2023-04-06 14:29:19.916695,0.397705,Glow plugs preheating,Engine Heater Glow Plugs Status,Engine Heater Glow Plugs,"rgb(255,255,51)"
257,2023-04-06 14:29:19.518990,can_tapper14,2023-04-06 14:29:21.085446,1.566456,Engine running command,Engine Status,status,"rgb(255,255,51)"
258,2023-04-13 12:41:45.760667,can_tapper14,2023-04-13 12:41:45.760667,0.0,Engine starting command,Engine Status,status,"rgb(166,86,40)"
258,2023-04-13 12:41:45.760667,can_tapper14,2023-04-13 12:41:46.169140,0.408473,Glow plugs preheating,Engine Heater Glow Plugs Status,Engine Heater Glow Plugs,"rgb(166,86,40)"
258,2023-04-13 12:41:45.760667,can_tapper14,2023-04-13 12:41:47.412732,1.652065,Engine running command,Engine Status,status,"rgb(166,86,40)"
259,2023-04-13 13:02:07.042498,can_tapper14,2023-04-13 13:02:07.042498,0.0,Engine starting command,Engine Status,status,"rgb(247,129,191)"
259,2023-04-13 13:02:07.042498,can_tapper14,2023-04-13 13:02:07.441604,0.399106,Glow plugs preheating,Engine Heater Glow Plugs Status,Engine Heater Glow Plugs,"rgb(247,129,191)"
259,2023-04-13 13:02:07.042498,can_tapper14,2023-04-13 13:02:08.744029,1.701531,Engine running command,Engine Status,status,"rgb(247,129,191)"
260,2023-04-13 13:37:42.636724,can_tapper14,2023-04-13 13:37:42.636724,0.0,Engine starting command,Engine Status,status,"rgb(153,153,153)"
260,2023-04-13 13:37:42.636724,can_tapper14,2023-04-13 13:37:40.529774,-2.10695,Glow plugs preheating,Engine Heater Glow Plugs Status,Engine Heater Glow Plugs,"rgb(153,153,153)"
260,2023-04-13 13:37:42.636724,can_tapper14,2023-04-13 13:37:44.288126,1.651402,Engine running command,Engine Status,status,"rgb(153,153,153)"
260,2023-04-13 13:37:42.636724,can_tapper14,2023-04-13 13:39:27.672744,105.03602,Glow plugs preheating,Engine Heater Glow Plugs Status,Engine Heater Glow Plugs,"rgb(153,153,153)"
260,2023-04-13 13:37:42.636724,can_tapper14,2023-04-13 13:39:31.428666,108.791942,Engine running command,Engine Status,status,"rgb(153,153,153)"
261,2023-04-13 13:39:29.878520,can_tapper14,2023-04-13 13:39:29.878520,0.0,Engine starting command,Engine Status,status,"rgb(228,26,28)"
261,2023-04-13 13:39:29.878520,can_tapper14,2023-04-13 13:39:27.672744,-2.205776,Glow plugs preheating,Engine Heater Glow Plugs Status,Engine Heater Glow Plugs,"rgb(228,26,28)"
261,2023-04-13 13:39:29.878520,can_tapper14,2023-04-13 13:39:31.428666,1.550146,Engine running command,Engine Status,status,"rgb(228,26,28)"
262,2023-04-17 08:21:42.376266,can_tapper14,2023-04-17 08:21:42.376266,0.0,Engine starting command,Engine Status,status,"rgb(55,126,184)"
262,2023-04-17 08:21:42.376266,can_tapper14,2023-04-17 08:21:42.668941,0.292675,Glow plugs preheating,Engine Heater Glow Plugs Status,Engine Heater Glow Plugs,"rgb(55,126,184)"
262,2023-04-17 08:21:42.376266,can_tapper14,2023-04-17 08:21:44.024315,1.648049,Engine running command,Engine Status,status,"rgb(55,126,184)"
263,2023-04-17 10:46:27.827270,can_tapper14,2023-04-17 10:46:27.827270,0.0,Engine starting command,Engine Status,status,"rgb(77,175,74)"
263,2023-04-17 10:46:27.827270,can_tapper14,2023-04-17 10:46:25.623323,-2.203947,Glow plugs preheating,Engine Heater Glow Plugs Status,Engine Heater Glow Plugs,"rgb(77,175,74)"
263,2023-04-17 10:46:27.827270,can_tapper14,2023-04-17 10:46:29.472095,1.644825,Engine running command,Engine Status,status,"rgb(77,175,74)"
263,2023-04-17 10:46:27.827270,can_tapper14,2023-04-17 10:48:08.579133,100.751863,Glow plugs preheating,Engine Heater Glow Plugs Status,Engine Heater Glow Plugs,"rgb(77,175,74)"
263,2023-04-17 10:46:27.827270,can_tapper14,2023-04-17 10:48:10.108684,102.281414,Engine running command,Engine Status,status,"rgb(77,175,74)"
264,2023-04-17 10:48:08.334527,can_tapper14,2023-04-17 10:48:08.334527,0.0,Engine starting command,Engine Status,status,"rgb(152,78,163)"
264,2023-04-17 10:48:08.334527,can_tapper14,2023-04-17 10:48:08.579133,0.244606,Glow plugs preheating,Engine Heater Glow Plugs Status,Engine Heater Glow Plugs,"rgb(152,78,163)"
264,2023-04-17 10:48:08.334527,can_tapper14,2023-04-17 10:48:10.108684,1.774157,Engine running command,Engine Status,status,"rgb(152,78,163)"
265,2023-04-17 11:00:08.489830,can_tapper14,2023-04-17 11:00:08.489830,0.0,Engine starting command,Engine Status,status,"rgb(255,127,0)"
265,2023-04-17 11:00:08.489830,can_tapper14,2023-04-17 11:00:08.887806,0.397976,Glow plugs preheating,Engine Heater Glow Plugs Status,Engine Heater Glow Plugs,"rgb(255,127,0)"
265,2023-04-17 11:00:08.489830,can_tapper14,2023-04-17 11:00:09.817427,1.327597,Engine running command,Engine Status,status,"rgb(255,127,0)"
266,2023-04-17 14:18:47.237775,can_tapper14,2023-04-17 14:18:47.237775,0.0,Engine starting command,Engine Status,status,"rgb(255,255,51)"
266,2023-04-17 14:18:47.237775,can_tapper14,2023-04-17 14:18:47.581283,0.343508,Glow plugs preheating,Engine Heater Glow Plugs Status,Engine Heater Glow Plugs,"rgb(255,255,51)"
266,2023-04-17 14:18:47.237775,can_tapper14,2023-04-17 14:18:48.757009,1.519234,Engine running command,Engine Status,status,"rgb(255,255,51)"
267,2023-04-17 18:05:42.710656,can_tapper14,2023-04-17 18:05:42.710656,0.0,Engine starting command,Engine Status,status,"rgb(166,86,40)"
267,2023-04-17 18:05:42.710656,can_tapper14,2023-04-17 18:05:40.605453,-2.105203,Glow plugs preheating,Engine Heater Glow Plugs Status,Engine Heater Glow Plugs,"rgb(166,86,40)"
267,2023-04-17 18:05:42.710656,can_tapper14,2023-04-17 18:05:44.358887,1.648231,Engine running command,Engine Status,status,"rgb(166,86,40)"
268,2023-04-17 18:59:44.460192,can_tapper14,2023-04-17 18:59:44.460192,0.0,Engine starting command,Engine Status,status,"rgb(247,129,191)"
268,2023-04-17 18:59:44.460192,can_tapper14,2023-04-17 18:59:44.798246,0.338054,Glow plugs preheating,Engine Heater Glow Plugs Status,Engine Heater Glow Plugs,"rgb(247,129,191)"
268,2023-04-17 18:59:44.460192,can_tapper14,2023-04-17 18:59:45.909449,1.449257,Engine running command,Engine Status,status,"rgb(247,129,191)"
269,2023-04-17 20:26:50.790955,can_tapper14,2023-04-17 20:26:50.790955,0.0,Engine starting command,Engine Status,status,"rgb(153,153,153)"
269,2023-04-17 20:26:50.790955,can_tapper14,2023-04-17 20:26:48.684080,-2.106875,Glow plugs preheating,Engine Heater Glow Plugs Status,Engine Heater Glow Plugs,"rgb(153,153,153)"
269,2023-04-17 20:26:50.790955,can_tapper14,2023-04-17 20:26:52.386849,1.595894,Engine running command,Engine Status,status,"rgb(153,153,153)"
270,2023-04-18 06:31:12.598660,can_tapper14,2023-04-18 06:31:12.598660,0.0,Engine starting command,Engine Status,status,"rgb(228,26,28)"
270,2023-04-18 06:31:12.598660,can_tapper14,2023-04-18 06:31:12.805998,0.207338,Glow plugs preheating,Engine Heater Glow Plugs Status,Engine Heater Glow Plugs,"rgb(228,26,28)"
270,2023-04-18 06:31:12.598660,can_tapper14,2023-04-18 06:31:14.144542,1.545882,Engine running command,Engine Status,status,"rgb(228,26,28)"
271,2023-04-18 07:56:07.788297,can_tapper14,2023-04-18 07:56:07.788297,0.0,Engine starting command,Engine Status,status,"rgb(55,126,184)"
271,2023-04-18 07:56:07.788297,can_tapper14,2023-04-18 07:56:06.830275,-0.958022,Glow plugs preheating,Engine Heater Glow Plugs Status,Engine Heater Glow Plugs,"rgb(55,126,184)"
271,2023-04-18 07:56:07.788297,can_tapper14,2023-04-18 07:56:09.344474,1.556177,Engine running command,Engine Status,status,"rgb(55,126,184)"
272,2023-04-18 09:27:16.699102,can_tapper14,2023-04-18 09:27:16.699102,0.0,Engine starting command,Engine Status,status,"rgb(77,175,74)"
272,2023-04-18 09:27:16.699102,can_tapper14,2023-04-18 09:27:17.022370,0.323268,Glow plugs preheating,Engine Heater Glow Plugs Status,Engine Heater Glow Plugs,"rgb(77,175,74)"
272,2023-04-18 09:27:16.699102,can_tapper14,2023-04-18 09:27:18.493668,1.794566,Engine running command,Engine Status,status,"rgb(77,175,74)"
273,2023-04-18 09:33:14.754243,can_tapper14,2023-04-18 09:33:14.754243,0.0,Engine starting command,Engine Status,status,"rgb(152,78,163)"
273,2023-04-18 09:33:14.754243,can_tapper14,2023-04-18 09:33:15.107376,0.353133,Glow plugs preheating,Engine Heater Glow Plugs Status,Engine Heater Glow Plugs,"rgb(152,78,163)"
273,2023-04-18 09:33:14.754243,can_tapper14,2023-04-18 09:33:16.457493,1.70325,Engine running command,Engine Status,status,"rgb(152,78,163)"
274,2023-04-18 10:55:51.083881,can_tapper14,2023-04-18 10:55:51.083881,0.0,Engine starting command,Engine Status,status,"rgb(255,127,0)"
274,2023-04-18 10:55:51.083881,can_tapper14,2023-04-18 10:55:51.441957,0.358076,Glow plugs preheating,Engine Heater Glow Plugs Status,Engine Heater Glow Plugs,"rgb(255,127,0)"
274,2023-04-18 10:55:51.083881,can_tapper14,2023-04-18 10:55:52.712481,1.6286,Engine running command,Engine Status,status,"rgb(255,127,0)"
275,2023-04-18 14:01:43.196755,can_tapper14,2023-04-18 14:01:43.196755,0.0,Engine starting command,Engine Status,status,"rgb(255,255,51)"
275,2023-04-18 14:01:43.196755,can_tapper14,2023-04-18 14:01:43.475185,0.27843,Glow plugs preheating,Engine Heater Glow Plugs Status,Engine Heater Glow Plugs,"rgb(255,255,51)"
275,2023-04-18 14:01:43.196755,can_tapper14,2023-04-18 14:01:44.630883,1.434128,Engine running command,Engine Status,status,"rgb(255,255,51)"
276,2023-04-18 15:26:55.212595,can_tapper14,2023-04-18 15:26:55.212595,0.0,Engine starting command,Engine Status,status,"rgb(166,86,40)"
276,2023-04-18 15:26:55.212595,can_tapper14,2023-04-18 15:26:52.907920,-2.304675,Glow plugs preheating,Engine Heater Glow Plugs Status,Engine Heater Glow Plugs,"rgb(166,86,40)"
276,2023-04-18 15:26:55.212595,can_tapper14,2023-04-18 15:26:56.627662,1.415067,Engine running command,Engine Status,status,"rgb(166,86,40)"
277,2023-04-18 15:49:37.732495,can_tapper14,2023-04-18 15:49:37.732495,0.0,Engine starting command,Engine Status,status,"rgb(247,129,191)"
277,2023-04-18 15:49:37.732495,can_tapper14,2023-04-18 15:49:35.624289,-2.108206,Glow plugs preheating,Engine Heater Glow Plugs Status,Engine Heater Glow Plugs,"rgb(247,129,191)"
277,2023-04-18 15:49:37.732495,can_tapper14,2023-04-18 15:49:39.349157,1.616662,Engine running command,Engine Status,status,"rgb(247,129,191)"
278,2023-04-18 18:04:44.753651,can_tapper14,2023-04-18 18:04:44.753651,0.0,Engine starting command,Engine Status,status,"rgb(153,153,153)"
278,2023-04-18 18:04:44.753651,can_tapper14,2023-04-18 18:04:45.138539,0.384888,Glow plugs preheating,Engine Heater Glow Plugs Status,Engine Heater Glow Plugs,"rgb(153,153,153)"
278,2023-04-18 18:04:44.753651,can_tapper14,2023-04-18 18:04:46.439783,1.686132,Engine running command,Engine Status,status,"rgb(153,153,153)"
279,2023-04-19 07:01:08.330255,can_tapper14,2023-04-19 07:01:08.330255,0.0,Engine starting command,Engine Status,status,"rgb(228,26,28)"
279,2023-04-19 07:01:08.330255,can_tapper14,2023-04-19 07:01:06.321749,-2.008506,Glow plugs preheating,Engine Heater Glow Plugs Status,Engine Heater Glow Plugs,"rgb(228,26,28)"
279,2023-04-19 07:01:08.330255,can_tapper14,2023-04-19 07:01:10.068450,1.738195,Engine running command,Engine Status,status,"rgb(228,26,28)"
280,2023-04-19 07:58:24.963551,can_tapper14,2023-04-19 07:58:24.963551,0.0,Engine starting command,Engine Status,status,"rgb(55,126,184)"
280,2023-04-19 07:58:24.963551,can_tapper14,2023-04-19 07:58:25.285933,0.322382,Glow plugs preheating,Engine Heater Glow Plugs Status,Engine Heater Glow Plugs,"rgb(55,126,184)"
280,2023-04-19 07:58:24.963551,can_tapper14,2023-04-19 07:58:26.698587,1.735036,Engine running command,Engine Status,status,"rgb(55,126,184)"
281,2023-04-19 10:29:31.597008,can_tapper14,2023-04-19 10:29:31.597008,0.0,Engine starting command,Engine Status,status,"rgb(77,175,74)"
281,2023-04-19 10:29:31.597008,can_tapper14,2023-04-19 10:29:32.036033,0.439025,Glow plugs preheating,Engine Heater Glow Plugs Status,Engine Heater Glow Plugs,"rgb(77,175,74)"
281,2023-04-19 10:29:31.597008,can_tapper14,2023-04-19 10:29:33.246937,1.649929,Engine running command,Engine Status,status,"rgb(77,175,74)"
282,2023-04-19 11:14:14.736022,can_tapper14,2023-04-19 11:14:14.736022,0.0,Engine starting command,Engine Status,status,"rgb(152,78,163)"
282,2023-04-19 11:14:14.736022,can_tapper14,2023-04-19 11:14:15.016041,0.280019,Glow plugs preheating,Engine Heater Glow Plugs Status,Engine Heater Glow Plugs,"rgb(152,78,163)"
282,2023-04-19 11:14:14.736022,can_tapper14,2023-04-19 11:14:16.612603,1.876581,Engine running command,Engine Status,status,"rgb(152,78,163)"
283,2023-04-19 11:35:54.538919,can_tapper14,2023-04-19 11:35:54.538919,0.0,Engine starting command,Engine Status,status,"rgb(255,127,0)"
283,2023-04-19 11:35:54.538919,can_tapper14,2023-04-19 11:35:54.814467,0.275548,Glow plugs preheating,Engine Heater Glow Plugs Status,Engine Heater Glow Plugs,"rgb(255,127,0)"
283,2023-04-19 11:35:54.538919,can_tapper14,2023-04-19 11:35:56.238661,1.699742,Engine running command,Engine Status,status,"rgb(255,127,0)"
284,2023-04-19 16:20:46.205477,can_tapper14,2023-04-19 16:20:46.205477,0.0,Engine starting command,Engine Status,status,"rgb(255,255,51)"
284,2023-04-19 16:20:46.205477,can_tapper14,2023-04-19 16:20:44.001314,-2.204163,Glow plugs preheating,Engine Heater Glow Plugs Status,Engine Heater Glow Plugs,"rgb(255,255,51)"
284,2023-04-19 16:20:46.205477,can_tapper14,2023-04-19 16:20:47.636633,1.431156,Engine running command,Engine Status,status,"rgb(255,255,51)"
285,2023-04-19 18:54:13.786265,can_tapper14,2023-04-19 18:54:13.786265,0.0,Engine starting command,Engine Status,status,"rgb(166,86,40)"
285,2023-04-19 18:54:13.786265,can_tapper14,2023-04-19 18:54:11.682291,-2.103974,Glow plugs preheating,Engine Heater Glow Plugs Status,Engine Heater Glow Plugs,"rgb(166,86,40)"
285,2023-04-19 18:54:13.786265,can_tapper14,2023-04-19 18:54:15.153569,1.367304,Engine running command,Engine Status,status,"rgb(166,86,40)"
286,2023-04-20 07:02:06.229161,can_tapper14,2023-04-20 07:02:06.229161,0.0,Engine starting command,Engine Status,status,"rgb(247,129,191)"
286,2023-04-20 07:02:06.229161,can_tapper14,2023-04-20 07:02:06.628374,0.399213,Glow plugs preheating,Engine Heater Glow Plugs Status,Engine Heater Glow Plugs,"rgb(247,129,191)"
286,2023-04-20 07:02:06.229161,can_tapper14,2023-04-20 07:02:07.757748,1.528587,Engine running command,Engine Status,status,"rgb(247,129,191)"
287,2023-04-20 09:36:46.363364,can_tapper14,2023-04-20 09:36:46.363364,0.0,Engine starting command,Engine Status,status,"rgb(153,153,153)"
287,2023-04-20 09:36:46.363364,can_tapper14,2023-04-20 09:36:44.059589,-2.303775,Glow plugs preheating,Engine Heater Glow Plugs Status,Engine Heater Glow Plugs,"rgb(153,153,153)"
287,2023-04-20 09:36:46.363364,can_tapper14,2023-04-20 09:36:47.718719,1.355355,Engine running command,Engine Status,status,"rgb(153,153,153)"
288,2023-04-20 12:29:19.140501,can_tapper14,2023-04-20 12:29:19.140501,0.0,Engine starting command,Engine Status,status,"rgb(228,26,28)"
288,2023-04-20 12:29:19.140501,can_tapper14,2023-04-20 12:29:18.296069,-0.844432,Glow plugs preheating,Engine Heater Glow Plugs Status,Engine Heater Glow Plugs,"rgb(228,26,28)"
288,2023-04-20 12:29:19.140501,can_tapper14,2023-04-20 12:29:20.754112,1.613611,Engine running command,Engine Status,status,"rgb(228,26,28)"
289,2023-04-20 14:33:22.327384,can_tapper14,2023-04-20 14:33:22.327384,0.0,Engine starting command,Engine Status,status,"rgb(55,126,184)"
289,2023-04-20 14:33:22.327384,can_tapper14,2023-04-20 14:33:22.570466,0.243082,Glow plugs preheating,Engine Heater Glow Plugs Status,Engine Heater Glow Plugs,"rgb(55,126,184)"
289,2023-04-20 14:33:22.327384,can_tapper14,2023-04-20 14:33:24.247390,1.920006,Engine running command,Engine Status,status,"rgb(55,126,184)"
290,2023-04-20 14:47:21.140950,can_tapper14,2023-04-20 14:47:21.140950,0.0,Engine starting command,Engine Status,status,"rgb(77,175,74)"
290,2023-04-20 14:47:21.140950,can_tapper14,2023-04-20 14:47:21.538910,0.39796,Glow plugs preheating,Engine Heater Glow Plugs Status,Engine Heater Glow Plugs,"rgb(77,175,74)"
290,2023-04-20 14:47:21.140950,can_tapper14,2023-04-20 14:47:22.721137,1.580187,Engine running command,Engine Status,status,"rgb(77,175,74)"
291,2023-04-20 20:31:17.085494,can_tapper14,2023-04-20 20:31:17.085494,0.0,Engine starting command,Engine Status,status,"rgb(152,78,163)"
291,2023-04-20 20:31:17.085494,can_tapper14,2023-04-20 20:31:17.383849,0.298355,Glow plugs preheating,Engine Heater Glow Plugs Status,Engine Heater Glow Plugs,"rgb(152,78,163)"
291,2023-04-20 20:31:17.085494,can_tapper14,2023-04-20 20:31:18.627225,1.541731,Engine running command,Engine Status,status,"rgb(152,78,163)"
292,2023-04-21 06:59:23.481157,can_tapper14,2023-04-21 06:59:23.481157,0.0,Engine starting command,Engine Status,status,"rgb(255,127,0)"
292,2023-04-21 06:59:23.481157,can_tapper14,2023-04-21 06:59:21.375400,-2.105757,Glow plugs preheating,Engine Heater Glow Plugs Status,Engine Heater Glow Plugs,"rgb(255,127,0)"
292,2023-04-21 06:59:23.481157,can_tapper14,2023-04-21 06:59:24.991260,1.510103,Engine running command,Engine Status,status,"rgb(255,127,0)"
293,2023-04-21 10:22:17.453994,can_tapper14,2023-04-21 10:22:17.453994,0.0,Engine starting command,Engine Status,status,"rgb(255,255,51)"
293,2023-04-21 10:22:17.453994,can_tapper14,2023-04-21 10:22:12.242517,-5.211477,Glow plugs preheating,Engine Heater Glow Plugs Status,Engine Heater Glow Plugs,"rgb(255,255,51)"
293,2023-04-21 10:22:17.453994,can_tapper14,2023-04-21 10:22:17.843850,0.389856,Glow plugs preheating,Engine Heater Glow Plugs Status,Engine Heater Glow Plugs,"rgb(255,255,51)"
293,2023-04-21 10:22:17.453994,can_tapper14,2023-04-21 10:22:18.807989,1.353995,Engine running command,Engine Status,status,"rgb(255,255,51)"
294,2023-04-21 11:16:12.834181,can_tapper14,2023-04-21 11:16:12.834181,0.0,Engine starting command,Engine Status,status,"rgb(166,86,40)"
294,2023-04-21 11:16:12.834181,can_tapper14,2023-04-21 11:16:13.260387,0.426206,Glow plugs preheating,Engine Heater Glow Plugs Status,Engine Heater Glow Plugs,"rgb(166,86,40)"
294,2023-04-21 11:16:12.834181,can_tapper14,2023-04-21 11:16:14.620987,1.786806,Engine running command,Engine Status,status,"rgb(166,86,40)"
295,2023-04-21 13:03:09.909857,can_tapper14,2023-04-21 13:03:09.909857,0.0,Engine starting command,Engine Status,status,"rgb(247,129,191)"
295,2023-04-21 13:03:09.909857,can_tapper14,2023-04-21 13:03:05.014152,-4.895705,Glow plugs preheating,Engine Heater Glow Plugs Status,Engine Heater Glow Plugs,"rgb(247,129,191)"
295,2023-04-21 13:03:09.909857,can_tapper14,2023-04-21 13:03:10.218507,0.30865,Glow plugs preheating,Engine Heater Glow Plugs Status,Engine Heater Glow Plugs,"rgb(247,129,191)"
295,2023-04-21 13:03:09.909857,can_tapper14,2023-04-21 13:03:11.423706,1.513849,Engine running command,Engine Status,status,"rgb(247,129,191)"
296,2023-04-21 14:48:34.451187,can_tapper14,2023-04-21 14:48:34.451187,0.0,Engine starting command,Engine Status,status,"rgb(153,153,153)"
296,2023-04-21 14:48:34.451187,can_tapper14,2023-04-21 14:48:34.749264,0.298077,Glow plugs preheating,Engine Heater Glow Plugs Status,Engine Heater Glow Plugs,"rgb(153,153,153)"
296,2023-04-21 14:48:34.451187,can_tapper14,2023-04-21 14:48:35.861558,1.410371,Engine running command,Engine Status,status,"rgb(153,153,153)"
297,2023-04-21 17:53:21.438716,can_tapper14,2023-04-21 17:53:21.438716,0.0,Engine starting command,Engine Status,status,"rgb(228,26,28)"
297,2023-04-21 17:53:21.438716,can_tapper14,2023-04-21 17:53:19.234705,-2.204011,Glow plugs preheating,Engine Heater Glow Plugs Status,Engine Heater Glow Plugs,"rgb(228,26,28)"
297,2023-04-21 17:53:21.438716,can_tapper14,2023-04-21 17:53:22.925709,1.486993,Engine running command,Engine Status,status,"rgb(228,26,28)"
298,2023-04-22 07:44:49.247321,can_tapper14,2023-04-22 07:44:49.247321,0.0,Engine starting command,Engine Status,status,"rgb(55,126,184)"
298,2023-04-22 07:44:49.247321,can_tapper14,2023-04-22 07:44:49.581395,0.334074,Glow plugs preheating,Engine Heater Glow Plugs Status,Engine Heater Glow Plugs,"rgb(55,126,184)"
298,2023-04-22 07:44:49.247321,can_tapper14,2023-04-22 07:44:51.011860,1.764539,Engine running command,Engine Status,status,"rgb(55,126,184)"
299,2023-04-22 10:03:23.235464,can_tapper14,2023-04-22 10:03:23.235464,0.0,Engine starting command,Engine Status,status,"rgb(77,175,74)"
299,2023-04-22 10:03:23.235464,can_tapper14,2023-04-22 10:03:23.633040,0.397576,Glow plugs preheating,Engine Heater Glow Plugs Status,Engine Heater Glow Plugs,"rgb(77,175,74)"
299,2023-04-22 10:03:23.235464,can_tapper14,2023-04-22 10:03:25.122884,1.88742,Engine running command,Engine Status,status,"rgb(77,175,74)"
300,2023-04-22 10:26:37.797283,can_tapper14,2023-04-22 10:26:37.797283,0.0,Engine starting command,Engine Status,status,"rgb(152,78,163)"
300,2023-04-22 10:26:37.797283,can_tapper14,2023-04-22 10:26:38.143735,0.346452,Glow plugs preheating,Engine Heater Glow Plugs Status,Engine Heater Glow Plugs,"rgb(152,78,163)"
300,2023-04-22 10:26:37.797283,can_tapper14,2023-04-22 10:26:39.336662,1.539379,Engine running command,Engine Status,status,"rgb(152,78,163)"
301,2023-04-22 15:26:48.044426,can_tapper14,2023-04-22 15:26:48.044426,0.0,Engine starting command,Engine Status,status,"rgb(255,127,0)"
301,2023-04-22 15:26:48.044426,can_tapper14,2023-04-22 15:26:48.299479,0.255053,Glow plugs preheating,Engine Heater Glow Plugs Status,Engine Heater Glow Plugs,"rgb(255,127,0)"
301,2023-04-22 15:26:48.044426,can_tapper14,2023-04-22 15:26:49.523283,1.478857,Engine running command,Engine Status,status,"rgb(255,127,0)"
302,2023-04-22 19:20:46.351877,can_tapper14,2023-04-22 19:20:46.351877,0.0,Engine starting command,Engine Status,status,"rgb(255,255,51)"
302,2023-04-22 19:20:46.351877,can_tapper14,2023-04-22 19:20:46.700209,0.348332,Glow plugs preheating,Engine Heater Glow Plugs Status,Engine Heater Glow Plugs,"rgb(255,255,51)"
302,2023-04-22 19:20:46.351877,can_tapper14,2023-04-22 19:20:47.953368,1.601491,Engine running command,Engine Status,status,"rgb(255,255,51)"
303,2023-04-23 07:29:49.265350,can_tapper14,2023-04-23 07:29:49.265350,0.0,Engine starting command,Engine Status,status,"rgb(166,86,40)"
303,2023-04-23 07:29:49.265350,can_tapper14,2023-04-23 07:29:49.563156,0.297806,Glow plugs preheating,Engine Heater Glow Plugs Status,Engine Heater Glow Plugs,"rgb(166,86,40)"
303,2023-04-23 07:29:49.265350,can_tapper14,2023-04-23 07:29:50.809796,1.544446,Engine running command,Engine Status,status,"rgb(166,86,40)"
304,2023-04-23 09:54:59.543121,can_tapper14,2023-04-23 09:54:59.543121,0.0,Engine starting command,Engine Status,status,"rgb(247,129,191)"
304,2023-04-23 09:54:59.543121,can_tapper14,2023-04-23 09:54:57.335993,-2.207128,Glow plugs preheating,Engine Heater Glow Plugs Status,Engine Heater Glow Plugs,"rgb(247,129,191)"
304,2023-04-23 09:54:59.543121,can_tapper14,2023-04-23 09:55:01.181415,1.638294,Engine running command,Engine Status,status,"rgb(247,129,191)"
305,2023-04-23 12:33:16.479361,can_tapper14,2023-04-23 12:33:16.479361,0.0,Engine starting command,Engine Status,status,"rgb(153,153,153)"
305,2023-04-23 12:33:16.479361,can_tapper14,2023-04-23 12:33:16.776911,0.29755,Glow plugs preheating,Engine Heater Glow Plugs Status,Engine Heater Glow Plugs,"rgb(153,153,153)"
305,2023-04-23 12:33:16.479361,can_tapper14,2023-04-23 12:33:18.264530,1.785169,Engine running command,Engine Status,status,"rgb(153,153,153)"
306,2023-04-23 14:48:58.423150,can_tapper14,2023-04-23 14:48:58.423150,0.0,Engine starting command,Engine Status,status,"rgb(228,26,28)"
306,2023-04-23 14:48:58.423150,can_tapper14,2023-04-23 14:48:58.684428,0.261278,Glow plugs preheating,Engine Heater Glow Plugs Status,Engine Heater Glow Plugs,"rgb(228,26,28)"
306,2023-04-23 14:48:58.423150,can_tapper14,2023-04-23 14:49:00.265373,1.842223,Engine running command,Engine Status,status,"rgb(228,26,28)"
307,2023-04-23 16:56:05.605100,can_tapper14,2023-04-23 16:56:05.605100,0.0,Engine starting command,Engine Status,status,"rgb(55,126,184)"
307,2023-04-23 16:56:05.605100,can_tapper14,2023-04-23 16:56:05.823871,0.218771,Glow plugs preheating,Engine Heater Glow Plugs Status,Engine Heater Glow Plugs,"rgb(55,126,184)"
307,2023-04-23 16:56:05.605100,can_tapper14,2023-04-23 16:56:07.337945,1.732845,Engine running command,Engine Status,status,"rgb(55,126,184)"
308,2023-04-24 19:40:30.168576,can_tapper14,2023-04-24 19:40:30.168576,0.0,Engine starting command,Engine Status,status,"rgb(77,175,74)"
308,2023-04-24 19:40:30.168576,can_tapper14,2023-04-24 19:40:30.477552,0.308976,Glow plugs preheating,Engine Heater Glow Plugs Status,Engine Heater Glow Plugs,"rgb(77,175,74)"
308,2023-04-24 19:40:30.168576,can_tapper14,2023-04-24 19:40:31.484727,1.316151,Engine running command,Engine Status,status,"rgb(77,175,74)"
308,2023-04-24 19:40:30.168576,can_tapper14,2023-04-24 19:42:07.064772,96.896196,Glow plugs preheating,Engine Heater Glow Plugs Status,Engine Heater Glow Plugs,"rgb(77,175,74)"
308,2023-04-24 19:40:30.168576,can_tapper14,2023-04-24 19:42:08.295405,98.126829,Engine running command,Engine Status,status,"rgb(77,175,74)"
309,2023-04-24 19:42:06.767830,can_tapper14,2023-04-24 19:42:06.767830,0.0,Engine starting command,Engine Status,status,"rgb(152,78,163)"
309,2023-04-24 19:42:06.767830,can_tapper14,2023-04-24 19:42:07.064772,0.296942,Glow plugs preheating,Engine Heater Glow Plugs Status,Engine Heater Glow Plugs,"rgb(152,78,163)"
309,2023-04-24 19:42:06.767830,can_tapper14,2023-04-24 19:42:08.295405,1.527575,Engine running command,Engine Status,status,"rgb(152,78,163)"
309,2023-04-24 19:42:06.767830,can_tapper14,2023-04-24 19:43:56.674705,109.906875,Glow plugs preheating,Engine Heater Glow Plugs Status,Engine Heater Glow Plugs,"rgb(152,78,163)"
309,2023-04-24 19:42:06.767830,can_tapper14,2023-04-24 19:44:00.468467,113.700637,Engine running command,Engine Status,status,"rgb(152,78,163)"
310,2023-04-24 19:43:58.986549,can_tapper14,2023-04-24 19:43:58.986549,0.0,Engine starting command,Engine Status,status,"rgb(255,127,0)"
310,2023-04-24 19:43:58.986549,can_tapper14,2023-04-24 19:43:56.674705,-2.311844,Glow plugs preheating,Engine Heater Glow Plugs Status,Engine Heater Glow Plugs,"rgb(255,127,0)"
310,2023-04-24 19:43:58.986549,can_tapper14,2023-04-24 19:44:00.468467,1.481918,Engine running command,Engine Status,status,"rgb(255,127,0)"
311,2023-04-24 21:11:00.446113,can_tapper14,2023-04-24 21:11:00.446113,0.0,Engine starting command,Engine Status,status,"rgb(255,255,51)"
311,2023-04-24 21:11:00.446113,can_tapper14,2023-04-24 21:11:00.780156,0.334043,Glow plugs preheating,Engine Heater Glow Plugs Status,Engine Heater Glow Plugs,"rgb(255,255,51)"
311,2023-04-24 21:11:00.446113,can_tapper14,2023-04-24 21:11:01.947006,1.500893,Engine running command,Engine Status,status,"rgb(255,255,51)"
312,2023-04-25 06:39:41.458811,can_tapper14,2023-04-25 06:39:41.458811,0.0,Engine starting command,Engine Status,status,"rgb(166,86,40)"
312,2023-04-25 06:39:41.458811,can_tapper14,2023-04-25 06:39:41.783758,0.324947,Glow plugs preheating,Engine Heater Glow Plugs Status,Engine Heater Glow Plugs,"rgb(166,86,40)"
312,2023-04-25 06:39:41.458811,can_tapper14,2023-04-25 06:39:43.022177,1.563366,Engine running command,Engine Status,status,"rgb(166,86,40)"
313,2023-04-25 09:20:06.465793,can_tapper14,2023-04-25 09:20:06.465793,0.0,Engine starting command,Engine Status,status,"rgb(247,129,191)"
313,2023-04-25 09:20:06.465793,can_tapper14,2023-04-25 09:20:06.911242,0.445449,Glow plugs preheating,Engine Heater Glow Plugs Status,Engine Heater Glow Plugs,"rgb(247,129,191)"
313,2023-04-25 09:20:06.465793,can_tapper14,2023-04-25 09:20:08.245193,1.7794,Engine running command,Engine Status,status,"rgb(247,129,191)"
314,2023-04-25 10:25:20.482132,can_tapper14,2023-04-25 10:25:20.482132,0.0,Engine starting command,Engine Status,status,"rgb(153,153,153)"
314,2023-04-25 10:25:20.482132,can_tapper14,2023-04-25 10:25:20.786137,0.304005,Glow plugs preheating,Engine Heater Glow Plugs Status,Engine Heater Glow Plugs,"rgb(153,153,153)"
314,2023-04-25 10:25:20.482132,can_tapper14,2023-04-25 10:25:22.221152,1.73902,Engine running command,Engine Status,status,"rgb(153,153,153)"
315,2023-04-25 13:17:38.486625,can_tapper14,2023-04-25 13:17:38.486625,0.0,Engine starting command,Engine Status,status,"rgb(228,26,28)"
315,2023-04-25 13:17:38.486625,can_tapper14,2023-04-25 13:17:38.774867,0.288242,Glow plugs preheating,Engine Heater Glow Plugs Status,Engine Heater Glow Plugs,"rgb(228,26,28)"
315,2023-04-25 13:17:38.486625,can_tapper14,2023-04-25 13:17:40.261043,1.774418,Engine running command,Engine Status,status,"rgb(228,26,28)"
316,2023-04-25 14:07:05.174764,can_tapper14,2023-04-25 14:07:05.174764,0.0,Engine starting command,Engine Status,status,"rgb(55,126,184)"
316,2023-04-25 14:07:05.174764,can_tapper14,2023-04-25 14:07:04.059602,-1.115162,Glow plugs preheating,Engine Heater Glow Plugs Status,Engine Heater Glow Plugs,"rgb(55,126,184)"
316,2023-04-25 14:07:05.174764,can_tapper14,2023-04-25 14:07:06.738818,1.564054,Engine running command,Engine Status,status,"rgb(55,126,184)"
317,2023-04-25 15:44:15.759261,can_tapper14,2023-04-25 15:44:15.759261,0.0,Engine starting command,Engine Status,status,"rgb(77,175,74)"
317,2023-04-25 15:44:15.759261,can_tapper14,2023-04-25 15:44:15.956988,0.197727,Glow plugs preheating,Engine Heater Glow Plugs Status,Engine Heater Glow Plugs,"rgb(77,175,74)"
317,2023-04-25 15:44:15.759261,can_tapper14,2023-04-25 15:44:17.174785,1.415524,Engine running command,Engine Status,status,"rgb(77,175,74)"
318,2023-04-25 17:52:30.749070,can_tapper14,2023-04-25 17:52:30.749070,0.0,Engine starting command,Engine Status,status,"rgb(152,78,163)"
318,2023-04-25 17:52:30.749070,can_tapper14,2023-04-25 17:52:31.097100,0.34803,Glow plugs preheating,Engine Heater Glow Plugs Status,Engine Heater Glow Plugs,"rgb(152,78,163)"
318,2023-04-25 17:52:30.749070,can_tapper14,2023-04-25 17:52:32.142101,1.393031,Engine running command,Engine Status,status,"rgb(152,78,163)"
319,2023-04-26 09:27:57.167343,can_tapper14,2023-04-26 09:27:57.167343,0.0,Engine starting command,Engine Status,status,"rgb(255,127,0)"
319,2023-04-26 09:27:57.167343,can_tapper14,2023-04-26 09:27:54.961151,-2.206192,Glow plugs preheating,Engine Heater Glow Plugs Status,Engine Heater Glow Plugs,"rgb(255,127,0)"
319,2023-04-26 09:27:57.167343,can_tapper14,2023-04-26 09:27:58.837520,1.670177,Engine running command,Engine Status,status,"rgb(255,127,0)"
320,2023-04-26 09:43:28.933380,can_tapper14,2023-04-26 09:43:28.933380,0.0,Engine starting command,Engine Status,status,"rgb(255,255,51)"
320,2023-04-26 09:43:28.933380,can_tapper14,2023-04-26 09:43:26.728390,-2.20499,Glow plugs preheating,Engine Heater Glow Plugs Status,Engine Heater Glow Plugs,"rgb(255,255,51)"
320,2023-04-26 09:43:28.933380,can_tapper14,2023-04-26 09:43:30.583709,1.650329,Engine running command,Engine Status,status,"rgb(255,255,51)"
321,2023-04-26 10:16:34.181058,can_tapper14,2023-04-26 10:16:34.181058,0.0,Engine starting command,Engine Status,status,"rgb(166,86,40)"
321,2023-04-26 10:16:34.181058,can_tapper14,2023-04-26 10:16:32.076682,-2.104376,Glow plugs preheating,Engine Heater Glow Plugs Status,Engine Heater Glow Plugs,"rgb(166,86,40)"
321,2023-04-26 10:16:34.181058,can_tapper14,2023-04-26 10:16:35.997962,1.816904,Engine running command,Engine Status,status,"rgb(166,86,40)"
322,2023-04-26 12:39:32.274801,can_tapper14,2023-04-26 12:39:32.274801,0.0,Engine starting command,Engine Status,status,"rgb(247,129,191)"
322,2023-04-26 12:39:32.274801,can_tapper14,2023-04-26 12:39:32.645425,0.370624,Glow plugs preheating,Engine Heater Glow Plugs Status,Engine Heater Glow Plugs,"rgb(247,129,191)"
322,2023-04-26 12:39:32.274801,can_tapper14,2023-04-26 12:39:33.674553,1.399752,Engine running command,Engine Status,status,"rgb(247,129,191)"
323,2023-05-02 09:03:43.380051,can_tapper14,2023-05-02 09:03:43.380051,0.0,Engine starting command,Engine Status,status,"rgb(153,153,153)"
323,2023-05-02 09:03:43.380051,can_tapper14,2023-05-02 09:03:43.630001,0.24995,Glow plugs preheating,Engine Heater Glow Plugs Status,Engine Heater Glow Plugs,"rgb(153,153,153)"
323,2023-05-02 09:03:43.380051,can_tapper14,2023-05-02 09:03:44.997932,1.617881,Engine running command,Engine Status,status,"rgb(153,153,153)"
324,2023-05-02 09:16:59.352724,can_tapper14,2023-05-02 09:16:59.352724,0.0,Engine starting command,Engine Status,status,"rgb(228,26,28)"
324,2023-05-02 09:16:59.352724,can_tapper14,2023-05-02 09:16:59.652373,0.299649,Glow plugs preheating,Engine Heater Glow Plugs Status,Engine Heater Glow Plugs,"rgb(228,26,28)"
324,2023-05-02 09:16:59.352724,can_tapper14,2023-05-02 09:17:01.052609,1.699885,Engine running command,Engine Status,status,"rgb(228,26,28)"
325,2023-05-08 08:13:54.949858,can_tapper14,2023-05-08 08:13:54.949858,0.0,Engine starting command,Engine Status,status,"rgb(55,126,184)"
325,2023-05-08 08:13:54.949858,can_tapper14,2023-05-08 08:13:55.343859,0.394001,Glow plugs preheating,Engine Heater Glow Plugs Status,Engine Heater Glow Plugs,"rgb(55,126,184)"
325,2023-05-08 08:13:54.949858,can_tapper14,2023-05-08 08:13:56.637819,1.687961,Engine running command,Engine Status,status,"rgb(55,126,184)"
326,2023-06-14 13:45:20.050349,can_tapper14,2023-06-14 13:45:20.050349,0.0,Engine starting command,Engine Status,status,"rgb(77,175,74)"
326,2023-06-14 13:45:20.050349,can_tapper14,2023-06-14 13:45:20.372149,0.3218,Glow plugs preheating,Engine Heater Glow Plugs Status,Engine Heater Glow Plugs,"rgb(77,175,74)"
326,2023-06-14 13:45:20.050349,can_tapper14,2023-06-14 13:45:21.758343,1.707994,Engine running command,Engine Status,status,"rgb(77,175,74)"
327,2023-06-15 14:08:20.079502,can_tapper14,2023-06-15 14:08:20.079502,0.0,Engine starting command,Engine Status,status,"rgb(152,78,163)"
327,2023-06-15 14:08:20.079502,can_tapper14,2023-06-15 14:08:20.371533,0.292031,Glow plugs preheating,Engine Heater Glow Plugs Status,Engine Heater Glow Plugs,"rgb(152,78,163)"
327,2023-06-15 14:08:20.079502,can_tapper14,2023-06-15 14:08:21.480771,1.401269,Engine running command,Engine Status,status,"rgb(152,78,163)"
328,2023-06-15 15:49:13.615678,can_tapper14,2023-06-15 15:49:13.615678,0.0,Engine starting command,Engine Status,status,"rgb(255,127,0)"
328,2023-06-15 15:49:13.615678,can_tapper14,2023-06-15 15:49:12.914479,-0.701199,Glow plugs preheating,Engine Heater Glow Plugs Status,Engine Heater Glow Plugs,"rgb(255,127,0)"
328,2023-06-15 15:49:13.615678,can_tapper14,2023-06-15 15:49:15.212266,1.596588,Engine running command,Engine Status,status,"rgb(255,127,0)"
329,2023-06-16 07:05:23.689538,can_tapper14,2023-06-16 07:05:23.689538,0.0,Engine starting command,Engine Status,status,"rgb(255,255,51)"
329,2023-06-16 07:05:23.689538,can_tapper14,2023-06-16 07:05:21.384633,-2.304905,Glow plugs preheating,Engine Heater Glow Plugs Status,Engine Heater Glow Plugs,"rgb(255,255,51)"
329,2023-06-16 07:05:23.689538,can_tapper14,2023-06-16 07:05:25.076014,1.386476,Engine running command,Engine Status,status,"rgb(255,255,51)"
330,2023-06-19 11:22:09.324163,can_tapper14,2023-06-19 11:22:09.324163,0.0,Engine starting command,Engine Status,status,"rgb(166,86,40)"
330,2023-06-19 11:22:09.324163,can_tapper14,2023-06-19 11:22:07.219733,-2.10443,Glow plugs preheating,Engine Heater Glow Plugs Status,Engine Heater Glow Plugs,"rgb(166,86,40)"
330,2023-06-19 11:22:09.324163,can_tapper14,2023-06-19 11:22:10.649577,1.325414,Engine running command,Engine Status,status,"rgb(166,86,40)"
330,2023-06-19 11:22:09.324163,can_tapper14,2023-06-19 11:22:27.042309,17.718146,Glow plugs preheating,Engine Heater Glow Plugs Status,Engine Heater Glow Plugs,"rgb(166,86,40)"
331,2023-06-20 10:01:40.604729,can_tapper14,2023-06-20 10:01:40.604729,0.0,Engine starting command,Engine Status,status,"rgb(247,129,191)"
331,2023-06-20 10:01:40.604729,can_tapper14,2023-06-20 10:01:38.300578,-2.304151,Glow plugs preheating,Engine Heater Glow Plugs Status,Engine Heater Glow Plugs,"rgb(247,129,191)"
331,2023-06-20 10:01:40.604729,can_tapper14,2023-06-20 10:01:41.971434,1.366705,Engine running command,Engine Status,status,"rgb(247,129,191)"
332,2023-06-20 15:01:17.736321,can_tapper14,2023-06-20 15:01:17.736321,0.0,Engine starting command,Engine Status,status,"rgb(153,153,153)"
332,2023-06-20 15:01:17.736321,can_tapper14,2023-06-20 15:01:18.042995,0.306674,Glow plugs preheating,Engine Heater Glow Plugs Status,Engine Heater Glow Plugs,"rgb(153,153,153)"
332,2023-06-20 15:01:17.736321,can_tapper14,2023-06-20 15:01:19.201372,1.465051,Engine running command,Engine Status,status,"rgb(153,153,153)"
333,2023-06-20 18:29:06.744976,can_tapper14,2023-06-20 18:29:06.744976,0.0,Engine starting command,Engine Status,status,"rgb(228,26,28)"
333,2023-06-20 18:29:06.744976,can_tapper14,2023-06-20 18:29:07.145281,0.400305,Glow plugs preheating,Engine Heater Glow Plugs Status,Engine Heater Glow Plugs,"rgb(228,26,28)"
333,2023-06-20 18:29:06.744976,can_tapper14,2023-06-20 18:29:08.350998,1.606022,Engine running command,Engine Status,status,"rgb(228,26,28)"
334,2023-06-20 19:04:57.427565,can_tapper14,2023-06-20 19:04:57.427565,0.0,Engine starting command,Engine Status,status,"rgb(55,126,184)"
334,2023-06-20 19:04:57.427565,can_tapper14,2023-06-20 19:04:57.676089,0.248524,Glow plugs preheating,Engine Heater Glow Plugs Status,Engine Heater Glow Plugs,"rgb(55,126,184)"
334,2023-06-20 19:04:57.427565,can_tapper14,2023-06-20 19:04:59.105901,1.678336,Engine running command,Engine Status,status,"rgb(55,126,184)"
335,2023-06-21 07:30:20.723623,can_tapper14,2023-06-21 07:30:20.723623,0.0,Engine starting command,Engine Status,status,"rgb(77,175,74)"
335,2023-06-21 07:30:20.723623,can_tapper14,2023-06-21 07:30:21.121120,0.397497,Glow plugs preheating,Engine Heater Glow Plugs Status,Engine Heater Glow Plugs,"rgb(77,175,74)"
335,2023-06-21 07:30:20.723623,can_tapper14,2023-06-21 07:30:22.526126,1.802503,Engine running command,Engine Status,status,"rgb(77,175,74)"
336,2023-06-21 10:45:32.853658,can_tapper14,2023-06-21 10:45:32.853658,0.0,Engine starting command,Engine Status,status,"rgb(152,78,163)"
336,2023-06-21 10:45:32.853658,can_tapper14,2023-06-21 10:45:33.234077,0.380419,Glow plugs preheating,Engine Heater Glow Plugs Status,Engine Heater Glow Plugs,"rgb(152,78,163)"
336,2023-06-21 10:45:32.853658,can_tapper14,2023-06-21 10:45:34.406608,1.55295,Engine running command,Engine Status,status,"rgb(152,78,163)"
337,2023-06-21 15:35:17.349914,can_tapper14,2023-06-21 15:35:17.349914,0.0,Engine starting command,Engine Status,status,"rgb(255,127,0)"
337,2023-06-21 15:35:17.349914,can_tapper14,2023-06-21 15:35:17.646850,0.296936,Glow plugs preheating,Engine Heater Glow Plugs Status,Engine Heater Glow Plugs,"rgb(255,127,0)"
337,2023-06-21 15:35:17.349914,can_tapper14,2023-06-21 15:35:19.000592,1.650678,Engine running command,Engine Status,status,"rgb(255,127,0)"
338,2023-06-21 18:17:01.264986,can_tapper14,2023-06-21 18:17:01.264986,0.0,Engine starting command,Engine Status,status,"rgb(255,255,51)"
338,2023-06-21 18:17:01.264986,can_tapper14,2023-06-21 18:17:01.587660,0.322674,Glow plugs preheating,Engine Heater Glow Plugs Status,Engine Heater Glow Plugs,"rgb(255,255,51)"
338,2023-06-21 18:17:01.264986,can_tapper14,2023-06-21 18:17:02.775412,1.510426,Engine running command,Engine Status,status,"rgb(255,255,51)"
339,2023-06-21 19:36:13.471795,can_tapper14,2023-06-21 19:36:13.471795,0.0,Engine starting command,Engine Status,status,"rgb(166,86,40)"
339,2023-06-21 19:36:13.471795,can_tapper14,2023-06-21 19:36:13.869737,0.397942,Glow plugs preheating,Engine Heater Glow Plugs Status,Engine Heater Glow Plugs,"rgb(166,86,40)"
339,2023-06-21 19:36:13.471795,can_tapper14,2023-06-21 19:36:15.164319,1.692524,Engine running command,Engine Status,status,"rgb(166,86,40)"
340,2023-06-21 20:55:21.348225,can_tapper14,2023-06-21 20:55:21.348225,0.0,Engine starting command,Engine Status,status,"rgb(247,129,191)"
340,2023-06-21 20:55:21.348225,can_tapper14,2023-06-21 20:55:21.717475,0.36925,Glow plugs preheating,Engine Heater Glow Plugs Status,Engine Heater Glow Plugs,"rgb(247,129,191)"
340,2023-06-21 20:55:21.348225,can_tapper14,2023-06-21 20:55:22.934801,1.586576,Engine running command,Engine Status,status,"rgb(247,129,191)"
341,2023-06-21 21:18:49.419309,can_tapper14,2023-06-21 21:18:49.419309,0.0,Engine starting command,Engine Status,status,"rgb(153,153,153)"
341,2023-06-21 21:18:49.419309,can_tapper14,2023-06-21 21:18:49.641225,0.221916,Glow plugs preheating,Engine Heater Glow Plugs Status,Engine Heater Glow Plugs,"rgb(153,153,153)"
341,2023-06-21 21:18:49.419309,can_tapper14,2023-06-21 21:18:50.788815,1.369506,Engine running command,Engine Status,status,"rgb(153,153,153)"
342,2023-06-22 06:30:47.496331,can_tapper14,2023-06-22 06:30:47.496331,0.0,Engine starting command,Engine Status,status,"rgb(228,26,28)"
342,2023-06-22 06:30:47.496331,can_tapper14,2023-06-22 06:30:47.821123,0.324792,Glow plugs preheating,Engine Heater Glow Plugs Status,Engine Heater Glow Plugs,"rgb(228,26,28)"
342,2023-06-22 06:30:47.496331,can_tapper14,2023-06-22 06:30:48.947954,1.451623,Engine running command,Engine Status,status,"rgb(228,26,28)"
343,2023-06-22 07:09:35.590684,can_tapper14,2023-06-22 07:09:35.590684,0.0,Engine starting command,Engine Status,status,"rgb(55,126,184)"
343,2023-06-22 07:09:35.590684,can_tapper14,2023-06-22 07:09:35.969488,0.378804,Glow plugs preheating,Engine Heater Glow Plugs Status,Engine Heater Glow Plugs,"rgb(55,126,184)"
343,2023-06-22 07:09:35.590684,can_tapper14,2023-06-22 07:09:37.229760,1.639076,Engine running command,Engine Status,status,"rgb(55,126,184)"
344,2023-06-22 10:21:57.143477,can_tapper14,2023-06-22 10:21:57.143477,0.0,Engine starting command,Engine Status,status,"rgb(77,175,74)"
344,2023-06-22 10:21:57.143477,can_tapper14,2023-06-22 10:21:54.839439,-2.304038,Glow plugs preheating,Engine Heater Glow Plugs Status,Engine Heater Glow Plugs,"rgb(77,175,74)"
344,2023-06-22 10:21:57.143477,can_tapper14,2023-06-22 10:21:58.612445,1.468968,Engine running command,Engine Status,status,"rgb(77,175,74)"
345,2023-06-22 10:21:57.143477,can_tapper14,2023-06-22 10:21:57.143477,0.0,Engine starting command,Engine Status,status,"rgb(152,78,163)"
345,2023-06-22 10:21:57.143477,can_tapper14,2023-06-22 10:21:54.839439,-2.304038,Glow plugs preheating,Engine Heater Glow Plugs Status,Engine Heater Glow Plugs,"rgb(152,78,163)"
345,2023-06-22 10:21:57.143477,can_tapper14,2023-06-22 10:21:58.612445,1.468968,Engine running command,Engine Status,status,"rgb(152,78,163)"
346,2023-06-22 14:11:30.522051,can_tapper14,2023-06-22 14:11:30.522051,0.0,Engine starting command,Engine Status,status,"rgb(255,127,0)"
346,2023-06-22 14:11:30.522051,can_tapper14,2023-06-22 14:11:28.417817,-2.104234,Glow plugs preheating,Engine Heater Glow Plugs Status,Engine Heater Glow Plugs,"rgb(255,127,0)"
346,2023-06-22 14:11:30.522051,can_tapper14,2023-06-22 14:11:32.147245,1.625194,Engine running command,Engine Status,status,"rgb(255,127,0)"
347,2023-06-22 15:26:55.384153,can_tapper14,2023-06-22 15:26:55.384153,0.0,Engine starting command,Engine Status,status,"rgb(255,255,51)"
347,2023-06-22 15:26:55.384153,can_tapper14,2023-06-22 15:26:54.012368,-1.371785,Glow plugs preheating,Engine Heater Glow Plugs Status,Engine Heater Glow Plugs,"rgb(255,255,51)"
347,2023-06-22 15:26:55.384153,can_tapper14,2023-06-22 15:26:57.034784,1.650631,Engine running command,Engine Status,status,"rgb(255,255,51)"
348,2023-06-22 17:04:43.663474,can_tapper14,2023-06-22 17:04:43.663474,0.0,Engine starting command,Engine Status,status,"rgb(166,86,40)"
348,2023-06-22 17:04:43.663474,can_tapper14,2023-06-22 17:04:44.061480,0.398006,Glow plugs preheating,Engine Heater Glow Plugs Status,Engine Heater Glow Plugs,"rgb(166,86,40)"
348,2023-06-22 17:04:43.663474,can_tapper14,2023-06-22 17:04:45.082509,1.419035,Engine running command,Engine Status,status,"rgb(166,86,40)"
349,2023-06-22 18:19:13.204339,can_tapper14,2023-06-22 18:19:13.204339,0.0,Engine starting command,Engine Status,status,"rgb(247,129,191)"
349,2023-06-22 18:19:13.204339,can_tapper14,2023-06-22 18:19:11.000201,-2.204138,Glow plugs preheating,Engine Heater Glow Plugs Status,Engine Heater Glow Plugs,"rgb(247,129,191)"
349,2023-06-22 18:19:13.204339,can_tapper14,2023-06-22 18:19:14.932588,1.728249,Engine running command,Engine Status,status,"rgb(247,129,191)"
350,2023-06-22 18:19:13.204339,can_tapper14,2023-06-22 18:19:13.204339,0.0,Engine starting command,Engine Status,status,"rgb(153,153,153)"
350,2023-06-22 18:19:13.204339,can_tapper14,2023-06-22 18:19:11.000201,-2.204138,Glow plugs preheating,Engine Heater Glow Plugs Status,Engine Heater Glow Plugs,"rgb(153,153,153)"
350,2023-06-22 18:19:13.204339,can_tapper14,2023-06-22 18:19:14.932588,1.728249,Engine running command,Engine Status,status,"rgb(153,153,153)"
351,2023-07-13 15:56:09.672192,can_tapper14,2023-07-13 15:56:09.672192,0.0,Engine starting command,Engine Status,status,"rgb(228,26,28)"
351,2023-07-13 15:56:09.672192,can_tapper14,2023-07-13 15:55:53.855657,-15.816535,Glow plugs preheating,Engine Heater Glow Plugs Status,Engine Heater Glow Plugs,"rgb(228,26,28)"
351,2023-07-13 15:56:09.672192,can_tapper14,2023-07-13 15:56:07.465782,-2.20641,Glow plugs preheating,Engine Heater Glow Plugs Status,Engine Heater Glow Plugs,"rgb(228,26,28)"
351,2023-07-13 15:56:09.672192,can_tapper14,2023-07-13 15:56:11.437858,1.765666,Engine running command,Engine Status,status,"rgb(228,26,28)"
352,2023-07-13 16:04:29.143847,can_tapper14,2023-07-13 16:04:29.143847,0.0,Engine starting command,Engine Status,status,"rgb(55,126,184)"
352,2023-07-13 16:04:29.143847,can_tapper14,2023-07-13 16:04:31.127630,1.983783,Engine running command,Engine Status,status,"rgb(55,126,184)"
353,2023-07-17 07:56:25.250978,can_tapper14,2023-07-17 07:56:25.250978,0.0,Engine starting command,Engine Status,status,"rgb(77,175,74)"
353,2023-07-17 07:56:25.250978,can_tapper14,2023-07-17 07:56:23.157878,-2.0931,Glow plugs preheating,Engine Heater Glow Plugs Status,Engine Heater Glow Plugs,"rgb(77,175,74)"
353,2023-07-17 07:56:25.250978,can_tapper14,2023-07-17 07:56:26.917933,1.666955,Engine running command,Engine Status,status,"rgb(77,175,74)"
354,2023-07-17 09:07:11.989468,can_tapper14,2023-07-17 09:07:11.989468,0.0,Engine starting command,Engine Status,status,"rgb(152,78,163)"
354,2023-07-17 09:07:11.989468,can_tapper14,2023-07-17 09:07:09.685218,-2.30425,Glow plugs preheating,Engine Heater Glow Plugs Status,Engine Heater Glow Plugs,"rgb(152,78,163)"
354,2023-07-17 09:07:11.989468,can_tapper14,2023-07-17 09:07:13.417780,1.428312,Engine running command,Engine Status,status,"rgb(152,78,163)"
355,2023-07-17 09:29:11.391843,can_tapper14,2023-07-17 09:29:11.391843,0.0,Engine starting command,Engine Status,status,"rgb(255,127,0)"
355,2023-07-17 09:29:11.391843,can_tapper14,2023-07-17 09:29:09.286518,-2.105325,Glow plugs preheating,Engine Heater Glow Plugs Status,Engine Heater Glow Plugs,"rgb(255,127,0)"
355,2023-07-17 09:29:11.391843,can_tapper14,2023-07-17 09:29:13.048707,1.656864,Engine running command,Engine Status,status,"rgb(255,127,0)"
356,2023-07-17 10:46:29.533820,can_tapper14,2023-07-17 10:46:29.533820,0.0,Engine starting command,Engine Status,status,"rgb(255,255,51)"
356,2023-07-17 10:46:29.533820,can_tapper14,2023-07-17 10:46:22.724720,-6.8091,Glow plugs preheating,Engine Heater Glow Plugs Status,Engine Heater Glow Plugs,"rgb(255,255,51)"
356,2023-07-17 10:46:29.533820,can_tapper14,2023-07-17 10:46:27.227916,-2.305904,Glow plugs preheating,Engine Heater Glow Plugs Status,Engine Heater Glow Plugs,"rgb(255,255,51)"
356,2023-07-17 10:46:29.533820,can_tapper14,2023-07-17 10:46:31.088220,1.5544,Engine running command,Engine Status,status,"rgb(255,255,51)"
356,2023-07-17 10:46:29.533820,can_tapper14,2023-07-17 10:47:22.066319,52.532499,Glow plugs preheating,Engine Heater Glow Plugs Status,Engine Heater Glow Plugs,"rgb(255,255,51)"
356,2023-07-17 10:46:29.533820,can_tapper14,2023-07-17 10:47:25.794589,56.260769,Engine running command,Engine Status,status,"rgb(255,255,51)"
357,2023-07-17 10:47:24.373270,can_tapper14,2023-07-17 10:47:24.373270,0.0,Engine starting command,Engine Status,status,"rgb(166,86,40)"
357,2023-07-17 10:47:24.373270,can_tapper14,2023-07-17 10:46:27.227916,-57.145354,Glow plugs preheating,Engine Heater Glow Plugs Status,Engine Heater Glow Plugs,"rgb(166,86,40)"
357,2023-07-17 10:47:24.373270,can_tapper14,2023-07-17 10:46:31.088220,-53.28505,Engine running command,Engine Status,status,"rgb(166,86,40)"
357,2023-07-17 10:47:24.373270,can_tapper14,2023-07-17 10:47:22.066319,-2.306951,Glow plugs preheating,Engine Heater Glow Plugs Status,Engine Heater Glow Plugs,"rgb(166,86,40)"
357,2023-07-17 10:47:24.373270,can_tapper14,2023-07-17 10:47:25.794589,1.421319,Engine running command,Engine Status,status,"rgb(166,86,40)"
358,2023-07-17 10:52:18.627493,can_tapper14,2023-07-17 10:52:18.627493,0.0,Engine starting command,Engine Status,status,"rgb(247,129,191)"
358,2023-07-17 10:52:18.627493,can_tapper14,2023-07-17 10:52:16.521211,-2.106282,Glow plugs preheating,Engine Heater Glow Plugs Status,Engine Heater Glow Plugs,"rgb(247,129,191)"
358,2023-07-17 10:52:18.627493,can_tapper14,2023-07-17 10:52:20.262926,1.635433,Engine running command,Engine Status,status,"rgb(247,129,191)"
358,2023-07-17 10:52:18.627493,can_tapper14,2023-07-17 10:53:53.285097,94.657604,Glow plugs preheating,Engine Heater Glow Plugs Status,Engine Heater Glow Plugs,"rgb(247,129,191)"
358,2023-07-17 10:52:18.627493,can_tapper14,2023-07-17 10:53:57.128493,98.501,Engine running command,Engine Status,status,"rgb(247,129,191)"
359,2023-07-17 10:53:55.489993,can_tapper14,2023-07-17 10:53:55.489993,0.0,Engine starting command,Engine Status,status,"rgb(153,153,153)"
359,2023-07-17 10:53:55.489993,can_tapper14,2023-07-17 10:53:53.285097,-2.204896,Glow plugs preheating,Engine Heater Glow Plugs Status,Engine Heater Glow Plugs,"rgb(153,153,153)"
359,2023-07-17 10:53:55.489993,can_tapper14,2023-07-17 10:53:57.128493,1.6385,Engine running command,Engine Status,status,"rgb(153,153,153)"
360,2023-07-17 10:56:32.264568,can_tapper14,2023-07-17 10:56:32.264568,0.0,Engine starting command,Engine Status,status,"rgb(228,26,28)"
360,2023-07-17 10:56:32.264568,can_tapper14,2023-07-17 10:56:29.960693,-2.303875,Glow plugs preheating,Engine Heater Glow Plugs Status,Engine Heater Glow Plugs,"rgb(228,26,28)"
360,2023-07-17 10:56:32.264568,can_tapper14,2023-07-17 10:56:33.793952,1.529384,Engine running command,Engine Status,status,"rgb(228,26,28)"
360,2023-07-17 10:56:32.264568,can_tapper14,2023-07-17 10:58:16.293929,104.029361,Glow plugs preheating,Engine Heater Glow Plugs Status,Engine Heater Glow Plugs,"rgb(228,26,28)"
360,2023-07-17 10:56:32.264568,can_tapper14,2023-07-17 10:58:19.971811,107.707243,Engine running command,Engine Status,status,"rgb(228,26,28)"
361,2023-07-17 10:58:18.398157,can_tapper14,2023-07-17 10:58:18.398157,0.0,Engine starting command,Engine Status,status,"rgb(55,126,184)"
361,2023-07-17 10:58:18.398157,can_tapper14,2023-07-17 10:58:16.293929,-2.104228,Glow plugs preheating,Engine Heater Glow Plugs Status,Engine Heater Glow Plugs,"rgb(55,126,184)"
361,2023-07-17 10:58:18.398157,can_tapper14,2023-07-17 10:58:19.971811,1.573654,Engine running command,Engine Status,status,"rgb(55,126,184)"
362,2023-07-17 11:40:29.518869,can_tapper14,2023-07-17 11:40:29.518869,0.0,Engine starting command,Engine Status,status,"rgb(77,175,74)"
362,2023-07-17 11:40:29.518869,can_tapper14,2023-07-17 11:40:27.317838,-2.201031,Glow plugs preheating,Engine Heater Glow Plugs Status,Engine Heater Glow Plugs,"rgb(77,175,74)"
362,2023-07-17 11:40:29.518869,can_tapper14,2023-07-17 11:40:31.151565,1.632696,Engine running command,Engine Status,status,"rgb(77,175,74)"
363,2023-07-18 10:22:33.045863,can_tapper14,2023-07-18 10:22:33.045863,0.0,Engine starting command,Engine Status,status,"rgb(152,78,163)"
363,2023-07-18 10:22:33.045863,can_tapper14,2023-07-18 10:22:30.740213,-2.30565,Glow plugs preheating,Engine Heater Glow Plugs Status,Engine Heater Glow Plugs,"rgb(152,78,163)"
363,2023-07-18 10:22:33.045863,can_tapper14,2023-07-18 10:22:34.493539,1.447676,Engine running command,Engine Status,status,"rgb(152,78,163)"
364,2023-07-18 10:32:45.315993,can_tapper14,2023-07-18 10:32:45.315993,0.0,Engine starting command,Engine Status,status,"rgb(255,127,0)"
364,2023-07-18 10:32:45.315993,can_tapper14,2023-07-18 10:32:43.010862,-2.305131,Glow plugs preheating,Engine Heater Glow Plugs Status,Engine Heater Glow Plugs,"rgb(255,127,0)"
364,2023-07-18 10:32:45.315993,can_tapper14,2023-07-18 10:32:46.820836,1.504843,Engine running command,Engine Status,status,"rgb(255,127,0)"
365,2023-07-18 10:38:31.801935,can_tapper14,2023-07-18 10:38:31.801935,0.0,Engine starting command,Engine Status,status,"rgb(255,255,51)"
365,2023-07-18 10:38:31.801935,can_tapper14,2023-07-18 10:38:32.133816,0.331881,Glow plugs preheating,Engine Heater Glow Plugs Status,Engine Heater Glow Plugs,"rgb(255,255,51)"
365,2023-07-18 10:38:31.801935,can_tapper14,2023-07-18 10:38:33.302280,1.500345,Engine running command,Engine Status,status,"rgb(255,255,51)"
366,2023-07-19 08:01:22.535641,can_tapper14,2023-07-19 08:01:22.535641,0.0,Engine starting command,Engine Status,status,"rgb(166,86,40)"
366,2023-07-19 08:01:22.535641,can_tapper14,2023-07-19 08:01:20.329999,-2.205642,Glow plugs preheating,Engine Heater Glow Plugs Status,Engine Heater Glow Plugs,"rgb(166,86,40)"
366,2023-07-19 08:01:22.535641,can_tapper14,2023-07-19 08:01:24.091097,1.555456,Engine running command,Engine Status,status,"rgb(166,86,40)"
367,2023-07-19 08:17:41.943694,can_tapper14,2023-07-19 08:17:41.943694,0.0,Engine starting command,Engine Status,status,"rgb(247,129,191)"
367,2023-07-19 08:17:41.943694,can_tapper14,2023-07-19 08:17:39.640220,-2.303474,Glow plugs preheating,Engine Heater Glow Plugs Status,Engine Heater Glow Plugs,"rgb(247,129,191)"
367,2023-07-19 08:17:41.943694,can_tapper14,2023-07-19 08:17:43.758971,1.815277,Engine running command,Engine Status,status,"rgb(247,129,191)"
368,2023-07-19 08:19:42.660220,can_tapper14,2023-07-19 08:19:42.660220,0.0,Engine starting command,Engine Status,status,"rgb(153,153,153)"
368,2023-07-19 08:19:42.660220,can_tapper14,2023-07-19 08:19:42.957393,0.297173,Glow plugs preheating,Engine Heater Glow Plugs Status,Engine Heater Glow Plugs,"rgb(153,153,153)"
368,2023-07-19 08:19:42.660220,can_tapper14,2023-07-19 08:19:44.207294,1.547074,Engine running command,Engine Status,status,"rgb(153,153,153)"
369,2023-07-19 08:22:38.884017,can_tapper14,2023-07-19 08:22:38.884017,0.0,Engine starting command,Engine Status,status,"rgb(228,26,28)"
369,2023-07-19 08:22:38.884017,can_tapper14,2023-07-19 08:22:39.282693,0.398676,Glow plugs preheating,Engine Heater Glow Plugs Status,Engine Heater Glow Plugs,"rgb(228,26,28)"
369,2023-07-19 08:22:38.884017,can_tapper14,2023-07-19 08:22:40.484161,1.600144,Engine running command,Engine Status,status,"rgb(228,26,28)"
370,2023-07-19 08:37:09.338457,can_tapper14,2023-07-19 08:37:09.338457,0.0,Engine starting command,Engine Status,status,"rgb(55,126,184)"
370,2023-07-19 08:37:09.338457,can_tapper14,2023-07-19 08:37:07.230857,-2.1076,Glow plugs preheating,Engine Heater Glow Plugs Status,Engine Heater Glow Plugs,"rgb(55,126,184)"
370,2023-07-19 08:37:09.338457,can_tapper14,2023-07-19 08:37:10.978675,1.640218,Engine running command,Engine Status,status,"rgb(55,126,184)"
371,2023-07-19 08:57:39.961442,can_tapper14,2023-07-19 08:57:39.961442,0.0,Engine starting command,Engine Status,status,"rgb(77,175,74)"
371,2023-07-19 08:57:39.961442,can_tapper14,2023-07-19 08:57:40.361434,0.399992,Glow plugs preheating,Engine Heater Glow Plugs Status,Engine Heater Glow Plugs,"rgb(77,175,74)"
371,2023-07-19 08:57:39.961442,can_tapper14,2023-07-19 08:57:41.517824,1.556382,Engine running command,Engine Status,status,"rgb(77,175,74)"
372,2023-07-19 09:07:03.998073,can_tapper14,2023-07-19 09:07:03.998073,0.0,Engine starting command,Engine Status,status,"rgb(152,78,163)"
372,2023-07-19 09:07:03.998073,can_tapper14,2023-07-19 09:07:01.893647,-2.104426,Glow plugs preheating,Engine Heater Glow Plugs Status,Engine Heater Glow Plugs,"rgb(152,78,163)"
372,2023-07-19 09:07:03.998073,can_tapper14,2023-07-19 09:07:05.763043,1.76497,Engine running command,Engine Status,status,"rgb(152,78,163)"
373,2023-07-19 09:12:55.272452,can_tapper14,2023-07-19 09:12:55.272452,0.0,Engine starting command,Engine Status,status,"rgb(255,127,0)"
373,2023-07-19 09:12:55.272452,can_tapper14,2023-07-19 09:12:55.574434,0.301982,Glow plugs preheating,Engine Heater Glow Plugs Status,Engine Heater Glow Plugs,"rgb(255,127,0)"
373,2023-07-19 09:12:55.272452,can_tapper14,2023-07-19 09:12:56.676722,1.40427,Engine running command,Engine Status,status,"rgb(255,127,0)"
374,2023-07-19 09:15:35.123444,can_tapper14,2023-07-19 09:15:35.123444,0.0,Engine starting command,Engine Status,status,"rgb(255,255,51)"
374,2023-07-19 09:15:35.123444,can_tapper14,2023-07-19 09:15:35.507600,0.384156,Glow plugs preheating,Engine Heater Glow Plugs Status,Engine Heater Glow Plugs,"rgb(255,255,51)"
374,2023-07-19 09:15:35.123444,can_tapper14,2023-07-19 09:15:36.706321,1.582877,Engine running command,Engine Status,status,"rgb(255,255,51)"
375,2023-07-19 09:23:02.765218,can_tapper14,2023-07-19 09:23:02.765218,0.0,Engine starting command,Engine Status,status,"rgb(166,86,40)"
375,2023-07-19 09:23:02.765218,can_tapper14,2023-07-19 09:23:03.063793,0.298575,Glow plugs preheating,Engine Heater Glow Plugs Status,Engine Heater Glow Plugs,"rgb(166,86,40)"
375,2023-07-19 09:23:02.765218,can_tapper14,2023-07-19 09:23:04.444685,1.679467,Engine running command,Engine Status,status,"rgb(166,86,40)"
375,2023-07-19 09:23:02.765218,can_tapper14,2023-07-19 09:25:00.738743,117.973525,Glow plugs preheating,Engine Heater Glow Plugs Status,Engine Heater Glow Plugs,"rgb(166,86,40)"
376,2023-07-19 09:25:01.890145,can_tapper14,2023-07-19 09:25:01.890145,0.0,Engine starting command,Engine Status,status,"rgb(247,129,191)"
376,2023-07-19 09:25:01.890145,can_tapper14,2023-07-19 09:25:00.738743,-1.151402,Glow plugs preheating,Engine Heater Glow Plugs Status,Engine Heater Glow Plugs,"rgb(247,129,191)"
376,2023-07-19 09:25:01.890145,can_tapper14,2023-07-19 09:25:03.623986,1.733841,Engine running command,Engine Status,status,"rgb(247,129,191)"
377,2023-07-19 09:29:43.437434,can_tapper14,2023-07-19 09:29:43.437434,0.0,Engine starting command,Engine Status,status,"rgb(153,153,153)"
377,2023-07-19 09:29:43.437434,can_tapper14,2023-07-19 09:29:43.876293,0.438859,Glow plugs preheating,Engine Heater Glow Plugs Status,Engine Heater Glow Plugs,"rgb(153,153,153)"
377,2023-07-19 09:29:43.437434,can_tapper14,2023-07-19 09:29:45.016160,1.578726,Engine running command,Engine Status,status,"rgb(153,153,153)"
378,2023-07-19 09:33:46.576292,can_tapper14,2023-07-19 09:33:46.576292,0.0,Engine starting command,Engine Status,status,"rgb(228,26,28)"
378,2023-07-19 09:33:46.576292,can_tapper14,2023-07-19 09:33:46.918440,0.342148,Glow plugs preheating,Engine Heater Glow Plugs Status,Engine Heater Glow Plugs,"rgb(228,26,28)"
378,2023-07-19 09:33:46.576292,can_tapper14,2023-07-19 09:33:48.101161,1.524869,Engine running command,Engine Status,status,"rgb(228,26,28)"
379,2023-07-19 09:38:44.919465,can_tapper14,2023-07-19 09:38:44.919465,0.0,Engine starting command,Engine Status,status,"rgb(55,126,184)"
379,2023-07-19 09:38:44.919465,can_tapper14,2023-07-19 09:38:45.316915,0.39745,Glow plugs preheating,Engine Heater Glow Plugs Status,Engine Heater Glow Plugs,"rgb(55,126,184)"
379,2023-07-19 09:38:44.919465,can_tapper14,2023-07-19 09:38:46.475793,1.556328,Engine running command,Engine Status,status,"rgb(55,126,184)"
379,2023-07-19 09:38:44.919465,can_tapper14,2023-07-19 09:40:21.674534,96.755069,Glow plugs preheating,Engine Heater Glow Plugs Status,Engine Heater Glow Plugs,"rgb(55,126,184)"
379,2023-07-19 09:38:44.919465,can_tapper14,2023-07-19 09:40:22.922790,98.003325,Engine running command,Engine Status,status,"rgb(55,126,184)"
380,2023-07-19 09:40:21.277064,can_tapper14,2023-07-19 09:40:21.277064,0.0,Engine starting command,Engine Status,status,"rgb(77,175,74)"
380,2023-07-19 09:40:21.277064,can_tapper14,2023-07-19 09:40:21.674534,0.39747,Glow plugs preheating,Engine Heater Glow Plugs Status,Engine Heater Glow Plugs,"rgb(77,175,74)"
380,2023-07-19 09:40:21.277064,can_tapper14,2023-07-19 09:40:22.922790,1.645726,Engine running command,Engine Status,status,"rgb(77,175,74)"
381,2023-07-19 09:50:34.684444,can_tapper14,2023-07-19 09:50:34.684444,0.0,Engine starting command,Engine Status,status,"rgb(152,78,163)"
381,2023-07-19 09:50:34.684444,can_tapper14,2023-07-19 09:50:32.570814,-2.11363,Glow plugs preheating,Engine Heater Glow Plugs Status,Engine Heater Glow Plugs,"rgb(152,78,163)"
381,2023-07-19 09:50:34.684444,can_tapper14,2023-07-19 09:50:36.097837,1.413393,Engine running command,Engine Status,status,"rgb(152,78,163)"
382,2023-07-19 09:56:09.337317,can_tapper14,2023-07-19 09:56:09.337317,0.0,Engine starting command,Engine Status,status,"rgb(255,127,0)"
382,2023-07-19 09:56:09.337317,can_tapper14,2023-07-19 09:56:09.734586,0.397269,Glow plugs preheating,Engine Heater Glow Plugs Status,Engine Heater Glow Plugs,"rgb(255,127,0)"
382,2023-07-19 09:56:09.337317,can_tapper14,2023-07-19 09:56:11.265137,1.92782,Engine running command,Engine Status,status,"rgb(255,127,0)"
383,2023-07-19 10:41:40.831951,can_tapper14,2023-07-19 10:41:40.831951,0.0,Engine starting command,Engine Status,status,"rgb(255,255,51)"
383,2023-07-19 10:41:40.831951,can_tapper14,2023-07-19 10:41:38.524233,-2.307718,Glow plugs preheating,Engine Heater Glow Plugs Status,Engine Heater Glow Plugs,"rgb(255,255,51)"
383,2023-07-19 10:41:40.831951,can_tapper14,2023-07-19 10:41:42.355774,1.523823,Engine running command,Engine Status,status,"rgb(255,255,51)"
384,2023-08-01 12:16:58.043775,can_tapper14,2023-08-01 12:16:58.043775,0.0,Engine starting command,Engine Status,status,"rgb(166,86,40)"
384,2023-08-01 12:16:58.043775,can_tapper14,2023-08-01 12:16:55.837448,-2.206327,Glow plugs preheating,Engine Heater Glow Plugs Status,Engine Heater Glow Plugs,"rgb(166,86,40)"
384,2023-08-01 12:16:58.043775,can_tapper14,2023-08-01 12:16:59.619495,1.57572,Engine running command,Engine Status,status,"rgb(166,86,40)"
385,2023-08-01 12:24:32.000321,can_tapper14,2023-08-01 12:24:32.000321,0.0,Engine starting command,Engine Status,status,"rgb(247,129,191)"
385,2023-08-01 12:24:32.000321,can_tapper14,2023-08-01 12:24:29.995669,-2.004652,Glow plugs preheating,Engine Heater Glow Plugs Status,Engine Heater Glow Plugs,"rgb(247,129,191)"
385,2023-08-01 12:24:32.000321,can_tapper14,2023-08-01 12:24:33.589297,1.588976,Engine running command,Engine Status,status,"rgb(247,129,191)"
386,2023-08-01 13:12:04.082161,can_tapper14,2023-08-01 13:12:04.082161,0.0,Engine starting command,Engine Status,status,"rgb(153,153,153)"
386,2023-08-01 13:12:04.082161,can_tapper14,2023-08-01 13:12:01.976962,-2.105199,Glow plugs preheating,Engine Heater Glow Plugs Status,Engine Heater Glow Plugs,"rgb(153,153,153)"
386,2023-08-01 13:12:04.082161,can_tapper14,2023-08-01 13:12:05.501060,1.418899,Engine running command,Engine Status,status,"rgb(153,153,153)"
387,2023-08-02 10:34:05.038467,can_tapper14,2023-08-02 10:34:05.038467,0.0,Engine starting command,Engine Status,status,"rgb(228,26,28)"
387,2023-08-02 10:34:05.038467,can_tapper14,2023-08-02 10:34:02.734039,-2.304428,Glow plugs preheating,Engine Heater Glow Plugs Status,Engine Heater Glow Plugs,"rgb(228,26,28)"
387,2023-08-02 10:34:05.038467,can_tapper14,2023-08-02 10:34:06.434576,1.396109,Engine running command,Engine Status,status,"rgb(228,26,28)"
388,2023-08-18 12:31:31.728138,can_tapper14,2023-08-18 12:31:31.728138,0.0,Engine starting command,Engine Status,status,"rgb(55,126,184)"
388,2023-08-18 12:31:31.728138,can_tapper14,2023-08-18 12:31:29.423280,-2.304858,Glow plugs preheating,Engine Heater Glow Plugs Status,Engine Heater Glow Plugs,"rgb(55,126,184)"
388,2023-08-18 12:31:31.728138,can_tapper14,2023-08-18 12:31:33.215840,1.487702,Engine running command,Engine Status,status,"rgb(55,126,184)"
389,2023-08-18 13:22:18.133782,can_tapper14,2023-08-18 13:22:18.133782,0.0,Engine starting command,Engine Status,status,"rgb(77,175,74)"
389,2023-08-18 13:22:18.133782,can_tapper14,2023-08-18 13:22:16.026915,-2.106867,Glow plugs preheating,Engine Heater Glow Plugs Status,Engine Heater Glow Plugs,"rgb(77,175,74)"
389,2023-08-18 13:22:18.133782,can_tapper14,2023-08-18 13:22:19.690207,1.556425,Engine running command,Engine Status,status,"rgb(77,175,74)"
390,2023-08-21 11:08:20.917286,can_tapper14,2023-08-21 11:08:20.917286,0.0,Engine starting command,Engine Status,status,"rgb(152,78,163)"
390,2023-08-21 11:08:20.917286,can_tapper14,2023-08-21 11:08:21.114364,0.197078,Glow plugs preheating,Engine Heater Glow Plugs Status,Engine Heater Glow Plugs,"rgb(152,78,163)"
390,2023-08-21 11:08:20.917286,can_tapper14,2023-08-21 11:08:22.705840,1.788554,Engine running command,Engine Status,status,"rgb(152,78,163)"
391,2023-08-21 13:32:28.877220,can_tapper14,2023-08-21 13:32:28.877220,0.0,Engine starting command,Engine Status,status,"rgb(255,127,0)"
391,2023-08-21 13:32:28.877220,can_tapper14,2023-08-21 13:32:26.672978,-2.204242,Glow plugs preheating,Engine Heater Glow Plugs Status,Engine Heater Glow Plugs,"rgb(255,127,0)"
391,2023-08-21 13:32:28.877220,can_tapper14,2023-08-21 13:32:30.405620,1.5284,Engine running command,Engine Status,status,"rgb(255,127,0)"
392,2023-08-24 08:23:07.815519,can_tapper14,2023-08-24 08:23:07.815519,0.0,Engine starting command,Engine Status,status,"rgb(255,255,51)"
392,2023-08-24 08:23:07.815519,can_tapper14,2023-08-24 08:23:05.607474,-2.208045,Glow plugs preheating,Engine Heater Glow Plugs Status,Engine Heater Glow Plugs,"rgb(255,255,51)"
392,2023-08-24 08:23:07.815519,can_tapper14,2023-08-24 08:23:09.298095,1.482576,Engine running command,Engine Status,status,"rgb(255,255,51)"
393,2023-09-04 10:27:49.430082,can_tapper14,2023-09-04 10:27:49.430082,0.0,Engine starting command,Engine Status,status,"rgb(166,86,40)"
393,2023-09-04 10:27:49.430082,can_tapper14,2023-09-04 10:27:49.641441,0.211359,Glow plugs preheating,Engine Heater Glow Plugs Status,Engine Heater Glow Plugs,"rgb(166,86,40)"
393,2023-09-04 10:27:49.430082,can_tapper14,2023-09-04 10:27:51.068753,1.638671,Engine running command,Engine Status,status,"rgb(166,86,40)"
394,2023-09-04 10:32:56.190537,can_tapper14,2023-09-04 10:32:56.190537,0.0,Engine starting command,Engine Status,status,"rgb(247,129,191)"
394,2023-09-04 10:32:56.190537,can_tapper14,2023-09-04 10:32:56.534282,0.343745,Glow plugs preheating,Engine Heater Glow Plugs Status,Engine Heater Glow Plugs,"rgb(247,129,191)"
394,2023-09-04 10:32:56.190537,can_tapper14,2023-09-04 10:32:57.712377,1.52184,Engine running command,Engine Status,status,"rgb(247,129,191)"
395,2023-09-18 10:30:25.218544,can_tapper14,2023-09-18 10:30:25.218544,0.0,Engine starting command,Engine Status,status,"rgb(153,153,153)"
395,2023-09-18 10:30:25.218544,can_tapper14,2023-09-18 10:30:22.911806,-2.306738,Glow plugs preheating,Engine Heater Glow Plugs Status,Engine Heater Glow Plugs,"rgb(153,153,153)"
395,2023-09-18 10:30:25.218544,can_tapper14,2023-09-18 10:30:26.874330,1.655786,Engine running command,Engine Status,status,"rgb(153,153,153)"
396,2023-09-26 12:06:57.322937,can_tapper14,2023-09-26 12:06:57.322937,0.0,Engine starting command,Engine Status,status,"rgb(228,26,28)"
396,2023-09-26 12:06:57.322937,can_tapper14,2023-09-26 12:06:55.116513,-2.206424,Glow plugs preheating,Engine Heater Glow Plugs Status,Engine Heater Glow Plugs,"rgb(228,26,28)"
396,2023-09-26 12:06:57.322937,can_tapper14,2023-09-26 12:06:58.798739,1.475802,Engine running command,Engine Status,status,"rgb(228,26,28)"
397,2023-10-04 08:36:23.912842,can_tapper14,2023-10-04 08:36:23.912842,0.0,Engine starting command,Engine Status,status,"rgb(55,126,184)"
397,2023-10-04 08:36:23.912842,can_tapper14,2023-10-04 08:36:21.802681,-2.110161,Glow plugs preheating,Engine Heater Glow Plugs Status,Engine Heater Glow Plugs,"rgb(55,126,184)"
397,2023-10-04 08:36:23.912842,can_tapper14,2023-10-04 08:36:25.588036,1.675194,Engine running command,Engine Status,status,"rgb(55,126,184)"
398,2023-10-04 11:36:12.199699,can_tapper14,2023-10-04 11:36:12.199699,0.0,Engine starting command,Engine Status,status,"rgb(77,175,74)"
398,2023-10-04 11:36:12.199699,can_tapper14,2023-10-04 11:36:09.991119,-2.20858,Glow plugs preheating,Engine Heater Glow Plugs Status,Engine Heater Glow Plugs,"rgb(77,175,74)"
398,2023-10-04 11:36:12.199699,can_tapper14,2023-10-04 11:36:13.735795,1.536096,Engine running command,Engine Status,status,"rgb(77,175,74)"
399,2023-10-04 13:48:21.658424,can_tapper14,2023-10-04 13:48:21.658424,0.0,Engine starting command,Engine Status,status,"rgb(152,78,163)"
399,2023-10-04 13:48:21.658424,can_tapper14,2023-10-04 13:48:21.982459,0.324035,Glow plugs preheating,Engine Heater Glow Plugs Status,Engine Heater Glow Plugs,"rgb(152,78,163)"
399,2023-10-04 13:48:21.658424,can_tapper14,2023-10-04 13:48:23.135664,1.47724,Engine running command,Engine Status,status,"rgb(152,78,163)"
400,2023-10-10 09:56:41.999474,can_tapper14,2023-10-10 09:56:41.999474,0.0,Engine starting command,Engine Status,status,"rgb(255,127,0)"
400,2023-10-10 09:56:41.999474,can_tapper14,2023-10-10 09:56:42.322717,0.323243,Glow plugs preheating,Engine Heater Glow Plugs Status,Engine Heater Glow Plugs,"rgb(255,127,0)"
400,2023-10-10 09:56:41.999474,can_tapper14,2023-10-10 09:56:43.674718,1.675244,Engine running command,Engine Status,status,"rgb(255,127,0)"
401,2023-10-10 12:17:14.583013,can_tapper14,2023-10-10 12:17:14.583013,0.0,Engine starting command,Engine Status,status,"rgb(255,255,51)"
401,2023-10-10 12:17:14.583013,can_tapper14,2023-10-10 12:17:14.891787,0.308774,Glow plugs preheating,Engine Heater Glow Plugs Status,Engine Heater Glow Plugs,"rgb(255,255,51)"
401,2023-10-10 12:17:14.583013,can_tapper14,2023-10-10 12:17:16.375834,1.792821,Engine running command,Engine Status,status,"rgb(255,255,51)"
402,2023-10-16 10:57:10.741906,can_tapper14,2023-10-16 10:57:10.741906,0.0,Engine starting command,Engine Status,status,"rgb(166,86,40)"
402,2023-10-16 10:57:10.741906,can_tapper14,2023-10-16 10:57:08.737250,-2.004656,Glow plugs preheating,Engine Heater Glow Plugs Status,Engine Heater Glow Plugs,"rgb(166,86,40)"
402,2023-10-16 10:57:10.741906,can_tapper14,2023-10-16 10:57:12.432651,1.690745,Engine running command,Engine Status,status,"rgb(166,86,40)"
403,2023-10-17 08:03:13.181687,can_tapper14,2023-10-17 08:03:13.181687,0.0,Engine starting command,Engine Status,status,"rgb(247,129,191)"
403,2023-10-17 08:03:13.181687,can_tapper14,2023-10-17 08:03:13.475324,0.293637,Glow plugs preheating,Engine Heater Glow Plugs Status,Engine Heater Glow Plugs,"rgb(247,129,191)"
403,2023-10-17 08:03:13.181687,can_tapper14,2023-10-17 08:03:14.803404,1.621717,Engine running command,Engine Status,status,"rgb(247,129,191)"
404,2023-10-17 12:12:18.568352,can_tapper14,2023-10-17 12:12:18.568352,0.0,Engine starting command,Engine Status,status,"rgb(153,153,153)"
404,2023-10-17 12:12:18.568352,can_tapper14,2023-10-17 12:12:18.875148,0.306796,Glow plugs preheating,Engine Heater Glow Plugs Status,Engine Heater Glow Plugs,"rgb(153,153,153)"
404,2023-10-17 12:12:18.568352,can_tapper14,2023-10-17 12:12:20.160448,1.592096,Engine running command,Engine Status,status,"rgb(153,153,153)"
405,2023-10-30 08:22:24.498305,can_tapper14,2023-10-30 08:22:24.498305,0.0,Engine starting command,Engine Status,status,"rgb(228,26,28)"
405,2023-10-30 08:22:24.498305,can_tapper14,2023-10-30 08:22:24.921401,0.423096,Glow plugs preheating,Engine Heater Glow Plugs Status,Engine Heater Glow Plugs,"rgb(228,26,28)"
405,2023-10-30 08:22:24.498305,can_tapper14,2023-10-30 08:22:26.058222,1.559917,Engine running command,Engine Status,status,"rgb(228,26,28)"
406,2023-10-31 08:05:03.482834,can_tapper14,2023-10-31 08:05:03.482834,0.0,Engine starting command,Engine Status,status,"rgb(55,126,184)"
406,2023-10-31 08:05:03.482834,can_tapper14,2023-10-31 08:05:01.176123,-2.306711,Glow plugs preheating,Engine Heater Glow Plugs Status,Engine Heater Glow Plugs,"rgb(55,126,184)"
406,2023-10-31 08:05:03.482834,can_tapper14,2023-10-31 08:05:04.910370,1.427536,Engine running command,Engine Status,status,"rgb(55,126,184)"
407,2023-10-31 08:07:14.647553,can_tapper14,2023-10-31 08:07:14.647553,0.0,Engine starting command,Engine Status,status,"rgb(77,175,74)"
407,2023-10-31 08:07:14.647553,can_tapper14,2023-10-31 08:07:12.537590,-2.109963,Glow plugs preheating,Engine Heater Glow Plugs Status,Engine Heater Glow Plugs,"rgb(77,175,74)"
407,2023-10-31 08:07:14.647553,can_tapper14,2023-10-31 08:07:16.143334,1.495781,Engine running command,Engine Status,status,"rgb(77,175,74)"
408,2023-11-02 08:08:49.449784,can_tapper14,2023-11-02 08:08:49.449784,0.0,Engine starting command,Engine Status,status,"rgb(152,78,163)"
408,2023-11-02 08:08:49.449784,can_tapper14,2023-11-02 08:08:49.776434,0.32665,Glow plugs preheating,Engine Heater Glow Plugs Status,Engine Heater Glow Plugs,"rgb(152,78,163)"
408,2023-11-02 08:08:49.449784,can_tapper14,2023-11-02 08:08:51.078892,1.629108,Engine running command,Engine Status,status,"rgb(152,78,163)"
409,2023-11-07 13:46:34.197511,can_tapper14,2023-11-07 13:46:34.197511,0.0,Engine starting command,Engine Status,status,"rgb(255,127,0)"
409,2023-11-07 13:46:34.197511,can_tapper14,2023-11-07 13:46:34.496182,0.298671,Glow plugs preheating,Engine Heater Glow Plugs Status,Engine Heater Glow Plugs,"rgb(255,127,0)"
409,2023-11-07 13:46:34.197511,can_tapper14,2023-11-07 13:46:35.639057,1.441546,Engine running command,Engine Status,status,"rgb(255,127,0)"
410,2023-11-07 14:03:09.685103,can_tapper14,2023-11-07 14:03:09.685103,0.0,Engine starting command,Engine Status,status,"rgb(255,255,51)"
410,2023-11-07 14:03:09.685103,can_tapper14,2023-11-07 14:03:09.957269,0.272166,Glow plugs preheating,Engine Heater Glow Plugs Status,Engine Heater Glow Plugs,"rgb(255,255,51)"
410,2023-11-07 14:03:09.685103,can_tapper14,2023-11-07 14:03:11.578803,1.8937,Engine running command,Engine Status,status,"rgb(255,255,51)"
411,2023-11-09 17:26:36.188953,can_tapper14,2023-11-09 17:26:36.188953,0.0,Engine starting command,Engine Status,status,"rgb(166,86,40)"
411,2023-11-09 17:26:36.188953,can_tapper14,2023-11-09 17:26:34.084703,-2.10425,Glow plugs preheating,Engine Heater Glow Plugs Status,Engine Heater Glow Plugs,"rgb(166,86,40)"
411,2023-11-09 17:26:36.188953,can_tapper14,2023-11-09 17:26:37.468171,1.279218,Engine running command,Engine Status,status,"rgb(166,86,40)"
412,2023-11-13 22:19:20.791737,can_tapper14,2023-11-13 22:19:20.791737,0.0,Engine starting command,Engine Status,status,"rgb(247,129,191)"
412,2023-11-13 22:19:20.791737,can_tapper14,2023-11-13 22:19:21.195487,0.40375,Glow plugs preheating,Engine Heater Glow Plugs Status,Engine Heater Glow Plugs,"rgb(247,129,191)"
412,2023-11-13 22:19:20.791737,can_tapper14,2023-11-13 22:19:22.443887,1.65215,Engine running command,Engine Status,status,"rgb(247,129,191)"
413,2023-11-28 07:52:39.193217,can_tapper14,2023-11-28 07:52:39.193217,0.0,Engine starting command,Engine Status,status,"rgb(153,153,153)"
413,2023-11-28 07:52:39.193217,can_tapper14,2023-11-28 07:52:37.089459,-2.103758,Glow plugs preheating,Engine Heater Glow Plugs Status,Engine Heater Glow Plugs,"rgb(153,153,153)"
413,2023-11-28 07:52:39.193217,can_tapper14,2023-11-28 07:52:40.841591,1.648374,Engine running command,Engine Status,status,"rgb(153,153,153)"
414,2023-11-28 10:14:35.760702,can_tapper14,2023-11-28 10:14:35.760702,0.0,Engine starting command,Engine Status,status,"rgb(228,26,28)"
414,2023-11-28 10:14:35.760702,can_tapper14,2023-11-28 10:14:33.654203,-2.106499,Glow plugs preheating,Engine Heater Glow Plugs Status,Engine Heater Glow Plugs,"rgb(228,26,28)"
414,2023-11-28 10:14:35.760702,can_tapper14,2023-11-28 10:14:37.234328,1.473626,Engine running command,Engine Status,status,"rgb(228,26,28)"
415,2023-11-28 13:13:00.800208,can_tapper14,2023-11-28 13:13:00.800208,0.0,Engine starting command,Engine Status,status,"rgb(55,126,184)"
415,2023-11-28 13:13:00.800208,can_tapper14,2023-11-28 13:12:58.496091,-2.304117,Glow plugs preheating,Engine Heater Glow Plugs Status,Engine Heater Glow Plugs,"rgb(55,126,184)"
415,2023-11-28 13:13:00.800208,can_tapper14,2023-11-28 13:13:02.378529,1.578321,Engine running command,Engine Status,status,"rgb(55,126,184)"
416,2023-11-28 13:29:35.326189,can_tapper14,2023-11-28 13:29:35.326189,0.0,Engine starting command,Engine Status,status,"rgb(77,175,74)"
416,2023-11-28 13:29:35.326189,can_tapper14,2023-11-28 13:29:33.220907,-2.105282,Glow plugs preheating,Engine Heater Glow Plugs Status,Engine Heater Glow Plugs,"rgb(77,175,74)"
416,2023-11-28 13:29:35.326189,can_tapper14,2023-11-28 13:29:36.825188,1.498999,Engine running command,Engine Status,status,"rgb(77,175,74)"
417,2023-11-28 15:06:30.935035,can_tapper14,2023-11-28 15:06:30.935035,0.0,Engine starting command,Engine Status,status,"rgb(152,78,163)"
417,2023-11-28 15:06:30.935035,can_tapper14,2023-11-28 15:06:28.928331,-2.006704,Glow plugs preheating,Engine Heater Glow Plugs Status,Engine Heater Glow Plugs,"rgb(152,78,163)"
417,2023-11-28 15:06:30.935035,can_tapper14,2023-11-28 15:06:32.241685,1.30665,Engine running command,Engine Status,status,"rgb(152,78,163)"
418,2023-11-28 15:55:59.007692,can_tapper14,2023-11-28 15:55:59.007692,0.0,Engine starting command,Engine Status,status,"rgb(255,127,0)"
418,2023-11-28 15:55:59.007692,can_tapper14,2023-11-28 15:55:56.796499,-2.211193,Glow plugs preheating,Engine Heater Glow Plugs Status,Engine Heater Glow Plugs,"rgb(255,127,0)"
418,2023-11-28 15:55:59.007692,can_tapper14,2023-11-28 15:56:00.526669,1.518977,Engine running command,Engine Status,status,"rgb(255,127,0)"
419,2023-11-28 16:15:20.948971,can_tapper14,2023-11-28 16:15:20.948971,0.0,Engine starting command,Engine Status,status,"rgb(255,255,51)"
419,2023-11-28 16:15:20.948971,can_tapper14,2023-11-28 16:15:18.945045,-2.003926,Glow plugs preheating,Engine Heater Glow Plugs Status,Engine Heater Glow Plugs,"rgb(255,255,51)"
419,2023-11-28 16:15:20.948971,can_tapper14,2023-11-28 16:15:22.511150,1.562179,Engine running command,Engine Status,status,"rgb(255,255,51)"
420,2023-11-29 08:16:45.869712,can_tapper14,2023-11-29 08:16:45.869712,0.0,Engine starting command,Engine Status,status,"rgb(166,86,40)"
420,2023-11-29 08:16:45.869712,can_tapper14,2023-11-29 08:16:47.569152,1.69944,Engine running command,Engine Status,status,"rgb(166,86,40)"
421,2023-11-29 08:16:45.869712,can_tapper14,2023-11-29 08:16:45.869712,0.0,Engine starting command,Engine Status,status,"rgb(247,129,191)"
421,2023-11-29 08:16:45.869712,can_tapper14,2023-11-29 08:16:47.569152,1.69944,Engine running command,Engine Status,status,"rgb(247,129,191)"
422,2023-12-12 14:34:13.073335,can_tapper14,2023-12-12 14:34:13.073335,0.0,Engine starting command,Engine Status,status,"rgb(153,153,153)"
422,2023-12-12 14:34:13.073335,can_tapper14,2023-12-12 14:34:10.965540,-2.107795,Glow plugs preheating,Engine Heater Glow Plugs Status,Engine Heater Glow Plugs,"rgb(153,153,153)"
422,2023-12-12 14:34:13.073335,can_tapper14,2023-12-12 14:34:14.625266,1.551931,Engine running command,Engine Status,status,"rgb(153,153,153)"
423,2024-01-18 10:08:21.904052,can_tapper14,2024-01-18 10:08:21.904052,0.0,Engine starting command,Engine Status,status,"rgb(228,26,28)"
423,2024-01-18 10:08:21.904052,can_tapper14,2024-01-18 10:08:19.900529,-2.003523,Glow plugs preheating,Engine Heater Glow Plugs Status,Engine Heater Glow Plugs,"rgb(228,26,28)"
423,2024-01-18 10:08:21.904052,can_tapper14,2024-01-18 10:08:23.799747,1.895695,Engine running command,Engine Status,status,"rgb(228,26,28)"
424,2024-01-31 10:37:45.387722,can_tapper14,2024-01-31 10:37:45.387722,0.0,Engine starting command,Engine Status,status,"rgb(55,126,184)"
424,2024-01-31 10:37:45.387722,can_tapper14,2024-01-31 10:37:45.778955,0.391233,Glow plugs preheating,Engine Heater Glow Plugs Status,Engine Heater Glow Plugs,"rgb(55,126,184)"
424,2024-01-31 10:37:45.387722,can_tapper14,2024-01-31 10:37:46.789787,1.402065,Engine running command,Engine Status,status,"rgb(55,126,184)"
425,2024-01-31 11:20:02.962054,can_tapper14,2024-01-31 11:20:02.962054,0.0,Engine starting command,Engine Status,status,"rgb(77,175,74)"
425,2024-01-31 11:20:02.962054,can_tapper14,2024-01-31 11:20:03.262729,0.300675,Glow plugs preheating,Engine Heater Glow Plugs Status,Engine Heater Glow Plugs,"rgb(77,175,74)"
425,2024-01-31 11:20:02.962054,can_tapper14,2024-01-31 11:20:04.786309,1.824255,Engine running command,Engine Status,status,"rgb(77,175,74)"
426,2024-02-08 07:39:31.952673,can_tapper14,2024-02-08 07:39:31.952673,0.0,Engine starting command,Engine Status,status,"rgb(152,78,163)"
426,2024-02-08 07:39:31.952673,can_tapper14,2024-02-08 07:39:30.372550,-1.580123,Glow plugs preheating,Engine Heater Glow Plugs Status,Engine Heater Glow Plugs,"rgb(152,78,163)"
426,2024-02-08 07:39:31.952673,can_tapper14,2024-02-08 07:39:33.480288,1.527615,Engine running command,Engine Status,status,"rgb(152,78,163)"
427,2024-02-08 10:13:58.860591,can_tapper14,2024-02-08 10:13:58.860591,0.0,Engine starting command,Engine Status,status,"rgb(255,127,0)"
427,2024-02-08 10:13:58.860591,can_tapper14,2024-02-08 10:14:00.193882,1.333291,Engine running command,Engine Status,status,"rgb(255,127,0)"
428,2024-02-08 10:45:05.787183,can_tapper14,2024-02-08 10:45:05.787183,0.0,Engine starting command,Engine Status,status,"rgb(255,255,51)"
428,2024-02-08 10:45:05.787183,can_tapper14,2024-02-08 10:45:03.481189,-2.305994,Glow plugs preheating,Engine Heater Glow Plugs Status,Engine Heater Glow Plugs,"rgb(255,255,51)"
428,2024-02-08 10:45:05.787183,can_tapper14,2024-02-08 10:45:07.332608,1.545425,Engine running command,Engine Status,status,"rgb(255,255,51)"
429,2024-02-08 11:04:16.678604,can_tapper14,2024-02-08 11:04:16.678604,0.0,Engine starting command,Engine Status,status,"rgb(166,86,40)"
429,2024-02-08 11:04:16.678604,can_tapper14,2024-02-08 11:04:14.568778,-2.109826,Glow plugs preheating,Engine Heater Glow Plugs Status,Engine Heater Glow Plugs,"rgb(166,86,40)"
429,2024-02-08 11:04:16.678604,can_tapper14,2024-02-08 11:04:18.164235,1.485631,Engine running command,Engine Status,status,"rgb(166,86,40)"
430,2024-02-08 11:39:46.854715,can_tapper14,2024-02-08 11:39:46.854715,0.0,Engine starting command,Engine Status,status,"rgb(247,129,191)"
430,2024-02-08 11:39:46.854715,can_tapper14,2024-02-08 11:39:44.751026,-2.103689,Glow plugs preheating,Engine Heater Glow Plugs Status,Engine Heater Glow Plugs,"rgb(247,129,191)"
430,2024-02-08 11:39:46.854715,can_tapper14,2024-02-08 11:39:48.372869,1.518154,Engine running command,Engine Status,status,"rgb(247,129,191)"
431,2024-02-08 13:40:34.580060,can_tapper14,2024-02-08 13:40:34.580060,0.0,Engine starting command,Engine Status,status,"rgb(153,153,153)"
431,2024-02-08 13:40:34.580060,can_tapper14,2024-02-08 13:40:36.106351,1.526291,Engine running command,Engine Status,status,"rgb(153,153,153)"
432,2024-02-08 14:21:02.972600,can_tapper14,2024-02-08 14:21:02.972600,0.0,Engine starting command,Engine Status,status,"rgb(228,26,28)"
432,2024-02-08 14:21:02.972600,can_tapper14,2024-02-08 14:21:00.867664,-2.104936,Glow plugs preheating,Engine Heater Glow Plugs Status,Engine Heater Glow Plugs,"rgb(228,26,28)"
432,2024-02-08 14:21:02.972600,can_tapper14,2024-02-08 14:21:04.606243,1.633643,Engine running command,Engine Status,status,"rgb(228,26,28)"
433,2024-02-13 09:48:21.486144,can_tapper14,2024-02-13 09:48:21.486144,0.0,Engine starting command,Engine Status,status,"rgb(55,126,184)"
433,2024-02-13 09:48:21.486144,can_tapper14,2024-02-13 09:48:19.898741,-1.587403,Glow plugs preheating,Engine Heater Glow Plugs Status,Engine Heater Glow Plugs,"rgb(55,126,184)"
433,2024-02-13 09:48:21.486144,can_tapper14,2024-02-13 09:48:23.141793,1.655649,Engine running command,Engine Status,status,"rgb(55,126,184)"
434,2024-02-13 11:00:28.154376,can_tapper14,2024-02-13 11:00:28.154376,0.0,Engine starting command,Engine Status,status,"rgb(77,175,74)"
434,2024-02-13 11:00:28.154376,can_tapper14,2024-02-13 11:00:25.848389,-2.305987,Glow plugs preheating,Engine Heater Glow Plugs Status,Engine Heater Glow Plugs,"rgb(77,175,74)"
434,2024-02-13 11:00:28.154376,can_tapper14,2024-02-13 11:00:29.750041,1.595665,Engine running command,Engine Status,status,"rgb(77,175,74)"
435,2024-02-21 07:31:35.874268,can_tapper14,2024-02-21 07:31:35.874268,0.0,Engine starting command,Engine Status,status,"rgb(152,78,163)"
435,2024-02-21 07:31:35.874268,can_tapper14,2024-02-21 07:31:33.771323,-2.102945,Glow plugs preheating,Engine Heater Glow Plugs Status,Engine Heater Glow Plugs,"rgb(152,78,163)"
435,2024-02-21 07:31:35.874268,can_tapper14,2024-02-21 07:31:37.196773,1.322505,Engine running command,Engine Status,status,"rgb(152,78,163)"
436,2024-02-21 12:48:13.382406,can_tapper14,2024-02-21 12:48:13.382406,0.0,Engine starting command,Engine Status,status,"rgb(255,127,0)"
436,2024-02-21 12:48:13.382406,can_tapper14,2024-02-21 12:48:11.278847,-2.103559,Glow plugs preheating,Engine Heater Glow Plugs Status,Engine Heater Glow Plugs,"rgb(255,127,0)"
436,2024-02-21 12:48:13.382406,can_tapper14,2024-02-21 12:48:14.779000,1.396594,Engine running command,Engine Status,status,"rgb(255,127,0)"
437,2024-02-21 13:17:36.290851,can_tapper14,2024-02-21 13:17:36.290851,0.0,Engine starting command,Engine Status,status,"rgb(255,255,51)"
437,2024-02-21 13:17:36.290851,can_tapper14,2024-02-21 13:17:33.984169,-2.306682,Glow plugs preheating,Engine Heater Glow Plugs Status,Engine Heater Glow Plugs,"rgb(255,255,51)"
437,2024-02-21 13:17:36.290851,can_tapper14,2024-02-21 13:17:37.735783,1.444932,Engine running command,Engine Status,status,"rgb(255,255,51)"
438,2024-03-04 15:44:22.308452,can_tapper14,2024-03-04 15:44:22.308452,0.0,Engine starting command,Engine Status,status,"rgb(166,86,40)"
438,2024-03-04 15:44:22.308452,can_tapper14,2024-03-04 15:44:20.203304,-2.105148,Glow plugs preheating,Engine Heater Glow Plugs Status,Engine Heater Glow Plugs,"rgb(166,86,40)"
438,2024-03-04 15:44:22.308452,can_tapper14,2024-03-04 15:44:23.913868,1.605416,Engine running command,Engine Status,status,"rgb(166,86,40)"
439,2024-03-04 15:44:22.308452,can_tapper14,2024-03-04 15:44:22.308452,0.0,Engine starting command,Engine Status,status,"rgb(247,129,191)"
439,2024-03-04 15:44:22.308452,can_tapper14,2024-03-04 15:44:20.203304,-2.105148,Glow plugs preheating,Engine Heater Glow Plugs Status,Engine Heater Glow Plugs,"rgb(247,129,191)"
439,2024-03-04 15:44:22.308452,can_tapper14,2024-03-04 15:44:23.913868,1.605416,Engine running command,Engine Status,status,"rgb(247,129,191)"
440,2024-03-05 13:44:36.858876,can_tapper14,2024-03-05 13:44:36.858876,0.0,Engine starting command,Engine Status,status,"rgb(153,153,153)"
440,2024-03-05 13:44:36.858876,can_tapper14,2024-03-05 13:44:34.550364,-2.308512,Glow plugs preheating,Engine Heater Glow Plugs Status,Engine Heater Glow Plugs,"rgb(153,153,153)"
440,2024-03-05 13:44:36.858876,can_tapper14,2024-03-05 13:44:38.234019,1.375143,Engine running command,Engine Status,status,"rgb(153,153,153)"
441,2024-03-05 14:56:50.004673,can_tapper14,2024-03-05 14:56:50.004673,0.0,Engine starting command,Engine Status,status,"rgb(228,26,28)"
441,2024-03-05 14:56:50.004673,can_tapper14,2024-03-05 14:56:47.898306,-2.106367,Glow plugs preheating,Engine Heater Glow Plugs Status,Engine Heater Glow Plugs,"rgb(228,26,28)"
441,2024-03-05 14:56:50.004673,can_tapper14,2024-03-05 14:56:51.478081,1.473408,Engine running command,Engine Status,status,"rgb(228,26,28)"
442,2024-03-11 09:37:42.643673,can_tapper14,2024-03-11 09:37:42.643673,0.0,Engine starting command,Engine Status,status,"rgb(55,126,184)"
442,2024-03-11 09:37:42.643673,can_tapper14,2024-03-11 09:37:40.338150,-2.305523,Glow plugs preheating,Engine Heater Glow Plugs Status,Engine Heater Glow Plugs,"rgb(55,126,184)"
442,2024-03-11 09:37:42.643673,can_tapper14,2024-03-11 09:37:44.195282,1.551609,Engine running command,Engine Status,status,"rgb(55,126,184)"
443,2024-03-11 09:52:44.485345,can_tapper14,2024-03-11 09:52:44.485345,0.0,Engine starting command,Engine Status,status,"rgb(77,175,74)"
443,2024-03-11 09:52:44.485345,can_tapper14,2024-03-11 09:52:42.380655,-2.10469,Glow plugs preheating,Engine Heater Glow Plugs Status,Engine Heater Glow Plugs,"rgb(77,175,74)"
443,2024-03-11 09:52:44.485345,can_tapper14,2024-03-11 09:52:45.991178,1.505833,Engine running command,Engine Status,status,"rgb(77,175,74)"
444,2024-03-11 10:35:44.130803,can_tapper14,2024-03-11 10:35:44.130803,0.0,Engine starting command,Engine Status,status,"rgb(152,78,163)"
444,2024-03-11 10:35:44.130803,can_tapper14,2024-03-11 10:35:42.027241,-2.103562,Glow plugs preheating,Engine Heater Glow Plugs Status,Engine Heater Glow Plugs,"rgb(152,78,163)"
444,2024-03-11 10:35:44.130803,can_tapper14,2024-03-11 10:35:45.610315,1.479512,Engine running command,Engine Status,status,"rgb(152,78,163)"
445,2024-03-22 07:27:51.546266,can_tapper14,2024-03-22 07:27:51.546266,0.0,Engine starting command,Engine Status,status,"rgb(255,127,0)"
445,2024-03-22 07:27:51.546266,can_tapper14,2024-03-22 07:27:49.338217,-2.208049,Glow plugs preheating,Engine Heater Glow Plugs Status,Engine Heater Glow Plugs,"rgb(255,127,0)"
445,2024-03-22 07:27:51.546266,can_tapper14,2024-03-22 07:27:53.173829,1.627563,Engine running command,Engine Status,status,"rgb(255,127,0)"
446,2024-03-22 07:46:32.959329,can_tapper14,2024-03-22 07:46:32.959329,0.0,Engine starting command,Engine Status,status,"rgb(255,255,51)"
446,2024-03-22 07:46:32.959329,can_tapper14,2024-03-22 07:46:30.651588,-2.307741,Glow plugs preheating,Engine Heater Glow Plugs Status,Engine Heater Glow Plugs,"rgb(255,255,51)"
446,2024-03-22 07:46:32.959329,can_tapper14,2024-03-22 07:46:34.620137,1.660808,Engine running command,Engine Status,status,"rgb(255,255,51)"
447,2024-03-22 10:10:00.935773,can_tapper14,2024-03-22 10:10:00.935773,0.0,Engine starting command,Engine Status,status,"rgb(166,86,40)"
447,2024-03-22 10:10:00.935773,can_tapper14,2024-03-22 10:09:58.730079,-2.205694,Glow plugs preheating,Engine Heater Glow Plugs Status,Engine Heater Glow Plugs,"rgb(166,86,40)"
447,2024-03-22 10:10:00.935773,can_tapper14,2024-03-22 10:10:02.459760,1.523987,Engine running command,Engine Status,status,"rgb(166,86,40)"
448,2024-03-22 12:31:16.379171,can_tapper14,2024-03-22 12:31:16.379171,0.0,Engine starting command,Engine Status,status,"rgb(247,129,191)"
448,2024-03-22 12:31:16.379171,can_tapper14,2024-03-22 12:31:14.271596,-2.107575,Glow plugs preheating,Engine Heater Glow Plugs Status,Engine Heater Glow Plugs,"rgb(247,129,191)"
448,2024-03-22 12:31:16.379171,can_tapper14,2024-03-22 12:31:17.738371,1.3592,Engine running command,Engine Status,status,"rgb(247,129,191)"
449,2024-03-25 08:12:05.256302,can_tapper14,2024-03-25 08:12:05.256302,0.0,Engine starting command,Engine Status,status,"rgb(153,153,153)"
449,2024-03-25 08:12:05.256302,can_tapper14,2024-03-25 08:12:05.464928,0.208626,Glow plugs preheating,Engine Heater Glow Plugs Status,Engine Heater Glow Plugs,"rgb(153,153,153)"
449,2024-03-25 08:12:05.256302,can_tapper14,2024-03-25 08:12:06.890122,1.63382,Engine running command,Engine Status,status,"rgb(153,153,153)"
450,2024-03-25 09:58:10.153558,can_tapper14,2024-03-25 09:58:10.153558,0.0,Engine starting command,Engine Status,status,"rgb(228,26,28)"
450,2024-03-25 09:58:10.153558,can_tapper14,2024-03-25 09:58:08.048144,-2.105414,Glow plugs preheating,Engine Heater Glow Plugs Status,Engine Heater Glow Plugs,"rgb(228,26,28)"
450,2024-03-25 09:58:10.153558,can_tapper14,2024-03-25 09:58:11.558230,1.404672,Engine running command,Engine Status,status,"rgb(228,26,28)"
451,2024-03-25 11:34:48.520506,can_tapper14,2024-03-25 11:34:48.520506,0.0,Engine starting command,Engine Status,status,"rgb(55,126,184)"
451,2024-03-25 11:34:48.520506,can_tapper14,2024-03-25 11:34:46.416831,-2.103675,Glow plugs preheating,Engine Heater Glow Plugs Status,Engine Heater Glow Plugs,"rgb(55,126,184)"
451,2024-03-25 11:34:48.520506,can_tapper14,2024-03-25 11:34:50.139152,1.618646,Engine running command,Engine Status,status,"rgb(55,126,184)"
452,2024-04-08 08:04:17.964385,can_tapper14,2024-04-08 08:04:17.964385,0.0,Engine starting command,Engine Status,status,"rgb(77,175,74)"
452,2024-04-08 08:04:17.964385,can_tapper14,2024-04-08 08:04:15.856366,-2.108019,Glow plugs preheating,Engine Heater Glow Plugs Status,Engine Heater Glow Plugs,"rgb(77,175,74)"
452,2024-04-08 08:04:17.964385,can_tapper14,2024-04-08 08:04:19.511380,1.546995,Engine running command,Engine Status,status,"rgb(77,175,74)"
453,2024-04-08 11:19:00.565946,can_tapper14,2024-04-08 11:19:00.565946,0.0,Engine starting command,Engine Status,status,"rgb(152,78,163)"
453,2024-04-08 11:19:00.565946,can_tapper14,2024-04-08 11:18:58.360896,-2.20505,Glow plugs preheating,Engine Heater Glow Plugs Status,Engine Heater Glow Plugs,"rgb(152,78,163)"
453,2024-04-08 11:19:00.565946,can_tapper14,2024-04-08 11:19:02.037196,1.47125,Engine running command,Engine Status,status,"rgb(152,78,163)"
454,2024-04-09 12:55:40.512866,can_tapper14,2024-04-09 12:55:40.512866,0.0,Engine starting command,Engine Status,status,"rgb(255,127,0)"
454,2024-04-09 12:55:40.512866,can_tapper14,2024-04-09 12:55:38.208359,-2.304507,Glow plugs preheating,Engine Heater Glow Plugs Status,Engine Heater Glow Plugs,"rgb(255,127,0)"
454,2024-04-09 12:55:40.512866,can_tapper14,2024-04-09 12:55:42.151111,1.638245,Engine running command,Engine Status,status,"rgb(255,127,0)"
455,2024-04-10 02:28:17.794296,can_tapper14,2024-04-10 02:28:17.794296,0.0,Engine starting command,Engine Status,status,"rgb(255,255,51)"
455,2024-04-10 02:28:17.794296,can_tapper14,2024-04-10 02:28:15.686738,-2.107558,Glow plugs preheating,Engine Heater Glow Plugs Status,Engine Heater Glow Plugs,"rgb(255,255,51)"
455,2024-04-10 02:28:17.794296,can_tapper14,2024-04-10 02:28:19.280697,1.486401,Engine running command,Engine Status,status,"rgb(255,255,51)"
456,2024-04-10 07:03:37.328032,can_tapper14,2024-04-10 07:03:37.328032,0.0,Engine starting command,Engine Status,status,"rgb(166,86,40)"
456,2024-04-10 07:03:37.328032,can_tapper14,2024-04-10 07:03:37.653957,0.325925,Glow plugs preheating,Engine Heater Glow Plugs Status,Engine Heater Glow Plugs,"rgb(166,86,40)"
456,2024-04-10 07:03:37.328032,can_tapper14,2024-04-10 07:03:39.043508,1.715476,Engine running command,Engine Status,status,"rgb(166,86,40)"
457,2024-04-10 09:41:12.302601,can_tapper14,2024-04-10 09:41:12.302601,0.0,Engine starting command,Engine Status,status,"rgb(247,129,191)"
457,2024-04-10 09:41:12.302601,can_tapper14,2024-04-10 09:41:09.997652,-2.304949,Glow plugs preheating,Engine Heater Glow Plugs Status,Engine Heater Glow Plugs,"rgb(247,129,191)"
457,2024-04-10 09:41:12.302601,can_tapper14,2024-04-10 09:41:13.617646,1.315045,Engine running command,Engine Status,status,"rgb(247,129,191)"
458,2024-04-10 12:51:16.377730,can_tapper14,2024-04-10 12:51:16.377730,0.0,Engine starting command,Engine Status,status,"rgb(153,153,153)"
458,2024-04-10 12:51:16.377730,can_tapper14,2024-04-10 12:51:14.272412,-2.105318,Glow plugs preheating,Engine Heater Glow Plugs Status,Engine Heater Glow Plugs,"rgb(153,153,153)"
458,2024-04-10 12:51:16.377730,can_tapper14,2024-04-10 12:51:17.833427,1.455697,Engine running command,Engine Status,status,"rgb(153,153,153)"
459,2024-04-10 16:59:13.993654,can_tapper14,2024-04-10 16:59:13.993654,0.0,Engine starting command,Engine Status,status,"rgb(228,26,28)"
459,2024-04-10 16:59:13.993654,can_tapper14,2024-04-10 16:59:11.888621,-2.105033,Glow plugs preheating,Engine Heater Glow Plugs Status,Engine Heater Glow Plugs,"rgb(228,26,28)"
459,2024-04-10 16:59:13.993654,can_tapper14,2024-04-10 16:59:15.362259,1.368605,Engine running command,Engine Status,status,"rgb(228,26,28)"
460,2024-04-10 18:01:28.124150,can_tapper14,2024-04-10 18:01:28.124150,0.0,Engine starting command,Engine Status,status,"rgb(55,126,184)"
460,2024-04-10 18:01:28.124150,can_tapper14,2024-04-10 18:01:26.116382,-2.007768,Glow plugs preheating,Engine Heater Glow Plugs Status,Engine Heater Glow Plugs,"rgb(55,126,184)"
460,2024-04-10 18:01:28.124150,can_tapper14,2024-04-10 18:01:29.506701,1.382551,Engine running command,Engine Status,status,"rgb(55,126,184)"
461,2024-04-10 18:18:33.161352,can_tapper14,2024-04-10 18:18:33.161352,0.0,Engine starting command,Engine Status,status,"rgb(77,175,74)"
461,2024-04-10 18:18:33.161352,can_tapper14,2024-04-10 18:18:31.159016,-2.002336,Glow plugs preheating,Engine Heater Glow Plugs Status,Engine Heater Glow Plugs,"rgb(77,175,74)"
461,2024-04-10 18:18:33.161352,can_tapper14,2024-04-10 18:18:34.889525,1.728173,Engine running command,Engine Status,status,"rgb(77,175,74)"
462,2024-04-10 19:25:02.106124,can_tapper14,2024-04-10 19:25:02.106124,0.0,Engine starting command,Engine Status,status,"rgb(152,78,163)"
462,2024-04-10 19:25:02.106124,can_tapper14,2024-04-10 19:24:59.998314,-2.10781,Glow plugs preheating,Engine Heater Glow Plugs Status,Engine Heater Glow Plugs,"rgb(152,78,163)"
462,2024-04-10 19:25:02.106124,can_tapper14,2024-04-10 19:25:03.508888,1.402764,Engine running command,Engine Status,status,"rgb(152,78,163)"
463,2024-04-10 19:45:41.890627,can_tapper14,2024-04-10 19:45:41.890627,0.0,Engine starting command,Engine Status,status,"rgb(255,127,0)"
463,2024-04-10 19:45:41.890627,can_tapper14,2024-04-10 19:45:39.785207,-2.10542,Glow plugs preheating,Engine Heater Glow Plugs Status,Engine Heater Glow Plugs,"rgb(255,127,0)"
463,2024-04-10 19:45:41.890627,can_tapper14,2024-04-10 19:45:43.346627,1.456,Engine running command,Engine Status,status,"rgb(255,127,0)"
464,2024-04-10 19:49:56.149332,can_tapper14,2024-04-10 19:49:56.149332,0.0,Engine starting command,Engine Status,status,"rgb(255,255,51)"
464,2024-04-10 19:49:56.149332,can_tapper14,2024-04-10 19:49:53.845503,-2.303829,Glow plugs preheating,Engine Heater Glow Plugs Status,Engine Heater Glow Plugs,"rgb(255,255,51)"
464,2024-04-10 19:49:56.149332,can_tapper14,2024-04-10 19:49:57.663302,1.51397,Engine running command,Engine Status,status,"rgb(255,255,51)"
465,2024-04-10 19:55:44.206266,can_tapper14,2024-04-10 19:55:44.206266,0.0,Engine starting command,Engine Status,status,"rgb(166,86,40)"
465,2024-04-10 19:55:44.206266,can_tapper14,2024-04-10 19:55:42.199731,-2.006535,Glow plugs preheating,Engine Heater Glow Plugs Status,Engine Heater Glow Plugs,"rgb(166,86,40)"
465,2024-04-10 19:55:44.206266,can_tapper14,2024-04-10 19:55:45.751902,1.545636,Engine running command,Engine Status,status,"rgb(166,86,40)"
466,2024-04-10 20:27:41.330047,can_tapper14,2024-04-10 20:27:41.330047,0.0,Engine starting command,Engine Status,status,"rgb(247,129,191)"
466,2024-04-10 20:27:41.330047,can_tapper14,2024-04-10 20:27:39.026829,-2.303218,Glow plugs preheating,Engine Heater Glow Plugs Status,Engine Heater Glow Plugs,"rgb(247,129,191)"
466,2024-04-10 20:27:41.330047,can_tapper14,2024-04-10 20:27:43.004768,1.674721,Engine running command,Engine Status,status,"rgb(247,129,191)"
467,2024-04-10 23:36:39.542323,can_tapper14,2024-04-10 23:36:39.542323,0.0,Engine starting command,Engine Status,status,"rgb(153,153,153)"
467,2024-04-10 23:36:39.542323,can_tapper14,2024-04-10 23:36:37.437930,-2.104393,Glow plugs preheating,Engine Heater Glow Plugs Status,Engine Heater Glow Plugs,"rgb(153,153,153)"
467,2024-04-10 23:36:39.542323,can_tapper14,2024-04-10 23:36:41.144961,1.602638,Engine running command,Engine Status,status,"rgb(153,153,153)"
468,2024-04-11 11:49:18.952291,can_tapper14,2024-04-11 11:49:18.952291,0.0,Engine starting command,Engine Status,status,"rgb(228,26,28)"
468,2024-04-11 11:49:18.952291,can_tapper14,2024-04-11 11:49:20.538277,1.585986,Engine running command,Engine Status,status,"rgb(228,26,28)"
469,2024-04-11 12:31:32.718190,can_tapper14,2024-04-11 12:31:32.718190,0.0,Engine starting command,Engine Status,status,"rgb(55,126,184)"
469,2024-04-11 12:31:32.718190,can_tapper14,2024-04-11 12:31:30.612556,-2.105634,Glow plugs preheating,Engine Heater Glow Plugs Status,Engine Heater Glow Plugs,"rgb(55,126,184)"
469,2024-04-11 12:31:32.718190,can_tapper14,2024-04-11 12:31:34.263592,1.545402,Engine running command,Engine Status,status,"rgb(55,126,184)"
470,2024-04-11 16:20:53.686092,can_tapper14,2024-04-11 16:20:53.686092,0.0,Engine starting command,Engine Status,status,"rgb(77,175,74)"
470,2024-04-11 16:20:53.686092,can_tapper14,2024-04-11 16:20:54.059277,0.373185,Glow plugs preheating,Engine Heater Glow Plugs Status,Engine Heater Glow Plugs,"rgb(77,175,74)"
470,2024-04-11 16:20:53.686092,can_tapper14,2024-04-11 16:20:55.426014,1.739922,Engine running command,Engine Status,status,"rgb(77,175,74)"
471,2024-04-12 07:50:28.159113,can_tapper14,2024-04-12 07:50:28.159113,0.0,Engine starting command,Engine Status,status,"rgb(152,78,163)"
471,2024-04-12 07:50:28.159113,can_tapper14,2024-04-12 07:50:26.051839,-2.107274,Glow plugs preheating,Engine Heater Glow Plugs Status,Engine Heater Glow Plugs,"rgb(152,78,163)"
471,2024-04-12 07:50:28.159113,can_tapper14,2024-04-12 07:50:29.831057,1.671944,Engine running command,Engine Status,status,"rgb(152,78,163)"
472,2024-04-12 09:13:14.357976,can_tapper14,2024-04-12 09:13:14.357976,0.0,Engine starting command,Engine Status,status,"rgb(255,127,0)"
472,2024-04-12 09:13:14.357976,can_tapper14,2024-04-12 09:13:12.249676,-2.1083,Glow plugs preheating,Engine Heater Glow Plugs Status,Engine Heater Glow Plugs,"rgb(255,127,0)"
472,2024-04-12 09:13:14.357976,can_tapper14,2024-04-12 09:13:15.792616,1.43464,Engine running command,Engine Status,status,"rgb(255,127,0)"
473,2024-04-13 08:35:45.039806,can_tapper14,2024-04-13 08:35:45.039806,0.0,Engine starting command,Engine Status,status,"rgb(255,255,51)"
473,2024-04-13 08:35:45.039806,can_tapper14,2024-04-13 08:35:45.256443,0.216637,Glow plugs preheating,Engine Heater Glow Plugs Status,Engine Heater Glow Plugs,"rgb(255,255,51)"
473,2024-04-13 08:35:45.039806,can_tapper14,2024-04-13 08:35:46.534379,1.494573,Engine running command,Engine Status,status,"rgb(255,255,51)"
474,2024-04-13 11:04:24.104573,can_tapper14,2024-04-13 11:04:24.104573,0.0,Engine starting command,Engine Status,status,"rgb(166,86,40)"
474,2024-04-13 11:04:24.104573,can_tapper14,2024-04-13 11:04:21.899954,-2.204619,Glow plugs preheating,Engine Heater Glow Plugs Status,Engine Heater Glow Plugs,"rgb(166,86,40)"
474,2024-04-13 11:04:24.104573,can_tapper14,2024-04-13 11:04:25.577199,1.472626,Engine running command,Engine Status,status,"rgb(166,86,40)"
475,2024-04-13 12:12:41.307987,can_tapper14,2024-04-13 12:12:41.307987,0.0,Engine starting command,Engine Status,status,"rgb(247,129,191)"
475,2024-04-13 12:12:41.307987,can_tapper14,2024-04-13 12:12:39.196348,-2.111639,Glow plugs preheating,Engine Heater Glow Plugs Status,Engine Heater Glow Plugs,"rgb(247,129,191)"
475,2024-04-13 12:12:41.307987,can_tapper14,2024-04-13 12:12:42.692157,1.38417,Engine running command,Engine Status,status,"rgb(247,129,191)"
476,2024-04-13 16:30:50.678697,can_tapper14,2024-04-13 16:30:50.678697,0.0,Engine starting command,Engine Status,status,"rgb(153,153,153)"
476,2024-04-13 16:30:50.678697,can_tapper14,2024-04-13 16:30:48.371084,-2.307613,Glow plugs preheating,Engine Heater Glow Plugs Status,Engine Heater Glow Plugs,"rgb(153,153,153)"
476,2024-04-13 16:30:50.678697,can_tapper14,2024-04-13 16:30:52.217657,1.53896,Engine running command,Engine Status,status,"rgb(153,153,153)"
477,2024-04-14 08:35:53.829556,can_tapper14,2024-04-14 08:35:53.829556,0.0,Engine starting command,Engine Status,status,"rgb(228,26,28)"
477,2024-04-14 08:35:53.829556,can_tapper14,2024-04-14 08:35:54.148060,0.318504,Glow plugs preheating,Engine Heater Glow Plugs Status,Engine Heater Glow Plugs,"rgb(228,26,28)"
477,2024-04-14 08:35:53.829556,can_tapper14,2024-04-14 08:35:55.319172,1.489616,Engine running command,Engine Status,status,"rgb(228,26,28)"
478,2024-04-15 07:38:56.624158,can_tapper14,2024-04-15 07:38:56.624158,0.0,Engine starting command,Engine Status,status,"rgb(55,126,184)"
478,2024-04-15 07:38:56.624158,can_tapper14,2024-04-15 07:38:54.517626,-2.106532,Glow plugs preheating,Engine Heater Glow Plugs Status,Engine Heater Glow Plugs,"rgb(55,126,184)"
478,2024-04-15 07:38:56.624158,can_tapper14,2024-04-15 07:38:58.194821,1.570663,Engine running command,Engine Status,status,"rgb(55,126,184)"
479,2024-04-15 13:57:43.726986,can_tapper14,2024-04-15 13:57:43.726986,0.0,Engine starting command,Engine Status,status,"rgb(77,175,74)"
479,2024-04-15 13:57:43.726986,can_tapper14,2024-04-15 13:57:41.622452,-2.104534,Glow plugs preheating,Engine Heater Glow Plugs Status,Engine Heater Glow Plugs,"rgb(77,175,74)"
479,2024-04-15 13:57:43.726986,can_tapper14,2024-04-15 13:57:45.100395,1.373409,Engine running command,Engine Status,status,"rgb(77,175,74)"
480,2024-04-15 15:51:44.497739,can_tapper14,2024-04-15 15:51:44.497739,0.0,Engine starting command,Engine Status,status,"rgb(152,78,163)"
480,2024-04-15 15:51:44.497739,can_tapper14,2024-04-15 15:51:42.193128,-2.304611,Glow plugs preheating,Engine Heater Glow Plugs Status,Engine Heater Glow Plugs,"rgb(152,78,163)"
480,2024-04-15 15:51:44.497739,can_tapper14,2024-04-15 15:51:46.148753,1.651014,Engine running command,Engine Status,status,"rgb(152,78,163)"
481,2024-04-15 16:42:51.584699,can_tapper14,2024-04-15 16:42:51.584699,0.0,Engine starting command,Engine Status,status,"rgb(255,127,0)"
481,2024-04-15 16:42:51.584699,can_tapper14,2024-04-15 16:42:49.379285,-2.205414,Glow plugs preheating,Engine Heater Glow Plugs Status,Engine Heater Glow Plugs,"rgb(255,127,0)"
481,2024-04-15 16:42:51.584699,can_tapper14,2024-04-15 16:42:53.070293,1.485594,Engine running command,Engine Status,status,"rgb(255,127,0)"
482,2024-04-15 17:01:03.225137,can_tapper14,2024-04-15 17:01:03.225137,0.0,Engine starting command,Engine Status,status,"rgb(255,255,51)"
482,2024-04-15 17:01:03.225137,can_tapper14,2024-04-15 17:01:00.923354,-2.301783,Glow plugs preheating,Engine Heater Glow Plugs Status,Engine Heater Glow Plugs,"rgb(255,255,51)"
482,2024-04-15 17:01:03.225137,can_tapper14,2024-04-15 17:01:04.748656,1.523519,Engine running command,Engine Status,status,"rgb(255,255,51)"
483,2024-04-15 17:29:26.499722,can_tapper14,2024-04-15 17:29:26.499722,0.0,Engine starting command,Engine Status,status,"rgb(166,86,40)"
483,2024-04-15 17:29:26.499722,can_tapper14,2024-04-15 17:29:28.027016,1.527294,Engine running command,Engine Status,status,"rgb(166,86,40)"
484,2024-04-15 19:23:13.754790,can_tapper14,2024-04-15 19:23:13.754790,0.0,Engine starting command,Engine Status,status,"rgb(247,129,191)"
484,2024-04-15 19:23:13.754790,can_tapper14,2024-04-15 19:23:11.650521,-2.104269,Glow plugs preheating,Engine Heater Glow Plugs Status,Engine Heater Glow Plugs,"rgb(247,129,191)"
484,2024-04-15 19:23:13.754790,can_tapper14,2024-04-15 19:23:15.561969,1.807179,Engine running command,Engine Status,status,"rgb(247,129,191)"
485,2024-04-15 21:07:10.617884,can_tapper14,2024-04-15 21:07:10.617884,0.0,Engine starting command,Engine Status,status,"rgb(153,153,153)"
485,2024-04-15 21:07:10.617884,can_tapper14,2024-04-15 21:07:08.314253,-2.303631,Glow plugs preheating,Engine Heater Glow Plugs Status,Engine Heater Glow Plugs,"rgb(153,153,153)"
485,2024-04-15 21:07:10.617884,can_tapper14,2024-04-15 21:07:12.279783,1.661899,Engine running command,Engine Status,status,"rgb(153,153,153)"
486,2024-04-15 23:43:07.012956,can_tapper14,2024-04-15 23:43:07.012956,0.0,Engine starting command,Engine Status,status,"rgb(228,26,28)"
486,2024-04-15 23:43:07.012956,can_tapper14,2024-04-15 23:43:05.000488,-2.012468,Glow plugs preheating,Engine Heater Glow Plugs Status,Engine Heater Glow Plugs,"rgb(228,26,28)"
486,2024-04-15 23:43:07.012956,can_tapper14,2024-04-15 23:43:08.399156,1.3862,Engine running command,Engine Status,status,"rgb(228,26,28)"
487,2024-04-16 00:22:25.897947,can_tapper14,2024-04-16 00:22:25.897947,0.0,Engine starting command,Engine Status,status,"rgb(55,126,184)"
487,2024-04-16 00:22:25.897947,can_tapper14,2024-04-16 00:22:23.796693,-2.101254,Glow plugs preheating,Engine Heater Glow Plugs Status,Engine Heater Glow Plugs,"rgb(55,126,184)"
487,2024-04-16 00:22:25.897947,can_tapper14,2024-04-16 00:22:27.323597,1.42565,Engine running command,Engine Status,status,"rgb(55,126,184)"
488,2024-04-16 00:25:41.582490,can_tapper14,2024-04-16 00:25:41.582490,0.0,Engine starting command,Engine Status,status,"rgb(77,175,74)"
488,2024-04-16 00:25:41.582490,can_tapper14,2024-04-16 00:25:41.977610,0.39512,Glow plugs preheating,Engine Heater Glow Plugs Status,Engine Heater Glow Plugs,"rgb(77,175,74)"
488,2024-04-16 00:25:41.582490,can_tapper14,2024-04-16 00:25:43.280985,1.698495,Engine running command,Engine Status,status,"rgb(77,175,74)"
489,2024-04-16 00:29:34.141490,can_tapper14,2024-04-16 00:29:34.141490,0.0,Engine starting command,Engine Status,status,"rgb(152,78,163)"
489,2024-04-16 00:29:34.141490,can_tapper14,2024-04-16 00:29:32.037490,-2.104,Glow plugs preheating,Engine Heater Glow Plugs Status,Engine Heater Glow Plugs,"rgb(152,78,163)"
489,2024-04-16 00:29:34.141490,can_tapper14,2024-04-16 00:29:35.671214,1.529724,Engine running command,Engine Status,status,"rgb(152,78,163)"
490,2024-04-16 00:33:25.827088,can_tapper14,2024-04-16 00:33:25.827088,0.0,Engine starting command,Engine Status,status,"rgb(255,127,0)"
490,2024-04-16 00:33:25.827088,can_tapper14,2024-04-16 00:33:23.623084,-2.204004,Glow plugs preheating,Engine Heater Glow Plugs Status,Engine Heater Glow Plugs,"rgb(255,127,0)"
490,2024-04-16 00:33:25.827088,can_tapper14,2024-04-16 00:33:27.236646,1.409558,Engine running command,Engine Status,status,"rgb(255,127,0)"
491,2024-04-16 01:54:45.819821,can_tapper14,2024-04-16 01:54:45.819821,0.0,Engine starting command,Engine Status,status,"rgb(255,255,51)"
491,2024-04-16 01:54:45.819821,can_tapper14,2024-04-16 01:54:46.108894,0.289073,Glow plugs preheating,Engine Heater Glow Plugs Status,Engine Heater Glow Plugs,"rgb(255,255,51)"
491,2024-04-16 01:54:45.819821,can_tapper14,2024-04-16 01:54:47.275765,1.455944,Engine running command,Engine Status,status,"rgb(255,255,51)"
492,2024-04-16 02:00:57.267158,can_tapper14,2024-04-16 02:00:57.267158,0.0,Engine starting command,Engine Status,status,"rgb(166,86,40)"
492,2024-04-16 02:00:57.267158,can_tapper14,2024-04-16 02:00:57.492682,0.225524,Glow plugs preheating,Engine Heater Glow Plugs Status,Engine Heater Glow Plugs,"rgb(166,86,40)"
492,2024-04-16 02:00:57.267158,can_tapper14,2024-04-16 02:00:58.749885,1.482727,Engine running command,Engine Status,status,"rgb(166,86,40)"
492,2024-04-16 02:00:57.267158,can_tapper14,2024-04-16 02:02:35.022252,97.755094,Glow plugs preheating,Engine Heater Glow Plugs Status,Engine Heater Glow Plugs,"rgb(166,86,40)"
492,2024-04-16 02:00:57.267158,can_tapper14,2024-04-16 02:02:36.180344,98.913186,Engine running command,Engine Status,status,"rgb(166,86,40)"
493,2024-04-16 02:02:34.705008,can_tapper14,2024-04-16 02:02:34.705008,0.0,Engine starting command,Engine Status,status,"rgb(247,129,191)"
493,2024-04-16 02:02:34.705008,can_tapper14,2024-04-16 02:02:35.022252,0.317244,Glow plugs preheating,Engine Heater Glow Plugs Status,Engine Heater Glow Plugs,"rgb(247,129,191)"
493,2024-04-16 02:02:34.705008,can_tapper14,2024-04-16 02:02:36.180344,1.475336,Engine running command,Engine Status,status,"rgb(247,129,191)"
494,2024-04-16 03:24:29.157711,can_tapper14,2024-04-16 03:24:29.157711,0.0,Engine starting command,Engine Status,status,"rgb(153,153,153)"
494,2024-04-16 03:24:29.157711,can_tapper14,2024-04-16 03:24:27.153938,-2.003773,Glow plugs preheating,Engine Heater Glow Plugs Status,Engine Heater Glow Plugs,"rgb(153,153,153)"
494,2024-04-16 03:24:29.157711,can_tapper14,2024-04-16 03:24:30.728629,1.570918,Engine running command,Engine Status,status,"rgb(153,153,153)"
495,2024-04-16 06:48:45.137890,can_tapper14,2024-04-16 06:48:45.137890,0.0,Engine starting command,Engine Status,status,"rgb(228,26,28)"
495,2024-04-16 06:48:45.137890,can_tapper14,2024-04-16 06:48:42.829640,-2.30825,Glow plugs preheating,Engine Heater Glow Plugs Status,Engine Heater Glow Plugs,"rgb(228,26,28)"
495,2024-04-16 06:48:45.137890,can_tapper14,2024-04-16 06:48:46.662888,1.524998,Engine running command,Engine Status,status,"rgb(228,26,28)"
496,2024-04-16 08:17:14.271469,can_tapper14,2024-04-16 08:17:14.271469,0.0,Engine starting command,Engine Status,status,"rgb(55,126,184)"
496,2024-04-16 08:17:14.271469,can_tapper14,2024-04-16 08:17:11.967061,-2.304408,Glow plugs preheating,Engine Heater Glow Plugs Status,Engine Heater Glow Plugs,"rgb(55,126,184)"
496,2024-04-16 08:17:14.271469,can_tapper14,2024-04-16 08:17:15.737239,1.46577,Engine running command,Engine Status,status,"rgb(55,126,184)"
497,2024-04-16 11:28:20.952037,can_tapper14,2024-04-16 11:28:20.952037,0.0,Engine starting command,Engine Status,status,"rgb(77,175,74)"
497,2024-04-16 11:28:20.952037,can_tapper14,2024-04-16 11:28:18.643411,-2.308626,Glow plugs preheating,Engine Heater Glow Plugs Status,Engine Heater Glow Plugs,"rgb(77,175,74)"
497,2024-04-16 11:28:20.952037,can_tapper14,2024-04-16 11:28:22.459989,1.507952,Engine running command,Engine Status,status,"rgb(77,175,74)"
498,2024-04-16 14:08:59.402900,can_tapper14,2024-04-16 14:08:59.402900,0.0,Engine starting command,Engine Status,status,"rgb(152,78,163)"
498,2024-04-16 14:08:59.402900,can_tapper14,2024-04-16 14:08:57.196374,-2.206526,Glow plugs preheating,Engine Heater Glow Plugs Status,Engine Heater Glow Plugs,"rgb(152,78,163)"
498,2024-04-16 14:08:59.402900,can_tapper14,2024-04-16 14:09:00.955494,1.552594,Engine running command,Engine Status,status,"rgb(152,78,163)"
499,2024-04-16 18:14:24.575001,can_tapper14,2024-04-16 18:14:24.575001,0.0,Engine starting command,Engine Status,status,"rgb(255,127,0)"
499,2024-04-16 18:14:24.575001,can_tapper14,2024-04-16 18:14:22.465369,-2.109632,Glow plugs preheating,Engine Heater Glow Plugs Status,Engine Heater Glow Plugs,"rgb(255,127,0)"
499,2024-04-16 18:14:24.575001,can_tapper14,2024-04-16 18:14:26.269744,1.694743,Engine running command,Engine Status,status,"rgb(255,127,0)"
500,2024-04-16 21:44:42.639266,can_tapper14,2024-04-16 21:44:42.639266,0.0,Engine starting command,Engine Status,status,"rgb(255,255,51)"
500,2024-04-16 21:44:42.639266,can_tapper14,2024-04-16 21:44:42.998421,0.359155,Glow plugs preheating,Engine Heater Glow Plugs Status,Engine Heater Glow Plugs,"rgb(255,255,51)"
500,2024-04-16 21:44:42.639266,can_tapper14,2024-04-16 21:44:44.279777,1.640511,Engine running command,Engine Status,status,"rgb(255,255,51)"
501,2024-04-16 23:44:03.123368,can_tapper14,2024-04-16 23:44:03.123368,0.0,Engine starting command,Engine Status,status,"rgb(166,86,40)"
501,2024-04-16 23:44:03.123368,can_tapper14,2024-04-16 23:43:58.919694,-4.203674,Glow plugs preheating,Engine Heater Glow Plugs Status,Engine Heater Glow Plugs,"rgb(166,86,40)"
501,2024-04-16 23:44:03.123368,can_tapper14,2024-04-16 23:44:01.019336,-2.104032,Glow plugs preheating,Engine Heater Glow Plugs Status,Engine Heater Glow Plugs,"rgb(166,86,40)"
501,2024-04-16 23:44:03.123368,can_tapper14,2024-04-16 23:44:04.651268,1.5279,Engine running command,Engine Status,status,"rgb(166,86,40)"
502,2024-04-17 07:22:28.884557,can_tapper14,2024-04-17 07:22:28.884557,0.0,Engine starting command,Engine Status,status,"rgb(247,129,191)"
502,2024-04-17 07:22:28.884557,can_tapper14,2024-04-17 07:22:29.089930,0.205373,Glow plugs preheating,Engine Heater Glow Plugs Status,Engine Heater Glow Plugs,"rgb(247,129,191)"
502,2024-04-17 07:22:28.884557,can_tapper14,2024-04-17 07:22:30.489840,1.605283,Engine running command,Engine Status,status,"rgb(247,129,191)"
503,2024-04-17 10:05:29.772813,can_tapper14,2024-04-17 10:05:29.772813,0.0,Engine starting command,Engine Status,status,"rgb(153,153,153)"
503,2024-04-17 10:05:29.772813,can_tapper14,2024-04-17 10:05:27.666793,-2.10602,Glow plugs preheating,Engine Heater Glow Plugs Status,Engine Heater Glow Plugs,"rgb(153,153,153)"
503,2024-04-17 10:05:29.772813,can_tapper14,2024-04-17 10:05:31.047269,1.274456,Engine running command,Engine Status,status,"rgb(153,153,153)"
504,2024-04-17 11:42:55.787490,can_tapper14,2024-04-17 11:42:55.787490,0.0,Engine starting command,Engine Status,status,"rgb(228,26,28)"
504,2024-04-17 11:42:55.787490,can_tapper14,2024-04-17 11:42:53.683268,-2.104222,Glow plugs preheating,Engine Heater Glow Plugs Status,Engine Heater Glow Plugs,"rgb(228,26,28)"
504,2024-04-17 11:42:55.787490,can_tapper14,2024-04-17 11:42:57.575919,1.788429,Engine running command,Engine Status,status,"rgb(228,26,28)"
505,2024-04-17 13:58:52.384735,can_tapper14,2024-04-17 13:58:52.384735,0.0,Engine starting command,Engine Status,status,"rgb(55,126,184)"
505,2024-04-17 13:58:52.384735,can_tapper14,2024-04-17 13:58:50.280761,-2.103974,Glow plugs preheating,Engine Heater Glow Plugs Status,Engine Heater Glow Plugs,"rgb(55,126,184)"
505,2024-04-17 13:58:52.384735,can_tapper14,2024-04-17 13:58:53.745986,1.361251,Engine running command,Engine Status,status,"rgb(55,126,184)"
506,2024-04-17 17:37:21.006128,can_tapper14,2024-04-17 17:37:21.006128,0.0,Engine starting command,Engine Status,status,"rgb(77,175,74)"
506,2024-04-17 17:37:21.006128,can_tapper14,2024-04-17 17:37:21.411485,0.405357,Glow plugs preheating,Engine Heater Glow Plugs Status,Engine Heater Glow Plugs,"rgb(77,175,74)"
506,2024-04-17 17:37:21.006128,can_tapper14,2024-04-17 17:37:22.442017,1.435889,Engine running command,Engine Status,status,"rgb(77,175,74)"
507,2024-04-17 19:33:22.455583,can_tapper14,2024-04-17 19:33:22.455583,0.0,Engine starting command,Engine Status,status,"rgb(152,78,163)"
507,2024-04-17 19:33:22.455583,can_tapper14,2024-04-17 19:33:20.251459,-2.204124,Glow plugs preheating,Engine Heater Glow Plugs Status,Engine Heater Glow Plugs,"rgb(152,78,163)"
507,2024-04-17 19:33:22.455583,can_tapper14,2024-04-17 19:33:24.023060,1.567477,Engine running command,Engine Status,status,"rgb(152,78,163)"
508,2024-04-18 06:30:34.332213,can_tapper14,2024-04-18 06:30:34.332213,0.0,Engine starting command,Engine Status,status,"rgb(255,127,0)"
508,2024-04-18 06:30:34.332213,can_tapper14,2024-04-18 06:30:32.028321,-2.303892,Glow plugs preheating,Engine Heater Glow Plugs Status,Engine Heater Glow Plugs,"rgb(255,127,0)"
508,2024-04-18 06:30:34.332213,can_tapper14,2024-04-18 06:30:35.726879,1.394666,Engine running command,Engine Status,status,"rgb(255,127,0)"
509,2024-04-18 10:01:23.975417,can_tapper14,2024-04-18 10:01:23.975417,0.0,Engine starting command,Engine Status,status,"rgb(255,255,51)"
509,2024-04-18 10:01:23.975417,can_tapper14,2024-04-18 10:01:24.298553,0.323136,Glow plugs preheating,Engine Heater Glow Plugs Status,Engine Heater Glow Plugs,"rgb(255,255,51)"
509,2024-04-18 10:01:23.975417,can_tapper14,2024-04-18 10:01:25.220767,1.24535,Engine running command,Engine Status,status,"rgb(255,255,51)"
510,2024-04-18 12:01:16.766429,can_tapper14,2024-04-18 12:01:16.766429,0.0,Engine starting command,Engine Status,status,"rgb(166,86,40)"
510,2024-04-18 12:01:16.766429,can_tapper14,2024-04-18 12:01:14.561575,-2.204854,Glow plugs preheating,Engine Heater Glow Plugs Status,Engine Heater Glow Plugs,"rgb(166,86,40)"
510,2024-04-18 12:01:16.766429,can_tapper14,2024-04-18 12:01:18.506208,1.739779,Engine running command,Engine Status,status,"rgb(166,86,40)"
511,2024-04-18 15:01:22.278212,can_tapper14,2024-04-18 15:01:22.278212,0.0,Engine starting command,Engine Status,status,"rgb(247,129,191)"
511,2024-04-18 15:01:22.278212,can_tapper14,2024-04-18 15:01:20.073103,-2.205109,Glow plugs preheating,Engine Heater Glow Plugs Status,Engine Heater Glow Plugs,"rgb(247,129,191)"
511,2024-04-18 15:01:22.278212,can_tapper14,2024-04-18 15:01:23.852309,1.574097,Engine running command,Engine Status,status,"rgb(247,129,191)"
512,2024-04-19 05:51:37.431150,can_tapper14,2024-04-19 05:51:37.431150,0.0,Engine starting command,Engine Status,status,"rgb(153,153,153)"
512,2024-04-19 05:51:37.431150,can_tapper14,2024-04-19 05:51:35.126852,-2.304298,Glow plugs preheating,Engine Heater Glow Plugs Status,Engine Heater Glow Plugs,"rgb(153,153,153)"
512,2024-04-19 05:51:37.431150,can_tapper14,2024-04-19 05:51:38.716705,1.285555,Engine running command,Engine Status,status,"rgb(153,153,153)"
513,2024-04-19 06:09:51.353546,can_tapper14,2024-04-19 06:09:51.353546,0.0,Engine starting command,Engine Status,status,"rgb(228,26,28)"
513,2024-04-19 06:09:51.353546,can_tapper14,2024-04-19 06:09:49.243514,-2.110032,Glow plugs preheating,Engine Heater Glow Plugs Status,Engine Heater Glow Plugs,"rgb(228,26,28)"
513,2024-04-19 06:09:51.353546,can_tapper14,2024-04-19 06:09:52.651350,1.297804,Engine running command,Engine Status,status,"rgb(228,26,28)"
514,2024-04-19 06:22:27.638093,can_tapper14,2024-04-19 06:22:27.638093,0.0,Engine starting command,Engine Status,status,"rgb(55,126,184)"
514,2024-04-19 06:22:27.638093,can_tapper14,2024-04-19 06:22:25.434268,-2.203825,Glow plugs preheating,Engine Heater Glow Plugs Status,Engine Heater Glow Plugs,"rgb(55,126,184)"
514,2024-04-19 06:22:27.638093,can_tapper14,2024-04-19 06:22:29.468085,1.829992,Engine running command,Engine Status,status,"rgb(55,126,184)"
515,2024-04-19 08:33:22.098645,can_tapper14,2024-04-19 08:33:22.098645,0.0,Engine starting command,Engine Status,status,"rgb(77,175,74)"
515,2024-04-19 08:33:22.098645,can_tapper14,2024-04-19 08:33:22.423498,0.324853,Glow plugs preheating,Engine Heater Glow Plugs Status,Engine Heater Glow Plugs,"rgb(77,175,74)"
515,2024-04-19 08:33:22.098645,can_tapper14,2024-04-19 08:33:23.798695,1.70005,Engine running command,Engine Status,status,"rgb(77,175,74)"
516,2024-04-19 13:28:09.212553,can_tapper14,2024-04-19 13:28:09.212553,0.0,Engine starting command,Engine Status,status,"rgb(152,78,163)"
516,2024-04-19 13:28:09.212553,can_tapper14,2024-04-19 13:28:00.703849,-8.508704,Glow plugs preheating,Engine Heater Glow Plugs Status,Engine Heater Glow Plugs,"rgb(152,78,163)"
516,2024-04-19 13:28:09.212553,can_tapper14,2024-04-19 13:28:07.007321,-2.205232,Glow plugs preheating,Engine Heater Glow Plugs Status,Engine Heater Glow Plugs,"rgb(152,78,163)"
516,2024-04-19 13:28:09.212553,can_tapper14,2024-04-19 13:28:10.728903,1.51635,Engine running command,Engine Status,status,"rgb(152,78,163)"
516,2024-04-19 13:28:09.212553,can_tapper14,2024-04-19 13:29:07.948003,58.73545,Glow plugs preheating,Engine Heater Glow Plugs Status,Engine Heater Glow Plugs,"rgb(152,78,163)"
516,2024-04-19 13:28:09.212553,can_tapper14,2024-04-19 13:29:11.742327,62.529774,Engine running command,Engine Status,status,"rgb(152,78,163)"
517,2024-04-19 13:29:10.258148,can_tapper14,2024-04-19 13:29:10.258148,0.0,Engine starting command,Engine Status,status,"rgb(255,127,0)"
517,2024-04-19 13:29:10.258148,can_tapper14,2024-04-19 13:28:10.728903,-59.529245,Engine running command,Engine Status,status,"rgb(255,127,0)"
517,2024-04-19 13:29:10.258148,can_tapper14,2024-04-19 13:29:07.948003,-2.310145,Glow plugs preheating,Engine Heater Glow Plugs Status,Engine Heater Glow Plugs,"rgb(255,127,0)"
517,2024-04-19 13:29:10.258148,can_tapper14,2024-04-19 13:29:11.742327,1.484179,Engine running command,Engine Status,status,"rgb(255,127,0)"
517,2024-04-19 13:29:10.258148,can_tapper14,2024-04-19 13:30:51.335922,101.077774,Glow plugs preheating,Engine Heater Glow Plugs Status,Engine Heater Glow Plugs,"rgb(255,127,0)"
517,2024-04-19 13:29:10.258148,can_tapper14,2024-04-19 13:30:54.886046,104.627898,Engine running command,Engine Status,status,"rgb(255,127,0)"
518,2024-04-19 13:30:53.440909,can_tapper14,2024-04-19 13:30:53.440909,0.0,Engine starting command,Engine Status,status,"rgb(255,255,51)"
518,2024-04-19 13:30:53.440909,can_tapper14,2024-04-19 13:30:51.335922,-2.104987,Glow plugs preheating,Engine Heater Glow Plugs Status,Engine Heater Glow Plugs,"rgb(255,255,51)"
518,2024-04-19 13:30:53.440909,can_tapper14,2024-04-19 13:30:54.886046,1.445137,Engine running command,Engine Status,status,"rgb(255,255,51)"
519,2024-04-19 16:18:00.591514,can_tapper14,2024-04-19 16:18:00.591514,0.0,Engine starting command,Engine Status,status,"rgb(166,86,40)"
519,2024-04-19 16:18:00.591514,can_tapper14,2024-04-19 16:18:00.988014,0.3965,Glow plugs preheating,Engine Heater Glow Plugs Status,Engine Heater Glow Plugs,"rgb(166,86,40)"
519,2024-04-19 16:18:00.591514,can_tapper14,2024-04-19 16:18:02.157707,1.566193,Engine running command,Engine Status,status,"rgb(166,86,40)"
520,2024-04-21 05:55:09.698046,can_tapper14,2024-04-21 05:55:09.698046,0.0,Engine starting command,Engine Status,status,"rgb(247,129,191)"
520,2024-04-21 05:55:09.698046,can_tapper14,2024-04-21 05:55:07.589798,-2.108248,Glow plugs preheating,Engine Heater Glow Plugs Status,Engine Heater Glow Plugs,"rgb(247,129,191)"
520,2024-04-21 05:55:09.698046,can_tapper14,2024-04-21 05:55:10.957597,1.259551,Engine running command,Engine Status,status,"rgb(247,129,191)"
521,2024-04-21 11:53:12.197764,can_tapper14,2024-04-21 11:53:12.197764,0.0,Engine starting command,Engine Status,status,"rgb(153,153,153)"
521,2024-04-21 11:53:12.197764,can_tapper14,2024-04-21 11:53:09.891359,-2.306405,Glow plugs preheating,Engine Heater Glow Plugs Status,Engine Heater Glow Plugs,"rgb(153,153,153)"
521,2024-04-21 11:53:12.197764,can_tapper14,2024-04-21 11:53:13.579755,1.381991,Engine running command,Engine Status,status,"rgb(153,153,153)"
522,2024-04-21 14:01:02.580512,can_tapper14,2024-04-21 14:01:02.580512,0.0,Engine starting command,Engine Status,status,"rgb(228,26,28)"
522,2024-04-21 14:01:02.580512,can_tapper14,2024-04-21 14:01:00.276536,-2.303976,Glow plugs preheating,Engine Heater Glow Plugs Status,Engine Heater Glow Plugs,"rgb(228,26,28)"
522,2024-04-21 14:01:02.580512,can_tapper14,2024-04-21 14:01:04.037509,1.456997,Engine running command,Engine Status,status,"rgb(228,26,28)"
523,2024-04-21 17:13:44.539317,can_tapper14,2024-04-21 17:13:44.539317,0.0,Engine starting command,Engine Status,status,"rgb(55,126,184)"
523,2024-04-21 17:13:44.539317,can_tapper14,2024-04-21 17:13:42.232712,-2.306605,Glow plugs preheating,Engine Heater Glow Plugs Status,Engine Heater Glow Plugs,"rgb(55,126,184)"
523,2024-04-21 17:13:44.539317,can_tapper14,2024-04-21 17:13:45.839863,1.300546,Engine running command,Engine Status,status,"rgb(55,126,184)"
524,2024-04-21 20:08:00.610721,can_tapper14,2024-04-21 20:08:00.610721,0.0,Engine starting command,Engine Status,status,"rgb(77,175,74)"
524,2024-04-21 20:08:00.610721,can_tapper14,2024-04-21 20:08:00.979195,0.368474,Glow plugs preheating,Engine Heater Glow Plugs Status,Engine Heater Glow Plugs,"rgb(77,175,74)"
524,2024-04-21 20:08:00.610721,can_tapper14,2024-04-21 20:08:02.110972,1.500251,Engine running command,Engine Status,status,"rgb(77,175,74)"
525,2024-04-21 22:45:26.010708,can_tapper14,2024-04-21 22:45:26.010708,0.0,Engine starting command,Engine Status,status,"rgb(152,78,163)"
525,2024-04-21 22:45:26.010708,can_tapper14,2024-04-21 22:45:24.002216,-2.008492,Glow plugs preheating,Engine Heater Glow Plugs Status,Engine Heater Glow Plugs,"rgb(152,78,163)"
525,2024-04-21 22:45:26.010708,can_tapper14,2024-04-21 22:45:27.373115,1.362407,Engine running command,Engine Status,status,"rgb(152,78,163)"
526,2024-04-22 06:22:31.523000,can_tapper14,2024-04-22 06:22:31.523000,0.0,Engine starting command,Engine Status,status,"rgb(255,127,0)"
526,2024-04-22 06:22:31.523000,can_tapper14,2024-04-22 06:22:29.417931,-2.105069,Glow plugs preheating,Engine Heater Glow Plugs Status,Engine Heater Glow Plugs,"rgb(255,127,0)"
526,2024-04-22 06:22:31.523000,can_tapper14,2024-04-22 06:22:33.060528,1.537528,Engine running command,Engine Status,status,"rgb(255,127,0)"
527,2024-04-22 09:35:49.893496,can_tapper14,2024-04-22 09:35:49.893496,0.0,Engine starting command,Engine Status,status,"rgb(255,255,51)"
527,2024-04-22 09:35:49.893496,can_tapper14,2024-04-22 09:35:50.161216,0.26772,Glow plugs preheating,Engine Heater Glow Plugs Status,Engine Heater Glow Plugs,"rgb(255,255,51)"
527,2024-04-22 09:35:49.893496,can_tapper14,2024-04-22 09:35:51.407461,1.513965,Engine running command,Engine Status,status,"rgb(255,255,51)"
528,2024-04-22 11:33:44.135780,can_tapper14,2024-04-22 11:33:44.135780,0.0,Engine starting command,Engine Status,status,"rgb(166,86,40)"
528,2024-04-22 11:33:44.135780,can_tapper14,2024-04-22 11:33:41.824217,-2.311563,Glow plugs preheating,Engine Heater Glow Plugs Status,Engine Heater Glow Plugs,"rgb(166,86,40)"
528,2024-04-22 11:33:44.135780,can_tapper14,2024-04-22 11:33:45.637329,1.501549,Engine running command,Engine Status,status,"rgb(166,86,40)"
529,2024-04-22 13:50:42.970136,can_tapper14,2024-04-22 13:50:42.970136,0.0,Engine starting command,Engine Status,status,"rgb(247,129,191)"
529,2024-04-22 13:50:42.970136,can_tapper14,2024-04-22 13:50:39.105863,-3.864273,Glow plugs preheating,Engine Heater Glow Plugs Status,Engine Heater Glow Plugs,"rgb(247,129,191)"
529,2024-04-22 13:50:42.970136,can_tapper14,2024-04-22 13:50:43.207656,0.23752,Glow plugs preheating,Engine Heater Glow Plugs Status,Engine Heater Glow Plugs,"rgb(247,129,191)"
529,2024-04-22 13:50:42.970136,can_tapper14,2024-04-22 13:50:44.823456,1.85332,Engine running command,Engine Status,status,"rgb(247,129,191)"
530,2024-04-22 15:58:49.982361,can_tapper14,2024-04-22 15:58:49.982361,0.0,Engine starting command,Engine Status,status,"rgb(153,153,153)"
530,2024-04-22 15:58:49.982361,can_tapper14,2024-04-22 15:58:50.280760,0.298399,Glow plugs preheating,Engine Heater Glow Plugs Status,Engine Heater Glow Plugs,"rgb(153,153,153)"
530,2024-04-22 15:58:49.982361,can_tapper14,2024-04-22 15:58:51.790684,1.808323,Engine running command,Engine Status,status,"rgb(153,153,153)"
531,2024-04-22 17:15:40.311416,can_tapper14,2024-04-22 17:15:40.311416,0.0,Engine starting command,Engine Status,status,"rgb(228,26,28)"
531,2024-04-22 17:15:40.311416,can_tapper14,2024-04-22 17:15:38.202800,-2.108616,Glow plugs preheating,Engine Heater Glow Plugs Status,Engine Heater Glow Plugs,"rgb(228,26,28)"
531,2024-04-22 17:15:40.311416,can_tapper14,2024-04-22 17:15:42.015558,1.704142,Engine running command,Engine Status,status,"rgb(228,26,28)"
532,2024-04-23 07:54:43.673976,can_tapper14,2024-04-23 07:54:43.673976,0.0,Engine starting command,Engine Status,status,"rgb(55,126,184)"
532,2024-04-23 07:54:43.673976,can_tapper14,2024-04-23 07:54:41.564982,-2.108994,Glow plugs preheating,Engine Heater Glow Plugs Status,Engine Heater Glow Plugs,"rgb(55,126,184)"
532,2024-04-23 07:54:43.673976,can_tapper14,2024-04-23 07:54:45.219828,1.545852,Engine running command,Engine Status,status,"rgb(55,126,184)"
533,2024-04-23 10:21:58.597405,can_tapper14,2024-04-23 10:21:58.597405,0.0,Engine starting command,Engine Status,status,"rgb(77,175,74)"
533,2024-04-23 10:21:58.597405,can_tapper14,2024-04-23 10:21:56.388824,-2.208581,Glow plugs preheating,Engine Heater Glow Plugs Status,Engine Heater Glow Plugs,"rgb(77,175,74)"
533,2024-04-23 10:21:58.597405,can_tapper14,2024-04-23 10:22:00.028523,1.431118,Engine running command,Engine Status,status,"rgb(77,175,74)"
534,2024-04-23 12:45:13.866392,can_tapper14,2024-04-23 12:45:13.866392,0.0,Engine starting command,Engine Status,status,"rgb(152,78,163)"
534,2024-04-23 12:45:13.866392,can_tapper14,2024-04-23 12:45:11.662317,-2.204075,Glow plugs preheating,Engine Heater Glow Plugs Status,Engine Heater Glow Plugs,"rgb(152,78,163)"
534,2024-04-23 12:45:13.866392,can_tapper14,2024-04-23 12:45:15.397791,1.531399,Engine running command,Engine Status,status,"rgb(152,78,163)"
535,2024-04-23 15:24:41.633960,can_tapper14,2024-04-23 15:24:41.633960,0.0,Engine starting command,Engine Status,status,"rgb(255,127,0)"
535,2024-04-23 15:24:41.633960,can_tapper14,2024-04-23 15:24:39.528740,-2.10522,Glow plugs preheating,Engine Heater Glow Plugs Status,Engine Heater Glow Plugs,"rgb(255,127,0)"
535,2024-04-23 15:24:41.633960,can_tapper14,2024-04-23 15:24:42.989279,1.355319,Engine running command,Engine Status,status,"rgb(255,127,0)"
536,2024-04-23 16:46:00.217997,can_tapper14,2024-04-23 16:46:00.217997,0.0,Engine starting command,Engine Status,status,"rgb(255,255,51)"
536,2024-04-23 16:46:00.217997,can_tapper14,2024-04-23 16:45:57.909246,-2.308751,Glow plugs preheating,Engine Heater Glow Plugs Status,Engine Heater Glow Plugs,"rgb(255,255,51)"
536,2024-04-23 16:46:00.217997,can_tapper14,2024-04-23 16:46:01.822609,1.604612,Engine running command,Engine Status,status,"rgb(255,255,51)"
537,2024-04-23 17:08:14.276691,can_tapper14,2024-04-23 17:08:14.276691,0.0,Engine starting command,Engine Status,status,"rgb(166,86,40)"
537,2024-04-23 17:08:14.276691,can_tapper14,2024-04-23 17:08:11.970972,-2.305719,Glow plugs preheating,Engine Heater Glow Plugs Status,Engine Heater Glow Plugs,"rgb(166,86,40)"
537,2024-04-23 17:08:14.276691,can_tapper14,2024-04-23 17:08:15.824511,1.54782,Engine running command,Engine Status,status,"rgb(166,86,40)"
538,2024-04-23 18:11:18.700402,can_tapper14,2024-04-23 18:11:18.700402,0.0,Engine starting command,Engine Status,status,"rgb(247,129,191)"
538,2024-04-23 18:11:18.700402,can_tapper14,2024-04-23 18:11:16.590097,-2.110305,Glow plugs preheating,Engine Heater Glow Plugs Status,Engine Heater Glow Plugs,"rgb(247,129,191)"
538,2024-04-23 18:11:18.700402,can_tapper14,2024-04-23 18:11:20.314949,1.614547,Engine running command,Engine Status,status,"rgb(247,129,191)"
539,2024-04-24 08:36:55.238889,can_tapper14,2024-04-24 08:36:55.238889,0.0,Engine starting command,Engine Status,status,"rgb(153,153,153)"
539,2024-04-24 08:36:55.238889,can_tapper14,2024-04-24 08:36:45.324375,-9.914514,Glow plugs preheating,Engine Heater Glow Plugs Status,Engine Heater Glow Plugs,"rgb(153,153,153)"
539,2024-04-24 08:36:55.238889,can_tapper14,2024-04-24 08:36:53.134607,-2.104282,Glow plugs preheating,Engine Heater Glow Plugs Status,Engine Heater Glow Plugs,"rgb(153,153,153)"
539,2024-04-24 08:36:55.238889,can_tapper14,2024-04-24 08:36:56.712458,1.473569,Engine running command,Engine Status,status,"rgb(153,153,153)"
539,2024-04-24 08:36:55.238889,can_tapper14,2024-04-24 08:37:58.584582,63.345693,Glow plugs preheating,Engine Heater Glow Plugs Status,Engine Heater Glow Plugs,"rgb(153,153,153)"
539,2024-04-24 08:36:55.238889,can_tapper14,2024-04-24 08:38:02.723632,67.484743,Engine running command,Engine Status,status,"rgb(153,153,153)"
540,2024-04-24 08:38:00.888431,can_tapper14,2024-04-24 08:38:00.888431,0.0,Engine starting command,Engine Status,status,"rgb(228,26,28)"
540,2024-04-24 08:38:00.888431,can_tapper14,2024-04-24 08:37:58.584582,-2.303849,Glow plugs preheating,Engine Heater Glow Plugs Status,Engine Heater Glow Plugs,"rgb(228,26,28)"
540,2024-04-24 08:38:00.888431,can_tapper14,2024-04-24 08:38:02.723632,1.835201,Engine running command,Engine Status,status,"rgb(228,26,28)"
540,2024-04-24 08:38:00.888431,can_tapper14,2024-04-24 08:39:38.029832,97.141401,Glow plugs preheating,Engine Heater Glow Plugs Status,Engine Heater Glow Plugs,"rgb(228,26,28)"
540,2024-04-24 08:38:00.888431,can_tapper14,2024-04-24 08:39:41.836019,100.947588,Engine running command,Engine Status,status,"rgb(228,26,28)"
541,2024-04-24 08:39:40.336182,can_tapper14,2024-04-24 08:39:40.336182,0.0,Engine starting command,Engine Status,status,"rgb(55,126,184)"
541,2024-04-24 08:39:40.336182,can_tapper14,2024-04-24 08:39:38.029832,-2.30635,Glow plugs preheating,Engine Heater Glow Plugs Status,Engine Heater Glow Plugs,"rgb(55,126,184)"
541,2024-04-24 08:39:40.336182,can_tapper14,2024-04-24 08:39:41.836019,1.499837,Engine running command,Engine Status,status,"rgb(55,126,184)"
542,2024-04-24 11:09:02.220863,can_tapper14,2024-04-24 11:09:02.220863,0.0,Engine starting command,Engine Status,status,"rgb(77,175,74)"
542,2024-04-24 11:09:02.220863,can_tapper14,2024-04-24 11:09:00.112527,-2.108336,Glow plugs preheating,Engine Heater Glow Plugs Status,Engine Heater Glow Plugs,"rgb(77,175,74)"
542,2024-04-24 11:09:02.220863,can_tapper14,2024-04-24 11:09:03.587187,1.366324,Engine running command,Engine Status,status,"rgb(77,175,74)"
543,2024-04-24 16:04:08.689949,can_tapper14,2024-04-24 16:04:08.689949,0.0,Engine starting command,Engine Status,status,"rgb(152,78,163)"
543,2024-04-24 16:04:08.689949,can_tapper14,2024-04-24 16:04:06.379175,-2.310774,Glow plugs preheating,Engine Heater Glow Plugs Status,Engine Heater Glow Plugs,"rgb(152,78,163)"
543,2024-04-24 16:04:08.689949,can_tapper14,2024-04-24 16:04:09.989250,1.299301,Engine running command,Engine Status,status,"rgb(152,78,163)"
544,2024-04-24 16:40:01.196042,can_tapper14,2024-04-24 16:40:01.196042,0.0,Engine starting command,Engine Status,status,"rgb(255,127,0)"
544,2024-04-24 16:40:01.196042,can_tapper14,2024-04-24 16:39:58.989210,-2.206832,Glow plugs preheating,Engine Heater Glow Plugs Status,Engine Heater Glow Plugs,"rgb(255,127,0)"
544,2024-04-24 16:40:01.196042,can_tapper14,2024-04-24 16:40:02.501960,1.305918,Engine running command,Engine Status,status,"rgb(255,127,0)"
545,2024-04-24 18:40:39.765324,can_tapper14,2024-04-24 18:40:39.765324,0.0,Engine starting command,Engine Status,status,"rgb(255,255,51)"
545,2024-04-24 18:40:39.765324,can_tapper14,2024-04-24 18:40:41.192290,1.426966,Engine running command,Engine Status,status,"rgb(255,255,51)"
546,2024-04-24 18:57:59.137901,can_tapper14,2024-04-24 18:57:59.137901,0.0,Engine starting command,Engine Status,status,"rgb(166,86,40)"
546,2024-04-24 18:57:59.137901,can_tapper14,2024-04-24 18:57:56.930228,-2.207673,Glow plugs preheating,Engine Heater Glow Plugs Status,Engine Heater Glow Plugs,"rgb(166,86,40)"
546,2024-04-24 18:57:59.137901,can_tapper14,2024-04-24 18:58:00.799854,1.661953,Engine running command,Engine Status,status,"rgb(166,86,40)"
547,2024-04-25 16:14:13.090189,can_tapper14,2024-04-25 16:14:13.090189,0.0,Engine starting command,Engine Status,status,"rgb(247,129,191)"
547,2024-04-25 16:14:13.090189,can_tapper14,2024-04-25 16:14:10.784189,-2.306,Glow plugs preheating,Engine Heater Glow Plugs Status,Engine Heater Glow Plugs,"rgb(247,129,191)"
547,2024-04-25 16:14:13.090189,can_tapper14,2024-04-25 16:14:14.642452,1.552263,Engine running command,Engine Status,status,"rgb(247,129,191)"
548,2024-04-27 07:08:21.560265,can_tapper14,2024-04-27 07:08:21.560265,0.0,Engine starting command,Engine Status,status,"rgb(153,153,153)"
548,2024-04-27 07:08:21.560265,can_tapper14,2024-04-27 07:08:19.355287,-2.204978,Glow plugs preheating,Engine Heater Glow Plugs Status,Engine Heater Glow Plugs,"rgb(153,153,153)"
548,2024-04-27 07:08:21.560265,can_tapper14,2024-04-27 07:08:22.921995,1.36173,Engine running command,Engine Status,status,"rgb(153,153,153)"
549,2024-04-27 08:02:04.108438,can_tapper14,2024-04-27 08:02:04.108438,0.0,Engine starting command,Engine Status,status,"rgb(228,26,28)"
549,2024-04-27 08:02:04.108438,can_tapper14,2024-04-27 08:02:02.002177,-2.106261,Glow plugs preheating,Engine Heater Glow Plugs Status,Engine Heater Glow Plugs,"rgb(228,26,28)"
549,2024-04-27 08:02:04.108438,can_tapper14,2024-04-27 08:02:05.577833,1.469395,Engine running command,Engine Status,status,"rgb(228,26,28)"
550,2024-04-27 08:25:06.530281,can_tapper14,2024-04-27 08:25:06.530281,0.0,Engine starting command,Engine Status,status,"rgb(55,126,184)"
550,2024-04-27 08:25:06.530281,can_tapper14,2024-04-27 08:25:04.425025,-2.105256,Glow plugs preheating,Engine Heater Glow Plugs Status,Engine Heater Glow Plugs,"rgb(55,126,184)"
550,2024-04-27 08:25:06.530281,can_tapper14,2024-04-27 08:25:10.327376,3.797095,Glow plugs preheating,Engine Heater Glow Plugs Status,Engine Heater Glow Plugs,"rgb(55,126,184)"
550,2024-04-27 08:25:06.530281,can_tapper14,2024-04-27 08:25:13.907926,7.377645,Engine running command,Engine Status,status,"rgb(55,126,184)"
551,2024-04-27 08:25:12.631857,can_tapper14,2024-04-27 08:25:12.631857,0.0,Engine starting command,Engine Status,status,"rgb(77,175,74)"
551,2024-04-27 08:25:12.631857,can_tapper14,2024-04-27 08:25:04.425025,-8.206832,Glow plugs preheating,Engine Heater Glow Plugs Status,Engine Heater Glow Plugs,"rgb(77,175,74)"
551,2024-04-27 08:25:12.631857,can_tapper14,2024-04-27 08:25:10.327376,-2.304481,Glow plugs preheating,Engine Heater Glow Plugs Status,Engine Heater Glow Plugs,"rgb(77,175,74)"
551,2024-04-27 08:25:12.631857,can_tapper14,2024-04-27 08:25:13.907926,1.276069,Engine running command,Engine Status,status,"rgb(77,175,74)"
552,2024-04-27 08:31:47.281883,can_tapper14,2024-04-27 08:31:47.281883,0.0,Engine starting command,Engine Status,status,"rgb(152,78,163)"
552,2024-04-27 08:31:47.281883,can_tapper14,2024-04-27 08:31:45.076652,-2.205231,Glow plugs preheating,Engine Heater Glow Plugs Status,Engine Heater Glow Plugs,"rgb(152,78,163)"
552,2024-04-27 08:31:47.281883,can_tapper14,2024-04-27 08:31:48.811897,1.530014,Engine running command,Engine Status,status,"rgb(152,78,163)"
553,2024-04-27 08:41:33.702777,can_tapper14,2024-04-27 08:41:33.702777,0.0,Engine starting command,Engine Status,status,"rgb(255,127,0)"
553,2024-04-27 08:41:33.702777,can_tapper14,2024-04-27 08:41:31.596357,-2.10642,Glow plugs preheating,Engine Heater Glow Plugs Status,Engine Heater Glow Plugs,"rgb(255,127,0)"
553,2024-04-27 08:41:33.702777,can_tapper14,2024-04-27 08:41:35.335651,1.632874,Engine running command,Engine Status,status,"rgb(255,127,0)"
554,2024-05-09 08:38:13.492538,can_tapper14,2024-05-09 08:38:13.492538,0.0,Engine starting command,Engine Status,status,"rgb(255,255,51)"
554,2024-05-09 08:38:13.492538,can_tapper14,2024-05-09 08:38:11.288573,-2.203965,Glow plugs preheating,Engine Heater Glow Plugs Status,Engine Heater Glow Plugs,"rgb(255,255,51)"
554,2024-05-09 08:38:13.492538,can_tapper14,2024-05-09 08:38:14.931855,1.439317,Engine running command,Engine Status,status,"rgb(255,255,51)"
555,2024-05-09 10:17:36.690284,can_tapper14,2024-05-09 10:17:36.690284,0.0,Engine starting command,Engine Status,status,"rgb(166,86,40)"
555,2024-05-09 10:17:36.690284,can_tapper14,2024-05-09 10:17:34.382347,-2.307937,Glow plugs preheating,Engine Heater Glow Plugs Status,Engine Heater Glow Plugs,"rgb(166,86,40)"
555,2024-05-09 10:17:36.690284,can_tapper14,2024-05-09 10:17:38.315273,1.624989,Engine running command,Engine Status,status,"rgb(166,86,40)"
556,2024-05-09 12:06:01.239589,can_tapper14,2024-05-09 12:06:01.239589,0.0,Engine starting command,Engine Status,status,"rgb(247,129,191)"
556,2024-05-09 12:06:01.239589,can_tapper14,2024-05-09 12:05:59.135321,-2.104268,Glow plugs preheating,Engine Heater Glow Plugs Status,Engine Heater Glow Plugs,"rgb(247,129,191)"
556,2024-05-09 12:06:01.239589,can_tapper14,2024-05-09 12:06:02.737896,1.498307,Engine running command,Engine Status,status,"rgb(247,129,191)"
557,2024-05-09 14:54:00.221296,can_tapper14,2024-05-09 14:54:00.221296,0.0,Engine starting command,Engine Status,status,"rgb(153,153,153)"
557,2024-05-09 14:54:00.221296,can_tapper14,2024-05-09 14:53:58.117083,-2.104213,Glow plugs preheating,Engine Heater Glow Plugs Status,Engine Heater Glow Plugs,"rgb(153,153,153)"
557,2024-05-09 14:54:00.221296,can_tapper14,2024-05-09 14:54:01.657557,1.436261,Engine running command,Engine Status,status,"rgb(153,153,153)"
558,2024-05-09 16:21:17.882737,can_tapper14,2024-05-09 16:21:17.882737,0.0,Engine starting command,Engine Status,status,"rgb(228,26,28)"
558,2024-05-09 16:21:17.882737,can_tapper14,2024-05-09 16:21:18.286400,0.403663,Glow plugs preheating,Engine Heater Glow Plugs Status,Engine Heater Glow Plugs,"rgb(228,26,28)"
558,2024-05-09 16:21:17.882737,can_tapper14,2024-05-09 16:21:19.581696,1.698959,Engine running command,Engine Status,status,"rgb(228,26,28)"
559,2024-05-10 07:07:57.072194,can_tapper14,2024-05-10 07:07:57.072194,0.0,Engine starting command,Engine Status,status,"rgb(55,126,184)"
559,2024-05-10 07:07:57.072194,can_tapper14,2024-05-10 07:07:54.867168,-2.205026,Glow plugs preheating,Engine Heater Glow Plugs Status,Engine Heater Glow Plugs,"rgb(55,126,184)"
559,2024-05-10 07:07:57.072194,can_tapper14,2024-05-10 07:07:58.616316,1.544122,Engine running command,Engine Status,status,"rgb(55,126,184)"
560,2024-05-10 09:43:15.517777,can_tapper14,2024-05-10 09:43:15.517777,0.0,Engine starting command,Engine Status,status,"rgb(77,175,74)"
560,2024-05-10 09:43:15.517777,can_tapper14,2024-05-10 09:43:13.412833,-2.104944,Glow plugs preheating,Engine Heater Glow Plugs Status,Engine Heater Glow Plugs,"rgb(77,175,74)"
560,2024-05-10 09:43:15.517777,can_tapper14,2024-05-10 09:43:17.122382,1.604605,Engine running command,Engine Status,status,"rgb(77,175,74)"
561,2024-05-10 12:56:51.475638,can_tapper14,2024-05-10 12:56:51.475638,0.0,Engine starting command,Engine Status,status,"rgb(152,78,163)"
561,2024-05-10 12:56:51.475638,can_tapper14,2024-05-10 12:56:49.166820,-2.308818,Glow plugs preheating,Engine Heater Glow Plugs Status,Engine Heater Glow Plugs,"rgb(152,78,163)"
561,2024-05-10 12:56:51.475638,can_tapper14,2024-05-10 12:56:53.305506,1.829868,Engine running command,Engine Status,status,"rgb(152,78,163)"
562,2024-05-10 13:40:34.832771,can_tapper14,2024-05-10 13:40:34.832771,0.0,Engine starting command,Engine Status,status,"rgb(255,127,0)"
562,2024-05-10 13:40:34.832771,can_tapper14,2024-05-10 13:40:32.627306,-2.205465,Glow plugs preheating,Engine Heater Glow Plugs Status,Engine Heater Glow Plugs,"rgb(255,127,0)"
562,2024-05-10 13:40:34.832771,can_tapper14,2024-05-10 13:40:36.347223,1.514452,Engine running command,Engine Status,status,"rgb(255,127,0)"
563,2024-05-11 06:48:26.087931,can_tapper14,2024-05-11 06:48:26.087931,0.0,Engine starting command,Engine Status,status,"rgb(255,255,51)"
563,2024-05-11 06:48:26.087931,can_tapper14,2024-05-11 06:48:23.981136,-2.106795,Glow plugs preheating,Engine Heater Glow Plugs Status,Engine Heater Glow Plugs,"rgb(255,255,51)"
563,2024-05-11 06:48:26.087931,can_tapper14,2024-05-11 06:48:27.407639,1.319708,Engine running command,Engine Status,status,"rgb(255,255,51)"
564,2024-05-11 07:56:16.316468,can_tapper14,2024-05-11 07:56:16.316468,0.0,Engine starting command,Engine Status,status,"rgb(166,86,40)"
564,2024-05-11 07:56:16.316468,can_tapper14,2024-05-11 07:56:14.205201,-2.111267,Glow plugs preheating,Engine Heater Glow Plugs Status,Engine Heater Glow Plugs,"rgb(166,86,40)"
564,2024-05-11 07:56:16.316468,can_tapper14,2024-05-11 07:56:17.848405,1.531937,Engine running command,Engine Status,status,"rgb(166,86,40)"
565,2024-05-11 14:05:30.704141,can_tapper14,2024-05-11 14:05:30.704141,0.0,Engine starting command,Engine Status,status,"rgb(247,129,191)"
565,2024-05-11 14:05:30.704141,can_tapper14,2024-05-11 14:05:28.494760,-2.209381,Glow plugs preheating,Engine Heater Glow Plugs Status,Engine Heater Glow Plugs,"rgb(247,129,191)"
565,2024-05-11 14:05:30.704141,can_tapper14,2024-05-11 14:05:32.343562,1.639421,Engine running command,Engine Status,status,"rgb(247,129,191)"
566,2024-05-11 14:38:28.659871,can_tapper14,2024-05-11 14:38:28.659871,0.0,Engine starting command,Engine Status,status,"rgb(153,153,153)"
566,2024-05-11 14:38:28.659871,can_tapper14,2024-05-11 14:38:26.555700,-2.104171,Glow plugs preheating,Engine Heater Glow Plugs Status,Engine Heater Glow Plugs,"rgb(153,153,153)"
566,2024-05-11 14:38:28.659871,can_tapper14,2024-05-11 14:38:30.148253,1.488382,Engine running command,Engine Status,status,"rgb(153,153,153)"
567,2024-05-11 16:36:33.991144,can_tapper14,2024-05-11 16:36:33.991144,0.0,Engine starting command,Engine Status,status,"rgb(228,26,28)"
567,2024-05-11 16:36:33.991144,can_tapper14,2024-05-11 16:36:31.680301,-2.310843,Glow plugs preheating,Engine Heater Glow Plugs Status,Engine Heater Glow Plugs,"rgb(228,26,28)"
567,2024-05-11 16:36:33.991144,can_tapper14,2024-05-11 16:36:35.286095,1.294951,Engine running command,Engine Status,status,"rgb(228,26,28)"
568,2024-05-11 19:59:36.282554,can_tapper14,2024-05-11 19:59:36.282554,0.0,Engine starting command,Engine Status,status,"rgb(55,126,184)"
568,2024-05-11 19:59:36.282554,can_tapper14,2024-05-11 19:59:34.073904,-2.20865,Glow plugs preheating,Engine Heater Glow Plugs Status,Engine Heater Glow Plugs,"rgb(55,126,184)"
568,2024-05-11 19:59:36.282554,can_tapper14,2024-05-11 19:59:37.874800,1.592246,Engine running command,Engine Status,status,"rgb(55,126,184)"
569,2024-05-12 06:53:37.311134,can_tapper14,2024-05-12 06:53:37.311134,0.0,Engine starting command,Engine Status,status,"rgb(77,175,74)"
569,2024-05-12 06:53:37.311134,can_tapper14,2024-05-12 06:53:35.105707,-2.205427,Glow plugs preheating,Engine Heater Glow Plugs Status,Engine Heater Glow Plugs,"rgb(77,175,74)"
569,2024-05-12 06:53:37.311134,can_tapper14,2024-05-12 06:53:39.182094,1.87096,Engine running command,Engine Status,status,"rgb(77,175,74)"
570,2024-05-12 07:56:49.524164,can_tapper14,2024-05-12 07:56:49.524164,0.0,Engine starting command,Engine Status,status,"rgb(152,78,163)"
570,2024-05-12 07:56:49.524164,can_tapper14,2024-05-12 07:56:47.420468,-2.103696,Glow plugs preheating,Engine Heater Glow Plugs Status,Engine Heater Glow Plugs,"rgb(152,78,163)"
570,2024-05-12 07:56:49.524164,can_tapper14,2024-05-12 07:56:50.983765,1.459601,Engine running command,Engine Status,status,"rgb(152,78,163)"
571,2024-05-12 09:14:15.071822,can_tapper14,2024-05-12 09:14:15.071822,0.0,Engine starting command,Engine Status,status,"rgb(255,127,0)"
571,2024-05-12 09:14:15.071822,can_tapper14,2024-05-12 09:14:12.962302,-2.10952,Glow plugs preheating,Engine Heater Glow Plugs Status,Engine Heater Glow Plugs,"rgb(255,127,0)"
571,2024-05-12 09:14:15.071822,can_tapper14,2024-05-12 09:14:16.547252,1.47543,Engine running command,Engine Status,status,"rgb(255,127,0)"
572,2024-05-13 07:17:45.663089,can_tapper14,2024-05-13 07:17:45.663089,0.0,Engine starting command,Engine Status,status,"rgb(255,255,51)"
572,2024-05-13 07:17:45.663089,can_tapper14,2024-05-13 07:17:43.554657,-2.108432,Glow plugs preheating,Engine Heater Glow Plugs Status,Engine Heater Glow Plugs,"rgb(255,255,51)"
572,2024-05-13 07:17:45.663089,can_tapper14,2024-05-13 07:17:47.003457,1.340368,Engine running command,Engine Status,status,"rgb(255,255,51)"
573,2024-05-13 07:29:12.325185,can_tapper14,2024-05-13 07:29:12.325185,0.0,Engine starting command,Engine Status,status,"rgb(166,86,40)"
573,2024-05-13 07:29:12.325185,can_tapper14,2024-05-13 07:29:10.222505,-2.10268,Glow plugs preheating,Engine Heater Glow Plugs Status,Engine Heater Glow Plugs,"rgb(166,86,40)"
573,2024-05-13 07:29:12.325185,can_tapper14,2024-05-13 07:29:13.885111,1.559926,Engine running command,Engine Status,status,"rgb(166,86,40)"
574,2024-05-18 18:13:09.277886,can_tapper14,2024-05-18 18:13:09.277886,0.0,Engine starting command,Engine Status,status,"rgb(247,129,191)"
574,2024-05-18 18:13:09.277886,can_tapper14,2024-05-18 18:13:07.173435,-2.104451,Glow plugs preheating,Engine Heater Glow Plugs Status,Engine Heater Glow Plugs,"rgb(247,129,191)"
574,2024-05-18 18:13:09.277886,can_tapper14,2024-05-18 18:13:11.088266,1.81038,Engine running command,Engine Status,status,"rgb(247,129,191)"
575,2024-05-19 05:53:50.403126,can_tapper14,2024-05-19 05:53:50.403126,0.0,Engine starting command,Engine Status,status,"rgb(153,153,153)"
575,2024-05-19 05:53:50.403126,can_tapper14,2024-05-19 05:53:48.198750,-2.204376,Glow plugs preheating,Engine Heater Glow Plugs Status,Engine Heater Glow Plugs,"rgb(153,153,153)"
575,2024-05-19 05:53:50.403126,can_tapper14,2024-05-19 05:53:51.720976,1.31785,Engine running command,Engine Status,status,"rgb(153,153,153)"
576,2024-05-19 06:45:34.959783,can_tapper14,2024-05-19 06:45:34.959783,0.0,Engine starting command,Engine Status,status,"rgb(228,26,28)"
576,2024-05-19 06:45:34.959783,can_tapper14,2024-05-19 06:45:32.754990,-2.204793,Glow plugs preheating,Engine Heater Glow Plugs Status,Engine Heater Glow Plugs,"rgb(228,26,28)"
576,2024-05-19 06:45:34.959783,can_tapper14,2024-05-19 06:45:36.501882,1.542099,Engine running command,Engine Status,status,"rgb(228,26,28)"
577,2024-05-20 07:41:05.688476,can_tapper14,2024-05-20 07:41:05.688476,0.0,Engine starting command,Engine Status,status,"rgb(55,126,184)"
577,2024-05-20 07:41:05.688476,can_tapper14,2024-05-20 07:41:03.482104,-2.206372,Glow plugs preheating,Engine Heater Glow Plugs Status,Engine Heater Glow Plugs,"rgb(55,126,184)"
577,2024-05-20 07:41:05.688476,can_tapper14,2024-05-20 07:41:07.351470,1.662994,Engine running command,Engine Status,status,"rgb(55,126,184)"
578,2024-05-20 07:58:52.240192,can_tapper14,2024-05-20 07:58:52.240192,0.0,Engine starting command,Engine Status,status,"rgb(77,175,74)"
578,2024-05-20 07:58:52.240192,can_tapper14,2024-05-20 07:58:50.134447,-2.105745,Glow plugs preheating,Engine Heater Glow Plugs Status,Engine Heater Glow Plugs,"rgb(77,175,74)"
578,2024-05-20 07:58:52.240192,can_tapper14,2024-05-20 07:58:53.607054,1.366862,Engine running command,Engine Status,status,"rgb(77,175,74)"
579,2024-05-20 08:07:42.205412,can_tapper14,2024-05-20 08:07:42.205412,0.0,Engine starting command,Engine Status,status,"rgb(152,78,163)"
579,2024-05-20 08:07:42.205412,can_tapper14,2024-05-20 08:07:40.100122,-2.10529,Glow plugs preheating,Engine Heater Glow Plugs Status,Engine Heater Glow Plugs,"rgb(152,78,163)"
579,2024-05-20 08:07:42.205412,can_tapper14,2024-05-20 08:07:43.786970,1.581558,Engine running command,Engine Status,status,"rgb(152,78,163)"
580,2024-05-20 08:15:14.512493,can_tapper14,2024-05-20 08:15:14.512493,0.0,Engine starting command,Engine Status,status,"rgb(255,127,0)"
580,2024-05-20 08:15:14.512493,can_tapper14,2024-05-20 08:15:12.409936,-2.102557,Glow plugs preheating,Engine Heater Glow Plugs Status,Engine Heater Glow Plugs,"rgb(255,127,0)"
580,2024-05-20 08:15:14.512493,can_tapper14,2024-05-20 08:15:15.815952,1.303459,Engine running command,Engine Status,status,"rgb(255,127,0)"
581,2024-05-20 08:25:12.298092,can_tapper14,2024-05-20 08:25:12.298092,0.0,Engine starting command,Engine Status,status,"rgb(255,255,51)"
581,2024-05-20 08:25:12.298092,can_tapper14,2024-05-20 08:25:10.194311,-2.103781,Glow plugs preheating,Engine Heater Glow Plugs Status,Engine Heater Glow Plugs,"rgb(255,255,51)"
581,2024-05-20 08:25:12.298092,can_tapper14,2024-05-20 08:25:13.850069,1.551977,Engine running command,Engine Status,status,"rgb(255,255,51)"
582,2024-05-22 06:57:44.976252,can_tapper14,2024-05-22 06:57:44.976252,0.0,Engine starting command,Engine Status,status,"rgb(166,86,40)"
582,2024-05-22 06:57:44.976252,can_tapper14,2024-05-22 06:57:42.872175,-2.104077,Glow plugs preheating,Engine Heater Glow Plugs Status,Engine Heater Glow Plugs,"rgb(166,86,40)"
582,2024-05-22 06:57:44.976252,can_tapper14,2024-05-22 06:57:46.856179,1.879927,Engine running command,Engine Status,status,"rgb(166,86,40)"
583,2024-05-22 12:14:43.344653,can_tapper14,2024-05-22 12:14:43.344653,0.0,Engine starting command,Engine Status,status,"rgb(247,129,191)"
583,2024-05-22 12:14:43.344653,can_tapper14,2024-05-22 12:14:41.136976,-2.207677,Glow plugs preheating,Engine Heater Glow Plugs Status,Engine Heater Glow Plugs,"rgb(247,129,191)"
583,2024-05-22 12:14:43.344653,can_tapper14,2024-05-22 12:14:44.879200,1.534547,Engine running command,Engine Status,status,"rgb(247,129,191)"
584,2024-05-23 07:44:45.374464,can_tapper14,2024-05-23 07:44:45.374464,0.0,Engine starting command,Engine Status,status,"rgb(153,153,153)"
584,2024-05-23 07:44:45.374464,can_tapper14,2024-05-23 07:44:45.677366,0.302902,Glow plugs preheating,Engine Heater Glow Plugs Status,Engine Heater Glow Plugs,"rgb(153,153,153)"
584,2024-05-23 07:44:45.374464,can_tapper14,2024-05-23 07:44:46.967650,1.593186,Engine running command,Engine Status,status,"rgb(153,153,153)"
585,2024-05-23 09:04:07.714617,can_tapper14,2024-05-23 09:04:07.714617,0.0,Engine starting command,Engine Status,status,"rgb(228,26,28)"
585,2024-05-23 09:04:07.714617,can_tapper14,2024-05-23 09:04:05.610183,-2.104434,Glow plugs preheating,Engine Heater Glow Plugs Status,Engine Heater Glow Plugs,"rgb(228,26,28)"
585,2024-05-23 09:04:07.714617,can_tapper14,2024-05-23 09:04:09.127441,1.412824,Engine running command,Engine Status,status,"rgb(228,26,28)"
586,2024-05-23 10:04:35.176976,can_tapper14,2024-05-23 10:04:35.176976,0.0,Engine starting command,Engine Status,status,"rgb(55,126,184)"
586,2024-05-23 10:04:35.176976,can_tapper14,2024-05-23 10:04:33.066319,-2.110657,Glow plugs preheating,Engine Heater Glow Plugs Status,Engine Heater Glow Plugs,"rgb(55,126,184)"
586,2024-05-23 10:04:35.176976,can_tapper14,2024-05-23 10:04:36.643453,1.466477,Engine running command,Engine Status,status,"rgb(55,126,184)"
587,2024-05-23 11:21:39.871309,can_tapper14,2024-05-23 11:21:39.871309,0.0,Engine starting command,Engine Status,status,"rgb(77,175,74)"
587,2024-05-23 11:21:39.871309,can_tapper14,2024-05-23 11:21:37.767380,-2.103929,Glow plugs preheating,Engine Heater Glow Plugs Status,Engine Heater Glow Plugs,"rgb(77,175,74)"
587,2024-05-23 11:21:39.871309,can_tapper14,2024-05-23 11:21:41.614485,1.743176,Engine running command,Engine Status,status,"rgb(77,175,74)"
588,2024-05-23 12:16:25.247601,can_tapper14,2024-05-23 12:16:25.247601,0.0,Engine starting command,Engine Status,status,"rgb(152,78,163)"
588,2024-05-23 12:16:25.247601,can_tapper14,2024-05-23 12:16:23.143896,-2.103705,Glow plugs preheating,Engine Heater Glow Plugs Status,Engine Heater Glow Plugs,"rgb(152,78,163)"
588,2024-05-23 12:16:25.247601,can_tapper14,2024-05-23 12:16:26.667711,1.42011,Engine running command,Engine Status,status,"rgb(152,78,163)"
589,2024-05-23 12:51:12.653940,can_tapper14,2024-05-23 12:51:12.653940,0.0,Engine starting command,Engine Status,status,"rgb(255,127,0)"
589,2024-05-23 12:51:12.653940,can_tapper14,2024-05-23 12:51:10.545964,-2.107976,Glow plugs preheating,Engine Heater Glow Plugs Status,Engine Heater Glow Plugs,"rgb(255,127,0)"
589,2024-05-23 12:51:12.653940,can_tapper14,2024-05-23 12:51:14.058514,1.404574,Engine running command,Engine Status,status,"rgb(255,127,0)"
590,2024-05-24 06:34:11.869253,can_tapper14,2024-05-24 06:34:11.869253,0.0,Engine starting command,Engine Status,status,"rgb(255,255,51)"
590,2024-05-24 06:34:11.869253,can_tapper14,2024-05-24 06:34:09.765425,-2.103828,Glow plugs preheating,Engine Heater Glow Plugs Status,Engine Heater Glow Plugs,"rgb(255,255,51)"
590,2024-05-24 06:34:11.869253,can_tapper14,2024-05-24 06:34:13.217751,1.348498,Engine running command,Engine Status,status,"rgb(255,255,51)"
591,2024-05-24 07:46:00.311503,can_tapper14,2024-05-24 07:46:00.311503,0.0,Engine starting command,Engine Status,status,"rgb(166,86,40)"
591,2024-05-24 07:46:00.311503,can_tapper14,2024-05-24 07:45:57.999325,-2.312178,Glow plugs preheating,Engine Heater Glow Plugs Status,Engine Heater Glow Plugs,"rgb(166,86,40)"
591,2024-05-24 07:46:00.311503,can_tapper14,2024-05-24 07:46:01.797934,1.486431,Engine running command,Engine Status,status,"rgb(166,86,40)"
592,2024-05-24 13:27:36.857113,can_tapper14,2024-05-24 13:27:36.857113,0.0,Engine starting command,Engine Status,status,"rgb(247,129,191)"
592,2024-05-24 13:27:36.857113,can_tapper14,2024-05-24 13:27:34.753939,-2.103174,Glow plugs preheating,Engine Heater Glow Plugs Status,Engine Heater Glow Plugs,"rgb(247,129,191)"
592,2024-05-24 13:27:36.857113,can_tapper14,2024-05-24 13:27:38.650657,1.793544,Engine running command,Engine Status,status,"rgb(247,129,191)"
593,2024-05-24 14:27:13.211649,can_tapper14,2024-05-24 14:27:13.211649,0.0,Engine starting command,Engine Status,status,"rgb(153,153,153)"
593,2024-05-24 14:27:13.211649,can_tapper14,2024-05-24 14:27:11.001451,-2.210198,Glow plugs preheating,Engine Heater Glow Plugs Status,Engine Heater Glow Plugs,"rgb(153,153,153)"
593,2024-05-24 14:27:13.211649,can_tapper14,2024-05-24 14:27:14.921508,1.709859,Engine running command,Engine Status,status,"rgb(153,153,153)"
594,2024-05-25 05:44:26.925164,can_tapper14,2024-05-25 05:44:26.925164,0.0,Engine starting command,Engine Status,status,"rgb(228,26,28)"
594,2024-05-25 05:44:26.925164,can_tapper14,2024-05-25 05:44:24.721087,-2.204077,Glow plugs preheating,Engine Heater Glow Plugs Status,Engine Heater Glow Plugs,"rgb(228,26,28)"
594,2024-05-25 05:44:26.925164,can_tapper14,2024-05-25 05:44:28.242238,1.317074,Engine running command,Engine Status,status,"rgb(228,26,28)"
595,2024-05-25 08:39:41.466139,can_tapper14,2024-05-25 08:39:41.466139,0.0,Engine starting command,Engine Status,status,"rgb(55,126,184)"
595,2024-05-25 08:39:41.466139,can_tapper14,2024-05-25 08:39:39.359708,-2.106431,Glow plugs preheating,Engine Heater Glow Plugs Status,Engine Heater Glow Plugs,"rgb(55,126,184)"
595,2024-05-25 08:39:41.466139,can_tapper14,2024-05-25 08:39:42.746453,1.280314,Engine running command,Engine Status,status,"rgb(55,126,184)"
596,2024-05-25 09:49:56.671317,can_tapper14,2024-05-25 09:49:56.671317,0.0,Engine starting command,Engine Status,status,"rgb(77,175,74)"
596,2024-05-25 09:49:56.671317,can_tapper14,2024-05-25 09:49:54.565167,-2.10615,Glow plugs preheating,Engine Heater Glow Plugs Status,Engine Heater Glow Plugs,"rgb(77,175,74)"
596,2024-05-25 09:49:56.671317,can_tapper14,2024-05-25 09:49:58.357518,1.686201,Engine running command,Engine Status,status,"rgb(77,175,74)"
597,2024-05-25 13:19:18.333304,can_tapper14,2024-05-25 13:19:18.333304,0.0,Engine starting command,Engine Status,status,"rgb(152,78,163)"
597,2024-05-25 13:19:18.333304,can_tapper14,2024-05-25 13:19:16.324728,-2.008576,Glow plugs preheating,Engine Heater Glow Plugs Status,Engine Heater Glow Plugs,"rgb(152,78,163)"
597,2024-05-25 13:19:18.333304,can_tapper14,2024-05-25 13:19:20.034497,1.701193,Engine running command,Engine Status,status,"rgb(152,78,163)"
598,2024-05-25 15:19:07.082014,can_tapper14,2024-05-25 15:19:07.082014,0.0,Engine starting command,Engine Status,status,"rgb(255,127,0)"
598,2024-05-25 15:19:07.082014,can_tapper14,2024-05-25 15:19:05.077909,-2.004105,Glow plugs preheating,Engine Heater Glow Plugs Status,Engine Heater Glow Plugs,"rgb(255,127,0)"
598,2024-05-25 15:19:07.082014,can_tapper14,2024-05-25 15:19:08.652463,1.570449,Engine running command,Engine Status,status,"rgb(255,127,0)"
599,2024-05-25 15:34:07.892110,can_tapper14,2024-05-25 15:34:07.892110,0.0,Engine starting command,Engine Status,status,"rgb(255,255,51)"
599,2024-05-25 15:34:07.892110,can_tapper14,2024-05-25 15:34:05.588330,-2.30378,Glow plugs preheating,Engine Heater Glow Plugs Status,Engine Heater Glow Plugs,"rgb(255,255,51)"
599,2024-05-25 15:34:07.892110,can_tapper14,2024-05-25 15:34:09.576660,1.68455,Engine running command,Engine Status,status,"rgb(255,255,51)"
600,2024-05-26 06:00:24.149564,can_tapper14,2024-05-26 06:00:24.149564,0.0,Engine starting command,Engine Status,status,"rgb(166,86,40)"
600,2024-05-26 06:00:24.149564,can_tapper14,2024-05-26 06:00:22.042857,-2.106707,Glow plugs preheating,Engine Heater Glow Plugs Status,Engine Heater Glow Plugs,"rgb(166,86,40)"
600,2024-05-26 06:00:24.149564,can_tapper14,2024-05-26 06:00:25.724134,1.57457,Engine running command,Engine Status,status,"rgb(166,86,40)"
601,2024-05-26 06:24:15.615461,can_tapper14,2024-05-26 06:24:15.615461,0.0,Engine starting command,Engine Status,status,"rgb(247,129,191)"
601,2024-05-26 06:24:15.615461,can_tapper14,2024-05-26 06:24:13.409662,-2.205799,Glow plugs preheating,Engine Heater Glow Plugs Status,Engine Heater Glow Plugs,"rgb(247,129,191)"
601,2024-05-26 06:24:15.615461,can_tapper14,2024-05-26 06:24:17.130673,1.515212,Engine running command,Engine Status,status,"rgb(247,129,191)"
602,2024-05-26 06:39:35.311406,can_tapper14,2024-05-26 06:39:35.311406,0.0,Engine starting command,Engine Status,status,"rgb(153,153,153)"
602,2024-05-26 06:39:35.311406,can_tapper14,2024-05-26 06:39:33.007398,-2.304008,Glow plugs preheating,Engine Heater Glow Plugs Status,Engine Heater Glow Plugs,"rgb(153,153,153)"
602,2024-05-26 06:39:35.311406,can_tapper14,2024-05-26 06:39:36.895506,1.5841,Engine running command,Engine Status,status,"rgb(153,153,153)"
603,2024-05-26 06:51:56.372075,can_tapper14,2024-05-26 06:51:56.372075,0.0,Engine starting command,Engine Status,status,"rgb(228,26,28)"
603,2024-05-26 06:51:56.372075,can_tapper14,2024-05-26 06:51:54.264953,-2.107122,Glow plugs preheating,Engine Heater Glow Plugs Status,Engine Heater Glow Plugs,"rgb(228,26,28)"
603,2024-05-26 06:51:56.372075,can_tapper14,2024-05-26 06:51:57.645553,1.273478,Engine running command,Engine Status,status,"rgb(228,26,28)"
604,2024-05-26 07:09:19.462559,can_tapper14,2024-05-26 07:09:19.462559,0.0,Engine starting command,Engine Status,status,"rgb(55,126,184)"
604,2024-05-26 07:09:19.462559,can_tapper14,2024-05-26 07:09:17.455499,-2.00706,Glow plugs preheating,Engine Heater Glow Plugs Status,Engine Heater Glow Plugs,"rgb(55,126,184)"
604,2024-05-26 07:09:19.462559,can_tapper14,2024-05-26 07:09:20.974687,1.512128,Engine running command,Engine Status,status,"rgb(55,126,184)"
605,2024-05-26 07:21:06.774251,can_tapper14,2024-05-26 07:21:06.774251,0.0,Engine starting command,Engine Status,status,"rgb(77,175,74)"
605,2024-05-26 07:21:06.774251,can_tapper14,2024-05-26 07:21:04.568692,-2.205559,Glow plugs preheating,Engine Heater Glow Plugs Status,Engine Heater Glow Plugs,"rgb(77,175,74)"
605,2024-05-26 07:21:06.774251,can_tapper14,2024-05-26 07:21:08.146471,1.37222,Engine running command,Engine Status,status,"rgb(77,175,74)"
606,2024-05-26 12:34:13.948616,can_tapper14,2024-05-26 12:34:13.948616,0.0,Engine starting command,Engine Status,status,"rgb(152,78,163)"
606,2024-05-26 12:34:13.948616,can_tapper14,2024-05-26 12:34:11.940309,-2.008307,Glow plugs preheating,Engine Heater Glow Plugs Status,Engine Heater Glow Plugs,"rgb(152,78,163)"
606,2024-05-26 12:34:13.948616,can_tapper14,2024-05-26 12:34:15.541546,1.59293,Engine running command,Engine Status,status,"rgb(152,78,163)"
607,2024-05-26 12:59:40.001110,can_tapper14,2024-05-26 12:59:40.001110,0.0,Engine starting command,Engine Status,status,"rgb(255,127,0)"
607,2024-05-26 12:59:40.001110,can_tapper14,2024-05-26 12:59:37.691618,-2.309492,Glow plugs preheating,Engine Heater Glow Plugs Status,Engine Heater Glow Plugs,"rgb(255,127,0)"
607,2024-05-26 12:59:40.001110,can_tapper14,2024-05-26 12:59:41.653166,1.652056,Engine running command,Engine Status,status,"rgb(255,127,0)"
608,2024-05-26 13:44:03.882655,can_tapper14,2024-05-26 13:44:03.882655,0.0,Engine starting command,Engine Status,status,"rgb(255,255,51)"
608,2024-05-26 13:44:03.882655,can_tapper14,2024-05-26 13:44:01.775168,-2.107487,Glow plugs preheating,Engine Heater Glow Plugs Status,Engine Heater Glow Plugs,"rgb(255,255,51)"
608,2024-05-26 13:44:03.882655,can_tapper14,2024-05-26 13:44:05.363131,1.480476,Engine running command,Engine Status,status,"rgb(255,255,51)"
609,2024-05-26 13:59:24.167328,can_tapper14,2024-05-26 13:59:24.167328,0.0,Engine starting command,Engine Status,status,"rgb(166,86,40)"
609,2024-05-26 13:59:24.167328,can_tapper14,2024-05-26 13:59:22.057777,-2.109551,Glow plugs preheating,Engine Heater Glow Plugs Status,Engine Heater Glow Plugs,"rgb(166,86,40)"
609,2024-05-26 13:59:24.167328,can_tapper14,2024-05-26 13:59:25.609328,1.442,Engine running command,Engine Status,status,"rgb(166,86,40)"
610,2024-05-26 15:01:34.531582,can_tapper14,2024-05-26 15:01:34.531582,0.0,Engine starting command,Engine Status,status,"rgb(247,129,191)"
610,2024-05-26 15:01:34.531582,can_tapper14,2024-05-26 15:01:32.426188,-2.105394,Glow plugs preheating,Engine Heater Glow Plugs Status,Engine Heater Glow Plugs,"rgb(247,129,191)"
610,2024-05-26 15:01:34.531582,can_tapper14,2024-05-26 15:01:35.938483,1.406901,Engine running command,Engine Status,status,"rgb(247,129,191)"
611,2024-05-26 15:19:04.603934,can_tapper14,2024-05-26 15:19:04.603934,0.0,Engine starting command,Engine Status,status,"rgb(153,153,153)"
611,2024-05-26 15:19:04.603934,can_tapper14,2024-05-26 15:19:02.397309,-2.206625,Glow plugs preheating,Engine Heater Glow Plugs Status,Engine Heater Glow Plugs,"rgb(153,153,153)"
611,2024-05-26 15:19:04.603934,can_tapper14,2024-05-26 15:19:06.102634,1.4987,Engine running command,Engine Status,status,"rgb(153,153,153)"
612,2024-05-26 15:37:32.508079,can_tapper14,2024-05-26 15:37:32.508079,0.0,Engine starting command,Engine Status,status,"rgb(228,26,28)"
612,2024-05-26 15:37:32.508079,can_tapper14,2024-05-26 15:37:30.405079,-2.103,Glow plugs preheating,Engine Heater Glow Plugs Status,Engine Heater Glow Plugs,"rgb(228,26,28)"
612,2024-05-26 15:37:32.508079,can_tapper14,2024-05-26 15:37:33.945180,1.437101,Engine running command,Engine Status,status,"rgb(228,26,28)"
613,2024-05-26 15:50:30.736502,can_tapper14,2024-05-26 15:50:30.736502,0.0,Engine starting command,Engine Status,status,"rgb(55,126,184)"
613,2024-05-26 15:50:30.736502,can_tapper14,2024-05-26 15:50:28.431901,-2.304601,Glow plugs preheating,Engine Heater Glow Plugs Status,Engine Heater Glow Plugs,"rgb(55,126,184)"
613,2024-05-26 15:50:30.736502,can_tapper14,2024-05-26 15:50:32.373602,1.6371,Engine running command,Engine Status,status,"rgb(55,126,184)"
614,2024-05-27 09:00:22.153149,can_tapper14,2024-05-27 09:00:22.153149,0.0,Engine starting command,Engine Status,status,"rgb(77,175,74)"
614,2024-05-27 09:00:22.153149,can_tapper14,2024-05-27 09:00:20.045475,-2.107674,Glow plugs preheating,Engine Heater Glow Plugs Status,Engine Heater Glow Plugs,"rgb(77,175,74)"
614,2024-05-27 09:00:22.153149,can_tapper14,2024-05-27 09:00:23.767025,1.613876,Engine running command,Engine Status,status,"rgb(77,175,74)"
615,2024-05-27 09:21:51.557012,can_tapper14,2024-05-27 09:21:51.557012,0.0,Engine starting command,Engine Status,status,"rgb(152,78,163)"
615,2024-05-27 09:21:51.557012,can_tapper14,2024-05-27 09:21:49.252817,-2.304195,Glow plugs preheating,Engine Heater Glow Plugs Status,Engine Heater Glow Plugs,"rgb(152,78,163)"
615,2024-05-27 09:21:51.557012,can_tapper14,2024-05-27 09:21:53.178218,1.621206,Engine running command,Engine Status,status,"rgb(152,78,163)"
616,2024-05-27 10:12:56.396287,can_tapper14,2024-05-27 10:12:56.396287,0.0,Engine starting command,Engine Status,status,"rgb(255,127,0)"
616,2024-05-27 10:12:56.396287,can_tapper14,2024-05-27 10:12:54.187061,-2.209226,Glow plugs preheating,Engine Heater Glow Plugs Status,Engine Heater Glow Plugs,"rgb(255,127,0)"
616,2024-05-27 10:12:56.396287,can_tapper14,2024-05-27 10:12:57.906325,1.510038,Engine running command,Engine Status,status,"rgb(255,127,0)"
617,2024-05-27 11:01:47.727821,can_tapper14,2024-05-27 11:01:47.727821,0.0,Engine starting command,Engine Status,status,"rgb(255,255,51)"
617,2024-05-27 11:01:47.727821,can_tapper14,2024-05-27 11:01:45.523339,-2.204482,Glow plugs preheating,Engine Heater Glow Plugs Status,Engine Heater Glow Plugs,"rgb(255,255,51)"
617,2024-05-27 11:01:47.727821,can_tapper14,2024-05-27 11:01:49.266070,1.538249,Engine running command,Engine Status,status,"rgb(255,255,51)"
618,2024-05-27 12:07:21.381361,can_tapper14,2024-05-27 12:07:21.381361,0.0,Engine starting command,Engine Status,status,"rgb(166,86,40)"
618,2024-05-27 12:07:21.381361,can_tapper14,2024-05-27 12:07:19.276511,-2.10485,Glow plugs preheating,Engine Heater Glow Plugs Status,Engine Heater Glow Plugs,"rgb(166,86,40)"
618,2024-05-27 12:07:21.381361,can_tapper14,2024-05-27 12:07:22.988786,1.607425,Engine running command,Engine Status,status,"rgb(166,86,40)"
619,2024-05-27 13:55:13.834449,can_tapper14,2024-05-27 13:55:13.834449,0.0,Engine starting command,Engine Status,status,"rgb(247,129,191)"
619,2024-05-27 13:55:13.834449,can_tapper14,2024-05-27 13:55:11.734978,-2.099471,Glow plugs preheating,Engine Heater Glow Plugs Status,Engine Heater Glow Plugs,"rgb(247,129,191)"
619,2024-05-27 13:55:13.834449,can_tapper14,2024-05-27 13:55:15.364249,1.5298,Engine running command,Engine Status,status,"rgb(247,129,191)"
620,2024-05-27 14:34:54.123864,can_tapper14,2024-05-27 14:34:54.123864,0.0,Engine starting command,Engine Status,status,"rgb(153,153,153)"
620,2024-05-27 14:34:54.123864,can_tapper14,2024-05-27 14:34:51.917215,-2.206649,Glow plugs preheating,Engine Heater Glow Plugs Status,Engine Heater Glow Plugs,"rgb(153,153,153)"
620,2024-05-27 14:34:54.123864,can_tapper14,2024-05-27 14:34:55.715140,1.591276,Engine running command,Engine Status,status,"rgb(153,153,153)"
621,2024-05-28 08:38:03.960370,can_tapper14,2024-05-28 08:38:03.960370,0.0,Engine starting command,Engine Status,status,"rgb(228,26,28)"
621,2024-05-28 08:38:03.960370,can_tapper14,2024-05-28 08:38:01.855966,-2.104404,Glow plugs preheating,Engine Heater Glow Plugs Status,Engine Heater Glow Plugs,"rgb(228,26,28)"
621,2024-05-28 08:38:03.960370,can_tapper14,2024-05-28 08:38:05.727491,1.767121,Engine running command,Engine Status,status,"rgb(228,26,28)"
622,2024-05-28 08:44:21.236840,can_tapper14,2024-05-28 08:44:21.236840,0.0,Engine starting command,Engine Status,status,"rgb(55,126,184)"
622,2024-05-28 08:44:21.236840,can_tapper14,2024-05-28 08:44:19.126530,-2.11031,Glow plugs preheating,Engine Heater Glow Plugs Status,Engine Heater Glow Plugs,"rgb(55,126,184)"
622,2024-05-28 08:44:21.236840,can_tapper14,2024-05-28 08:44:23.075618,1.838778,Engine running command,Engine Status,status,"rgb(55,126,184)"
623,2024-05-28 09:53:45.382289,can_tapper14,2024-05-28 09:53:45.382289,0.0,Engine starting command,Engine Status,status,"rgb(77,175,74)"
623,2024-05-28 09:53:45.382289,can_tapper14,2024-05-28 09:53:43.077828,-2.304461,Glow plugs preheating,Engine Heater Glow Plugs Status,Engine Heater Glow Plugs,"rgb(77,175,74)"
623,2024-05-28 09:53:45.382289,can_tapper14,2024-05-28 09:53:47.098133,1.715844,Engine running command,Engine Status,status,"rgb(77,175,74)"
624,2024-05-28 13:05:33.174400,can_tapper14,2024-05-28 13:05:33.174400,0.0,Engine starting command,Engine Status,status,"rgb(152,78,163)"
624,2024-05-28 13:05:33.174400,can_tapper14,2024-05-28 13:05:31.068327,-2.106073,Glow plugs preheating,Engine Heater Glow Plugs Status,Engine Heater Glow Plugs,"rgb(152,78,163)"
624,2024-05-28 13:05:33.174400,can_tapper14,2024-05-28 13:05:34.686975,1.512575,Engine running command,Engine Status,status,"rgb(152,78,163)"
625,2024-05-28 14:14:05.837645,can_tapper14,2024-05-28 14:14:05.837645,0.0,Engine starting command,Engine Status,status,"rgb(255,127,0)"
625,2024-05-28 14:14:05.837645,can_tapper14,2024-05-28 14:14:07.459695,1.62205,Engine running command,Engine Status,status,"rgb(255,127,0)"
626,2024-05-29 07:58:12.481272,can_tapper14,2024-05-29 07:58:12.481272,0.0,Engine starting command,Engine Status,status,"rgb(255,255,51)"
626,2024-05-29 07:58:12.481272,can_tapper14,2024-05-29 07:58:10.271978,-2.209294,Glow plugs preheating,Engine Heater Glow Plugs Status,Engine Heater Glow Plugs,"rgb(255,255,51)"
626,2024-05-29 07:58:12.481272,can_tapper14,2024-05-29 07:58:13.926601,1.445329,Engine running command,Engine Status,status,"rgb(255,255,51)"
627,2024-05-29 09:23:40.390759,can_tapper14,2024-05-29 09:23:40.390759,0.0,Engine starting command,Engine Status,status,"rgb(166,86,40)"
627,2024-05-29 09:23:40.390759,can_tapper14,2024-05-29 09:23:38.285783,-2.104976,Glow plugs preheating,Engine Heater Glow Plugs Status,Engine Heater Glow Plugs,"rgb(166,86,40)"
627,2024-05-29 09:23:40.390759,can_tapper14,2024-05-29 09:23:41.917301,1.526542,Engine running command,Engine Status,status,"rgb(166,86,40)"
628,2024-05-29 10:16:31.281239,can_tapper14,2024-05-29 10:16:31.281239,0.0,Engine starting command,Engine Status,status,"rgb(247,129,191)"
628,2024-05-29 10:16:31.281239,can_tapper14,2024-05-29 10:16:29.076396,-2.204843,Glow plugs preheating,Engine Heater Glow Plugs Status,Engine Heater Glow Plugs,"rgb(247,129,191)"
628,2024-05-29 10:16:31.281239,can_tapper14,2024-05-29 10:16:32.714314,1.433075,Engine running command,Engine Status,status,"rgb(247,129,191)"
629,2024-05-29 10:53:25.278214,can_tapper14,2024-05-29 10:53:25.278214,0.0,Engine starting command,Engine Status,status,"rgb(153,153,153)"
629,2024-05-29 10:53:25.278214,can_tapper14,2024-05-29 10:53:23.073222,-2.204992,Glow plugs preheating,Engine Heater Glow Plugs Status,Engine Heater Glow Plugs,"rgb(153,153,153)"
629,2024-05-29 10:53:25.278214,can_tapper14,2024-05-29 10:53:26.612589,1.334375,Engine running command,Engine Status,status,"rgb(153,153,153)"
630,2024-05-29 11:12:48.796169,can_tapper14,2024-05-29 11:12:48.796169,0.0,Engine starting command,Engine Status,status,"rgb(228,26,28)"
630,2024-05-29 11:12:48.796169,can_tapper14,2024-05-29 11:12:46.593358,-2.202811,Glow plugs preheating,Engine Heater Glow Plugs Status,Engine Heater Glow Plugs,"rgb(228,26,28)"
630,2024-05-29 11:12:48.796169,can_tapper14,2024-05-29 11:12:50.472731,1.676562,Engine running command,Engine Status,status,"rgb(228,26,28)"
631,2024-05-29 12:10:36.781350,can_tapper14,2024-05-29 12:10:36.781350,0.0,Engine starting command,Engine Status,status,"rgb(55,126,184)"
631,2024-05-29 12:10:36.781350,can_tapper14,2024-05-29 12:10:38.632826,1.851476,Engine running command,Engine Status,status,"rgb(55,126,184)"
632,2024-05-29 13:22:25.284910,can_tapper14,2024-05-29 13:22:25.284910,0.0,Engine starting command,Engine Status,status,"rgb(77,175,74)"
632,2024-05-29 13:22:25.284910,can_tapper14,2024-05-29 13:22:22.980155,-2.304755,Glow plugs preheating,Engine Heater Glow Plugs Status,Engine Heater Glow Plugs,"rgb(77,175,74)"
632,2024-05-29 13:22:25.284910,can_tapper14,2024-05-29 13:22:26.819229,1.534319,Engine running command,Engine Status,status,"rgb(77,175,74)"
633,2024-05-29 14:21:48.727956,can_tapper14,2024-05-29 14:21:48.727956,0.0,Engine starting command,Engine Status,status,"rgb(152,78,163)"
633,2024-05-29 14:21:48.727956,can_tapper14,2024-05-29 14:21:46.621901,-2.106055,Glow plugs preheating,Engine Heater Glow Plugs Status,Engine Heater Glow Plugs,"rgb(152,78,163)"
633,2024-05-29 14:21:48.727956,can_tapper14,2024-05-29 14:21:50.114416,1.38646,Engine running command,Engine Status,status,"rgb(152,78,163)"
634,2024-05-30 06:00:52.596885,can_tapper14,2024-05-30 06:00:52.596885,0.0,Engine starting command,Engine Status,status,"rgb(255,127,0)"
634,2024-05-30 06:00:52.596885,can_tapper14,2024-05-30 06:00:50.290512,-2.306373,Glow plugs preheating,Engine Heater Glow Plugs Status,Engine Heater Glow Plugs,"rgb(255,127,0)"
634,2024-05-30 06:00:52.596885,can_tapper14,2024-05-30 06:00:54.149429,1.552544,Engine running command,Engine Status,status,"rgb(255,127,0)"
635,2024-05-30 06:56:15.429842,can_tapper14,2024-05-30 06:56:15.429842,0.0,Engine starting command,Engine Status,status,"rgb(255,255,51)"
635,2024-05-30 06:56:15.429842,can_tapper14,2024-05-30 06:56:13.223518,-2.206324,Glow plugs preheating,Engine Heater Glow Plugs Status,Engine Heater Glow Plugs,"rgb(255,255,51)"
635,2024-05-30 06:56:15.429842,can_tapper14,2024-05-30 06:56:17.134169,1.704327,Engine running command,Engine Status,status,"rgb(255,255,51)"
636,2024-05-30 09:24:59.888487,can_tapper14,2024-05-30 09:24:59.888487,0.0,Engine starting command,Engine Status,status,"rgb(166,86,40)"
636,2024-05-30 09:24:59.888487,can_tapper14,2024-05-30 09:24:57.579807,-2.30868,Glow plugs preheating,Engine Heater Glow Plugs Status,Engine Heater Glow Plugs,"rgb(166,86,40)"
636,2024-05-30 09:24:59.888487,can_tapper14,2024-05-30 09:25:01.653696,1.765209,Engine running command,Engine Status,status,"rgb(166,86,40)"
637,2024-05-30 11:28:48.869960,can_tapper14,2024-05-30 11:28:48.869960,0.0,Engine starting command,Engine Status,status,"rgb(247,129,191)"
637,2024-05-30 11:28:48.869960,can_tapper14,2024-05-30 11:28:46.558552,-2.311408,Glow plugs preheating,Engine Heater Glow Plugs Status,Engine Heater Glow Plugs,"rgb(247,129,191)"
637,2024-05-30 11:28:48.869960,can_tapper14,2024-05-30 11:28:50.407423,1.537463,Engine running command,Engine Status,status,"rgb(247,129,191)"
638,2024-05-30 13:10:36.262304,can_tapper14,2024-05-30 13:10:36.262304,0.0,Engine starting command,Engine Status,status,"rgb(153,153,153)"
638,2024-05-30 13:10:36.262304,can_tapper14,2024-05-30 13:10:34.257954,-2.00435,Glow plugs preheating,Engine Heater Glow Plugs Status,Engine Heater Glow Plugs,"rgb(153,153,153)"
638,2024-05-30 13:10:36.262304,can_tapper14,2024-05-30 13:10:37.732955,1.470651,Engine running command,Engine Status,status,"rgb(153,153,153)"
639,2024-05-30 13:20:37.233173,can_tapper14,2024-05-30 13:20:37.233173,0.0,Engine starting command,Engine Status,status,"rgb(228,26,28)"
639,2024-05-30 13:20:37.233173,can_tapper14,2024-05-30 13:20:29.604953,-7.62822,Glow plugs preheating,Engine Heater Glow Plugs Status,Engine Heater Glow Plugs,"rgb(228,26,28)"
639,2024-05-30 13:20:37.233173,can_tapper14,2024-05-30 13:20:34.907652,-2.325521,Glow plugs preheating,Engine Heater Glow Plugs Status,Engine Heater Glow Plugs,"rgb(228,26,28)"
639,2024-05-30 13:20:37.233173,can_tapper14,2024-05-30 13:20:38.899799,1.666626,Engine running command,Engine Status,status,"rgb(228,26,28)"
640,2024-05-30 13:31:14.693751,can_tapper14,2024-05-30 13:31:14.693751,0.0,Engine starting command,Engine Status,status,"rgb(55,126,184)"
640,2024-05-30 13:31:14.693751,can_tapper14,2024-05-30 13:31:12.389302,-2.304449,Glow plugs preheating,Engine Heater Glow Plugs Status,Engine Heater Glow Plugs,"rgb(55,126,184)"
640,2024-05-30 13:31:14.693751,can_tapper14,2024-05-30 13:31:16.140125,1.446374,Engine running command,Engine Status,status,"rgb(55,126,184)"
641,2024-05-30 15:37:24.464941,can_tapper14,2024-05-30 15:37:24.464941,0.0,Engine starting command,Engine Status,status,"rgb(77,175,74)"
641,2024-05-30 15:37:24.464941,can_tapper14,2024-05-30 15:37:22.160272,-2.304669,Glow plugs preheating,Engine Heater Glow Plugs Status,Engine Heater Glow Plugs,"rgb(77,175,74)"
641,2024-05-30 15:37:24.464941,can_tapper14,2024-05-30 15:37:25.924573,1.459632,Engine running command,Engine Status,status,"rgb(77,175,74)"
642,2024-05-31 07:28:58.372558,can_tapper14,2024-05-31 07:28:58.372558,0.0,Engine starting command,Engine Status,status,"rgb(152,78,163)"
642,2024-05-31 07:28:58.372558,can_tapper14,2024-05-31 07:28:56.068387,-2.304171,Glow plugs preheating,Engine Heater Glow Plugs Status,Engine Heater Glow Plugs,"rgb(152,78,163)"
642,2024-05-31 07:28:58.372558,can_tapper14,2024-05-31 07:28:59.957009,1.584451,Engine running command,Engine Status,status,"rgb(152,78,163)"
643,2024-05-31 08:47:58.090852,can_tapper14,2024-05-31 08:47:58.090852,0.0,Engine starting command,Engine Status,status,"rgb(255,127,0)"
643,2024-05-31 08:47:58.090852,can_tapper14,2024-05-31 08:47:55.982466,-2.108386,Glow plugs preheating,Engine Heater Glow Plugs Status,Engine Heater Glow Plugs,"rgb(255,127,0)"
643,2024-05-31 08:47:58.090852,can_tapper14,2024-05-31 08:47:59.599110,1.508258,Engine running command,Engine Status,status,"rgb(255,127,0)"
644,2024-05-31 09:09:59.489866,can_tapper14,2024-05-31 09:09:59.489866,0.0,Engine starting command,Engine Status,status,"rgb(255,255,51)"
644,2024-05-31 09:09:59.489866,can_tapper14,2024-05-31 09:09:53.180742,-6.309124,Glow plugs preheating,Engine Heater Glow Plugs Status,Engine Heater Glow Plugs,"rgb(255,255,51)"
644,2024-05-31 09:09:59.489866,can_tapper14,2024-05-31 09:09:57.182942,-2.306924,Glow plugs preheating,Engine Heater Glow Plugs Status,Engine Heater Glow Plugs,"rgb(255,255,51)"
644,2024-05-31 09:09:59.489866,can_tapper14,2024-05-31 09:10:01.041091,1.551225,Engine running command,Engine Status,status,"rgb(255,255,51)"
645,2024-06-03 09:27:52.996895,can_tapper14,2024-06-03 09:27:52.996895,0.0,Engine starting command,Engine Status,status,"rgb(166,86,40)"
645,2024-06-03 09:27:52.996895,can_tapper14,2024-06-03 09:27:50.690314,-2.306581,Glow plugs preheating,Engine Heater Glow Plugs Status,Engine Heater Glow Plugs,"rgb(166,86,40)"
645,2024-06-03 09:27:52.996895,can_tapper14,2024-06-03 09:27:54.597182,1.600287,Engine running command,Engine Status,status,"rgb(166,86,40)"
646,2024-06-03 09:53:05.658882,can_tapper14,2024-06-03 09:53:05.658882,0.0,Engine starting command,Engine Status,status,"rgb(247,129,191)"
646,2024-06-03 09:53:05.658882,can_tapper14,2024-06-03 09:53:03.552333,-2.106549,Glow plugs preheating,Engine Heater Glow Plugs Status,Engine Heater Glow Plugs,"rgb(247,129,191)"
646,2024-06-03 09:53:05.658882,can_tapper14,2024-06-03 09:53:07.270677,1.611795,Engine running command,Engine Status,status,"rgb(247,129,191)"
647,2024-06-06 09:48:44.478415,can_tapper14,2024-06-06 09:48:44.478415,0.0,Engine starting command,Engine Status,status,"rgb(153,153,153)"
647,2024-06-06 09:48:44.478415,can_tapper14,2024-06-06 09:48:42.370621,-2.107794,Glow plugs preheating,Engine Heater Glow Plugs Status,Engine Heater Glow Plugs,"rgb(153,153,153)"
647,2024-06-06 09:48:44.478415,can_tapper14,2024-06-06 09:48:45.775761,1.297346,Engine running command,Engine Status,status,"rgb(153,153,153)"
648,2024-06-10 09:02:55.671578,can_tapper14,2024-06-10 09:02:55.671578,0.0,Engine starting command,Engine Status,status,"rgb(228,26,28)"
648,2024-06-10 09:02:55.671578,can_tapper14,2024-06-10 09:02:53.468113,-2.203465,Glow plugs preheating,Engine Heater Glow Plugs Status,Engine Heater Glow Plugs,"rgb(228,26,28)"
648,2024-06-10 09:02:55.671578,can_tapper14,2024-06-10 09:02:56.993829,1.322251,Engine running command,Engine Status,status,"rgb(228,26,28)"
649,2024-06-10 13:15:10.085870,can_tapper14,2024-06-10 13:15:10.085870,0.0,Engine starting command,Engine Status,status,"rgb(55,126,184)"
649,2024-06-10 13:15:10.085870,can_tapper14,2024-06-10 13:15:07.778096,-2.307774,Glow plugs preheating,Engine Heater Glow Plugs Status,Engine Heater Glow Plugs,"rgb(55,126,184)"
649,2024-06-10 13:15:10.085870,can_tapper14,2024-06-10 13:15:11.601390,1.51552,Engine running command,Engine Status,status,"rgb(55,126,184)"
650,2024-06-20 08:51:24.494186,can_tapper14,2024-06-20 08:51:24.494186,0.0,Engine starting command,Engine Status,status,"rgb(77,175,74)"
650,2024-06-20 08:51:24.494186,can_tapper14,2024-06-20 08:51:22.388491,-2.105695,Glow plugs preheating,Engine Heater Glow Plugs Status,Engine Heater Glow Plugs,"rgb(77,175,74)"
650,2024-06-20 08:51:24.494186,can_tapper14,2024-06-20 08:51:26.175672,1.681486,Engine running command,Engine Status,status,"rgb(77,175,74)"
651,2024-06-26 13:27:38.379669,can_tapper14,2024-06-26 13:27:38.379669,0.0,Engine starting command,Engine Status,status,"rgb(152,78,163)"
651,2024-06-26 13:27:38.379669,can_tapper14,2024-06-26 13:27:36.270250,-2.109419,Glow plugs preheating,Engine Heater Glow Plugs Status,Engine Heater Glow Plugs,"rgb(152,78,163)"
651,2024-06-26 13:27:38.379669,can_tapper14,2024-06-26 13:27:39.778729,1.39906,Engine running command,Engine Status,status,"rgb(152,78,163)"
652,2024-06-26 13:49:48.463032,can_tapper14,2024-06-26 13:49:48.463032,0.0,Engine starting command,Engine Status,status,"rgb(255,127,0)"
652,2024-06-26 13:49:48.463032,can_tapper14,2024-06-26 13:49:46.358896,-2.104136,Glow plugs preheating,Engine Heater Glow Plugs Status,Engine Heater Glow Plugs,"rgb(255,127,0)"
652,2024-06-26 13:49:48.463032,can_tapper14,2024-06-26 13:49:50.082973,1.619941,Engine running command,Engine Status,status,"rgb(255,127,0)"
653,2024-08-09 09:43:44.530356,can_tapper14,2024-08-09 09:43:44.530356,0.0,Engine starting command,Engine Status,status,"rgb(255,255,51)"
653,2024-08-09 09:43:44.530356,can_tapper14,2024-08-09 09:43:44.870451,0.340095,Glow plugs preheating,Engine Heater Glow Plugs Status,Engine Heater Glow Plugs,"rgb(255,255,51)"
653,2024-08-09 09:43:44.530356,can_tapper14,2024-08-09 09:43:46.117368,1.587012,Engine running command,Engine Status,status,"rgb(255,255,51)"
654,2024-08-21 14:43:09.433689,can_tapper14,2024-08-21 14:43:09.433689,0.0,Engine starting command,Engine Status,status,"rgb(166,86,40)"
654,2024-08-21 14:43:09.433689,can_tapper14,2024-08-21 14:43:07.428201,-2.005488,Glow plugs preheating,Engine Heater Glow Plugs Status,Engine Heater Glow Plugs,"rgb(166,86,40)"
654,2024-08-21 14:43:09.433689,can_tapper14,2024-08-21 14:43:10.885506,1.451817,Engine running command,Engine Status,status,"rgb(166,86,40)"
655,2024-08-21 15:00:14.013099,can_tapper14,2024-08-21 15:00:14.013099,0.0,Engine starting command,Engine Status,status,"rgb(247,129,191)"
655,2024-08-21 15:00:14.013099,can_tapper14,2024-08-21 15:00:11.908005,-2.105094,Glow plugs preheating,Engine Heater Glow Plugs Status,Engine Heater Glow Plugs,"rgb(247,129,191)"
655,2024-08-21 15:00:14.013099,can_tapper14,2024-08-21 15:00:15.595886,1.582787,Engine running command,Engine Status,status,"rgb(247,129,191)"
656,2024-08-21 16:18:32.927268,can_tapper14,2024-08-21 16:18:32.927268,0.0,Engine starting command,Engine Status,status,"rgb(153,153,153)"
656,2024-08-21 16:18:32.927268,can_tapper14,2024-08-21 16:18:30.622188,-2.30508,Glow plugs preheating,Engine Heater Glow Plugs Status,Engine Heater Glow Plugs,"rgb(153,153,153)"
656,2024-08-21 16:18:32.927268,can_tapper14,2024-08-21 16:18:34.343959,1.416691,Engine running command,Engine Status,status,"rgb(153,153,153)"
657,2024-08-21 18:36:15.448232,can_tapper14,2024-08-21 18:36:15.448232,0.0,Engine starting command,Engine Status,status,"rgb(228,26,28)"
657,2024-08-21 18:36:15.448232,can_tapper14,2024-08-21 18:36:13.341960,-2.106272,Glow plugs preheating,Engine Heater Glow Plugs Status,Engine Heater Glow Plugs,"rgb(228,26,28)"
657,2024-08-21 18:36:15.448232,can_tapper14,2024-08-21 18:36:16.871452,1.42322,Engine running command,Engine Status,status,"rgb(228,26,28)"
658,2024-08-21 18:47:47.615137,can_tapper14,2024-08-21 18:47:47.615137,0.0,Engine starting command,Engine Status,status,"rgb(55,126,184)"
658,2024-08-21 18:47:47.615137,can_tapper14,2024-08-21 18:47:45.308076,-2.307061,Glow plugs preheating,Engine Heater Glow Plugs Status,Engine Heater Glow Plugs,"rgb(55,126,184)"
658,2024-08-21 18:47:47.615137,can_tapper14,2024-08-21 18:47:49.047654,1.432517,Engine running command,Engine Status,status,"rgb(55,126,184)"
659,2024-08-27 12:58:43.776416,can_tapper14,2024-08-27 12:58:43.776416,0.0,Engine starting command,Engine Status,status,"rgb(77,175,74)"
659,2024-08-27 12:58:43.776416,can_tapper14,2024-08-27 12:58:41.670621,-2.105795,Glow plugs preheating,Engine Heater Glow Plugs Status,Engine Heater Glow Plugs,"rgb(77,175,74)"
659,2024-08-27 12:58:43.776416,can_tapper14,2024-08-27 12:58:45.299713,1.523297,Engine running command,Engine Status,status,"rgb(77,175,74)"
660,2024-08-27 13:06:05.508688,can_tapper14,2024-08-27 13:06:05.508688,0.0,Engine starting command,Engine Status,status,"rgb(152,78,163)"
660,2024-08-27 13:06:05.508688,can_tapper14,2024-08-27 13:06:03.402310,-2.106378,Glow plugs preheating,Engine Heater Glow Plugs Status,Engine Heater Glow Plugs,"rgb(152,78,163)"
660,2024-08-27 13:06:05.508688,can_tapper14,2024-08-27 13:06:07.047832,1.539144,Engine running command,Engine Status,status,"rgb(152,78,163)"
661,2024-08-29 07:30:01.262711,can_tapper14,2024-08-29 07:30:01.262711,0.0,Engine starting command,Engine Status,status,"rgb(255,127,0)"
661,2024-08-29 07:30:01.262711,can_tapper14,2024-08-29 07:29:59.058537,-2.204174,Glow plugs preheating,Engine Heater Glow Plugs Status,Engine Heater Glow Plugs,"rgb(255,127,0)"
661,2024-08-29 07:30:01.262711,can_tapper14,2024-08-29 07:30:02.926630,1.663919,Engine running command,Engine Status,status,"rgb(255,127,0)"
662,2024-08-29 07:57:10.337481,can_tapper14,2024-08-29 07:57:10.337481,0.0,Engine starting command,Engine Status,status,"rgb(255,255,51)"
662,2024-08-29 07:57:10.337481,can_tapper14,2024-08-29 07:57:08.021301,-2.31618,Glow plugs preheating,Engine Heater Glow Plugs Status,Engine Heater Glow Plugs,"rgb(255,255,51)"
662,2024-08-29 07:57:10.337481,can_tapper14,2024-08-29 07:57:11.996138,1.658657,Engine running command,Engine Status,status,"rgb(255,255,51)"
663,2024-08-29 10:01:07.669951,can_tapper14,2024-08-29 10:01:07.669951,0.0,Engine starting command,Engine Status,status,"rgb(166,86,40)"
663,2024-08-29 10:01:07.669951,can_tapper14,2024-08-29 10:01:05.562932,-2.107019,Glow plugs preheating,Engine Heater Glow Plugs Status,Engine Heater Glow Plugs,"rgb(166,86,40)"
663,2024-08-29 10:01:07.669951,can_tapper14,2024-08-29 10:01:09.288531,1.61858,Engine running command,Engine Status,status,"rgb(166,86,40)"
664,2024-08-29 11:49:49.391281,can_tapper14,2024-08-29 11:49:49.391281,0.0,Engine starting command,Engine Status,status,"rgb(247,129,191)"
664,2024-08-29 11:49:49.391281,can_tapper14,2024-08-29 11:49:49.790568,0.399287,Glow plugs preheating,Engine Heater Glow Plugs Status,Engine Heater Glow Plugs,"rgb(247,129,191)"
664,2024-08-29 11:49:49.391281,can_tapper14,2024-08-29 11:49:50.926955,1.535674,Engine running command,Engine Status,status,"rgb(247,129,191)"
665,2024-08-29 11:51:52.513691,can_tapper14,2024-08-29 11:51:52.513691,0.0,Engine starting command,Engine Status,status,"rgb(153,153,153)"
665,2024-08-29 11:51:52.513691,can_tapper14,2024-08-29 11:51:52.840620,0.326929,Glow plugs preheating,Engine Heater Glow Plugs Status,Engine Heater Glow Plugs,"rgb(153,153,153)"
665,2024-08-29 11:51:52.513691,can_tapper14,2024-08-29 11:51:54.130484,1.616793,Engine running command,Engine Status,status,"rgb(153,153,153)"
666,2024-08-29 15:22:45.684308,can_tapper14,2024-08-29 15:22:45.684308,0.0,Engine starting command,Engine Status,status,"rgb(228,26,28)"
666,2024-08-29 15:22:45.684308,can_tapper14,2024-08-29 15:22:47.371621,1.687313,Engine running command,Engine Status,status,"rgb(228,26,28)"
667,2024-09-03 15:29:36.974010,can_tapper14,2024-09-03 15:29:36.974010,0.0,Engine starting command,Engine Status,status,"rgb(55,126,184)"
667,2024-09-03 15:29:36.974010,can_tapper14,2024-09-03 15:29:34.869798,-2.104212,Glow plugs preheating,Engine Heater Glow Plugs Status,Engine Heater Glow Plugs,"rgb(55,126,184)"
667,2024-09-03 15:29:36.974010,can_tapper14,2024-09-03 15:29:38.654619,1.680609,Engine running command,Engine Status,status,"rgb(55,126,184)"
668,2024-09-03 15:34:08.206690,can_tapper14,2024-09-03 15:34:08.206690,0.0,Engine starting command,Engine Status,status,"rgb(77,175,74)"
668,2024-09-03 15:34:08.206690,can_tapper14,2024-09-03 15:34:06.097207,-2.109483,Glow plugs preheating,Engine Heater Glow Plugs Status,Engine Heater Glow Plugs,"rgb(77,175,74)"
668,2024-09-03 15:34:08.206690,can_tapper14,2024-09-03 15:34:09.526533,1.319843,Engine running command,Engine Status,status,"rgb(77,175,74)"
669,2024-09-06 10:56:57.233104,can_tapper14,2024-09-06 10:56:57.233104,0.0,Engine starting command,Engine Status,status,"rgb(152,78,163)"
669,2024-09-06 10:56:57.233104,can_tapper14,2024-09-06 10:56:57.449153,0.216049,Glow plugs preheating,Engine Heater Glow Plugs Status,Engine Heater Glow Plugs,"rgb(152,78,163)"
669,2024-09-06 10:56:57.233104,can_tapper14,2024-09-06 10:56:58.973393,1.740289,Engine running command,Engine Status,status,"rgb(152,78,163)"
670,2024-10-01 08:17:11.283494,can_tapper14,2024-10-01 08:17:11.283494,0.0,Engine starting command,Engine Status,status,"rgb(255,127,0)"
670,2024-10-01 08:17:11.283494,can_tapper14,2024-10-01 08:17:11.573919,0.290425,Glow plugs preheating,Engine Heater Glow Plugs Status,Engine Heater Glow Plugs,"rgb(255,127,0)"
670,2024-10-01 08:17:11.283494,can_tapper14,2024-10-01 08:17:12.809649,1.526155,Engine running command,Engine Status,status,"rgb(255,127,0)"
671,2024-10-01 08:24:47.200643,can_tapper14,2024-10-01 08:24:47.200643,0.0,Engine starting command,Engine Status,status,"rgb(255,255,51)"
671,2024-10-01 08:24:47.200643,can_tapper14,2024-10-01 08:24:47.544719,0.344076,Glow plugs preheating,Engine Heater Glow Plugs Status,Engine Heater Glow Plugs,"rgb(255,255,51)"
671,2024-10-01 08:24:47.200643,can_tapper14,2024-10-01 08:24:48.599361,1.398718,Engine running command,Engine Status,status,"rgb(255,255,51)"
672,2024-10-01 10:26:37.981697,can_tapper14,2024-10-01 10:26:37.981697,0.0,Engine starting command,Engine Status,status,"rgb(166,86,40)"
672,2024-10-01 10:26:37.981697,can_tapper14,2024-10-01 10:26:35.769737,-2.21196,Glow plugs preheating,Engine Heater Glow Plugs Status,Engine Heater Glow Plugs,"rgb(166,86,40)"
672,2024-10-01 10:26:37.981697,can_tapper14,2024-10-01 10:26:39.516510,1.534813,Engine running command,Engine Status,status,"rgb(166,86,40)"
673,2024-10-01 10:45:55.301779,can_tapper14,2024-10-01 10:45:55.301779,0.0,Engine starting command,Engine Status,status,"rgb(247,129,191)"
673,2024-10-01 10:45:55.301779,can_tapper14,2024-10-01 10:45:45.878957,-9.422822,Glow plugs preheating,Engine Heater Glow Plugs Status,Engine Heater Glow Plugs,"rgb(247,129,191)"
673,2024-10-01 10:45:55.301779,can_tapper14,2024-10-01 10:45:53.189842,-2.111937,Glow plugs preheating,Engine Heater Glow Plugs Status,Engine Heater Glow Plugs,"rgb(247,129,191)"
673,2024-10-01 10:45:55.301779,can_tapper14,2024-10-01 10:45:56.987305,1.685526,Engine running command,Engine Status,status,"rgb(247,129,191)"
673,2024-10-01 10:45:55.301779,can_tapper14,2024-10-01 10:47:03.232020,67.930241,Glow plugs preheating,Engine Heater Glow Plugs Status,Engine Heater Glow Plugs,"rgb(247,129,191)"
673,2024-10-01 10:45:55.301779,can_tapper14,2024-10-01 10:47:06.743638,71.441859,Engine running command,Engine Status,status,"rgb(247,129,191)"
674,2024-10-01 10:47:05.334719,can_tapper14,2024-10-01 10:47:05.334719,0.0,Engine starting command,Engine Status,status,"rgb(153,153,153)"
674,2024-10-01 10:47:05.334719,can_tapper14,2024-10-01 10:47:03.232020,-2.102699,Glow plugs preheating,Engine Heater Glow Plugs Status,Engine Heater Glow Plugs,"rgb(153,153,153)"
674,2024-10-01 10:47:05.334719,can_tapper14,2024-10-01 10:47:06.743638,1.408919,Engine running command,Engine Status,status,"rgb(153,153,153)"
675,2024-10-01 11:16:32.342051,can_tapper14,2024-10-01 11:16:32.342051,0.0,Engine starting command,Engine Status,status,"rgb(228,26,28)"
675,2024-10-01 11:16:32.342051,can_tapper14,2024-10-01 11:16:30.134597,-2.207454,Glow plugs preheating,Engine Heater Glow Plugs Status,Engine Heater Glow Plugs,"rgb(228,26,28)"
675,2024-10-01 11:16:32.342051,can_tapper14,2024-10-01 11:16:33.929538,1.587487,Engine running command,Engine Status,status,"rgb(228,26,28)"
676,2024-10-01 11:19:05.948146,can_tapper14,2024-10-01 11:19:05.948146,0.0,Engine starting command,Engine Status,status,"rgb(55,126,184)"
676,2024-10-01 11:19:05.948146,can_tapper14,2024-10-01 11:19:03.746862,-2.201284,Glow plugs preheating,Engine Heater Glow Plugs Status,Engine Heater Glow Plugs,"rgb(55,126,184)"
676,2024-10-01 11:19:05.948146,can_tapper14,2024-10-01 11:19:07.263126,1.31498,Engine running command,Engine Status,status,"rgb(55,126,184)"
676,2024-10-01 11:19:05.948146,can_tapper14,2024-10-01 11:20:42.897620,96.949474,Glow plugs preheating,Engine Heater Glow Plugs Status,Engine Heater Glow Plugs,"rgb(55,126,184)"
676,2024-10-01 11:19:05.948146,can_tapper14,2024-10-01 11:20:46.642870,100.694724,Engine running command,Engine Status,status,"rgb(55,126,184)"
677,2024-10-01 11:20:45.104805,can_tapper14,2024-10-01 11:20:45.104805,0.0,Engine starting command,Engine Status,status,"rgb(77,175,74)"
677,2024-10-01 11:20:45.104805,can_tapper14,2024-10-01 11:20:42.897620,-2.207185,Glow plugs preheating,Engine Heater Glow Plugs Status,Engine Heater Glow Plugs,"rgb(77,175,74)"
677,2024-10-01 11:20:45.104805,can_tapper14,2024-10-01 11:20:46.642870,1.538065,Engine running command,Engine Status,status,"rgb(77,175,74)"
678,2024-10-01 11:28:40.769899,can_tapper14,2024-10-01 11:28:40.769899,0.0,Engine starting command,Engine Status,status,"rgb(152,78,163)"
678,2024-10-01 11:28:40.769899,can_tapper14,2024-10-01 11:28:38.560610,-2.209289,Glow plugs preheating,Engine Heater Glow Plugs Status,Engine Heater Glow Plugs,"rgb(152,78,163)"
678,2024-10-01 11:28:40.769899,can_tapper14,2024-10-01 11:28:42.158931,1.389032,Engine running command,Engine Status,status,"rgb(152,78,163)"
679,2024-10-01 12:13:54.733932,can_tapper14,2024-10-01 12:13:54.733932,0.0,Engine starting command,Engine Status,status,"rgb(255,127,0)"
679,2024-10-01 12:13:54.733932,can_tapper14,2024-10-01 12:13:52.630134,-2.103798,Glow plugs preheating,Engine Heater Glow Plugs Status,Engine Heater Glow Plugs,"rgb(255,127,0)"
679,2024-10-01 12:13:54.733932,can_tapper14,2024-10-01 12:13:56.114482,1.38055,Engine running command,Engine Status,status,"rgb(255,127,0)"
680,2024-10-01 15:45:32.959922,can_tapper14,2024-10-01 15:45:32.959922,0.0,Engine starting command,Engine Status,status,"rgb(255,255,51)"
680,2024-10-01 15:45:32.959922,can_tapper14,2024-10-01 15:45:30.649534,-2.310388,Glow plugs preheating,Engine Heater Glow Plugs Status,Engine Heater Glow Plugs,"rgb(255,255,51)"
680,2024-10-01 15:45:32.959922,can_tapper14,2024-10-01 15:45:34.203122,1.2432,Engine running command,Engine Status,status,"rgb(255,255,51)"
681,2024-10-02 07:34:42.846983,can_tapper14,2024-10-02 07:34:42.846983,0.0,Engine starting command,Engine Status,status,"rgb(166,86,40)"
681,2024-10-02 07:34:42.846983,can_tapper14,2024-10-02 07:34:40.540949,-2.306034,Glow plugs preheating,Engine Heater Glow Plugs Status,Engine Heater Glow Plugs,"rgb(166,86,40)"
681,2024-10-02 07:34:42.846983,can_tapper14,2024-10-02 07:34:44.251223,1.40424,Engine running command,Engine Status,status,"rgb(166,86,40)"
682,2024-10-02 11:51:37.567155,can_tapper14,2024-10-02 11:51:37.567155,0.0,Engine starting command,Engine Status,status,"rgb(247,129,191)"
682,2024-10-02 11:51:37.567155,can_tapper14,2024-10-02 11:51:37.874459,0.307304,Glow plugs preheating,Engine Heater Glow Plugs Status,Engine Heater Glow Plugs,"rgb(247,129,191)"
682,2024-10-02 11:51:37.567155,can_tapper14,2024-10-02 11:51:39.123396,1.556241,Engine running command,Engine Status,status,"rgb(247,129,191)"
683,2024-10-03 10:29:45.169226,can_tapper14,2024-10-03 10:29:45.169226,0.0,Engine starting command,Engine Status,status,"rgb(153,153,153)"
683,2024-10-03 10:29:45.169226,can_tapper14,2024-10-03 10:29:42.863404,-2.305822,Glow plugs preheating,Engine Heater Glow Plugs Status,Engine Heater Glow Plugs,"rgb(153,153,153)"
683,2024-10-03 10:29:45.169226,can_tapper14,2024-10-03 10:29:46.553821,1.384595,Engine running command,Engine Status,status,"rgb(153,153,153)"
684,2024-10-07 08:32:50.054410,can_tapper14,2024-10-07 08:32:50.054410,0.0,Engine starting command,Engine Status,status,"rgb(228,26,28)"
684,2024-10-07 08:32:50.054410,can_tapper14,2024-10-07 08:32:49.351329,-0.703081,Glow plugs preheating,Engine Heater Glow Plugs Status,Engine Heater Glow Plugs,"rgb(228,26,28)"
684,2024-10-07 08:32:50.054410,can_tapper14,2024-10-07 08:32:51.715036,1.660626,Engine running command,Engine Status,status,"rgb(228,26,28)"
685,2024-10-07 08:36:00.512808,can_tapper14,2024-10-07 08:36:00.512808,0.0,Engine starting command,Engine Status,status,"rgb(55,126,184)"
685,2024-10-07 08:36:00.512808,can_tapper14,2024-10-07 08:36:00.743937,0.231129,Glow plugs preheating,Engine Heater Glow Plugs Status,Engine Heater Glow Plugs,"rgb(55,126,184)"
685,2024-10-07 08:36:00.512808,can_tapper14,2024-10-07 08:36:02.008245,1.495437,Engine running command,Engine Status,status,"rgb(55,126,184)"
686,2024-10-11 09:01:09.787203,can_tapper14,2024-10-11 09:01:09.787203,0.0,Engine starting command,Engine Status,status,"rgb(77,175,74)"
686,2024-10-11 09:01:09.787203,can_tapper14,2024-10-11 09:01:10.076780,0.289577,Glow plugs preheating,Engine Heater Glow Plugs Status,Engine Heater Glow Plugs,"rgb(77,175,74)"
686,2024-10-11 09:01:09.787203,can_tapper14,2024-10-11 09:01:11.493757,1.706554,Engine running command,Engine Status,status,"rgb(77,175,74)"
687,2024-10-11 09:17:08.573178,can_tapper14,2024-10-11 09:17:08.573178,0.0,Engine starting command,Engine Status,status,"rgb(152,78,163)"
687,2024-10-11 09:17:08.573178,can_tapper14,2024-10-11 09:17:06.462306,-2.110872,Glow plugs preheating,Engine Heater Glow Plugs Status,Engine Heater Glow Plugs,"rgb(152,78,163)"
687,2024-10-11 09:17:08.573178,can_tapper14,2024-10-11 09:17:10.118394,1.545216,Engine running command,Engine Status,status,"rgb(152,78,163)"
688,2024-10-11 09:19:18.438149,can_tapper14,2024-10-11 09:19:18.438149,0.0,Engine starting command,Engine Status,status,"rgb(255,127,0)"
688,2024-10-11 09:19:18.438149,can_tapper14,2024-10-11 09:19:08.927053,-9.511096,Glow plugs preheating,Engine Heater Glow Plugs Status,Engine Heater Glow Plugs,"rgb(255,127,0)"
688,2024-10-11 09:19:18.438149,can_tapper14,2024-10-11 09:19:16.133856,-2.304293,Glow plugs preheating,Engine Heater Glow Plugs Status,Engine Heater Glow Plugs,"rgb(255,127,0)"
688,2024-10-11 09:19:18.438149,can_tapper14,2024-10-11 09:19:20.025025,1.586876,Engine running command,Engine Status,status,"rgb(255,127,0)"
689,2024-10-14 11:26:57.051562,can_tapper14,2024-10-14 11:26:57.051562,0.0,Engine starting command,Engine Status,status,"rgb(255,255,51)"
689,2024-10-14 11:26:57.051562,can_tapper14,2024-10-14 11:26:54.844497,-2.207065,Glow plugs preheating,Engine Heater Glow Plugs Status,Engine Heater Glow Plugs,"rgb(255,255,51)"
689,2024-10-14 11:26:57.051562,can_tapper14,2024-10-14 11:26:58.369561,1.317999,Engine running command,Engine Status,status,"rgb(255,255,51)"
690,2024-10-14 11:44:52.636975,can_tapper14,2024-10-14 11:44:52.636975,0.0,Engine starting command,Engine Status,status,"rgb(166,86,40)"
690,2024-10-14 11:44:52.636975,can_tapper14,2024-10-14 11:44:50.530707,-2.106268,Glow plugs preheating,Engine Heater Glow Plugs Status,Engine Heater Glow Plugs,"rgb(166,86,40)"
690,2024-10-14 11:44:52.636975,can_tapper14,2024-10-14 11:44:54.170321,1.533346,Engine running command,Engine Status,status,"rgb(166,86,40)"
691,2024-10-14 11:48:24.957100,can_tapper14,2024-10-14 11:48:24.957100,0.0,Engine starting command,Engine Status,status,"rgb(247,129,191)"
691,2024-10-14 11:48:24.957100,can_tapper14,2024-10-14 11:48:22.852849,-2.104251,Glow plugs preheating,Engine Heater Glow Plugs Status,Engine Heater Glow Plugs,"rgb(247,129,191)"
691,2024-10-14 11:48:24.957100,can_tapper14,2024-10-14 11:48:26.590450,1.63335,Engine running command,Engine Status,status,"rgb(247,129,191)"
692,2024-10-14 13:50:39.553822,can_tapper14,2024-10-14 13:50:39.553822,0.0,Engine starting command,Engine Status,status,"rgb(153,153,153)"
692,2024-10-14 13:50:39.553822,can_tapper14,2024-10-14 13:50:39.933943,0.380121,Glow plugs preheating,Engine Heater Glow Plugs Status,Engine Heater Glow Plugs,"rgb(153,153,153)"
692,2024-10-14 13:50:39.553822,can_tapper14,2024-10-14 13:50:41.170249,1.616427,Engine running command,Engine Status,status,"rgb(153,153,153)"
693,2024-10-14 14:14:32.139441,can_tapper14,2024-10-14 14:14:32.139441,0.0,Engine starting command,Engine Status,status,"rgb(228,26,28)"
693,2024-10-14 14:14:32.139441,can_tapper14,2024-10-14 14:14:32.409141,0.2697,Glow plugs preheating,Engine Heater Glow Plugs Status,Engine Heater Glow Plugs,"rgb(228,26,28)"
693,2024-10-14 14:14:32.139441,can_tapper14,2024-10-14 14:14:33.994082,1.854641,Engine running command,Engine Status,status,"rgb(228,26,28)"
694,2024-10-14 14:32:54.681162,can_tapper14,2024-10-14 14:32:54.681162,0.0,Engine starting command,Engine Status,status,"rgb(55,126,184)"
694,2024-10-14 14:32:54.681162,can_tapper14,2024-10-14 14:32:55.041618,0.360456,Glow plugs preheating,Engine Heater Glow Plugs Status,Engine Heater Glow Plugs,"rgb(55,126,184)"
694,2024-10-14 14:32:54.681162,can_tapper14,2024-10-14 14:32:56.121086,1.439924,Engine running command,Engine Status,status,"rgb(55,126,184)"
695,2024-10-14 15:00:59.444860,can_tapper14,2024-10-14 15:00:59.444860,0.0,Engine starting command,Engine Status,status,"rgb(77,175,74)"
695,2024-10-14 15:00:59.444860,can_tapper14,2024-10-14 15:00:59.650304,0.205444,Glow plugs preheating,Engine Heater Glow Plugs Status,Engine Heater Glow Plugs,"rgb(77,175,74)"
695,2024-10-14 15:00:59.444860,can_tapper14,2024-10-14 15:01:01.084215,1.639355,Engine running command,Engine Status,status,"rgb(77,175,74)"
696,2024-10-16 14:30:38.574032,can_tapper14,2024-10-16 14:30:38.574032,0.0,Engine starting command,Engine Status,status,"rgb(152,78,163)"
696,2024-10-16 14:30:38.574032,can_tapper14,2024-10-16 14:30:36.470837,-2.103195,Glow plugs preheating,Engine Heater Glow Plugs Status,Engine Heater Glow Plugs,"rgb(152,78,163)"
696,2024-10-16 14:30:38.574032,can_tapper14,2024-10-16 14:30:40.226561,1.652529,Engine running command,Engine Status,status,"rgb(152,78,163)"
697,2024-10-16 14:36:44.238608,can_tapper14,2024-10-16 14:36:44.238608,0.0,Engine starting command,Engine Status,status,"rgb(255,127,0)"
697,2024-10-16 14:36:44.238608,can_tapper14,2024-10-16 14:36:44.435885,0.197277,Glow plugs preheating,Engine Heater Glow Plugs Status,Engine Heater Glow Plugs,"rgb(255,127,0)"
697,2024-10-16 14:36:44.238608,can_tapper14,2024-10-16 14:36:45.618634,1.380026,Engine running command,Engine Status,status,"rgb(255,127,0)"
698,2024-10-16 14:58:31.105304,can_tapper14,2024-10-16 14:58:31.105304,0.0,Engine starting command,Engine Status,status,"rgb(255,255,51)"
698,2024-10-16 14:58:31.105304,can_tapper14,2024-10-16 14:58:28.799575,-2.305729,Glow plugs preheating,Engine Heater Glow Plugs Status,Engine Heater Glow Plugs,"rgb(255,255,51)"
698,2024-10-16 14:58:31.105304,can_tapper14,2024-10-16 14:58:32.602929,1.497625,Engine running command,Engine Status,status,"rgb(255,255,51)"
699,2024-10-17 07:09:18.539622,can_tapper14,2024-10-17 07:09:18.539622,0.0,Engine starting command,Engine Status,status,"rgb(166,86,40)"
699,2024-10-17 07:09:18.539622,can_tapper14,2024-10-17 07:09:16.431134,-2.108488,Glow plugs preheating,Engine Heater Glow Plugs Status,Engine Heater Glow Plugs,"rgb(166,86,40)"
699,2024-10-17 07:09:18.539622,can_tapper14,2024-10-17 07:09:20.088822,1.5492,Engine running command,Engine Status,status,"rgb(166,86,40)"
700,2024-10-17 07:12:57.662175,can_tapper14,2024-10-17 07:12:57.662175,0.0,Engine starting command,Engine Status,status,"rgb(247,129,191)"
700,2024-10-17 07:12:57.662175,can_tapper14,2024-10-17 07:12:55.656562,-2.005613,Glow plugs preheating,Engine Heater Glow Plugs Status,Engine Heater Glow Plugs,"rgb(247,129,191)"
700,2024-10-17 07:12:57.662175,can_tapper14,2024-10-17 07:12:59.313250,1.651075,Engine running command,Engine Status,status,"rgb(247,129,191)"
701,2024-10-17 07:26:28.876972,can_tapper14,2024-10-17 07:26:28.876972,0.0,Engine starting command,Engine Status,status,"rgb(153,153,153)"
701,2024-10-17 07:26:28.876972,can_tapper14,2024-10-17 07:26:25.229044,-3.647928,Glow plugs preheating,Engine Heater Glow Plugs Status,Engine Heater Glow Plugs,"rgb(153,153,153)"
701,2024-10-17 07:26:28.876972,can_tapper14,2024-10-17 07:26:27.932819,-0.944153,Glow plugs preheating,Engine Heater Glow Plugs Status,Engine Heater Glow Plugs,"rgb(153,153,153)"
701,2024-10-17 07:26:28.876972,can_tapper14,2024-10-17 07:26:30.412745,1.535773,Engine running command,Engine Status,status,"rgb(153,153,153)"
702,2024-10-17 07:42:53.300892,can_tapper14,2024-10-17 07:42:53.300892,0.0,Engine starting command,Engine Status,status,"rgb(228,26,28)"
702,2024-10-17 07:42:53.300892,can_tapper14,2024-10-17 07:42:53.585322,0.28443,Glow plugs preheating,Engine Heater Glow Plugs Status,Engine Heater Glow Plugs,"rgb(228,26,28)"
702,2024-10-17 07:42:53.300892,can_tapper14,2024-10-17 07:42:54.703371,1.402479,Engine running command,Engine Status,status,"rgb(228,26,28)"
703,2024-10-17 08:07:14.272761,can_tapper14,2024-10-17 08:07:14.272761,0.0,Engine starting command,Engine Status,status,"rgb(55,126,184)"
703,2024-10-17 08:07:14.272761,can_tapper14,2024-10-17 08:07:14.616236,0.343475,Glow plugs preheating,Engine Heater Glow Plugs Status,Engine Heater Glow Plugs,"rgb(55,126,184)"
703,2024-10-17 08:07:14.272761,can_tapper14,2024-10-17 08:07:15.899151,1.62639,Engine running command,Engine Status,status,"rgb(55,126,184)"
704,2024-10-17 08:22:50.141706,can_tapper14,2024-10-17 08:22:50.141706,0.0,Engine starting command,Engine Status,status,"rgb(77,175,74)"
704,2024-10-17 08:22:50.141706,can_tapper14,2024-10-17 08:22:47.930906,-2.2108,Glow plugs preheating,Engine Heater Glow Plugs Status,Engine Heater Glow Plugs,"rgb(77,175,74)"
704,2024-10-17 08:22:50.141706,can_tapper14,2024-10-17 08:22:51.840208,1.698502,Engine running command,Engine Status,status,"rgb(77,175,74)"
705,2024-10-17 08:31:41.827270,can_tapper14,2024-10-17 08:31:41.827270,0.0,Engine starting command,Engine Status,status,"rgb(152,78,163)"
705,2024-10-17 08:31:41.827270,can_tapper14,2024-10-17 08:31:39.722852,-2.104418,Glow plugs preheating,Engine Heater Glow Plugs Status,Engine Heater Glow Plugs,"rgb(152,78,163)"
705,2024-10-17 08:31:41.827270,can_tapper14,2024-10-17 08:31:43.273805,1.446535,Engine running command,Engine Status,status,"rgb(152,78,163)"
706,2024-10-17 09:18:17.082795,can_tapper14,2024-10-17 09:18:17.082795,0.0,Engine starting command,Engine Status,status,"rgb(255,127,0)"
706,2024-10-17 09:18:17.082795,can_tapper14,2024-10-17 09:18:17.330000,0.247205,Glow plugs preheating,Engine Heater Glow Plugs Status,Engine Heater Glow Plugs,"rgb(255,127,0)"
706,2024-10-17 09:18:17.082795,can_tapper14,2024-10-17 09:18:18.997294,1.914499,Engine running command,Engine Status,status,"rgb(255,127,0)"
707,2024-10-17 09:27:23.534937,can_tapper14,2024-10-17 09:27:23.534937,0.0,Engine starting command,Engine Status,status,"rgb(255,255,51)"
707,2024-10-17 09:27:23.534937,can_tapper14,2024-10-17 09:27:23.904592,0.369655,Glow plugs preheating,Engine Heater Glow Plugs Status,Engine Heater Glow Plugs,"rgb(255,255,51)"
707,2024-10-17 09:27:23.534937,can_tapper14,2024-10-17 09:27:25.449443,1.914506,Engine running command,Engine Status,status,"rgb(255,255,51)"
707,2024-10-17 09:27:23.534937,can_tapper14,2024-10-17 09:28:54.962192,91.427255,Glow plugs preheating,Engine Heater Glow Plugs Status,Engine Heater Glow Plugs,"rgb(255,255,51)"
707,2024-10-17 09:27:23.534937,can_tapper14,2024-10-17 09:28:56.461877,92.92694,Engine running command,Engine Status,status,"rgb(255,255,51)"
708,2024-10-17 09:28:54.655583,can_tapper14,2024-10-17 09:28:54.655583,0.0,Engine starting command,Engine Status,status,"rgb(166,86,40)"
708,2024-10-17 09:28:54.655583,can_tapper14,2024-10-17 09:28:54.962192,0.306609,Glow plugs preheating,Engine Heater Glow Plugs Status,Engine Heater Glow Plugs,"rgb(166,86,40)"
708,2024-10-17 09:28:54.655583,can_tapper14,2024-10-17 09:28:56.461877,1.806294,Engine running command,Engine Status,status,"rgb(166,86,40)"
709,2024-10-17 09:33:03.496891,can_tapper14,2024-10-17 09:33:03.496891,0.0,Engine starting command,Engine Status,status,"rgb(247,129,191)"
709,2024-10-17 09:33:03.496891,can_tapper14,2024-10-17 09:33:03.941569,0.444678,Glow plugs preheating,Engine Heater Glow Plugs Status,Engine Heater Glow Plugs,"rgb(247,129,191)"
709,2024-10-17 09:33:03.496891,can_tapper14,2024-10-17 09:33:05.227316,1.730425,Engine running command,Engine Status,status,"rgb(247,129,191)"
710,2024-10-17 09:35:51.241791,can_tapper14,2024-10-17 09:35:51.241791,0.0,Engine starting command,Engine Status,status,"rgb(153,153,153)"
710,2024-10-17 09:35:51.241791,can_tapper14,2024-10-17 09:35:51.659390,0.417599,Glow plugs preheating,Engine Heater Glow Plugs Status,Engine Heater Glow Plugs,"rgb(153,153,153)"
710,2024-10-17 09:35:51.241791,can_tapper14,2024-10-17 09:35:52.798440,1.556649,Engine running command,Engine Status,status,"rgb(153,153,153)"
711,2024-10-17 09:38:40.630839,can_tapper14,2024-10-17 09:38:40.630839,0.0,Engine starting command,Engine Status,status,"rgb(228,26,28)"
711,2024-10-17 09:38:40.630839,can_tapper14,2024-10-17 09:38:38.320765,-2.310074,Glow plugs preheating,Engine Heater Glow Plugs Status,Engine Heater Glow Plugs,"rgb(228,26,28)"
711,2024-10-17 09:38:40.630839,can_tapper14,2024-10-17 09:38:42.221064,1.590225,Engine running command,Engine Status,status,"rgb(228,26,28)"
712,2024-10-17 09:59:16.885576,can_tapper14,2024-10-17 09:59:16.885576,0.0,Engine starting command,Engine Status,status,"rgb(55,126,184)"
712,2024-10-17 09:59:16.885576,can_tapper14,2024-10-17 09:59:17.166948,0.281372,Glow plugs preheating,Engine Heater Glow Plugs Status,Engine Heater Glow Plugs,"rgb(55,126,184)"
712,2024-10-17 09:59:16.885576,can_tapper14,2024-10-17 09:59:18.553787,1.668211,Engine running command,Engine Status,status,"rgb(55,126,184)"
713,2024-10-17 10:26:11.186230,can_tapper14,2024-10-17 10:26:11.186230,0.0,Engine starting command,Engine Status,status,"rgb(77,175,74)"
713,2024-10-17 10:26:11.186230,can_tapper14,2024-10-17 10:26:08.978704,-2.207526,Glow plugs preheating,Engine Heater Glow Plugs Status,Engine Heater Glow Plugs,"rgb(77,175,74)"
713,2024-10-17 10:26:11.186230,can_tapper14,2024-10-17 10:26:12.701678,1.515448,Engine running command,Engine Status,status,"rgb(77,175,74)"
714,2024-10-17 11:36:45.680057,can_tapper14,2024-10-17 11:36:45.680057,0.0,Engine starting command,Engine Status,status,"rgb(152,78,163)"
714,2024-10-17 11:36:45.680057,can_tapper14,2024-10-17 11:36:46.110794,0.430737,Glow plugs preheating,Engine Heater Glow Plugs Status,Engine Heater Glow Plugs,"rgb(152,78,163)"
714,2024-10-17 11:36:45.680057,can_tapper14,2024-10-17 11:36:47.378438,1.698381,Engine running command,Engine Status,status,"rgb(152,78,163)"
715,2024-10-17 11:51:00.358835,can_tapper14,2024-10-17 11:51:00.358835,0.0,Engine starting command,Engine Status,status,"rgb(255,127,0)"
715,2024-10-17 11:51:00.358835,can_tapper14,2024-10-17 11:50:58.249928,-2.108907,Glow plugs preheating,Engine Heater Glow Plugs Status,Engine Heater Glow Plugs,"rgb(255,127,0)"
715,2024-10-17 11:51:00.358835,can_tapper14,2024-10-17 11:51:01.891028,1.532193,Engine running command,Engine Status,status,"rgb(255,127,0)"
716,2024-10-17 11:55:19.167166,can_tapper14,2024-10-17 11:55:19.167166,0.0,Engine starting command,Engine Status,status,"rgb(255,255,51)"
716,2024-10-17 11:55:19.167166,can_tapper14,2024-10-17 11:55:19.422831,0.255665,Glow plugs preheating,Engine Heater Glow Plugs Status,Engine Heater Glow Plugs,"rgb(255,255,51)"
716,2024-10-17 11:55:19.167166,can_tapper14,2024-10-17 11:55:21.062484,1.895318,Engine running command,Engine Status,status,"rgb(255,255,51)"
717,2024-10-17 12:01:43.667957,can_tapper14,2024-10-17 12:01:43.667957,0.0,Engine starting command,Engine Status,status,"rgb(166,86,40)"
717,2024-10-17 12:01:43.667957,can_tapper14,2024-10-17 12:01:41.455308,-2.212649,Glow plugs preheating,Engine Heater Glow Plugs Status,Engine Heater Glow Plugs,"rgb(166,86,40)"
717,2024-10-17 12:01:43.667957,can_tapper14,2024-10-17 12:01:45.214933,1.546976,Engine running command,Engine Status,status,"rgb(166,86,40)"
718,2024-10-17 12:06:30.036556,can_tapper14,2024-10-17 12:06:30.036556,0.0,Engine starting command,Engine Status,status,"rgb(247,129,191)"
718,2024-10-17 12:06:30.036556,can_tapper14,2024-10-17 12:06:30.434286,0.39773,Glow plugs preheating,Engine Heater Glow Plugs Status,Engine Heater Glow Plugs,"rgb(247,129,191)"
718,2024-10-17 12:06:30.036556,can_tapper14,2024-10-17 12:06:31.593495,1.556939,Engine running command,Engine Status,status,"rgb(247,129,191)"
719,2024-10-17 12:10:42.931482,can_tapper14,2024-10-17 12:10:42.931482,0.0,Engine starting command,Engine Status,status,"rgb(153,153,153)"
719,2024-10-17 12:10:42.931482,can_tapper14,2024-10-17 12:10:40.822181,-2.109301,Glow plugs preheating,Engine Heater Glow Plugs Status,Engine Heater Glow Plugs,"rgb(153,153,153)"
719,2024-10-17 12:10:42.931482,can_tapper14,2024-10-17 12:10:44.554660,1.623178,Engine running command,Engine Status,status,"rgb(153,153,153)"
720,2024-10-17 12:21:52.278652,can_tapper14,2024-10-17 12:21:52.278652,0.0,Engine starting command,Engine Status,status,"rgb(228,26,28)"
720,2024-10-17 12:21:52.278652,can_tapper14,2024-10-17 12:21:52.648278,0.369626,Glow plugs preheating,Engine Heater Glow Plugs Status,Engine Heater Glow Plugs,"rgb(228,26,28)"
720,2024-10-17 12:21:52.278652,can_tapper14,2024-10-17 12:21:53.937779,1.659127,Engine running command,Engine Status,status,"rgb(228,26,28)"
721,2024-10-17 13:13:56.564149,can_tapper14,2024-10-17 13:13:56.564149,0.0,Engine starting command,Engine Status,status,"rgb(55,126,184)"
721,2024-10-17 13:13:56.564149,can_tapper14,2024-10-17 13:13:58.117518,1.553369,Engine running command,Engine Status,status,"rgb(55,126,184)"
722,2024-10-17 13:19:26.421522,can_tapper14,2024-10-17 13:19:26.421522,0.0,Engine starting command,Engine Status,status,"rgb(77,175,74)"
722,2024-10-17 13:19:26.421522,can_tapper14,2024-10-17 13:19:26.782392,0.36087,Glow plugs preheating,Engine Heater Glow Plugs Status,Engine Heater Glow Plugs,"rgb(77,175,74)"
722,2024-10-17 13:19:26.421522,can_tapper14,2024-10-17 13:19:28.123867,1.702345,Engine running command,Engine Status,status,"rgb(77,175,74)"
723,2024-10-17 13:31:25.523145,can_tapper14,2024-10-17 13:31:25.523145,0.0,Engine starting command,Engine Status,status,"rgb(152,78,163)"
723,2024-10-17 13:31:25.523145,can_tapper14,2024-10-17 13:31:25.955379,0.432234,Glow plugs preheating,Engine Heater Glow Plugs Status,Engine Heater Glow Plugs,"rgb(152,78,163)"
723,2024-10-17 13:31:25.523145,can_tapper14,2024-10-17 13:31:27.268383,1.745238,Engine running command,Engine Status,status,"rgb(152,78,163)"
724,2024-10-17 14:13:05.974914,can_tapper14,2024-10-17 14:13:05.974914,0.0,Engine starting command,Engine Status,status,"rgb(255,127,0)"
724,2024-10-17 14:13:05.974914,can_tapper14,2024-10-17 14:13:06.278266,0.303352,Glow plugs preheating,Engine Heater Glow Plugs Status,Engine Heater Glow Plugs,"rgb(255,127,0)"
724,2024-10-17 14:13:05.974914,can_tapper14,2024-10-17 14:13:07.596258,1.621344,Engine running command,Engine Status,status,"rgb(255,127,0)"
725,2024-10-17 14:18:09.565588,can_tapper14,2024-10-17 14:18:09.565588,0.0,Engine starting command,Engine Status,status,"rgb(255,255,51)"
725,2024-10-17 14:18:09.565588,can_tapper14,2024-10-17 14:18:09.862788,0.2972,Glow plugs preheating,Engine Heater Glow Plugs Status,Engine Heater Glow Plugs,"rgb(255,255,51)"
725,2024-10-17 14:18:09.565588,can_tapper14,2024-10-17 14:18:11.159588,1.594,Engine running command,Engine Status,status,"rgb(255,255,51)"
726,2024-10-17 14:37:13.835424,can_tapper14,2024-10-17 14:37:13.835424,0.0,Engine starting command,Engine Status,status,"rgb(166,86,40)"
726,2024-10-17 14:37:13.835424,can_tapper14,2024-10-17 14:37:11.626727,-2.208697,Glow plugs preheating,Engine Heater Glow Plugs Status,Engine Heater Glow Plugs,"rgb(166,86,40)"
726,2024-10-17 14:37:13.835424,can_tapper14,2024-10-17 14:37:15.615042,1.779618,Engine running command,Engine Status,status,"rgb(166,86,40)"
727,2024-10-17 14:41:59.129266,can_tapper14,2024-10-17 14:41:59.129266,0.0,Engine starting command,Engine Status,status,"rgb(247,129,191)"
727,2024-10-17 14:41:59.129266,can_tapper14,2024-10-17 14:41:59.473488,0.344222,Glow plugs preheating,Engine Heater Glow Plugs Status,Engine Heater Glow Plugs,"rgb(247,129,191)"
727,2024-10-17 14:41:59.129266,can_tapper14,2024-10-17 14:42:00.596581,1.467315,Engine running command,Engine Status,status,"rgb(247,129,191)"
728,2024-10-17 14:46:12.763156,can_tapper14,2024-10-17 14:46:12.763156,0.0,Engine starting command,Engine Status,status,"rgb(153,153,153)"
728,2024-10-17 14:46:12.763156,can_tapper14,2024-10-17 14:46:13.023074,0.259918,Glow plugs preheating,Engine Heater Glow Plugs Status,Engine Heater Glow Plugs,"rgb(153,153,153)"
728,2024-10-17 14:46:12.763156,can_tapper14,2024-10-17 14:46:14.124431,1.361275,Engine running command,Engine Status,status,"rgb(153,153,153)"
729,2024-10-17 14:49:04.356531,can_tapper14,2024-10-17 14:49:04.356531,0.0,Engine starting command,Engine Status,status,"rgb(228,26,28)"
729,2024-10-17 14:49:04.356531,can_tapper14,2024-10-17 14:49:02.150807,-2.205724,Glow plugs preheating,Engine Heater Glow Plugs Status,Engine Heater Glow Plugs,"rgb(228,26,28)"
729,2024-10-17 14:49:04.356531,can_tapper14,2024-10-17 14:49:05.900101,1.54357,Engine running command,Engine Status,status,"rgb(228,26,28)"
730,2024-10-17 14:58:36.080721,can_tapper14,2024-10-17 14:58:36.080721,0.0,Engine starting command,Engine Status,status,"rgb(55,126,184)"
730,2024-10-17 14:58:36.080721,can_tapper14,2024-10-17 14:58:36.348771,0.26805,Glow plugs preheating,Engine Heater Glow Plugs Status,Engine Heater Glow Plugs,"rgb(55,126,184)"
730,2024-10-17 14:58:36.080721,can_tapper14,2024-10-17 14:58:37.740529,1.659808,Engine running command,Engine Status,status,"rgb(55,126,184)"
731,2024-10-17 15:25:55.543806,can_tapper14,2024-10-17 15:25:55.543806,0.0,Engine starting command,Engine Status,status,"rgb(77,175,74)"
731,2024-10-17 15:25:55.543806,can_tapper14,2024-10-17 15:25:53.438397,-2.105409,Glow plugs preheating,Engine Heater Glow Plugs Status,Engine Heater Glow Plugs,"rgb(77,175,74)"
731,2024-10-17 15:25:55.543806,can_tapper14,2024-10-17 15:25:57.019566,1.47576,Engine running command,Engine Status,status,"rgb(77,175,74)"
732,2024-10-18 10:45:51.627673,can_tapper14,2024-10-18 10:45:51.627673,0.0,Engine starting command,Engine Status,status,"rgb(152,78,163)"
732,2024-10-18 10:45:51.627673,can_tapper14,2024-10-18 10:45:49.525028,-2.102645,Glow plugs preheating,Engine Heater Glow Plugs Status,Engine Heater Glow Plugs,"rgb(152,78,163)"
732,2024-10-18 10:45:51.627673,can_tapper14,2024-10-18 10:45:52.963244,1.335571,Engine running command,Engine Status,status,"rgb(152,78,163)"
733,2024-10-18 10:56:13.702243,can_tapper14,2024-10-18 10:56:13.702243,0.0,Engine starting command,Engine Status,status,"rgb(255,127,0)"
733,2024-10-18 10:56:13.702243,can_tapper14,2024-10-18 10:56:11.597520,-2.104723,Glow plugs preheating,Engine Heater Glow Plugs Status,Engine Heater Glow Plugs,"rgb(255,127,0)"
733,2024-10-18 10:56:13.702243,can_tapper14,2024-10-18 10:56:15.138443,1.4362,Engine running command,Engine Status,status,"rgb(255,127,0)"
734,2024-10-29 13:50:36.751528,can_tapper14,2024-10-29 13:50:36.751528,0.0,Engine starting command,Engine Status,status,"rgb(255,255,51)"
734,2024-10-29 13:50:36.751528,can_tapper14,2024-10-29 13:50:34.443646,-2.307882,Glow plugs preheating,Engine Heater Glow Plugs Status,Engine Heater Glow Plugs,"rgb(255,255,51)"
734,2024-10-29 13:50:36.751528,can_tapper14,2024-10-29 13:50:38.181502,1.429974,Engine running command,Engine Status,status,"rgb(255,255,51)"
735,2024-10-29 14:01:29.045572,can_tapper14,2024-10-29 14:01:29.045572,0.0,Engine starting command,Engine Status,status,"rgb(166,86,40)"
735,2024-10-29 14:01:29.045572,can_tapper14,2024-10-29 14:01:01.134284,-27.911288,Glow plugs preheating,Engine Heater Glow Plugs Status,Engine Heater Glow Plugs,"rgb(166,86,40)"
735,2024-10-29 14:01:29.045572,can_tapper14,2024-10-29 14:01:26.739034,-2.306538,Glow plugs preheating,Engine Heater Glow Plugs Status,Engine Heater Glow Plugs,"rgb(166,86,40)"
735,2024-10-29 14:01:29.045572,can_tapper14,2024-10-29 14:01:30.649029,1.603457,Engine running command,Engine Status,status,"rgb(166,86,40)"
736,2024-10-29 14:16:47.838305,can_tapper14,2024-10-29 14:16:47.838305,0.0,Engine starting command,Engine Status,status,"rgb(247,129,191)"
736,2024-10-29 14:16:47.838305,can_tapper14,2024-10-29 14:16:38.133149,-9.705156,Glow plugs preheating,Engine Heater Glow Plugs Status,Engine Heater Glow Plugs,"rgb(247,129,191)"
736,2024-10-29 14:16:47.838305,can_tapper14,2024-10-29 14:16:45.633724,-2.204581,Glow plugs preheating,Engine Heater Glow Plugs Status,Engine Heater Glow Plugs,"rgb(247,129,191)"
736,2024-10-29 14:16:47.838305,can_tapper14,2024-10-29 14:16:49.524213,1.685908,Engine running command,Engine Status,status,"rgb(247,129,191)"
736,2024-10-29 14:16:47.838305,can_tapper14,2024-10-29 14:17:57.066454,69.228149,Glow plugs preheating,Engine Heater Glow Plugs Status,Engine Heater Glow Plugs,"rgb(247,129,191)"
736,2024-10-29 14:16:47.838305,can_tapper14,2024-10-29 14:18:01.045726,73.207421,Engine running command,Engine Status,status,"rgb(247,129,191)"
737,2024-10-29 14:17:59.269719,can_tapper14,2024-10-29 14:17:59.269719,0.0,Engine starting command,Engine Status,status,"rgb(153,153,153)"
737,2024-10-29 14:17:59.269719,can_tapper14,2024-10-29 14:17:57.066454,-2.203265,Glow plugs preheating,Engine Heater Glow Plugs Status,Engine Heater Glow Plugs,"rgb(153,153,153)"
737,2024-10-29 14:17:59.269719,can_tapper14,2024-10-29 14:18:01.045726,1.776007,Engine running command,Engine Status,status,"rgb(153,153,153)"
738,2024-10-29 14:43:03.395100,can_tapper14,2024-10-29 14:43:03.395100,0.0,Engine starting command,Engine Status,status,"rgb(228,26,28)"
738,2024-10-29 14:43:03.395100,can_tapper14,2024-10-29 14:43:01.090918,-2.304182,Glow plugs preheating,Engine Heater Glow Plugs Status,Engine Heater Glow Plugs,"rgb(228,26,28)"
738,2024-10-29 14:43:03.395100,can_tapper14,2024-10-29 14:43:04.719424,1.324324,Engine running command,Engine Status,status,"rgb(228,26,28)"
738,2024-10-29 14:43:03.395100,can_tapper14,2024-10-29 14:44:48.780574,105.385474,Glow plugs preheating,Engine Heater Glow Plugs Status,Engine Heater Glow Plugs,"rgb(228,26,28)"
738,2024-10-29 14:43:03.395100,can_tapper14,2024-10-29 14:44:52.621154,109.226054,Engine running command,Engine Status,status,"rgb(228,26,28)"
739,2024-10-29 14:44:51.086243,can_tapper14,2024-10-29 14:44:51.086243,0.0,Engine starting command,Engine Status,status,"rgb(55,126,184)"
739,2024-10-29 14:44:51.086243,can_tapper14,2024-10-29 14:44:48.780574,-2.305669,Glow plugs preheating,Engine Heater Glow Plugs Status,Engine Heater Glow Plugs,"rgb(55,126,184)"
739,2024-10-29 14:44:51.086243,can_tapper14,2024-10-29 14:44:52.621154,1.534911,Engine running command,Engine Status,status,"rgb(55,126,184)"
739,2024-10-29 14:44:51.086243,can_tapper14,2024-10-29 14:45:50.401811,59.315568,Glow plugs preheating,Engine Heater Glow Plugs Status,Engine Heater Glow Plugs,"rgb(55,126,184)"
739,2024-10-29 14:44:51.086243,can_tapper14,2024-10-29 14:45:54.234668,63.148425,Engine running command,Engine Status,status,"rgb(55,126,184)"
740,2024-10-29 14:45:52.707224,can_tapper14,2024-10-29 14:45:52.707224,0.0,Engine starting command,Engine Status,status,"rgb(77,175,74)"
740,2024-10-29 14:45:52.707224,can_tapper14,2024-10-29 14:45:50.401811,-2.305413,Glow plugs preheating,Engine Heater Glow Plugs Status,Engine Heater Glow Plugs,"rgb(77,175,74)"
740,2024-10-29 14:45:52.707224,can_tapper14,2024-10-29 14:45:54.234668,1.527444,Engine running command,Engine Status,status,"rgb(77,175,74)"
741,2024-11-01 08:38:17.124435,can_tapper14,2024-11-01 08:38:17.124435,0.0,Engine starting command,Engine Status,status,"rgb(152,78,163)"
741,2024-11-01 08:38:17.124435,can_tapper14,2024-11-01 08:38:14.820815,-2.30362,Glow plugs preheating,Engine Heater Glow Plugs Status,Engine Heater Glow Plugs,"rgb(152,78,163)"
741,2024-11-01 08:38:17.124435,can_tapper14,2024-11-01 08:38:18.791289,1.666854,Engine running command,Engine Status,status,"rgb(152,78,163)"
742,2024-11-14 08:47:53.206102,can_tapper14,2024-11-14 08:47:53.206102,0.0,Engine starting command,Engine Status,status,"rgb(255,127,0)"
742,2024-11-14 08:47:53.206102,can_tapper14,2024-11-14 08:47:51.102552,-2.10355,Glow plugs preheating,Engine Heater Glow Plugs Status,Engine Heater Glow Plugs,"rgb(255,127,0)"
742,2024-11-14 08:47:53.206102,can_tapper14,2024-11-14 08:47:54.970066,1.763964,Engine running command,Engine Status,status,"rgb(255,127,0)"
743,2024-11-14 09:11:32.781932,can_tapper14,2024-11-14 09:11:32.781932,0.0,Engine starting command,Engine Status,status,"rgb(255,255,51)"
743,2024-11-14 09:11:32.781932,can_tapper14,2024-11-14 09:11:33.105068,0.323136,Glow plugs preheating,Engine Heater Glow Plugs Status,Engine Heater Glow Plugs,"rgb(255,255,51)"
743,2024-11-14 09:11:32.781932,can_tapper14,2024-11-14 09:11:34.401266,1.619334,Engine running command,Engine Status,status,"rgb(255,255,51)"
744,2024-11-14 11:19:26.341358,can_tapper14,2024-11-14 11:19:26.341358,0.0,Engine starting command,Engine Status,status,"rgb(166,86,40)"
744,2024-11-14 11:19:26.341358,can_tapper14,2024-11-14 11:19:24.235311,-2.106047,Glow plugs preheating,Engine Heater Glow Plugs Status,Engine Heater Glow Plugs,"rgb(166,86,40)"
744,2024-11-14 11:19:26.341358,can_tapper14,2024-11-14 11:19:27.988187,1.646829,Engine running command,Engine Status,status,"rgb(166,86,40)"
