start_index,start_time,can_tapper_id,start_color,V_pre_total_1_10V,V_min_total_1_10V,V_ocv_total_1_10V,V_drop_total_pct,soc_pct_est_pack,soc_pct_est_ocv_pack,V_ocv_slope_mV_per_s_max,n_ocv_samples_min,temp_avg_start_C,I_pre_A,I_load_A,delta_I_A,t_load_s,I_mean_post_A,I_max_post_A,t_charge_onset_s,R_internal_est_ohm_pack,R_internal_est_ohm_min_voltage_method_pack,R_internal_est_ohm_from_ocv_pack,max_abs_imbalance_pct_pack,mean_abs_imbalance_pct_pack,t_recovery_s_max,tau_relax_s_median,relax_fit_r2_min,pre_data_duration_s,post_data_duration_s,t_since_previous_start_s,n_voltage_samples,n_current_samples,n_temperature_samples,t_before_s,t_after_s
0,2022-07-04 10:09:45.209737,can_tapper14,"rgb(228,26,28)",495.0,451.0,,8.88888888888889,75.58333333333339,,,0,,-1.0,431.0,432.0,0.611119,-24.533101045296167,43.0,2.11203,0.007870370370370371,0.010185185185185186,,7.592190889370933,0.9750511340959458,1.0000000000001563,3.470356641605033,0.8397687645191774,0.902378,119.929435,,1452,295,476,60.0,120.0
1,2022-07-05 07:27:36.809784,can_tapper14,"rgb(55,126,184)",496.0,463.0,499.0,6.653225806451612,78.58333333333337,87.00000000000001,1.2989072439581966,1500,18.25,0.0,292.0,292.0,0.531778,-24.64,57.0,2.034999,0.00273972602739726,0.011301369863013697,0.0037671232876712326,4.918032786885246,1.2045029090919188,1.2400000000001938,3.678623825607137,0.8632391458699107,36.246088,119.849145,76671.600047,1875,324,558,60.0,120.0
2,2022-07-05 08:07:48.210653,can_tapper14,"rgb(77,175,74)",495.0,461.0,495.0,6.8686868686868685,75.58333333333339,75.58333333333339,1.335051648627437e-13,807,18.10833333333333,0.0,347.0,347.0,0.915676,-47.13486842105263,20.0,112.885443,0.007492795389048991,0.009798270893371758,0.007492795389048991,4.722792607802875,0.618886342099963,0.5000000000000782,3.678623825607137,0.4666461251455857,59.881974,118.992275,2411.400869,1760,353,384,60.0,120.0
3,2022-07-12 14:29:58.682779,can_tapper14,"rgb(152,78,163)",491.0,456.0,492.0,7.128309572301425,66.25000000000003,68.6666666666667,6.922052359806728,770,17.5,-2.0,328.0,330.0,0.812225,-69.19808306709265,31.0,2.312416,0.010606060606060607,0.010606060606060607,0.01090909090909091,1.5053763440860215,0.3109954892566075,1.0000000000001563,3.678623825607137,0.8273918308141366,18.406696,119.934405,627730.472126,1662,355,576,60.0,120.0
4,2022-07-21 09:39:33.289646,can_tapper14,"rgb(255,127,0)",491.0,444.0,491.0,9.572301425661914,66.25000000000003,66.25000000000003,0.19090675151436304,1500,21.925,0.0,387.0,387.0,0.721252,-84.56333333333333,24.0,2.122308,0.012144702842377262,0.012144702842377262,0.012144702842377262,2.7139874739039667,0.5333819539686948,1.0000000000001563,3.678623825607137,0.8777479945321965,39.489032,119.854139,760174.606867,1914,348,518,60.0,120.0
5,2022-07-21 10:57:18.413465,can_tapper14,"rgb(255,255,51)",499.0,460.0,499.0,7.8156312625250495,87.00000000000001,87.00000000000001,0.2902579067815818,1500,23.625,0.0,320.0,320.0,0.748484,-92.86666666666666,-16.0,,0.0096875,0.0121875,0.0096875,8.71369294605809,0.47490210582636805,0.5000000000000782,4.148345232772487,0.8433359146001362,35.197455,119.926479,4665.123819,1863,368,526,60.0,120.0
6,2022-07-21 11:24:13.197936,can_tapper14,"rgb(166,86,40)",492.0,436.0,491.0,11.38211382113821,68.6666666666667,66.25000000000003,1.7585874482607,1500,23.93333333333333,0.0,494.0,494.0,0.71975,-77.99290780141844,489.0,2.120181,0.007894736842105263,0.011336032388663967,0.007692307692307693,11.587982832618026,1.471823894803229,1.0000000000001563,1.9029463547871976,0.06973988237867224,59.874299,119.813975,1614.784471,2157,404,719,60.0,120.0
7,2022-07-21 11:25:25.830111,can_tapper14,"rgb(247,129,191)",499.0,439.0,507.0,12.024048096192384,87.00000000000001,98.75,58.9920973298119,1500,23.97,0.0,489.0,489.0,0.425423,-95.07612456747405,14.0,2.023557,0.006748466257668712,0.012269938650306749,0.008384458077709612,10.973084886128364,1.4021892329810952,1.3000000000002032,2.4199454189414036,0.762570744923302,59.957244,119.985452,72.632175,2160,427,875,60.0,120.0
8,2022-07-21 11:33:39.581684,can_tapper14,"rgb(153,153,153)",507.0,444.0,520.0,12.42603550295858,98.75,100.0,85.16276673899394,1500,24.103333333333335,9.0,497.0,488.0,0.849176,-67.29180327868852,36.0,2.254183,0.010450819672131148,0.01290983606557377,0.013114754098360656,10.526315789473685,1.2425785721263982,1.5000000000002345,2.145932504474109,0.21273814768886123,59.997795,119.985631,493.751573,2159,458,795,60.0,120.0
9,2022-07-21 11:35:43.131064,can_tapper14,"rgb(228,26,28)",508.0,448.0,520.0,11.811023622047244,98.75,100.0,84.34158415180224,1500,24.146666666666665,10.0,495.0,485.0,0.988027,23.02517985611511,496.0,17.597224,0.010927835051546392,0.012371134020618556,0.013402061855670102,11.020408163265307,2.451873504491617,1.5000000000002345,22.311464047271706,0.27476709257441556,59.989056,119.858871,123.54938,2119,425,487,60.0,120.0
10,2022-07-21 11:38:11.316509,can_tapper14,"rgb(55,126,184)",499.0,459.0,499.0,8.016032064128256,87.00000000000001,87.00000000000001,1.3014850228824564,1500,24.55,0.0,495.0,495.0,1.109675,-77.99003322259136,143.0,2.01581,0.007272727272727273,0.00808080808080808,0.007272727272727273,4.722792607802875,1.2029942461033205,1.0000000000001563,119.99999999999996,0.15584181341844983,59.941496,119.968824,148.185445,2159,422,454,60.0,120.0
11,2022-07-21 11:41:47.651865,can_tapper14,"rgb(77,175,74)",500.0,448.0,500.0,10.4,88.25000000000001,90.0,0.6969336430810759,1500,24.491666666666667,9.5,494.0,484.5,0.777326,-60.58360655737705,18.0,2.176723,0.009494324045407636,0.010732714138286893,0.009494324045407636,9.473684210526315,1.0476088652758961,1.0000000000001563,119.99999999999996,0.19770664225190115,59.931832,119.990997,216.335356,2159,426,461,60.0,120.0
12,2022-07-21 11:46:50.438466,can_tapper14,"rgb(152,78,163)",499.0,444.0,499.0,11.022044088176353,87.00000000000001,87.00000000000001,2.8817879474607064,1500,24.675,7.0,495.0,488.0,0.696672,-83.52105263157895,10.0,2.196617,0.008401639344262295,0.011270491803278687,0.008401639344262295,10.043668122270743,0.7286996988441296,0.7600000000001188,2.583718236095259,0.8083210778617576,59.950505,79.68619,302.786601,1677,317,557,60.0,120.0
13,2022-07-21 11:51:19.502426,can_tapper14,"rgb(255,127,0)",500.0,441.0,503.0,11.799999999999999,88.25000000000001,93.75,4.3132196947635215,1500,24.675,0.0,498.0,498.0,0.737029,-54.62457337883959,131.0,2.140088,0.010441767068273091,0.011847389558232928,0.011044176706827308,11.016949152542374,1.0900362923418467,1.5000000000002345,119.99999999999996,0.18028478272227855,59.934713,119.981639,269.06396,2160,378,756,60.0,120.0
14,2022-07-21 11:54:47.461772,can_tapper14,"rgb(255,255,51)",499.0,439.0,500.0,12.024048096192384,87.00000000000001,90.0,1.2029872013274612,1500,24.78333333333333,8.0,497.0,489.0,0.580337,-74.33788395904436,11.0,2.08291,0.005316973415132924,0.012269938650306747,0.005521472392638036,7.826086956521739,0.8726752098566273,1.0000000000001563,2.583718236095259,0.8145803428995323,59.984107,112.901388,207.959346,2075,428,778,60.0,120.0
15,2022-07-21 11:58:49.915159,can_tapper14,"rgb(166,86,40)",504.0,470.0,507.0,6.746031746031746,95.0,98.75,2.949334644148247,1500,28.46666666666667,-4.0,471.0,475.0,0.608504,-56.542635658914726,25.0,2.110503,0.007157894736842105,0.007157894736842105,0.007789473684210527,2.5,0.5949798792666122,0.5000000000000782,3.2620894576029285,0.21214530554057087,40.872886,119.971009,242.453387,1932,308,406,60.0,120.0
16,2022-07-21 12:03:38.473659,can_tapper14,"rgb(247,129,191)",499.0,443.0,500.0,11.22244488977956,87.00000000000001,90.0,1.541458462870093,1500,24.955000000000002,10.0,497.0,487.0,0.892902,-71.7032967032967,12.0,2.295552,0.006776180698151951,0.011498973305954827,0.006981519507186858,10.729613733905579,1.0479802460014174,0.7400000000001157,2.583718236095259,0.8040745945928762,59.837542,119.823032,288.5585,2157,416,653,60.0,120.0
17,2022-07-21 12:08:10.420517,can_tapper14,"rgb(153,153,153)",503.0,469.0,503.0,6.759443339960239,93.75,93.75,4.76596656265108,1500,25.025,0.0,359.0,359.0,0.93373,-54.843511450381676,20.0,81.066987,0.006406685236768803,0.00947075208913649,0.006406685236768803,3.171247357293869,0.5665874626361952,0.5000000000000782,119.99999999999996,0.20647109979509903,53.116728,119.983562,271.946858,2079,355,486,60.0,120.0
18,2022-07-21 12:11:27.602009,can_tapper14,"rgb(228,26,28)",504.0,466.0,505.0,7.5396825396825395,95.0,96.25,6.42632883358025,914,28.76666666666667,3.0,489.0,486.0,0.624696,-51.87003610108303,62.0,2.032874,0.006790123456790123,0.007818930041152264,0.0069958847736625515,5.645161290322581,0.7810685364952277,0.5000000000000782,2.892719705486028,0.1729898023109342,21.3014,119.803173,197.181492,1695,318,427,60.0,120.0
19,2022-07-21 12:13:45.863182,can_tapper14,"rgb(55,126,184)",504.0,458.0,509.0,9.126984126984127,95.0,100.0,9.999577777587982,1500,25.1,0.0,429.0,429.0,1.04297,-62.91558441558441,18.0,2.041602,0.008624708624708625,0.010722610722610722,0.009790209790209791,8.571428571428571,1.5211538959233533,1.0000000000001563,2.4199454189414036,0.5313101026754493,59.980732,119.850649,138.261173,2158,433,602,60.0,120.0
20,2022-07-21 12:18:40.419967,can_tapper14,"rgb(77,175,74)",504.0,466.0,504.0,7.5396825396825395,95.00000000000003,95.0,2.3908543959346007,1500,25.15,0.0,389.0,389.0,0.816919,-53.2992125984252,18.0,91.880675,0.007969151670951156,0.009768637532133676,0.007969151670951156,5.708245243128964,0.3244851329912367,0.5000000000000782,2.892719705486028,0.17650912123234386,46.454079,119.878918,294.556785,1998,314,414,60.0,120.0
21,2022-07-21 12:20:55.375866,can_tapper14,"rgb(152,78,163)",507.0,460.0,512.0,9.270216962524655,98.75,100.0,9.829044368461945,1500,25.2,11.0,496.0,485.0,0.742334,-65.56551724137931,13.0,2.737925,0.0047422680412371136,0.009690721649484537,0.00577319587628866,6.0728744939271255,0.5493390479658442,1.0000000000001563,2.583718236095259,0.8145416420120299,59.873442,119.989449,134.955899,2159,407,556,60.0,120.0
22,2022-08-01 11:27:57.376207,can_tapper14,"rgb(255,127,0)",500.0,449.0,507.0,10.2,90.0,98.75,9.114851655565634,1054,19.925,0.0,496.0,496.0,0.5369,-13.403614457831326,10.0,2.043064,0.0020161290322580645,0.01028225806451613,0.0034274193548387098,13.304721030042918,1.2630950785004358,0.5000000000000782,2.892719705486028,0.8316094734657192,24.088661,119.977802,947222.000341,1729,370,671,60.0,120.0
23,2022-08-02 07:56:26.541845,can_tapper14,"rgb(255,255,51)",495.0,435.0,496.0,12.121212121212121,75.58333333333339,78.58333333333337,1.95479197990738,1500,19.977272727272727,0.0,339.0,339.0,1.029678,-23.814935064935064,98.0,2.02644,0.011209439528023599,0.017699115044247787,0.011504424778761062,5.882352941176471,1.004724379355293,1.5000000000002345,3.2620894576029285,0.8060933045571472,59.92861,119.908102,73709.165638,2160,442,937,60.0,120.0
24,2022-08-02 08:11:59.698334,can_tapper14,"rgb(166,86,40)",532.0,497.0,535.0,6.578947368421052,100.0,100.0,5.651836633918996e-13,106,19.97142857142857,13.0,421.0,408.0,0.730501,-11.66326530612245,17.0,3.327619,0.0022058823529411764,0.00857843137254902,0.0029411764705882353,1.7208413001912046,0.4845311851420926,0.5000000000000782,3.2620894576029285,0.7385595830962285,5.143516,119.973124,933.156489,1503,312,507,60.0,120.0
25,2022-08-02 09:04:47.959845,can_tapper14,"rgb(247,129,191)",516.0,482.0,,6.5891472868217065,100.0,,,0,20.083333333333332,11.0,362.0,351.0,0.860235,-14.245901639344263,20.0,2.263382,0.007407407407407408,0.009686609686609686,,2.857142857142857,0.6548693593736057,0.5000000000000782,2.892719705486028,0.5655963084295748,1.409566,102.425287,3168.261511,1246,254,396,60.0,120.0
26,2022-08-02 12:00:27.808972,can_tapper14,"rgb(153,153,153)",500.0,468.0,503.0,6.4,88.25000000000001,93.75,7.313589365961935,930,21.665,10.0,413.0,403.0,0.821393,-23.18339100346021,8.0,2.319844,0.00794044665012407,0.00794044665012407,0.0086848635235732,4.132231404958677,0.4595551622835553,0.7600000000001188,3.2620894576029285,0.8137713723813622,21.621303,119.957769,10539.849127,1699,329,572,60.0,120.0
27,2022-09-12 12:53:44.001602,can_tapper14,"rgb(228,26,28)",487.0,446.0,488.0,8.41889117043121,58.21428571428571,60.29761904761905,25.763096946705083,277,15.775,15.0,495.0,480.0,0.517566,-37.776785714285715,83.0,2.02783,0.005833333333333334,0.008541666666666668,0.006041666666666667,6.976744186046512,0.7164300548603058,1.2400000000001938,3.2620894576029285,0.8108753834780827,8.554713,119.802197,3545596.19263,1542,352,495,60.0,120.0
28,2022-09-13 13:49:20.078510,can_tapper14,"rgb(55,126,184)",484.0,420.0,483.0,13.223140495867769,52.99107142857141,51.20535714285712,2.753992335107278,1500,19.75,0.0,495.0,495.0,1.041628,-104.78666666666666,141.0,2.040571,0.010707070707070708,0.012929292929292931,0.010505050505050505,12.742980561555076,2.331385582209833,1.5000000000002345,7.136925848448924,0.8787210443259996,59.916752,119.929793,89736.076908,2158,418,810,60.0,120.0
29,2022-09-14 13:06:30.064608,can_tapper14,"rgb(77,175,74)",480.0,410.0,483.0,14.583333333333334,46.339285714285694,51.20535714285712,0.7844270153007563,1500,17.3,14.0,496.0,482.0,0.764145,-79.63302752293578,125.0,2.167391,0.013070539419087137,0.014522821576763484,0.013692946058091288,14.798206278026905,1.5305752388288918,1.5000000000002345,2.565174071178317,0.25280437749356355,59.957001,119.917296,83829.986098,1770,332,638,60.0,120.0
30,2022-09-14 13:10:59.026898,can_tapper14,"rgb(152,78,163)",487.0,397.0,491.0,18.480492813141684,58.21428571428571,66.25000000000003,2.079894257730299,1500,17.375,11.0,495.0,484.0,0.489983,-94.66043613707166,13.0,2.0974,0.012396694214876035,0.01859504132231405,0.013223140495867767,29.571106094808126,2.4659495579656734,1.5000000000002345,4.148345232772487,0.8697014529819473,59.960284,119.878391,268.96229,2158,451,756,60.0,120.0
31,2022-09-15 20:33:21.740441,can_tapper14,"rgb(255,127,0)",482.0,479.0,483.0,0.6224066390041494,49.5535714285714,51.20535714285712,5.562864694605577,1500,16.555,11.0,12.0,1.0,0.578229,-64.80276816608996,495.0,2.282594,0.30000000000000004,0.30000000000000004,0.30000000000000004,1.2448132780082988,0.2656120331950207,0.020000000000003126,119.99999999999996,0.74545110801353,59.884146,119.953921,112942.713543,2158,401,684,60.0,120.0
32,2022-09-15 20:34:09.347495,can_tapper14,"rgb(255,255,51)",480.0,420.0,480.0,12.5,46.339285714285694,46.24999999999997,0.36784905237732995,1500,16.625,10.5,495.0,484.5,0.618202,-106.38271604938272,138.0,2.123352,0.009494324045407638,0.01238390092879257,0.009700722394220847,11.52073732718894,1.2534357814117285,1.5000000000002345,5.948992616750902,0.7817265472739997,59.978325,119.976818,47.607054,2160,436,712,60.0,120.0
33,2022-09-19 13:36:15.014461,can_tapper14,"rgb(166,86,40)",483.0,421.0,484.0,12.836438923395447,51.20535714285712,52.99107142857141,1.291458351759207,1500,12.175,12.0,499.0,487.0,0.794648,-72.26517571884985,14.0,2.28841,0.011293634496919919,0.012731006160164272,0.011498973305954827,12.527472527472527,1.357388908980639,1.0000000000001563,3.678623825607137,0.8612943753186082,59.87362,119.970339,320525.666966,2158,433,894,60.0,120.0
34,2022-09-19 21:11:55.552536,can_tapper14,"rgb(247,129,191)",479.0,428.0,480.0,10.647181628392484,44.68749999999998,46.339285714285694,0.35457793536770765,1500,16.067857142857143,0.0,495.0,495.0,1.015345,-96.63076923076923,11.0,2.019147,0.009696969696969697,0.010303030303030302,0.009898989898989899,6.896551724137931,1.2228528257234899,1.0000000000001563,2.0171482422437275,0.5618612621512235,59.991454,119.910025,27340.538075,2159,441,752,60.0,120.0
35,2022-09-20 10:41:17.728704,can_tapper14,"rgb(153,153,153)",484.0,427.0,487.0,11.776859504132231,52.99107142857141,58.21428571428571,0.6270402786845698,1500,14.675,0.0,495.0,495.0,0.863599,-95.08517350157729,89.0,2.364024,0.007272727272727273,0.011515151515151515,0.00787878787878788,8.035714285714286,1.1392386512371842,1.2400000000001938,15.558206486264643,0.7944286239799002,59.972405,119.882784,48562.176168,2159,429,683,60.0,120.0
36,2022-09-20 11:07:02.953567,can_tapper14,"rgb(228,26,28)",504.0,443.0,507.0,12.103174603174603,95.0,98.75,1.336889483061916,1500,15.275,12.0,497.0,485.0,0.784306,-59.32234432234432,12.0,2.18378,0.00577319587628866,0.012577319587628866,0.006391752577319588,10.822510822510823,0.7283929356663501,0.7600000000001188,2.145932504474109,0.5774644904369928,59.882022,119.980055,1545.224863,2158,345,749,60.0,120.0
37,2022-09-20 12:05:34.571076,can_tapper14,"rgb(55,126,184)",499.0,438.0,500.0,12.224448897795591,87.00000000000001,88.25000000000001,0.39500462000154224,1500,14.25,11.0,499.0,488.0,0.823277,-60.29054054054054,12.0,2.324826,0.007172131147540985,0.012499999999999999,0.007377049180327869,12.068965517241379,0.8769506221395889,1.0000000000001563,2.0171482422437275,0.499511361056742,59.88081,119.98565,3511.617509,2159,365,502,60.0,120.0
38,2022-09-20 15:30:02.912166,can_tapper14,"rgb(77,175,74)",493.0,431.0,496.0,12.57606490872211,70.75000000000004,78.58333333333337,8.843540243896139e-14,1500,20.466666666666665,9.0,494.0,485.0,0.38347,-62.59866220735786,13.0,2.491713,0.011134020618556702,0.012783505154639175,0.01175257731958763,7.061503416856492,2.1363055582768964,1.5000000000002345,7.136925848448924,0.7062123533179485,59.869032,119.968343,12268.34109,2160,363,494,60.0,120.0
39,2022-09-20 15:46:25.657131,can_tapper14,"rgb(152,78,163)",504.0,445.0,507.0,11.706349206349206,95.0,98.75,2.9232752156300525e-13,1500,18.145,11.0,497.0,486.0,0.669099,-27.866666666666667,496.0,2.169744,0.00905349794238683,0.01213991769547325,0.009670781893004115,11.062906724511931,1.2091988395458793,1.5000000000002345,1.406595676542853,0.08951259971811931,59.940981,119.976874,982.744965,2160,472,270,60.0,120.0
40,2022-09-20 15:48:02.402678,can_tapper14,"rgb(255,127,0)",508.0,450.0,511.0,11.41732283464567,98.75,100.0,3.6960994204878648,1500,18.175,7.0,496.0,489.0,0.6609,-19.233333333333334,16.0,2.165976,0.008793456032719835,0.011860940695296522,0.009406952965235174,10.10752688172043,1.5726527241732258,1.5000000000002345,40.68887031186959,0.4025023850739874,59.902448,119.8976,96.745547,2158,419,267,60.0,120.0
41,2022-09-20 15:58:47.776595,can_tapper14,"rgb(255,255,51)",500.0,434.0,503.0,13.200000000000001,88.25000000000001,93.75,2.9232752156300525e-13,1500,15.85,0.0,491.0,491.0,0.552674,-44.72924187725632,118.0,2.058782,0.006720977596741344,0.013441955193482687,0.007331975560081466,13.392857142857142,1.896468976067959,1.0000000000001563,2.27471676670449,0.6536911338659414,59.998386,119.884301,645.373917,2158,405,527,60.0,120.0
42,2022-09-21 07:12:31.519329,can_tapper14,"rgb(166,86,40)",495.0,440.0,495.0,11.11111111111111,75.58333333333339,75.58333333333339,0.1815734140327867,1500,16.05833333333333,11.5,318.0,306.5,1.200024,-47.18808777429467,57.0,2.198504,0.012071778140293638,0.017944535073409464,0.012071778140293638,6.6115702479338845,1.0300932554214812,1.5200000000002376,3.2620894576029285,0.8386220079854785,59.967473,119.846682,54823.742734,2158,415,785,60.0,120.0
43,2022-09-21 07:22:11.862033,can_tapper14,"rgb(247,129,191)",504.0,458.0,507.0,9.126984126984127,95.0,98.75,0.6362580605585065,1500,15.76,0.0,460.0,460.0,0.49495,-35.736334405144696,25.0,2.002748,0.003478260869565217,0.01,0.004130434782608696,5.737704918032787,1.3476796865387448,1.0200000000001594,2.27471676670449,0.7237417289366399,59.927256,119.970922,580.342704,2160,444,449,60.0,120.0
44,2022-09-21 09:49:28.249550,can_tapper14,"rgb(153,153,153)",491.0,432.0,492.0,12.016293279022404,66.25000000000003,68.33333333333339,0.3064445806419857,1500,15.225,10.0,498.0,488.0,0.758558,-53.093548387096774,75.0,2.165918,0.009426229508196722,0.012090163934426232,0.009631147540983606,11.210762331838565,1.66057460736436,1.5000000000002345,4.81380822117902,0.7307529459216947,59.959428,119.898,8836.387517,2159,353,656,60.0,120.0
45,2022-09-21 11:35:38.179476,can_tapper14,"rgb(228,26,28)",484.0,459.0,484.0,5.1652892561983474,52.99107142857141,52.857142857142826,0.93688930528409,1500,16.75,0.0,245.0,245.0,1.028037,-104.0582191780822,19.0,2.032392,0.01020408163265306,0.01020408163265306,0.01020408163265306,2.3157894736842106,0.9025223858899156,0.5000000000000782,10.849032074111987,0.8804012151502946,59.929827,119.918899,6369.929926,2159,434,567,60.0,120.0
46,2022-09-21 15:50:04.976418,can_tapper14,"rgb(55,126,184)",480.0,448.0,483.0,6.666666666666667,46.24999999999997,51.20535714285712,2.0586558921909938e-13,1500,18.8,8.0,329.0,321.0,0.871398,-117.93729372937294,6.0,2.372298,0.007165109034267913,0.009968847352024923,0.00809968847352025,5.908096280087527,0.7597057908012255,0.5000000000000782,6.708616137836345,0.930821436631319,59.983177,119.895166,15266.796942,2159,365,612,60.0,120.0
47,2022-09-21 16:29:02.153392,can_tapper14,"rgb(77,175,74)",492.0,454.0,492.0,7.723577235772358,68.6666666666667,68.33333333333339,1.4658584292699468,1500,19.675,8.5,456.0,447.5,0.657291,-116.87650602409639,75.0,2.158215,0.004022346368715083,0.008491620111731843,0.004022346368715083,6.896551724137931,0.6060055236982441,0.5000000000000782,15.558206486264643,0.8744100888316367,59.938811,119.946791,2337.176974,2160,440,519,60.0,120.0
48,2022-09-22 07:00:46.564403,can_tapper14,"rgb(152,78,163)",495.0,444.0,496.0,10.303030303030303,75.58333333333339,78.58333333333337,0.03761779449670307,1500,16.05,23.5,498.0,474.5,0.8059,-55.98293515358362,13.0,2.704409,0.00821917808219178,0.010748155953635404,0.008429926238145416,8.771929824561404,1.1541147539922616,1.0000000000001563,3.2620894576029285,0.8426031432910481,59.960574,119.9185,52304.411011,2159,413,759,60.0,120.0
49,2022-09-22 09:13:16.688772,can_tapper14,"rgb(255,127,0)",488.0,438.0,491.0,10.245901639344263,60.29761904761905,66.25000000000003,2.8201152515774477e-13,1500,15.998333333333335,20.0,497.0,477.0,0.852675,-78.74592833876221,21.0,2.353577,0.007337526205450733,0.010482180293501047,0.007966457023060796,9.251101321585903,1.2533587444470229,0.5000000000000782,2.0171482422437275,0.4400537446658317,59.90685,119.95495,7950.124369,2158,364,632,60.0,120.0
50,2022-09-22 10:45:17.859676,can_tapper14,"rgb(255,255,51)",488.0,434.0,488.0,11.065573770491802,60.29761904761905,60.0,0.13664006072913598,1500,17.416666666666668,15.5,497.0,481.5,0.795481,-86.50943396226415,17.0,2.298376,0.0070612668743509875,0.011214953271028038,0.0070612668743509875,6.947368421052632,1.1080634131685443,1.0000000000001563,16.55151580384499,0.4934912099614357,59.887749,119.964429,5521.170904,2158,381,526,60.0,120.0
51,2022-09-22 13:15:39.281333,can_tapper14,"rgb(166,86,40)",496.0,441.0,499.0,11.088709677419354,78.58333333333337,87.00000000000001,8.843540243896139e-14,1500,18.366666666666667,0.0,498.0,498.0,0.8553,-51.81104651162791,13.0,2.348059,0.00783132530120482,0.01104417670682731,0.008433734939759036,8.533916849015318,0.9628277289765266,1.0000000000001563,31.996067694060745,0.3400386100276067,59.900305,119.993991,9021.421657,2158,414,654,60.0,120.0
52,2022-09-22 16:44:20.172127,can_tapper14,"rgb(247,129,191)",484.0,446.0,485.0,7.851239669421488,52.99107142857141,54.642857142857125,3.116516940673546,1500,20.275,34.0,492.0,458.0,0.68566,-24.414414414414413,67.0,2.186518,0.005676855895196507,0.008296943231441048,0.0058951965065502186,4.8034934497816595,0.9998328695775153,0.7600000000001188,60.623662699026156,0.1864835716148424,59.932306,103.17821,12520.890794,1959,218,176,60.0,120.0
53,2022-10-11 13:27:46.108467,can_tapper14,"rgb(153,153,153)",471.0,425.0,,9.766454352441615,40.0,,,0,11.0,0.0,424.0,424.0,0.620865,-34.81547619047619,17.0,2.122394,0.008490566037735849,0.010849056603773584,,9.174311926605505,1.199629146372751,1.5000000000002345,3.2620894576029285,0.8375607822082112,0.891811,119.946671,1629805.93634,1452,343,510,60.0,120.0
54,2022-10-11 14:11:13.008371,can_tapper14,"rgb(228,26,28)",484.0,432.0,487.0,10.743801652892563,52.99107142857141,58.21428571428571,2.233663214961038,1500,11.091666666666665,13.0,500.0,487.0,0.922913,-68.66457680250784,74.0,2.021807,0.010677618069815195,0.010677618069815195,0.011293634496919919,5.882352941176471,1.4424521960959953,1.0200000000001594,4.67804510221319,0.5358014654083872,59.833247,119.840606,2606.899904,2157,429,733,60.0,120.0
55,2022-10-13 10:11:24.147987,can_tapper14,"rgb(55,126,184)",479.0,432.0,482.0,9.812108559498958,44.68749999999998,49.642857142857125,9.683088748037576,1500,10.708333333333334,0.0,472.0,472.0,0.54611,-44.0064308681672,23.0,2.047356,0.005932203389830509,0.00995762711864407,0.006355932203389831,9.482758620689655,1.6232699809479003,1.0000000000001563,3.2620894576029285,0.8572691996267525,35.257424,119.862593,158411.139616,1863,354,488,60.0,120.0
56,2022-10-13 11:41:33.902046,can_tapper14,"rgb(77,175,74)",488.0,451.0,488.0,7.581967213114754,60.29761904761905,60.29761904761905,4.68311319249386,1500,14.575,9.5,465.0,455.5,0.626124,-60.81292517006803,-48.0,,0.006147091108671789,0.008122941822173435,0.006147091108671789,7.592190889370933,1.0968217850361113,0.7600000000001188,2.565174071178317,0.8757667303559065,59.956682,119.941441,5409.754059,2159,400,458,60.0,120.0
57,2022-10-13 13:14:49.587936,can_tapper14,"rgb(152,78,163)",491.0,443.0,491.0,9.775967413441954,66.25000000000003,66.25000000000003,3.2871303498351323,1500,10.65,0.0,499.0,499.0,0.559303,-38.89,10.0,2.060722,0.007214428857715432,0.009619238476953907,0.007214428857715432,13.232104121475054,1.4071605759486296,0.5000000000000782,3.678623825607137,0.8379042632777667,33.619441,119.968721,5595.68589,1845,351,493,60.0,120.0
58,2022-10-20 10:09:42.872308,can_tapper14,"rgb(255,127,0)",484.0,407.0,487.0,15.909090909090908,52.99107142857141,58.21428571428571,0.9766048784911474,1500,10.283333333333335,18.0,366.0,348.0,1.064959,-27.628242074927954,145.0,2.166091,0.013793103448275862,0.022126436781609193,0.014655172413793103,17.995444191343964,1.2054703480683735,1.5000000000002345,3.2620894576029285,0.7593119126244722,59.85316,119.80987,593693.284372,2157,437,642,60.0,120.0
59,2022-10-20 12:59:15.907975,can_tapper14,"rgb(255,255,51)",480.0,433.0,484.0,9.791666666666666,46.339285714285694,52.99107142857141,0.25032900014617704,1500,11.191666666666666,18.0,472.0,454.0,0.941283,-71.61218836565097,27.0,2.543633,0.009691629955947138,0.010352422907488987,0.010572687224669605,7.5,1.3534641943164638,1.0000000000001563,2.0171482422437275,0.7900067641210702,59.953955,119.92998,10173.035667,2158,487,606,60.0,120.0
60,2022-10-31 09:43:51.268810,can_tapper14,"rgb(166,86,40)",488.0,411.0,487.0,15.778688524590164,60.29761904761905,58.21428571428571,0.45100464489123304,1500,11.55,20.0,324.0,304.0,1.047807,-33.87465181058496,28.0,2.150482,0.013486842105263158,0.025328947368421055,0.013157894736842106,16.93002257336343,1.1741281468414773,1.0000000000001563,3.2620894576029285,0.8156881167236647,59.872067,119.972581,938675.360835,2159,476,608,60.0,120.0
61,2022-11-01 08:29:30.677386,can_tapper14,"rgb(247,129,191)",484.0,409.0,,15.495867768595042,52.99107142857141,,,0,15.65,0.0,492.0,492.0,0.545457,-47.729651162790695,37.0,2.051308,0.007317073170731708,0.015243902439024392,,14.018691588785046,1.4418845208663416,1.2400000000001938,2.892719705486028,0.8581509829006136,0.470669,119.888039,81939.408576,1446,349,508,60.0,120.0
62,2022-11-01 08:42:29.537462,can_tapper14,"rgb(153,153,153)",484.0,426.0,487.0,11.983471074380166,52.99107142857141,58.21428571428571,4.151068511585314,1500,13.633333333333335,24.0,500.0,476.0,0.877631,-62.579268292682926,30.0,2.382921,0.008613445378151261,0.012184873949579832,0.009243697478991597,10.15801354401806,1.2399366915243846,1.0000000000001563,2.0171482422437275,0.8214218494203136,59.973124,119.86793,778.860076,2158,426,492,60.0,120.0
63,2022-11-03 09:01:00.495976,can_tapper14,"rgb(228,26,28)",488.0,453.0,488.0,7.172131147540983,60.29761904761905,60.0,8.006423319661492e-13,101,11.316666666666666,0.0,342.0,342.0,0.930369,-20.529230769230768,17.0,2.33924,0.01023391812865497,0.01023391812865497,0.01023391812865497,2.5,0.5196424652385004,0.5000000000000782,3.678623825607137,0.7833196987968821,5.036334,119.814431,173910.958514,1500,334,441,60.0,120.0
64,2022-11-03 09:41:05.641500,can_tapper14,"rgb(55,126,184)",495.0,452.0,496.0,8.686868686868687,75.58333333333339,78.58333333333337,4.151610734048193,1500,11.575,16.0,479.0,463.0,0.643179,-23.340557275541794,87.0,2.044931,0.00734341252699784,0.009287257019438444,0.00734341252699784,8.225108225108226,1.0102532897461896,1.0000000000001563,3.2620894576029285,0.6628419922873998,35.904597,119.962684,2405.145524,1872,386,587,60.0,120.0
65,2022-11-03 21:45:30.116932,can_tapper14,"rgb(77,175,74)",488.0,436.0,491.0,10.655737704918032,60.29761904761905,66.25000000000003,4.468368071849826,1469,10.85,14.0,297.0,283.0,0.427386,-23.85573770491803,12.0,2.026917,0.0049469964664310955,0.01837455830388693,0.006007067137809188,11.597374179431073,1.8676645017207312,1.0000000000001563,3.2620894576029285,0.756938722016643,32.396479,119.950853,43464.475432,1830,358,578,60.0,120.0
66,2022-11-04 09:21:38.637353,can_tapper14,"rgb(152,78,163)",487.0,444.0,488.0,8.829568788501026,58.21428571428571,60.29761904761905,4.204506045271988,1038,9.4,14.0,500.0,486.0,0.503295,-20.274914089347078,12.0,2.004944,0.00802469135802469,0.008847736625514403,0.008230452674897118,4.464285714285714,1.20114962989746,1.260000000000197,3.678623825607137,0.783676120649588,23.769876,119.867343,41768.520421,1725,338,432,60.0,120.0
67,2022-11-05 07:54:36.844977,can_tapper14,"rgb(255,127,0)",477.0,433.0,480.0,9.224318658280922,41.56249999999999,46.339285714285694,2.8040634684720325,1500,5.791666666666666,17.5,371.0,353.5,0.819732,-28.9390243902439,15.0,2.316936,0.009900990099009901,0.012446958981612447,0.01074964639321075,10.822510822510823,0.5470493777512568,1.0000000000001563,3.2620894576029285,0.8284047069382244,34.699922,119.920188,81178.207624,1857,382,603,60.0,120.0
68,2022-11-05 16:33:53.610862,can_tapper14,"rgb(255,255,51)",468.0,423.0,475.0,9.615384615384617,40.0,40.0,0.8609603826492148,1500,9.25,37.0,499.0,462.0,0.667557,-82.90228013029316,52.0,2.071277,0.009307359307359308,0.00974025974025974,0.010822510822510822,14.798206278026905,1.1227473820211353,1.0000000000001563,4.67804510221319,0.9494611988978399,59.953796,119.964477,31156.765885,2160,421,736,60.0,120.0
69,2022-11-06 08:43:40.122206,can_tapper14,"rgb(166,86,40)",484.0,440.0,,9.090909090909092,52.99107142857141,,,0,7.633333333333333,8.0,428.0,420.0,0.621384,-37.86038961038961,65.0,2.12841,0.007857142857142858,0.010476190476190477,,6.13107822410148,0.7686568829231317,1.2400000000001938,3.470356641605033,0.8418624164312237,1.653434,119.930329,58186.511344,1460,318,510,60.0,120.0
70,2022-11-09 08:26:46.437668,can_tapper14,"rgb(247,129,191)",485.0,425.0,488.0,12.371134020618557,54.642857142857125,60.29761904761905,0.3991735107435947,1500,9.883333333333335,0.0,325.0,325.0,1.033652,-37.33557046979866,18.0,2.030116,0.014461538461538461,0.018461538461538463,0.015384615384615385,10.909090909090908,1.626849460431303,1.5000000000002345,3.2620894576029285,0.8600311814793841,59.947386,119.99609,258186.315462,2159,427,797,60.0,120.0
71,2022-11-09 09:36:22.023610,can_tapper14,"rgb(153,153,153)",506.0,454.0,508.0,10.276679841897234,97.5,98.75,8.215141580016676,907,10.375,0.0,354.0,354.0,0.41466,-15.854103343465045,7.0,2.013557,0.004519774011299435,0.014689265536723162,0.005084745762711865,11.578947368421053,1.9373522561856409,1.0000000000001563,6.328804377293624,0.7125729603603899,21.156843,119.942308,4175.585942,3390,722,1289,60.0,120.0
72,2022-11-09 09:36:22.023610,can_tapper14,"rgb(228,26,28)",506.0,454.0,508.0,10.276679841897234,97.5,98.75,8.215141580016676,907,10.375,0.0,354.0,354.0,0.41466,-15.854103343465045,7.0,2.013557,0.004519774011299435,0.014689265536723162,0.005084745762711865,11.578947368421053,1.9373522561856409,1.0000000000001563,6.328804377293624,0.7125729603603899,21.156843,119.942308,0.0,3390,722,1289,60.0,120.0
73,2022-11-09 12:04:40.148733,can_tapper14,"rgb(55,126,184)",494.0,432.0,496.0,12.550607287449392,73.50000000000004,78.58333333333337,0.3260001448888371,1500,13.7,0.0,497.0,497.0,0.840325,-32.79322033898305,14.0,2.337789,0.011066398390342052,0.012474849094567402,0.01146881287726358,11.206896551724139,1.1559766718169346,1.0000000000001563,2.0171482422437275,0.6593063708508949,59.980975,119.953,8898.125123,2160,350,586,60.0,120.0
74,2022-11-09 13:35:02.295123,can_tapper14,"rgb(77,175,74)",503.0,453.0,,9.940357852882704,93.75,,,0,13.025,10.0,378.0,368.0,0.443256,-14.003597122302159,1.0,4.637206,0.0035326086956521735,0.01358695652173913,,11.764705882352942,1.8193734748274648,0.7400000000001157,4.148345232772487,0.6426912860187308,2.331196,119.988467,5422.14639,1468,289,466,60.0,120.0
75,2022-11-09 16:57:23.516059,can_tapper14,"rgb(152,78,163)",492.0,431.0,496.0,12.398373983739837,68.6666666666667,78.58333333333337,4.845557709136111,1500,13.883333333333335,9.0,499.0,490.0,0.6484,-38.87213114754098,133.0,2.151995,0.009183673469387754,0.012448979591836735,0.01,10.961968680089486,1.144370463108885,1.5200000000002376,2.892719705486028,0.5988326191650115,59.953274,119.964993,12141.220936,2159,382,832,60.0,120.0
76,2022-11-10 07:55:10.069117,can_tapper14,"rgb(255,127,0)",492.0,442.0,495.0,10.16260162601626,68.6666666666667,75.58333333333339,0.14977784434566513,1500,10.941666666666666,14.5,309.0,294.5,1.32068,-29.55305466237942,32.0,2.319875,0.014261460101867572,0.01697792869269949,0.01528013582342954,9.251101321585903,1.1753999068293965,1.5000000000002345,2.892719705486028,0.8304462188890387,59.893155,119.942583,53866.553058,2158,435,739,60.0,120.0
77,2022-11-10 10:00:06.095301,can_tapper14,"rgb(255,255,51)",495.0,431.0,499.0,12.929292929292929,75.58333333333339,87.00000000000001,0.22239120995142966,1500,10.925,12.0,499.0,487.0,0.662738,-27.5015479876161,16.0,2.068777,0.009240246406570842,0.013141683778234088,0.010061601642710473,10.222222222222221,1.1518998332583312,1.0000000000001563,1.7887444673306678,0.6600745859813036,59.926327,119.954952,7496.026184,2159,381,717,60.0,120.0
78,2022-11-10 11:00:10.050478,can_tapper14,"rgb(166,86,40)",495.0,427.0,499.0,13.737373737373737,75.58333333333339,87.00000000000001,1.2649250066329587,1500,10.15,13.0,497.0,484.0,0.588382,-29.8929889298893,131.0,2.093003,0.008057851239669423,0.014049586776859505,0.008677685950413223,13.174946004319654,1.0667319592519764,1.5000000000002345,2.27471676670449,0.7409535925846432,59.863094,119.806848,3603.955177,2157,336,438,60.0,120.0
79,2022-11-10 11:28:01.418801,can_tapper14,"rgb(247,129,191)",494.0,438.0,496.0,11.336032388663968,73.16666666666671,78.58333333333337,0.19800008800004176,1500,11.925,0.0,499.0,499.0,0.860272,-29.12847222222222,20.0,2.357476,0.008617234468937876,0.011222444889779559,0.009018036072144289,9.090909090909092,1.0887434020314875,1.0000000000001563,1.7887444673306678,0.3325535174136688,59.941856,119.967201,1671.368323,2159,419,767,60.0,120.0
80,2022-11-10 13:08:56.241053,can_tapper14,"rgb(153,153,153)",490.0,440.0,492.0,10.204081632653061,64.16666666666669,68.6666666666667,0.3415023740008852,1500,12.129999999999999,0.0,499.0,499.0,0.763665,-38.30281690140845,57.0,2.263462,0.005410821643286573,0.01002004008016032,0.005410821643286573,6.918238993710692,1.021212583561559,1.2400000000001938,3.678623825607137,0.676778112253593,59.949623,119.994669,6054.822252,2159,394,577,60.0,120.0
81,2022-11-10 13:56:04.866766,can_tapper14,"rgb(228,26,28)",500.0,448.0,504.0,10.4,88.25000000000001,95.0,1.099333821925904,1500,12.805000000000001,11.0,496.0,485.0,0.820847,-27.944827586206898,10.0,2.824086,0.005154639175257732,0.010721649484536083,0.005979381443298969,6.526315789473684,0.9730779519500877,1.0000000000001563,1.7887444673306678,0.71781218443475,59.993898,119.854972,2828.625713,2159,411,480,60.0,120.0
82,2022-11-10 14:24:50.201009,can_tapper14,"rgb(55,126,184)",503.0,440.0,507.0,12.524850894632205,93.75,98.75,6.502180667634802,1500,13.12,0.0,497.0,497.0,0.684845,-20.55625,117.0,2.090147,0.01227364185110664,0.01267605633802817,0.0130784708249497,10.284463894967177,1.3750694498304141,1.5000000000002345,2.0171482422437275,0.3942113664926764,59.988648,119.964875,1725.334243,2160,451,703,60.0,120.0
83,2022-11-11 07:37:17.820667,can_tapper14,"rgb(77,175,74)",489.0,423.0,491.0,13.496932515337424,62.08333333333334,66.25000000000003,4.459637537615816,1500,9.716071428571428,0.0,311.0,311.0,1.162307,-19.062893081761008,18.0,2.157866,0.013183279742765274,0.021221864951768483,0.01382636655948553,9.417040358744394,1.1249272129109764,1.0000000000001563,3.678623825607137,0.6447566040963355,59.834301,119.979921,61947.619658,2158,414,674,60.0,120.0
84,2022-11-11 10:29:21.300255,can_tapper14,"rgb(152,78,163)",496.0,448.0,496.0,9.67741935483871,78.58333333333337,78.58333333333337,4.697450591191562e-11,4,,0.0,484.0,484.0,0.512094,-15.968152866242038,3.0,4.013468,0.003512396694214876,0.009917355371900825,0.003512396694214876,8.641975308641975,1.755941932325246,0.7400000000001157,3.678623825607137,0.6319829891459265,3.09505,119.959008,10323.479588,2954,646,1011,60.0,120.0
85,2022-11-11 10:29:21.300255,can_tapper14,"rgb(255,127,0)",496.0,448.0,496.0,9.67741935483871,78.58333333333337,78.58333333333337,4.697450591191562e-11,4,,0.0,484.0,484.0,0.512094,-15.968152866242038,3.0,4.013468,0.003512396694214876,0.009917355371900825,0.003512396694214876,8.641975308641975,1.755941932325246,0.7400000000001157,3.678623825607137,0.6319829891459265,3.09505,119.959008,0.0,2954,646,1011,60.0,120.0
86,2022-11-11 17:02:13.012908,can_tapper14,"rgb(255,255,51)",496.0,430.0,499.0,13.306451612903224,78.58333333333337,87.00000000000001,8.843540243896139e-14,1500,12.791666666666668,0.0,497.0,497.0,0.695397,-28.52469135802469,13.0,2.195832,0.00925553319919517,0.013279678068410463,0.009859154929577466,19.82758620689655,1.3495732051995517,1.0000000000001563,2.0171482422437275,0.7154245602614201,59.96497,119.978851,23571.712653,3741,824,1185,60.0,120.0
87,2022-11-11 17:02:13.012908,can_tapper14,"rgb(166,86,40)",496.0,430.0,499.0,13.306451612903224,78.58333333333337,87.00000000000001,8.843540243896139e-14,1500,12.791666666666668,0.0,497.0,497.0,0.695397,-28.52469135802469,13.0,2.195832,0.00925553319919517,0.013279678068410463,0.009859154929577466,19.82758620689655,1.3495732051995517,1.0000000000001563,2.0171482422437275,0.7154245602614201,59.96497,119.978851,0.0,3741,824,1185,60.0,120.0
88,2022-11-12 07:27:25.929383,can_tapper14,"rgb(247,129,191)",492.0,454.0,495.0,7.723577235772358,68.6666666666667,75.58333333333339,4.203359482359018e-13,172,11.283333333333333,0.0,500.0,500.0,0.516757,-15.351170568561873,180.0,2.019724,0.0072,0.007599999999999999,0.0078,7.462686567164179,1.1857664601253302,0.5200000000000813,3.678623825607137,0.7119372006744514,6.454404,119.904329,51912.916475,1518,319,582,60.0,120.0
89,2022-11-12 08:03:31.538000,can_tapper14,"rgb(153,153,153)",503.0,503.0,503.0,0.0,93.75,93.75,0.3038551332305335,922,11.25,,,,,,,,,,,0.7936507936507936,0.3652687052289437,0.020000000000003126,60.13076337027595,0.0030080969655889023,59.820545,119.819885,2165.608617,1977,0,479,60.0,120.0
90,2022-11-12 09:05:55.846021,can_tapper14,"rgb(228,26,28)",503.0,420.0,508.0,16.50099403578529,93.75,98.75,4.566695362974977,1500,9.925,13.0,489.0,476.0,0.464426,-16.66417910447761,21.0,2.0623,0.012184873949579832,0.017436974789915967,0.013235294117647057,22.696629213483146,2.1929403939828633,1.5000000000002345,119.99999999999996,0.318266279258255,59.965951,119.913049,3744.308021,2160,345,327,60.0,120.0
91,2022-11-12 11:16:41.005974,can_tapper14,"rgb(55,126,184)",485.0,454.0,492.0,6.391752577319587,54.642857142857125,68.6666666666667,4.132721836764632,1500,11.425,23.5,340.0,316.5,0.901288,-35.0234375,20.0,4.000077,0.007582938388625593,0.009794628751974725,0.009478672985781991,6.4935064935064934,0.8064006387274081,0.5000000000000782,4.67804510221319,0.9168366368363672,59.899031,119.996499,7845.159953,2159,415,612,60.0,120.0
92,2022-11-12 13:42:58.581978,can_tapper14,"rgb(77,175,74)",488.0,415.0,492.0,14.959016393442623,60.0,68.6666666666667,0.17183118748022824,1500,12.775,9.0,496.0,487.0,0.479694,-39.71917808219178,10.0,2.081024,0.005544147843942506,0.014989733059548253,0.00595482546201232,13.88888888888889,2.49594661063516,1.5200000000002376,2.892719705486028,0.7498878408102376,59.903231,119.891124,8777.576004,2158,378,708,60.0,120.0
93,2022-11-12 14:53:08.738996,can_tapper14,"rgb(152,78,163)",498.0,426.0,503.0,14.457831325301203,84.58333333333334,93.75,3.556366025050903,1500,13.715,0.0,495.0,495.0,0.468971,-29.268456375838927,13.0,2.062148,0.010505050505050505,0.014545454545454545,0.011515151515151515,13.90134529147982,2.5847381661609656,1.5000000000002345,2.0171482422437275,0.7750042343234618,59.940788,119.876731,4210.157018,2158,442,598,60.0,120.0
94,2022-11-12 15:56:53.186172,can_tapper14,"rgb(255,127,0)",500.0,429.0,503.0,14.2,88.25000000000001,93.75,0.2240978773766298,1500,14.375,8.0,495.0,487.0,0.483825,-32.91851851851852,11.0,2.488002,0.011704312114989731,0.014579055441478438,0.012320328542094455,13.465783664459162,2.145038317711624,1.5000000000002345,1.7887444673306678,0.8159715311274184,59.987049,119.88862,3824.447176,2160,339,579,60.0,120.0
95,2022-11-12 18:58:33.425770,can_tapper14,"rgb(255,255,51)",500.0,469.0,503.0,6.2,88.25000000000001,93.75,3.6502342999095787,472,14.775,0.0,317.0,317.0,0.810591,-14.281733746130032,3.0,3.41301,0.007255520504731862,0.009779179810725553,0.008201892744479496,2.3060796645702304,0.6353403473756076,0.5000000000000782,3.678623825607137,0.5446064332840037,12.465622,119.874402,10900.239598,1590,347,503,60.0,120.0
96,2022-11-13 07:26:08.310046,can_tapper14,"rgb(166,86,40)",500.0,461.0,503.0,7.8,88.25000000000001,92.00000000000001,3.31202030043317e-12,33,12.05,8.0,338.0,330.0,0.443369,-9.493243243243244,2.0,3.542498,,0.011818181818181818,0.0009090909090909091,11.018711018711018,1.2592346537007877,0.5000000000000782,3.2620894576029285,0.6462695005166883,3.671311,119.964138,44854.884276,1485,308,481,60.0,120.0
97,2022-11-13 13:12:50.189830,can_tapper14,"rgb(247,129,191)",499.0,468.0,,6.212424849699398,87.00000000000001,,,0,13.080000000000002,0.0,301.0,301.0,1.024122,-16.75873015873016,6.0,4.024985,0.009302325581395349,0.010299003322259135,,2.857142857142857,0.7272075068924999,0.7600000000001188,3.2620894576029285,0.6166394992727968,0.995987,119.871574,20801.879784,1452,325,499,60.0,120.0
98,2022-11-13 15:15:42.474611,can_tapper14,"rgb(153,153,153)",503.0,503.0,503.0,0.0,93.75,93.75,0.612000272000486,1500,15.55,,,,,,,,,,,0.5964214711729622,0.29821073558648115,0.020000000000003126,10.849032074111987,0.042255289157664744,59.970989,119.998794,7372.284781,1092,0,197,60.0,120.0
99,2022-11-13 15:17:36.913516,can_tapper14,"rgb(228,26,28)",503.0,503.0,,0.0,93.75,,,0,13.875,,,,,,,,,,,0.5964214711729622,0.29821073558648115,0.020000000000003126,15.558206486264643,0.021861336408624976,1.217048,119.897357,114.438905,1455,0,490,60.0,120.0
100,2022-11-13 17:17:28.200639,can_tapper14,"rgb(55,126,184)",492.0,427.0,496.0,13.211382113821138,68.6666666666667,78.58333333333337,1.352125045388547,1500,14.7,10.0,496.0,486.0,0.662182,-34.88461538461539,119.0,2.065706,0.01213991769547325,0.013374485596707819,0.012962962962962963,20.0,1.3890678070774105,1.5200000000002376,2.27471676670449,0.8057350554414002,59.990998,119.842517,7191.287123,2158,384,716,60.0,120.0
101,2022-11-14 07:31:44.233091,can_tapper14,"rgb(77,175,74)",499.0,449.0,,10.02004008016032,87.00000000000001,,,0,9.625,0.0,431.0,431.0,0.617323,-9.781021897810218,17.0,2.125158,0.005104408352668214,0.01160092807424594,,8.296943231441048,1.0943937610156471,1.260000000000197,4.148345232772487,0.6244726122916036,2.997232,119.886158,51256.032452,1476,286,519,60.0,120.0
102,2022-11-14 12:35:45.630554,can_tapper14,"rgb(152,78,163)",560.0,476.0,559.0,15.0,100.0,100.0,14.400092220263236,558,11.7,,,,,,,,,,,13.385826771653543,1.1927778851482354,1.0000000000001563,119.99999999999996,0.654195200563806,14.171074,119.937889,18241.397463,1611,0,575,60.0,120.0
103,2022-11-14 14:14:31.143272,can_tapper14,"rgb(255,127,0)",503.0,503.0,503.0,0.0,93.75,93.75,1.1866398939770212e-13,917,11.8,0.0,-440.0,440.0,0.0,,,,,,,0.7936507936507936,0.3011691754236486,0.020000000000003126,119.99999999999996,0.006113250588799302,59.86214,119.881809,5925.512718,1977,4,593,60.0,120.0
104,2022-11-14 15:10:07.030037,can_tapper14,"rgb(255,255,51)",504.0,504.0,503.0,0.0,95.0,93.75,3.8165989385548222,911,12.066666666666666,-461.0,-484.0,23.0,1.115233,-454.26382978723404,-449.0,,,,,0.7936507936507936,0.3968253968253969,0.020000000000003126,15.558206486264643,0.3713444839233051,59.932224,119.983975,3335.886765,1977,251,496,60.0,120.0
105,2022-11-14 16:01:14.904737,can_tapper14,"rgb(166,86,40)",495.0,441.0,496.0,10.909090909090908,75.58333333333339,78.58333333333337,0.3260001448888371,1500,12.2,10.0,499.0,489.0,0.764268,-25.56382978723404,13.0,2.262396,0.00838445807770961,0.011042944785276072,0.008588957055214723,9.251101321585903,1.1424942862363916,1.0000000000001563,2.27471676670449,0.7215961436871325,59.971155,119.990876,3067.8747,2160,380,508,60.0,120.0
106,2022-11-15 07:39:33.720162,can_tapper14,"rgb(247,129,191)",495.0,456.0,496.0,7.878787878787878,75.58333333333339,78.58333333333337,3.064175935598928e-12,50,12.85,13.0,462.0,449.0,0.618858,-12.16614420062696,16.0,2.612451,0.0033407572383073493,0.00868596881959911,0.0033407572383073493,6.391752577319588,0.8871097507040693,0.5000000000000782,4.148345232772487,0.657598210831205,4.008603,119.867891,56298.815425,1488,329,481,60.0,120.0
107,2022-11-15 12:25:32.047032,can_tapper14,"rgb(153,153,153)",488.0,431.0,492.0,11.68032786885246,60.0,68.6666666666667,1.6702496312217134,1500,11.347619047619048,11.5,497.0,485.5,0.789948,-39.72027972027972,152.0,3.27924,0.007826982492276004,0.011740473738414007,0.008650875386199793,6.722689075630252,0.9146163762589821,1.0000000000001563,2.583718236095259,0.712673336647449,59.800561,119.845198,17158.32687,2157,359,632,60.0,120.0
108,2022-11-15 15:14:38.728778,can_tapper14,"rgb(228,26,28)",492.0,428.0,496.0,13.008130081300814,68.6666666666667,78.58333333333337,0.1455911758181205,1500,13.506666666666666,15.0,499.0,484.0,0.589196,-40.43382352941177,136.0,2.084532,0.011776859504132231,0.013223140495867768,0.012603305785123968,11.397849462365592,1.1606603696074642,1.5000000000002345,2.565174071178317,0.7586232409405701,59.959225,119.944684,10146.681746,2159,326,565,60.0,120.0
109,2022-11-15 17:47:24.490889,can_tapper14,"rgb(55,126,184)",490.0,437.0,492.0,10.816326530612246,64.16666666666669,68.6666666666667,1.3477250434331138,1500,13.991666666666665,10.0,497.0,487.0,0.834508,-44.59655172413793,12.0,2.230712,0.009856262833675564,0.010882956878850103,0.01026694045174538,15.517241379310345,1.3808759357683278,1.0000000000001563,5.548205151767979,0.596953801119209,60.000847,119.90399,9165.762111,2159,392,642,60.0,120.0
110,2022-11-15 19:07:20.219282,can_tapper14,"rgb(77,175,74)",496.0,424.0,499.0,14.516129032258066,78.58333333333337,87.00000000000001,0.2631112280494962,1500,14.608333333333334,0.0,491.0,491.0,0.929673,-37.02142857142857,12.0,2.426927,0.012830957230142569,0.014663951120162933,0.01344195519348269,19.34156378600823,2.134512936626827,1.5000000000002345,2.27471676670449,0.6686079174797228,59.953252,119.863425,4795.728393,2159,437,530,60.0,120.0
111,2022-11-15 21:02:08.758423,can_tapper14,"rgb(152,78,163)",496.0,437.0,499.0,11.895161290322582,78.58333333333337,87.00000000000001,0.23712010538682565,1500,15.366666666666665,0.0,494.0,494.0,0.475099,-35.2952380952381,10.0,2.472507,0.006680161943319838,0.01194331983805668,0.007287449392712551,12.97071129707113,2.10464316336417,1.5000000000002345,2.27471676670449,0.7453678941899557,59.995523,119.832128,6888.539141,2158,458,622,60.0,120.0
112,2022-11-15 23:21:06.505393,can_tapper14,"rgb(255,127,0)",491.0,432.0,493.0,12.016293279022404,66.25000000000003,70.75000000000004,1.1392982841323047,1500,15.675,0.0,495.0,495.0,0.718979,-46.55709342560554,123.0,2.126075,0.009292929292929294,0.01191919191919192,0.009494949494949495,11.210762331838565,1.2679084235530107,1.5000000000002345,2.27471676670449,0.6464003125488709,59.885397,119.975856,8337.74697,2158,444,696,60.0,120.0
113,2022-11-16 00:56:02.733273,can_tapper14,"rgb(255,255,51)",491.0,436.0,495.0,11.201629327902241,66.25000000000003,75.58333333333339,0.30196457865060045,1500,15.783333333333331,7.0,497.0,490.0,0.766816,-44.4612676056338,10.0,2.364294,0.01,0.011224489795918368,0.010816326530612244,10.96774193548387,1.1837073885996285,1.0000000000001563,2.565174071178317,0.6756013315803111,59.946831,119.986531,5696.22788,2160,426,623,60.0,120.0
114,2022-11-16 03:00:52.292872,can_tapper14,"rgb(166,86,40)",492.0,432.0,495.0,12.195121951219512,68.6666666666667,75.58333333333339,0.6928091968038017,1500,15.690000000000001,0.0,494.0,494.0,0.743711,-43.11184210526316,21.0,2.23525,0.009919028340080972,0.01214574898785425,0.010526315789473684,13.859275053304904,0.9149300873496378,1.5000000000002345,2.565174071178317,0.6853313927432734,59.949948,119.862394,7489.559599,2158,477,613,60.0,120.0
115,2022-11-16 04:57:59.322794,can_tapper14,"rgb(247,129,191)",491.0,432.0,493.0,12.016293279022404,66.25000000000003,70.75000000000004,4.4511042004898655,1500,15.639999999999997,9.0,499.0,490.0,0.735249,-45.63973063973064,11.0,2.135206,0.008571428571428572,0.012040816326530611,0.008979591836734694,9.57683741648107,1.0193613405866202,0.7600000000001188,2.565174071178317,0.6591808367015337,59.926703,119.950348,7027.029922,2159,451,571,60.0,120.0
116,2022-11-16 06:48:51.262543,can_tapper14,"rgb(153,153,153)",488.0,425.0,491.0,12.90983606557377,60.0,66.25000000000003,5.975975989321591,1500,15.115,0.0,498.0,498.0,0.962226,-54.770348837209305,11.0,2.459616,0.010240963855421687,0.012650602409638554,0.010843373493975902,10.755148741418765,0.9547082013487607,1.0200000000001594,1.9029463547871976,0.6161333574860638,59.920247,119.932176,6651.939749,2158,463,775,60.0,120.0
117,2022-11-16 09:26:59.962152,can_tapper14,"rgb(228,26,28)",496.0,438.0,499.0,11.693548387096774,78.58333333333337,87.00000000000001,8.843540243896139e-14,1500,16.1,10.5,497.0,486.5,0.687209,-41.66770186335404,12.0,2.088583,0.00883864337101747,0.011921891058581706,0.009455292908530318,10.375275938189846,1.3568217502132882,1.0000000000001563,2.565174071178317,0.6647579587136081,59.842268,119.977279,9488.699609,2158,502,801,60.0,120.0
118,2022-11-16 13:20:11.069924,can_tapper14,"rgb(55,126,184)",495.0,421.0,499.0,14.949494949494948,75.58333333333339,87.00000000000001,3.4170326297915934,1500,15.425,0.0,494.0,494.0,0.978557,-35.907051282051285,17.0,2.479776,0.008502024291497975,0.014979757085020242,0.009311740890688258,15.454545454545455,2.5336895129042407,1.2400000000001938,3.678623825607137,0.8564478705884812,59.959343,119.885188,13991.107772,2159,383,615,60.0,120.0
119,2022-11-16 14:22:14.750341,can_tapper14,"rgb(77,175,74)",504.0,504.0,502.0,0.0,95.0,92.5,3.0863684937275346,914,15.675,-473.0,-491.0,18.0,1.507652,-462.07881773399015,-448.0,,,,,0.7936507936507936,0.3968253968253969,0.020000000000003126,97.10164791849664,0.004277674572833345,59.999924,119.996176,3723.680417,1977,309,746,60.0,120.0
120,2022-11-16 15:07:19.824204,can_tapper14,"rgb(152,78,163)",504.0,504.0,504.0,0.0,95.0,95.0,3.4098486873001823,920,15.7,0.0,-460.0,460.0,0.0,-30.748917748917748,-22.0,,,,,0.7936507936507936,0.3968253968253969,0.020000000000003126,28.37311996486042,0.7349908751803718,59.999277,119.966628,2705.073863,1978,276,652,60.0,120.0
121,2022-11-17 10:36:32.109860,can_tapper14,"rgb(255,127,0)",505.0,465.0,,7.920792079207921,96.25,,,0,9.375,7.0,441.0,434.0,0.6086,-10.457792207792208,8.0,2.110831,0.006912442396313364,0.009216589861751152,,6.947368421052632,0.8943883442215778,1.0000000000001563,3.678623825607137,0.5899002695896169,0.906397,119.948886,70152.285656,1452,318,509,60.0,120.0
122,2022-11-17 11:12:30.534157,can_tapper14,"rgb(255,255,51)",496.0,440.0,500.0,11.29032258064516,78.58333333333337,88.25000000000001,0.28903123956924215,1500,9.811666666666667,0.0,499.0,499.0,0.788808,-26.828178694158076,-14.0,,0.00781563126252505,0.011222444889779559,0.008617234468937876,9.409190371991247,1.2482294249116035,1.0000000000001563,2.0171482422437275,0.7549083377040883,59.953118,119.99036,2158.424297,2160,372,559,60.0,120.0
123,2022-11-22 09:37:59.385449,can_tapper14,"rgb(166,86,40)",503.0,468.0,503.0,6.958250497017893,93.75,93.75,2.708547498599675e-12,33,6.9,11.0,308.0,297.0,0.935486,-9.831325301204819,21.0,2.431669,0.009427609427609429,0.011784511784511785,0.009427609427609429,4.259634888438134,0.8576772611973971,0.7600000000001188,119.99999999999996,0.38443893098421955,3.675793,119.950476,426328.851292,1485,261,244,60.0,120.0
124,2022-11-22 09:49:54.918177,can_tapper14,"rgb(247,129,191)",491.0,443.0,491.0,9.775967413441954,66.25000000000003,66.25000000000003,4.812188805416455,1500,6.9,12.0,472.0,460.0,0.585949,-19.700657894736842,348.0,5.08945,0.0017391304347826088,0.010434782608695653,0.0017391304347826088,16.483516483516482,2.202985014592104,0.5000000000000782,15.558206486264643,0.7468046741700952,59.985768,119.905082,715.532728,2159,422,462,60.0,120.0
125,2022-11-22 09:50:09.825309,can_tapper14,"rgb(153,153,153)",491.0,448.0,491.0,8.757637474541752,66.25000000000003,66.25000000000003,2.496525554010767,1500,4.15,0.0,348.0,348.0,0.801546,-24.657232704402517,5.0,2.305145,0.010057471264367816,0.01235632183908046,0.010057471264367816,9.012875536480687,0.6017912000552197,0.5000000000000782,2.0171482422437275,0.7945732820329372,59.945677,119.99783,14.907132,2160,427,508,60.0,120.0
126,2022-12-06 09:01:02.052573,can_tapper14,"rgb(228,26,28)",495.0,434.0,493.0,12.323232323232324,75.58333333333339,70.75000000000004,4.640357617936098,1500,12.675,0.0,498.0,498.0,0.773079,-25.121794871794872,498.0,2.276255,0.007028112449799197,0.01224899598393574,0.006626506024096385,12.205567451820128,0.9759029813845993,1.5000000000002345,2.565174071178317,0.24697348309912848,59.947868,119.995833,1206652.227264,2160,440,678,60.0,120.0
127,2022-12-06 09:01:55.037033,can_tapper14,"rgb(55,126,184)",511.0,423.0,569.0,17.22113502935421,100.0,100.0,70.6593025152342,1500,12.691666666666666,0.0,498.0,498.0,0.618837,-22.562091503267975,140.0,2.022448,0.011445783132530122,0.017670682730923693,0.023092369477911646,21.58590308370044,1.7242829103251096,1.5000000000002345,1.6874737773196231,0.30914953606621487,59.887199,119.946096,52.98446,2158,464,696,60.0,120.0
128,2022-12-06 09:04:07.873723,can_tapper14,"rgb(77,175,74)",521.0,427.0,529.0,18.042226487523994,100.0,100.0,14.019641786504783,1500,12.616666666666665,0.0,495.0,495.0,0.44655,48.31651376146789,498.0,2.448033,0.012121212121212123,0.018989898989898987,0.013737373737373736,26.247288503253795,2.3141357412726684,1.5000000000002345,36.08162758099249,0.43261370175941594,59.911027,119.999762,132.83669,2160,363,457,60.0,120.0
129,2022-12-06 09:50:30.371125,can_tapper14,"rgb(152,78,163)",495.0,447.0,496.0,9.696969696969697,75.58333333333339,78.00000000000004,0.6422669521185462,1500,12.608333333333333,0.0,460.0,460.0,0.482451,-26.421985815602838,20.0,2.579295,0.002391304347826087,0.010434782608695653,0.0026086956521739132,6.6115702479338845,1.883221167335381,1.0000000000001563,2.145932504474109,0.19694624848907882,59.948431,119.938718,2782.497402,2160,400,837,60.0,120.0
130,2022-12-06 09:52:35.675628,can_tapper14,"rgb(255,127,0)",512.0,430.0,519.0,16.015625,100.0,100.0,9.818528808233724,1500,12.656666666666666,11.0,499.0,488.0,1.043767,48.476190476190474,499.0,2.04679,0.010655737704918034,0.01680327868852459,0.012090163934426228,25.106382978723403,1.335632084869462,1.5200000000002376,119.99999999999996,0.37477163573189376,59.940354,71.187965,125.304503,1575,294,572,60.0,120.0
131,2022-12-06 10:35:32.936417,can_tapper14,"rgb(255,255,51)",494.0,423.0,492.0,14.37246963562753,73.16666666666671,68.6666666666667,1.289200572977974,1500,12.559999999999999,0.0,465.0,465.0,0.439434,-28.90508474576271,74.0,2.040718,0.007741935483870968,0.015268817204301077,0.007311827956989247,12.844036697247706,2.4048799069911255,1.5000000000002345,2.145932504474109,0.19864056604860447,59.979306,119.965723,2577.260789,2160,399,737,60.0,120.0
132,2022-12-06 10:38:00.126808,can_tapper14,"rgb(166,86,40)",508.0,428.0,515.0,15.748031496062993,98.75,100.0,5.284100126265776,1500,14.1,0.0,497.0,497.0,0.535625,-38.909677419354836,12.0,2.043651,0.014285714285714287,0.01609657947686117,0.015694164989939637,15.611814345991561,1.8143446757793291,1.5000000000002345,2.031730617017579,0.8373482590025709,59.996013,119.991676,147.190391,2160,423,679,60.0,120.0
133,2022-12-06 10:41:30.933333,can_tapper14,"rgb(247,129,191)",515.0,452.0,520.0,12.233009708737864,100.0,100.0,5.091317818362766,1500,12.325,0.0,498.0,498.0,0.613295,26.594890510948904,497.0,2.113514,0.00963855421686747,0.012650602409638554,0.010441767068273093,11.11111111111111,1.1058375957153652,1.5000000000002345,119.99999999999996,0.4032919518348055,59.950244,104.27628,210.806525,1971,386,487,60.0,120.0
134,2022-12-06 11:02:55.150808,can_tapper14,"rgb(153,153,153)",492.0,433.0,491.0,11.991869918699187,68.6666666666667,66.25000000000003,3.394223730765505,1500,12.375,11.0,497.0,486.0,0.6669,-21.813333333333333,497.0,2.172051,0.009465020576131687,0.01213991769547325,0.009465020576131687,20.0,1.9098328913605203,1.5000000000002345,1.7887444673306678,0.08167365849900243,59.965829,119.987146,1284.217475,2159,419,655,60.0,120.0
135,2022-12-06 11:04:18.309608,can_tapper14,"rgb(228,26,28)",500.0,422.0,507.0,15.6,88.25000000000001,98.75,8.63917717296628,1500,12.389999999999999,0.0,497.0,497.0,0.665349,-30.7098976109215,140.0,2.06885,0.012474849094567406,0.015694164989939637,0.013883299798792756,14.155251141552512,1.2679267286106592,1.5000000000002345,1.7887444673306678,0.22869382007557437,59.968944,119.934849,83.1588,2159,430,654,60.0,120.0
136,2022-12-06 11:52:41.731119,can_tapper14,"rgb(55,126,184)",492.0,409.0,496.0,16.869918699186993,68.6666666666667,78.58333333333337,4.851522156231177,1500,12.45,10.0,497.0,487.0,0.97577,-32.66346153846154,499.0,2.473496,0.00944558521560575,0.017043121149897332,0.01026694045174538,25.663716814159294,3.1214137638219706,1.5000000000002345,51.74336368726529,0.4895523869781049,59.997531,119.882287,2903.421511,2160,378,502,60.0,120.0
137,2022-12-06 11:53:14.678489,can_tapper14,"rgb(77,175,74)",492.0,435.0,495.0,11.585365853658537,68.33333333333339,75.58333333333339,12.359454381977484,1500,14.1,9.0,499.0,490.0,0.852283,-36.82554517133956,108.0,3.349373,0.005510204081632653,0.011632653061224489,0.005918367346938775,6.437768240343348,1.1975087846858745,1.0000000000001563,1.7887444673306678,0.27634409423475526,59.942432,119.96658,32.94737,2160,434,564,60.0,120.0
138,2022-12-06 12:09:05.485159,can_tapper14,"rgb(152,78,163)",491.0,428.0,491.0,12.830957230142568,66.25000000000003,66.25000000000003,1.5740984773769866,1500,12.275,10.0,499.0,489.0,0.584062,-19.93594306049822,137.0,2.077975,0.010020449897750512,0.012883435582822084,0.010020449897750512,11.963882618510159,1.4810086287690523,1.5000000000002345,119.99999999999996,0.36431057375404574,59.936873,119.96883,950.80667,2159,384,517,60.0,120.0
139,2022-12-06 12:11:15.959853,can_tapper14,"rgb(255,127,0)",499.0,442.0,503.0,11.422845691382765,87.00000000000001,93.75,8.370012608893099,1500,12.333333333333334,8.0,278.0,270.0,1.258651,-21.99310344827586,497.0,2.252582,0.0162962962962963,0.021111111111111112,0.017777777777777778,13.814432989690722,1.011240026807691,1.0000000000001563,119.99999999999996,0.19230779507488505,59.953725,119.859433,130.474694,2158,426,565,60.0,120.0
140,2022-12-06 12:13:06.222108,can_tapper14,"rgb(255,255,51)",511.0,447.0,519.0,12.524461839530332,100.0,100.0,15.244602330932436,1500,12.420833333333334,0.0,497.0,497.0,0.821397,27.660869565217393,497.0,2.725126,0.01146881287726358,0.012877263581488933,0.0130784708249497,12.266112266112266,1.3437907673697636,1.0000000000001563,65.80118015445542,0.4567790243344588,59.976026,90.012526,110.262255,1800,369,289,60.0,120.0
141,2022-12-06 14:01:50.150113,can_tapper14,"rgb(166,86,40)",491.0,443.0,489.0,9.775967413441954,66.25000000000003,62.08333333333334,2.8224456988641906,1500,12.45,12.0,449.0,437.0,0.92305,-20.52159468438538,500.0,2.020643,0.0075514874141876425,0.010983981693363846,0.007093821510297482,9.24731182795699,1.503633743050858,1.0000000000001563,1.6874737773196231,0.060810125313198626,59.999976,119.91362,6523.928005,2160,421,552,60.0,120.0
142,2022-12-06 14:03:24.043943,can_tapper14,"rgb(247,129,191)",499.0,435.0,503.0,12.825651302605209,87.00000000000001,93.75,8.817230585434393,1500,12.421666666666667,11.0,500.0,489.0,0.464639,-42.84070796460177,13.0,2.061443,0.009406952965235174,0.013087934560327199,0.01002044989775051,11.648351648351648,1.9110117231061474,1.5000000000002345,2.27471676670449,0.7910095223988146,59.865304,119.978385,93.89383,2158,484,747,60.0,120.0
143,2022-12-06 14:17:11.405249,can_tapper14,"rgb(153,153,153)",492.0,434.0,495.0,11.788617886178862,68.6666666666667,75.58333333333339,4.645042064462169,1500,12.393333333333334,11.0,499.0,488.0,0.614504,-38.382716049382715,12.0,2.11113,0.005942622950819671,0.011885245901639342,0.006557377049180328,3.7656903765690375,0.6690390605898857,1.0000000000001563,2.0171482422437275,0.754306225596028,59.992268,119.889985,827.361306,2158,425,537,60.0,120.0
144,2022-12-07 08:15:29.789698,can_tapper14,"rgb(228,26,28)",487.0,436.0,487.0,10.472279260780287,58.21428571428571,58.21428571428571,3.4093881819495535,1500,11.75,0.0,452.0,452.0,0.429808,-31.028301886792452,357.0,2.029906,0.0008849557522123895,0.011283185840707964,0.0008849557522123895,7.172995780590718,1.5697580316352227,1.0000000000001563,2.27471676670449,0.1416051257681339,59.95197,119.988743,64698.384449,2160,422,523,60.0,120.0
145,2022-12-07 08:16:33.124612,can_tapper14,"rgb(55,126,184)",503.0,433.0,511.0,13.916500994035786,93.75,100.0,87.88380794834501,1500,11.725,12.0,357.0,345.0,1.251952,-21.776119402985074,42.0,2.250292,0.014492753623188406,0.02028985507246377,0.01681159420289855,8.641975308641975,0.9247591196768215,1.5000000000002345,119.99999999999996,0.38571592895990925,59.942182,119.935767,63.334914,2159,435,480,60.0,120.0
146,2022-12-07 08:33:23.711307,can_tapper14,"rgb(77,175,74)",488.0,413.0,487.0,15.368852459016393,60.29761904761905,58.21428571428571,4.07197514309914,1500,11.74,0.0,499.0,499.0,0.735011,-25.155709342560552,492.0,2.143668,0.012024048096192385,0.01503006012024048,0.011823647294589177,13.08411214953271,0.7142926605576698,1.5000000000002345,2.145932504474109,0.13185440468253773,59.897858,119.975425,1010.586695,2158,385,502,60.0,120.0
147,2022-12-07 08:34:22.458232,can_tapper14,"rgb(152,78,163)",503.0,421.0,517.0,16.302186878727635,93.75,100.0,99.48613310493211,1500,11.641666666666666,0.0,492.0,492.0,0.519871,24.492753623188406,499.0,2.017801,0.0067073170731707325,0.016666666666666666,0.009552845528455284,17.67337807606264,2.6380670696261697,1.0000000000001563,119.99999999999996,0.2233621453588066,59.824083,119.998592,58.746925,2158,426,566,60.0,120.0
148,2022-12-07 08:35:27.400149,can_tapper14,"rgb(255,127,0)",510.0,447.0,525.0,12.352941176470589,100.0,100.0,86.11466049539132,1500,13.7,0.0,499.0,499.0,0.81005,68.37414965986395,499.0,2.307778,0.009619238476953909,0.012625250501002005,0.012625250501002005,10.822510822510823,1.2587717075016578,1.260000000000197,31.996067694060745,0.3872403214975616,59.999175,119.880775,64.941917,2160,300,396,60.0,120.0
149,2022-12-07 08:41:02.204981,can_tapper14,"rgb(255,255,51)",488.0,435.0,492.0,10.860655737704917,60.29761904761905,68.6666666666667,5.2943667974954485,1500,13.9,0.0,499.0,499.0,0.907911,-47.936026936026934,14.0,2.006154,0.006212424849699399,0.010621242484969939,0.0070140280561122245,6.553911205073995,1.468016843162091,1.0000000000001563,2.0171482422437275,0.7658464604805442,59.943208,119.919916,334.804832,2160,371,493,60.0,120.0
150,2022-12-07 09:21:30.081771,can_tapper14,"rgb(166,86,40)",496.5,442.0,500.0,10.976837865055387,79.20833333333339,90.0,3.718926097299676,1500,11.805,0.0,499.0,499.0,0.795261,-33.28703703703704,-17.0,,0.0052104208416833666,0.01092184368737475,0.006012024048096192,7.006369426751593,1.0158836732847047,1.0000000000001563,1.7887444673306678,0.7834771269460388,59.996481,119.85231,2427.87679,2159,443,567,60.0,120.0
151,2022-12-07 09:48:22.413032,can_tapper14,"rgb(247,129,191)",495.0,435.0,500.0,12.121212121212121,75.58333333333339,88.25000000000001,5.654322513031154,1500,11.875,0.0,497.0,497.0,0.728293,-16.113725490196078,20.0,2.133738,0.009054325955734407,0.012072434607645875,0.009859154929577466,10.864745011086475,1.418933729799767,1.0000000000001563,74.20329583699333,0.47517196215134927,59.95445,119.975546,1612.331261,2160,345,324,60.0,120.0
152,2022-12-07 10:02:01.378528,can_tapper14,"rgb(153,153,153)",495.0,435.0,497.0,12.121212121212121,75.58333333333339,81.00000000000004,5.433273525898364,1500,11.925,0.0,497.0,497.0,0.862497,-35.5304054054054,133.0,2.26954,0.011066398390342052,0.012072434607645875,0.01146881287726358,18.201284796573876,0.6791451603997442,1.5000000000002345,2.145932504474109,0.850085223563234,59.939549,119.996351,818.965496,2158,426,512,60.0,120.0
153,2022-12-07 10:18:21.333676,can_tapper14,"rgb(228,26,28)",495.0,420.0,495.0,15.151515151515152,75.97916666666669,75.58333333333339,3.848606154935689,1500,11.95,0.0,500.0,500.0,0.721244,-16.74247491638796,135.0,2.12274,0.0088,0.015,0.0088,16.62971175166297,1.1073982527166366,1.5000000000002345,119.99999999999996,0.49550653706419234,59.9534,119.922171,979.955148,2159,415,379,60.0,120.0
154,2022-12-07 11:30:45.737403,can_tapper14,"rgb(55,126,184)",488.0,430.0,492.0,11.885245901639344,60.29761904761905,68.6666666666667,4.738917661740111,1500,11.513333333333332,13.0,497.0,484.0,0.822607,-25.366153846153846,126.0,2.326331,0.0037190082644628095,0.011983471074380166,0.0043388429752066115,8.403361344537815,1.0586650477473518,1.5000000000002345,119.99999999999996,0.31252201482767894,59.988618,119.991997,4344.403727,2160,431,305,60.0,120.0
155,2022-12-07 12:01:38.729745,can_tapper14,"rgb(77,175,74)",487.0,437.0,488.0,10.266940451745379,58.21428571428571,60.29761904761905,4.96022442676564,1500,11.283333333333335,0.0,499.0,499.0,0.877889,-43.867867867867865,18.0,2.781755,0.007615230460921843,0.01002004008016032,0.00781563126252505,8.68596881959911,1.0217402127510808,1.0200000000001594,2.0171482422437275,0.8017903517267309,59.940618,119.921106,1852.992342,2158,479,582,60.0,120.0
156,2022-12-07 15:58:40.561981,can_tapper14,"rgb(152,78,163)",491.0,450.0,491.0,8.350305498981669,66.25000000000003,66.25000000000003,11.951699728535695,567,12.0,0.0,454.0,454.0,0.685528,-25.46502057613169,15.0,2.590419,0.00682819383259912,0.009030837004405287,0.00682819383259912,3.4782608695652173,0.8140181677743215,0.5000000000000782,3.470356641605033,0.8655564204325694,14.34826,83.982849,14221.832236,1182,266,412,60.0,120.0
157,2022-12-07 16:00:56.316771,can_tapper14,"rgb(255,127,0)",503.0,458.0,504.0,8.946322067594433,93.75,95.0,2.109516412153345e-12,42,10.308333333333334,0.0,497.0,497.0,0.510255,-27.884615384615383,5.0,2.01655,0.004627766599597585,0.009054325955734407,0.004627766599597585,9.240246406570842,1.401642378521565,1.260000000000197,3.470356641605033,0.8599753226128387,59.789914,119.989093,135.75479,1587,347,499,60.0,120.0
158,2022-12-08 12:07:41.937022,can_tapper14,"rgb(255,255,51)",488.0,435.0,491.0,10.860655737704917,60.29761904761905,66.25000000000003,3.703299423687852,1500,13.594999999999999,0.0,311.0,311.0,0.529101,-30.971223021582734,16.0,2.0318,0.00482315112540193,0.017041800643086816,0.005787781350482315,9.513742071881607,1.015500842510975,1.0200000000001594,3.2620894576029285,0.830768704727866,59.961926,119.924419,72405.620251,2160,380,533,60.0,120.0
159,2022-12-08 15:37:32.263693,can_tapper14,"rgb(166,86,40)",487.0,409.0,485.0,16.01642710472279,58.21428571428571,54.642857142857125,5.158580070479246,1500,13.725,11.0,500.0,489.0,0.647724,-26.71276595744681,497.0,2.24687,0.013087934560327199,0.01595092024539877,0.012678936605316974,14.42080378250591,1.6365609043222105,1.0000000000001563,2.0171482422437275,0.12400201515529086,59.987803,119.87217,12590.326671,2159,409,733,60.0,120.0
160,2022-12-08 15:39:04.221989,can_tapper14,"rgb(247,129,191)",500.0,428.0,507.0,14.399999999999999,88.25000000000001,98.75,13.1390636173589,1500,13.75,9.0,497.0,488.0,0.644117,-36.16611295681063,81.0,2.142933,0.00860655737704918,0.014754098360655738,0.009836065573770491,15.021459227467812,1.6879933082496668,1.5000000000002345,1.7887444673306678,0.32954733202240905,59.992931,119.94365,91.958296,2160,432,820,60.0,120.0
161,2022-12-08 15:41:35.229189,can_tapper14,"rgb(153,153,153)",508.0,435.0,513.0,14.37007874015748,98.75,100.0,9.668866519494648,1500,13.755,0.0,499.0,499.0,0.82765,35.743859649122804,498.0,2.324091,0.008617234468937876,0.014629258517034067,0.009619238476953907,14.838709677419354,1.079703959698087,1.0200000000001594,36.08162758099249,0.457326113357025,59.913156,119.90657,151.0072,2158,418,538,60.0,120.0
162,2022-12-09 09:24:32.820077,can_tapper14,"rgb(228,26,28)",496.0,450.0,496.0,9.274193548387096,78.58333333333337,78.58333333333337,0.36277349456581987,1500,16.133333333333333,0.0,497.0,497.0,1.032245,-25.539184952978058,498.0,2.033569,0.00784708249496982,0.009255533199195172,0.00784708249496982,7.246376811594203,1.2719918079754022,1.0000000000001563,2.27471676670449,0.20843352371311885,59.992424,119.900422,63777.590888,2160,438,639,60.0,120.0
163,2022-12-09 09:25:35.654127,can_tapper14,"rgb(55,126,184)",512.0,449.0,532.0,12.3046875,100.0,100.0,75.81585591814618,1500,16.033333333333335,9.0,498.0,489.0,0.841719,-28.298969072164947,20.0,2.347641,0.007361963190184048,0.012883435582822086,0.010224948875255624,12.033195020746888,1.373419184201849,1.260000000000197,2.0171482422437275,0.5884955877757154,59.804907,119.874744,62.83405,2157,456,703,60.0,120.0
164,2022-12-09 10:57:00.765496,can_tapper14,"rgb(77,175,74)",496.0,440.0,495.0,11.29032258064516,78.58333333333337,75.58333333333339,3.9387306394351778,1500,16.166666666666664,0.0,497.0,497.0,0.662012,-30.080645161290324,495.0,2.065063,0.008450704225352112,0.011267605633802816,0.008450704225352112,10.13215859030837,1.549234240169921,1.5000000000002345,2.27471676670449,0.16002711279888637,59.942037,119.892337,5485.111369,2159,444,501,60.0,120.0
165,2022-12-09 10:58:05.616238,can_tapper14,"rgb(152,78,163)",508.0,442.0,519.0,12.992125984251967,100.0,100.0,67.3613988272775,1500,15.975,10.0,495.0,485.0,0.648615,-30.202247191011235,20.0,2.14779,0.009484536082474227,0.013608247422680412,0.0111340206185567,19.665271966527197,1.2509279732631609,1.0000000000001563,1.5862030873085784,0.2540347079580796,59.856185,119.814703,64.850742,2157,426,557,60.0,120.0
166,2022-12-12 08:05:36.115280,can_tapper14,"rgb(255,127,0)",487.0,428.0,487.0,12.114989733059549,58.21428571428571,58.21428571428571,3.5627482501097028,1500,11.040000000000001,15.0,316.0,301.0,1.271952,-17.45296167247387,488.0,2.27448,0.012624584717607974,0.019601328903654486,0.012624584717607974,8.24524312896406,1.1923356789227215,1.2400000000001938,2.0171482422437275,0.10471999779558039,59.890526,119.980521,248850.499042,2159,399,638,60.0,120.0
167,2022-12-12 08:06:27.531863,can_tapper14,"rgb(255,255,51)",500.0,425.0,570.0,15.0,88.25000000000001,100.0,89.2122885387805,1500,11.025,0.0,488.0,488.0,1.084786,20.633802816901408,500.0,2.085039,0.012295081967213115,0.015368852459016397,0.026639344262295084,9.730848861283643,1.1031914671335126,1.7600000000002751,119.99999999999996,0.20111791265714085,59.94565,119.876154,51.416583,2158,433,647,60.0,120.0
168,2022-12-12 08:07:34.379858,can_tapper14,"rgb(166,86,40)",504.0,439.0,519.0,12.896825396825399,95.0,100.0,89.29786191014684,1500,11.033333333333335,13.0,292.0,279.0,1.168205,44.971014492753625,500.0,2.26928,0.015770609318996414,0.023297491039426528,0.02114695340501792,7.755102040816326,0.9951781203144833,1.0000000000001563,31.996067694060745,0.3870798671736283,59.84257,119.958904,66.847995,2158,352,439,60.0,120.0
169,2022-12-12 08:22:26.667658,can_tapper14,"rgb(247,129,191)",491.0,423.0,492.0,13.849287169042771,66.25000000000003,68.33333333333339,0.24512010894219222,1500,11.0875,0.0,499.0,499.0,0.5611,-35.07598784194529,138.0,2.066398,0.009819639278557115,0.013627254509018034,0.01002004008016032,11.312217194570136,1.3758963487545952,1.5200000000002376,2.27471676670449,0.7498720694091106,59.954432,119.973782,892.2878,2160,389,524,60.0,120.0
170,2022-12-12 08:39:07.019655,can_tapper14,"rgb(153,153,153)",507.0,453.0,511.0,10.650887573964498,98.75,100.0,1.1631205169418615,1500,11.2,13.0,499.0,486.0,1.020314,-23.632530120481928,13.0,2.021707,0.008847736625514403,0.01111111111111111,0.009670781893004115,6.557377049180328,1.4165883947271456,1.0000000000001563,1.7887444673306678,0.7323827230814264,59.985294,119.9642,1000.351997,2159,491,664,60.0,120.0
171,2022-12-12 08:46:42.644123,can_tapper14,"rgb(228,26,28)",504.0,423.0,508.0,16.071428571428573,95.0,98.75,0.318444585975058,1500,11.158333333333335,11.0,495.0,484.0,0.390456,-11.99074074074074,497.0,2.886157,0.011983471074380164,0.016735537190082646,0.012809917355371899,21.951219512195124,2.5892638293479395,1.0000000000001563,1.406595676542853,0.08498261339860924,59.85937,119.98446,455.624468,2158,445,393,60.0,120.0
172,2022-12-12 08:48:16.247260,can_tapper14,"rgb(55,126,184)",507.0,436.0,516.0,14.003944773175542,98.75,100.0,26.121851609707814,1500,13.2,23.0,497.0,474.0,1.062848,-23.93975903614458,29.0,2.067809,0.011181434599156118,0.0149789029535865,0.013080168776371309,15.643564356435643,2.0446334007704188,1.5000000000002345,2.0171482422437275,0.6599942849046005,59.934991,119.968567,93.603137,2160,497,640,60.0,120.0
173,2022-12-12 08:54:09.049182,can_tapper14,"rgb(77,175,74)",495.0,421.0,496.0,14.949494949494948,75.58333333333339,78.58333333333337,7.311256582779452,1500,11.271666666666667,0.0,498.0,498.0,0.978771,-29.81924198250729,23.0,2.375421,0.009036144578313253,0.014859437751004016,0.009236947791164659,17.36263736263736,2.9613769629417313,1.260000000000197,2.0171482422437275,0.8437478703789474,59.845655,120.00013,352.801922,2158,428,626,60.0,120.0
174,2022-12-12 09:01:34.883750,can_tapper14,"rgb(152,78,163)",500.0,434.0,504.0,13.200000000000001,88.25000000000001,95.0,2.9232752156300525e-13,1500,11.233333333333334,12.0,496.0,484.0,0.690325,-27.59105431309904,16.0,2.0943,0.012603305785123968,0.013636363636363637,0.013429752066115705,16.049382716049383,1.2540983507198742,1.5000000000002345,2.27471676670449,0.7423464513553234,59.996524,119.85715,445.834568,2160,460,472,60.0,120.0
175,2022-12-12 09:12:27.093523,can_tapper14,"rgb(255,127,0)",504.0,434.0,508.0,13.88888888888889,95.0,98.75,4.558890915061631,1500,11.225,12.0,496.0,484.0,0.696975,-24.732307692307693,51.0,2.203701,0.009710743801652894,0.014462809917355372,0.010537190082644627,9.409190371991247,1.1861118399195452,1.5000000000002345,2.27471676670449,0.7949976490701129,59.891349,119.95943,652.209773,2160,421,485,60.0,120.0
176,2022-12-12 09:40:08.762740,can_tapper14,"rgb(255,255,51)",492.0,432.0,495.0,12.195121951219512,68.33333333333339,75.58333333333339,4.484197548531413,1500,11.55625,16.0,499.0,483.0,0.684552,-29.50625,17.0,2.187578,0.008488612836438923,0.012422360248447204,0.009109730848861283,12.688172043010752,1.0393257909990368,1.0000000000001563,1.9029463547871976,0.7679774413237935,59.912449,119.954527,1661.669217,2160,451,697,60.0,120.0
177,2022-12-12 09:46:57.734284,can_tapper14,"rgb(166,86,40)",496.0,445.0,499.0,10.28225806451613,78.58333333333337,87.00000000000001,4.0984195992966335,1500,11.691666666666666,19.0,497.0,478.0,0.87681,-29.38255033557047,24.0,2.375205,0.005230125523012552,0.010669456066945606,0.005857740585774059,5.732484076433121,0.7494655902610501,1.0000000000001563,2.0171482422437275,0.7073548519243813,59.914459,119.944587,408.971544,2160,421,551,60.0,120.0
178,2022-12-12 09:53:17.771645,can_tapper14,"rgb(247,129,191)",507.0,451.0,512.0,11.045364891518737,98.75,100.0,6.817380807723541,1500,11.754999999999999,18.0,497.0,479.0,0.936348,-24.67168674698795,23.0,2.929863,0.008768267223382047,0.011691022964509395,0.009812108559498958,3.6559139784946235,0.8989754027434297,1.0000000000001563,1.7887444673306678,0.6782577903460503,59.984354,119.912918,380.037361,2160,394,532,60.0,120.0
179,2022-12-12 15:20:15.378323,can_tapper14,"rgb(153,153,153)",484.0,432.0,487.0,10.743801652892563,52.857142857142826,58.21428571428571,3.2449258866331694,1500,9.975,0.0,497.0,497.0,0.96456,-47.0625,22.0,2.370124,0.0066398390342052305,0.010462776659959759,0.007243460764587525,10.638297872340425,1.5225288334129279,1.0000000000001563,3.678623825607137,0.832608657677705,59.930925,119.918192,19617.606678,2159,439,769,60.0,120.0
180,2022-12-13 08:35:06.773044,can_tapper14,"rgb(228,26,28)",484.0,436.0,483.0,9.917355371900827,52.99107142857141,51.20535714285712,2.554205579646652,1500,10.559999999999999,14.0,445.0,431.0,0.434767,-15.30716723549488,499.0,2.039302,0.0020881670533642693,0.011136890951276101,0.0020881670533642693,6.526315789473684,1.6188510244037322,1.0200000000001594,36.08162758099249,0.06628105538663076,59.919654,119.95717,62091.394721,2159,425,812,60.0,120.0
181,2022-12-13 08:36:35.522214,can_tapper14,"rgb(55,126,184)",492.0,418.0,499.0,15.040650406504067,68.6666666666667,87.00000000000001,7.154705402089922,1500,10.575,14.0,499.0,485.0,0.946407,-9.125827814569536,95.0,2.94342,0.013195876288659793,0.015257731958762885,0.014639175257731958,13.859275053304904,2.5312533446983148,1.5000000000002345,66.27687026462135,0.3667502699616155,59.892094,119.971318,88.74917,1470,283,535,60.0,120.0
182,2022-12-13 08:39:37.595096,can_tapper14,"rgb(77,175,74)",484.0,410.0,485.0,15.289256198347106,52.99107142857141,54.642857142857125,1.8649163844068826,1500,10.540000000000001,0.0,499.0,499.0,0.497402,-28.72818791946309,92.0,2.000552,0.007615230460921844,0.014829659318637275,0.00781563126252505,14.352941176470589,1.746075271550772,1.0000000000001563,2.27471676670449,0.22940669041762363,59.875769,119.968774,182.072882,2158,395,661,60.0,120.0
183,2022-12-13 08:55:46.294668,can_tapper14,"rgb(152,78,163)",484.0,410.0,483.0,15.289256198347106,52.99107142857141,51.20535714285712,3.323432588191745,1500,10.65,0.0,446.0,446.0,1.142893,-21.21951219512195,498.0,2.14615,0.012331838565022422,0.016591928251121078,0.012107623318385649,10.729613733905579,1.422043465515515,1.5000000000002345,58.350444692249376,0.10166235309222926,59.93012,119.92553,968.699572,2159,397,737,60.0,120.0
184,2022-12-13 08:57:10.849886,can_tapper14,"rgb(255,127,0)",495.0,431.0,503.0,12.929292929292929,75.58333333333339,93.75,12.215400984620507,1500,10.635,10.0,498.0,488.0,0.744302,16.815181518151814,498.0,3.338556,0.009221311475409836,0.013114754098360656,0.010655737704918032,10.864745011086475,1.2299295862113653,1.0000000000001563,1.2473253980523544,0.0321412793599567,59.929119,119.994214,84.555218,2160,450,677,60.0,120.0
185,2022-12-13 08:58:03.765591,can_tapper14,"rgb(255,255,51)",495.0,423.0,503.0,14.545454545454545,75.58333333333339,93.75,62.40056995579888,1500,10.705,10.0,498.0,488.0,0.652041,26.84297520661157,498.0,2.056844,0.010245901639344263,0.014754098360655738,0.011475409836065573,21.475054229934923,1.613833267300915,1.5000000000002345,119.99999999999996,0.4357845537221062,59.97415,96.342211,52.915705,1876,389,463,60.0,120.0
186,2022-12-13 10:18:30.549504,can_tapper14,"rgb(166,86,40)",484.0,394.0,483.0,18.59504132231405,52.99107142857141,51.20535714285712,5.3006601336259935,1500,10.808333333333334,11.0,499.0,488.0,0.99314,-21.594405594405593,499.0,2.390601,0.011885245901639346,0.018442622950819675,0.01168032786885246,28.440366972477065,3.156638417391635,1.5000000000002345,1.7887444673306678,0.0797982600256969,59.914699,119.912451,4826.783913,2158,383,551,60.0,120.0
187,2022-12-13 10:19:40.657504,can_tapper14,"rgb(247,129,191)",496.0,495.0,508.0,0.20161290322580644,78.00000000000004,98.75,38.52708378980913,1500,10.833333333333334,11.0,10.0,1.0,0.416676,29.316901408450704,499.0,2.018396,,0.1,1.2000000000000002,0.8064516129032258,0.14112903225806447,0.020000000000003126,4.67804510221319,0.033077669690010914,59.996448,119.942426,70.108,2160,439,606,60.0,120.0
188,2022-12-13 10:19:48.414125,can_tapper14,"rgb(153,153,153)",495.0,434.0,503.0,12.323232323232324,75.58333333333339,93.75,14.960059982246376,1500,12.25,0.0,499.0,499.0,1.063957,20.079037800687285,497.0,2.065435,0.011422845691382764,0.01222444889779559,0.013026052104208416,7.756813417190775,1.5489837193750047,1.0000000000001563,119.99999999999996,0.11696363095153728,59.992988,119.936097,7.756621,2160,444,567,60.0,120.0
189,2022-12-13 10:20:50.160750,can_tapper14,"rgb(228,26,28)",498.0,436.0,505.0,12.449799196787147,84.58333333333334,96.25,21.485609549156365,1500,10.8,0.0,497.0,497.0,0.950749,26.30566037735849,496.0,2.5468,0.011066398390342052,0.012474849094567402,0.012474849094567404,9.70464135021097,1.386110619190387,1.5000000000002345,40.68887031186959,0.4149758318366825,59.956145,119.97533,61.746625,2160,403,413,60.0,120.0
190,2022-12-13 15:05:32.218009,can_tapper14,"rgb(55,126,184)",491.0,426.0,488.0,13.238289205702646,66.25000000000003,60.29761904761905,4.299646355397669,1500,11.2,10.0,499.0,489.0,0.818807,-25.588424437299036,499.0,2.418165,0.011860940695296524,0.013292433537832311,0.011247443762781185,8.860759493670885,1.2196261113433429,1.0000000000001563,2.565174071178317,0.241816632857482,59.893877,119.984123,17082.057259,2159,425,713,60.0,120.0
191,2022-12-13 15:06:19.137208,can_tapper14,"rgb(77,175,74)",504.0,418.0,572.0,17.063492063492063,95.0,100.0,64.29319301918667,1500,11.231666666666666,10.0,499.0,489.0,0.943425,-23.135888501742162,497.0,2.046099,0.011860940695296524,0.017586912065439674,0.025766871165644172,16.379310344827587,1.4684810060410936,1.5000000000002345,1.7887444673306678,0.21888230234458972,59.940058,119.907524,46.919199,2158,454,842,60.0,120.0
192,2022-12-13 15:08:07.439977,can_tapper14,"rgb(152,78,163)",511.0,448.0,527.0,12.32876712328767,100.0,100.0,72.58003225778087,1500,11.177777777777777,10.0,497.0,487.0,0.788055,39.68544600938967,499.0,2.286979,0.006570841889117044,0.01293634496919918,0.009650924024640656,8.870967741935484,1.0151320716768935,1.0000000000001563,34.038847637526615,0.4202816939043753,59.997379,119.872205,108.302769,2159,359,638,60.0,120.0
193,2022-12-19 08:38:53.892196,can_tapper14,"rgb(255,127,0)",488.0,438.0,487.0,10.245901639344263,60.29761904761905,58.21428571428571,3.3371303720572683,1500,10.290000000000001,0.0,499.0,499.0,0.930652,-14.296875,460.0,2.930989,0.009619238476953907,0.010020040080160322,0.009418837675350702,6.581740976645436,1.1599916649345379,1.0000000000001563,2.27471676670449,0.1363473397532916,59.984976,119.946413,495046.452219,2159,387,546,60.0,120.0
194,2022-12-19 08:39:55.522437,can_tapper14,"rgb(255,255,51)",495.0,440.0,504.0,11.11111111111111,75.58333333333339,95.0,91.34547170908408,1500,10.3,0.0,460.0,460.0,0.952661,-20.229007633587788,277.0,2.048605,0.010217391304347827,0.011956521739130435,0.01217391304347826,9.812108559498956,1.6079044016114499,1.0000000000001563,1.406595676542853,0.09984609512754916,59.838031,119.850831,61.630241,2157,390,607,60.0,120.0
195,2022-12-19 08:41:20.715957,can_tapper14,"rgb(166,86,40)",504.0,427.0,515.0,15.277777777777779,95.0,100.0,79.62175094298749,1500,10.225,12.0,277.0,265.0,1.393336,46.34975369458128,499.0,2.088785,0.021132075471698115,0.029056603773584905,0.025283018867924528,13.465783664459162,1.9991630467500512,1.5000000000002345,30.18459382946058,0.3362946992740262,59.979665,119.92356,85.19352,2160,323,417,60.0,120.0
196,2022-12-19 08:55:39.906188,can_tapper14,"rgb(247,129,191)",491.0,436.0,488.0,11.201629327902241,66.25000000000003,60.29761904761905,2.903796846131657,1500,10.2875,12.5,500.0,487.5,0.96785,-13.5390625,33.0,2.376675,0.008205128205128205,0.011282051282051281,0.00758974358974359,16.630669546436284,1.4569168369810332,1.5000000000002345,119.99999999999996,0.5301287340860122,59.990374,119.958774,859.190231,2160,378,439,60.0,120.0
197,2022-12-19 08:57:40.044813,can_tapper14,"rgb(153,153,153)",495.0,408.0,499.0,17.575757575757574,75.58333333333339,87.00000000000001,9.611746494107978,1500,10.358333333333334,11.0,499.0,488.0,1.076419,34.345238095238095,500.0,2.076822,0.011885245901639342,0.017827868852459017,0.012704918032786885,15.468409586056644,1.6285383686570887,1.5000000000002345,119.99999999999996,0.14803116894819435,59.990675,119.970942,120.138625,2160,374,472,60.0,120.0
198,2022-12-19 08:58:31.367187,can_tapper14,"rgb(228,26,28)",496.0,432.0,503.0,12.903225806451612,78.58333333333337,93.75,85.67489141104946,1500,10.475,11.5,277.0,265.5,1.379418,60.629411764705885,500.0,2.474443,0.01544256120527307,0.024105461393596987,0.01807909604519774,8.71369294605809,1.2678290427800063,1.0000000000001563,28.37311996486042,0.372046574005261,59.909366,119.901335,51.322374,2158,314,457,60.0,120.0
199,2022-12-21 09:56:55.730121,can_tapper14,"rgb(55,126,184)",482.0,425.0,483.0,11.825726141078837,49.5535714285714,51.20535714285712,5.164944517752514,1500,12.08,0.0,496.0,496.0,0.813307,-61.603389830508476,13.0,2.216016,0.01149193548387097,0.01149193548387097,0.011693548387096773,3.8724373576309796,1.0064786037953366,1.0000000000001563,3.678623825607137,0.8509638209353342,59.972906,119.945124,176304.362934,2160,386,689,60.0,120.0
200,2022-12-21 10:54:33.848968,can_tapper14,"rgb(77,175,74)",487.5,420.0,488.0,13.846153846153847,59.25595238095238,60.29761904761905,4.93116663607314,1500,12.416666666666668,10.5,499.0,488.5,0.801782,-55.328173374613,-46.0,,0.011156601842374617,0.013817809621289662,0.011258955987717503,16.702819956616054,0.7530178053172881,1.0000000000001563,2.27471676670449,0.8192965597800218,59.956294,119.92196,3458.118847,2160,382,746,60.0,120.0
201,2023-01-09 08:57:19.997693,can_tapper14,"rgb(152,78,163)",499.0,499.0,499.0,0.0,87.00000000000001,87.00000000000001,0.15347217144246592,922,11.875,0.0,-491.0,491.0,0.0,,,,,,,0.6012024048096193,0.30060120240480964,0.020000000000003126,119.99999999999996,0.08462717432668254,59.771074,16.834776,1634566.148725,740,29,94,60.0,120.0
202,2023-01-09 09:31:56.923416,can_tapper14,"rgb(255,127,0)",504.0,438.0,512.0,13.095238095238097,95.0,100.0,6.441087307148775,1500,11.925,15.0,272.0,257.0,1.540696,-15.511976047904191,144.0,2.133995,0.020233463035019453,0.025680933852140077,0.023346303501945526,4.526748971193416,0.9225785979914636,1.740000000000272,3.2620894576029285,0.8464698470224752,59.808278,119.813377,2076.925723,2157,417,675,60.0,120.0
203,2023-01-09 10:25:41.554530,can_tapper14,"rgb(255,255,51)",495.0,426.0,495.0,13.939393939393941,75.58333333333339,75.58333333333339,2.108552048244828,1500,11.7,11.0,497.0,486.0,0.511997,-7.102564102564102,496.0,2.018475,0.00905349794238683,0.01419753086419753,0.00905349794238683,21.108742004264393,1.8984825163909327,1.5000000000002345,1.406595676542853,0.07836568240309538,59.942549,119.996049,3224.631114,2160,380,721,60.0,120.0
204,2023-01-09 10:27:14.882390,can_tapper14,"rgb(166,86,40)",499.0,437.0,502.0,12.424849699398797,87.00000000000001,92.5,2.9254057446241277,1500,11.80857142857143,9.0,496.0,487.0,0.637738,-7.242553191489361,134.0,2.047533,0.009034907597535934,0.012731006160164272,0.009650924024640658,10.76923076923077,0.8774767601620639,1.5000000000002345,43.28663979373629,0.4356400845573102,59.969147,119.943725,93.32786,2160,357,506,60.0,120.0
205,2023-01-09 12:31:56.600573,can_tapper14,"rgb(247,129,191)",488.0,431.0,491.0,11.68032786885246,60.0,66.25000000000003,4.230312991249477,1500,11.75,11.0,492.0,481.0,0.782389,-25.29553264604811,17.0,2.275945,0.008108108108108109,0.01185031185031185,0.008731808731808732,6.178489702517163,0.8691914288728554,1.0000000000001563,2.565174071178317,0.3319453811115882,59.88813,119.991693,7481.718183,2160,396,710,60.0,120.0
206,2023-01-09 12:34:13.168447,can_tapper14,"rgb(153,153,153)",507.0,442.0,515.0,12.82051282051282,98.75,100.0,17.284185459635065,1500,11.7375,0.0,499.0,499.0,0.770571,36.62132352941177,497.0,2.272317,0.007414829659318637,0.013026052104208416,0.008617234468937876,12.368972746331236,1.1627102872037816,1.0000000000001563,40.68887031186959,0.4765544082210651,59.91088,119.988908,136.567874,2160,406,446,60.0,120.0
207,2023-01-09 13:01:59.043415,can_tapper14,"rgb(228,26,28)",490.0,421.0,487.0,14.081632653061224,64.16666666666669,58.21428571428571,3.955930647079754,1500,11.875,11.0,496.0,485.0,0.445135,-15.371134020618557,497.0,2.044446,0.0070103092783505155,0.014226804123711339,0.0063917525773195885,12.761020881670534,2.1570270850679356,1.5000000000002345,25.160402341872658,0.05576014873758994,59.943834,119.975047,1665.874968,2159,422,644,60.0,120.0
208,2023-01-09 13:03:26.682561,can_tapper14,"rgb(55,126,184)",495.0,428.0,499.0,13.535353535353536,75.58333333333339,87.00000000000001,3.6513527339338574,1500,11.85,9.5,497.0,487.5,0.676426,27.122186495176848,499.0,2.177699,0.009846153846153846,0.013743589743589744,0.010461538461538461,19.739696312364426,1.2258380322764055,1.5000000000002345,119.99999999999996,0.20996536545071376,59.9552,119.92598,87.639146,2159,446,580,60.0,120.0
209,2023-01-09 13:04:18.796079,can_tapper14,"rgb(77,175,74)",503.0,442.0,569.0,12.127236580516898,93.75,100.0,85.8156648069483,1500,11.888095238095238,9.0,499.0,490.0,0.784438,37.41960784313726,496.0,2.285065,0.008775510204081632,0.012448979591836735,0.022244897959183677,10.434782608695652,1.0723377605904996,1.5000000000002345,36.08162758099249,0.42322474782921504,59.963468,119.968349,52.113518,2159,411,501,60.0,120.0
210,2023-01-11 10:23:53.696578,can_tapper14,"rgb(152,78,163)",492.0,429.0,491.0,12.804878048780488,68.33333333333339,66.25000000000003,4.854286601904446,1500,13.48,0.0,499.0,499.0,0.49052,-10.074074074074074,18.0,2.08543,0.007214428857715431,0.012625250501002005,0.0070140280561122245,11.20507399577167,2.1679116727518704,1.5000000000002345,119.99999999999996,0.38585318985188033,59.841825,119.968479,163174.900499,2158,368,328,60.0,120.0
211,2023-01-11 10:26:13.144932,can_tapper14,"rgb(255,127,0)",495.0,435.0,500.0,12.121212121212121,75.58333333333339,90.0,7.541896685286033,1500,13.475,10.0,346.0,336.0,1.084576,-16.225913621262457,174.0,2.092089,0.014583333333333334,0.017857142857142856,0.016071428571428573,10.375275938189846,1.2223554995560884,1.5000000000002345,1.7887444673306678,0.2519036061459784,59.98348,119.961711,139.448354,2159,421,483,60.0,120.0
212,2023-01-11 10:28:37.152457,can_tapper14,"rgb(255,255,51)",508.0,452.0,518.0,11.023622047244094,100.0,100.0,11.750609666935748,1500,13.483333333333334,0.0,497.0,497.0,0.952805,34.23396226415095,497.0,2.057374,0.010462776659959759,0.011267605633802818,0.012474849094567404,7.086614173228346,1.433821729371516,1.260000000000197,28.37311996486042,0.4065352677038534,59.948849,119.83995,144.007525,2158,409,381,60.0,120.0
213,2023-01-11 10:58:16.851025,can_tapper14,"rgb(166,86,40)",495.0,427.0,495.0,13.737373737373737,75.58333333333339,75.58333333333339,1.3945072864476655,1500,13.569999999999999,0.0,499.0,499.0,0.666794,-27.437888198757765,14.0,2.165926,0.012024048096192385,0.013627254509018034,0.012024048096192385,10.42128603104213,1.3984516399160407,1.5000000000002345,2.27471676670449,0.8055835111856993,59.985761,119.941999,1779.698568,2159,425,729,60.0,120.0
214,2023-01-11 11:17:18.871115,can_tapper14,"rgb(247,129,191)",499.0,433.0,503.0,13.226452905811623,87.00000000000001,93.75,3.886081727146673,1500,13.633333333333331,11.0,497.0,486.0,0.785825,-22.94395280235988,128.0,2.286195,0.00802469135802469,0.013580246913580247,0.008847736625514403,13.043478260869565,0.86984555432266,1.5000000000002345,1.9029463547871976,0.828632024524034,59.971819,119.913975,1142.02009,2159,442,640,60.0,120.0
215,2023-01-11 14:29:07.437915,can_tapper14,"rgb(153,153,153)",491.0,433.0,491.0,11.812627291242363,66.25000000000003,66.25000000000003,2.8375834833697153,1500,14.62,11.0,492.0,481.0,0.665039,-20.677083333333332,497.0,2.169496,0.00893970893970894,0.012058212058212059,0.00893970893970894,10.46770601336303,1.5089033452359306,1.0000000000001563,2.27471676670449,0.12071604634269906,59.878282,119.961947,11508.5668,2158,407,851,60.0,120.0
216,2023-01-11 14:30:12.291483,can_tapper14,"rgb(228,26,28)",500.0,429.0,508.0,14.2,88.25000000000001,98.75,78.99573288698059,1500,14.580000000000002,0.0,497.0,497.0,0.6495,-20.737541528239202,496.0,2.054852,0.0096579476861167,0.014285714285714287,0.011267605633802816,8.641975308641975,1.0973346928424819,1.5000000000002345,1.5862030873085784,0.115937630306851,59.958799,119.986702,64.853568,2160,433,909,60.0,120.0
217,2023-01-11 14:31:51.928501,can_tapper14,"rgb(55,126,184)",507.0,449.0,513.0,11.439842209072978,98.75,100.0,12.67548118910068,1500,14.666666666666668,9.0,496.0,487.0,0.773999,48.76470588235294,496.0,2.275351,0.009240246406570844,0.011909650924024642,0.01026694045174538,10.583153347732182,1.3637644117089405,1.2400000000001938,31.996067694060745,0.4039872537787692,59.989962,119.884162,99.637018,2159,347,525,60.0,120.0
218,2023-01-11 14:45:40.862237,can_tapper14,"rgb(77,175,74)",491.0,417.0,492.0,15.071283095723015,66.25000000000003,68.6666666666667,6.3339139261829684,1500,14.786666666666667,0.0,496.0,496.0,0.434574,-16.366242038216562,174.0,2.033189,0.009879032258064517,0.014919354838709677,0.010080645161290322,12.217194570135746,1.6324954512642105,1.5000000000002345,119.99999999999996,0.4282616582611718,59.937701,119.920348,828.933736,2159,421,281,60.0,120.0
219,2023-01-11 14:57:42.915357,can_tapper14,"rgb(152,78,163)",492.0,426.0,496.0,13.414634146341465,68.6666666666667,78.58333333333337,4.374153055178441,1500,14.780000000000001,11.0,496.0,485.0,0.730794,-39.436708860759495,136.0,55.471849,0.011958762886597939,0.013608247422680412,0.012783505154639174,12.554112554112555,1.4338299643084498,0.7400000000001157,2.0171482422437275,0.7598097569591208,59.9889,119.906025,722.05312,2159,461,658,60.0,120.0
220,2023-01-11 17:58:19.942362,can_tapper14,"rgb(255,127,0)",488.0,409.0,491.0,16.188524590163937,60.29761904761905,66.25000000000003,3.687619416719147,1500,14.666666666666668,20.0,271.0,251.0,1.402199,-33.895953757225435,90.0,2.003821,0.014342629482071713,0.03147410358565737,0.015537848605577689,24.444444444444443,1.6233528937959671,1.0000000000001563,3.2620894576029285,0.8838096254454608,56.248968,119.890798,10837.027005,2115,450,762,60.0,120.0
221,2023-01-13 08:21:57.215719,can_tapper14,"rgb(255,255,51)",491.0,448.0,492.0,8.757637474541752,66.25000000000003,68.33333333333339,21.868324665711786,334,7.025,12.0,487.0,475.0,0.623379,-13.325077399380804,12.0,3.125374,0.004210526315789474,0.009052631578947368,0.004421052631578947,6.029106029106029,0.5679261638927438,0.5000000000000782,3.2620894576029285,0.8085619123188423,9.70128,119.911133,138217.273357,1557,344,522,60.0,120.0
222,2023-01-13 10:57:49.857786,can_tapper14,"rgb(166,86,40)",499.0,448.0,499.0,10.220440881763528,87.00000000000001,87.00000000000001,5.528002456888779,1500,7.8166666666666655,0.0,433.0,433.0,0.437452,-15.267409470752089,18.0,2.039326,0.0018475750577367207,0.011778290993071594,0.0018475750577367207,5.439330543933054,1.4743966436266043,1.260000000000197,2.892719705486028,0.8192003990750402,59.935773,119.980372,9352.642067,2160,485,738,60.0,120.0
223,2023-01-18 12:30:07.579828,can_tapper14,"rgb(247,129,191)",480.0,414.0,484.0,13.750000000000002,46.339285714285694,52.857142857142826,0.4864002161776876,1500,-1.78,25.0,399.0,374.0,0.426615,-15.689969604863222,159.0,2.0455,0.00267379679144385,0.01764705882352941,0.0037433155080213902,6.382978723404255,1.4155485478983423,1.5000000000002345,3.2620894576029285,0.8564823269471147,59.954208,119.905166,437537.722042,2160,380,498,60.0,120.0
224,2023-01-20 08:59:54.083176,can_tapper14,"rgb(153,153,153)",479.0,380.0,479.0,20.668058455114824,44.68749999999998,44.68749999999998,11.019869672699716,269,0.04166666666666665,33.0,490.0,457.0,0.519795,-12.010810810810812,252.0,2.021399,0.014879649890590808,0.021663019693654268,0.014879649890590808,31.59144893111639,2.344391693767014,2.0000000000003126,3.2620894576029285,0.8786131888105773,8.402566,119.909796,160186.503348,1542,387,399,60.0,120.0
225,2023-01-20 09:16:55.175168,can_tapper14,"rgb(228,26,28)",495.0,396.0,499.0,20.0,75.58333333333339,87.00000000000001,4.389601950933316,1500,0.65,0.0,496.0,496.0,0.9222,-15.571428571428571,30.0,2.0037,0.010282258064516128,0.019959677419354838,0.011088709677419355,29.25170068027211,2.8064791538373846,1.5000000000002345,2.0171482422437275,0.8447176867894097,59.939875,119.943193,1021.091992,2159,447,456,60.0,120.0
226,2023-01-20 09:27:53.106308,can_tapper14,"rgb(55,126,184)",503.0,427.0,,15.109343936381709,93.75,,,0,0.05,0.0,298.0,298.0,1.517441,-14.19704433497537,165.0,2.019884,0.017114093959731545,0.02550335570469799,,10.864745011086475,1.1058653800205567,1.5000000000002345,2.892719705486028,0.8634179187038551,1.407529,71.656873,657.93114,879,206,310,60.0,120.0
227,2023-02-28 13:33:37.474781,can_tapper14,"rgb(77,175,74)",473.0,405.0,475.0,14.376321353065538,47.08333333333334,47.08333333333334,4.032863416451906,1140,2.2,0.0,203.0,203.0,0.811725,-22.958620689655174,-10.0,,0.017241379310344827,0.033497536945812804,0.018226600985221678,16.097560975609756,4.0394345371107265,1.0200000000001594,3.077404581544478,0.8571771861738553,25.807027,119.796669,3384344.368473,1749,360,473,60.0,120.0
228,2023-03-06 13:56:46.686095,can_tapper14,"rgb(152,78,163)",472.0,418.0,472.0,11.440677966101696,45.0,45.0,6.968481011150843,930,1.85,0.0,285.0,285.0,0.826482,-40.8397212543554,-8.0,,0.018947368421052633,0.018947368421052633,0.018947368421052633,13.88888888888889,3.484371687916685,1.0000000000001563,3.2620894576029285,0.868952430514739,21.610799,119.99993,519789.211314,1700,317,495,60.0,120.0
229,2023-03-08 08:32:34.474562,can_tapper14,"rgb(255,127,0)",483.0,430.0,484.0,10.973084886128365,58.928571428571416,58.928571428571416,7.9272770627719185,414,1.8666666666666667,0.0,367.0,367.0,0.626123,-34.62068965517241,-10.0,,0.01444141689373297,0.01444141689373297,0.014713896457765668,10.69767441860465,3.4384578800465926,1.5000000000002345,3.2620894576029285,0.8276991060130705,11.296496,119.984916,153347.788467,1576,338,489,60.0,120.0
230,2023-03-08 10:33:45.709477,can_tapper14,"rgb(255,255,51)",483.0,404.0,487.0,16.35610766045549,58.928571428571416,63.75,4.658526514899692,1500,4.125,10.0,314.0,304.0,1.244398,-39.65605095541401,126.0,2.247446,0.013815789473684212,0.02598684210526316,0.015131578947368421,21.065375302663437,3.9542092515965432,1.5000000000002345,2.0171482422437275,0.7996758201396871,59.9699,119.903123,7271.234915,2159,458,757,60.0,120.0
231,2023-03-09 09:56:54.799535,can_tapper14,"rgb(166,86,40)",481.0,392.0,483.0,18.503118503118504,55.624999999999986,58.928571428571416,2.0586558921909938e-13,1500,2.005,12.5,279.0,266.5,1.633476,-19.606349206349208,147.0,2.230026,0.01876172607879925,0.033395872420262665,0.01951219512195122,20.906801007556677,5.146706977604737,1.5000000000002345,2.892719705486028,0.8484572738235481,59.866456,119.966382,84189.090058,2158,407,670,60.0,120.0
232,2023-03-09 11:22:54.014166,can_tapper14,"rgb(247,129,191)",481.0,445.0,,7.484407484407485,55.624999999999986,,,0,2.1100000000000003,12.0,226.0,214.0,1.095468,-25.111842105263158,23.0,2.089266,0.01542056074766355,0.016822429906542057,,11.11111111111111,3.477779682870348,0.7400000000001157,2.892719705486028,0.7813897062805386,0.929793,119.902621,5159.214631,1452,312,474,60.0,120.0
233,2023-03-09 13:00:25.729815,can_tapper14,"rgb(153,153,153)",488.0,415.0,492.0,14.959016393442623,63.75,69.16666666666669,4.935611082492418,1500,3.6149999999999998,0.0,500.0,500.0,0.850137,-24.01246105919003,13.0,2.350099,0.014599999999999998,0.014599999999999998,0.015399999999999999,16.859122401847575,3.8015365522800604,1.0000000000001563,1.5862030873085784,0.7105869088136793,59.888202,119.805393,5851.715649,2157,440,757,60.0,120.0
234,2023-03-10 08:05:49.859374,can_tapper14,"rgb(228,26,28)",495.0,443.0,496.0,10.505050505050505,74.00000000000003,74.00000000000003,3.861445357863826e-11,7,1.7,0.0,397.0,397.0,0.706325,-13.593846153846155,43.0,2.113354,0.008060453400503778,0.013098236775818641,0.008060453400503778,11.403508771929825,3.6995562367273633,1.0000000000001563,3.2620894576029285,0.7865351111831904,3.153004,119.932659,68724.129559,1479,335,508,60.0,120.0
235,2023-03-10 09:24:16.758814,can_tapper14,"rgb(55,126,184)",501.0,419.0,507.0,16.367265469061877,83.21428571428571,90.0,9.684724304320385,1500,3.618333333333333,13.0,497.0,484.0,0.885079,-19.476510067114095,14.0,2.880672,0.01177685950413223,0.016942148760330577,0.013016528925619837,18.867924528301888,4.26261014635215,1.2400000000001938,2.0171482422437275,0.6986360877504936,59.996172,119.9556,4706.89944,2160,429,851,60.0,120.0
236,2023-03-10 11:00:19.274135,can_tapper14,"rgb(77,175,74)",487.0,403.0,488.0,17.248459958932237,63.75,63.75,0.788444794864063,1500,5.85,0.0,492.0,492.0,0.530725,-26.79935275080906,133.0,2.036582,0.011991869918699187,0.01707317073170732,0.012195121951219511,34.57943925233645,5.420303966422332,1.5000000000002345,2.0171482422437275,0.7746021603336535,59.993172,119.942102,5762.515321,2160,402,714,60.0,120.0
237,2023-03-10 11:11:15.519665,can_tapper14,"rgb(152,78,163)",487.0,404.0,488.0,17.04312114989733,63.75,63.75,4.01322845032289,1500,6.43,0.0,498.0,498.0,0.632526,-24.157556270096464,148.0,2.137676,0.015662650602409636,0.016666666666666666,0.015863453815261046,26.057906458797326,5.001036735393641,1.7600000000002751,2.145932504474109,0.7613748309267546,59.992565,119.854754,656.24553,2158,449,748,60.0,120.0
238,2023-03-10 12:03:06.256327,can_tapper14,"rgb(255,127,0)",483.0,425.0,487.0,12.008281573498964,58.928571428571416,63.75,1.3425872633718896,1500,7.45,12.0,457.0,445.0,1.054995,-36.172077922077925,142.0,2.056425,0.009213483146067417,0.01303370786516854,0.010112359550561799,15.334773218142548,4.386959567918517,1.0000000000001563,2.0171482422437275,0.7272966269901147,59.88855,119.991701,3110.736662,2158,426,881,60.0,120.0
239,2023-03-10 12:34:16.961670,can_tapper14,"rgb(255,255,51)",484.0,415.0,484.0,14.256198347107437,58.928571428571416,58.928571428571416,2.7656278958341836,1500,8.041666666666666,0.0,496.0,496.0,0.84485,-36.23717948717949,14.0,2.344963,0.013306451612903227,0.013911290322580644,0.013306451612903227,16.666666666666668,3.901209105260489,1.0000000000001563,2.0171482422437275,0.7629215974962116,59.857199,119.979876,1870.705343,2159,436,838,60.0,120.0
240,2023-03-10 15:38:39.900611,can_tapper14,"rgb(166,86,40)",499.0,445.0,499.0,10.821643286573146,81.5625,81.5625,11.663394614211137,635,7.3,8.0,360.0,352.0,0.422768,-11.357575757575757,0.0,,0.005397727272727273,0.015340909090909093,0.005397727272727273,22.24622030237581,4.478630442090712,0.5000000000000782,3.077404581544478,0.7914626324833358,15.704982,119.903957,11062.938941,1629,364,563,60.0,120.0
241,2023-03-16 14:08:07.379636,can_tapper14,"rgb(247,129,191)",492.0,406.0,493.0,17.479674796747968,69.16666666666669,69.16666666666669,1.4494368352320436e-12,62,,25.0,462.0,437.0,1.125111,-14.882352941176471,151.0,2.125062,0.017848970251716247,0.019679633867276888,0.018077803203661327,28.07017543859649,5.03749430003651,1.5000000000002345,2.892719705486028,0.6827985221665372,4.482958,119.833374,512967.479025,1492,353,499,60.0,120.0
242,2023-03-23 07:17:49.992157,can_tapper14,"rgb(153,153,153)",487.0,439.0,488.0,9.856262833675565,65.0,65.0,9.645776766891236,665,7.65,13.5,348.0,334.5,0.812953,-14.768996960486323,13.0,2.814063,0.0038863976083707025,0.014349775784753363,0.004185351270553065,16.11479028697572,4.233008811632672,1.0000000000001563,3.2620894576029285,0.734938092144347,16.312442,119.82237,580182.612521,1635,357,450,60.0,120.0
243,2023-03-23 10:35:43.573162,can_tapper14,"rgb(228,26,28)",483.0,401.0,487.0,16.977225672877847,58.928571428571416,63.75,3.116703607423316,1500,11.08,0.0,496.0,496.0,0.67913,-41.805054151624546,46.0,2.17771,0.008064516129032258,0.01653225806451613,0.008870967741935484,18.446601941747574,5.045004273673945,1.260000000000197,2.27471676670449,0.7282460769139241,59.92408,120.00057,11873.581005,2160,329,799,60.0,120.0
244,2023-03-23 15:21:05.846184,can_tapper14,"rgb(55,126,184)",491.0,409.0,492.0,16.700610997963338,67.91666666666669,69.16666666666669,0.9897159954292389,1500,16.044999999999998,0.0,497.0,497.0,0.948175,-38.77777777777778,13.0,2.049525,0.01488933601609658,0.016498993963782696,0.015090543259557344,27.610208816705338,6.43846632026264,1.5000000000002345,2.892719705486028,0.8550396258009195,59.946848,119.959294,17122.273022,2160,403,667,60.0,120.0
245,2023-03-23 18:59:18.181380,can_tapper14,"rgb(77,175,74)",499.0,443.0,499.0,11.22244488977956,81.5625,81.5625,2.2275476566878916,1500,16.45,,,,,,,,,,,19.290465631929045,5.009916023019397,1.5000000000002345,3.2620894576029285,0.6920953673088487,34.784318,119.831868,13092.335196,1857,0,557,60.0,120.0
246,2023-03-27 13:33:42.898237,can_tapper14,"rgb(152,78,163)",478.0,400.0,480.0,16.317991631799163,56.874999999999986,56.874999999999986,4.366321940586447,1500,6.0,,,,,,,,,,,27.76523702031603,5.672883966036589,1.5000000000002345,2.892719705486028,0.7992630115216062,52.009232,119.875755,326064.716857,2064,0,488,60.0,120.0
247,2023-03-27 13:36:22.580518,can_tapper14,"rgb(255,127,0)",488.0,411.0,503.0,15.778688524590164,65.0,84.0625,29.740502106885113,1500,6.025,,,,,,,,,,,19.069767441860463,5.6387524903322355,1.5000000000002345,2.0171482422437275,0.8182750279887245,59.889517,119.994035,159.682281,2159,0,670,60.0,120.0
248,2023-03-28 09:22:23.468764,can_tapper14,"rgb(255,255,51)",495.0,435.0,499.0,12.121212121212121,74.00000000000003,80.0,12.684169430099551,753,6.9,0.0,227.0,227.0,0.412633,-2.643979057591623,6.0,2.412254,0.015859030837004406,0.02643171806167401,0.017621145374449337,28.540305010893245,6.717059492666653,1.7600000000002751,2.892719705486028,0.6367439535804198,18.082308,119.983228,71160.888246,1659,214,354,60.0,120.0
249,2023-03-28 10:42:54.426635,can_tapper14,"rgb(166,86,40)",484.0,389.0,487.0,19.62809917355372,60.178571428571416,63.75,1.656436291748914,1500,8.45,8.0,325.0,317.0,0.740732,-6.100386100386101,54.0,2.143094,0.027760252365930597,0.02996845425867508,0.02870662460567823,27.272727272727273,6.091374989633525,1.5000000000002345,3.2620894576029285,0.7007405908790452,59.977474,119.952204,4830.957871,2160,392,744,60.0,120.0
250,2023-03-29 12:54:57.793549,can_tapper14,"rgb(247,129,191)",487.0,410.0,491.0,15.811088295687886,65.0,69.16666666666669,7.0185453415742645,1500,12.05,9.0,306.0,297.0,0.646576,-5.096774193548387,28.0,2.642825,0.019528619528619527,0.02592592592592593,0.020875420875420877,19.239904988123516,5.982405748420572,1.5000000000002345,3.2620894576029285,0.7516855619330964,59.885227,119.986624,94323.366914,2160,317,477,60.0,120.0
251,2023-03-29 13:08:20.298360,can_tapper14,"rgb(153,153,153)",484.0,409.0,487.0,15.495867768595042,60.178571428571416,63.75,3.862632827835879,1500,11.959999999999999,11.0,487.0,476.0,0.500118,-14.11654135338346,13.0,2.00466,0.009453781512605041,0.015756302521008403,0.010084033613445379,26.746987951807228,6.322597505174391,1.5000000000002345,2.0171482422437275,0.8165142420880451,59.854237,119.993229,802.504811,2158,366,607,60.0,120.0
252,2023-04-04 09:16:35.077317,can_tapper14,"rgb(228,26,28)",484.0,396.0,487.0,18.181818181818183,61.428571428571416,65.0,1.9391789583314035e-11,12,,0.0,321.0,321.0,0.642804,-1.6565217391304348,68.0,2.048117,0.027414330218068536,0.027414330218068536,0.02834890965732087,23.232323232323232,7.3562663528344885,1.5200000000002376,2.892719705486028,0.8012662757733201,3.245688,119.819284,504494.778957,1479,241,380,60.0,120.0
253,2023-04-05 09:07:21.554407,can_tapper14,"rgb(55,126,184)",487.0,408.0,491.0,16.2217659137577,65.0,69.16666666666669,34.040412142596885,274,9.45,,,,,,,,,,,32.70142180094787,7.7241022809524065,1.5000000000002345,3.077404581544478,0.7928857990725443,8.497385,119.861672,85846.47709,1542,0,449,60.0,120.0
254,2023-04-05 15:12:28.833397,can_tapper14,"rgb(77,175,74)",511.0,440.0,519.0,13.894324853228962,100.0,100.0,9.005337335704196,1500,19.5,,,,,,,,,,,12.0,1.9170567195749117,1.5000000000002345,106.41227629404169,0.2876750176950359,59.911924,119.966924,21907.27899,2160,0,263,60.0,120.0
255,2023-04-06 09:00:09.921353,can_tapper14,"rgb(152,78,163)",464.0,387.0,468.0,16.594827586206897,47.08333333333334,47.08333333333334,0.6632447392198262,1500,13.408333333333331,-2.0,7.0,9.0,0.639801,-2.9086294416243654,0.0,,0.4111111111111111,0.8555555555555556,0.45555555555555555,21.0126582278481,6.127240570985434,1.260000000000197,2.0171482422437275,0.868045383007028,59.985499,119.910425,64061.087956,2160,229,572,60.0,120.0
256,2023-04-06 12:23:10.311619,can_tapper14,"rgb(255,127,0)",491.0,409.0,492.0,16.700610997963338,69.16666666666669,69.16666666666669,0.6047202687646075,1500,15.35,0.5,275.0,274.5,0.662182,-18.08955223880597,50.0,2.167657,0.02695810564663024,0.02987249544626594,0.027322404371584702,27.35632183908046,5.330214299046075,1.740000000000272,3.2620894576029285,0.8284320978679311,59.854243,119.979258,12180.390266,2158,375,961,60.0,120.0
257,2023-04-06 14:29:19.518990,can_tapper14,"rgb(255,255,51)",491.0,414.0,492.0,15.682281059063136,69.16666666666669,69.16666666666669,0.9223648543844162,1500,15.425,3.0,272.0,269.0,0.692221,-19.921810699588477,4.0,2.0916,0.027137546468401486,0.02862453531598513,0.027509293680297395,19.444444444444443,4.84254824734202,1.0200000000001594,2.27471676670449,0.8157627586923848,59.925644,119.915631,7569.207371,2159,392,742,60.0,120.0
258,2023-04-13 12:41:45.760667,can_tapper14,"rgb(166,86,40)",480.0,392.0,480.0,18.333333333333332,56.874999999999986,56.874999999999986,14.10152626734296,1500,7.025,0.0,289.0,289.0,0.696927,-0.15151515151515152,27.0,2.097995,0.02352941176470588,0.030449826989619375,0.02352941176470588,22.448979591836736,6.148887488942237,1.5000000000002345,119.99999999999996,0.44312766565960493,59.862278,119.778565,598346.241677,2157,247,530,60.0,120.0
259,2023-04-13 13:02:07.042498,can_tapper14,"rgb(247,129,191)",483.0,397.0,484.0,17.805383022774325,60.178571428571416,60.178571428571416,0.21977787545654745,1500,8.18,0.0,260.0,260.0,0.833785,-11.742160278745645,30.0,2.339805,0.030384615384615385,0.03307692307692307,0.03076923076923077,24.752475247524753,5.810549129120027,1.5000000000002345,2.0171482422437275,0.7793673838959231,59.840415,119.822827,1221.281831,2157,385,499,60.0,120.0
260,2023-04-13 13:37:42.636724,can_tapper14,"rgb(153,153,153)",492.0,414.0,498.0,15.853658536585366,69.16666666666669,80.0,5.69842919930104,1500,8.95,8.0,250.0,242.0,0.789957,2.0866141732283463,309.0,2.391545,0.02231404958677686,0.032231404958677684,0.02479338842975207,25.114155251141554,4.970036834353325,1.0000000000001563,58.350444692249376,0.16831886198247092,59.874048,119.815441,2135.594226,1572,226,174,60.0,120.0
261,2023-04-13 13:39:29.878520,can_tapper14,"rgb(228,26,28)",491.0,405.0,495.0,17.515274949083505,69.16666666666669,74.00000000000003,21.090473647920412,285,8.966666666666667,10.0,309.0,299.0,0.618646,-6.171548117154812,57.0,2.120146,0.0137123745819398,0.028762541806020066,0.015050167224080268,27.272727272727273,6.316598110889973,1.5000000000002345,2.892719705486028,0.8463629370682155,59.984669,119.914831,107.241796,1573,259,525,60.0,120.0
262,2023-04-17 08:21:42.376266,can_tapper14,"rgb(55,126,184)",491.0,427.0,492.0,13.034623217922606,69.16666666666669,69.16666666666669,5.908701390685303,1222,6.65,6.0,287.0,281.0,0.422845,-2.7958115183246073,5.0,2.017026,0.002135231316725979,0.02277580071174377,0.002135231316725979,29.30648769574944,6.211844759441854,1.5000000000002345,2.892719705486028,0.8265453995076899,27.454343,119.900524,326532.497746,1770,260,436,60.0,120.0
263,2023-04-17 10:46:27.827270,can_tapper14,"rgb(77,175,74)",488.0,438.0,488.0,10.245901639344263,63.75,65.0,3.635743838107619,1500,8.035,0.0,176.0,176.0,0.634445,-3.8156996587030716,223.0,2.134474,0.028409090909090908,0.028409090909090908,0.028409090909090908,13.242009132420092,4.107144018193949,1.2400000000001938,2.565174071178317,0.22819102555790527,35.596567,119.985113,8685.451004,1867,348,506,60.0,120.0
264,2023-04-17 10:48:08.334527,can_tapper14,"rgb(152,78,163)",504.0,425.0,572.0,15.674603174603174,87.5,100.0,53.55627269166807,1500,8.045,8.0,223.0,215.0,1.064775,-6.019736842105263,62.0,2.063857,0.021395348837209303,0.03674418604651163,0.05302325581395349,18.93095768374165,5.873875457296292,1.0000000000001563,1.7887444673306678,0.807113321108489,59.812043,119.862838,100.507257,2157,460,603,60.0,120.0
265,2023-04-17 11:00:08.489830,can_tapper14,"rgb(255,127,0)",508.0,417.0,516.0,17.913385826771652,88.21428571428571,94.50000000000001,5.064891139950689,1500,8.031818181818181,6.0,485.0,479.0,0.475201,-3.9390862944162435,10.0,2.077556,0.0060542797494780795,0.018997912317327767,0.007098121085594989,34.12887828162291,8.087541579942517,1.0400000000001626,65.80118015445542,0.3646862387770259,59.992654,83.904257,720.155303,1728,328,391,60.0,120.0
266,2023-04-17 14:18:47.237775,can_tapper14,"rgb(255,255,51)",480.0,391.0,483.0,18.541666666666668,55.624999999999986,58.928571428571416,8.997390665505428,1500,8.925,7.0,364.0,357.0,0.62754,-18.776951672862452,62.0,2.136439,0.019047619047619046,0.024929971988795516,0.019887955182072828,22.705314009661837,6.341630898562157,1.5000000000002345,2.892719705486028,0.8279688732611171,59.960961,119.846738,11918.747945,2158,356,659,60.0,120.0
267,2023-04-17 18:05:42.710656,can_tapper14,"rgb(166,86,40)",483.0,401.0,487.0,16.977225672877847,58.928571428571416,63.75,0.09289781906549986,1500,12.24,1.0,297.0,296.0,0.619343,-22.554621848739497,58.0,2.020927,0.02702702702702703,0.0277027027027027,0.02837837837837838,19.106699751861044,5.701403418839092,1.5200000000002376,2.0171482422437275,0.7905609760070087,59.799819,119.801027,13615.472881,2157,271,692,60.0,120.0
268,2023-04-17 18:59:44.460192,can_tapper14,"rgb(247,129,191)",483.0,408.0,484.0,15.527950310559005,58.928571428571416,58.928571428571416,0.23239121439639995,1500,12.633333333333333,0.0,272.0,272.0,0.821333,-26.94017094017094,3.0,2.417328,0.026470588235294117,0.027573529411764705,0.026838235294117645,25.727069351230426,4.6953234850068295,1.2400000000001938,2.0171482422437275,0.8104733835582352,59.944542,119.946828,3241.749536,2159,250,802,60.0,120.0
269,2023-04-17 20:26:50.790955,can_tapper14,"rgb(153,153,153)",480.0,395.0,484.0,17.708333333333336,55.624999999999986,58.928571428571416,2.629361168604719,1500,13.36,0.0,-9.0,9.0,1.98248,-6.343283582089552,-4.0,,0.05555555555555556,0.9444444444444444,0.1,34.79318734793188,7.383968077154012,1.5000000000002345,2.27471676670449,0.7789477852131734,59.927774,119.914636,5226.330763,2159,278,646,60.0,120.0
270,2023-04-18 06:31:12.598660,can_tapper14,"rgb(228,26,28)",488.0,432.0,483.0,11.475409836065573,63.75,58.928571428571416,2.7776723456313603,1500,12.9,0.0,189.0,189.0,0.535998,-24.319327731092436,-2.0,,0.01111111111111111,0.029629629629629634,0.008465608465608464,26.785714285714285,5.114822834617375,1.0000000000001563,2.27471676670449,0.8005183610339551,59.826592,119.774338,36261.807705,2157,262,645,60.0,120.0
271,2023-04-18 07:56:07.788297,can_tapper14,"rgb(55,126,184)",488.0,406.0,491.0,16.80327868852459,63.75,67.91666666666669,5.324615699828299,1500,14.8,,,,,,,,,,,20.293398533007334,4.635450884768945,1.5000000000002345,2.0171482422437275,0.7544802096812645,59.825003,120.000276,5095.189637,2158,0,574,60.0,120.0
272,2023-04-18 09:27:16.699102,can_tapper14,"rgb(77,175,74)",491.0,429.0,496.0,12.627291242362526,67.91666666666669,77.21428571428574,3.3868815052799177,1500,15.775,,,,,,,,,,,14.893617021276595,5.080817775695989,1.0000000000001563,51.74336368726529,0.42603142763216073,59.882851,119.971199,5468.910805,2159,0,257,60.0,120.0
273,2023-04-18 09:33:14.754243,can_tapper14,"rgb(152,78,163)",492.0,415.0,495.0,15.650406504065039,69.47916666666669,75.56250000000001,4.702322089919822,1500,15.7,,,,,,,,,,,18.72146118721461,3.9592086169806446,1.0000000000001563,2.0171482422437275,0.6922002176031131,59.990393,119.86999,358.055141,2158,0,621,60.0,120.0
274,2023-04-18 10:55:51.083881,can_tapper14,"rgb(255,127,0)",489.0,419.0,492.0,14.314928425357873,63.75,69.16666666666669,3.7261972116422126,1500,15.89,,,,,,,,,,,23.47826086956522,3.845094577132635,1.0000000000001563,2.27471676670449,0.7236803305659439,59.917131,119.961155,4956.329638,2159,0,580,60.0,120.0
275,2023-04-18 14:01:43.196755,can_tapper14,"rgb(255,255,51)",487.0,420.0,491.0,13.75770020533881,62.5,67.91666666666669,4.4072197365412435,1500,16.94166666666667,0.0,213.0,213.0,0.7022,-404.0402684563758,4.0,2.201658,0.02394366197183099,0.03145539906103287,0.025821596244131453,15.789473684210526,4.3534290838626095,1.0200000000001594,8.53123623235764,0.573056238807901,59.900356,119.918862,11152.112874,2158,349,748,60.0,120.0
276,2023-04-18 15:26:55.212595,can_tapper14,"rgb(166,86,40)",488.0,406.0,491.0,16.80327868852459,62.5,67.91666666666669,2.036089793817157,1500,17.775,,,,,,,,,,,29.12621359223301,6.049344057609288,1.5000000000002345,7.565235559061503,0.6976546759351158,59.967326,119.908722,5112.01584,2159,0,710,60.0,120.0
277,2023-04-18 15:49:37.732495,can_tapper14,"rgb(247,129,191)",495.0,428.0,499.0,13.535353535353536,75.96428571428574,85.0,5.254473446431598,1500,17.916666666666668,,,,,,,,,,,13.513513513513514,3.6117234441104022,1.0000000000001563,2.0171482422437275,0.5571781553882431,59.829106,119.994494,1362.5199,2159,0,610,60.0,120.0
278,2023-04-18 18:04:44.753651,can_tapper14,"rgb(153,153,153)",485.0,419.0,484.0,13.608247422680412,58.928571428571416,58.928571428571416,1.936898638621003,1500,20.0,,,,,,,,,,,15.789473684210526,3.9932982460987385,0.7400000000001157,9.620584988277706,0.6474930027161239,59.979518,119.896293,8107.021156,2158,0,657,60.0,120.0
279,2023-04-19 07:01:08.330255,can_tapper14,"rgb(228,26,28)",482.0,396.0,484.0,17.842323651452283,58.928571428571416,60.178571428571416,1.2236805438578646,1500,15.7,-1.5,265.0,266.5,0.679693,-21.645021645021647,13.0,2.184519,0.0300187617260788,0.03227016885553471,0.03076923076923077,29.14798206278027,5.142525489558908,1.5000000000002345,2.0171482422437275,0.8037682679772749,59.864264,119.793699,46583.576604,2157,295,706,60.0,120.0
280,2023-04-19 07:58:24.963551,can_tapper14,"rgb(55,126,184)",497.0,416.0,499.0,16.297786720321934,79.00000000000003,83.21428571428571,0.5778935901750416,1500,16.583333333333332,2.0,283.0,281.0,0.652412,-9.921768707482993,49.0,2.155941,0.013523131672597864,0.02882562277580071,0.014234875444839857,17.272727272727273,4.899658237754801,1.5000000000002345,2.0171482422437275,0.8230868969763504,59.966158,119.897491,3436.633296,2159,426,873,60.0,120.0
281,2023-04-19 10:29:31.597008,can_tapper14,"rgb(77,175,74)",495.0,425.0,496.0,14.14141414141414,75.58333333333339,78.58333333333337,3.484063770694321,1500,19.55,-465.0,-490.0,25.0,0.671105,-461.2384937238494,-452.0,,0.19600000000000004,0.28,0.2,13.90134529147982,2.5681582439150055,1.2400000000001938,2.565174071178317,0.704443436585894,59.9854,119.946899,9066.633457,2160,320,916,60.0,120.0
282,2023-04-19 11:14:14.736022,can_tapper14,"rgb(152,78,163)",496.0,441.0,499.0,11.088709677419354,78.58333333333337,87.00000000000001,1.3206672536296824,1500,20.2,-453.0,-448.0,5.0,1.4121,-450.85781990521326,-441.0,,0.7999999999999998,1.1,0.8599999999999999,6.609808102345416,1.751268970026693,1.5000000000002345,2.27471676670449,0.7627475832332284,59.890094,119.961481,2683.139014,2159,289,761,60.0,120.0
283,2023-04-19 11:35:54.538919,can_tapper14,"rgb(255,127,0)",494.0,423.0,496.0,14.37246963562753,73.50000000000004,78.58333333333337,0.889778173234446,1500,20.525,-443.0,-438.0,5.0,1.778126,-442.996062992126,-428.0,,0.5,1.4200000000000002,0.54,14.549653579676674,1.7206678691469874,1.5000000000002345,2.27471676670449,0.7202340147293533,59.992901,119.834457,1299.802897,2159,299,725,60.0,120.0
284,2023-04-19 16:20:46.205477,can_tapper14,"rgb(255,255,51)",487.0,411.0,488.0,15.605749486652979,59.500000000000014,61.0625,7.0530431346845095,1500,21.075,,,,,,,,,,,21.461187214611872,3.1436522253913015,1.5000000000002345,2.27471676670449,0.703332685959337,59.849975,119.998475,17091.666558,2159,0,677,60.0,120.0
285,2023-04-19 18:54:13.786265,can_tapper14,"rgb(166,86,40)",504.0,477.0,507.0,5.357142857142857,95.0,98.75,4.7792348670633515,618,22.05,,,,,,,,,,,5.691056910569106,1.544654729510545,1.0000000000001563,2.892719705486028,0.8052095499082036,15.381995,119.972605,9207.580788,1626,0,514,60.0,120.0
286,2023-04-20 07:02:06.229161,can_tapper14,"rgb(247,129,191)",484.0,425.0,488.0,12.190082644628099,58.928571428571416,63.75,0.31803569690489586,1500,17.466666666666665,,,,,,,,,,,15.334773218142548,4.912095399065877,1.0000000000001563,1.7887444673306678,0.742616062402303,59.885287,119.996708,43672.442896,2159,0,522,60.0,120.0
287,2023-04-20 09:36:46.363364,can_tapper14,"rgb(153,153,153)",495.0,420.0,499.0,15.151515151515152,76.50000000000003,85.83333333333334,0.22409787737667444,1500,16.916666666666664,,,,,,,,,,,22.61072261072261,4.74785311670741,1.2200000000001907,2.0171482422437275,0.8008204483488026,59.983474,119.99075,9280.134203,2160,0,723,60.0,120.0
288,2023-04-20 12:29:19.140501,can_tapper14,"rgb(228,26,28)",492.0,421.0,496.0,14.43089430894309,69.8809523809524,78.58333333333337,0.9978582212699557,1500,16.666666666666668,,,,,,,,,,,15.348837209302326,3.317203695111534,1.260000000000197,2.0171482422437275,0.7422810240880628,59.962482,119.991948,10352.777137,2160,0,665,60.0,120.0
289,2023-04-20 14:33:22.327384,can_tapper14,"rgb(55,126,184)",499.0,425.0,503.0,14.829659318637276,87.00000000000001,93.75,2.962783539014326,1500,18.45,,,,,,,,,,,21.199143468950748,2.1690771968694564,1.5200000000002376,2.27471676670449,0.8434215761472436,59.952612,119.936862,7443.186883,2158,0,578,60.0,120.0
290,2023-04-20 14:47:21.140950,can_tapper14,"rgb(77,175,74)",504.0,430.0,508.0,14.682539682539684,95.0,100.0,2.4842322152136584,1500,18.77,,,,,,,,,,,16.949152542372882,2.1666815244791495,1.5000000000002345,119.99999999999996,0.38657210487841487,59.818177,119.792944,838.813566,2157,0,313,60.0,120.0
291,2023-04-20 20:31:17.085494,can_tapper14,"rgb(152,78,163)",500.0,458.0,503.0,8.4,88.25000000000001,93.75,19.44797294194787,361,18.633333333333333,0.0,,,,-443.8378378378378,-8.0,,,,,10.548523206751055,1.024841589395946,0.5000000000000782,3.2620894576029285,0.6852117574328311,10.240287,119.878562,20635.944544,1563,148,541,60.0,120.0
292,2023-04-21 06:59:23.481157,can_tapper14,"rgb(255,127,0)",500.0,462.0,503.0,7.6,88.25000000000001,93.75,1.9760544600021767e-12,78,14.7,,,,,,,,,,,3.896103896103896,1.092573768549891,1.0000000000001563,2.892719705486028,0.8100534405064932,4.572824,119.989008,37686.395663,1497,0,478,60.0,120.0
293,2023-04-21 10:22:17.453994,can_tapper14,"rgb(255,255,51)",491.0,412.0,495.0,16.08961303462322,66.88095238095241,75.58333333333339,2.081520925120196,1500,15.225,-492.0,-497.0,5.0,1.462124,-492.5485436893204,-490.0,,0.8,1.58,0.8800000000000001,22.458628841607567,3.6369805428163624,1.100000000000172,2.27471676670449,0.7712014411386171,59.942106,119.9794,12173.972837,2159,221,591,60.0,120.0
294,2023-04-21 11:16:12.834181,can_tapper14,"rgb(166,86,40)",488.0,417.0,488.0,14.549180327868852,60.29761904761905,60.29761904761905,0.44948464421509626,1500,15.48,-491.0,-491.0,0.0,1.820909,-492.38953488372096,-490.0,,,,,16.93002257336343,2.117819188496158,1.0000000000001563,2.892719705486028,0.76504008612524,59.928573,119.981831,3235.380187,2159,244,729,60.0,120.0
295,2023-04-21 13:03:09.909857,can_tapper14,"rgb(247,129,191)",491.0,411.0,492.0,16.293279022403258,66.88095238095241,68.6666666666667,1.5950673755850253,1500,16.23,0.0,-495.0,495.0,1.611224,-493.2923076923077,-491.0,,0.005858585858585858,0.01616161616161616,0.006060606060606061,18.48341232227488,2.868097351856349,1.260000000000197,2.565174071178317,0.7462137356700769,59.994369,119.981875,6417.075676,2159,207,650,60.0,120.0
296,2023-04-21 14:48:34.451187,can_tapper14,"rgb(153,153,153)",491.0,424.0,492.0,13.64562118126273,66.25000000000003,68.6666666666667,2.8201152515774477e-13,1500,16.866666666666667,-492.0,-499.0,7.0,1.078022,-493.1975308641975,-490.0,,0.7285714285714286,0.9571428571428572,0.7428571428571429,9.25925925925926,2.012992142480571,1.0000000000001563,2.0171482422437275,0.6880705417628075,59.992378,119.954489,6324.54133,2159,171,538,60.0,120.0
297,2023-04-21 17:53:21.438716,can_tapper14,"rgb(228,26,28)",491.0,419.0,492.0,14.663951120162933,66.88095238095241,68.6666666666667,2.8201152515774477e-13,1500,18.51666666666667,0.0,-497.0,497.0,1.411349,-487.305,-475.0,,0.008450704225352114,0.01448692152917505,0.008651911468812877,17.995444191343964,3.51884656782828,1.5000000000002345,2.27471676670449,0.6089574227274953,59.999676,119.977729,11086.987529,2160,295,893,60.0,120.0
298,2023-04-22 07:44:49.247321,can_tapper14,"rgb(55,126,184)",496.0,447.0,499.0,9.879032258064516,78.58333333333337,87.00000000000001,1.223118589865834e-12,141,13.9,,,,,,,,,,,12.472647702407002,2.225431008298305,1.0000000000001563,4.148345232772487,0.8410479514909586,5.837699,119.984325,49887.808605,1512,0,437,60.0,120.0
299,2023-04-22 10:03:23.235464,can_tapper14,"rgb(77,175,74)",489.0,419.0,492.0,14.314928425357873,62.714285714285715,68.6666666666667,2.8201152515774477e-13,1500,15.245,,,,,,,,,,,9.523809523809524,2.385735828623387,1.260000000000197,2.0171482422437275,0.7794221351756778,59.935047,119.930141,8313.988143,2160,0,508,60.0,120.0
300,2023-04-22 10:26:37.797283,can_tapper14,"rgb(152,78,163)",500.0,428.0,504.0,14.399999999999999,88.25000000000001,95.0,4.337521927786385,1500,15.51,,,,,,,,,,,9.767441860465116,2.3542206137818957,1.5000000000002345,1.7887444673306678,0.8260015468418409,59.920555,119.925019,1394.561819,2159,0,507,60.0,120.0
301,2023-04-22 15:26:48.044426,can_tapper14,"rgb(255,127,0)",499.0,445.0,500.0,10.821643286573146,87.00000000000001,88.25000000000001,5.02965728335871,780,16.275,,,,,,,,,,,14.912280701754385,2.092292191506356,1.260000000000197,2.892719705486028,0.8333450964236986,18.628397,119.967757,18010.247143,1665,0,425,60.0,120.0
302,2023-04-22 19:20:46.351877,can_tapper14,"rgb(255,255,51)",500.0,441.0,500.0,11.799999999999999,88.25000000000001,88.25000000000001,8.753560555707897e-13,134,15.825,,,,,,,,,,,20.0,2.645859247197199,1.0000000000001563,2.892719705486028,0.8391519685741884,5.696163,119.958752,14038.307451,1509,0,484,60.0,120.0
303,2023-04-23 07:29:49.265350,can_tapper14,"rgb(166,86,40)",496.0,445.0,499.0,10.28225806451613,78.58333333333337,87.00000000000001,7.69428939998253,802,10.85,,,,,,,,,,,13.606911447084233,2.6243319745068443,1.5000000000002345,2.892719705486028,0.8247684394193885,19.054795,119.796288,43742.913473,1668,0,514,60.0,120.0
304,2023-04-23 09:54:59.543121,can_tapper14,"rgb(247,129,191)",487.0,409.0,488.0,16.01642710472279,58.64583333333334,61.0625,1.970463097983341,1500,12.170833333333334,,,,,,,,,,,16.859122401847575,3.4047405366383714,1.260000000000197,2.0171482422437275,0.7531910216024189,59.950724,119.939226,8710.277771,2159,0,718,60.0,120.0
305,2023-04-23 12:33:16.479361,can_tapper14,"rgb(153,153,153)",491.0,430.0,495.0,12.423625254582484,66.88095238095241,76.50000000000003,0.6851114156047363,1500,15.5,,,,,,,,,,,15.334773218142548,2.903153327133904,1.0000000000001563,2.0171482422437275,0.7226004918777096,59.999475,119.90995,9496.93624,2160,0,494,60.0,120.0
306,2023-04-23 14:48:58.423150,can_tapper14,"rgb(228,26,28)",492.0,431.0,495.0,12.398373983739837,68.6666666666667,76.50000000000003,2.8201152515774477e-13,1500,15.566666666666668,,,,,,,,,,,16.559139784946236,2.6876450660019433,1.2400000000001938,2.565174071178317,0.7114269865753,59.94437,119.982253,8141.943789,2160,0,613,60.0,120.0
307,2023-04-23 16:56:05.605100,can_tapper14,"rgb(55,126,184)",487.0,430.0,488.0,11.704312114989733,59.500000000000014,61.0625,4.797033243124933,1500,16.425,,,,,,,,,,,11.607142857142858,3.077011036279418,1.0000000000001563,2.27471676670449,0.6698819127340618,59.906023,119.950121,7627.18195,2158,0,634,60.0,120.0
308,2023-04-24 19:40:30.168576,can_tapper14,"rgb(77,175,74)",503.0,463.0,504.0,7.952286282306163,92.00000000000001,95.0,17.49122646877361,367,13.55,,,,,,,,,,,4.535637149028077,1.3268509093890997,1.0000000000001563,2.0171482422437275,0.12216563952029535,10.350572,119.999101,96264.563476,978,0,289,60.0,120.0
309,2023-04-24 19:42:06.767830,can_tapper14,"rgb(152,78,163)",504.0,463.0,507.0,8.134920634920634,95.0,97.5,9.25037740906956,393,13.55,,,,,,,,,,,6.526315789473684,1.4769505674363486,1.0000000000001563,119.99999999999996,0.24444676630019357,10.878137,119.93082,96.599254,954,0,277,60.0,120.0
310,2023-04-24 19:43:58.986549,can_tapper14,"rgb(255,127,0)",507.0,453.0,507.0,10.650887573964498,97.5,97.5,3.734874909945282e-13,278,12.15,,,,,,,,,,,15.151515151515152,2.519405138488764,1.260000000000197,2.892719705486028,0.8140489361382982,8.572241,119.988151,112.218719,1544,0,496,60.0,120.0
311,2023-04-24 21:11:00.446113,can_tapper14,"rgb(255,255,51)",487.0,408.0,489.0,16.2217659137577,58.64583333333334,62.714285714285715,1.4686317638361235,1500,13.5875,,,,,,,,,,,28.97196261682243,4.9500807412287395,1.5000000000002345,1.7887444673306678,0.8307462574929596,59.982308,16.894792,5221.459564,924,0,319,60.0,120.0
312,2023-04-25 06:39:41.458811,can_tapper14,"rgb(166,86,40)",491.0,448.0,,8.757637474541752,68.22916666666669,,,0,10.816666666666666,,,,,,,,,,,6.25,1.9534840240565354,1.0000000000001563,3.2620894576029285,0.7978533885298591,2.552071,119.991184,34121.012698,1471,0,476,60.0,120.0
313,2023-04-25 09:20:06.465793,can_tapper14,"rgb(247,129,191)",495.0,427.0,499.0,13.737373737373737,76.50000000000003,85.83333333333334,4.932295525463812,1500,10.9,,,,,,,,,,,12.296983758700696,2.6921933944797445,1.0000000000001563,2.0171482422437275,0.7079755089651252,59.916533,119.967734,9625.006982,2159,0,785,60.0,120.0
314,2023-04-25 10:25:20.482132,can_tapper14,"rgb(153,153,153)",491.0,424.0,495.0,13.64562118126273,66.88095238095241,76.50000000000003,2.885592393595901,1500,12.25,,,,,,,,,,,11.009174311926605,2.905540058333135,1.5000000000002345,2.0171482422437275,0.7765756342399609,59.876853,119.987373,3914.016339,2158,0,566,60.0,120.0
315,2023-04-25 13:17:38.486625,can_tapper14,"rgb(228,26,28)",491.0,430.0,492.0,12.423625254582484,66.88095238095241,69.8809523809524,0.9495559775804505,1500,13.375,,,,,,,,,,,11.864406779661017,3.0857269387592763,1.260000000000197,2.892719705486028,0.8414082300924333,59.927455,119.952574,10338.004493,2159,0,598,60.0,120.0
316,2023-04-25 14:07:05.174764,can_tapper14,"rgb(55,126,184)",495.0,406.0,499.0,17.97979797979798,76.50000000000003,85.83333333333334,4.983184436970082,1500,13.830000000000002,,,,,,,,,,,33.793103448275865,4.303585904551962,1.5000000000002345,1.7887444673306678,0.8522328344527244,59.937325,119.970498,2966.688139,2160,0,543,60.0,120.0
317,2023-04-25 15:44:15.759261,can_tapper14,"rgb(77,175,74)",492.0,454.0,492.0,7.723577235772358,68.6666666666667,68.6666666666667,8.132625836721171,1500,14.275,,,,,,,,,,,4.845814977973569,1.1271087149898245,1.0000000000001563,3.678623825607137,0.7953155473539739,35.614217,119.976281,5830.584497,1868,0,508,60.0,120.0
318,2023-04-25 17:52:30.749070,can_tapper14,"rgb(152,78,163)",499.0,459.0,,8.016032064128256,85.83333333333334,,,0,14.35,,,,,,,,,,,5.982905982905983,1.5503152059775656,0.7600000000001188,3.2620894576029285,0.7496799257640737,1.403373,119.930016,7694.989809,1458,0,577,60.0,120.0
319,2023-04-26 09:27:57.167343,can_tapper14,"rgb(255,127,0)",487.0,443.0,489.0,9.034907597535934,62.5,64.0625,0.910117339826715,1374,9.991666666666665,,,,,,,,,,,10.31390134529148,2.4799720193337125,0.7600000000001188,28.37311996486042,0.3110230823974631,30.500441,119.807324,56126.418273,1806,0,201,60.0,120.0
320,2023-04-26 09:43:28.933380,can_tapper14,"rgb(255,255,51)",483.0,393.0,486.0,18.633540372670808,55.92857142857142,59.500000000000014,4.94168219630223,1500,9.941666666666666,,,,,,,,,,,31.203931203931205,6.407828450189187,1.5000000000002345,1.7887444673306678,0.8375422295942263,59.889857,119.932017,931.766037,2158,0,593,60.0,120.0
321,2023-04-26 10:16:34.181058,can_tapper14,"rgb(166,86,40)",497.0,431.0,503.0,13.279678068410464,79.00000000000003,89.58333333333334,0.32157347625463123,1500,11.5,,,,,,,,,,,15.126050420168067,4.559344752194102,1.0000000000001563,1.7887444673306678,0.8020839639245052,59.912827,119.978644,1985.247678,2159,0,411,60.0,120.0
322,2023-04-26 12:39:32.274801,can_tapper14,"rgb(247,129,191)",499.0,456.0,499.0,8.617234468937877,83.21428571428571,83.21428571428571,1.2782123198929584e-12,418,10.2,,,,,,,,,,,7.894736842105263,2.4545695452621903,1.0000000000001563,3.2620894576029285,0.8581500921711602,11.379253,119.971775,8578.093743,1578,0,444,60.0,120.0
323,2023-05-02 09:03:43.380051,can_tapper14,"rgb(153,153,153)",483.0,410.0,484.0,15.113871635610765,60.178571428571416,61.428571428571416,0.8875381722389938,1500,13.14166666666667,,,,,,,,,,,21.296296296296298,4.922883976127512,1.0000000000001563,3.2620894576029285,0.8621350683320155,59.851374,119.861325,505451.10525,2157,0,720,60.0,120.0
324,2023-05-02 09:16:59.352724,can_tapper14,"rgb(228,26,28)",499.0,442.0,499.0,11.422845691382765,80.0,80.0,13.734370548606933,1500,11.433333333333334,,,,,,,,,,,16.157205240174672,4.541222274475906,1.5000000000002345,2.0171482422437275,0.7952606559980469,59.84995,119.810625,795.972673,2157,0,462,60.0,120.0
325,2023-05-08 08:13:54.949858,can_tapper14,"rgb(55,126,184)",492.0,438.0,,10.975609756097562,69.16666666666669,,,0,14.635,,,,,,,,,,,14.155251141552512,4.653110981113176,1.5000000000002345,3.678623825607137,0.8550201888021933,0.315247,119.974681,514615.597134,1444,0,437,60.0,120.0
326,2023-06-14 13:45:20.050349,can_tapper14,"rgb(77,175,74)",484.0,401.0,487.0,17.148760330578515,60.178571428571416,65.0,0.8060003582225747,1500,21.6,,,,,,,,,,,20.698254364089774,6.879106989547671,1.5000000000002345,3.2620894576029285,0.8897191517419712,59.887425,119.965228,3216685.100491,2159,0,464,60.0,120.0
327,2023-06-15 14:08:20.079502,can_tapper14,"rgb(152,78,163)",491.0,446.0,492.0,9.164969450101832,69.16666666666669,69.16666666666669,1.0355657548677755,724,19.1,,,,,,,,,,,17.62208067940552,4.0223496098228,1.0000000000001563,3.2620894576029285,0.8434521219406361,17.49765,119.831124,87780.029153,1650,0,506,60.0,120.0
328,2023-06-15 15:49:13.615678,can_tapper14,"rgb(255,127,0)",483.0,386.0,485.0,20.082815734989648,58.928571428571416,60.178571428571416,3.0500369111266656,1500,21.85833333333333,,,,,,,,,,,39.0,8.300582295702867,1.5000000000002345,2.0171482422437275,0.8564900755719725,59.890156,119.999174,6053.536176,2160,0,429,60.0,120.0
329,2023-06-16 07:05:23.689538,can_tapper14,"rgb(255,255,51)",491.0,431.0,491.0,12.219959266802444,69.16666666666669,69.16666666666669,2.6589581012140155e-12,43,19.983333333333334,,,,,,,,,,,23.462414578587698,6.193332081873034,1.5000000000002345,2.892719705486028,0.8586338134978199,3.872144,119.971446,54970.07386,1488,0,610,60.0,120.0
330,2023-06-19 11:22:09.324163,can_tapper14,"rgb(166,86,40)",563.0,455.0,563.0,19.182948490230906,100.0,100.0,2.9163683039270022e-12,47,21.208333333333332,,,,,,,,,,,35.7429718875502,6.432005039161153,2.500000000000391,43.28663979373629,0.410148404404568,3.951526,119.931514,274605.634625,1488,0,408,60.0,120.0
331,2023-06-20 10:01:40.604729,can_tapper14,"rgb(247,129,191)",479.0,401.0,484.0,16.2839248434238,50.208333333333336,55.92857142857142,3.4643304285905585,1500,23.95,,,,,,,,,,,20.194647201946474,4.772466176853269,1.0000000000001563,119.99999999999996,0.3645497602520271,59.89483,119.927794,81571.280566,2158,0,624,60.0,120.0
332,2023-06-20 15:01:17.736321,can_tapper14,"rgb(153,153,153)",508.0,474.0,511.0,6.692913385826772,98.75,100.0,1.3203387204868063e-12,316,35.975,,,,,,,,,,,5.979381443298969,0.9847889289590371,0.5000000000000782,2.892719705486028,0.7444997603604526,9.337704,120.000637,17977.131592,1553,0,483,60.0,120.0
333,2023-06-20 18:29:06.744976,can_tapper14,"rgb(228,26,28)",504.0,454.0,507.0,9.920634920634921,95.0,98.75,2.9232752156300525e-13,1500,38.96,,,,,,,,,,,9.166666666666666,0.982414368137716,1.0000000000001563,2.892719705486028,0.6520447479726688,59.991284,119.889716,12469.008655,2160,0,617,60.0,120.0
334,2023-06-20 19:04:57.427565,can_tapper14,"rgb(55,126,184)",499.0,438.0,499.0,12.224448897795591,87.00000000000001,87.00000000000001,4.403255290335032,1500,39.59166666666666,,,,,,,,,,,12.88888888888889,1.9475864431631025,1.0000000000001563,4.148345232772487,0.7607297027714452,59.926386,119.953343,2150.682589,2159,0,519,60.0,120.0
335,2023-06-21 07:30:20.723623,can_tapper14,"rgb(77,175,74)",500.0,444.0,503.0,11.200000000000001,90.0,93.75,0.056533358459565745,1500,30.68,,,,,,,,,,,10.043668122270743,1.3546611336441774,1.0800000000001688,2.565174071178317,0.6531462044471716,59.964415,119.931831,44723.296058,2159,0,513,60.0,120.0
336,2023-06-21 10:45:32.853658,can_tapper14,"rgb(152,78,163)",496.0,444.0,500.0,10.483870967741936,78.00000000000004,90.0,4.657877625722654,1500,27.825,,,,,,,,,,,9.787234042553191,1.00155689565176,1.0000000000001563,2.565174071178317,0.5081393023395819,59.990193,119.994307,11712.130035,2160,0,736,60.0,120.0
337,2023-06-21 15:35:17.349914,can_tapper14,"rgb(255,127,0)",495.0,443.0,496.0,10.505050505050505,75.58333333333339,78.00000000000004,8.843540243896139e-14,1500,29.1,,,,,,,,,,,8.026030368763557,1.0212325426208029,0.7600000000001188,1.7887444673306678,0.540467326790486,59.929866,119.926882,17384.496256,2159,0,643,60.0,120.0
338,2023-06-21 18:17:01.264986,can_tapper14,"rgb(255,255,51)",503.0,444.0,503.0,11.72962226640159,93.75,93.75,0.3133334725931234,1500,30.5,,,,,,,,,,,13.987473903966597,0.7672534441941965,1.0000000000001563,2.27471676670449,0.5376484798734763,59.966759,119.9787,9703.915072,2160,0,698,60.0,120.0
339,2023-06-21 19:36:13.471795,can_tapper14,"rgb(166,86,40)",504.0,451.0,507.0,10.515873015873016,95.0,98.75,3.648001621333017,1500,31.05,,,,,,,,,,,10.187110187110187,0.7979136391506787,1.0000000000001563,119.99999999999996,0.27197381113788477,59.930833,119.975173,4752.206809,2160,0,514,60.0,120.0
340,2023-06-21 20:55:21.348225,can_tapper14,"rgb(247,129,191)",499.0,455.0,503.0,8.817635270541082,87.00000000000001,93.75,4.366321940586618,1500,31.205000000000002,,,,,,,,,,,6.418219461697722,1.2993349116801483,1.0000000000001563,5.275382050040925,0.537945976102657,59.895023,119.9683,4747.87643,2159,0,586,60.0,120.0
341,2023-06-21 21:18:49.419309,can_tapper14,"rgb(153,153,153)",492.0,432.0,495.0,12.195121951219512,68.33333333333339,75.58333333333339,2.9859924382181697,1500,31.541666666666664,,,,,,,,,,,10.81081081081081,0.9394861332852925,0.5000000000000782,8.53123623235764,0.5842935261866593,59.962019,119.970737,1408.071084,2159,0,758,60.0,120.0
342,2023-06-22 06:30:47.496331,can_tapper14,"rgb(228,26,28)",496.0,449.0,496.0,9.475806451612904,78.00000000000004,78.00000000000004,1.9785075460031343,1500,27.725,,,,,,,,,,,7.592190889370933,0.87979124876525,1.0000000000001563,4.67804510221319,0.8079862359769563,59.871633,119.967504,33118.077022,2159,0,668,60.0,120.0
343,2023-06-22 07:09:35.590684,can_tapper14,"rgb(55,126,184)",504.0,438.0,510.0,13.095238095238097,95.0,100.0,10.147284509902656,1500,30.060000000000002,,,,,,,,,,,12.967032967032967,2.0195991426895454,1.260000000000197,30.18459382946058,0.2362760736560342,59.896545,119.952281,2328.094353,2159,0,465,60.0,120.0
344,2023-06-22 10:21:57.143477,can_tapper14,"rgb(77,175,74)",492.0,434.0,493.0,11.788617886178862,68.33333333333339,70.75000000000004,4.290961907093272,1500,26.425,,,,,,,,,,,10.256410256410257,1.2191058844840368,1.0000000000001563,1.7887444673306678,0.515350441359302,59.941961,119.956214,11541.552793,4318,0,1374,60.0,120.0
345,2023-06-22 10:21:57.143477,can_tapper14,"rgb(152,78,163)",492.0,434.0,493.0,11.788617886178862,68.33333333333339,70.75000000000004,4.290961907093272,1500,26.425,,,,,,,,,,,10.256410256410257,1.2191058844840368,1.0000000000001563,1.7887444673306678,0.515350441359302,59.941961,119.956214,0.0,4318,0,1374,60.0,120.0
346,2023-06-22 14:11:30.522051,can_tapper14,"rgb(255,127,0)",492.0,441.0,496.0,10.365853658536585,68.33333333333339,78.00000000000004,4.79345990820358,1500,27.225,,,,,,,,,,,14.52991452991453,0.7363764545411284,0.5600000000000875,1.406595676542853,0.3443164346209837,59.936873,119.917881,13773.378574,2158,0,705,60.0,120.0
347,2023-06-22 15:26:55.384153,can_tapper14,"rgb(255,255,51)",497.0,444.0,503.0,10.663983903420524,81.00000000000004,93.75,4.5929264857443455,1500,27.575,,,,,,,,,,,15.010570824524313,1.3963982501361452,1.0200000000001594,2.145932504474109,0.4216740837608042,59.946773,119.972623,4524.862102,2159,0,586,60.0,120.0
348,2023-06-22 17:04:43.663474,can_tapper14,"rgb(166,86,40)",500.0,448.0,503.0,10.4,90.0,93.75,2.2555565580247467,1500,26.525,0.0,-461.0,461.0,1.885532,-451.3959537572254,-296.0,,0.0036876355748373104,0.011279826464208243,0.004338394793926247,6.748466257668712,0.5397085020373803,1.0000000000001563,2.892719705486028,0.6121828733073833,59.921313,119.919751,5868.279321,2160,487,665,60.0,120.0
349,2023-06-22 18:19:13.204339,can_tapper14,"rgb(247,129,191)",500.0,441.0,502.0,11.799999999999999,90.0,92.5,1.0178137856953695,1500,25.9,-368.0,-406.0,38.0,0.44943,-364.5051282051282,-284.0,,0.06315789473684211,0.15526315789473685,0.06842105263157895,11.203319502074688,2.066720554114091,1.5000000000002345,3.2620894576029285,0.6814124408354281,59.869732,119.986022,4469.540865,4318,1190,1711,60.0,120.0
350,2023-06-22 18:19:13.204339,can_tapper14,"rgb(153,153,153)",500.0,441.0,502.0,11.799999999999999,90.0,92.5,1.0178137856953695,1500,25.9,-368.0,-406.0,38.0,0.44943,-364.5051282051282,-284.0,,0.06315789473684211,0.15526315789473685,0.06842105263157895,11.203319502074688,2.066720554114091,1.5000000000002345,3.2620894576029285,0.6814124408354281,59.869732,119.986022,0.0,4318,1190,1711,60.0,120.0
351,2023-07-13 15:56:09.672192,can_tapper14,"rgb(228,26,28)",504.0,299.0,512.0,40.67460317460318,87.5,94.50000000000001,8.1602169600945,1500,26.6,,,,,,,,,,,15.044247787610619,4.351639288597615,1.5000000000002345,2.0171482422437275,0.9430485550456029,59.995939,119.821784,1805816.467853,2159,0,517,60.0,120.0
352,2023-07-13 16:04:29.143847,can_tapper14,"rgb(55,126,184)",460.0,304.0,572.0,33.91304347826087,40.0,100.0,8.143738582796923,211,30.358333333333338,,,,,,,,,,,56.58914728682171,4.615651958487691,2.0000000000003126,2.892719705486028,0.9394815228778247,59.990199,119.889611,499.471655,1481,0,518,60.0,120.0
353,2023-07-17 07:56:25.250978,can_tapper14,"rgb(77,175,74)",446.0,362.0,446.0,18.83408071748879,40.0,41.56249999999999,1.7471492605733926e-13,256,22.8,,,,,,,,,,,27.07182320441989,8.95385728374983,1.740000000000272,3.678623825607137,0.8155458522193368,8.127408,119.949488,316316.107131,1539,0,488,60.0,120.0
354,2023-07-17 09:07:11.989468,can_tapper14,"rgb(152,78,163)",458.0,380.0,462.0,17.03056768558952,45.0,45.0,35.1190149835852,183,22.90833333333333,,,,,,,,,,,20.0,5.9136321434491785,1.0000000000001563,3.2620894576029285,0.7879983252085305,6.673437,119.905493,4246.73849,1521,0,635,60.0,120.0
355,2023-07-17 09:29:11.391843,can_tapper14,"rgb(255,127,0)",491.0,414.0,492.0,15.682281059063136,69.16666666666669,69.16666666666669,4.2022329787696755,1500,20.35,,,,,,,,,,,20.930232558139537,5.1638314738285995,1.5000000000002345,2.0171482422437275,0.6682110926229181,59.967686,119.849051,1319.402375,2158,0,451,60.0,120.0
356,2023-07-17 10:46:29.533820,can_tapper14,"rgb(255,255,51)",492.0,430.0,491.0,12.601626016260163,69.16666666666669,69.16666666666669,4.7421265520551215,1500,30.933333333333337,,,,,,,,,,,18.385650224215247,4.335458848805995,1.0000000000001563,2.892719705486028,0.17306990248516418,59.944657,119.980799,4638.141977,2159,0,678,60.0,120.0
357,2023-07-17 10:47:24.373270,can_tapper14,"rgb(166,86,40)",503.0,439.0,571.0,12.72365805168986,87.5,100.0,72.25505433556827,1500,30.991666666666667,,,,,,,,,,,13.439635535307517,4.117409991090965,1.0000000000001563,2.27471676670449,0.7784262365266005,59.91775,119.919626,54.83945,2158,0,790,60.0,120.0
358,2023-07-17 10:52:18.627493,can_tapper14,"rgb(247,129,191)",504.0,425.0,562.0,15.674603174603174,87.5,100.0,71.83186303637277,1500,38.25,,,,,,,,,,,31.991051454138702,6.827091280801643,1.5000000000002345,1.2473253980523544,0.13325047733792184,59.88535,119.984525,294.254223,2158,0,643,60.0,120.0
359,2023-07-17 10:53:55.489993,can_tapper14,"rgb(153,153,153)",503.0,432.0,558.0,14.115308151093439,85.71428571428571,100.0,75.63357139268612,1500,31.083333333333332,,,,,,,,,,,24.416135881104033,4.21945428153877,1.0200000000001594,17.544825121425337,0.16978076129359676,59.919077,119.81447,96.8625,1587,0,279,60.0,120.0
360,2023-07-17 10:56:32.264568,can_tapper14,"rgb(228,26,28)",500.0,436.0,496.0,12.8,85.0,75.56250000000001,4.581433147302697,1500,31.25,,,,,,,,,,,12.866817155756207,3.763111159228467,1.0000000000001563,31.996067694060745,0.13235159434877353,58.982089,119.83828,156.774575,2148,0,484,60.0,120.0
361,2023-07-17 10:58:18.398157,can_tapper14,"rgb(55,126,184)",496.0,436.0,497.0,12.096774193548388,77.21428571428574,79.00000000000003,3.882446169975315,1500,31.6,,,,,,,,,,,15.929203539823009,3.8486653928991332,1.0000000000001563,2.0171482422437275,0.584656375514036,59.824241,119.81872,106.133589,2157,0,652,60.0,120.0
362,2023-07-17 11:40:29.518869,can_tapper14,"rgb(77,175,74)",497.0,423.0,503.0,14.88933601609658,75.56250000000001,85.71428571428571,12.314242525292858,983,25.85,,,,,,,,,,,27.272727272727273,6.723177516495738,1.5000000000002345,2.27471676670449,0.6649895288316962,22.673628,119.951285,2531.120712,1713,0,460,60.0,120.0
363,2023-07-18 10:22:33.045863,can_tapper14,"rgb(152,78,163)",488.0,414.0,492.0,15.163934426229508,65.0,69.16666666666669,5.793549241576547,1500,24.55,,,,,,,,,,,21.5311004784689,5.840521642000121,1.5000000000002345,119.99999999999996,0.20130151886284398,44.911503,119.877326,81723.526994,1980,0,474,60.0,120.0
364,2023-07-18 10:32:45.315993,can_tapper14,"rgb(255,127,0)",488.0,417.0,492.0,14.549180327868852,65.0,69.16666666666669,2.436721082986638,1500,24.475,,,,,,,,,,,17.026378896882495,5.585323177350853,1.5000000000002345,2.0171482422437275,0.6347491436454942,59.892665,119.937418,612.27013,2160,0,649,60.0,120.0
365,2023-07-18 10:38:31.801935,can_tapper14,"rgb(255,255,51)",507.0,422.0,520.0,16.765285996055226,88.21428571428571,98.75,24.71247320553974,1500,24.475,,,,,,,,,,,22.321428571428573,5.809798368354175,1.5200000000002376,1.5862030873085784,0.3813699149177805,59.788614,35.243949,346.485942,1142,0,243,60.0,120.0
366,2023-07-19 08:01:22.535641,can_tapper14,"rgb(166,86,40)",487.0,430.0,488.0,11.704312114989733,65.0,65.0,7.3990699551410275,1500,22.96666666666667,0.0,499.0,499.0,1.023604,-52.657738095238095,13.0,2.027128,0.011422845691382766,0.011422845691382766,0.011623246492985972,17.270788912579956,5.99472633544912,1.0000000000001563,2.565174071178317,0.633083997734643,59.897093,119.908487,76970.733706,2160,372,776,60.0,120.0
367,2023-07-19 08:17:41.943694,can_tapper14,"rgb(247,129,191)",496.0,424.0,500.0,14.516129032258066,74.00000000000003,80.0,0.5651113622713698,1500,23.075,10.0,498.0,488.0,0.811526,-22.51839464882943,127.0,2.209101,0.013934426229508197,0.014754098360655738,0.014754098360655738,18.72146118721461,5.5880201874140125,1.5000000000002345,119.99999999999996,0.3263402954109976,59.81328,119.97627,979.408053,2160,379,284,60.0,120.0
368,2023-07-19 08:19:42.660220,can_tapper14,"rgb(153,153,153)",500.0,411.0,505.0,17.8,80.0,85.71428571428571,6.415247295664053,1500,23.091666666666665,10.0,495.0,485.0,1.110475,-27.696485623003195,139.0,2.022475,0.011958762886597937,0.018350515463917524,0.012989690721649483,34.59715639810427,7.9699255324591505,1.5000000000002345,119.99999999999996,0.2879799600965921,59.996577,119.798524,120.716526,2159,464,328,60.0,120.0
369,2023-07-19 08:22:38.884017,can_tapper14,"rgb(228,26,28)",499.0,436.0,503.0,12.625250501002002,80.0,84.0625,4.274508566447358,1500,23.1,0.0,489.0,489.0,1.028454,-29.122112211221122,137.0,2.029615,0.012065439672801636,0.012883435582822086,0.012883435582822084,18.828451882845187,5.737654683244347,1.0000000000001563,119.99999999999996,0.18468303348393778,59.940128,119.868425,176.223797,2160,468,400,60.0,120.0
370,2023-07-19 08:37:09.338457,can_tapper14,"rgb(55,126,184)",492.0,411.0,495.0,16.463414634146343,69.16666666666669,74.00000000000003,1.0426457579439108e-12,47,20.55,0.0,-493.0,493.0,1.911991,-493.5720338983051,-490.0,,0.005679513184584178,0.01643002028397566,0.006288032454361055,30.93525179856115,7.793109319680939,1.5000000000002345,2.892719705486028,0.671055313604618,3.948278,119.845318,870.45444,1488,242,599,60.0,120.0
371,2023-07-19 08:57:39.961442,can_tapper14,"rgb(77,175,74)",489.0,420.0,492.0,14.11042944785276,65.0,69.16666666666669,2.401613407221671e-13,1500,26.4,-492.0,-492.0,0.0,1.300682,-493.125,-491.0,,,,,18.867924528301888,5.536176708336351,1.0000000000001563,119.99999999999996,0.3655092918407813,59.97886,119.820559,1230.622985,2160,75,263,60.0,120.0
372,2023-07-19 09:07:03.998073,can_tapper14,"rgb(152,78,163)",488.0,415.0,491.0,14.959016393442623,65.0,69.16666666666669,1.0258582337146125,1500,26.48333333333333,0.0,-491.0,491.0,1.5959,-494.65405405405403,-491.0,,0.009368635437881873,0.014867617107942974,0.009979633401221995,18.28978622327791,5.91206090159837,1.5000000000002345,1.7887444673306678,0.3658109910256835,59.964926,119.883893,564.036631,2160,204,512,60.0,120.0
373,2023-07-19 09:12:55.272452,can_tapper14,"rgb(255,127,0)",496.0,422.0,500.0,14.919354838709678,74.00000000000003,80.0,4.331113036049486,1500,26.4,0.0,-493.0,493.0,1.091861,-493.9130434782609,-491.0,,0.009939148073022312,0.015010141987829614,0.01075050709939148,18.181818181818183,5.5723080519721755,1.0000000000001563,119.99999999999996,0.3423549430618299,59.899906,119.892468,351.274379,2160,146,316,60.0,120.0
374,2023-07-19 09:15:35.123444,can_tapper14,"rgb(255,255,51)",496.0,421.0,504.0,15.120967741935484,74.00000000000003,84.0625,4.945282197902253,1500,26.53333333333333,0.0,-494.0,494.0,1.67852,-494.40425531914894,-491.0,,0.0072874493927125505,0.015182186234817815,0.008906882591093117,17.94871794871795,5.745781814865401,1.5000000000002345,119.99999999999996,0.3176512850843558,59.980198,119.825425,159.850992,2160,128,316,60.0,120.0
375,2023-07-19 09:23:02.765218,can_tapper14,"rgb(166,86,40)",492.0,408.0,495.0,17.073170731707318,69.16666666666669,74.00000000000003,2.401613407221671e-13,1500,23.7,0.0,-493.0,493.0,1.997,-493.62886597938143,-491.0,,0.00486815415821501,0.017038539553752535,0.005476673427991886,31.59144893111639,6.833754218612324,1.5000000000002345,119.99999999999996,0.2689247937197321,59.808556,119.99845,447.641774,2158,203,663,60.0,120.0
376,2023-07-19 09:25:01.890145,can_tapper14,"rgb(247,129,191)",497.0,417.0,502.0,16.096579476861166,74.00000000000003,82.5,4.386855283046174,1500,23.741666666666667,0.0,-494.0,494.0,1.128394,-493.96363636363634,-492.0,,0.014170040485829961,0.016194331983805668,0.015182186234817815,24.71655328798186,5.691368365183919,1.260000000000197,58.350444692249376,0.3813453562933703,59.900702,119.941423,119.124927,2160,153,402,60.0,120.0
377,2023-07-19 09:29:43.437434,can_tapper14,"rgb(153,153,153)",492.0,410.0,495.0,16.666666666666664,69.16666666666669,74.00000000000003,2.401613407221671e-13,1500,23.85,-493.0,-494.0,1.0,1.128534,-493.5,-491.0,,5.800000000000001,8.2,6.1000000000000005,22.705314009661837,6.2896878340277915,1.5000000000002345,119.99999999999996,0.35373484406247846,59.902967,119.909158,281.547289,2158,206,500,60.0,120.0
378,2023-07-19 09:33:46.576292,can_tapper14,"rgb(228,26,28)",492.0,419.0,493.0,14.83739837398374,69.16666666666669,69.16666666666669,2.2332987703543585,1500,23.86785714285714,0.0,-494.0,494.0,0.316393,-494.7169811320755,-491.0,,0.00020242914979757087,0.014777327935222673,0.00040485829959514174,22.065727699530516,5.35383647239498,1.0200000000001594,119.99999999999996,0.20409650237054122,59.944606,119.918992,243.138858,2158,267,708,60.0,120.0
379,2023-07-19 09:38:44.919465,can_tapper14,"rgb(55,126,184)",495.0,425.0,499.0,14.14141414141414,74.00000000000003,80.0,1.2213160983624494,1500,23.975,-492.0,-493.0,1.0,0.174871,-494.43703703703704,-492.0,,,7.0,0.4,17.913832199546484,5.271698477758752,1.260000000000197,2.070022551769191,0.08685456361751664,59.982475,119.906518,298.343173,2159,140,368,60.0,120.0
380,2023-07-19 09:40:21.277064,can_tapper14,"rgb(77,175,74)",500.0,432.0,508.0,13.600000000000001,80.0,90.0,10.973987099547823,1500,23.966666666666665,0.0,-496.0,496.0,1.25285,-495.6497175141243,-492.0,,0.011088709677419355,0.013709677419354839,0.012701612903225806,16.894977168949772,5.038110295694102,1.0000000000001563,1.7887444673306678,0.5265654039243973,59.987079,119.9141,96.357599,2158,215,614,60.0,120.0
381,2023-07-19 09:50:34.684444,can_tapper14,"rgb(152,78,163)",495.0,425.0,497.0,14.14141414141414,74.00000000000003,74.00000000000003,3.704277201900344,1500,,0.0,-494.0,494.0,1.470318,-495.4340659340659,-492.0,,0.0066801619433198385,0.01417004048582996,0.00708502024291498,24.705882352941178,6.435575147233097,1.5000000000002345,2.27471676670449,0.6247671034529625,59.971882,119.975993,613.40738,2159,242,650,60.0,120.0
382,2023-07-19 09:56:09.337317,can_tapper14,"rgb(255,127,0)",503.0,431.0,505.0,14.314115308151093,82.5,85.71428571428571,4.9134510726436655,1500,24.258333333333333,0.0,-494.0,494.0,1.233719,-495.2241379310345,-492.0,,0.01437246963562753,0.014574898785425101,0.014777327935222672,18.91891891891892,5.133907868270029,1.5000000000002345,119.99999999999996,0.1699355625751655,59.948257,119.991643,334.652873,2159,136,520,60.0,120.0
383,2023-07-19 10:41:40.831951,can_tapper14,"rgb(255,255,51)",488.0,427.0,491.0,12.5,65.0,69.16666666666669,0.47154687624287306,1500,24.583333333333332,0.0,-495.0,495.0,0.243851,-494.53164556962025,-492.0,,,0.012323232323232323,0.0006060606060606061,15.646258503401361,4.842191741600729,1.0200000000001594,1.7887444673306678,0.656940155445441,59.834957,51.037325,2731.494634,1332,90,307,60.0,120.0
384,2023-08-01 12:16:58.043775,can_tapper14,"rgb(166,86,40)",496.0,457.0,499.0,7.862903225806452,78.00000000000004,87.00000000000001,6.6981024065722785,894,19.84166666666667,0.0,267.0,267.0,1.42744,-36.28260869565217,21.0,2.024849,0.013108614232209739,0.014606741573033707,0.014232209737827716,6.804123711340206,0.5315443400828513,0.5000000000000782,119.99999999999996,0.45594027586218655,20.903454,119.883369,1128917.211824,1692,230,340,60.0,120.0
385,2023-08-01 12:24:32.000321,can_tapper14,"rgb(247,129,191)",498.0,456.0,500.0,8.433734939759036,84.00000000000003,90.0,1.8549430466410382,1500,20.05,10.5,283.0,272.5,1.315799,-48.464831804281346,13.0,2.319227,0.010275229357798165,0.015412844036697251,0.011009174311926606,0.425531914893617,0.17064000683585406,1.0000000000001563,2.27471676670449,0.7320552848772253,59.828249,119.999025,453.956546,2160,356,639,60.0,120.0
386,2023-08-01 13:12:04.082161,can_tapper14,"rgb(153,153,153)",499.0,442.0,500.0,11.422845691382765,87.00000000000001,90.0,0.013324450366424842,1500,20.425,0.0,325.0,325.0,1.095902,-40.210059171597635,13.0,2.095899,0.010461538461538461,0.017538461538461537,0.010769230769230769,14.105263157894736,0.715126746325727,1.0000000000001563,2.27471676670449,0.8079114350191476,59.899551,119.988494,2852.08184,2160,407,596,60.0,120.0
387,2023-08-02 10:34:05.038467,can_tapper14,"rgb(228,26,28)",499.0,438.0,503.0,12.224448897795591,87.00000000000001,93.75,5.616459194572587,1412,20.2,18.0,489.0,471.0,0.426732,-21.473186119873816,28.0,2.029128,0.008917197452229299,0.01295116772823779,0.009766454352441613,18.471337579617835,1.3940837284246665,1.0000000000001563,14.677370606699593,0.7677735927715075,31.249022,119.82088,76920.956306,1815,384,606,60.0,120.0
388,2023-08-18 12:31:31.728138,can_tapper14,"rgb(55,126,184)",484.0,442.0,484.0,8.677685950413224,52.857142857142826,52.857142857142826,0.27166278949496225,1167,19.4,-21.0,500.0,521.0,0.514625,-131.39473684210526,24.0,119.470768,0.0046065259117082525,0.008061420345489442,0.0046065259117082525,4.0358744394618835,1.0651722287910168,1.0000000000001563,3.2620894576029285,0.8177837310163769,26.352463,119.968476,1389446.689671,1758,347,464,60.0,120.0
389,2023-08-18 13:22:18.133782,can_tapper14,"rgb(77,175,74)",468.0,420.0,471.0,10.256410256410255,40.0,40.0,0.3663646072727819,1500,22.075,10.5,282.0,271.5,1.159745,-156.81272084805653,12.0,2.352543,0.015469613259668507,0.01767955801104972,0.016574585635359115,8.333333333333334,0.97919804031118,1.0000000000001563,2.565174071178317,0.8893079820101354,59.946274,119.862846,3046.405644,2159,303,518,60.0,120.0
390,2023-08-21 11:08:20.917286,can_tapper14,"rgb(152,78,163)",478.0,415.0,479.0,13.179916317991633,43.124999999999986,44.68749999999998,7.586850985972613e-14,1500,22.2375,0.0,469.0,469.0,0.561512,-127.98870056497175,16.0,2.065517,0.00767590618336887,0.013432835820895522,0.00788912579957356,19.457013574660632,1.4270365190137406,1.0000000000001563,2.565174071178317,0.20617936925170743,59.85714,92.941724,251162.783504,1834,325,357,60.0,120.0
391,2023-08-21 13:32:28.877220,can_tapper14,"rgb(255,127,0)",475.0,428.0,476.0,9.894736842105264,40.0,40.0,2.7002145334279843,1500,22.475,0.0,497.0,497.0,0.531099,-137.54889589905363,14.0,2.045301,0.008249496981891348,0.009456740442655936,0.008450704225352112,5.0691244239631335,1.1499885313927058,1.0000000000001563,4.413195167492838,0.7960206296827979,59.963391,119.902663,8647.959934,2160,401,589,60.0,120.0
392,2023-08-24 08:23:07.815519,can_tapper14,"rgb(255,255,51)",504.0,476.0,504.0,5.555555555555555,95.0,95.0,13.065601383146157,572,23.435,0.0,407.0,407.0,0.828492,-43.61333333333334,17.0,2.4284,0.005159705159705159,0.0068796068796068794,0.005159705159705159,4.3478260869565215,0.48043073472363507,0.5000000000000782,3.470356641605033,0.8274162832490232,14.452654,119.939368,240638.938299,1614,330,637,60.0,120.0
393,2023-09-04 10:27:49.430082,can_tapper14,"rgb(166,86,40)",489.0,458.0,491.0,6.339468302658487,62.08333333333334,66.25000000000003,2.8293024879425694e-12,44,19.925,0.0,279.0,279.0,1.135439,-99.64468864468864,18.0,2.227228,0.010035842293906812,0.011111111111111112,0.010752688172043012,6.105263157894737,0.9053483163464275,0.5200000000000813,4.148345232772487,0.8777633942470661,3.884931,119.965004,957881.614563,1488,279,595,60.0,120.0
394,2023-09-04 10:32:56.190537,can_tapper14,"rgb(247,129,191)",507.0,462.0,508.0,8.875739644970414,98.75,100.0,0.146444509530858,1500,20.03666666666667,10.0,394.0,384.0,1.010487,-92.015479876161,134.0,2.116391,0.0109375,0.011718749999999998,0.011197916666666665,7.399577167019028,0.9445984369211775,1.5000000000002345,2.27471676670449,0.7609763296496307,59.945202,119.957921,306.760455,2160,495,770,60.0,120.0
395,2023-09-18 10:30:25.218544,can_tapper14,"rgb(153,153,153)",488.0,460.0,491.0,5.737704918032787,60.0,66.25000000000003,6.662460485036008,379,20.1,4.0,354.0,350.0,0.819902,-90.88086642599278,3.0,3.821992,0.008,0.008,0.008857142857142859,1.8633540372670807,0.3524181979552684,0.5000000000000782,3.678623825607137,0.880953510961547,10.605534,119.997503,1209449.028007,1569,298,416,60.0,120.0
396,2023-09-26 12:06:57.322937,can_tapper14,"rgb(228,26,28)",479.0,433.0,479.0,9.603340292275574,44.68749999999998,44.68749999999998,13.639504646734943,347,16.1,0.0,458.0,458.0,0.711001,-141.86879432624113,-13.0,,0.008078602620087336,0.010043668122270743,0.008078602620087336,9.734513274336283,0.4626109033199468,0.5000000000000782,4.148345232772487,0.9129505913003865,9.955997,119.899132,696992.104393,1560,301,589,60.0,120.0
397,2023-10-04 08:36:23.912842,can_tapper14,"rgb(55,126,184)",476.0,433.0,476.0,9.033613445378151,40.0,40.0,1.1245372361102705e-13,102,18.78333333333333,0.0,301.0,301.0,0.809723,-103.88721804511279,-21.0,,0.0016611295681063123,0.014285714285714287,0.0016611295681063123,4.201680672268908,0.3905417742992927,1.0000000000001563,3.2620894576029285,0.8700866959208151,5.053793,119.824024,678566.589905,1500,280,463,60.0,120.0
398,2023-10-04 11:36:12.199699,can_tapper14,"rgb(77,175,74)",477.0,448.0,477.0,6.079664570230608,41.56249999999999,41.56249999999999,1.5268950898489543e-12,79,18.60833333333333,1.0,217.0,216.0,1.0129,-137.97916666666666,26.0,2.009299,0.007407407407407408,0.013425925925925924,0.007407407407407408,2.355460385438972,0.7701361077547534,0.26000000000004064,3.678623825607137,0.8860224369570318,4.607198,119.978394,10788.286857,1497,303,496,60.0,120.0
399,2023-10-04 13:48:21.658424,can_tapper14,"rgb(152,78,163)",479.0,445.0,480.0,7.09812108559499,44.68749999999998,46.24999999999997,2.488969995097419,1500,18.81666666666667,3.0,409.0,406.0,0.741034,-129.09148264984228,21.0,113.892905,0.00394088669950739,0.008374384236453203,0.004187192118226601,2.335456475583864,0.37311451663795603,0.5000000000000782,3.678623825607137,0.5300930012290264,43.838232,119.99368,7929.458725,1967,376,401,60.0,120.0
400,2023-10-10 09:56:41.999474,can_tapper14,"rgb(255,127,0)",465.0,411.0,469.0,11.612903225806452,40.0,40.0,1.9251653000731541,1500,15.85,0.0,492.0,492.0,0.708649,-47.908396946564885,16.0,3.399074,0.004471544715447155,0.01097560975609756,0.005284552845528455,9.767441860465116,0.8821596613754112,1.0000000000001563,3.2620894576029285,0.8872774981469003,59.914326,119.967874,504500.34105,2160,336,500,60.0,120.0
401,2023-10-10 12:17:14.583013,can_tapper14,"rgb(255,255,51)",480.0,448.0,481.0,6.666666666666667,46.24999999999997,47.90178571428569,8.382434228502753,786,15.6,13.0,414.0,401.0,0.826941,-91.06716417910448,84.0,2.231024,0.005486284289276808,0.007980049875311722,0.0057356608478803,4.8034934497816595,0.5045457032003148,0.5000000000000782,119.99999999999996,0.18707411545638186,18.744513,119.843793,8432.583539,1665,308,355,60.0,120.0
402,2023-10-16 10:57:10.741906,can_tapper14,"rgb(166,86,40)",469.0,410.0,471.0,12.57995735607676,40.0,40.0,2.6864545273129954,1500,6.8083333333333345,0.0,373.0,373.0,1.134976,-61.520161290322584,38.0,2.130975,0.010991957104557642,0.01581769436997319,0.01152815013404826,9.976798143851509,1.2511566086923591,1.260000000000197,3.2620894576029285,0.8777313326707946,59.965599,119.952702,513596.158893,2159,349,673,60.0,120.0
403,2023-10-17 08:03:13.181687,can_tapper14,"rgb(247,129,191)",480.0,442.0,,7.916666666666666,46.24999999999997,,,0,7.0,0.0,318.0,318.0,0.910641,-37.65396825396825,6.0,3.505743,0.008176100628930818,0.011949685534591196,,7.036247334754798,1.5429466684803168,1.260000000000197,3.2620894576029285,0.8683805584716976,1.85756,119.957758,75962.439781,1464,322,535,60.0,120.0
404,2023-10-17 12:12:18.568352,can_tapper14,"rgb(153,153,153)",488.0,447.0,491.0,8.401639344262295,60.0,66.25000000000003,0.316222362765379,1500,16.796666666666667,0.0,291.0,291.0,1.260491,-98.4367088607595,18.0,2.752614,0.008934707903780068,0.0140893470790378,0.009965635738831614,8.085106382978724,0.737194263838356,0.5000000000000782,13.796534727134544,0.6633663232499583,59.948529,119.93492,14945.386665,2159,365,679,60.0,120.0
405,2023-10-30 08:22:24.498305,can_tapper14,"rgb(228,26,28)",487.0,455.0,488.0,6.570841889117044,58.21428571428571,60.0,1.526677473938068e-13,85,8.5,28.0,285.0,257.0,1.139731,-15.777777777777779,111.0,2.148093,0.011673151750972763,0.012451361867704281,0.012062256809338524,2.375809935205184,0.4888647075584987,0.7400000000001157,3.2620894576029285,0.8417890864739993,4.734396,119.83907,1109405.929953,1497,280,468,60.0,120.0
406,2023-10-31 08:05:03.482834,can_tapper14,"rgb(55,126,184)",500.0,467.0,501.0,6.6000000000000005,90.0,91.25,7.349096599597391,1500,10.25,0.0,209.0,209.0,1.033751,-10.65986394557823,23.0,2.134731,0.012440191387559809,0.015789473684210527,0.01291866028708134,5.042016806722689,0.7366335277451569,0.5000000000000782,2.565174071178317,0.4821966040976594,33.904422,119.958522,85358.984529,1848,365,331,60.0,120.0
407,2023-10-31 08:07:14.647553,can_tapper14,"rgb(77,175,74)",508.0,457.0,566.0,10.039370078740157,100.0,100.0,78.114950273299,1500,12.0625,0.0,319.0,319.0,1.210881,-10.684542586750789,20.0,2.213807,0.011285266457680252,0.015987460815047025,0.02946708463949843,6.024096385542169,0.7428155182561555,1.0000000000001563,1.5862030873085784,0.49052928535886464,59.990233,119.881279,131.164719,2159,466,634,60.0,120.0
408,2023-11-02 08:08:49.449784,can_tapper14,"rgb(152,78,163)",505.0,471.0,,6.732673267326733,96.25,,,0,9.5,0.0,296.0,296.0,1.045096,-5.945288753799392,81.0,2.047203,0.008783783783783784,0.011486486486486487,,5.219206680584551,0.6092111237100403,1.0000000000001563,3.2620894576029285,0.705982941440042,0.366109,119.96258,172894.802231,1444,333,460,60.0,120.0
409,2023-11-07 13:46:34.197511,can_tapper14,"rgb(255,127,0)",509.0,479.0,512.0,5.893909626719057,100.0,100.0,1.2977226528463836e-12,139,10.3,0.0,334.0,334.0,0.823953,-15.173780487804878,17.0,2.023826,0.0038922155688622755,0.008982035928143712,0.004790419161676647,4.990019960079841,0.6441743369732806,0.5000000000000782,3.678623825607137,0.7573090404445192,5.808091,119.797516,452264.747727,1509,342,517,60.0,120.0
410,2023-11-07 14:03:09.685103,can_tapper14,"rgb(255,255,51)",495.0,449.0,496.0,9.292929292929292,75.58333333333339,78.00000000000004,2.8020812453688553,1500,8.975,0.0,360.0,360.0,1.31759,-35.44648318042813,153.0,2.317319,0.010555555555555556,0.012777777777777779,0.010833333333333334,13.31923890063425,0.9137480288277856,1.2400000000001938,2.27471676670449,0.7385213868138752,59.972997,119.969481,995.487592,2159,402,597,60.0,120.0
411,2023-11-09 17:26:36.188953,can_tapper14,"rgb(166,86,40)",500.0,477.0,504.0,4.6,88.25000000000001,95.0,0.6271499584500588,782,9.9,0.0,255.0,255.0,0.929217,-10.45483870967742,13.0,2.4311,0.00823529411764706,0.009019607843137253,0.00980392156862745,3.4482758620689653,0.8007484341330865,0.020000000000003126,3.470356641605033,0.8399302829949974,18.65044,119.95275,185006.50385,1665,341,468,60.0,120.0
412,2023-11-13 22:19:20.791737,can_tapper14,"rgb(247,129,191)",492.0,431.0,495.0,12.398373983739837,68.33333333333339,75.58333333333339,2.633281170346591,1500,4.5600000000000005,17.0,363.0,346.0,1.149149,-27.04140127388535,109.0,2.14537,0.011271676300578036,0.017630057803468206,0.012138728323699423,11.060948081264108,0.8699513866369372,1.5000000000002345,3.470356641605033,0.8519883480449912,59.976101,119.987494,363164.602784,2160,445,548,60.0,120.0
413,2023-11-28 07:52:39.193217,can_tapper14,"rgb(153,153,153)",505.0,471.0,,6.732673267326733,96.25,,,0,4.658333333333333,0.0,380.0,380.0,0.809941,-3.892857142857143,14.0,2.311238,0.0018421052631578947,0.008947368421052631,,6.804123711340206,0.41634239512256477,0.5000000000000782,3.678623825607137,0.8416872169802769,2.560721,119.800277,1243998.40148,1470,345,434,60.0,120.0
414,2023-11-28 10:14:35.760702,can_tapper14,"rgb(228,26,28)",497.0,452.0,500.0,9.054325955734406,81.00000000000004,90.0,0.132444503308512,1500,3.7700000000000005,13.0,361.0,348.0,0.915175,-27.242320819112628,88.0,2.013576,0.010057471264367816,0.01293103448275862,0.010919540229885057,6.720977596741344,1.2576529293448542,1.0000000000001563,1.7887444673306678,0.5821378178882943,59.894969,119.974301,8516.567485,2160,370,487,60.0,120.0
415,2023-11-28 13:13:00.800208,can_tapper14,"rgb(55,126,184)",496.0,455.0,497.0,8.266129032258064,78.00000000000004,81.00000000000004,0.2760801227022467,1500,3.483333333333333,0.0,291.0,291.0,1.238295,-31.4937106918239,16.0,2.335067,0.013058419243986255,0.014089347079037803,0.013402061855670104,6.666666666666667,0.8330499470875173,1.0200000000001594,1.7887444673306678,0.5794329631157471,59.968071,119.997786,10705.039506,2160,385,641,60.0,120.0
416,2023-11-28 13:29:35.326189,can_tapper14,"rgb(77,175,74)",492.0,448.0,493.0,8.94308943089431,68.33333333333339,70.75000000000004,1.0090137817837457,1500,3.3714285714285714,0.0,321.0,321.0,1.050094,-34.01543209876543,24.0,2.043599,0.010591900311526481,0.013707165109034268,0.01090342679127726,7.423580786026201,0.9070968811375877,1.0000000000001563,1.9029463547871976,0.6363996032159771,59.998807,119.925219,994.525981,2160,403,641,60.0,120.0
417,2023-11-28 15:06:30.935035,can_tapper14,"rgb(152,78,163)",487.0,451.0,488.0,7.392197125256674,58.21428571428571,60.0,2.6973611988264174,1500,4.9,0.0,475.0,475.0,0.533477,-75.37465564738292,27.0,2.033444,0.0016842105263157896,0.007578947368421053,0.0018947368421052633,5.2631578947368425,1.2085837222922198,0.5000000000000782,15.558206486264643,0.6806280397058184,59.9811,119.890699,5815.608846,2160,589,591,60.0,120.0
418,2023-11-28 15:55:59.007692,can_tapper14,"rgb(255,127,0)",492.0,454.0,496.0,7.723577235772358,68.33333333333339,78.00000000000004,0.2749423444186109,1500,5.9,0.0,454.0,454.0,0.427152,-52.31410256410256,15.0,2.034943,0.0011013215859030836,0.008370044052863436,0.001982378854625551,5.241090146750524,1.0243807555284346,0.5000000000000782,2.0171482422437275,0.5687834857198869,59.935742,119.951957,2968.072657,2159,395,535,60.0,120.0
419,2023-11-28 16:15:20.948971,can_tapper14,"rgb(255,255,51)",487.0,441.0,489.0,9.44558521560575,58.21428571428571,62.08333333333334,2.9162235183209777,1500,6.125,27.5,333.0,305.5,1.25825,-67.57454545454546,29.0,2.358249,0.012111292962356794,0.015057283142389527,0.012765957446808512,8.444444444444445,0.7252971106802846,1.0000000000001563,7.136925848448924,0.6531135974712183,59.828616,119.998324,1161.941279,2158,426,551,60.0,120.0
420,2023-11-29 08:16:45.869712,can_tapper14,"rgb(166,86,40)",491.0,458.0,,6.720977596741344,66.25000000000003,,,0,-1.1,23.0,216.0,193.0,1.118209,-18.5207100591716,94.0,2.118388,0.012435233160621761,0.017098445595854925,,5.579399141630901,0.6909132237675281,0.5000000000000782,2.892719705486028,0.6796766118160553,0.540833,119.804916,57684.920741,2892,684,616,60.0,120.0
421,2023-11-29 08:16:45.869712,can_tapper14,"rgb(247,129,191)",491.0,458.0,,6.720977596741344,66.25000000000003,,,0,-1.1,23.0,216.0,193.0,1.118209,-18.5207100591716,94.0,2.118388,0.012435233160621761,0.017098445595854925,,5.579399141630901,0.6909132237675281,0.5000000000000782,2.892719705486028,0.6796766118160553,0.540833,119.804916,0.0,2892,684,616,60.0,120.0
422,2023-12-12 14:34:13.073335,can_tapper14,"rgb(153,153,153)",511.5,482.0,513.0,5.7673509286412505,100.0,100.0,10.452532925859254,609,9.975,0.0,384.0,384.0,0.91163,-19.09090909090909,3.0,2.010105,0.00234375,0.007682291666666665,0.0026041666666666665,4.259634888438134,0.5206286411170808,0.5000000000000782,7.240114424554271,0.6068555457905699,15.206345,102.65208,1145847.203623,1416,285,376,60.0,120.0
423,2024-01-18 10:08:21.904052,can_tapper14,"rgb(228,26,28)",503.0,466.0,,7.3558648111332,93.75,,,0,-3.2833333333333337,0.0,392.0,392.0,1.025644,2.0338345864661656,99.0,2.01845,0.0022959183673469385,0.009438775510204082,,6.365503080082136,0.9528189077985132,1.0200000000001594,2.892719705486028,0.8303198351331189,2.841871,119.991731,3180848.830717,1476,277,456,60.0,120.0
424,2024-01-31 10:37:45.387722,can_tapper14,"rgb(55,126,184)",497.0,439.0,500.0,11.670020120724347,81.00000000000004,90.0,0.3525423789078996,1500,6.9,0.0,335.0,335.0,1.088716,-14.817880794701987,21.0,2.687235,0.01373134328358209,0.017313432835820895,0.014626865671641794,13.606911447084233,0.8463507011602094,1.0000000000001563,3.678623825607137,0.8064649731163108,59.982922,119.935006,1124963.48367,2159,406,642,60.0,120.0
425,2024-01-31 11:20:02.962054,can_tapper14,"rgb(77,175,74)",491.0,443.0,492.0,9.775967413441954,66.25000000000003,68.33333333333339,5.736918105295931,1500,7.225,0.0,331.0,331.0,1.321779,-39.463022508038584,27.0,3.410225,0.010271903323262839,0.014501510574018127,0.010574018126888218,8.609271523178808,0.7784079925977937,1.0000000000001563,2.4199454189414036,0.7567088203466426,59.9998,119.882899,2537.574332,2159,412,583,60.0,120.0
426,2024-02-08 07:39:31.952673,can_tapper14,"rgb(152,78,163)",501.0,471.0,504.0,5.9880239520958085,91.25,95.0,22.66833586693582,211,4.0,20.0,412.0,392.0,0.834404,0.13090909090909092,217.0,2.338371,0.005612244897959183,0.007653061224489796,0.006377551020408163,5.070993914807302,0.4183086067546268,0.5000000000000782,3.678623825607137,0.803829097282261,7.232299,119.86795,677968.990619,1527,293,490,60.0,120.0
427,2024-02-08 10:13:58.860591,can_tapper14,"rgb(255,127,0)",500.0,467.0,,6.6000000000000005,90.0,,,0,,0.0,186.0,186.0,1.010493,-3.9035369774919615,14.0,2.107935,0.012365591397849464,0.017741935483870968,,5.042016806722689,0.5334173898508464,0.5000000000000782,3.678623825607137,0.803359276114322,0.651349,119.984146,9266.907918,1448,315,561,60.0,120.0
428,2024-02-08 10:45:05.787183,can_tapper14,"rgb(255,255,51)",496.0,454.0,499.0,8.46774193548387,78.00000000000004,87.00000000000001,0.5746669220738222,1500,5.16,0.0,300.0,300.0,1.219699,-14.761904761904763,23.0,2.314581,0.012666666666666666,0.014,0.013666666666666669,4.641350210970464,0.6672448163270479,1.0000000000001563,2.145932504474109,0.753242078239538,59.972343,119.860106,1866.926592,2158,511,535,60.0,120.0
429,2024-02-08 11:04:16.678604,can_tapper14,"rgb(166,86,40)",492.0,438.0,496.0,10.975609756097562,68.6666666666667,78.00000000000004,0.2890312395692867,1500,4.525,15.0,485.0,470.0,0.881575,-18.01311475409836,22.0,2.976851,0.008297872340425531,0.01148936170212766,0.009148936170212767,10.169491525423728,1.988439391729626,1.5000000000002345,2.27471676670449,0.7773034440752546,59.949532,119.968024,1150.891421,2160,424,519,60.0,120.0
430,2024-02-08 11:39:46.854715,can_tapper14,"rgb(247,129,191)",480.0,445.0,492.0,7.291666666666667,46.24999999999997,68.33333333333339,2.423761077226625,1500,5.7,79.0,330.0,251.0,0.915069,-25.645614035087718,16.0,2.013162,0.011553784860557768,0.013944223107569721,0.016334661354581673,6.873614190687362,1.273613786649141,0.5000000000000782,2.0171482422437275,0.7804878934912465,59.910127,119.995161,2130.176111,2159,355,497,60.0,120.0
431,2024-02-08 13:40:34.580060,can_tapper14,"rgb(153,153,153)",508.0,477.0,,6.102362204724409,100.0,,,0,6.4333333333333345,0.0,329.0,329.0,0.421509,-6.037151702786378,12.0,2.019428,0.0030395136778115506,0.009422492401215805,,5.691056910569106,0.5591814186955214,0.5000000000000782,3.9134845291898115,0.7930914100564825,0.5041,119.852244,7247.725345,1446,331,560,60.0,120.0
432,2024-02-08 14:21:02.972600,can_tapper14,"rgb(228,26,28)",493.0,446.0,497.0,9.533468559837727,70.75000000000004,81.00000000000004,4.189299639687874,1500,7.05,15.0,343.0,328.0,0.975889,-21.955479452054796,132.0,2.0734,0.010975609756097562,0.014329268292682926,0.012195121951219513,5.531914893617022,0.8237161394049469,1.0000000000001563,2.27471676670449,0.7859444747329121,59.849784,119.883489,2428.39254,2157,379,486,60.0,120.0
433,2024-02-13 09:48:21.486144,can_tapper14,"rgb(55,126,184)",505.0,469.0,508.0,7.128712871287128,96.25,100.0,1.0271166356125078e-12,129,3.55,0.0,295.0,295.0,1.024828,-1.1340579710144927,92.0,2.123478,0.012203389830508475,0.012203389830508475,0.013220338983050847,2.2132796780684103,0.4234022836908901,1.0000000000001563,2.892719705486028,0.6209744613332635,5.589972,119.995924,415638.513544,1508,287,380,60.0,120.0
434,2024-02-13 11:00:28.154376,can_tapper14,"rgb(77,175,74)",495.0,435.0,496.0,12.121212121212121,75.58333333333339,78.00000000000004,2.0603831379477113,1500,5.508333333333333,15.0,330.0,315.0,1.112018,-23.014134275618375,25.0,2.114416,0.011111111111111112,0.01904761904761905,0.011428571428571429,11.409395973154362,0.7125984474833302,1.5000000000002345,2.7289468883321724,0.8147768651905137,59.884475,119.975675,4326.668232,2159,434,586,60.0,120.0
435,2024-02-21 07:31:35.874268,can_tapper14,"rgb(152,78,163)",504.0,476.0,509.0,5.555555555555555,95.0,100.0,7.377736612325907,1500,7.25,0.0,422.0,422.0,0.831282,-6.504347826086956,25.0,2.335406,0.004739336492890996,0.006635071090047393,0.0059241706161137445,1.8329938900203666,0.2690642403284673,0.5000000000000782,2.892719705486028,0.6073829383110816,38.81202,119.816008,678667.719892,1905,400,500,60.0,120.0
436,2024-02-21 12:48:13.382406,can_tapper14,"rgb(255,127,0)",504.0,471.0,508.0,6.547619047619048,95.0,100.0,8.169618760588964,819,9.575,0.0,240.0,240.0,0.413664,-14.689768976897689,16.0,2.019748,0.004166666666666667,0.013750000000000002,0.005833333333333333,6.0728744939271255,1.3240111363598828,0.5000000000000782,3.2620894576029285,0.811677645191927,19.4004,119.981419,18997.508138,1674,342,460,60.0,120.0
437,2024-02-21 13:17:36.290851,can_tapper14,"rgb(255,255,51)",497.0,440.0,500.0,11.468812877263582,81.00000000000004,90.0,0.132444503308512,1500,9.625,13.0,323.0,310.0,1.108014,-23.884615384615383,22.0,2.1014,0.01129032258064516,0.018387096774193548,0.012258064516129033,14.587737843551798,0.6032978223917588,1.0000000000001563,2.0171482422437275,0.7973565741956411,59.867199,119.974595,1762.908445,2159,429,515,60.0,120.0
438,2024-03-04 15:44:22.308452,can_tapper14,"rgb(166,86,40)",496.0,448.0,501.0,9.67741935483871,78.00000000000004,91.25,4.237077438700112,1500,10.45,0.0,496.0,496.0,0.467057,-10.508650519031141,20.0,2.067325,0.006048387096774193,0.009677419354838708,0.007056451612903225,7.296137339055794,1.5440781390023033,1.5000000000002345,3.2620894576029285,0.818775023160239,59.941843,119.893088,1045606.017601,4320,812,1222,60.0,120.0
439,2024-03-04 15:44:22.308452,can_tapper14,"rgb(247,129,191)",496.0,448.0,501.0,9.67741935483871,78.00000000000004,91.25,4.237077438700112,1500,10.45,0.0,496.0,496.0,0.467057,-10.508650519031141,20.0,2.067325,0.006048387096774193,0.009677419354838708,0.007056451612903225,7.296137339055794,1.5440781390023033,1.5000000000002345,3.2620894576029285,0.818775023160239,59.941843,119.893088,0.0,4320,812,1222,60.0,120.0
440,2024-03-05 13:44:36.858876,can_tapper14,"rgb(153,153,153)",500.0,471.0,504.0,5.800000000000001,88.25000000000001,95.0,5.805434477946044,1140,8.358333333333334,18.0,385.0,367.0,0.813143,-6.178861788617886,23.0,2.309897,0.0038147138964577656,0.00790190735694823,0.004904632152588556,3.7037037037037037,0.7478159037169658,0.5000000000000782,3.2620894576029285,0.790123632217156,25.810234,119.796675,79214.550424,1749,418,459,60.0,120.0
441,2024-03-05 14:56:50.004673,can_tapper14,"rgb(228,26,28)",495.0,432.0,497.0,12.727272727272727,75.58333333333339,81.00000000000004,0.38776017233754817,1500,10.0,0.0,285.0,285.0,1.376031,-27.7396449704142,16.0,2.974099,0.010175438596491226,0.022105263157894735,0.01087719298245614,16.483516483516482,1.5635827805988058,1.5000000000002345,2.145932504474109,0.8001722854278843,60.0004,119.818919,4333.145797,2158,501,501,60.0,120.0
442,2024-03-11 09:37:42.643673,can_tapper14,"rgb(55,126,184)",500.0,470.0,504.0,6.0,90.0,95.0,6.819547399801184,967,8.05,20.0,403.0,383.0,0.821333,-5.357142857142857,17.0,2.827126,0.007832898172323759,0.007832898172323759,0.008877284595300261,1.6260162601626016,0.42236760300479353,0.5000000000000782,3.2620894576029285,0.8585238102472268,22.357966,119.966324,499252.639,1709,385,610,60.0,120.0
443,2024-03-11 09:52:44.485345,can_tapper14,"rgb(77,175,74)",496.0,445.0,499.0,10.28225806451613,78.00000000000004,87.00000000000001,0.4110579604702594,1500,8.05,0.0,296.0,296.0,1.186355,-17.167235494880547,17.0,2.282801,0.0125,0.01722972972972973,0.013513513513513514,9.010989010989011,0.9772828829529521,1.0000000000001563,2.291161156711022,0.8119263213897044,59.937175,119.964849,901.841672,2159,438,468,60.0,120.0
444,2024-03-11 10:35:44.130803,can_tapper14,"rgb(152,78,163)",495.0,456.0,496.0,7.878787878787878,75.58333333333339,78.00000000000004,3.9481261991664622,1500,8.016666666666667,0.0,397.0,397.0,0.456882,-23.13448275862069,208.0,2.051316,0.0020151133501259445,0.00982367758186398,0.0022670025188916876,5.544147843942505,1.3902615830189091,1.0000000000001563,2.0171482422437275,0.8245511503878942,59.957023,119.962202,2579.645458,2159,438,359,60.0,120.0
445,2024-03-22 07:27:51.546266,can_tapper14,"rgb(255,127,0)",499.0,443.0,500.0,11.22244488977956,87.00000000000001,90.0,0.886329282812758,1500,10.533333333333335,0.0,462.0,462.0,1.098194,-12.903654485049834,138.0,2.091251,0.010173160173160174,0.012121212121212123,0.010389610389610391,9.090909090909092,1.034337963094745,1.2400000000001938,4.178334463910163,0.8203298343452562,58.551433,119.853625,939127.415463,2142,389,626,60.0,120.0
446,2024-03-22 07:46:32.959329,can_tapper14,"rgb(255,255,51)",496.0,455.0,499.0,8.266129032258064,78.00000000000004,87.00000000000001,1.648400732622211,1500,8.8,0.0,384.0,384.0,0.461226,-24.15359477124183,18.0,2.355467,0.0031249999999999997,0.010677083333333332,0.0039062499999999996,7.43801652892562,0.8770597708089551,0.5000000000000782,4.711863641406706,0.642915299798827,59.947331,119.909383,1121.413063,2158,461,739,60.0,120.0
447,2024-03-22 10:10:00.935773,can_tapper14,"rgb(166,86,40)",496.0,443.0,499.0,10.685483870967742,78.00000000000004,87.00000000000001,0.1849245266328983,1500,10.89,14.0,418.0,404.0,1.037425,-33.63636363636363,130.0,2.141448,0.010643564356435644,0.01311881188118812,0.011386138613861386,6.695464362850972,0.949688489814422,1.0000000000001563,2.27471676670449,0.7127403015520302,59.919675,119.947455,8607.976444,2159,440,505,60.0,120.0
448,2024-03-22 12:31:16.379171,can_tapper14,"rgb(247,129,191)",495.0,448.0,495.0,9.494949494949495,75.58333333333339,75.58333333333339,4.932402192177723,1500,11.691666666666666,12.0,274.0,262.0,1.183328,-41.537848605577686,14.0,2.280495,0.016412213740458016,0.017938931297709924,0.016412213740458016,10.144927536231885,0.8269704375870935,1.0000000000001563,2.0171482422437275,0.7380377189962101,59.969573,119.909327,8475.443398,2160,315,544,60.0,120.0
449,2024-03-25 08:12:05.256302,can_tapper14,"rgb(153,153,153)",492.0,463.0,496.0,5.894308943089431,68.33333333333339,78.00000000000004,21.40438955892501,559,5.95,0.0,459.0,459.0,0.916645,-9.825242718446601,18.0,2.813491,0.0037037037037037034,0.0063180827886710235,0.004357298474945534,5.439330543933054,0.714461877820268,0.5000000000000782,3.970067279908059,0.8483887235221756,14.192256,119.907384,243648.877131,1611,335,553,60.0,120.0
450,2024-03-25 09:58:10.153558,can_tapper14,"rgb(228,26,28)",508.0,461.0,,9.251968503937007,100.0,,,0,6.375,0.0,208.0,208.0,0.935516,-6.520900321543408,16.0,2.030676,0.015865384615384615,0.022596153846153846,,13.513513513513514,1.0027437079848023,0.5000000000000782,3.470356641605033,0.8358976856693775,2.842116,119.791468,6364.897256,1473,320,539,60.0,120.0
451,2024-03-25 11:34:48.520506,can_tapper14,"rgb(55,126,184)",491.0,435.0,491.0,11.405295315682281,66.25000000000003,66.25000000000003,2.0793431463743453,1500,7.725,0.0,415.0,415.0,1.065067,-25.71518987341772,135.0,2.067426,0.010120481927710843,0.01349397590361446,0.010120481927710843,9.719222462203025,1.2816037325343026,1.5000000000002345,2.27471676670449,0.7923991465231522,59.940225,119.969749,5798.366948,2159,416,550,60.0,120.0
452,2024-04-08 08:04:17.964385,can_tapper14,"rgb(77,175,74)",501.0,465.0,505.0,7.18562874251497,91.25,96.25,4.854366601939321,1500,,0.0,339.0,339.0,0.426496,-13.1875,19.0,2.024726,0.0035398230088495575,0.010619469026548672,0.00471976401179941,7.566462167689162,1.520257613334732,1.0200000000001594,3.9134845291898115,0.7939802871734145,34.603847,119.98288,1196969.443879,1856,367,599,60.0,120.0
453,2024-04-08 11:19:00.565946,can_tapper14,"rgb(152,78,163)",496.0,446.0,497.0,10.080645161290322,78.00000000000004,81.00000000000004,1.7673341188148894,1500,15.35,0.0,500.0,500.0,0.915171,-42.31645569620253,231.0,2.010825,0.006,0.01,0.0062,9.623430962343097,1.843197257037445,1.0000000000001563,2.27471676670449,0.6320058625434399,59.949451,119.995657,11682.601561,2160,407,596,60.0,120.0
454,2024-04-09 12:55:40.512866,can_tapper14,"rgb(255,127,0)",496.0,448.0,499.0,9.67741935483871,78.00000000000004,87.00000000000001,1.9934675526516918,1500,14.855,17.0,343.0,326.0,1.035211,-39.8,137.0,2.132709,0.012883435582822088,0.0147239263803681,0.013803680981595092,8.860759493670885,0.6749560841197013,0.5000000000000782,3.2620894576029285,0.7568207577030568,59.97384,119.91569,92199.94692,2159,411,723,60.0,120.0
455,2024-04-10 02:28:17.794296,can_tapper14,"rgb(255,255,51)",496.0,459.0,492.0,7.459677419354839,78.00000000000004,68.33333333333339,0.36636460727288583,1500,14.766666666666666,-5.0,480.0,485.0,0.663349,-86.96996996996997,40.0,2.067199,0.004329896907216494,0.007628865979381443,0.0037113402061855674,6.2761506276150625,0.7164477011987738,0.5000000000000782,3.470356641605033,0.7514780686684774,59.954493,119.949345,48757.28143,2160,435,524,60.0,120.0
456,2024-04-10 07:03:37.328032,can_tapper14,"rgb(166,86,40)",485.0,463.0,487.0,4.536082474226804,54.642857142857125,58.21428571428571,0.28466679318484656,1500,16.725,0.0,357.0,357.0,0.971266,-127.15210355987055,24.0,2.975889,0.0056022408963585435,0.0061624649859943975,0.0061624649859943975,3.5639412997903563,0.639550415280785,0.020000000000003126,8.53123623235764,0.9475939641047603,59.882675,119.796844,16519.533736,2157,402,620,60.0,120.0
457,2024-04-10 09:41:12.302601,can_tapper14,"rgb(247,129,191)",484.0,458.0,487.0,5.371900826446281,52.879464285714285,58.21428571428571,9.063399583731712,1500,18.925,27.5,245.0,217.5,1.004145,-122.96845425867508,24.0,2.00439,0.005057471264367815,0.011954022988505746,0.006436781609195403,7.43099787685775,1.1233317860401313,0.5000000000000782,7.565235559061503,0.9547808027205056,59.951322,119.945719,9454.974569,2159,415,657,60.0,120.0
458,2024-04-10 12:51:16.377730,can_tapper14,"rgb(153,153,153)",507.0,482.0,508.0,4.930966469428008,98.75,100.0,0.23712010538632797,1500,20.53333333333333,12.0,384.0,372.0,0.832643,-63.86219081272085,7.0,2.238825,0.00510752688172043,0.006720430107526882,0.005376344086021505,1.639344262295082,0.31360881415013087,0.26000000000004064,3.2620894576029285,0.6786663776608511,59.993227,119.884366,11404.075129,2159,376,557,60.0,120.0
459,2024-04-10 16:59:13.993654,can_tapper14,"rgb(228,26,28)",496.0,470.0,505.0,5.241935483870968,78.00000000000004,96.25,0.30356457936166925,1500,19.96666666666667,64.5,476.0,411.5,0.813627,-63.827586206896555,66.0,2.308968,0.0055893074119076555,0.006318347509113002,0.007776427703523693,4.958677685950414,0.44404530141253107,0.0800000000000125,2.892719705486028,0.8078111488629498,59.903639,119.909434,14877.615924,2158,356,496,60.0,120.0
460,2024-04-10 18:01:28.124150,can_tapper14,"rgb(55,126,184)",501.0,474.0,503.0,5.389221556886228,91.25,93.75,6.017131563168786,1500,20.3,0.0,421.0,421.0,0.818833,-81.8498023715415,7.0,2.317651,0.002850356294536817,0.006413301662707838,0.0033254156769596203,3.9337474120082816,0.4105730146317509,0.04000000000000625,3.678623825607137,0.7708476821935446,59.973847,119.872298,3734.130496,2159,336,634,60.0,120.0
461,2024-04-10 18:18:33.161352,can_tapper14,"rgb(77,175,74)",511.0,479.0,512.0,6.262230919765166,100.0,100.0,0.3277779234565327,1500,20.51666666666667,12.0,371.0,359.0,0.874804,-44.86363636363637,5.0,2.875275,0.0072423398328690805,0.008913649025069638,0.007520891364902507,6.313645621181263,0.6550590231784115,0.24000000000003752,2.27471676670449,0.4878798766826399,59.880623,119.958222,1025.037202,2158,403,606,60.0,120.0
462,2024-04-10 19:25:02.106124,can_tapper14,"rgb(152,78,163)",508.0,479.0,508.0,5.708661417322835,100.0,100.0,0.16975118655603902,1500,20.67142857142857,13.0,411.0,398.0,0.773861,-34.578947368421055,14.0,2.272584,0.003015075376884422,0.007286432160804019,0.003015075376884422,2.904564315352697,0.3961089051676172,0.24000000000003752,2.892719705486028,0.7647764102218044,59.82259,119.829137,3988.944772,2157,416,731,60.0,120.0
463,2024-04-10 19:45:41.890627,can_tapper14,"rgb(255,127,0)",504.0,476.0,505.0,5.555555555555555,95.0,96.25,2.9232752156300525e-13,1500,17.766666666666666,14.5,182.0,167.5,1.022507,-47.3741935483871,15.0,2.118094,0.01432835820895522,0.01671641791044776,0.014925373134328356,4.3478260869565215,0.546298817383209,0.5000000000000782,2.565174071178317,0.8164009493098833,59.949194,119.973705,1239.784503,2160,382,465,60.0,120.0
464,2024-04-10 19:49:56.149332,can_tapper14,"rgb(255,255,51)",513.0,487.0,520.0,5.0682261208577,100.0,100.0,7.863212383648631,1500,17.75,19.0,411.0,392.0,0.794829,-15.622881355932204,259.0,2.387351,0.00510204081632653,0.0066326530612244895,0.006887755102040817,3.8539553752535496,0.6685216967710128,0.5000000000000782,119.99999999999996,0.431612582690026,59.97165,119.863296,254.258705,2159,335,244,60.0,120.0
465,2024-04-10 19:55:44.206266,can_tapper14,"rgb(166,86,40)",505.0,480.0,508.0,4.9504950495049505,96.25,100.0,0.4188801861685105,1500,23.25,19.0,376.0,357.0,0.872034,-42.22456140350877,13.0,2.267736,0.0047619047619047615,0.0070028011204481795,0.0056022408963585435,7.099391480730223,0.4961516005626633,0.10000000000001563,3.077404581544478,0.8007523798738647,59.989028,119.991911,348.056934,2160,380,491,60.0,120.0
466,2024-04-10 20:27:41.330047,can_tapper14,"rgb(247,129,191)",503.0,475.0,505.0,5.566600397614314,93.75,96.25,0.2760801227018344,1500,20.35833333333333,19.0,368.0,349.0,0.780302,-58.424050632911396,17.0,2.27562,0.007163323782234957,0.008022922636103151,0.007736389684813753,5.3061224489795915,0.4378770311421709,0.5000000000000782,2.565174071178317,0.5330938684327096,59.927302,119.917982,1917.123781,2159,404,588,60.0,120.0
467,2024-04-10 23:36:39.542323,can_tapper14,"rgb(153,153,153)",504.0,477.0,504.0,5.357142857142857,95.0,95.0,0.3296712576312377,1500,15.25,0.0,367.0,367.0,0.819801,-49.46206896551724,7.0,2.319214,0.004904632152588555,0.007356948228882833,0.004904632152588555,2.5,0.2676300602479758,0.020000000000003126,2.27471676670449,0.6184068520193331,59.861957,119.973957,11338.212276,2158,371,483,60.0,120.0
468,2024-04-11 11:49:18.952291,can_tapper14,"rgb(228,26,28)",504.0,473.0,,6.15079365079365,95.0,,,0,15.05,0.0,216.0,216.0,1.011991,-35.850174216027874,21.0,2.0116,0.010185185185185184,0.014351851851851852,,4.781704781704781,0.5976941335419192,0.5000000000000782,3.678623825607137,0.7321984122312377,0.895246,119.934985,43959.409968,1452,290,698,60.0,120.0
469,2024-04-11 12:31:32.718190,can_tapper14,"rgb(55,126,184)",504.0,447.0,505.0,11.30952380952381,95.0,96.25,1.796667465185893,1500,13.575,24.0,500.0,476.0,0.444206,-41.09090909090909,27.0,2.047095,0.009243697478991597,0.011974789915966387,0.009453781512605043,13.043478260869565,1.0167392556168855,1.2400000000001938,2.27471676670449,0.8201797909078427,59.990973,119.925152,2533.765899,2159,584,707,60.0,120.0
470,2024-04-11 16:20:53.686092,can_tapper14,"rgb(77,175,74)",500.0,464.0,501.0,7.199999999999999,90.0,91.25,0.54578690923835,1500,17.966666666666665,14.0,263.0,249.0,1.407901,-64.27586206896552,13.0,2.006724,0.01285140562248996,0.014457831325301205,0.013253012048192772,3.1185031185031185,0.8056478792525674,0.5000000000000782,3.678623825607137,0.742749288809858,59.965771,119.855495,13760.967902,2158,428,482,60.0,120.0
471,2024-04-12 07:50:28.159113,can_tapper14,"rgb(152,78,163)",504.0,467.0,507.0,7.341269841269842,95.0,98.75,16.631261180677125,129,16.833333333333336,18.0,281.0,263.0,1.025452,-16.524271844660195,40.0,2.120351,0.011406844106463879,0.014068441064638785,0.012547528517110267,7.053941908713693,0.5683317432948729,0.5000000000000782,3.9134845291898115,0.7918526913804611,5.610983,119.989138,55774.473021,1509,324,456,60.0,120.0
472,2024-04-12 09:13:14.357976,can_tapper14,"rgb(255,127,0)",500.0,458.0,503.0,8.4,90.0,93.75,0.5611024716014633,1500,15.175,0.0,291.0,291.0,1.173685,-40.54545454545455,16.0,2.268105,0.013745704467353953,0.01443298969072165,0.014776632302405498,10.69182389937107,0.7641019970390217,1.0000000000001563,2.4199454189414036,0.667040756886059,59.986956,119.979516,4966.198863,2160,402,568,60.0,120.0
473,2024-04-13 08:35:45.039806,can_tapper14,"rgb(255,255,51)",497.0,465.0,,6.438631790744467,81.00000000000004,,,0,14.6,0.0,407.0,407.0,0.526135,-42.805054151624546,22.0,2.5294,0.002457002457002457,0.007862407862407862,,5.544147843942505,1.3443095284308468,0.7600000000001188,3.678623825607137,0.8229143295882342,2.487668,119.879465,84150.68183,1470,287,460,60.0,120.0
474,2024-04-13 11:04:24.104573,can_tapper14,"rgb(166,86,40)",496.0,449.0,499.0,9.475806451612904,78.00000000000004,87.00000000000001,0.4684802082132132,1500,16.15833333333333,12.0,497.0,485.0,0.521711,-56.7921146953405,13.0,2.026315,0.003917525773195876,0.009690721649484537,0.004536082474226804,9.433962264150944,1.8939764470717146,0.5000000000000782,2.27471676670449,0.7209588880798857,59.938868,119.93568,8919.064767,2159,325,661,60.0,120.0
475,2024-04-13 12:12:41.307987,can_tapper14,"rgb(247,129,191)",500.0,468.0,503.0,6.4,88.25000000000001,93.75,0.19861342160504772,1500,17.856666666666666,0.0,370.0,370.0,0.75257,-53.37152777777778,7.0,2.750926,0.007027027027027026,0.008648648648648649,0.007837837837837838,7.053941908713693,0.6252893194072011,0.5000000000000782,2.27471676670449,0.6275696942340583,59.956398,119.978554,4097.203414,2160,350,595,60.0,120.0
476,2024-04-13 16:30:50.678697,can_tapper14,"rgb(153,153,153)",489.0,462.0,489.0,5.521472392638037,62.08333333333334,62.08333333333334,9.862395494396454,1500,20.025,0.0,381.0,381.0,0.792932,-158.23926380368098,20.0,2.292957,0.004724409448818898,0.007086614173228346,0.004724409448818898,4.033970276008493,0.6154582002899196,0.20000000000003126,14.677370606699593,0.9269375389499277,59.946713,119.993073,15489.37071,2159,400,569,60.0,120.0
477,2024-04-14 08:35:53.829556,can_tapper14,"rgb(228,26,28)",497.0,462.0,500.0,7.042253521126761,81.00000000000004,90.0,15.063103339695102,439,15.7,0.0,202.0,202.0,1.035379,-37.62837837837838,23.0,2.632609,0.01386138613861386,0.017326732673267325,0.015346534653465346,7.756813417190775,0.549993336469929,0.5000000000000782,3.9134845291898115,0.8188011239601488,11.791308,119.793478,57903.150859,1581,317,517,60.0,120.0
478,2024-04-15 07:38:56.624158,can_tapper14,"rgb(55,126,184)",500.0,471.0,501.0,5.800000000000001,88.25000000000001,91.25,1.74764014132377e-11,9,12.725,0.0,329.0,329.0,0.938856,-39.286184210526315,109.0,2.430888,0.0036474164133738604,0.008814589665653495,0.003951367781155015,4.918032786885246,0.5978384168691396,0.5000000000000782,3.2620894576029285,0.8259941473977133,3.193329,119.912677,82982.794602,1479,316,432,60.0,120.0
479,2024-04-15 13:57:43.726986,can_tapper14,"rgb(77,175,74)",493.0,463.0,487.0,6.085192697768763,70.75000000000004,58.21428571428571,3.7299216577421865,1500,13.5,-12.5,321.0,333.5,0.814884,-82.37133550488599,10.0,94.893432,0.008395802098950524,0.008995502248875561,0.006596701649175412,8.559498956158665,0.746507368583544,0.5000000000000782,2.892719705486028,0.7593672029509452,59.955751,119.983117,22727.102828,2159,433,574,60.0,120.0
480,2024-04-15 15:51:44.497739,can_tapper14,"rgb(152,78,163)",504.0,465.0,505.0,7.738095238095238,95.0,96.25,3.33343259263583,1500,16.43,13.0,499.0,486.0,0.78312,-48.20205479452055,15.0,2.280438,0.008024691358024692,0.008024691358024692,0.00823045267489712,7.142857142857143,0.4394227881209308,1.0000000000001563,3.077404581544478,0.7985689083796452,59.991413,119.916086,6840.770753,2160,382,539,60.0,120.0
481,2024-04-15 16:42:51.584699,can_tapper14,"rgb(255,127,0)",507.0,464.0,509.0,8.481262327416173,98.75,100.0,4.985059993359128,1500,15.166666666666666,13.0,432.0,419.0,1.119367,-36.77580071174377,14.0,2.122167,0.009785202863961815,0.01026252983293556,0.01026252983293556,2.9535864978902953,0.8059759313877656,1.0000000000001563,3.077404581544478,0.7788775238411625,59.964405,119.897815,3067.08696,2160,326,523,60.0,120.0
482,2024-04-15 17:01:03.225137,can_tapper14,"rgb(255,255,51)",505.0,450.0,508.0,10.891089108910892,96.25,98.75,2.0612364716600444,1500,17.40833333333333,11.0,337.0,326.0,1.088449,-36.93280632411067,123.0,2.097149,0.008282208588957056,0.01687116564417178,0.009202453987730062,10.195227765726681,1.0059838851551928,1.0000000000001563,2.9136317643906224,0.7530315418279827,59.9504,119.996974,1091.640438,2159,274,605,60.0,120.0
483,2024-04-15 17:29:26.499722,can_tapper14,"rgb(166,86,40)",511.0,472.0,,7.632093933463796,100.0,,,0,17.64166666666667,12.0,222.0,210.0,1.054665,-19.893333333333334,15.0,2.05457,0.01238095238095238,0.01857142857142857,,6.8893528183716075,0.8838899207152436,0.5000000000000782,3.970067279908059,0.8429689949265353,1.467835,119.900319,1703.274585,1458,307,560,60.0,120.0
484,2024-04-15 19:23:13.754790,can_tapper14,"rgb(247,129,191)",505.0,458.0,508.0,9.306930693069306,96.25,100.0,0.7099292044128637,1500,18.196666666666665,0.0,475.0,475.0,1.040849,-23.536184210526315,140.0,2.036205,0.006947368421052633,0.009894736842105263,0.007578947368421053,6.639839034205232,0.7009740838459683,1.2400000000001938,4.81380822117902,0.8201879048947796,59.949894,119.93213,6827.255068,2160,383,705,60.0,120.0
485,2024-04-15 21:07:10.617884,can_tapper14,"rgb(153,153,153)",505.0,471.0,509.0,6.732673267326733,96.25,100.0,12.467645409989201,580,15.75,0.0,480.0,480.0,0.436894,-16.754045307443366,14.0,2.029518,0.003125,0.007083333333333334,0.003958333333333334,3.9665970772442587,1.1365243958421685,0.5000000000000782,4.268735753821927,0.887514145378059,14.610542,119.987817,6236.863094,1617,329,494,60.0,120.0
486,2024-04-15 23:43:07.012956,can_tapper14,"rgb(228,26,28)",505.0,484.0,,4.158415841584159,96.25,,,0,12.35,0.0,248.0,248.0,0.512417,-19.55956678700361,13.0,2.012952,0.0016129032258064516,0.008467741935483872,,3.420523138832998,0.686450377814788,0.020000000000003126,4.178334463910163,0.8030331944408867,2.258818,119.84613,9356.395072,1467,289,493,60.0,120.0
487,2024-04-16 00:22:25.897947,can_tapper14,"rgb(55,126,184)",503.0,457.0,504.0,9.145129224652088,93.75,95.0,2.192925419077555,1500,14.2,13.0,286.0,273.0,1.261128,-37.64727272727273,21.0,2.254391,0.009157509157509156,0.01684981684981685,0.009523809523809523,5.627705627705628,0.701229905664859,1.0000000000001563,2.0171482422437275,0.2898640009381136,59.895183,119.940363,2358.884991,2159,379,519,60.0,120.0
488,2024-04-16 00:25:41.582490,can_tapper14,"rgb(77,175,74)",513.0,468.0,517.0,8.771929824561402,100.0,100.0,4.003504001556417,1500,14.05952380952381,0.0,343.0,343.0,1.153147,-19.606666666666666,131.0,2.158426,0.010787172011661806,0.013119533527696795,0.0119533527696793,7.724425887265136,1.0549835359763218,1.5000000000002345,31.996067694060745,0.4093898334592927,59.968573,119.846634,195.684543,2159,169,220,60.0,120.0
489,2024-04-16 00:29:34.141490,can_tapper14,"rgb(152,78,163)",505.0,464.0,508.0,8.118811881188119,96.25,100.0,0.36636460727282816,1500,14.030000000000001,0.0,294.0,294.0,1.242754,-32.33510638297872,20.0,64.781452,0.011224489795918368,0.013945578231292518,0.012244897959183675,6.722689075630252,0.9124240890181055,1.0000000000001563,119.99999999999996,0.301863900496246,59.955781,119.999624,232.559,2160,252,453,60.0,120.0
490,2024-04-16 00:33:25.827088,can_tapper14,"rgb(255,127,0)",505.0,464.0,507.0,8.118811881188119,96.25,98.75,4.732126547610895,1500,13.91,14.0,272.0,258.0,1.33663,-35.84615384615385,20.0,2.335668,0.01317829457364341,0.015891472868217054,0.013953488372093023,5.882352941176471,0.8363434938126386,0.5000000000000782,2.27471676670449,0.684974794957129,59.932372,59.110484,231.685598,1429,261,259,60.0,120.0
491,2024-04-16 01:54:45.819821,can_tapper14,"rgb(255,255,51)",504.0,460.0,508.0,8.73015873015873,95.0,100.0,4.709875411728674,1096,13.341666666666669,18.5,308.0,289.5,1.11127,-23.248322147651006,20.0,2.305437,0.015198618307426599,0.015198618307426599,0.016580310880829015,4.564315352697095,0.22849120922880203,1.0000000000001563,4.148345232772487,0.7429388317685746,24.932005,57.113324,4879.992733,987,199,293,60.0,120.0
492,2024-04-16 02:00:57.267158,can_tapper14,"rgb(166,86,40)",508.0,460.0,,9.448818897637794,98.75,,,0,13.15,18.5,310.0,291.5,1.149748,-13.982456140350877,294.0,2.242437,0.010634648370497424,0.01646655231560892,,4.946236559139785,0.6642363144945573,1.0000000000001563,36.08162758099249,0.08373819947978312,1.022641,119.777526,371.447337,1452,292,403,60.0,120.0
493,2024-04-16 02:02:34.705008,can_tapper14,"rgb(247,129,191)",507.0,458.0,511.0,9.664694280078894,98.75,100.0,4.978855546157127,1500,13.194999999999999,17.0,294.0,277.0,1.244656,-20.477678571428573,20.0,2.341394,0.010469314079422382,0.01768953068592058,0.011913357400722021,11.656441717791411,0.5599132967099042,1.0000000000001563,2.892719705486028,0.5917322470199422,59.933013,77.851667,97.43785,1656,335,524,60.0,120.0
494,2024-04-16 03:24:29.157711,can_tapper14,"rgb(153,153,153)",500.0,445.0,503.0,11.0,90.0,93.75,4.377904167956349,1500,12.2,0.0,279.0,279.0,1.453168,-36.609756097560975,18.0,2.052976,0.008960573476702509,0.019713261648745522,0.01003584229390681,12.068965517241379,1.3809936403256768,0.7400000000001157,3.678623825607137,0.8037776464332834,59.977495,119.819719,4914.452703,2158,386,654,60.0,120.0
495,2024-04-16 06:48:45.137890,can_tapper14,"rgb(228,26,28)",504.0,471.0,508.0,6.547619047619048,95.0,100.0,11.070951680698121,643,10.65,20.0,485.0,465.0,0.515524,-10.397435897435898,13.0,2.01218,0.0017204301075268817,0.0070967741935483875,0.0025806451612903226,3.1578947368421053,1.001806956102918,1.0000000000001563,4.268735753821927,0.871943352197648,15.870076,119.99718,12255.980179,1631,350,471,60.0,120.0
496,2024-04-16 08:17:14.271469,can_tapper14,"rgb(55,126,184)",497.0,448.0,500.0,9.859154929577464,81.00000000000004,90.0,1.9026675122959655,1500,9.975,0.0,499.0,499.0,0.444262,-39.467948717948715,21.0,2.545875,0.003807615230460922,0.009819639278557113,0.004408817635270541,9.54356846473029,1.9108076472291167,1.0000000000001563,2.892719705486028,0.6737614259032156,59.933025,119.988974,5309.133579,2159,428,721,60.0,120.0
497,2024-04-16 11:28:20.952037,can_tapper14,"rgb(77,175,74)",488.0,450.0,488.0,7.786885245901639,60.0,60.29761904761905,0.7863114605824904,1500,10.815000000000001,0.0,201.0,201.0,1.04402,-114.5326797385621,105.0,2.146219,0.009950248756218905,0.01890547263681592,0.009950248756218905,6.783369803063457,0.7858200462254201,0.5200000000000813,5.275382050040925,0.7570459520449723,59.930531,119.982649,11466.680568,2159,388,612,60.0,120.0
498,2024-04-16 14:08:59.402900,can_tapper14,"rgb(152,78,163)",480.0,445.0,481.0,7.291666666666667,46.339285714285694,47.90178571428569,0.17058674248300182,1500,13.725,28.0,456.0,428.0,0.490593,-129.87,29.0,2.490223,0.004205607476635513,0.008177570093457943,0.004205607476635513,6.638115631691649,1.364205521100081,0.5000000000000782,7.565235559061503,0.9146270796643023,59.976181,119.911474,9638.450863,2159,349,528,60.0,120.0
499,2024-04-16 18:14:24.575001,can_tapper14,"rgb(255,127,0)",488.0,459.0,489.0,5.942622950819672,60.29761904761905,62.08333333333334,6.795416353517059,1500,18.875,28.5,439.0,410.5,0.80371,-145.55519480519482,27.0,2.200567,0.005602923264311816,0.007064555420219246,0.00584652862362972,5.806451612903226,0.48413497446284864,0.04000000000000625,10.849032074111987,0.9179137491244226,59.949162,119.93755,14725.172101,2159,414,780,60.0,120.0
500,2024-04-16 21:44:42.639266,can_tapper14,"rgb(255,255,51)",484.0,447.0,484.0,7.644628099173553,52.857142857142826,52.857142857142826,1.505698446976981,1500,17.0,29.0,334.0,305.0,0.506909,-139.93890675241158,29.0,2.009609,0.007868852459016393,0.012131147540983607,0.007868852459016393,7.826086956521739,1.2851423701124196,0.5000000000000782,7.565235559061503,0.9535899163397236,59.969144,119.883097,12618.064265,2158,388,528,60.0,120.0
501,2024-04-16 23:44:03.123368,can_tapper14,"rgb(166,86,40)",496.0,465.0,496.0,6.25,78.00000000000004,78.58333333333337,0.03576001589345096,1500,21.125,22.0,240.0,218.0,0.984111,-135.6338028169014,92.0,2.0854,0.012844036697247707,0.014220183486238533,0.012844036697247707,8.333333333333334,0.5371823689904154,0.5000000000000782,11.541685475740081,0.883372952537145,59.94455,119.9604,7160.484102,2159,381,761,60.0,120.0
502,2024-04-17 07:22:28.884557,can_tapper14,"rgb(247,129,191)",508.0,477.0,,6.102362204724409,100.0,,,0,15.775,17.0,263.0,246.0,1.147994,-18.97463768115942,22.0,2.137986,0.010975609756097562,0.012601626016260163,,5.691056910569106,0.7438954534572042,0.5200000000000813,4.178334463910163,0.8317683022484014,1.623816,119.992483,27505.761189,1461,281,486,60.0,120.0
503,2024-04-17 10:05:29.772813,can_tapper14,"rgb(153,153,153)",497.0,457.0,500.0,8.048289738430583,81.00000000000004,90.0,0.8402225956543502,1500,15.36904761904762,18.0,303.0,285.0,1.030426,-72.05607476635514,23.0,2.026322,0.010877192982456142,0.014035087719298246,0.011929824561403509,6.209850107066381,0.9677670058398464,0.5000000000000782,12.234338877368176,0.5893862014673072,59.9323,119.962012,9780.888256,2159,412,686,60.0,120.0
504,2024-04-17 11:42:55.787490,can_tapper14,"rgb(228,26,28)",505.0,465.0,505.0,7.920792079207921,96.25,96.25,4.148552954911866,1500,16.64,0.0,267.0,267.0,1.57467,-46.50344827586207,139.0,2.073652,0.010112359550561799,0.014981273408239699,0.010112359550561799,5.454545454545454,0.8501492339061814,0.5000000000000782,2.27471676670449,0.7698917837387906,59.906773,119.988999,5846.014677,2159,406,594,60.0,120.0
505,2024-04-17 13:58:52.384735,can_tapper14,"rgb(55,126,184)",496.0,456.0,499.0,8.064516129032258,78.00000000000004,87.00000000000001,2.700561200248983,1500,15.65,17.0,270.0,253.0,1.199123,-79.68810289389067,21.0,2.198602,0.009881422924901186,0.015810276679841896,0.011067193675889327,5.217391304347826,0.8475845367579793,0.5000000000000782,2.0171482422437275,0.40547169892120205,59.81803,119.849201,8156.597245,2157,391,777,60.0,120.0
506,2024-04-17 17:37:21.006128,can_tapper14,"rgb(77,175,74)",493.0,447.0,496.0,9.330628803245435,70.75000000000004,78.00000000000004,3.550561578026665,1500,18.458333333333332,0.0,497.0,497.0,0.49485,-92.12040133779264,18.0,2.09378,0.003420523138832998,0.009255533199195172,0.004024144869215291,10.822510822510823,1.4999080295144211,0.5000000000000782,1.5862030873085784,0.4032279318390839,59.874471,119.800787,13108.621393,2157,384,658,60.0,120.0
507,2024-04-17 19:33:22.455583,can_tapper14,"rgb(152,78,163)",503.0,465.0,504.0,7.5546719681908545,93.75,95.0,3.9511839783029905,1500,19.59166666666667,15.0,308.0,293.0,1.25067,-64.67218543046357,20.0,2.346793,0.010580204778156996,0.012969283276450513,0.010921501706484642,6.553911205073995,0.8712875867568576,1.0000000000001563,2.565174071178317,0.4991935971792212,59.992906,119.953379,6961.449455,2160,399,656,60.0,120.0
508,2024-04-18 06:30:34.332213,can_tapper14,"rgb(255,127,0)",500.0,457.0,501.0,8.6,90.0,91.25,4.758002114666704,1500,13.575,14.0,492.0,478.0,0.433213,-40.53503184713376,17.0,2.032489,0.0041841004184100415,0.008995815899581589,0.004393305439330544,4.139433551198257,1.3495780407637201,1.0000000000001563,3.470356641605033,0.8081632218015228,59.973441,119.956356,39431.87663,2160,454,608,60.0,120.0
509,2024-04-18 10:01:23.975417,can_tapper14,"rgb(255,255,51)",493.0,448.0,496.0,9.127789046653144,70.75000000000004,78.00000000000004,0.7800892355950384,1500,14.459999999999999,0.0,300.0,300.0,1.08043,-76.37728937728937,21.0,2.083024,0.011000000000000001,0.015000000000000001,0.012,7.826086956521739,1.13326471861648,0.7600000000001188,1.801675664776153,0.4136158300400049,59.968214,119.956758,12649.643204,2160,383,721,60.0,120.0
510,2024-04-18 12:01:16.766429,can_tapper14,"rgb(166,86,40)",504.0,467.0,508.0,7.341269841269842,95.0,100.0,5.839958151091711,1500,16.65833333333333,0.0,269.0,269.0,1.470503,-46.38620689655173,10.0,2.068722,0.009665427509293681,0.0137546468401487,0.011152416356877323,4.4534412955465585,0.8758449597503041,0.5000000000000782,6.708616137836345,0.6154581380776651,59.966377,119.894172,7192.791012,2159,320,461,60.0,120.0
511,2024-04-18 15:01:22.278212,can_tapper14,"rgb(247,129,191)",493.0,441.0,493.0,10.547667342799189,70.75000000000004,70.75000000000004,2.7334856593265577,1500,15.6,0.0,372.0,372.0,1.096068,-76.06451612903226,51.0,2.098941,0.00913978494623656,0.013978494623655913,0.00913978494623656,9.977827050997783,1.2469068651617206,1.260000000000197,2.0171482422437275,0.3714785369940655,59.950883,119.923565,10805.511783,2159,424,613,60.0,120.0
512,2024-04-19 05:51:37.431150,can_tapper14,"rgb(153,153,153)",499.0,450.0,500.0,9.819639278557114,87.00000000000001,90.0,0.3056979136436983,1500,12.5175,16.5,280.0,263.5,1.157921,-32.19512195121951,89.0,2.749946,0.01252371916508539,0.018595825426944972,0.012903225806451613,11.85031185031185,0.690337236174272,1.0200000000001594,3.9134845291898115,0.7871570735251374,59.988774,119.863818,53415.152938,2159,403,697,60.0,120.0
513,2024-04-19 06:09:51.353546,can_tapper14,"rgb(228,26,28)",508.0,467.0,512.0,8.070866141732283,98.75,100.0,3.432001525333183,1500,12.59,0.0,289.0,289.0,1.225903,-20.034375,135.0,2.226601,0.010380622837370242,0.014186851211072663,0.011764705882352943,6.49895178197065,0.9267115604982852,1.0000000000001563,2.0171482422437275,0.19695556752934973,59.990447,119.85905,1093.922396,2158,361,426,60.0,120.0
514,2024-04-19 06:22:27.638093,can_tapper14,"rgb(55,126,184)",503.0,459.0,504.0,8.747514910536779,93.75,95.0,4.778117679162038,1500,12.583333333333332,15.0,303.0,288.0,0.527275,-27.43046357615894,142.0,2.029541,0.004166666666666667,0.015277777777777776,0.0045138888888888885,7.128309572301426,1.7302636372946483,1.0000000000001563,2.9136317643906224,0.7826216254656231,59.929348,119.988649,756.284547,2159,371,654,60.0,120.0
515,2024-04-19 08:33:22.098645,can_tapper14,"rgb(77,175,74)",508.0,473.0,508.0,6.889763779527559,100.0,100.0,7.939047890287502e-11,3,13.65,0.0,500.0,500.0,0.537726,-7.021148036253776,122.0,2.046873,0.0022,0.007000000000000001,0.0022,2.7253668763102725,0.9863723651323915,1.0000000000001563,5.048668924761694,0.5606585826586572,3.082299,119.97115,7854.460552,1477,340,665,60.0,120.0
516,2024-04-19 13:28:09.212553,can_tapper14,"rgb(152,78,163)",500.0,459.0,496.0,8.200000000000001,90.0,78.00000000000004,3.7654061179577027,1500,13.125,0.0,481.0,481.0,0.7078,-34.324817518248175,275.0,2.705845,0.006860706860706861,0.008523908523908524,0.0060291060291060294,7.756813417190775,0.6248601122121991,0.5000000000000782,1.5862030873085784,0.11781467238683452,59.978055,119.855055,17687.113908,2158,410,602,60.0,120.0
517,2024-04-19 13:29:10.258148,can_tapper14,"rgb(255,127,0)",508.0,460.0,519.0,9.448818897637794,98.75,100.0,70.31540902905962,1500,13.158333333333335,0.0,275.0,275.0,1.203275,-32.455555555555556,316.0,2.207951,0.012363636363636363,0.017454545454545455,0.01636363636363636,7.818930041152264,0.9538836549576082,1.0000000000001563,1.5862030873085784,0.1556197425410022,59.995646,119.835798,61.045595,2158,409,641,60.0,120.0
518,2024-04-19 13:30:53.440909,can_tapper14,"rgb(255,255,51)",521.0,465.0,535.0,10.748560460652591,100.0,100.0,54.74877099944545,1500,13.033333333333335,12.0,316.0,304.0,1.098487,34.134078212290504,490.0,2.588459,0.013157894736842105,0.018421052631578946,0.017763157894736842,9.8989898989899,1.2110671133012079,1.0000000000001563,36.08162758099249,0.5038482285598966,59.953482,119.965341,103.182761,2160,310,395,60.0,120.0
519,2024-04-19 16:18:00.591514,can_tapper14,"rgb(166,86,40)",493.0,451.0,496.0,8.519269776876268,70.75000000000004,78.58333333333337,4.032001792000036,1500,12.7975,13.0,351.0,338.0,1.0998,-46.059701492537314,18.0,2.69612,0.009763313609467455,0.01242603550295858,0.010650887573964499,7.359307359307359,1.0422051705832294,1.0000000000001563,28.37311996486042,0.29176019603233627,59.857949,119.972274,10027.150605,2159,174,127,60.0,120.0
520,2024-04-21 05:55:09.698046,can_tapper14,"rgb(247,129,191)",504.0,476.0,504.0,5.555555555555555,95.0,95.0,8.879629877632941e-13,22,5.741666666666666,22.0,258.0,236.0,0.413251,-9.523364485981308,23.0,2.011325,0.001271186440677966,0.011864406779661016,0.001271186440677966,5.4989816700611,0.9216869718504497,0.5000000000000782,2.892719705486028,0.6145330036636061,3.454625,119.919194,135429.106532,1482,331,523,60.0,120.0
521,2024-04-21 11:53:12.197764,can_tapper14,"rgb(153,153,153)",485.0,434.0,488.0,10.515463917525773,54.642857142857125,60.29761904761905,0.36636460727288583,1500,11.5,19.0,299.0,280.0,1.024086,-93.69180327868852,25.0,2.211176,0.01607142857142857,0.018214285714285714,0.017142857142857144,6.363636363636363,0.8651505204601788,0.5000000000000782,19.78511397269046,0.3497990870150389,59.957441,119.91991,21482.499718,2158,392,504,60.0,120.0
522,2024-04-21 14:01:02.580512,can_tapper14,"rgb(228,26,28)",488.0,446.0,489.0,8.60655737704918,60.0,62.08333333333334,0.5443202419198698,1500,13.7,0.0,467.0,467.0,0.462267,-85.86348122866895,138.0,6.673356,0.0025695931477516063,0.008993576017130621,0.00278372591006424,7.563025210084033,1.7648628055808602,1.0000000000001563,1.6874737773196231,0.546998184206525,59.980125,119.990873,7670.382748,2160,344,656,60.0,120.0
523,2024-04-21 17:13:44.539317,can_tapper14,"rgb(55,126,184)",496.0,455.0,497.0,8.266129032258064,78.58333333333337,81.00000000000004,8.843540243896139e-14,1500,17.025,19.5,269.0,249.5,1.212545,-76.12891986062718,127.0,2.30772,0.010420841683366733,0.016432865731462926,0.010821643286573146,6.722689075630252,0.8693986522902231,0.5000000000000782,1.406595676542853,0.2789449624288697,59.955551,119.97685,11561.958805,2159,377,532,60.0,120.0
524,2024-04-21 20:08:00.610721,can_tapper14,"rgb(77,175,74)",493.0,443.0,495.0,10.141987829614605,70.75000000000004,75.58333333333339,2.020080897813304,1500,17.15,17.0,274.0,257.0,1.429103,-75.11072664359861,27.0,2.026385,0.009727626459143969,0.01945525291828794,0.010505836575875485,8.333333333333334,0.9084872143590257,1.0000000000001563,1.5862030873085784,0.36568225949210476,59.824334,119.843606,10456.071404,2157,363,729,60.0,120.0
525,2024-04-21 22:45:26.010708,can_tapper14,"rgb(152,78,163)",500.0,462.0,503.0,7.6,88.25000000000001,93.75,0.3663646072730185,1500,18.125,0.0,267.0,267.0,1.252607,-70.3967213114754,57.0,2.445007,0.011235955056179775,0.014232209737827715,0.012359550561797753,10.973084886128364,0.6980244454758673,0.7600000000001188,22.311464047271706,0.5507376121178769,59.964092,119.993652,9445.399987,2160,385,538,60.0,120.0
526,2024-04-22 06:22:31.523000,can_tapper14,"rgb(255,127,0)",505.0,475.0,508.0,5.9405940594059405,96.25,100.0,4.5466395799462145,212,14.3,0.0,370.0,370.0,0.822922,-5.4375,15.0,2.324026,0.005405405405405405,0.008108108108108109,0.006216216216216217,3.7656903765690375,0.5895383838145699,0.5000000000000782,3.678623825607137,0.6225723843957995,7.257258,119.810891,27425.512292,1527,305,405,60.0,120.0
527,2024-04-22 09:35:49.893496,can_tapper14,"rgb(255,255,51)",493.0,451.0,496.0,8.519269776876268,70.75000000000004,78.00000000000004,0.6070313809025394,1500,13.0375,19.5,350.0,330.5,1.14045,-70.70945945945945,26.0,2.24744,0.009379727685325264,0.01270801815431165,0.010287443267776097,7.43801652892562,0.7705382888202059,1.0000000000001563,13.89627268181641,0.5358841193516313,59.83835,119.856751,11598.370496,2157,382,573,60.0,120.0
528,2024-04-22 11:33:44.135780,can_tapper14,"rgb(166,86,40)",491.0,452.0,493.0,7.942973523421588,66.25000000000003,70.75000000000004,0.7273336565923078,1500,14.430000000000001,18.0,272.0,254.0,1.359909,-71.50662251655629,59.0,2.058176,0.012598425196850395,0.015354330708661417,0.013385826771653543,5.833333333333333,0.7166478507343038,0.5000000000000782,16.791135390684662,0.2867037595429106,59.921557,119.974163,7074.242284,2158,362,458,60.0,120.0
529,2024-04-22 13:50:42.970136,can_tapper14,"rgb(247,129,191)",491.0,439.0,492.0,10.590631364562118,66.25000000000003,68.33333333333339,1.7631741169658357,1500,16.0,0.0,487.0,487.0,1.126294,-74.20064724919094,152.0,2.033098,0.006776180698151951,0.010677618069815197,0.006981519507186859,13.92931392931393,1.6656285716100176,1.0000000000001563,1.406595676542853,0.3768173861641497,59.903618,119.981097,8218.834356,2160,397,754,60.0,120.0
530,2024-04-22 15:58:49.982361,can_tapper14,"rgb(153,153,153)",492.0,458.0,493.0,6.910569105691057,68.33333333333339,70.75000000000004,0.5572091365370729,1500,17.293333333333333,0.0,274.0,274.0,1.54264,-73.57303370786516,146.0,2.041093,0.010218978102189781,0.012408759124087593,0.010583941605839416,4.801670146137787,0.8796782775081299,0.7600000000001188,1.406595676542853,0.2692973799565137,59.992302,119.880892,7687.012225,2159,337,592,60.0,120.0
531,2024-04-22 17:15:40.311416,can_tapper14,"rgb(228,26,28)",504.0,469.0,507.0,6.944444444444445,95.0,98.75,0.5580358035708182,1500,18.85,18.0,499.0,481.0,0.939305,-50.03886925795053,19.0,2.034117,0.0060291060291060294,0.007276507276507277,0.006652806652806653,3.361344537815126,0.8280417056372074,0.5000000000000782,5.693330620024767,0.6548910388464404,59.874251,119.992774,4610.329055,2158,353,572,60.0,120.0
532,2024-04-23 07:54:43.673976,can_tapper14,"rgb(55,126,184)",492.0,457.0,493.0,7.113821138211382,68.33333333333339,70.75000000000004,0.9137781839010775,1500,12.583333333333332,0.0,461.0,461.0,0.419432,-74.22356495468279,29.0,2.020581,0.0019522776572668114,0.007592190889370933,0.0021691973969631237,2.355460385438972,0.7208922151591022,0.7600000000001188,15.670679924279941,0.49249554773824267,59.951542,119.901182,52743.36256,2158,409,530,60.0,120.0
533,2024-04-23 10:21:58.597405,can_tapper14,"rgb(77,175,74)",505.0,462.0,508.0,8.514851485148515,96.25,100.0,0.2890312395689283,1500,14.7,13.5,275.0,261.5,1.226969,-37.905660377358494,16.0,2.324744,0.013384321223709368,0.01644359464627151,0.014531548757170172,11.570247933884298,0.9067362230658067,0.7400000000001157,2.6396188499233277,0.6601272974529178,59.882112,119.933594,8834.923429,2158,428,634,60.0,120.0
534,2024-04-23 12:45:13.866392,can_tapper14,"rgb(152,78,163)",493.0,447.0,496.0,9.330628803245435,70.75000000000004,78.00000000000004,0.10609782493210325,1500,15.815000000000001,20.0,387.0,367.0,1.078899,-75.47826086956522,53.0,2.07957,0.008446866485013626,0.012534059945504088,0.009264305177111718,8.296943231441048,1.2332875945033088,1.0000000000001563,2.0171482422437275,0.44688857674189564,59.927646,119.898649,8595.268987,2158,386,532,60.0,120.0
535,2024-04-23 15:24:41.633960,can_tapper14,"rgb(255,127,0)",504.0,460.0,508.0,8.73015873015873,95.0,100.0,0.44305797469177055,1500,17.133333333333333,0.0,272.0,272.0,1.240093,-40.7015873015873,16.0,2.238916,0.01213235294117647,0.016176470588235296,0.013602941176470588,5.2631578947368425,0.7923791839393286,0.5000000000000782,4.178334463910163,0.8397027365299746,59.874629,119.990676,9567.767568,2159,457,812,60.0,120.0
536,2024-04-23 16:46:00.217997,can_tapper14,"rgb(255,255,51)",500.0,445.0,504.0,11.0,88.25000000000001,95.0,6.081656036290474,1500,17.008333333333333,0.0,338.0,338.0,1.050053,-46.036437246963565,75.0,2.057565,0.008875739644970414,0.016272189349112426,0.010059171597633136,13.333333333333334,0.9875064993490585,1.0000000000001563,1.7887444673306678,0.19918488273625734,59.990399,119.995812,4878.584037,2160,352,360,60.0,120.0
537,2024-04-23 17:08:14.276691,can_tapper14,"rgb(166,86,40)",501.0,463.0,504.0,7.584830339321358,91.25,95.0,0.34065792918091464,1500,17.2625,13.0,268.0,255.0,1.267971,-46.94426229508197,15.0,2.264932,0.011764705882352943,0.014901960784313726,0.012941176470588234,2.6476578411405294,0.7173569095673866,0.7400000000001157,2.9136317643906224,0.6205653006739006,59.986979,119.946613,1334.058694,2159,365,679,60.0,120.0
538,2024-04-23 18:11:18.700402,can_tapper14,"rgb(247,129,191)",500.0,459.0,501.0,8.200000000000001,90.0,91.25,0.3663646072730185,1500,17.0,15.5,327.0,311.5,1.22849,-57.0796178343949,130.0,2.232614,0.010593900481540932,0.01316211878009631,0.010914927768860355,6.382978723404255,0.8451353262521522,1.5000000000002345,3.121898948392727,0.6119374865159293,59.980529,119.8684,3784.423711,2159,353,590,60.0,120.0
539,2024-04-24 08:36:55.238889,can_tapper14,"rgb(153,153,153)",496.0,446.0,495.0,10.080645161290322,78.00000000000004,75.58333333333339,2.9694324308585887,1500,10.333333333333334,16.0,300.0,284.0,1.009212,-26.672597864768683,348.0,2.111119,0.01408450704225352,0.017605633802816902,0.013732394366197182,7.758620689655173,0.8415699129984009,0.7400000000001157,2.27471676670449,0.1595817709581836,59.954548,119.906894,51936.538487,2159,399,553,60.0,120.0
540,2024-04-24 08:38:00.888431,can_tapper14,"rgb(228,26,28)",508.0,458.0,517.0,9.84251968503937,98.75,100.0,62.492738885651974,1500,10.379999999999999,13.0,348.0,335.0,1.286101,-27.44890510948905,283.0,2.279038,0.011044776119402985,0.01492537313432836,0.013731343283582088,7.563025210084033,0.5859860446818266,1.5200000000002376,1.5862030873085784,0.16429277538023868,59.89075,119.960067,65.649542,2158,414,639,60.0,120.0
541,2024-04-24 08:39:40.336182,can_tapper14,"rgb(55,126,184)",518.0,472.0,529.0,8.880308880308881,100.0,100.0,57.57012336449032,1500,10.425,0.0,283.0,283.0,1.177953,21.594594594594593,499.0,2.274625,0.01519434628975265,0.01625441696113074,0.019081272084805652,7.6604554865424435,1.0386198309471222,1.0000000000001563,40.68887031186959,0.49250980321833393,59.9683,119.854849,99.447751,2159,378,469,60.0,120.0
542,2024-04-24 11:09:02.220863,can_tapper14,"rgb(77,175,74)",499.0,463.0,500.0,7.214428857715431,87.00000000000001,90.0,23.07195770866473,298,10.125,0.0,177.0,177.0,1.004999,-32.28135593220339,10.0,2.11755,0.013559322033898305,0.020338983050847456,0.014124293785310734,5.684210526315789,0.2811314407400359,0.26000000000004064,3.2620894576029285,0.7516222475747029,8.973674,119.886225,8961.884681,1548,315,548,60.0,120.0
543,2024-04-24 16:04:08.689949,can_tapper14,"rgb(152,78,163)",504.0,472.0,505.0,6.349206349206349,95.0,96.25,1.7404660294646335e-12,72,11.625,0.0,449.0,449.0,0.436638,-14.4540059347181,18.0,2.426746,0.004899777282850779,0.0071269487750556795,0.005122494432071269,4.564315352697095,1.1856445645157163,0.5000000000000782,3.970067279908059,0.8453317952363312,4.450153,119.907468,17706.469086,1494,351,468,60.0,120.0
544,2024-04-24 16:40:01.196042,can_tapper14,"rgb(255,127,0)",495.5,450.0,497.0,9.182643794147326,76.75000000000003,81.00000000000004,1.9101697378525988,1500,11.941666666666666,21.0,291.0,270.0,1.208468,-34.60752688172043,66.0,2.313887,0.011666666666666665,0.016851851851851854,0.012222222222222221,7.7894736842105265,0.8677074424985504,1.0000000000001563,1.7887444673306678,0.6308973064795937,59.957113,119.878786,2152.506093,2158,596,576,60.0,120.0
545,2024-04-24 18:40:39.765324,can_tapper14,"rgb(255,255,51)",503.0,470.0,,6.560636182902585,93.75,,,0,12.0,18.0,185.0,167.0,1.117512,-14.137614678899082,25.0,2.114656,0.01317365269461078,0.01976047904191617,,4.602510460251046,0.6994545267851049,0.5000000000000782,3.970067279908059,0.8107021336616721,0.79357,119.820976,7238.569282,1449,331,434,60.0,120.0
546,2024-04-24 18:57:59.137901,can_tapper14,"rgb(166,86,40)",492.0,449.0,493.0,8.739837398373984,68.33333333333339,70.75000000000004,0.7596003375999386,1500,12.040000000000001,28.5,394.0,365.5,1.109194,-41.97872340425532,56.0,2.108534,0.009028727770177838,0.011764705882352941,0.009302325581395349,6.956521739130435,1.0471394318081528,1.0000000000001563,2.27471676670449,0.7154216162009011,59.945999,119.9077,1039.372577,2158,592,491,60.0,120.0
547,2024-04-25 16:14:13.090189,can_tapper14,"rgb(247,129,191)",492.0,455.0,493.0,7.520325203252034,68.33333333333339,70.75000000000004,4.892446618864433,1500,10.475,0.0,467.0,467.0,0.443057,-17.627009646302252,22.0,2.036947,0.003211991434689508,0.007922912205567451,0.0034261241970021416,6.860706860706861,1.17596322826218,0.5000000000000782,4.178334463910163,0.8255389346657062,48.108167,119.954931,76573.952288,2019,375,551,60.0,120.0
548,2024-04-27 07:08:21.560265,can_tapper14,"rgb(153,153,153)",501.0,481.0,505.0,3.992015968063872,91.25,96.25,3.9094855152415806,1453,13.776666666666666,17.0,248.0,231.0,0.99303,-16.556338028169016,12.0,2.08852,0.005627705627705628,0.008658008658008658,0.007359307359307361,2.6156941649899395,0.6200500772949656,0.020000000000003126,5.275382050040925,0.46551248974103043,32.073833,120.000056,140048.470076,1826,329,506,60.0,120.0
549,2024-04-27 08:02:04.108438,can_tapper14,"rgb(228,26,28)",500.0,448.0,503.0,10.4,90.0,93.75,0.30196457865084086,1500,13.51666666666667,15.0,500.0,485.0,0.81802,-29.744318181818183,135.0,2.015288,0.008247422680412371,0.010721649484536083,0.008865979381443298,9.917355371900827,1.8774567703639482,1.2400000000001938,119.99999999999996,0.3628910222594459,59.945954,119.92482,3222.548173,2159,217,404,60.0,120.0
550,2024-04-27 08:25:06.530281,can_tapper14,"rgb(55,126,184)",499.0,499.0,501.0,0.0,87.00000000000001,91.25,0.28903123956924215,1500,13.416666666666668,16.0,15.0,1.0,1.309249,-26.55956678700361,433.0,2.309026,,,0.2,0.6012024048096193,0.30060120240480964,0.020000000000003126,8.048235895709572,0.3760008115774779,59.959681,119.988224,1382.421843,2160,409,388,60.0,120.0
551,2024-04-27 08:25:12.631857,can_tapper14,"rgb(77,175,74)",497.0,442.0,501.0,11.066398390342053,81.00000000000004,91.25,3.409521515342187,1500,13.441666666666666,0.0,433.0,433.0,0.817429,-31.665441176470587,65.0,2.019922,0.006697459584295612,0.012702078521939955,0.007621247113163972,10.91703056768559,1.7647265785869601,1.0000000000001563,2.565174071178317,0.25786118750586273,59.945153,119.97791,6.101576,2160,399,394,60.0,120.0
552,2024-04-27 08:31:47.281883,can_tapper14,"rgb(152,78,163)",500.0,452.0,504.0,9.6,88.25000000000001,95.0,2.2262232116541445,1500,13.48,14.0,494.0,480.0,0.480244,-31.627906976744185,127.0,2.078613,0.005833333333333334,0.01,0.0062499999999999995,9.465020576131687,1.543267883853507,1.5000000000002345,2.565174071178317,0.8219756589787133,59.983379,119.972194,394.650026,2160,399,413,60.0,120.0
553,2024-04-27 08:41:33.702777,can_tapper14,"rgb(255,127,0)",511.0,479.0,512.0,6.262230919765166,100.0,100.0,7.94681166677931,822,13.441666666666666,13.0,235.0,222.0,1.014099,-18.364583333333332,34.0,2.11213,0.01216216216216216,0.014414414414414415,0.012612612612612612,1.6129032258064515,0.4375364432452079,0.7600000000001188,2.7289468883321724,0.18243146600070137,19.455921,87.596979,586.420894,1287,229,281,60.0,120.0
554,2024-05-09 08:38:13.492538,can_tapper14,"rgb(255,255,51)",492.0,454.0,496.0,7.723577235772358,68.6666666666667,78.00000000000004,11.65942209525098,579,,0.0,256.0,256.0,0.920913,-17.848056537102472,14.0,2.021326,0.010546875,0.014843750000000001,0.012109375000000002,7.758620689655173,0.7934682890269943,0.5000000000000782,3.970067279908059,0.7835958305060875,14.59201,119.989581,1036599.789761,1617,295,456,60.0,120.0
555,2024-05-09 10:17:36.690284,can_tapper14,"rgb(166,86,40)",486.0,453.0,501.0,6.790123456790123,56.428571428571416,91.25,69.06283095368943,298,12.908333333333335,0.0,279.0,279.0,1.008741,-21.373333333333335,26.0,2.111913,0.007526881720430107,0.011827956989247313,0.012903225806451613,4.602510460251046,0.4710934727716404,0.26000000000004064,5.193619981721741,0.8238375005663836,8.970824,119.890861,5963.197746,1548,332,441,60.0,120.0
556,2024-05-09 12:06:01.239589,can_tapper14,"rgb(247,129,191)",491.0,430.0,493.0,12.423625254582484,66.25000000000003,70.75000000000004,0.27608012270190785,1500,14.675,0.0,279.0,279.0,1.374327,-39.24475524475525,15.0,2.971906,0.012186379928315413,0.021863799283154125,0.012903225806451613,10.583153347732182,1.369027601787267,1.5200000000002376,2.4199454189414036,0.7825876327412733,59.992347,119.943337,6504.549305,2159,414,592,60.0,120.0
557,2024-05-09 14:54:00.221296,can_tapper14,"rgb(153,153,153)",493.0,439.0,496.0,10.953346855983773,70.75000000000004,78.58333333333337,0.26311122804977244,1500,18.155,11.0,486.0,475.0,0.984457,-44.247491638795985,14.0,2.392161,0.006105263157894737,0.01136842105263158,0.006736842105263157,13.238289205702648,1.8885827674060018,1.2400000000001938,2.0171482422437275,0.6058096983683547,59.922417,119.915596,10078.981707,2158,382,493,60.0,120.0
558,2024-05-09 16:21:17.882737,can_tapper14,"rgb(228,26,28)",492.0,442.0,495.0,10.16260162601626,68.6666666666667,75.58333333333339,1.011120449386664,1500,19.255000000000003,11.0,375.0,364.0,1.15635,-50.640378548895896,75.0,2.153369,0.008791208791208791,0.013736263736263738,0.009615384615384616,9.129511677282379,1.1405436955413166,1.0000000000001563,2.4199454189414036,0.6914577290322441,59.905581,119.984425,5237.661441,2159,338,669,60.0,120.0
559,2024-05-10 07:07:57.072194,can_tapper14,"rgb(55,126,184)",491.0,446.0,493.0,9.164969450101832,66.25000000000003,70.75000000000004,0.7971470209543289,1500,14.540000000000001,0.0,286.0,286.0,1.277599,-56.073170731707314,18.0,2.368644,0.011188811188811187,0.015734265734265736,0.011888111888111888,8.085106382978724,1.0283285672039109,1.0000000000001563,3.7052173451877075,0.8071085638471035,59.972206,119.901726,53199.189457,2158,396,621,60.0,120.0
560,2024-05-10 09:43:15.517777,can_tapper14,"rgb(77,175,74)",504.0,459.0,505.0,8.928571428571429,95.0,96.25,0.32244458775294055,1500,16.596666666666668,0.0,372.0,372.0,0.973631,-31.565371024734983,87.0,2.07628,0.01021505376344086,0.012096774193548387,0.010483870967741936,7.23404255319149,0.8984192927328449,1.0000000000001563,3.356759651975402,0.7935454753821238,59.969192,119.93226,9318.445583,2159,337,649,60.0,120.0
561,2024-05-10 12:56:51.475638,can_tapper14,"rgb(152,78,163)",504.0,456.0,508.0,9.523809523809524,95.0,100.0,2.2360454382418538,1500,18.910714285714285,0.0,323.0,323.0,1.248806,-26.30976430976431,128.0,2.251975,0.011764705882352943,0.014860681114551083,0.0130030959752322,7.8838174273858925,1.0661427234375385,1.0000000000001563,2.583718236095259,0.7845238817720802,59.971476,119.980975,11615.957861,2159,419,584,60.0,120.0
562,2024-05-10 13:40:34.832771,can_tapper14,"rgb(255,127,0)",500.0,455.0,504.0,9.0,88.25000000000001,95.0,0.13306672580762283,1500,19.675,0.0,499.0,499.0,0.646237,-38.70607028753994,29.0,2.144733,0.0070140280561122245,0.009018036072144289,0.007615230460921843,8.15450643776824,1.1231580335636828,1.0000000000001563,4.985352797719637,0.560254303915267,59.896267,119.931358,2623.357133,2158,356,583,60.0,120.0
563,2024-05-11 06:48:26.087931,can_tapper14,"rgb(255,255,51)",501.0,452.0,504.0,9.780439121756487,91.25,95.0,0.3379912613292485,1500,17.8,0.0,311.0,311.0,1.127508,-34.384892086330936,14.0,2.121903,0.010610932475884243,0.015755627009646302,0.011575562700964631,13.445378151260504,0.9765759736010465,1.0000000000001563,3.7052173451877075,0.8553022631555351,59.915045,119.874354,61671.25516,2158,431,596,60.0,120.0
564,2024-05-11 07:56:16.316468,can_tapper14,"rgb(166,86,40)",501.0,450.0,504.0,10.179640718562874,91.25,95.0,4.460117537828923,1500,17.73333333333333,0.0,492.0,492.0,0.944403,-30.166666666666668,15.0,2.442877,0.008739837398373983,0.010365853658536586,0.00934959349593496,10.103092783505154,1.7809919463999921,1.0000000000001563,2.7289468883321724,0.8543363968376192,59.953921,119.963271,4070.228537,2159,348,567,60.0,120.0
565,2024-05-11 14:05:30.704141,can_tapper14,"rgb(247,129,191)",503.0,460.0,505.0,8.548707753479125,93.75,96.25,0.3148801399462157,1500,17.475,10.5,300.0,289.5,1.244645,-27.534965034965033,12.0,2.346869,0.011744386873920553,0.014853195164075992,0.012435233160621761,7.006369426751593,0.8479219915577492,1.0000000000001563,2.9136317643906224,0.8424920034371892,59.957755,119.861546,22154.387673,2158,422,597,60.0,120.0
566,2024-05-11 14:38:28.659871,can_tapper14,"rgb(153,153,153)",500.0,451.0,504.0,9.8,88.25000000000001,95.0,0.06644447397505555,1500,18.133333333333333,13.0,500.0,487.0,0.65045,-34.87972508591065,14.0,2.148213,0.009034907597535936,0.010061601642710473,0.009856262833675564,11.020408163265307,0.9424659770347323,1.0000000000001563,2.291161156711022,0.7825572691062245,59.997867,119.985657,1977.95573,2160,348,560,60.0,120.0
567,2024-05-11 16:36:33.991144,can_tapper14,"rgb(228,26,28)",505.0,466.0,508.0,7.7227722772277225,96.25,100.0,0.14338673039382221,1500,17.76666666666667,0.0,443.0,443.0,1.011203,-26.945454545454545,13.0,2.012476,0.008352144469525959,0.008803611738148982,0.009029345372460498,4.602510460251046,1.0944530631875071,0.5000000000000782,2.4549339738648777,0.769310817647142,59.954268,119.997881,7085.331273,2159,324,504,60.0,120.0
568,2024-05-11 19:59:36.282554,can_tapper14,"rgb(55,126,184)",500.0,459.0,501.0,8.200000000000001,90.0,91.25,0.7329781035459006,1500,16.925,17.0,286.0,269.0,1.278565,-36.79245283018868,18.0,2.279244,0.011895910780669145,0.015241635687732341,0.012267657992565054,11.666666666666666,0.7966087714426587,1.0000000000001563,2.291161156711022,0.8043201289895848,59.98265,119.910993,12182.29141,2159,338,553,60.0,120.0
569,2024-05-12 06:53:37.311134,can_tapper14,"rgb(77,175,74)",499.0,453.0,500.0,9.218436873747494,87.00000000000001,88.25000000000001,0.32555570024684727,1500,13.621666666666666,0.0,329.0,329.0,1.215266,-33.31923076923077,129.0,2.314317,0.01033434650455927,0.01398176291793313,0.010638297872340424,5.982905982905983,0.4682507849077008,1.260000000000197,3.678623825607137,0.8241746380346439,59.99285,119.802874,39241.02858,2158,427,539,60.0,120.0
570,2024-05-12 07:56:49.524164,can_tapper14,"rgb(152,78,163)",505.0,465.0,508.0,7.920792079207921,96.25,98.75,3.378125945833241,1500,13.85833333333333,14.0,409.0,395.0,0.430573,-26.137931034482758,86.0,2.031541,0.0030379746835443038,0.010126582278481013,0.0037974683544303796,4.554455445544554,1.0424605228270645,1.0000000000001563,2.0171482422437275,0.7722588151299159,59.988183,119.854755,3792.21303,2158,407,662,60.0,120.0
571,2024-05-12 09:14:15.071822,can_tapper14,"rgb(255,127,0)",504.0,451.0,507.0,10.515873015873016,95.0,98.75,1.1757516336667562,1500,14.65,0.0,494.0,494.0,0.415023,-27.845117845117844,78.0,2.020493,0.005870445344129554,0.010728744939271255,0.006477732793522268,9.202453987730062,1.6760902670848619,1.260000000000197,2.27471676670449,0.8127893395050879,59.857995,119.987629,4645.547658,2159,348,518,60.0,120.0
572,2024-05-13 07:17:45.663089,can_tapper14,"rgb(255,255,51)",499.0,434.0,501.0,13.026052104208416,87.00000000000001,91.25,0.2240978773766298,1500,15.4,0.0,385.0,385.0,0.890953,-20.68888888888889,18.0,3.985752,0.007792207792207791,0.016883116883116882,0.008051948051948052,19.82758620689655,1.5896442600779066,1.0000000000001563,4.711863641406706,0.8096940239209358,59.993286,119.856862,79410.591267,2160,426,551,60.0,120.0
573,2024-05-13 07:29:12.325185,can_tapper14,"rgb(166,86,40)",500.0,459.0,505.0,8.200000000000001,90.0,96.25,4.267833007924702,1500,12.05,0.0,473.0,473.0,0.468824,-24.336734693877553,24.0,2.467616,0.002325581395348837,0.008668076109936574,0.003382663847780127,5.930470347648262,1.074503393974748,1.0000000000001563,2.9136317643906224,0.6929415490883448,59.944126,119.935622,686.662096,2159,412,412,60.0,120.0
574,2024-05-18 18:13:09.277886,can_tapper14,"rgb(247,129,191)",493.0,468.0,496.0,5.070993914807302,70.75000000000004,78.58333333333337,3.3392248041801578,264,20.15833333333333,0.0,370.0,370.0,1.02605,-62.03584229390681,93.0,2.024999,0.005945945945945946,0.006756756756756756,0.006756756756756756,2.2587268993839835,0.6787064180765331,0.24000000000003752,4.148345232772487,0.7652822047768383,8.301059,119.783581,470636.952701,1539,303,504,60.0,120.0
575,2024-05-19 05:53:50.403126,can_tapper14,"rgb(153,153,153)",500.0,451.0,503.0,9.8,88.25000000000001,93.75,0.30196457865070164,1500,19.580000000000002,13.5,287.0,273.5,1.259169,-31.158576051779935,61.0,3.952792,0.01316270566727605,0.017915904936014623,0.014259597806215722,10.638297872340425,0.7144083372463733,1.0000000000001563,3.470356641605033,0.844396624501402,59.8761,119.956098,42041.12524,2158,465,439,60.0,120.0
576,2024-05-19 06:45:34.959783,can_tapper14,"rgb(228,26,28)",504.0,454.0,505.0,9.920634920634921,95.0,96.25,0.17021340898350168,1500,19.7,0.0,299.0,299.0,1.257474,-34.068403908794785,15.0,2.25233,0.009364548494983277,0.016722408026755852,0.009698996655518394,8.855291576673865,0.7931024012009247,1.0000000000001563,3.121898948392727,0.650136627782989,59.94028,119.933502,3104.556657,2159,344,510,60.0,120.0
577,2024-05-20 07:41:05.688476,can_tapper14,"rgb(55,126,184)",496.0,452.0,500.0,8.870967741935484,78.00000000000004,90.0,9.397213065426445,1500,19.2,15.0,331.0,316.0,1.048102,-39.734545454545454,18.0,2.148019,0.011075949367088608,0.013924050632911394,0.012341772151898734,2.8077753779697625,0.6649549877821248,1.0000000000001563,8.456191989790682,0.7658348547624695,55.441446,119.926643,89730.728693,2106,372,482,60.0,120.0
578,2024-05-20 07:58:52.240192,can_tapper14,"rgb(77,175,74)",509.0,465.0,516.0,8.644400785854616,100.0,100.0,5.0390955729305285,1500,19.4,21.0,296.0,275.0,1.18205,-23.823343848580443,21.0,2.778686,0.012727272727272728,0.016,0.015272727272727271,9.819639278557114,0.7843295545008386,1.0200000000001594,13.582705054851521,0.42274790879142443,59.977968,119.911727,1066.551716,2159,354,478,60.0,120.0
579,2024-05-20 08:07:42.205412,can_tapper14,"rgb(152,78,163)",508.0,466.0,513.0,8.267716535433072,98.75,100.0,3.564126028499906,1500,19.55,20.0,296.0,276.0,1.234458,-23.618374558303888,22.0,2.326431,0.009782608695652173,0.015217391304347827,0.011594202898550725,7.086614173228346,0.6219831645599998,1.0000000000001563,19.928144584348523,0.38938202861236126,59.967572,119.908507,529.96522,2160,354,583,60.0,120.0
580,2024-05-20 08:15:14.512493,can_tapper14,"rgb(255,127,0)",509.0,464.0,513.0,8.840864440078585,100.0,100.0,4.268019674674784,1500,19.645,0.0,480.0,480.0,0.461918,-16.166666666666668,19.0,2.058647,0.0060416666666666665,0.009375,0.006874999999999999,6.666666666666667,1.9597096314719085,1.0000000000001563,119.99999999999996,0.40352190570773827,59.983299,119.874973,452.307081,2159,382,259,60.0,120.0
581,2024-05-20 08:25:12.298092,can_tapper14,"rgb(255,255,51)",505.0,454.0,508.0,10.099009900990099,96.25,98.75,3.3508814892797174,1500,19.775,0.0,345.0,345.0,0.928541,-30.564625850340136,13.0,2.023894,0.012753623188405798,0.014782608695652174,0.013623188405797102,10.06423982869379,1.6894772699997382,0.7400000000001157,24.07956302115374,0.5745156492711078,59.881308,119.965682,597.785599,2158,389,542,60.0,120.0
582,2024-05-22 06:57:44.976252,can_tapper14,"rgb(166,86,40)",493.0,456.0,496.0,7.505070993914807,70.75000000000004,78.58333333333337,8.90557009119859,687,15.05,0.0,340.0,340.0,1.129301,-40.652830188679246,91.0,2.127545,0.008235294117647058,0.010882352941176471,0.00911764705882353,7.822410147991543,0.5074737373792462,0.5000000000000782,3.9134845291898115,0.7419212398709274,16.990963,119.872984,167552.67816,1642,293,504,60.0,120.0
583,2024-05-22 12:14:43.344653,can_tapper14,"rgb(247,129,191)",492.0,448.0,493.0,8.94308943089431,68.33333333333339,70.75000000000004,3.171180360052771,344,20.95,0.0,448.0,448.0,0.513425,-65.97068403908794,19.0,2.014725,0.006473214285714287,0.009821428571428571,0.006696428571428572,13.606911447084233,1.1582108270035965,0.5000000000000782,6.4203088045512136,0.7397464503300228,9.893571,119.967643,19018.368401,1560,329,485,60.0,120.0
584,2024-05-23 07:44:45.374464,can_tapper14,"rgb(153,153,153)",496.0,462.0,,6.854838709677419,78.00000000000004,,,0,20.5,0.0,279.0,279.0,1.02155,-41.54181818181818,179.0,2.021389,0.01003584229390681,0.012186379928315411,,5.531914893617022,0.6956153196843675,1.0000000000001563,3.9134845291898115,0.7965355787022558,1.894846,119.986837,70202.029811,1464,281,586,60.0,120.0
585,2024-05-23 09:04:07.714617,can_tapper14,"rgb(228,26,28)",504.0,460.0,505.0,8.73015873015873,95.0,96.25,0.17183118748032286,1500,19.775,0.0,357.0,357.0,1.062926,-43.460481099656356,22.0,2.063702,0.009243697478991598,0.012324929971988797,0.009523809523809525,4.564315352697095,0.42012143396009904,1.0000000000001563,2.7289468883321724,0.7537090123534975,59.908831,119.969448,4762.340153,2160,401,700,60.0,120.0
586,2024-05-23 10:04:35.176976,can_tapper14,"rgb(55,126,184)",504.0,457.0,508.0,9.325396825396826,95.0,100.0,0.25012455561067676,1500,20.375,0.0,489.0,489.0,0.425204,-37.13358778625954,13.0,2.422576,0.0042944785276073615,0.009611451942740285,0.0049079754601227,9.01639344262295,1.7303477146706103,1.0000000000001563,14.026561023679342,0.7652645165844632,59.883698,119.955699,3627.462359,2158,339,484,60.0,120.0
587,2024-05-23 11:21:39.871309,can_tapper14,"rgb(77,175,74)",504.0,464.0,505.0,7.936507936507936,95.0,96.25,0.23712010538656567,1500,20.95,13.0,290.0,277.0,1.401344,-42.72623574144487,-23.0,,0.009747292418772563,0.01444043321299639,0.010108303249097473,11.570247933884298,0.5072366664201153,1.0000000000001563,3.9830704294973147,0.7166449474983211,59.997799,119.840931,4624.694333,2158,295,652,60.0,120.0
588,2024-05-23 12:16:25.247601,can_tapper14,"rgb(152,78,163)",501.0,454.0,505.0,9.3812375249501,91.25,96.25,1.0184448970868076,1500,21.55833333333333,9.0,382.0,373.0,1.063189,-41.85042735042735,42.0,2.056621,0.008310991957104559,0.01260053619302949,0.00938337801608579,6.581740976645436,1.0259023139135708,1.0000000000001563,2.145932504474109,0.259697948580089,59.984179,119.989295,3285.376292,2159,339,439,60.0,120.0
589,2024-05-23 12:51:12.653940,can_tapper14,"rgb(255,127,0)",501.0,464.0,504.0,7.385229540918163,91.25,95.0,0.3148801399466415,1500,24.35,0.0,499.0,499.0,0.941544,-51.2007722007722,12.0,2.537699,0.0070140280561122245,0.007414829659318637,0.007615230460921843,4.489795918367347,1.0183636831309695,0.7400000000001157,8.344627216310286,0.5952470520590514,59.902551,119.963517,2087.406339,2159,294,520,60.0,120.0
590,2024-05-24 06:34:11.869253,can_tapper14,"rgb(255,255,51)",500.0,451.0,501.0,9.8,90.0,91.25,0.8406848180819879,1500,20.235,15.0,308.0,293.0,1.064423,-38.43835616438356,15.0,2.263447,0.012969283276450512,0.016723549488054608,0.013310580204778157,6.557377049180328,0.8639983979431968,0.7600000000001188,11.111435111819263,0.7458006539080421,59.918103,119.976896,63779.215313,2159,411,600,60.0,120.0
591,2024-05-24 07:46:00.311503,can_tapper14,"rgb(166,86,40)",502.0,455.0,505.0,9.362549800796813,92.5,96.25,0.48116465829510824,1500,20.10833333333333,0.0,382.0,382.0,1.084641,-31.5,125.0,2.084129,0.010732984293193717,0.012303664921465968,0.011518324607329843,7.0663811563169165,0.9050006206648193,1.0000000000001563,3.121898948392727,0.7241320796468611,59.977569,119.93863,4308.44225,2159,426,778,60.0,120.0
592,2024-05-24 13:27:36.857113,can_tapper14,"rgb(247,129,191)",501.0,478.0,504.0,4.590818363273453,91.25,95.0,14.410390035693052,282,23.03,0.0,328.0,328.0,0.9174,-31.501845018450183,5.0,2.010514,0.0039634146341463415,0.007012195121951219,0.004878048780487805,2.2222222222222223,0.6182915348302408,0.020000000000003126,7.565235559061503,0.5671271012781708,8.654079,119.991241,20496.54561,1545,287,541,60.0,120.0
593,2024-05-24 14:27:13.211649,can_tapper14,"rgb(153,153,153)",497.0,453.0,500.0,8.853118712273641,81.00000000000004,90.0,3.5083748926103415,1500,23.240000000000002,0.0,494.0,494.0,0.809143,-57.24313725490196,19.0,2.400294,0.003846153846153846,0.008906882591093117,0.004453441295546558,7.949790794979079,0.8520647974909181,0.5000000000000782,11.523601715146695,0.7286744765992177,60.000596,119.924749,3576.354536,2159,336,507,60.0,120.0
594,2024-05-25 05:44:26.925164,can_tapper14,"rgb(228,26,28)",501.0,462.0,505.0,7.784431137724551,91.25,96.25,10.12479333423872,605,22.35,0.0,235.0,235.0,0.919878,-15.96774193548387,10.0,2.022293,0.012340425531914893,0.016595744680851062,0.014042553191489362,10.92436974789916,1.1130025504644292,0.5000000000000782,6.903309141199283,0.5122490514368157,15.104885,119.961521,55033.713515,1621,341,553,60.0,120.0
595,2024-05-25 08:39:41.466139,can_tapper14,"rgb(55,126,184)",500.0,455.0,503.0,9.0,90.0,93.75,0.31488013994665304,1500,21.666666666666668,13.0,277.0,264.0,1.210489,-28.43816254416961,15.0,2.212394,0.010606060606060607,0.017045454545454544,0.011742424242424245,6.382978723404255,0.7909149666822496,0.5000000000000782,5.62192969233432,0.7664082434626047,59.927006,119.94008,10514.540975,2159,380,531,60.0,120.0
596,2024-05-25 09:49:56.671317,can_tapper14,"rgb(77,175,74)",497.0,444.0,500.0,10.663983903420524,81.00000000000004,88.25000000000001,0.5389691284308272,1500,21.925,13.0,499.0,486.0,0.943326,-44.95302013422819,15.0,2.042321,0.006790123456790123,0.010905349794238685,0.007407407407407408,12.446351931330472,1.9027645171866094,1.0200000000001594,5.548205151767979,0.739829432652832,59.87267,119.982066,4215.205178,2158,378,440,60.0,120.0
597,2024-05-25 13:19:18.333304,can_tapper14,"rgb(152,78,163)",500.0,449.0,504.0,10.2,88.25000000000001,95.0,0.13244450330841356,1500,21.616666666666667,16.0,336.0,320.0,1.117369,-23.949612403100776,80.0,2.116556,0.0103125,0.0159375,0.0115625,6.938775510204081,0.9718408770149176,1.0000000000001563,5.856790395916995,0.737302675004144,59.8406,119.9861,12561.661987,2158,339,616,60.0,120.0
598,2024-05-25 15:19:07.082014,can_tapper14,"rgb(255,127,0)",497.0,436.0,500.0,12.273641851106639,81.00000000000004,88.25000000000001,0.10609782493256337,1500,23.95,14.0,498.0,484.0,0.550332,-58.76923076923077,13.0,2.052275,0.008264462809917356,0.012603305785123965,0.008884297520661156,15.973741794310722,1.367692871006422,1.0000000000001563,12.231579537451825,0.7405233459463305,59.969569,119.98748,7188.74871,2159,425,520,60.0,120.0
599,2024-05-25 15:34:07.892110,can_tapper14,"rgb(255,255,51)",504.0,458.0,505.0,9.126984126984127,95.0,96.25,1.1643205174751552,1500,24.15,0.0,499.0,499.0,0.631939,-43.73548387096774,122.0,2.132407,0.004609218436873748,0.009218436873747496,0.004809619238476954,8.085106382978724,0.9564638758436224,1.0000000000001563,3.7750494083727073,0.7397522966598014,59.993504,119.935206,900.810096,2159,365,685,60.0,120.0
600,2024-05-26 06:00:24.149564,can_tapper14,"rgb(166,86,40)",500.0,465.0,503.0,7.000000000000001,88.25000000000001,93.75,0.2240978773766298,1500,20.15,0.0,446.0,446.0,0.385021,-35.78387096774193,15.0,2.388468,0.002242152466367713,0.007847533632286996,0.0029147982062780265,4.489795918367347,0.9325830519279908,1.0000000000001563,11.731868899148798,0.7376201683769739,59.973932,119.928326,51976.257454,2159,452,594,60.0,120.0
601,2024-05-26 06:24:15.615461,can_tapper14,"rgb(247,129,191)",500.0,452.0,501.0,9.6,90.0,91.25,2.0297431243301123,1500,22.698333333333334,0.0,275.0,275.0,1.260417,-36.080128205128204,16.0,2.261466,0.010181818181818183,0.017454545454545452,0.010545454545454547,9.978768577494693,0.5937202600460952,0.7400000000001157,9.909770944064913,0.7156432044700836,59.874277,119.976098,1431.465897,2158,358,635,60.0,120.0
602,2024-05-26 06:39:35.311406,can_tapper14,"rgb(153,153,153)",497.0,456.0,500.0,8.249496981891348,81.00000000000004,88.25000000000001,0.3277779234566693,1500,22.591666666666665,13.0,279.0,266.0,1.24835,-42.5205047318612,15.0,3.344625,0.011278195488721804,0.015413533834586466,0.012406015037593983,11.530398322851154,0.9980314053919113,0.5000000000000782,12.164306144757717,0.7001113307530487,59.923,119.945725,919.695945,2158,395,445,60.0,120.0
603,2024-05-26 06:51:56.372075,can_tapper14,"rgb(228,26,28)",500.0,462.0,503.0,7.6,88.25000000000001,93.75,4.710730982546293,1500,22.525,12.0,259.0,247.0,1.145404,-33.76897689768977,74.0,2.241233,0.012550607287449394,0.015384615384615385,0.013765182186234818,3.95010395010395,0.3227406088827955,0.5200000000000813,7.3997564742732465,0.765067135843428,59.869828,119.982803,741.060669,2158,314,406,60.0,120.0
604,2024-05-26 07:09:19.462559,can_tapper14,"rgb(55,126,184)",496.0,448.0,497.0,9.67741935483871,78.00000000000004,81.00000000000004,0.5864980384434095,1500,22.525,18.0,296.0,278.0,1.096777,-56.95744680851064,27.0,2.786215,0.012230215827338128,0.017266187050359712,0.012589928057553955,8.403361344537815,0.9893876196223392,0.5000000000000782,2.291161156711022,0.6330679048408253,59.91926,119.921035,1043.090484,2159,344,450,60.0,120.0
605,2024-05-26 07:21:06.774251,can_tapper14,"rgb(77,175,74)",496.0,451.0,497.0,9.07258064516129,78.58333333333337,81.00000000000004,2.265147673398352,1500,25.3,18.0,302.0,284.0,1.128695,-50.27597402597402,20.0,2.219794,0.009859154929577464,0.01584507042253521,0.010211267605633803,13.080168776371307,0.6827041867292372,1.0000000000001563,2.4199454189414036,0.6457561288583333,59.862233,119.977045,707.311692,2159,378,442,60.0,120.0
606,2024-05-26 12:34:13.948616,can_tapper14,"rgb(152,78,163)",500.0,442.0,503.0,11.600000000000001,90.0,93.75,2.263441005972821,1500,25.391666666666666,15.0,497.0,482.0,0.508973,-28.158620689655173,148.0,2.009405,0.008091286307053941,0.012033195020746889,0.00871369294605809,16.059957173447536,1.3386200716741152,1.0000000000001563,7.748214167485552,0.8492541719007951,59.949932,119.935556,18787.174365,2160,437,611,60.0,120.0
607,2024-05-26 12:59:40.001110,can_tapper14,"rgb(255,127,0)",497.0,442.0,500.0,11.066398390342053,81.00000000000004,88.25000000000001,0.4047912910180208,1500,25.419999999999998,0.0,500.0,500.0,0.641228,-40.56071428571428,117.0,2.141587,0.008799999999999999,0.011,0.009399999999999999,10.375275938189846,0.9621703997269067,1.0000000000001563,2.4549339738648777,0.7986518368838187,59.885969,119.962443,1526.052494,2159,377,525,60.0,120.0
608,2024-05-26 13:44:03.882655,can_tapper14,"rgb(255,255,51)",496.0,443.0,499.0,10.685483870967742,78.00000000000004,87.00000000000001,0.289031239569049,1500,25.333333333333332,17.0,499.0,482.0,0.942119,-55.44827586206897,20.0,2.036647,0.007053941908713694,0.01099585062240664,0.007676348547717841,9.846827133479213,1.5523631022431437,0.7400000000001157,3.2856717655465824,0.7017368381100153,59.991479,120.000002,2663.881545,2159,352,443,60.0,120.0
609,2024-05-26 13:59:24.167328,can_tapper14,"rgb(166,86,40)",504.0,463.0,505.0,8.134920634920634,95.0,96.25,0.23712010538632797,1500,25.5,17.0,495.0,478.0,0.761987,-40.24444444444445,21.0,3.361674,0.008368200836820085,0.008577405857740587,0.008577405857740587,11.203319502074688,0.5988284761414071,0.7600000000001188,2.7289468883321724,0.7704338230039567,59.967237,119.953123,920.284673,2158,343,472,60.0,120.0
610,2024-05-26 15:01:34.531582,can_tapper14,"rgb(247,129,191)",497.0,464.0,500.0,6.639839034205232,81.00000000000004,90.0,0.18121785831876555,1500,25.485,11.5,394.0,382.5,0.99104,-50.82258064516129,26.0,2.397149,0.00784313725490196,0.008627450980392158,0.008627450980392158,5.0,1.2026655021384887,1.0000000000001563,119.99999999999996,0.19825192131373548,59.848319,119.790032,3730.364254,2157,234,403,60.0,120.0
611,2024-05-26 15:19:04.603934,can_tapper14,"rgb(153,153,153)",496.0,455.0,500.0,8.266129032258064,78.58333333333337,90.0,0.32688903417281034,1500,25.6,0.0,499.0,499.0,0.877654,-63.20161290322581,11.0,2.381797,0.00721442885771543,0.008216432865731463,0.008016032064128258,6.722689075630252,0.9796818443274901,0.5000000000000782,2.4549339738648777,0.6038440638530598,59.952625,119.910819,1050.072352,2158,266,531,60.0,120.0
612,2024-05-26 15:37:32.508079,can_tapper14,"rgb(228,26,28)",504.0,467.0,505.0,7.341269841269842,95.0,96.25,1.122702721200637,1500,25.85,0.0,500.0,500.0,0.81205,-47.045112781954884,19.0,2.313069,0.0058,0.0074,0.0058,6.722689075630252,0.9268107148189759,1.0000000000001563,3.121898948392727,0.822135734028476,59.824125,119.834846,1107.904145,2157,343,600,60.0,120.0
613,2024-05-26 15:50:30.736502,can_tapper14,"rgb(55,126,184)",504.0,467.0,508.0,7.341269841269842,95.0,100.0,0.19800008799963598,1500,26.03,9.0,498.0,489.0,0.947944,-39.144404332129966,12.0,2.04878,0.005112474437627812,0.0075664621676891615,0.005930470347648261,5.070993914807302,0.9061551294420116,0.5000000000000782,3.7750494083727073,0.7783152135756376,59.96485,119.95245,778.228423,2160,312,571,60.0,120.0
614,2024-05-27 09:00:22.153149,can_tapper14,"rgb(77,175,74)",496.0,454.0,499.0,8.46774193548387,78.00000000000004,87.00000000000001,1.1963560872692869,1500,23.46,20.0,499.0,479.0,0.918374,-53.075471698113205,22.0,2.012907,0.006471816283924844,0.008768267223382047,0.007098121085594989,6.666666666666667,0.8635073722717326,0.7600000000001188,3.970067279908059,0.7140808747928657,59.994099,119.942724,61791.416647,2159,427,765,60.0,120.0
615,2024-05-27 09:21:51.557012,can_tapper14,"rgb(152,78,163)",503.0,458.0,505.0,8.946322067594433,93.75,96.25,0.3535201571197503,1500,23.791666666666664,0.0,334.0,334.0,1.043707,-42.40397350993378,118.0,2.045306,0.008982035928143712,0.01347305389221557,0.009580838323353293,6.693711967545639,0.8331638250892786,1.0000000000001563,19.323400826085404,0.6617625870802555,59.973938,119.912129,1289.403863,2160,346,510,60.0,120.0
616,2024-05-27 10:12:56.396287,can_tapper14,"rgb(255,127,0)",502.0,459.0,505.0,8.565737051792828,92.5,96.25,0.026631122946920743,1500,24.241666666666667,0.0,500.0,500.0,0.675245,-35.30976430976431,23.0,2.076919,0.006200000000000001,0.0086,0.0068000000000000005,7.006369426751593,0.9433905779199165,1.0000000000001563,3.6216095866957536,0.8092819741401447,59.946905,119.974864,3064.839275,2159,351,466,60.0,120.0
617,2024-05-27 11:01:47.727821,can_tapper14,"rgb(255,255,51)",499.0,450.0,501.0,9.819639278557114,87.00000000000001,91.25,0.7676714522983913,1500,24.55,0.0,497.0,497.0,0.509274,-52.9375,12.0,2.016151,0.008249496981891348,0.009859154929577466,0.008651911468812877,3.930131004366812,1.382999482980703,1.0000000000001563,14.211245899737794,0.7224413484981684,59.835299,119.891825,2931.331534,2157,387,448,60.0,120.0
618,2024-05-27 12:07:21.381361,can_tapper14,"rgb(166,86,40)",496.0,446.0,500.0,10.080645161290322,78.58333333333337,90.0,1.3389694839861728,1500,27.3,14.0,313.0,299.0,1.018414,-60.10689655172414,129.0,2.121414,0.01337792642140468,0.016722408026755852,0.01471571906354515,6.1946902654867255,0.8730317567645833,1.0000000000001563,3.2856717655465824,0.6593837480368079,59.947555,119.903418,3933.65354,2159,368,505,60.0,120.0
619,2024-05-27 13:55:13.834449,can_tapper14,"rgb(247,129,191)",496.0,453.0,497.0,8.669354838709678,78.00000000000004,81.00000000000004,0.20066675585166632,1500,26.325,34.0,421.0,387.0,1.014201,-45.53558052434457,142.0,2.009876,0.0082687338501292,0.011111111111111112,0.008527131782945736,7.991360691144709,1.0553592118235025,1.0000000000001563,7.498688653442237,0.8334992167160359,59.927804,119.958518,6472.453088,2160,376,466,60.0,120.0
620,2024-05-27 14:34:54.123864,can_tapper14,"rgb(153,153,153)",505.0,456.0,508.0,9.702970297029703,96.25,98.75,2.9232752156300525e-13,1500,26.7,0.0,353.0,353.0,1.037776,-33.5328947368421,15.0,2.13847,0.011048158640226631,0.013881019830028329,0.011898016997167138,14.285714285714286,1.0509776634093135,1.0000000000001563,3.785382403849609,0.6489973403895822,59.879422,119.971601,2380.289415,2159,402,536,60.0,120.0
621,2024-05-28 08:38:03.960370,can_tapper14,"rgb(228,26,28)",500.0,450.0,501.0,10.0,90.0,91.25,0.389333506370139,1500,24.765,0.0,329.0,329.0,1.062036,-42.2,136.0,2.05912,0.011550151975683893,0.015197568389057751,0.011854103343465046,8.176100628930818,0.9468278541671671,1.5000000000002345,11.731868899148798,0.8001981469999756,59.995989,119.928299,64989.836506,2160,419,704,60.0,120.0
622,2024-05-28 08:44:21.236840,can_tapper14,"rgb(55,126,184)",505.0,456.0,516.0,9.702970297029703,96.25,100.0,7.764821228808478,1500,24.725,38.0,490.0,452.0,1.038329,-21.743283582089553,165.0,2.136828,0.009070796460176991,0.010840707964601771,0.011504424778761062,8.488612836438923,0.9778538826514984,1.260000000000197,10.403457289514133,0.5886855936302687,59.954972,119.917887,377.27647,2159,491,640,60.0,120.0
623,2024-05-28 09:53:45.382289,can_tapper14,"rgb(77,175,74)",503.0,465.0,504.0,7.5546719681908545,93.75,95.0,0.39303128579174895,1500,24.825,14.0,499.0,485.0,0.92908,-36.21951219512195,18.0,2.026662,0.004948453608247422,0.007835051546391752,0.005154639175257732,3.9014373716632442,1.0116280898012768,0.7400000000001157,4.919976162882996,0.8107113579736653,59.908093,119.977414,4164.145449,2159,369,533,60.0,120.0
624,2024-05-28 13:05:33.174400,can_tapper14,"rgb(152,78,163)",505.0,471.0,505.0,6.732673267326733,96.25,96.25,1.0369223585368558e-12,97,28.35,13.0,447.0,434.0,0.423875,-10.119298245614035,12.0,2.02083,,0.00783410138248848,,3.9665970772442587,1.168713321411454,1.0000000000001563,4.67804510221319,0.6797732856589566,4.956767,119.914575,11507.792111,1500,302,578,60.0,120.0
625,2024-05-28 14:14:05.837645,can_tapper14,"rgb(255,127,0)",505.0,468.0,,7.326732673267326,96.25,,,0,28.9,0.0,495.0,495.0,0.630954,-13.40255591054313,46.0,2.034221,0.00505050505050505,0.007474747474747474,,4.237288135593221,0.8072444187988771,0.5000000000000782,4.711863641406706,0.5768207229439601,1.639696,119.966969,4112.663245,1461,325,460,60.0,120.0
626,2024-05-29 07:58:12.481272,can_tapper14,"rgb(255,255,51)",497.0,446.0,500.0,10.261569416498995,81.00000000000004,90.0,0.44305797469220515,1500,23.165,0.0,322.0,322.0,1.090301,-40.61172161172161,29.0,2.087607,0.009627329192546583,0.015838509316770187,0.010559006211180125,6.896551724137931,1.1751721633349823,0.7600000000001188,11.731868899148798,0.792443430886368,59.994817,119.992313,63846.643627,2160,428,591,60.0,120.0
627,2024-05-29 09:23:40.390759,can_tapper14,"rgb(166,86,40)",496.0,441.0,499.0,11.088709677419354,78.00000000000004,87.00000000000001,4.381041947129106,1500,23.228571428571428,13.5,390.0,376.5,1.0503,-50.415902140672785,130.0,2.148929,0.009827357237715804,0.014608233731739707,0.010624169986719787,14.587737843551798,0.9165684785028746,1.0000000000001563,9.06169027872148,0.6754289062276457,59.973782,120.000223,5127.909487,2160,416,567,60.0,120.0
628,2024-05-29 10:16:31.281239,can_tapper14,"rgb(247,129,191)",504.0,454.0,505.0,9.920634920634921,95.0,96.25,0.31488013994665304,1500,23.53,13.0,499.0,486.0,0.841994,-35.38487972508591,14.0,2.742905,0.00823045267489712,0.010288065843621401,0.008436213991769548,10.548523206751055,0.8967290468782869,1.0000000000001563,4.491666452270417,0.7391856885245895,59.883642,119.976306,3170.89048,2158,382,755,60.0,120.0
629,2024-05-29 10:53:25.278214,can_tapper14,"rgb(153,153,153)",500.0,455.0,504.0,9.0,88.25000000000001,95.0,4.342366374384012,1500,23.816666666666666,11.0,500.0,489.0,0.660695,-42.700892857142854,16.0,2.259117,0.006952965235173823,0.00920245398773006,0.007566462167689161,7.922912205567452,1.0267079997037316,1.0200000000001594,119.99999999999996,0.2592358096914885,59.9538,119.977849,2213.996975,2160,278,344,60.0,120.0
630,2024-05-29 11:12:48.796169,can_tapper14,"rgb(228,26,28)",499.0,453.0,500.0,9.218436873747494,87.00000000000001,88.25000000000001,0.3791912796406149,1500,23.983333333333334,0.0,499.0,499.0,0.82651,-49.265517241379314,12.0,2.42507,0.008216432865731463,0.009218436873747494,0.008416833667334669,8.176100628930818,0.9052749917590832,1.0000000000001563,10.901131107467094,0.7074077349728467,59.922986,119.917648,1163.517955,2158,318,484,60.0,120.0
631,2024-05-29 12:10:36.781350,can_tapper14,"rgb(55,126,184)",500.0,467.0,,6.6000000000000005,90.0,,,0,,0.0,491.0,491.0,0.616752,-42.03082191780822,73.0,2.020849,0.005091649694501018,0.006720977596741343,,5.2631578947368425,0.6477365283687836,1.0000000000001563,7.498688653442237,0.7549692852083894,0.140192,119.943017,3467.985181,1443,300,391,60.0,120.0
632,2024-05-29 13:22:25.284910,can_tapper14,"rgb(77,175,74)",504.0,471.0,504.0,6.547619047619048,95.0,95.0,2.8301826256359374e-12,52,25.95,0.0,350.0,350.0,0.821301,-32.33887043189369,1.0,4.320025,0.004285714285714286,0.009428571428571429,0.004285714285714286,5.660377358490566,0.8110226173397118,0.5000000000000782,8.529312092368736,0.8326689756248615,4.045419,119.787904,4308.50356,1488,315,436,60.0,120.0
633,2024-05-29 14:21:48.727956,can_tapper14,"rgb(152,78,163)",496.0,444.0,499.0,10.483870967741936,78.58333333333337,87.00000000000001,0.32288903239491185,1500,25.585,0.0,423.0,423.0,1.046766,-59.065891472868216,10.0,2.048335,0.007801418439716313,0.012293144208037825,0.00851063829787234,10.32967032967033,0.666715866916682,1.0000000000001563,7.3997564742732465,0.7184982866186242,59.892054,119.988036,3563.443046,2160,277,569,60.0,120.0
634,2024-05-30 06:00:52.596885,can_tapper14,"rgb(255,127,0)",497.0,450.0,499.0,9.456740442655935,81.00000000000004,87.00000000000001,1.6452331980153595e-12,72,21.55,0.0,497.0,497.0,0.508094,-35.003571428571426,13.0,2.014312,0.006237424547283703,0.009456740442655936,0.0066398390342052305,14.042553191489361,1.1595918811638204,0.5000000000000782,4.178334463910163,0.7807360787529734,4.451382,119.950069,56343.868929,1494,289,581,60.0,120.0
635,2024-05-30 06:56:15.429842,can_tapper14,"rgb(255,255,51)",501.0,464.0,504.0,7.385229540918163,91.25,95.0,0.11928005301356777,1500,21.5,0.0,498.0,498.0,1.036235,-43.817589576547235,22.0,2.038767,0.00642570281124498,0.007429718875502009,0.007028112449799197,3.7924151696606785,0.9823628421004288,0.5000000000000782,9.909770944064913,0.7603603062561071,59.836426,119.818824,3322.832957,2157,395,629,60.0,120.0
636,2024-05-30 09:24:59.888487,can_tapper14,"rgb(166,86,40)",503.0,447.0,505.0,11.133200795228628,93.75,96.25,0.23779566124301244,1500,21.733333333333334,0.0,487.0,487.0,0.515152,-33.46341463414634,15.0,2.01287,0.008213552361396304,0.011498973305954827,0.00862422997946612,14.17004048582996,1.488323589350604,1.5000000000002345,3.6216095866957536,0.7940553572196247,59.977119,119.946606,8924.458645,2160,345,586,60.0,120.0
637,2024-05-30 11:28:48.869960,can_tapper14,"rgb(247,129,191)",500.0,452.0,504.0,9.6,88.25000000000001,95.0,0.17311118804940265,1500,22.425,19.5,499.0,479.5,0.628188,-36.76842105263158,119.0,2.128327,0.007716371220020855,0.010010427528675704,0.008342022940563087,7.758620689655173,1.3586275028202102,1.0000000000001563,3.121898948392727,0.7826999798730366,59.944931,119.936944,7428.981473,2159,360,757,60.0,120.0
638,2024-05-30 13:10:36.262304,can_tapper14,"rgb(153,153,153)",509.0,457.0,513.0,10.216110019646365,100.0,100.0,88.77509723336256,1500,23.325,9.5,498.0,488.5,0.72223,-34.9375,11.0,2.219326,0.009416581371545546,0.010644831115660183,0.010235414534288638,8.210526315789474,1.0867202086153265,0.7400000000001157,19.78511397269046,0.17887375472895117,59.97813,119.945926,6107.392344,2159,176,458,60.0,120.0
639,2024-05-30 13:20:37.233173,can_tapper14,"rgb(228,26,28)",504.0,463.0,507.0,8.134920634920634,95.0,98.75,3.0640724729201643,1500,23.416666666666668,10.0,499.0,489.0,1.009105,-32.025862068965516,15.0,2.014599,0.007975460122699387,0.008384458077709612,0.008588957055214725,5.154639175257732,1.0450828932444045,1.0000000000001563,58.350444692249376,0.47537973960601476,59.898828,119.999255,600.970869,2160,142,335,60.0,120.0
640,2024-05-30 13:31:14.693751,can_tapper14,"rgb(55,126,184)",503.0,456.0,505.0,9.343936381709742,93.75,96.25,0.6231647214063782,1500,23.75,10.0,499.0,489.0,0.628075,-35.52567975830816,12.0,2.135575,0.00920245398773006,0.009611451942740285,0.009611451942740285,10.79429735234216,0.7417836224646203,1.0200000000001594,2.6396188499233277,0.7939580164900597,59.9315,119.965593,637.460578,2158,375,504,60.0,120.0
641,2024-05-30 15:37:24.464941,can_tapper14,"rgb(77,175,74)",497.0,458.0,500.0,7.847082494969819,81.00000000000004,88.25000000000001,0.31488013994665304,1500,26.225,0.0,499.0,499.0,0.81963,-58.97945205479452,17.0,2.412949,0.0060120240480961915,0.00781563126252505,0.0066132264529058125,6.837606837606837,0.8008415900118484,1.0000000000001563,3.970067279908059,0.7146812229689967,59.870826,119.986651,7569.77119,2159,310,447,60.0,120.0
642,2024-05-31 07:28:58.372558,can_tapper14,"rgb(152,78,163)",500.0,465.0,501.0,7.000000000000001,90.0,91.25,4.550002022222413,1500,24.05,10.0,365.0,355.0,0.83422,-17.744868035190617,13.0,2.734847,0.008169014084507042,0.009859154929577466,0.008450704225352112,6.471816283924843,0.5371571187316422,0.5000000000000782,6.903309141199283,0.502861641123344,36.900233,119.965222,57093.907617,1884,415,460,60.0,120.0
643,2024-05-31 08:47:58.090852,can_tapper14,"rgb(255,127,0)",493.0,449.0,497.0,8.924949290060852,70.75000000000004,81.00000000000004,3.656863847494411,1500,20.991666666666667,13.0,321.0,308.0,1.048942,-57.15743440233236,26.0,2.049438,0.010064935064935065,0.014285714285714287,0.011363636363636364,7.826086956521739,1.0532436033299974,1.0000000000001563,10.054999596301826,0.6844149287947261,59.87656,119.958995,4739.718294,2159,563,519,60.0,120.0
644,2024-05-31 09:09:59.489866,can_tapper14,"rgb(255,255,51)",501.0,444.0,504.0,11.377245508982035,91.25,95.0,2.786659016291933,1500,21.075,17.5,491.0,473.5,0.393169,-45.013550135501355,19.0,2.394851,0.00781414994720169,0.012038014783526927,0.008447729672650475,13.191489361702128,1.9988822738186547,1.0000000000001563,2.27471676670449,0.7621993277643071,59.917779,119.967845,1321.399014,2160,591,474,60.0,120.0
645,2024-06-03 09:27:52.996895,can_tapper14,"rgb(166,86,40)",492.0,462.0,495.0,6.097560975609756,68.33333333333339,75.58333333333339,5.15393651982644,1437,18.45,19.0,427.0,408.0,0.815844,-22.675767918088738,19.0,2.318786,0.005637254901960784,0.007352941176470588,0.006372549019607843,4.329896907216495,0.5950329420843625,0.5000000000000782,4.81380822117902,0.7902499200749135,31.768634,119.872267,260273.507029,1821,343,545,60.0,120.0
646,2024-06-03 09:53:05.658882,can_tapper14,"rgb(247,129,191)",491.0,442.0,492.0,9.979633401221996,66.25000000000003,68.33333333333339,8.174119188496148,1500,18.9,18.5,328.0,309.5,1.142947,-34.88253012048193,25.0,2.13995,0.010662358642972537,0.015831987075928918,0.01098546042003231,11.064718162839249,1.073597361524433,1.0000000000001563,2.291161156711022,0.7027970037298084,59.945474,119.886049,1512.661987,2158,484,519,60.0,120.0
647,2024-06-06 09:48:44.478415,can_tapper14,"rgb(153,153,153)",488.0,448.0,492.0,8.19672131147541,60.29761904761905,68.33333333333339,4.409993071107202,1500,13.76666666666667,0.0,451.0,451.0,0.934302,-22.195718654434252,19.0,2.0327,0.007982261640798226,0.008869179600886918,0.008869179600886918,8.403361344537815,1.327015025337457,0.5000000000000782,3.9134845291898115,0.7991454648136268,57.011954,119.829156,258938.819533,2124,417,490,60.0,120.0
648,2024-06-10 09:02:55.671578,can_tapper14,"rgb(228,26,28)",488.0,430.0,491.0,11.885245901639344,60.0,66.25000000000003,4.719130986279524,1500,13.745,26.5,330.0,303.5,1.115957,-29.750809061488674,30.0,2.206083,0.010214168039538715,0.019110378912685338,0.011202635914332786,15.021459227467812,0.8108247126437351,1.0000000000001563,3.2620894576029285,0.7203214448095563,59.821037,119.8028,342851.193163,2157,394,657,60.0,120.0
649,2024-06-10 13:15:10.085870,can_tapper14,"rgb(55,126,184)",500.0,458.0,501.0,8.4,88.25000000000001,91.25,0.9952295681091896,542,14.283333333333331,0.0,499.0,499.0,0.508274,-11.645901639344263,15.0,2.007775,0.0030060120240480957,0.00841683366733467,0.0030060120240480957,8.547008547008547,1.38437166746337,0.7400000000001157,8.529312092368736,0.8490843208436296,13.859869,119.976195,15134.414292,1606,341,297,60.0,120.0
650,2024-06-20 08:51:24.494186,can_tapper14,"rgb(77,175,74)",509.0,478.0,516.0,6.090373280943026,100.0,100.0,9.313360016427032,1285,14.758333333333335,0.0,356.0,356.0,1.021876,-6.321917808219178,20.0,2.021449,0.007865168539325841,0.008707865168539324,0.009831460674157305,5.6,0.7677988438634009,0.5000000000000782,45.88440927560299,0.4232382003634799,28.716432,119.83795,848174.408316,1785,188,144,60.0,120.0
651,2024-06-26 13:27:38.379669,can_tapper14,"rgb(152,78,163)",501.0,474.0,505.0,5.389221556886228,91.25,96.25,5.472092575502078,942,25.15,0.0,382.0,382.0,0.818282,-13.261016949152543,16.0,2.315498,0.00706806282722513,0.00706806282722513,0.008115183246073299,1.8181818181818181,0.4993942919942869,0.5000000000000782,3.970067279908059,0.8407884889193558,21.853792,119.994483,534973.885483,1703,331,447,60.0,120.0
652,2024-06-26 13:49:48.463032,can_tapper14,"rgb(255,127,0)",500.0,446.0,501.0,10.8,90.0,91.25,0.1849245266328983,1500,23.208333333333332,0.0,497.0,497.0,0.443831,-27.750798722044728,16.0,2.946997,0.005030181086519115,0.010865191146881288,0.00523138832997988,13.701431492842536,1.5941810544725148,1.0800000000001688,2.4199454189414036,0.8121121716566604,59.929491,119.926719,1330.083363,2158,416,583,60.0,120.0
653,2024-08-09 09:43:44.530356,can_tapper14,"rgb(255,255,51)",504.0,474.0,,5.952380952380952,95.0,,,0,22.066666666666666,12.0,385.0,373.0,0.866382,-5.100746268656716,8.0,2.268725,0.0061662198391420914,0.00804289544235925,,3.1185031185031185,0.6206886270148066,0.5000000000000782,4.976713576127057,0.6904133022199723,0.653326,119.916784,3786836.067324,1449,277,410,60.0,120.0
654,2024-08-21 14:43:09.433689,can_tapper14,"rgb(166,86,40)",493.0,446.0,497.0,9.533468559837727,70.75000000000004,81.00000000000004,2.1494587330925685,1500,17.333333333333332,22.5,313.0,290.5,1.117441,-28.58,21.0,2.21482,0.010671256454388984,0.0161790017211704,0.012048192771084338,6.956521739130435,0.935536726953486,1.0000000000001563,2.892719705486028,0.7925119653721538,59.88893,119.961244,1054764.903333,2158,426,526,60.0,120.0
655,2024-08-21 15:00:14.013099,can_tapper14,"rgb(247,129,191)",512.0,449.0,516.0,12.3046875,100.0,100.0,0.10609782493219792,1500,17.4,11.0,402.0,391.0,1.074163,-20.910034602076124,137.0,2.070709,0.009718670076726343,0.016112531969309462,0.010741687979539642,11.93058568329718,1.1962560780548468,1.5200000000002376,2.27471676670449,0.835581286459603,59.948768,119.859131,1024.57941,2158,417,469,60.0,120.0
656,2024-08-21 16:18:32.927268,can_tapper14,"rgb(153,153,153)",496.0,448.0,499.0,9.67741935483871,78.58333333333337,87.00000000000001,0.11928005301320888,1500,17.991666666666667,12.0,302.0,290.0,1.090413,-30.49122807017544,12.0,2.090888,0.011034482758620689,0.016551724137931035,0.012068965517241381,6.724511930585683,1.0019562983159618,1.0000000000001563,1.7887444673306678,0.6777655468630313,59.914787,119.992595,4698.914169,2160,427,633,60.0,120.0
657,2024-08-21 18:36:15.448232,can_tapper14,"rgb(228,26,28)",496.0,444.0,497.0,10.483870967741936,78.00000000000004,81.00000000000004,3.3515570451359564,1500,19.015,13.0,500.0,487.0,0.77191,-37.1660777385159,13.0,2.770624,0.009445585215605748,0.010677618069815195,0.009650924024640656,8.474576271186441,1.0934255636245025,1.0000000000001563,2.0171482422437275,0.5358585443421184,59.965075,119.917423,8262.520964,2158,388,540,60.0,120.0
658,2024-08-21 18:47:47.615137,can_tapper14,"rgb(55,126,184)",509.0,458.0,512.0,10.019646365422396,100.0,100.0,0.49847133265350735,1500,18.958333333333332,10.0,299.0,289.0,0.996867,-30.027027027027028,18.0,2.08916,0.01522491349480969,0.01764705882352941,0.016262975778546712,7.627118644067797,0.9593576715890291,1.0000000000001563,1.7887444673306678,0.5983764085063901,59.969259,119.89046,692.166905,2158,428,800,60.0,120.0
659,2024-08-27 12:58:43.776416,can_tapper14,"rgb(77,175,74)",513.0,475.0,,7.4074074074074066,100.0,,,0,16.96666666666667,0.0,389.0,389.0,0.813081,-4.758620689655173,14.0,2.217648,0.005912596401028277,0.009768637532133676,,8.571428571428571,0.944718624010995,0.5000000000000782,9.091665747059539,0.5771289023340167,2.309519,119.99912,497456.161279,1469,300,554,60.0,120.0
660,2024-08-27 13:06:05.508688,can_tapper14,"rgb(152,78,163)",512.0,449.0,590.0,12.3046875,98.75,100.0,34.02221067653243,1500,16.9125,30.5,423.0,392.5,1.025568,-10.404109589041095,158.0,2.122098,0.012229299363057326,0.01605095541401274,0.03210191082802548,12.554112554112555,1.2597756674316847,1.740000000000272,4.148345232772487,0.4793435116471306,60.000626,119.986148,441.732272,2159,433,614,60.0,120.0
661,2024-08-29 07:30:01.262711,can_tapper14,"rgb(255,127,0)",508.0,472.0,513.0,7.086614173228346,98.75,100.0,6.068224919210356,1500,21.75,0.0,326.0,326.0,0.918202,-8.798679867986799,20.0,2.021801,0.00920245398773006,0.011042944785276074,0.010736196319018405,6.827309236947791,0.7147553113382319,1.0000000000001563,3.678623825607137,0.48613810281102166,40.800765,119.787381,152635.754023,1929,370,479,60.0,120.0
662,2024-08-29 07:57:10.337481,can_tapper14,"rgb(255,255,51)",500.0,452.0,503.0,9.6,88.25000000000001,93.75,3.310259249003262,1500,21.48333333333333,0.0,497.0,497.0,0.971168,-25.13448275862069,140.0,2.064551,0.009054325955734405,0.0096579476861167,0.009657947686116702,8.15450643776824,0.9131422975112455,1.5000000000002345,2.27471676670449,0.7603580841105828,59.889675,119.947274,1629.07477,2158,419,545,60.0,120.0
663,2024-08-29 10:01:07.669951,can_tapper14,"rgb(166,86,40)",504.0,475.0,508.0,5.753968253968254,95.0,98.75,10.844238531807921,634,21.508333333333333,0.0,351.0,351.0,0.916805,-12.214067278287462,12.0,2.01535,0.004273504273504274,0.008262108262108261,0.005413105413105414,4.646464646464646,0.7257535541453527,0.5000000000000782,5.193619981721741,0.8135339862380624,15.702747,119.86928,7437.33247,1629,359,423,60.0,120.0
664,2024-08-29 11:49:49.391281,can_tapper14,"rgb(247,129,191)",505.0,473.0,508.0,6.336633663366337,96.25,98.75,3.886628707521083,957,22.634999999999998,0.0,203.0,203.0,0.921435,-8.23397435897436,23.0,2.024345,0.014778325123152712,0.01576354679802956,0.01625615763546798,3.1578947368421053,1.1155159841610787,0.5000000000000782,3.2856717655465824,0.17037114583083546,22.150291,119.948185,6521.72133,1706,358,460,60.0,120.0
665,2024-08-29 11:51:52.513691,can_tapper14,"rgb(153,153,153)",509.0,457.0,520.0,10.216110019646365,98.75,100.0,100.43831130590017,1500,22.65,0.0,298.0,298.0,1.257199,-18.15979381443299,16.0,2.255052,0.013087248322147652,0.017449664429530203,0.016778523489932886,6.263498920086393,1.0060670032528265,1.0000000000001563,4.111854691727697,0.705227509802764,59.964375,75.945899,123.12241,1632,352,569,60.0,120.0
666,2024-08-29 15:22:45.684308,can_tapper14,"rgb(228,26,28)",505.0,472.0,,6.534653465346535,96.25,,,0,23.925,12.0,187.0,175.0,1.113318,-11.343848580441641,44.0,2.116071,0.01257142857142857,0.018857142857142857,,5.0,0.7943845544509446,0.5000000000000782,4.605541037176915,0.831523093288072,1.300825,119.811845,12653.170617,1455,324,489,60.0,120.0
667,2024-09-03 15:29:36.974010,can_tapper14,"rgb(55,126,184)",500.0,464.0,,7.199999999999999,88.25000000000001,,,0,21.175,0.0,335.0,335.0,0.926985,-15.155737704918034,21.0,2.018656,0.010149253731343283,0.010746268656716417,,4.703476482617587,1.2691959893366158,0.7400000000001157,119.99999999999996,0.18099727414954547,2.841734,119.978806,432411.289702,1476,250,286,60.0,120.0
668,2024-09-03 15:34:08.206690,can_tapper14,"rgb(77,175,74)",496.0,440.0,501.0,11.29032258064516,78.58333333333337,91.25,6.489771773230984,1500,21.22,0.0,318.0,318.0,1.094743,-25.49818181818182,-11.0,,0.0110062893081761,0.01761006289308176,0.012578616352201259,10.864745011086475,1.1780238279833535,1.0000000000001563,3.121898948392727,0.7714048568284242,59.975518,119.898303,271.23268,2159,379,454,60.0,120.0
669,2024-09-06 10:56:57.233104,can_tapper14,"rgb(152,78,163)",496.0,463.0,,6.653225806451612,78.58333333333337,,,0,20.65,0.0,218.0,218.0,1.134378,-23.917241379310344,65.0,2.240802,0.011009174311926606,0.015137614678899083,,5.307855626326964,0.9255347574545689,0.5000000000000782,4.976713576127057,0.6920810535303907,1.029002,119.861327,242569.026414,1452,294,476,60.0,120.0
670,2024-10-01 08:17:11.283494,can_tapper14,"rgb(255,127,0)",484.0,442.0,484.0,8.677685950413224,52.99107142857141,52.99107142857141,0.9446315309473448,1500,17.01666666666667,0.0,477.0,477.0,1.019125,-43.387205387205384,17.0,2.023485,0.0071278825995807135,0.008805031446540882,0.0071278825995807135,5.932203389830509,1.2433481417710648,1.0000000000001563,3.470356641605033,0.8576555896669811,59.819175,119.762042,2150414.05039,2157,417,525,60.0,120.0
671,2024-10-01 08:24:47.200643,can_tapper14,"rgb(255,255,51)",499.0,434.0,504.0,13.026052104208416,85.83333333333334,95.0,9.214475206431535,1500,17.06666666666667,0.0,309.0,309.0,1.06615,-40.71028037383178,23.0,2.062174,0.015210355987055016,0.021035598705501618,0.016828478964401292,14.782608695652174,1.3014802250983109,1.0000000000001563,2.145932504474109,0.8440688459376001,59.814183,119.997351,455.917149,2158,413,550,60.0,120.0
672,2024-10-01 10:26:37.981697,can_tapper14,"rgb(166,86,40)",485.0,450.0,488.0,7.216494845360824,54.642857142857125,60.29761904761905,4.781735832870042,767,16.85,13.5,185.0,171.5,1.114439,-42.97697368421053,12.0,2.113262,0.011661807580174927,0.02040816326530612,0.013411078717201166,2.2222222222222223,0.691384089438926,0.5200000000000813,4.178334463910163,0.8247287928928619,18.364782,119.959151,7310.781054,1661,326,439,60.0,120.0
673,2024-10-01 10:45:55.301779,can_tapper14,"rgb(247,129,191)",482.0,430.0,482.0,10.78838174273859,49.68749999999998,49.68749999999998,1.920205297868398,1500,16.775,13.0,335.0,322.0,1.234101,-48.59615384615385,280.0,2.233472,0.010559006211180123,0.016149068322981366,0.010559006211180123,10.909090909090908,1.1596729591457993,1.0000000000001563,1.9029463547871976,0.16189184389870415,59.882521,119.967493,1157.320082,2158,408,781,60.0,120.0
674,2024-10-01 10:47:05.334719,can_tapper14,"rgb(153,153,153)",504.0,446.0,524.0,11.507936507936508,92.00000000000001,100.0,68.93049285798519,1500,16.8,0.0,280.0,280.0,1.256906,-50.371929824561406,14.0,2.252461,0.015714285714285715,0.020714285714285716,0.02285714285714286,8.130081300813009,1.1314132738052032,1.0000000000001563,2.145932504474109,0.8029350609308971,59.873206,119.969585,70.03294,2158,410,850,60.0,120.0
675,2024-10-01 11:16:32.342051,can_tapper14,"rgb(228,26,28)",517.0,467.0,533.0,9.671179883945841,100.0,100.0,52.809632359828065,1500,20.15,0.0,313.0,313.0,1.289194,-44.01269841269841,16.0,2.284221,0.0134185303514377,0.01597444089456869,0.01853035143769968,6.8893528183716075,1.1605537665261318,1.0200000000001594,2.27471676670449,0.8382838039350806,59.980881,119.855878,1767.007332,2158,453,779,60.0,120.0
676,2024-10-01 11:19:05.948146,can_tapper14,"rgb(55,126,184)",520.0,477.0,533.0,8.269230769230768,100.0,100.0,57.194798753235,1500,17.5375,0.0,439.0,439.0,1.064797,22.415178571428573,482.0,2.06377,0.008428246013667425,0.00979498861047836,0.011389521640091117,6.11439842209073,1.3063629137922244,1.0000000000001563,13.796534727134544,0.07923315140427623,59.86823,119.97862,153.606095,2119,371,583,60.0,120.0
677,2024-10-01 11:20:45.104805,can_tapper14,"rgb(77,175,74)",504.0,455.0,505.0,9.722222222222223,95.0,95.0,2.3151032511566676,1500,17.873333333333335,15.0,421.0,406.0,1.051212,-56.2970297029703,136.0,2.146516,0.009113300492610837,0.01206896551724138,0.00935960591133005,6.609808102345416,0.927771706717267,1.5000000000002345,2.583718236095259,0.8314200072276151,59.947333,119.964866,99.156659,2121,378,499,60.0,120.0
678,2024-10-01 11:28:40.769899,can_tapper14,"rgb(152,78,163)",506.0,471.0,508.0,6.91699604743083,96.25,98.75,5.076620929915858e-12,27,20.75,0.0,354.0,354.0,0.8184,-37.21708185053381,12.0,2.317451,0.0019774011299435027,0.009887005649717513,0.002542372881355932,7.818930041152264,0.7590100375913471,0.5000000000000782,2.892719705486028,0.8196281537084229,3.549902,119.824091,475.665094,1482,292,491,60.0,120.0
679,2024-10-01 12:13:54.733932,can_tapper14,"rgb(255,127,0)",509.0,466.0,512.0,8.447937131630647,98.75,100.0,1.5831118147159053,1500,18.90416666666667,13.0,499.0,486.0,0.818044,-31.379661016949154,15.0,2.310751,0.004320987654320988,0.008847736625514404,0.004732510288065843,6.49895178197065,0.9118919590405523,1.0000000000001563,2.892719705486028,0.6154884217993228,59.927557,119.953557,2713.964033,2158,413,457,60.0,120.0
680,2024-10-01 15:45:32.959922,can_tapper14,"rgb(255,255,51)",504.0,471.0,504.0,6.547619047619048,95.0,95.0,2.875618408224363e-12,49,18.325,0.0,184.0,184.0,1.024026,-19.366906474820144,15.0,2.113875,0.01576086956521739,0.017934782608695653,0.01576086956521739,4.526748971193416,1.0195175571194572,0.7600000000001188,4.81380822117902,0.8099895406121587,4.009376,119.8645,12698.22599,1488,290,426,60.0,120.0
681,2024-10-02 07:34:42.846983,can_tapper14,"rgb(166,86,40)",500.0,464.0,,7.199999999999999,88.25000000000001,,,0,17.89166666666667,16.5,181.0,164.5,1.023665,-25.072413793103447,15.0,2.134663,0.013373860182370821,0.02188449848024316,,4.273504273504273,0.6631500101837948,0.5000000000000782,5.048668924761694,0.55143361003851,2.646252,119.945475,56949.887061,1473,297,520,60.0,120.0
682,2024-10-02 11:51:37.567155,can_tapper14,"rgb(247,129,191)",500.0,471.0,,5.800000000000001,88.25000000000001,,,0,18.01666666666667,0.0,387.0,387.0,0.83428,-18.925925925925927,12.0,2.333765,0.005684754521963825,0.007493540051679587,,2.928870292887029,0.7250009587977949,0.5000000000000782,3.970067279908059,0.8589497466534531,1.439258,119.919566,15414.720172,1458,304,431,60.0,120.0
683,2024-10-03 10:29:45.169226,can_tapper14,"rgb(153,153,153)",496.0,469.0,497.0,5.443548387096774,78.58333333333337,79.83333333333337,18.28917505340395,409,18.10833333333333,16.0,435.0,419.0,0.820995,-20.518900343642613,14.0,2.318737,0.005011933174224343,0.006443914081145585,0.005250596658711217,4.201680672268908,0.7217217803722072,0.5000000000000782,4.477002937824031,0.7409851440220321,11.202965,118.604221,81487.602071,1558,321,445,60.0,120.0
684,2024-10-07 08:32:50.054410,can_tapper14,"rgb(228,26,28)",487.0,458.0,,5.95482546201232,58.64583333333334,,,0,17.275,0.0,351.0,351.0,1.019637,-35.421052631578945,15.0,2.029775,0.008262108262108261,0.008262108262108261,,4.273504273504273,0.9805957727464536,0.7400000000001157,3.9134845291898115,0.779761157798027,1.839481,119.986538,338584.885184,1463,275,476,60.0,120.0
685,2024-10-07 08:36:00.512808,can_tapper14,"rgb(55,126,184)",509.0,433.0,517.0,14.931237721021612,98.75,100.0,7.353807712801995,1500,17.325,0.0,478.0,478.0,0.539003,-39.37762237762238,77.0,2.046719,0.00920502092050209,0.015899581589958158,0.010878661087866108,22.580645161290324,2.381139051260663,1.0000000000001563,2.4199454189414036,0.8385992086814336,59.969399,119.914002,190.458398,2160,382,605,60.0,120.0
686,2024-10-11 09:01:09.787203,can_tapper14,"rgb(77,175,74)",484.0,453.0,485.0,6.40495867768595,52.99107142857141,55.07440476190475,19.876815868527665,270,20.216666666666665,18.0,349.0,331.0,0.92128,-33.36678200692042,15.0,2.02108,0.0051359516616314195,0.009365558912386707,0.005438066465256798,4.103671706263499,0.7990049847886306,0.5000000000000782,4.268735753821927,0.8118059935859699,8.407294,119.918028,347109.274395,1542,306,384,60.0,120.0
687,2024-10-11 09:17:08.573178,can_tapper14,"rgb(152,78,163)",493.0,448.0,497.0,9.127789046653144,71.66666666666669,79.83333333333337,15.127244362104673,205,17.81,0.0,194.0,194.0,1.116547,-3.917562724014337,82.0,2.124466,0.013402061855670102,0.023195876288659795,0.015463917525773195,12.421052631578947,0.7844340749118288,0.7400000000001157,66.27687026462135,0.437677941262929,7.109504,119.927082,958.785975,1527,287,304,60.0,120.0
688,2024-10-11 09:19:18.438149,can_tapper14,"rgb(255,127,0)",488.5,441.0,493.0,9.723643807574208,61.843750000000014,71.66666666666669,3.6824460810866855,1500,17.775,0.0,292.0,292.0,1.197967,-35.68488745980707,19.0,2.292,0.009760273972602738,0.016267123287671232,0.011301369863013697,1.7391304347826086,0.786770714274013,1.0000000000001563,2.145932504474109,0.8244891090197188,59.949299,119.899095,129.864971,2160,466,596,60.0,120.0
689,2024-10-14 11:26:57.051562,can_tapper14,"rgb(255,255,51)",480.0,427.0,484.0,11.041666666666666,46.339285714285694,52.99107142857141,6.676309620616397,992,17.3,0.0,418.0,418.0,1.01598,-42.45578231292517,19.0,2.025455,0.012679425837320575,0.012679425837320575,0.013636363636363637,7.972665148063781,1.9077835655647255,1.0200000000001594,3.7052173451877075,0.8500285600555119,22.852137,108.938758,266858.613413,1584,347,563,60.0,120.0
690,2024-10-14 11:44:52.636975,can_tapper14,"rgb(166,86,40)",491.0,436.0,492.0,11.201629327902241,66.88095238095241,68.6666666666667,2.797223880521454e-12,59,17.475,0.0,290.0,290.0,1.422351,-12.350597609561753,25.0,2.018851,0.01517241379310345,0.01896551724137931,0.015517241379310348,9.255079006772009,1.0771211832687497,1.0000000000001563,119.99999999999996,0.4809387386964724,4.19785,119.843725,1075.585413,1491,269,267,60.0,120.0
691,2024-10-14 11:48:24.957100,can_tapper14,"rgb(247,129,191)",485.0,442.0,489.0,8.8659793814433,55.07440476190475,62.714285714285715,3.386908171958424,1500,17.44166666666667,0.0,280.0,280.0,1.43985,-46.76162790697674,18.0,2.040643,0.011428571428571429,0.015357142857142857,0.012857142857142857,2.869757174392936,0.8723983087383831,1.0000000000001563,2.27471676670449,0.8605827079742958,59.9973,63.282663,212.320125,1482,307,336,60.0,120.0
692,2024-10-14 13:50:39.553822,can_tapper14,"rgb(153,153,153)",481.0,422.0,484.0,12.266112266112266,47.90178571428569,52.99107142857141,4.981148880509579,1500,20.1,0.0,471.0,471.0,0.506554,-37.55238095238095,147.0,2.013269,0.001910828025477707,0.012526539278131634,0.002335456475583864,8.92018779342723,2.1412214946525863,1.2400000000001938,3.470356641605033,0.8865775746465366,59.857625,119.974548,7334.596722,2160,409,718,60.0,120.0
693,2024-10-14 14:14:32.139441,can_tapper14,"rgb(228,26,28)",504.0,461.0,505.0,8.531746031746032,95.0,95.0,5.178873412831937,1500,18.525,0.0,293.0,293.0,1.550235,-54.3719512195122,154.0,2.048684,0.00955631399317406,0.014675767918088738,0.009897610921501706,4.225352112676056,0.8562393335344132,1.0000000000001563,2.27471676670449,0.7678029327338977,59.967731,119.9843,1432.585619,2159,471,711,60.0,120.0
694,2024-10-14 14:32:54.681162,can_tapper14,"rgb(55,126,184)",504.0,463.0,505.0,8.134920634920634,95.0,95.0,2.588374483721628,1500,19.30833333333333,0.0,423.0,423.0,1.081475,-24.79136690647482,21.0,2.086399,0.007328605200945627,0.009692671394799054,0.007565011820330969,6.666666666666667,1.0209864579150607,0.5000000000000782,119.99999999999996,0.5647739378125041,59.925876,119.97503,1102.541721,2160,422,369,60.0,120.0
695,2024-10-14 15:00:59.444860,can_tapper14,"rgb(77,175,74)",509.0,460.0,579.0,9.62671905697446,98.75,100.0,67.1766076340372,1500,22.32,14.0,352.0,338.0,1.124394,-49.53164556962025,52.0,2.222119,0.013313609467455622,0.014497041420118343,0.034023668639053255,3.8229376257545273,1.0697703503183482,1.5000000000002345,2.4199454189414036,0.8301324842232729,46.997073,58.295742,1684.763698,1266,292,416,60.0,120.0
696,2024-10-16 14:30:38.574032,can_tapper14,"rgb(152,78,163)",488.0,441.0,489.0,9.631147540983607,60.29761904761905,62.714285714285715,5.017349635192568e-11,4,17.925,0.0,365.0,365.0,0.512278,-33.78716216216216,18.0,2.018403,0.001643835616438356,0.012876712328767123,0.001917808219178082,6.813186813186813,1.4039610146509374,1.0000000000001563,3.970067279908059,0.8734377696539324,3.102853,119.950598,170979.129172,1479,305,606,60.0,120.0
697,2024-10-16 14:36:44.238608,can_tapper14,"rgb(255,127,0)",500.0,449.0,504.0,10.2,88.25000000000001,95.0,2.9232752156300525e-13,1500,17.975,0.0,495.0,495.0,0.549151,-33.22674418604651,16.0,2.057276,0.0048484848484848485,0.010303030303030302,0.0056565656565656566,11.570247933884298,2.2780158742072167,1.0000000000001563,2.7289468883321724,0.8249668176081023,59.959592,119.88317,365.664576,2160,420,597,60.0,120.0
698,2024-10-16 14:58:31.105304,can_tapper14,"rgb(255,255,51)",493.0,442.0,496.0,10.344827586206897,71.66666666666669,78.58333333333337,0.49383133059155393,1500,18.166666666666668,12.0,445.0,433.0,1.015401,-39.78466076696165,28.0,2.117146,0.009237875288683603,0.011778290993071592,0.009930715935334873,10.13215859030837,1.6281967341044346,1.5000000000002345,2.892719705486028,0.8261488625812604,59.902523,119.963501,1306.866696,2160,384,604,60.0,120.0
699,2024-10-17 07:09:18.539622,can_tapper14,"rgb(166,86,40)",491.0,439.0,493.0,10.590631364562118,66.88095238095241,70.75000000000004,1.0099395145642088e-12,104,18.36,17.0,473.0,456.0,1.021121,-30.09240924092409,38.0,2.117079,0.011403508771929825,0.011403508771929825,0.011842105263157895,4.421052631578948,1.3433364658454312,1.5000000000002345,3.7052173451877075,0.4906274424155527,5.105287,119.958253,58247.434318,1503,316,568,60.0,120.0
700,2024-10-17 07:12:57.662175,can_tapper14,"rgb(247,129,191)",497.0,443.0,501.0,10.865191146881289,79.83333333333337,89.50000000000001,3.491165996072699,1500,18.458333333333332,14.0,377.0,363.0,1.153924,-32.82027649769585,21.0,2.148698,0.012121212121212121,0.014876033057851241,0.01322314049586777,8.45360824742268,1.011118021404886,1.0000000000001563,119.99999999999996,0.3094548287235873,59.943833,119.881829,219.122553,2160,300,424,60.0,120.0
701,2024-10-17 07:26:28.876972,can_tapper14,"rgb(153,153,153)",488.0,443.0,492.0,9.221311475409836,60.29761904761905,68.6666666666667,1.7412985516880235,1500,18.45,15.0,280.0,265.0,1.478742,-36.97816593886463,20.0,2.078468,0.012830188679245284,0.016981132075471698,0.014339622641509434,7.555555555555555,0.8092551662213157,0.5000000000000782,119.99999999999996,0.4450210933552764,59.855007,119.979923,811.214797,2160,332,439,60.0,120.0
702,2024-10-17 07:42:53.300892,can_tapper14,"rgb(228,26,28)",488.0,436.0,491.0,10.655737704918032,60.29761904761905,66.88095238095241,0.7718670097184361,1500,18.5,13.0,307.0,294.0,1.237849,-47.76780185758514,14.0,2.234575,0.01020408163265306,0.017687074829931974,0.011224489795918368,10.31390134529148,0.8910075158822499,1.0000000000001563,2.583718236095259,0.7831295997969563,59.947025,119.911295,984.42392,2160,342,718,60.0,120.0
703,2024-10-17 08:07:14.272761,can_tapper14,"rgb(55,126,184)",488.0,439.0,489.0,10.040983606557377,60.29761904761905,62.714285714285715,2.8201152515774477e-13,1500,18.625,11.0,291.0,280.0,1.199054,-48.946745562130175,14.0,2.190944,0.010714285714285714,0.017499999999999998,0.011071428571428572,7.112970711297071,1.0808942102668337,1.0000000000001563,2.4549339738648777,0.7485815103812858,59.978179,119.993236,1460.971869,2160,351,778,60.0,120.0
704,2024-10-17 08:22:50.141706,can_tapper14,"rgb(77,175,74)",488.0,441.0,492.0,9.631147540983607,60.29761904761905,68.6666666666667,1.600987378216126,1500,18.728571428571428,10.5,313.0,302.5,1.205826,-48.8719512195122,-34.0,,0.009917355371900825,0.01553719008264463,0.011239669421487604,7.112970711297071,1.0636878084074628,1.0200000000001594,2.768403112153709,0.771995500062097,59.980698,119.865021,935.868945,2159,397,612,60.0,120.0
705,2024-10-17 08:31:41.827270,can_tapper14,"rgb(152,78,163)",494.0,441.0,497.0,10.728744939271255,73.75000000000003,79.83333333333337,0.2760801227020405,1500,18.741666666666667,11.0,273.0,262.0,1.214435,-42.83870967741935,-31.0,,0.014122137404580152,0.020229007633587787,0.015267175572519083,10.864745011086475,1.3098897476207012,0.7400000000001157,2.768403112153709,0.7555157823363399,59.85184,119.942684,531.685564,2158,369,638,60.0,120.0
706,2024-10-17 09:18:17.082795,can_tapper14,"rgb(255,127,0)",488.0,435.0,489.0,10.860655737704917,60.29761904761905,62.08333333333334,1.551325133922074,1500,19.025,11.0,467.0,456.0,1.152395,-37.50282485875706,137.0,2.245892,0.009429824561403509,0.011622807017543858,0.009649122807017543,14.161220043572985,1.2660273515282214,1.5000000000002345,119.99999999999996,0.44728762713729453,59.9082,119.881099,2795.255525,2158,191,176,60.0,120.0
707,2024-10-17 09:27:23.534937,can_tapper14,"rgb(255,255,51)",487.0,426.0,489.0,12.525667351129362,58.64583333333334,62.08333333333334,0.5345869042606405,1500,19.05,0.0,500.0,500.0,0.664974,-48.542857142857144,331.0,2.161349,0.011,0.012199999999999999,0.0114,10.76923076923077,1.484573600743553,1.5200000000002376,1.7887444673306678,0.1387313327609726,59.870844,119.987422,546.452142,2159,356,422,60.0,120.0
708,2024-10-17 09:28:54.655583,can_tapper14,"rgb(166,86,40)",504.0,450.0,513.0,10.714285714285714,95.0,100.0,41.95973420431984,1500,19.025,12.5,331.0,318.5,1.178726,-40.656410256410254,83.0,2.279776,0.015698587127158554,0.01695447409733124,0.018524332810047096,14.644351464435147,0.8958114628439922,1.5000000000002345,119.99999999999996,0.5012212295536915,59.937791,119.936583,91.120646,2160,331,542,60.0,120.0
709,2024-10-17 09:33:03.496891,can_tapper14,"rgb(247,129,191)",492.0,449.0,496.0,8.739837398373984,68.6666666666667,78.58333333333337,4.8795488353541545,1500,19.05,11.5,314.0,302.5,1.296976,-55.6973293768546,22.0,2.392985,0.01090909090909091,0.014214876033057853,0.012231404958677687,6.086956521739131,0.9006871259185851,1.5000000000002345,2.583718236095259,0.8344531180658741,59.9202,119.9762,248.841308,2160,422,711,60.0,120.0
710,2024-10-17 09:35:51.241791,can_tapper14,"rgb(153,153,153)",509.0,451.0,521.0,11.394891944990176,98.75,100.0,70.15978229322556,1500,19.06,10.0,494.0,484.0,0.538099,-47.96491228070175,17.0,2.044225,0.005165289256198347,0.011983471074380164,0.007644628099173554,7.43801652892562,1.6184164189787302,1.260000000000197,65.80118015445542,0.4887514493882019,59.813699,119.839049,167.7449,2157,257,320,60.0,120.0
711,2024-10-17 09:38:40.630839,can_tapper14,"rgb(228,26,28)",500.0,440.0,501.0,12.0,88.25000000000001,89.50000000000001,2.0917787074566583,1500,19.133333333333333,0.0,474.0,474.0,1.022401,-48.14,18.0,2.02585,0.010126582278481015,0.012658227848101267,0.010337552742616034,12.0,2.14344753016586,1.2400000000001938,1.9029463547871976,0.16546294238455728,59.834398,119.847943,169.389048,2157,344,499,60.0,120.0
712,2024-10-17 09:59:16.885576,can_tapper14,"rgb(55,126,184)",489.0,436.0,492.0,10.838445807770961,62.714285714285715,68.6666666666667,0.6319913919958983,1500,19.375,11.0,474.0,463.0,0.415409,-56.248868778280546,18.0,2.014109,0.004967602591792657,0.01144708423326134,0.005615550755939525,11.016949152542374,1.7932194236299863,1.5000000000002345,119.99999999999996,0.323877344368516,59.888166,119.956833,1236.254737,2159,290,430,60.0,120.0
713,2024-10-17 10:26:11.186230,can_tapper14,"rgb(77,175,74)",485.0,436.0,488.0,10.103092783505154,55.07440476190475,60.29761904761905,1.305609469159413,1500,19.509999999999998,0.0,291.0,291.0,1.244888,-58.73706896551724,17.0,2.845269,0.013058419243986253,0.01683848797250859,0.014089347079037801,8.459869848156183,1.4194057843225936,0.7600000000001188,60.79310154365427,0.17904006369672065,59.960925,119.956106,1614.300654,2159,298,707,60.0,120.0
714,2024-10-17 11:36:45.680057,can_tapper14,"rgb(152,78,163)",484.0,425.0,485.0,12.190082644628099,52.99107142857141,55.07440476190475,2.0586558921909938e-13,1500,19.55,11.0,318.0,307.0,1.125331,-72.29299363057325,123.0,2.229632,0.014657980456026058,0.019218241042345274,0.014983713355048858,10.13215859030837,1.627205232253604,1.260000000000197,2.4549339738648777,0.41357287019057987,59.87894,119.915881,4234.493827,2157,367,666,60.0,120.0
715,2024-10-17 11:51:00.358835,can_tapper14,"rgb(255,127,0)",486.0,434.0,489.0,10.699588477366255,56.72619047619047,62.714285714285715,0.17183118748022824,1500,19.625,10.0,356.0,346.0,1.040593,-61.824675324675326,17.0,2.04645,0.011560693641618498,0.015028901734104046,0.012427745664739885,7.991360691144709,1.3021071265433342,1.0000000000001563,2.291161156711022,0.25911817491016786,59.95335,119.826224,854.678778,2157,375,532,60.0,120.0
716,2024-10-17 11:55:19.167166,can_tapper14,"rgb(255,255,51)",497.0,442.0,500.0,11.066398390342053,79.83333333333337,88.25000000000001,3.390152617844412,1500,19.69166666666667,0.0,467.0,467.0,1.125488,-64.05,138.0,2.225744,0.011777301927194861,0.011777301927194861,0.012419700214132762,7.922912205567452,1.3574216218263229,1.5200000000002376,2.0171482422437275,0.20073038162460088,59.973932,119.769517,258.808331,2157,302,493,60.0,120.0
717,2024-10-17 12:01:43.667957,can_tapper14,"rgb(166,86,40)",496.0,436.0,497.0,12.096774193548388,78.58333333333337,79.83333333333337,3.259877004389104,1500,19.715,8.0,291.0,283.0,1.091149,-64.26296296296296,18.0,2.092275,0.01519434628975265,0.02120141342756184,0.015547703180212015,13.232104121475054,1.1275856962263264,1.0000000000001563,119.99999999999996,0.19035930099725518,59.807575,119.933049,384.500791,2155,290,531,60.0,120.0
718,2024-10-17 12:06:30.036556,can_tapper14,"rgb(247,129,191)",497.0,452.0,500.0,9.054325955734406,79.83333333333337,88.25000000000001,2.9232752156300525e-13,1500,19.80833333333333,11.0,287.0,276.0,1.2662,-62.09120521172638,18.0,3.370868,0.012318840579710144,0.01630434782608696,0.013405797101449275,7.186858316221766,1.2337238227415384,1.0000000000001563,1.9029463547871976,0.19379800235604028,59.971224,119.831524,286.368599,2156,324,543,60.0,120.0
719,2024-10-17 12:10:42.931482,can_tapper14,"rgb(153,153,153)",500.0,455.0,501.0,9.0,88.25000000000001,89.50000000000001,0.19800008799963598,1500,19.85,0.0,265.0,265.0,1.462172,-58.93436293436294,18.0,2.067024,0.014339622641509434,0.016981132075471698,0.01471698113207547,5.882352941176471,1.1375825145069551,0.7600000000001188,119.99999999999996,0.24572333214831077,59.998252,119.910298,252.894926,2156,271,483,60.0,120.0
720,2024-10-17 12:21:52.278652,can_tapper14,"rgb(228,26,28)",493.0,451.0,496.0,8.519269776876268,71.66666666666669,78.58333333333337,1.066747140776065,1500,20.05,10.0,312.0,302.0,1.296777,-62.24242424242424,18.0,2.296823,0.010264900662251655,0.013907284768211922,0.011258278145695364,8.459869848156183,1.183876340693915,1.0200000000001594,2.145932504474109,0.22546796095883603,59.967007,119.872364,669.34717,2155,346,603,60.0,120.0
721,2024-10-17 13:13:56.564149,can_tapper14,"rgb(55,126,184)",491.0,439.0,,10.590631364562118,66.88095238095241,,,0,17.4,16.0,309.0,293.0,1.32516,-36.81132075471698,20.0,2.419247,0.013993174061433447,0.017747440273037544,,7.207207207207207,1.0044193759221185,0.7600000000001188,119.99999999999996,0.45222593468363625,1.192827,119.842957,3124.285497,1455,165,205,60.0,120.0
722,2024-10-17 13:19:26.421522,can_tapper14,"rgb(77,175,74)",489.0,447.0,492.0,8.588957055214724,62.714285714285715,68.6666666666667,4.361566382917685,1500,20.23333333333333,13.0,317.0,304.0,1.196465,-61.415929203539825,25.0,2.292046,0.011513157894736843,0.013815789473684212,0.0125,7.658643326039387,1.000785760256682,1.260000000000197,3.211530999738488,0.832938266378614,59.773041,119.808775,329.857373,2157,395,778,60.0,120.0
723,2024-10-17 13:31:25.523145,can_tapper14,"rgb(152,78,163)",493.0,430.0,496.0,12.778904665314403,71.66666666666669,78.58333333333337,8.843540243896139e-14,1500,20.3,0.0,456.0,456.0,1.153976,-40.82857142857143,137.0,2.155639,0.008991228070175439,0.013815789473684212,0.009649122807017544,10.46770601336303,1.3515742407873115,1.2400000000001938,119.99999999999996,0.4438928257082164,59.810737,119.97315,719.101623,2159,222,337,60.0,120.0
724,2024-10-17 14:13:05.974914,can_tapper14,"rgb(255,127,0)",486.0,440.0,489.0,9.465020576131687,56.72619047619047,62.714285714285715,0.3540268240121485,1500,20.40833333333333,11.5,285.0,273.5,1.227314,-65.21913580246914,15.0,2.732625,0.010968921389396709,0.016819012797074956,0.012065813528336381,7.756813417190775,1.1590655470968416,1.0000000000001563,2.768403112153709,0.7978279598053686,59.974641,119.858525,2500.451769,2160,339,604,60.0,120.0
725,2024-10-17 14:18:09.565588,can_tapper14,"rgb(255,255,51)",503.5,450.0,505.0,10.625620655412115,93.43749999999999,95.0,6.934963082204648,1500,20.4625,12.0,308.0,296.0,1.236175,-56.41549295774648,18.0,2.232816,0.010979729729729729,0.018074324324324324,0.011486486486486487,12.863070539419088,0.920910728355598,1.0000000000001563,2.0171482422437275,0.18867545935173113,59.960525,119.896024,303.590674,2160,377,637,60.0,120.0
726,2024-10-17 14:37:13.835424,can_tapper14,"rgb(166,86,40)",493.0,451.0,496.0,8.519269776876268,71.66666666666669,78.58333333333337,0.3816890585286409,1500,20.616666666666667,11.0,500.0,489.0,1.032402,-42.63274336283186,18.0,2.038144,0.007975460122699387,0.008588957055214725,0.008588957055214723,4.845814977973569,1.263023297077105,1.0000000000001563,119.99999999999996,0.5014881994043097,59.90988,119.980378,1144.269836,2160,306,309,60.0,120.0
727,2024-10-17 14:41:59.129266,can_tapper14,"rgb(247,129,191)",493.0,446.0,496.0,9.533468559837727,71.66666666666669,78.58333333333337,8.843540243896139e-14,1500,20.65,11.0,287.0,276.0,1.290606,-54.60663507109005,17.0,2.38821,0.011231884057971014,0.01702898550724638,0.012318840579710146,9.513742071881607,1.2029623586778002,1.0000000000001563,119.99999999999996,0.43489410059634326,59.917515,119.990816,285.293842,2160,303,449,60.0,120.0
728,2024-10-17 14:46:12.763156,can_tapper14,"rgb(153,153,153)",494.0,435.0,497.0,11.94331983805668,73.75000000000003,79.83333333333337,1.5277784567897386,1500,20.76666666666667,0.0,490.0,490.0,0.9139,-47.94607843137255,18.0,2.010994,0.006122448979591836,0.012040816326530611,0.0067346938775510205,14.725274725274724,2.217379547426874,1.0000000000001563,119.99999999999996,0.4071782628831403,59.990924,119.942327,253.63389,2160,250,326,60.0,120.0
729,2024-10-17 14:49:04.356531,can_tapper14,"rgb(228,26,28)",497.0,448.0,501.0,9.859154929577464,79.83333333333337,89.50000000000001,4.686437638415463,1500,20.78333333333333,0.0,280.0,280.0,1.267702,-54.88392857142857,18.0,2.369844,0.013928571428571429,0.0175,0.015357142857142856,8.15450643776824,1.2144255024299988,1.0000000000001563,119.99999999999996,0.38429527263563323,59.9968,119.911625,171.593375,2159,253,445,60.0,120.0
730,2024-10-17 14:58:36.080721,can_tapper14,"rgb(55,126,184)",492.0,429.0,496.0,12.804878048780488,68.6666666666667,78.58333333333337,8.843540243896139e-14,1500,20.825,11.0,322.0,311.0,1.117577,-60.05830903790088,125.0,2.217983,0.015434083601286175,0.020257234726688104,0.016720257234726685,12.368972746331236,1.5253972816584112,1.0000000000001563,2.6396188499233277,0.8264947793464731,59.913768,119.927676,571.72419,2159,388,683,60.0,120.0
731,2024-10-17 15:25:55.543806,can_tapper14,"rgb(77,175,74)",492.0,430.0,493.0,12.601626016260163,68.6666666666667,71.66666666666669,0.40479129101808115,1500,21.025,0.0,308.0,308.0,1.089818,-64.92767295597484,91.0,2.091066,0.011363636363636364,0.02012987012987013,0.011688311688311689,11.965811965811966,1.463402836089771,1.5000000000002345,2.768403112153709,0.8172782638003219,60.000465,119.975756,1639.463085,2160,339,801,60.0,120.0
732,2024-10-18 10:45:51.627673,can_tapper14,"rgb(152,78,163)",489.0,445.0,493.0,8.997955010224949,62.714285714285715,71.66666666666669,6.651592527225381,1009,19.1,18.0,281.0,263.0,1.319441,-35.958990536277604,18.0,2.313138,0.012167300380228138,0.01673003802281369,0.013688212927756654,5.908096280087527,1.2288061180354939,1.0000000000001563,4.605541037176915,0.7453923173424022,23.199353,119.885865,69596.083867,1719,358,577,60.0,120.0
733,2024-10-18 10:56:13.702243,can_tapper14,"rgb(255,127,0)",492.0,444.0,493.0,9.75609756097561,68.6666666666667,71.66666666666669,0.5064802251023419,1500,21.566666666666666,14.0,283.0,269.0,1.413056,-34.355704697986575,20.0,2.012332,0.013754646840148698,0.017843866171003718,0.014126394052044609,8.026030368763557,0.7702263780180513,1.0000000000001563,60.894372233665315,0.15887579371729588,59.956293,119.933898,622.07457,2160,422,376,60.0,120.0
734,2024-10-29 13:50:36.751528,can_tapper14,"rgb(255,255,51)",492.0,464.0,492.0,5.691056910569105,68.6666666666667,68.6666666666667,11.553525521301507,640,18.14,17.0,436.0,419.0,0.808005,-30.533088235294116,17.0,2.806124,0.004057279236276849,0.006682577565632458,0.004057279236276849,4.602510460251046,1.0023244835211076,0.5000000000000782,5.413662508332216,0.8070915331788803,15.805929,119.773275,960863.049285,1629,298,395,60.0,120.0
735,2024-10-29 14:01:29.045572,can_tapper14,"rgb(166,86,40)",505.0,474.0,508.0,6.138613861386139,95.0,98.75,6.425196288490664,1454,18.175,15.0,460.0,445.0,0.727732,-16.529182879377434,20.0,2.224162,0.0035955056179775282,0.006966292134831461,0.004269662921348315,2.6156941649899395,0.7013313189037519,0.5000000000000782,4.67804510221319,0.16027207284699319,32.104964,119.984514,652.294044,1826,307,479,60.0,120.0
736,2024-10-29 14:16:47.838305,can_tapper14,"rgb(247,129,191)",489.0,454.0,488.0,7.157464212678937,62.714285714285715,60.29761904761905,1.857111936493803,1500,18.15833333333333,0.0,495.0,495.0,0.984977,-34.50735294117647,430.0,2.082682,0.006868686868686868,0.007070707070707071,0.006666666666666666,6.437768240343348,0.9667871503213645,0.7600000000001188,1.406595676542853,0.07840854829045629,59.93735,119.897675,918.792733,2158,418,667,60.0,120.0
737,2024-10-29 14:17:59.269719,can_tapper14,"rgb(153,153,153)",501.0,450.0,512.0,10.179640718562874,89.50000000000001,100.0,55.51163356071716,1500,18.225,0.0,430.0,430.0,1.082661,-35.36482084690554,138.0,2.179611,0.008604651162790697,0.01186046511627907,0.011162790697674419,9.166666666666666,1.1342843698035865,1.5000000000002345,2.565174071178317,0.7634568679345952,59.914622,119.991945,71.431414,2160,434,741,60.0,120.0
738,2024-10-29 14:43:03.395100,can_tapper14,"rgb(228,26,28)",509.0,455.0,517.0,10.609037328094303,98.75,100.0,99.2769330119544,1500,18.32,12.0,280.0,268.0,1.21252,-20.92142857142857,303.0,2.210269,0.013059701492537313,0.020149253731343287,0.016044776119402984,10.729613733905579,1.1321475210937126,1.0000000000001563,2.27471676670449,0.11102983771194308,59.940425,119.975337,1504.125381,2159,427,682,60.0,120.0
739,2024-10-29 14:44:51.086243,can_tapper14,"rgb(55,126,184)",510.0,455.0,517.0,10.784313725490197,100.0,100.0,95.96745598552052,1500,18.35,0.0,303.0,303.0,1.183001,-0.8982456140350877,499.0,2.2833,0.011881188118811881,0.018151815181518153,0.014191419141914192,12.31732776617954,1.1344833449235665,1.0000000000001563,119.99999999999996,0.23338501232611297,59.952723,119.896588,107.691143,2119,413,585,60.0,120.0
740,2024-10-29 14:45:52.707224,can_tapper14,"rgb(77,175,74)",501.0,450.0,504.0,10.179640718562874,91.25,95.0,37.197545421125696,1500,15.933333333333334,0.0,315.0,315.0,1.193224,-44.90592334494774,15.0,2.191624,0.012380952380952381,0.01619047619047619,0.013333333333333332,7.563025210084033,1.3425124428822868,1.0000000000001563,8.18085439915643,0.7549275593716586,59.931724,119.989324,61.620981,2120,424,550,60.0,120.0
741,2024-11-01 08:38:17.124435,can_tapper14,"rgb(152,78,163)",500.0,463.0,501.0,7.3999999999999995,88.25000000000001,91.25,12.207863361116592,247,18.025,0.0,240.0,240.0,1.026376,-28.972125435540068,86.0,2.019605,0.01,0.015416666666666665,0.010416666666666668,5.353319057815845,0.8387030305796441,0.5000000000000782,3.678623825607137,0.68310201349404,7.956425,119.917279,237144.417211,1536,304,391,60.0,120.0
742,2024-11-14 08:47:53.206102,can_tapper14,"rgb(255,127,0)",489.0,451.0,492.0,7.770961145194274,62.714285714285715,68.6666666666667,20.51497692842258,364,14.4,0.0,336.0,336.0,1.030745,-38.75320512820513,99.0,2.031534,0.00863095238095238,0.01130952380952381,0.009523809523809525,7.423580786026201,0.7136339434050186,0.5000000000000782,4.148345232772487,0.723868343328081,10.297644,119.816408,1123776.081667,1563,334,415,60.0,120.0
743,2024-11-14 09:11:32.781932,can_tapper14,"rgb(255,255,51)",504.0,470.0,,6.746031746031746,95.0,,,0,16.9,0.0,215.0,215.0,1.041612,-33.99317406143345,90.0,2.043734,0.011627906976744186,0.01581395348837209,,4.602510460251046,0.7938591588749564,0.5000000000000782,3.678623825607137,0.7351108214981159,0.126997,119.959537,1419.57583,1440,296,359,60.0,120.0
744,2024-11-14 11:19:26.341358,can_tapper14,"rgb(166,86,40)",497.0,463.0,500.0,6.841046277665996,79.83333333333337,88.25000000000001,8.544361909422452,862,15.64166666666667,17.0,404.0,387.0,0.808502,-29.65527950310559,18.0,2.212578,0.005943152454780363,0.008785529715762274,0.006718346253229974,5.353319057815845,0.9631611891722913,0.5000000000000782,3.678623825607137,0.7154447995406426,20.262935,119.821912,7673.559426,1683,349,509,60.0,120.0
