start_index,start_time,can_tapper_id,window_start,window_end,temp_avg_start_C,pre_data_duration_s,post_data_duration_s,t_since_previous_start_s,n_voltage_samples,n_current_samples,n_temperature_samples,FILE_NAME_ORIGIN
0,2022-07-04 10:09:45.209737,can_tapper14,2022-07-04 10:08:45.209737,2022-07-04 10:11:45.209737,,0.902378,119.929435,,1452,295,476,//qar7000185/GP0_UPLOAD/BOXER/CYLOM\KZ-05-18_CP-35\20220927\can_Tapper14-07-04-10-09-44.pcap.gz
1,2022-07-05 07:27:36.809784,can_tapper14,2022-07-05 07:26:36.809784,2022-07-05 07:29:36.809784,18.25,36.246088,119.849145,76671.600047,1875,324,558,//qar7000185/GP0_UPLOAD/BOXER/CYLOM\KZ-05-18_CP-35\20220927\can_Tapper14-07-05-07-27-00.pcap.gz
2,2022-07-05 08:07:48.210653,can_tapper14,2022-07-05 08:06:48.210653,2022-07-05 08:09:48.210653,18.10833333333333,59.881974,118.992275,2411.400869,1760,353,384,//qar7000185/GP0_UPLOAD/BOXER/CYLOM\KZ-05-18_CP-35\20220927\can_Tapper14-07-05-08-07-28.pcap.gz
3,2022-07-12 14:29:58.682779,can_tapper14,2022-07-12 14:28:58.682779,2022-07-12 14:31:58.682779,17.5,18.406696,119.934405,627730.472126,1662,355,576,//qar7000185/GP0_UPLOAD/BOXER/CYLOM\KZ-05-18_CP-35\20220927\can_Tapper14-07-12-14-29-40.pcap.gz
4,2022-07-21 09:39:33.289646,can_tapper14,2022-07-21 09:38:33.289646,2022-07-21 09:41:33.289646,21.925,39.489032,119.854139,760174.606867,1914,348,518,//qar7000185/GP0_UPLOAD/BOXER/CYLOM\KZ-05-18_CP-35\20220927\can_Tapper14-07-21-09-38-53.pcap.gz
5,2022-07-21 10:57:18.413465,can_tapper14,2022-07-21 10:56:18.413465,2022-07-21 10:59:18.413465,23.625,35.197455,119.926479,4665.123819,1863,368,526,//qar7000185/GP0_UPLOAD/BOXER/CYLOM\KZ-05-18_CP-35\20220927\can_Tapper14-07-21-10-56-43.pcap.gz
6,2022-07-21 11:24:13.197936,can_tapper14,2022-07-21 11:23:13.197936,2022-07-21 11:26:13.197936,23.93333333333333,59.874299,119.813975,1614.784471,2157,404,719,//qar7000185/GP0_UPLOAD/BOXER/CYLOM\KZ-05-18_CP-35\20220927\can_Tapper14-07-21-10-56-43.pcap.gz
7,2022-07-21 11:25:25.830111,can_tapper14,2022-07-21 11:24:25.830111,2022-07-21 11:27:25.830111,23.97,59.957244,119.985452,72.632175,2160,427,875,//qar7000185/GP0_UPLOAD/BOXER/CYLOM\KZ-05-18_CP-35\20220927\can_Tapper14-07-21-10-56-43.pcap.gz
8,2022-07-21 11:33:39.581684,can_tapper14,2022-07-21 11:32:39.581684,2022-07-21 11:35:39.581684,24.103333333333335,59.997795,119.985631,493.751573,2159,458,795,//qar7000185/GP0_UPLOAD/BOXER/CYLOM\KZ-05-18_CP-35\20220927\can_Tapper14-07-21-10-56-43.pcap.gz
9,2022-07-21 11:35:43.131064,can_tapper14,2022-07-21 11:34:43.131064,2022-07-21 11:37:43.131064,24.146666666666665,59.989056,119.858871,123.54938,2119,425,487,//qar7000185/GP0_UPLOAD/BOXER/CYLOM\KZ-05-18_CP-35\20220927\can_Tapper14-07-21-10-56-43.pcap.gz
10,2022-07-21 11:38:11.316509,can_tapper14,2022-07-21 11:37:11.316509,2022-07-21 11:40:11.316509,24.55,59.941496,119.968824,148.185445,2159,422,454,//qar7000185/GP0_UPLOAD/BOXER/CYLOM\KZ-05-18_CP-35\20220927\can_Tapper14-07-21-10-56-43.pcap.gz
11,2022-07-21 11:41:47.651865,can_tapper14,2022-07-21 11:40:47.651865,2022-07-21 11:43:47.651865,24.491666666666667,59.931832,119.990997,216.335356,2159,426,461,//qar7000185/GP0_UPLOAD/BOXER/CYLOM\KZ-05-18_CP-35\20220927\can_Tapper14-07-21-10-56-43.pcap.gz
12,2022-07-21 11:46:50.438466,can_tapper14,2022-07-21 11:45:50.438466,2022-07-21 11:48:50.438466,24.675,59.950505,79.68619,302.786601,1677,317,557,//qar7000185/GP0_UPLOAD/BOXER/CYLOM\KZ-05-18_CP-35\20220927\can_Tapper14-07-21-10-56-43.pcap.gz
13,2022-07-21 11:51:19.502426,can_tapper14,2022-07-21 11:50:19.502426,2022-07-21 11:53:19.502426,24.675,59.934713,119.981639,269.06396,2160,378,756,//qar7000185/GP0_UPLOAD/BOXER/CYLOM\KZ-05-18_CP-35\20220927\can_Tapper14-07-21-11-50-00.pcap.gz
14,2022-07-21 11:54:47.461772,can_tapper14,2022-07-21 11:53:47.461772,2022-07-21 11:56:47.461772,24.78333333333333,59.984107,112.901388,207.959346,2075,428,778,//qar7000185/GP0_UPLOAD/BOXER/CYLOM\KZ-05-18_CP-35\20220927\can_Tapper14-07-21-11-50-00.pcap.gz
15,2022-07-21 11:58:49.915159,can_tapper14,2022-07-21 11:57:49.915159,2022-07-21 12:00:49.915159,28.46666666666667,40.872886,119.971009,242.453387,1932,308,406,//qar7000185/GP0_UPLOAD/BOXER/CYLOM\KZ-05-18_CP-35\20220927\can_Tapper14-07-21-11-58-08.pcap.gz
16,2022-07-21 12:03:38.473659,can_tapper14,2022-07-21 12:02:38.473659,2022-07-21 12:05:38.473659,24.955000000000002,59.837542,119.823032,288.5585,2157,416,653,//qar7000185/GP0_UPLOAD/BOXER/CYLOM\KZ-05-18_CP-35\20220927\can_Tapper14-07-21-11-58-08.pcap.gz
17,2022-07-21 12:08:10.420517,can_tapper14,2022-07-21 12:07:10.420517,2022-07-21 12:10:10.420517,25.025,53.116728,119.983562,271.946858,2079,355,486,//qar7000185/GP0_UPLOAD/BOXER/CYLOM\KZ-05-18_CP-35\20220927\can_Tapper14-07-21-12-07-17.pcap.gz
18,2022-07-21 12:11:27.602009,can_tapper14,2022-07-21 12:10:27.602009,2022-07-21 12:13:27.602009,28.76666666666667,21.3014,119.803173,197.181492,1695,318,427,//qar7000185/GP0_UPLOAD/BOXER/CYLOM\KZ-05-18_CP-35\20220927\can_Tapper14-07-21-12-11-06.pcap.gz
19,2022-07-21 12:13:45.863182,can_tapper14,2022-07-21 12:12:45.863182,2022-07-21 12:15:45.863182,25.1,59.980732,119.850649,138.261173,2158,433,602,//qar7000185/GP0_UPLOAD/BOXER/CYLOM\KZ-05-18_CP-35\20220927\can_Tapper14-07-21-12-11-06.pcap.gz
20,2022-07-21 12:18:40.419967,can_tapper14,2022-07-21 12:17:40.419967,2022-07-21 12:20:40.419967,25.15,46.454079,119.878918,294.556785,1998,314,414,//qar7000185/GP0_UPLOAD/BOXER/CYLOM\KZ-05-18_CP-35\20220927\can_Tapper14-07-21-12-17-53.pcap.gz
21,2022-07-21 12:20:55.375866,can_tapper14,2022-07-21 12:19:55.375866,2022-07-21 12:22:55.375866,25.2,59.873442,119.989449,134.955899,2159,407,556,//qar7000185/GP0_UPLOAD/BOXER/CYLOM\KZ-05-18_CP-35\20220927\can_Tapper14-07-21-12-17-53.pcap.gz
22,2022-08-01 11:27:57.376207,can_tapper14,2022-08-01 11:26:57.376207,2022-08-01 11:29:57.376207,19.925,24.088661,119.977802,947222.000341,1729,370,671,//qar7000185/GP0_UPLOAD/BOXER/CYLOM\KZ-05-18_CP-35\20220927\can_Tapper14-08-01-11-27-32.pcap.gz
23,2022-08-02 07:56:26.541845,can_tapper14,2022-08-02 07:55:26.541845,2022-08-02 07:58:26.541845,19.977272727272727,59.92861,119.908102,73709.165638,2160,442,937,//qar7000185/GP0_UPLOAD/BOXER/CYLOM\KZ-05-18_CP-35\20220927\can_Tapper14-08-02-07-54-05.pcap.gz
24,2022-08-02 08:11:59.698334,can_tapper14,2022-08-02 08:10:59.698334,2022-08-02 08:13:59.698334,19.97142857142857,5.143516,119.973124,933.156489,1503,312,507,//qar7000185/GP0_UPLOAD/BOXER/CYLOM\KZ-05-18_CP-35\20220927\can_Tapper14-08-02-08-11-54.pcap.gz
25,2022-08-02 09:04:47.959845,can_tapper14,2022-08-02 09:03:47.959845,2022-08-02 09:06:47.959845,20.083333333333332,1.409566,102.425287,3168.261511,1246,254,396,//qar7000185/GP0_UPLOAD/BOXER/CYLOM\KZ-05-18_CP-35\20220927\can_Tapper14-08-02-09-04-46.pcap.gz
26,2022-08-02 12:00:27.808972,can_tapper14,2022-08-02 11:59:27.808972,2022-08-02 12:02:27.808972,21.665,21.621303,119.957769,10539.849127,1699,329,572,//qar7000185/GP0_UPLOAD/BOXER/CYLOM\KZ-05-18_CP-35\20220927\can_Tapper14-08-02-12-00-06.pcap.gz
27,2022-09-12 12:53:44.001602,can_tapper14,2022-09-12 12:52:44.001602,2022-09-12 12:55:44.001602,15.775,8.554713,119.802197,3545596.19263,1542,352,495,//qar7000185/GP0_UPLOAD/BOXER/CYLOM\KZ-05-18_CP-35\20220927\can_Tapper14-09-12-12-53-35.pcap.gz
28,2022-09-13 13:49:20.078510,can_tapper14,2022-09-13 13:48:20.078510,2022-09-13 13:51:20.078510,19.75,59.916752,119.929793,89736.076908,2158,418,810,//qar7000185/GP0_UPLOAD/BOXER/CYLOM\KZ-05-18_CP-35\20220927\can_Tapper14-09-13-12-50-22.pcap.gz
29,2022-09-14 13:06:30.064608,can_tapper14,2022-09-14 13:05:30.064608,2022-09-14 13:08:30.064608,17.3,59.957001,119.917296,83829.986098,1770,332,638,//qar7000185/GP0_UPLOAD/BOXER/CYLOM\KZ-05-18_CP-35\20220927\can_Tapper14-09-14-12-48-07.pcap.gz
30,2022-09-14 13:10:59.026898,can_tapper14,2022-09-14 13:09:59.026898,2022-09-14 13:12:59.026898,17.375,59.960284,119.878391,268.96229,2158,451,756,//qar7000185/GP0_UPLOAD/BOXER/CYLOM\KZ-05-18_CP-35\20220927\can_Tapper14-09-14-13-08-11.pcap.gz
31,2022-09-15 20:33:21.740441,can_tapper14,2022-09-15 20:32:21.740441,2022-09-15 20:35:21.740441,16.555,59.884146,119.953921,112942.713543,2158,401,684,//qar7000185/GP0_UPLOAD/BOXER/CYLOM\KZ-05-18_CP-35\20220927\can_Tapper14-09-15-19-46-54.pcap.gz
32,2022-09-15 20:34:09.347495,can_tapper14,2022-09-15 20:33:09.347495,2022-09-15 20:36:09.347495,16.625,59.978325,119.976818,47.607054,2160,436,712,//qar7000185/GP0_UPLOAD/BOXER/CYLOM\KZ-05-18_CP-35\20220927\can_Tapper14-09-15-19-46-54.pcap.gz
33,2022-09-19 13:36:15.014461,can_tapper14,2022-09-19 13:35:15.014461,2022-09-19 13:38:15.014461,12.175,59.87362,119.970339,320525.666966,2158,433,894,//qar7000185/GP0_UPLOAD/BOXER/CYLOM\KZ-05-18_CP-35\20220927\can_Tapper14-09-19-13-31-27.pcap.gz
34,2022-09-19 21:11:55.552536,can_tapper14,2022-09-19 21:10:55.552536,2022-09-19 21:13:55.552536,16.067857142857143,59.991454,119.910025,27340.538075,2159,441,752,//qar7000185/GP0_UPLOAD/BOXER/CYLOM\KZ-05-18_CP-35\20220927\can_Tapper14-09-19-20-31-28.pcap.gz
35,2022-09-20 10:41:17.728704,can_tapper14,2022-09-20 10:40:17.728704,2022-09-20 10:43:17.728704,14.675,59.972405,119.882784,48562.176168,2159,429,683,//qar7000185/GP0_UPLOAD/BOXER/CYLOM\KZ-05-18_CP-35\20220927\can_Tapper14-09-20-09-58-40.pcap.gz
36,2022-09-20 11:07:02.953567,can_tapper14,2022-09-20 11:06:02.953567,2022-09-20 11:09:02.953567,15.275,59.882022,119.980055,1545.224863,2158,345,749,//qar7000185/GP0_UPLOAD/BOXER/CYLOM\KZ-05-18_CP-35\20220927\can_Tapper14-09-20-10-58-40.pcap.gz
37,2022-09-20 12:05:34.571076,can_tapper14,2022-09-20 12:04:34.571076,2022-09-20 12:07:34.571076,14.25,59.88081,119.98565,3511.617509,2159,365,502,//qar7000185/GP0_UPLOAD/BOXER/CYLOM\KZ-05-18_CP-35\20220927\can_Tapper14-09-20-11-58-40.pcap.gz
38,2022-09-20 15:30:02.912166,can_tapper14,2022-09-20 15:29:02.912166,2022-09-20 15:32:02.912166,20.466666666666665,59.869032,119.968343,12268.34109,2160,363,494,//qar7000185/GP0_UPLOAD/BOXER/CYLOM\KZ-05-18_CP-35\20220927\can_Tapper14-09-20-15-01-45.pcap.gz
39,2022-09-20 15:46:25.657131,can_tapper14,2022-09-20 15:45:25.657131,2022-09-20 15:48:25.657131,18.145,59.940981,119.976874,982.744965,2160,472,270,//qar7000185/GP0_UPLOAD/BOXER/CYLOM\KZ-05-18_CP-35\20220927\can_Tapper14-09-20-15-01-45.pcap.gz
40,2022-09-20 15:48:02.402678,can_tapper14,2022-09-20 15:47:02.402678,2022-09-20 15:50:02.402678,18.175,59.902448,119.8976,96.745547,2158,419,267,//qar7000185/GP0_UPLOAD/BOXER/CYLOM\KZ-05-18_CP-35\20220927\can_Tapper14-09-20-15-01-45.pcap.gz
41,2022-09-20 15:58:47.776595,can_tapper14,2022-09-20 15:57:47.776595,2022-09-20 16:00:47.776595,15.85,59.998386,119.884301,645.373917,2158,405,527,//qar7000185/GP0_UPLOAD/BOXER/CYLOM\KZ-05-18_CP-35\20220927\can_Tapper14-09-20-15-01-45.pcap.gz
42,2022-09-21 07:12:31.519329,can_tapper14,2022-09-21 07:11:31.519329,2022-09-21 07:14:31.519329,16.05833333333333,59.967473,119.846682,54823.742734,2158,415,785,//qar7000185/GP0_UPLOAD/BOXER/CYLOM\KZ-05-18_CP-35\20220927\can_Tapper14-09-21-06-37-04.pcap.gz
43,2022-09-21 07:22:11.862033,can_tapper14,2022-09-21 07:21:11.862033,2022-09-21 07:24:11.862033,15.76,59.927256,119.970922,580.342704,2160,444,449,//qar7000185/GP0_UPLOAD/BOXER/CYLOM\KZ-05-18_CP-35\20220927\can_Tapper14-09-21-06-37-04.pcap.gz
44,2022-09-21 09:49:28.249550,can_tapper14,2022-09-21 09:48:28.249550,2022-09-21 09:51:28.249550,15.225,59.959428,119.898,8836.387517,2159,353,656,//qar7000185/GP0_UPLOAD/BOXER/CYLOM\KZ-05-18_CP-35\20220927\can_Tapper14-09-21-09-37-04.pcap.gz
45,2022-09-21 11:35:38.179476,can_tapper14,2022-09-21 11:34:38.179476,2022-09-21 11:37:38.179476,16.75,59.929827,119.918899,6369.929926,2159,434,567,//qar7000185/GP0_UPLOAD/BOXER/CYLOM\KZ-05-18_CP-35\20220927\can_Tapper14-09-21-10-37-04.pcap.gz
46,2022-09-21 15:50:04.976418,can_tapper14,2022-09-21 15:49:04.976418,2022-09-21 15:52:04.976418,18.8,59.983177,119.895166,15266.796942,2159,365,612,//qar7000185/GP0_UPLOAD/BOXER/CYLOM\KZ-05-18_CP-35\20220927\can_Tapper14-09-21-15-37-04.pcap.gz
47,2022-09-21 16:29:02.153392,can_tapper14,2022-09-21 16:28:02.153392,2022-09-21 16:31:02.153392,19.675,59.938811,119.946791,2337.176974,2160,440,519,//qar7000185/GP0_UPLOAD/BOXER/CYLOM\KZ-05-18_CP-35\20220927\can_Tapper14-09-21-15-37-04.pcap.gz
48,2022-09-22 07:00:46.564403,can_tapper14,2022-09-22 06:59:46.564403,2022-09-22 07:02:46.564403,16.05,59.960574,119.9185,52304.411011,2159,413,759,//qar7000185/GP0_UPLOAD/BOXER/CYLOM\KZ-05-18_CP-35\20220927\can_Tapper14-09-22-06-38-55.pcap.gz
49,2022-09-22 09:13:16.688772,can_tapper14,2022-09-22 09:12:16.688772,2022-09-22 09:15:16.688772,15.998333333333335,59.90685,119.95495,7950.124369,2158,364,632,//qar7000185/GP0_UPLOAD/BOXER/CYLOM\KZ-05-18_CP-35\20220927\can_Tapper14-09-22-08-38-55.pcap.gz
50,2022-09-22 10:45:17.859676,can_tapper14,2022-09-22 10:44:17.859676,2022-09-22 10:47:17.859676,17.416666666666668,59.887749,119.964429,5521.170904,2158,381,526,//qar7000185/GP0_UPLOAD/BOXER/CYLOM\KZ-05-18_CP-35\20220927\can_Tapper14-09-22-10-38-55.pcap.gz
51,2022-09-22 13:15:39.281333,can_tapper14,2022-09-22 13:14:39.281333,2022-09-22 13:17:39.281333,18.366666666666667,59.900305,119.993991,9021.421657,2158,414,654,//qar7000185/GP0_UPLOAD/BOXER/CYLOM\KZ-05-18_CP-35\20220927\can_Tapper14-09-22-12-38-55.pcap.gz
52,2022-09-22 16:44:20.172127,can_tapper14,2022-09-22 16:43:20.172127,2022-09-22 16:46:20.172127,20.275,59.932306,103.17821,12520.890794,1959,218,176,//qar7000185/GP0_UPLOAD/BOXER/CYLOM\KZ-05-18_CP-35\20220927\can_Tapper14-09-22-16-38-55.pcap.gz
53,2022-10-11 13:27:46.108467,can_tapper14,2022-10-11 13:26:46.108467,2022-10-11 13:29:46.108467,11.0,0.891811,119.946671,1629805.93634,1452,343,510,//qar7000185/GP0_UPLOAD/BOXER/CYLOM\KZ-05-18_CP-35\20230530\can_Tapper14-10-11-13-27-44.pcap.gz
54,2022-10-11 14:11:13.008371,can_tapper14,2022-10-11 14:10:13.008371,2022-10-11 14:13:13.008371,11.091666666666665,59.833247,119.840606,2606.899904,2157,429,733,//qar7000185/GP0_UPLOAD/BOXER/CYLOM\KZ-05-18_CP-35\20230530\can_Tapper14-10-11-13-27-44.pcap.gz
55,2022-10-13 10:11:24.147987,can_tapper14,2022-10-13 10:10:24.147987,2022-10-13 10:13:24.147987,10.708333333333334,35.257424,119.862593,158411.139616,1863,354,488,//qar7000185/GP0_UPLOAD/BOXER/CYLOM\KZ-05-18_CP-35\20230530\can_Tapper14-10-13-10-10-48.pcap.gz
56,2022-10-13 11:41:33.902046,can_tapper14,2022-10-13 11:40:33.902046,2022-10-13 11:43:33.902046,14.575,59.956682,119.941441,5409.754059,2159,400,458,//qar7000185/GP0_UPLOAD/BOXER/CYLOM\KZ-05-18_CP-35\20230530\can_Tapper14-10-13-11-10-48.pcap.gz
57,2022-10-13 13:14:49.587936,can_tapper14,2022-10-13 13:13:49.587936,2022-10-13 13:16:49.587936,10.65,33.619441,119.968721,5595.68589,1845,351,493,//qar7000185/GP0_UPLOAD/BOXER/CYLOM\KZ-05-18_CP-35\20230530\can_Tapper14-10-13-13-14-15.pcap.gz
58,2022-10-20 10:09:42.872308,can_tapper14,2022-10-20 10:08:42.872308,2022-10-20 10:11:42.872308,10.283333333333335,59.85316,119.80987,593693.284372,2157,437,642,//qar7000185/GP0_UPLOAD/BOXER/CYLOM\KZ-05-18_CP-35\20230530\can_Tapper14-10-20-10-07-53.pcap.gz
59,2022-10-20 12:59:15.907975,can_tapper14,2022-10-20 12:58:15.907975,2022-10-20 13:01:15.907975,11.191666666666666,59.953955,119.92998,10173.035667,2158,487,606,//qar7000185/GP0_UPLOAD/BOXER/CYLOM\KZ-05-18_CP-35\20230530\can_Tapper14-10-20-12-07-53.pcap.gz
60,2022-10-31 09:43:51.268810,can_tapper14,2022-10-31 09:42:51.268810,2022-10-31 09:45:51.268810,11.55,59.872067,119.972581,938675.360835,2159,476,608,//qar7000185/GP0_UPLOAD/BOXER/CYLOM\KZ-05-18_CP-35\20230530\can_Tapper14-10-31-09-41-42.pcap.gz
61,2022-11-01 08:29:30.677386,can_tapper14,2022-11-01 08:28:30.677386,2022-11-01 08:31:30.677386,15.65,0.470669,119.888039,81939.408576,1446,349,508,//qar7000185/GP0_UPLOAD/BOXER/CYLOM\KZ-05-18_CP-35\20230530\can_Tapper14-11-01-08-29-30.pcap.gz
62,2022-11-01 08:42:29.537462,can_tapper14,2022-11-01 08:41:29.537462,2022-11-01 08:44:29.537462,13.633333333333335,59.973124,119.86793,778.860076,2158,426,492,//qar7000185/GP0_UPLOAD/BOXER/CYLOM\KZ-05-18_CP-35\20230530\can_Tapper14-11-01-08-29-30.pcap.gz
63,2022-11-03 09:01:00.495976,can_tapper14,2022-11-03 09:00:00.495976,2022-11-03 09:03:00.495976,11.316666666666666,5.036334,119.814431,173910.958514,1500,334,441,//qar7000185/GP0_UPLOAD/BOXER/CYLOM\KZ-05-18_CP-35\20230530\can_Tapper14-11-03-09-00-55.pcap.gz
64,2022-11-03 09:41:05.641500,can_tapper14,2022-11-03 09:40:05.641500,2022-11-03 09:43:05.641500,11.575,35.904597,119.962684,2405.145524,1872,386,587,//qar7000185/GP0_UPLOAD/BOXER/CYLOM\KZ-05-18_CP-35\20230530\can_Tapper14-11-03-09-40-29.pcap.gz
65,2022-11-03 21:45:30.116932,can_tapper14,2022-11-03 21:44:30.116932,2022-11-03 21:47:30.116932,10.85,32.396479,119.950853,43464.475432,1830,358,578,//qar7000185/GP0_UPLOAD/BOXER/CYLOM\KZ-05-18_CP-35\20230530\can_Tapper14-11-03-21-44-57.pcap.gz
66,2022-11-04 09:21:38.637353,can_tapper14,2022-11-04 09:20:38.637353,2022-11-04 09:23:38.637353,9.4,23.769876,119.867343,41768.520421,1725,338,432,//qar7000185/GP0_UPLOAD/BOXER/CYLOM\KZ-05-18_CP-35\20230530\can_Tapper14-11-04-09-21-14.pcap.gz
67,2022-11-05 07:54:36.844977,can_tapper14,2022-11-05 07:53:36.844977,2022-11-05 07:56:36.844977,5.791666666666666,34.699922,119.920188,81178.207624,1857,382,603,//qar7000185/GP0_UPLOAD/BOXER/CYLOM\KZ-05-18_CP-35\20230530\can_Tapper14-11-05-07-54-01.pcap.gz
68,2022-11-05 16:33:53.610862,can_tapper14,2022-11-05 16:32:53.610862,2022-11-05 16:35:53.610862,9.25,59.953796,119.964477,31156.765885,2160,421,736,//qar7000185/GP0_UPLOAD/BOXER/CYLOM\KZ-05-18_CP-35\20230530\can_Tapper14-11-05-15-54-01.pcap.gz
69,2022-11-06 08:43:40.122206,can_tapper14,2022-11-06 08:42:40.122206,2022-11-06 08:45:40.122206,7.633333333333333,1.653434,119.930329,58186.511344,1460,318,510,//qar7000185/GP0_UPLOAD/BOXER/CYLOM\KZ-05-18_CP-35\20230530\can_Tapper14-11-06-08-43-38.pcap.gz
70,2022-11-09 08:26:46.437668,can_tapper14,2022-11-09 08:25:46.437668,2022-11-09 08:28:46.437668,9.883333333333335,59.947386,119.99609,258186.315462,2159,427,797,//qar7000185/GP0_UPLOAD/BOXER/CYLOM\KZ-05-18_CP-35\20230530\can_Tapper14-11-09-08-18-10.pcap.gz
71,2022-11-09 09:36:22.023610,can_tapper14,2022-11-09 09:35:22.023610,2022-11-09 09:38:22.023610,10.375,21.156843,119.942308,4175.585942,3390,722,1289,//qar7000185/GP0_UPLOAD/BOXER/CYLOM\KZ-05-18_CP-35\20230530\can_Tapper14-11-09-09-36-00.pcap.gz
72,2022-11-09 09:36:22.023610,can_tapper14,2022-11-09 09:35:22.023610,2022-11-09 09:38:22.023610,10.375,21.156843,119.942308,0.0,3390,722,1289,//qar7000185/GP0_UPLOAD/BOXER/CYLOM\KZ-05-18_CP-35\20230530\can_Tapper14-11-09-09-36-00.pcap.gz
73,2022-11-09 12:04:40.148733,can_tapper14,2022-11-09 12:03:40.148733,2022-11-09 12:06:40.148733,13.7,59.980975,119.953,8898.125123,2160,350,586,//qar7000185/GP0_UPLOAD/BOXER/CYLOM\KZ-05-18_CP-35\20230530\can_Tapper14-11-09-11-36-00.pcap.gz
74,2022-11-09 13:35:02.295123,can_tapper14,2022-11-09 13:34:02.295123,2022-11-09 13:37:02.295123,13.025,2.331196,119.988467,5422.14639,1468,289,466,//qar7000185/GP0_UPLOAD/BOXER/CYLOM\KZ-05-18_CP-35\20230530\can_Tapper14-11-09-13-34-59.pcap.gz
75,2022-11-09 16:57:23.516059,can_tapper14,2022-11-09 16:56:23.516059,2022-11-09 16:59:23.516059,13.883333333333335,59.953274,119.964993,12141.220936,2159,382,832,//qar7000185/GP0_UPLOAD/BOXER/CYLOM\KZ-05-18_CP-35\20230530\can_Tapper14-11-09-16-34-59.pcap.gz
76,2022-11-10 07:55:10.069117,can_tapper14,2022-11-10 07:54:10.069117,2022-11-10 07:57:10.069117,10.941666666666666,59.893155,119.942583,53866.553058,2158,435,739,//qar7000185/GP0_UPLOAD/BOXER/CYLOM\KZ-05-18_CP-35\20230530\can_Tapper14-11-10-07-41-02.pcap.gz
77,2022-11-10 10:00:06.095301,can_tapper14,2022-11-10 09:59:06.095301,2022-11-10 10:02:06.095301,10.925,59.926327,119.954952,7496.026184,2159,381,717,//qar7000185/GP0_UPLOAD/BOXER/CYLOM\KZ-05-18_CP-35\20230530\can_Tapper14-11-10-09-41-02.pcap.gz
78,2022-11-10 11:00:10.050478,can_tapper14,2022-11-10 10:59:10.050478,2022-11-10 11:02:10.050478,10.15,59.863094,119.806848,3603.955177,2157,336,438,//qar7000185/GP0_UPLOAD/BOXER/CYLOM\KZ-05-18_CP-35\20230530\can_Tapper14-11-10-10-41-02.pcap.gz
79,2022-11-10 11:28:01.418801,can_tapper14,2022-11-10 11:27:01.418801,2022-11-10 11:30:01.418801,11.925,59.941856,119.967201,1671.368323,2159,419,767,//qar7000185/GP0_UPLOAD/BOXER/CYLOM\KZ-05-18_CP-35\20230530\can_Tapper14-11-10-10-41-02.pcap.gz
80,2022-11-10 13:08:56.241053,can_tapper14,2022-11-10 13:07:56.241053,2022-11-10 13:10:56.241053,12.129999999999999,59.949623,119.994669,6054.822252,2159,394,577,//qar7000185/GP0_UPLOAD/BOXER/CYLOM\KZ-05-18_CP-35\20230530\can_Tapper14-11-10-12-41-02.pcap.gz
81,2022-11-10 13:56:04.866766,can_tapper14,2022-11-10 13:55:04.866766,2022-11-10 13:58:04.866766,12.805000000000001,59.993898,119.854972,2828.625713,2159,411,480,//qar7000185/GP0_UPLOAD/BOXER/CYLOM\KZ-05-18_CP-35\20230530\can_Tapper14-11-10-13-41-02.pcap.gz
82,2022-11-10 14:24:50.201009,can_tapper14,2022-11-10 14:23:50.201009,2022-11-10 14:26:50.201009,13.12,59.988648,119.964875,1725.334243,2160,451,703,//qar7000185/GP0_UPLOAD/BOXER/CYLOM\KZ-05-18_CP-35\20230530\can_Tapper14-11-10-13-41-02.pcap.gz
83,2022-11-11 07:37:17.820667,can_tapper14,2022-11-11 07:36:17.820667,2022-11-11 07:39:17.820667,9.716071428571428,59.834301,119.979921,61947.619658,2158,414,674,//qar7000185/GP0_UPLOAD/BOXER/CYLOM\KZ-05-18_CP-35\20230530\can_Tapper14-11-11-07-36-03.pcap.gz
84,2022-11-11 10:29:21.300255,can_tapper14,2022-11-11 10:28:21.300255,2022-11-11 10:31:21.300255,,3.09505,119.959008,10323.479588,2954,646,1011,//qar7000185/GP0_UPLOAD/BOXER/CYLOM\KZ-05-18_CP-35\20230530\can_Tapper14-11-11-10-29-17.pcap.gz
85,2022-11-11 10:29:21.300255,can_tapper14,2022-11-11 10:28:21.300255,2022-11-11 10:31:21.300255,,3.09505,119.959008,0.0,2954,646,1011,//qar7000185/GP0_UPLOAD/BOXER/CYLOM\KZ-05-18_CP-35\20230530\can_Tapper14-11-11-10-29-17.pcap.gz
86,2022-11-11 17:02:13.012908,can_tapper14,2022-11-11 17:01:13.012908,2022-11-11 17:04:13.012908,12.791666666666668,59.96497,119.978851,23571.712653,3741,824,1185,//qar7000185/GP0_UPLOAD/BOXER/CYLOM\KZ-05-18_CP-35\20230530\can_Tapper14-11-11-17-02-02.pcap.gz
87,2022-11-11 17:02:13.012908,can_tapper14,2022-11-11 17:01:13.012908,2022-11-11 17:04:13.012908,12.791666666666668,59.96497,119.978851,0.0,3741,824,1185,//qar7000185/GP0_UPLOAD/BOXER/CYLOM\KZ-05-18_CP-35\20230530\can_Tapper14-11-11-17-02-02.pcap.gz
88,2022-11-12 07:27:25.929383,can_tapper14,2022-11-12 07:26:25.929383,2022-11-12 07:29:25.929383,11.283333333333333,6.454404,119.904329,51912.916475,1518,319,582,//qar7000185/GP0_UPLOAD/BOXER/CYLOM\KZ-05-18_CP-35\20230530\can_Tapper14-11-12-07-27-19.pcap.gz
89,2022-11-12 08:03:31.538000,can_tapper14,2022-11-12 08:02:31.538000,2022-11-12 08:05:31.538000,11.25,59.820545,119.819885,2165.608617,1977,0,479,//qar7000185/GP0_UPLOAD/BOXER/CYLOM\KZ-05-18_CP-35\20230530\can_Tapper14-11-12-08-02-00.pcap.gz
90,2022-11-12 09:05:55.846021,can_tapper14,2022-11-12 09:04:55.846021,2022-11-12 09:07:55.846021,9.925,59.965951,119.913049,3744.308021,2160,345,327,//qar7000185/GP0_UPLOAD/BOXER/CYLOM\KZ-05-18_CP-35\20230530\can_Tapper14-11-12-09-02-01.pcap.gz
91,2022-11-12 11:16:41.005974,can_tapper14,2022-11-12 11:15:41.005974,2022-11-12 11:18:41.005974,11.425,59.899031,119.996499,7845.159953,2159,415,612,//qar7000185/GP0_UPLOAD/BOXER/CYLOM\KZ-05-18_CP-35\20230530\can_Tapper14-11-12-10-20-08.pcap.gz
92,2022-11-12 13:42:58.581978,can_tapper14,2022-11-12 13:41:58.581978,2022-11-12 13:44:58.581978,12.775,59.903231,119.891124,8777.576004,2158,378,708,//qar7000185/GP0_UPLOAD/BOXER/CYLOM\KZ-05-18_CP-35\20230530\can_Tapper14-11-12-13-20-08.pcap.gz
93,2022-11-12 14:53:08.738996,can_tapper14,2022-11-12 14:52:08.738996,2022-11-12 14:55:08.738996,13.715,59.940788,119.876731,4210.157018,2158,442,598,//qar7000185/GP0_UPLOAD/BOXER/CYLOM\KZ-05-18_CP-35\20230530\can_Tapper14-11-12-14-20-08.pcap.gz
94,2022-11-12 15:56:53.186172,can_tapper14,2022-11-12 15:55:53.186172,2022-11-12 15:58:53.186172,14.375,59.987049,119.88862,3824.447176,2160,339,579,//qar7000185/GP0_UPLOAD/BOXER/CYLOM\KZ-05-18_CP-35\20230530\can_Tapper14-11-12-15-20-08.pcap.gz
95,2022-11-12 18:58:33.425770,can_tapper14,2022-11-12 18:57:33.425770,2022-11-12 19:00:33.425770,14.775,12.465622,119.874402,10900.239598,1590,347,503,//qar7000185/GP0_UPLOAD/BOXER/CYLOM\KZ-05-18_CP-35\20230530\can_Tapper14-11-12-18-58-20.pcap.gz
96,2022-11-13 07:26:08.310046,can_tapper14,2022-11-13 07:25:08.310046,2022-11-13 07:28:08.310046,12.05,3.671311,119.964138,44854.884276,1485,308,481,//qar7000185/GP0_UPLOAD/BOXER/CYLOM\KZ-05-18_CP-35\20230530\can_Tapper14-11-13-07-26-04.pcap.gz
97,2022-11-13 13:12:50.189830,can_tapper14,2022-11-13 13:11:50.189830,2022-11-13 13:14:50.189830,13.080000000000002,0.995987,119.871574,20801.879784,1452,325,499,//qar7000185/GP0_UPLOAD/BOXER/CYLOM\KZ-05-18_CP-35\20230530\can_Tapper14-11-13-13-12-48.pcap.gz
98,2022-11-13 15:15:42.474611,can_tapper14,2022-11-13 15:14:42.474611,2022-11-13 15:17:42.474611,15.55,59.970989,119.998794,7372.284781,1092,0,197,//qar7000185/GP0_UPLOAD/BOXER/CYLOM\KZ-05-18_CP-35\20230530\can_Tapper14-11-13-15-12-48.pcap.gz
99,2022-11-13 15:17:36.913516,can_tapper14,2022-11-13 15:16:36.913516,2022-11-13 15:19:36.913516,13.875,1.217048,119.897357,114.438905,1455,0,490,//qar7000185/GP0_UPLOAD/BOXER/CYLOM\KZ-05-18_CP-35\20230530\can_Tapper14-11-13-15-17-35.pcap.gz
100,2022-11-13 17:17:28.200639,can_tapper14,2022-11-13 17:16:28.200639,2022-11-13 17:19:28.200639,14.7,59.990998,119.842517,7191.287123,2158,384,716,//qar7000185/GP0_UPLOAD/BOXER/CYLOM\KZ-05-18_CP-35\20230530\can_Tapper14-11-13-16-17-35.pcap.gz
101,2022-11-14 07:31:44.233091,can_tapper14,2022-11-14 07:30:44.233091,2022-11-14 07:33:44.233091,9.625,2.997232,119.886158,51256.032452,1476,286,519,//qar7000185/GP0_UPLOAD/BOXER/CYLOM\KZ-05-18_CP-35\20230530\can_Tapper14-11-14-07-31-40.pcap.gz
102,2022-11-14 12:35:45.630554,can_tapper14,2022-11-14 12:34:45.630554,2022-11-14 12:37:45.630554,11.7,14.171074,119.937889,18241.397463,1611,0,575,//qar7000185/GP0_UPLOAD/BOXER/CYLOM\KZ-05-18_CP-35\20230530\can_Tapper14-11-14-12-35-31.pcap.gz
103,2022-11-14 14:14:31.143272,can_tapper14,2022-11-14 14:13:31.143272,2022-11-14 14:16:31.143272,11.8,59.86214,119.881809,5925.512718,1977,4,593,//qar7000185/GP0_UPLOAD/BOXER/CYLOM\KZ-05-18_CP-35\20230530\can_Tapper14-11-14-13-35-31.pcap.gz
104,2022-11-14 15:10:07.030037,can_tapper14,2022-11-14 15:09:07.030037,2022-11-14 15:12:07.030037,12.066666666666666,59.932224,119.983975,3335.886765,1977,251,496,//qar7000185/GP0_UPLOAD/BOXER/CYLOM\KZ-05-18_CP-35\20230530\can_Tapper14-11-14-14-35-31.pcap.gz
105,2022-11-14 16:01:14.904737,can_tapper14,2022-11-14 16:00:14.904737,2022-11-14 16:03:14.904737,12.2,59.971155,119.990876,3067.8747,2160,380,508,//qar7000185/GP0_UPLOAD/BOXER/CYLOM\KZ-05-18_CP-35\20230530\can_Tapper14-11-14-15-35-31.pcap.gz
106,2022-11-15 07:39:33.720162,can_tapper14,2022-11-15 07:38:33.720162,2022-11-15 07:41:33.720162,12.85,4.008603,119.867891,56298.815425,1488,329,481,//qar7000185/GP0_UPLOAD/BOXER/CYLOM\KZ-05-18_CP-35\20230530\can_Tapper14-11-15-07-39-29.pcap.gz
107,2022-11-15 12:25:32.047032,can_tapper14,2022-11-15 12:24:32.047032,2022-11-15 12:27:32.047032,11.347619047619048,59.800561,119.845198,17158.32687,2157,359,632,//qar7000185/GP0_UPLOAD/BOXER/CYLOM\KZ-05-18_CP-35\20230530\can_Tapper14-11-15-11-39-30.pcap.gz
108,2022-11-15 15:14:38.728778,can_tapper14,2022-11-15 15:13:38.728778,2022-11-15 15:16:38.728778,13.506666666666666,59.959225,119.944684,10146.681746,2159,326,565,//qar7000185/GP0_UPLOAD/BOXER/CYLOM\KZ-05-18_CP-35\20230530\can_Tapper14-11-15-14-39-30.pcap.gz
109,2022-11-15 17:47:24.490889,can_tapper14,2022-11-15 17:46:24.490889,2022-11-15 17:49:24.490889,13.991666666666665,60.000847,119.90399,9165.762111,2159,392,642,//qar7000185/GP0_UPLOAD/BOXER/CYLOM\KZ-05-18_CP-35\20230530\can_Tapper14-11-15-17-39-30.pcap.gz
110,2022-11-15 19:07:20.219282,can_tapper14,2022-11-15 19:06:20.219282,2022-11-15 19:09:20.219282,14.608333333333334,59.953252,119.863425,4795.728393,2159,437,530,//qar7000185/GP0_UPLOAD/BOXER/CYLOM\KZ-05-18_CP-35\20230530\can_Tapper14-11-15-18-39-30.pcap.gz
111,2022-11-15 21:02:08.758423,can_tapper14,2022-11-15 21:01:08.758423,2022-11-15 21:04:08.758423,15.366666666666665,59.995523,119.832128,6888.539141,2158,458,622,//qar7000185/GP0_UPLOAD/BOXER/CYLOM\KZ-05-18_CP-35\20230530\can_Tapper14-11-15-20-39-30.pcap.gz
112,2022-11-15 23:21:06.505393,can_tapper14,2022-11-15 23:20:06.505393,2022-11-15 23:23:06.505393,15.675,59.885397,119.975856,8337.74697,2158,444,696,//qar7000185/GP0_UPLOAD/BOXER/CYLOM\KZ-05-18_CP-35\20230530\can_Tapper14-11-15-22-39-30.pcap.gz
113,2022-11-16 00:56:02.733273,can_tapper14,2022-11-16 00:55:02.733273,2022-11-16 00:58:02.733273,15.783333333333331,59.946831,119.986531,5696.22788,2160,426,623,//qar7000185/GP0_UPLOAD/BOXER/CYLOM\KZ-05-18_CP-35\20230530\can_Tapper14-11-16-00-39-30.pcap.gz
114,2022-11-16 03:00:52.292872,can_tapper14,2022-11-16 02:59:52.292872,2022-11-16 03:02:52.292872,15.690000000000001,59.949948,119.862394,7489.559599,2158,477,613,//qar7000185/GP0_UPLOAD/BOXER/CYLOM\KZ-05-18_CP-35\20230530\can_Tapper14-11-16-02-39-30.pcap.gz
115,2022-11-16 04:57:59.322794,can_tapper14,2022-11-16 04:56:59.322794,2022-11-16 04:59:59.322794,15.639999999999997,59.926703,119.950348,7027.029922,2159,451,571,//qar7000185/GP0_UPLOAD/BOXER/CYLOM\KZ-05-18_CP-35\20230530\can_Tapper14-11-16-04-39-30.pcap.gz
116,2022-11-16 06:48:51.262543,can_tapper14,2022-11-16 06:47:51.262543,2022-11-16 06:50:51.262543,15.115,59.920247,119.932176,6651.939749,2158,463,775,//qar7000185/GP0_UPLOAD/BOXER/CYLOM\KZ-05-18_CP-35\20230530\can_Tapper14-11-16-06-39-30.pcap.gz
117,2022-11-16 09:26:59.962152,can_tapper14,2022-11-16 09:25:59.962152,2022-11-16 09:28:59.962152,16.1,59.842268,119.977279,9488.699609,2158,502,801,//qar7000185/GP0_UPLOAD/BOXER/CYLOM\KZ-05-18_CP-35\20230530\can_Tapper14-11-16-08-39-30.pcap.gz
118,2022-11-16 13:20:11.069924,can_tapper14,2022-11-16 13:19:11.069924,2022-11-16 13:22:11.069924,15.425,59.959343,119.885188,13991.107772,2159,383,615,//qar7000185/GP0_UPLOAD/BOXER/CYLOM\KZ-05-18_CP-35\20230530\can_Tapper14-11-16-12-39-07.pcap.gz
119,2022-11-16 14:22:14.750341,can_tapper14,2022-11-16 14:21:14.750341,2022-11-16 14:24:14.750341,15.675,59.999924,119.996176,3723.680417,1977,309,746,//qar7000185/GP0_UPLOAD/BOXER/CYLOM\KZ-05-18_CP-35\20230530\can_Tapper14-11-16-13-39-07.pcap.gz
120,2022-11-16 15:07:19.824204,can_tapper14,2022-11-16 15:06:19.824204,2022-11-16 15:09:19.824204,15.7,59.999277,119.966628,2705.073863,1978,276,652,//qar7000185/GP0_UPLOAD/BOXER/CYLOM\KZ-05-18_CP-35\20230530\can_Tapper14-11-16-14-39-07.pcap.gz
121,2022-11-17 10:36:32.109860,can_tapper14,2022-11-17 10:35:32.109860,2022-11-17 10:38:32.109860,9.375,0.906397,119.948886,70152.285656,1452,318,509,//qar7000185/GP0_UPLOAD/BOXER/CYLOM\KZ-05-18_CP-35\20230530\can_Tapper14-11-17-10-36-30.pcap.gz
122,2022-11-17 11:12:30.534157,can_tapper14,2022-11-17 11:11:30.534157,2022-11-17 11:14:30.534157,9.811666666666667,59.953118,119.99036,2158.424297,2160,372,559,//qar7000185/GP0_UPLOAD/BOXER/CYLOM\KZ-05-18_CP-35\20230530\can_Tapper14-11-17-10-36-30.pcap.gz
123,2022-11-22 09:37:59.385449,can_tapper14,2022-11-22 09:36:59.385449,2022-11-22 09:39:59.385449,6.9,3.675793,119.950476,426328.851292,1485,261,244,//qar7000185/GP0_UPLOAD/BOXER/CYLOM\KZ-05-18_CP-35\20230530\can_Tapper14-11-22-09-37-55.pcap.gz
124,2022-11-22 09:49:54.918177,can_tapper14,2022-11-22 09:48:54.918177,2022-11-22 09:51:54.918177,6.9,59.985768,119.905082,715.532728,2159,422,462,//qar7000185/GP0_UPLOAD/BOXER/CYLOM\KZ-05-18_CP-35\20230530\can_Tapper14-11-22-09-37-55.pcap.gz
125,2022-11-22 09:50:09.825309,can_tapper14,2022-11-22 09:49:09.825309,2022-11-22 09:52:09.825309,4.15,59.945677,119.99783,14.907132,2160,427,508,//qar7000185/GP0_UPLOAD/BOXER/CYLOM\KZ-05-18_CP-35\20230530\can_Tapper14-11-22-09-37-55.pcap.gz
126,2022-12-06 09:01:02.052573,can_tapper14,2022-12-06 09:00:02.052573,2022-12-06 09:03:02.052573,12.675,59.947868,119.995833,1206652.227264,2160,440,678,//qar7000185/GP0_UPLOAD/BOXER/CYLOM\KZ-05-18_CP-35\20230530\can_Tapper14-12-06-08-09-53.pcap.gz
127,2022-12-06 09:01:55.037033,can_tapper14,2022-12-06 09:00:55.037033,2022-12-06 09:03:55.037033,12.691666666666666,59.887199,119.946096,52.98446,2158,464,696,//qar7000185/GP0_UPLOAD/BOXER/CYLOM\KZ-05-18_CP-35\20230530\can_Tapper14-12-06-08-09-53.pcap.gz
128,2022-12-06 09:04:07.873723,can_tapper14,2022-12-06 09:03:07.873723,2022-12-06 09:06:07.873723,12.616666666666665,59.911027,119.999762,132.83669,2160,363,457,//qar7000185/GP0_UPLOAD/BOXER/CYLOM\KZ-05-18_CP-35\20230530\can_Tapper14-12-06-08-09-53.pcap.gz
129,2022-12-06 09:50:30.371125,can_tapper14,2022-12-06 09:49:30.371125,2022-12-06 09:52:30.371125,12.608333333333333,59.948431,119.938718,2782.497402,2160,400,837,//qar7000185/GP0_UPLOAD/BOXER/CYLOM\KZ-05-18_CP-35\20230530\can_Tapper14-12-06-09-14-52.pcap.gz
130,2022-12-06 09:52:35.675628,can_tapper14,2022-12-06 09:51:35.675628,2022-12-06 09:54:35.675628,12.656666666666666,59.940354,71.187965,125.304503,1575,294,572,//qar7000185/GP0_UPLOAD/BOXER/CYLOM\KZ-05-18_CP-35\20230530\can_Tapper14-12-06-09-14-52.pcap.gz
131,2022-12-06 10:35:32.936417,can_tapper14,2022-12-06 10:34:32.936417,2022-12-06 10:37:32.936417,12.559999999999999,59.979306,119.965723,2577.260789,2160,399,737,//qar7000185/GP0_UPLOAD/BOXER/CYLOM\KZ-05-18_CP-35\20230530\can_Tapper14-12-06-10-03-25.pcap.gz
132,2022-12-06 10:38:00.126808,can_tapper14,2022-12-06 10:37:00.126808,2022-12-06 10:40:00.126808,14.1,59.996013,119.991676,147.190391,2160,423,679,//qar7000185/GP0_UPLOAD/BOXER/CYLOM\KZ-05-18_CP-35\20230530\can_Tapper14-12-06-10-03-25.pcap.gz
133,2022-12-06 10:41:30.933333,can_tapper14,2022-12-06 10:40:30.933333,2022-12-06 10:43:30.933333,12.325,59.950244,104.27628,210.806525,1971,386,487,//qar7000185/GP0_UPLOAD/BOXER/CYLOM\KZ-05-18_CP-35\20230530\can_Tapper14-12-06-10-03-25.pcap.gz
134,2022-12-06 11:02:55.150808,can_tapper14,2022-12-06 11:01:55.150808,2022-12-06 11:04:55.150808,12.375,59.965829,119.987146,1284.217475,2159,419,655,//qar7000185/GP0_UPLOAD/BOXER/CYLOM\KZ-05-18_CP-35\20230530\can_Tapper14-12-06-10-44-28.pcap.gz
135,2022-12-06 11:04:18.309608,can_tapper14,2022-12-06 11:03:18.309608,2022-12-06 11:06:18.309608,12.389999999999999,59.968944,119.934849,83.1588,2159,430,654,//qar7000185/GP0_UPLOAD/BOXER/CYLOM\KZ-05-18_CP-35\20230530\can_Tapper14-12-06-10-44-28.pcap.gz
136,2022-12-06 11:52:41.731119,can_tapper14,2022-12-06 11:51:41.731119,2022-12-06 11:54:41.731119,12.45,59.997531,119.882287,2903.421511,2160,378,502,//qar7000185/GP0_UPLOAD/BOXER/CYLOM\KZ-05-18_CP-35\20230530\can_Tapper14-12-06-11-18-17.pcap.gz
137,2022-12-06 11:53:14.678489,can_tapper14,2022-12-06 11:52:14.678489,2022-12-06 11:55:14.678489,14.1,59.942432,119.96658,32.94737,2160,434,564,//qar7000185/GP0_UPLOAD/BOXER/CYLOM\KZ-05-18_CP-35\20230530\can_Tapper14-12-06-11-18-17.pcap.gz
138,2022-12-06 12:09:05.485159,can_tapper14,2022-12-06 12:08:05.485159,2022-12-06 12:11:05.485159,12.275,59.936873,119.96883,950.80667,2159,384,517,//qar7000185/GP0_UPLOAD/BOXER/CYLOM\KZ-05-18_CP-35\20230530\can_Tapper14-12-06-11-18-17.pcap.gz
139,2022-12-06 12:11:15.959853,can_tapper14,2022-12-06 12:10:15.959853,2022-12-06 12:13:15.959853,12.333333333333334,59.953725,119.859433,130.474694,2158,426,565,//qar7000185/GP0_UPLOAD/BOXER/CYLOM\KZ-05-18_CP-35\20230530\can_Tapper14-12-06-11-18-17.pcap.gz
140,2022-12-06 12:13:06.222108,can_tapper14,2022-12-06 12:12:06.222108,2022-12-06 12:15:06.222108,12.420833333333334,59.976026,90.012526,110.262255,1800,369,289,//qar7000185/GP0_UPLOAD/BOXER/CYLOM\KZ-05-18_CP-35\20230530\can_Tapper14-12-06-11-18-17.pcap.gz
141,2022-12-06 14:01:50.150113,can_tapper14,2022-12-06 14:00:50.150113,2022-12-06 14:03:50.150113,12.45,59.999976,119.91362,6523.928005,2160,421,552,//qar7000185/GP0_UPLOAD/BOXER/CYLOM\KZ-05-18_CP-35\20230530\can_Tapper14-12-06-13-48-01.pcap.gz
142,2022-12-06 14:03:24.043943,can_tapper14,2022-12-06 14:02:24.043943,2022-12-06 14:05:24.043943,12.421666666666667,59.865304,119.978385,93.89383,2158,484,747,//qar7000185/GP0_UPLOAD/BOXER/CYLOM\KZ-05-18_CP-35\20230530\can_Tapper14-12-06-13-48-01.pcap.gz
143,2022-12-06 14:17:11.405249,can_tapper14,2022-12-06 14:16:11.405249,2022-12-06 14:19:11.405249,12.393333333333334,59.992268,119.889985,827.361306,2158,425,537,//qar7000185/GP0_UPLOAD/BOXER/CYLOM\KZ-05-18_CP-35\20230530\can_Tapper14-12-06-13-48-01.pcap.gz
144,2022-12-07 08:15:29.789698,can_tapper14,2022-12-07 08:14:29.789698,2022-12-07 08:17:29.789698,11.75,59.95197,119.988743,64698.384449,2160,422,523,//qar7000185/GP0_UPLOAD/BOXER/CYLOM\KZ-05-18_CP-35\20230530\can_Tapper14-12-07-08-05-09.pcap.gz
145,2022-12-07 08:16:33.124612,can_tapper14,2022-12-07 08:15:33.124612,2022-12-07 08:18:33.124612,11.725,59.942182,119.935767,63.334914,2159,435,480,//qar7000185/GP0_UPLOAD/BOXER/CYLOM\KZ-05-18_CP-35\20230530\can_Tapper14-12-07-08-05-09.pcap.gz
146,2022-12-07 08:33:23.711307,can_tapper14,2022-12-07 08:32:23.711307,2022-12-07 08:35:23.711307,11.74,59.897858,119.975425,1010.586695,2158,385,502,//qar7000185/GP0_UPLOAD/BOXER/CYLOM\KZ-05-18_CP-35\20230530\can_Tapper14-12-07-08-29-51.pcap.gz
147,2022-12-07 08:34:22.458232,can_tapper14,2022-12-07 08:33:22.458232,2022-12-07 08:36:22.458232,11.641666666666666,59.824083,119.998592,58.746925,2158,426,566,//qar7000185/GP0_UPLOAD/BOXER/CYLOM\KZ-05-18_CP-35\20230530\can_Tapper14-12-07-08-29-51.pcap.gz
148,2022-12-07 08:35:27.400149,can_tapper14,2022-12-07 08:34:27.400149,2022-12-07 08:37:27.400149,13.7,59.999175,119.880775,64.941917,2160,300,396,//qar7000185/GP0_UPLOAD/BOXER/CYLOM\KZ-05-18_CP-35\20230530\can_Tapper14-12-07-08-29-51.pcap.gz
149,2022-12-07 08:41:02.204981,can_tapper14,2022-12-07 08:40:02.204981,2022-12-07 08:43:02.204981,13.9,59.943208,119.919916,334.804832,2160,371,493,//qar7000185/GP0_UPLOAD/BOXER/CYLOM\KZ-05-18_CP-35\20230530\can_Tapper14-12-07-08-29-51.pcap.gz
150,2022-12-07 09:21:30.081771,can_tapper14,2022-12-07 09:20:30.081771,2022-12-07 09:23:30.081771,11.805,59.996481,119.85231,2427.87679,2159,443,567,//qar7000185/GP0_UPLOAD/BOXER/CYLOM\KZ-05-18_CP-35\20230530\can_Tapper14-12-07-08-29-51.pcap.gz
151,2022-12-07 09:48:22.413032,can_tapper14,2022-12-07 09:47:22.413032,2022-12-07 09:50:22.413032,11.875,59.95445,119.975546,1612.331261,2160,345,324,//qar7000185/GP0_UPLOAD/BOXER/CYLOM\KZ-05-18_CP-35\20230530\can_Tapper14-12-07-09-29-51.pcap.gz
152,2022-12-07 10:02:01.378528,can_tapper14,2022-12-07 10:01:01.378528,2022-12-07 10:04:01.378528,11.925,59.939549,119.996351,818.965496,2158,426,512,//qar7000185/GP0_UPLOAD/BOXER/CYLOM\KZ-05-18_CP-35\20230530\can_Tapper14-12-07-09-29-51.pcap.gz
153,2022-12-07 10:18:21.333676,can_tapper14,2022-12-07 10:17:21.333676,2022-12-07 10:20:21.333676,11.95,59.9534,119.922171,979.955148,2159,415,379,//qar7000185/GP0_UPLOAD/BOXER/CYLOM\KZ-05-18_CP-35\20230530\can_Tapper14-12-07-09-29-51.pcap.gz
154,2022-12-07 11:30:45.737403,can_tapper14,2022-12-07 11:29:45.737403,2022-12-07 11:32:45.737403,11.513333333333332,59.988618,119.991997,4344.403727,2160,431,305,//qar7000185/GP0_UPLOAD/BOXER/CYLOM\KZ-05-18_CP-35\20230530\can_Tapper14-12-07-11-29-51.pcap.gz
155,2022-12-07 12:01:38.729745,can_tapper14,2022-12-07 12:00:38.729745,2022-12-07 12:03:38.729745,11.283333333333335,59.940618,119.921106,1852.992342,2158,479,582,//qar7000185/GP0_UPLOAD/BOXER/CYLOM\KZ-05-18_CP-35\20230530\can_Tapper14-12-07-11-29-51.pcap.gz
156,2022-12-07 15:58:40.561981,can_tapper14,2022-12-07 15:57:40.561981,2022-12-07 16:00:40.561981,12.0,14.34826,83.982849,14221.832236,1182,266,412,//qar7000185/GP0_UPLOAD/BOXER/CYLOM\KZ-05-18_CP-35\20230530\can_Tapper14-12-07-15-58-26.pcap.gz
157,2022-12-07 16:00:56.316771,can_tapper14,2022-12-07 15:59:56.316771,2022-12-07 16:02:56.316771,10.308333333333334,59.789914,119.989093,135.75479,1587,347,499,//qar7000185/GP0_UPLOAD/BOXER/CYLOM\KZ-05-18_CP-35\20230530\can_Tapper14-12-07-16-00-52.pcap.gz
158,2022-12-08 12:07:41.937022,can_tapper14,2022-12-08 12:06:41.937022,2022-12-08 12:09:41.937022,13.594999999999999,59.961926,119.924419,72405.620251,2160,380,533,//qar7000185/GP0_UPLOAD/BOXER/CYLOM\KZ-05-18_CP-35\20230530\can_Tapper14-12-08-12-05-59.pcap.gz
159,2022-12-08 15:37:32.263693,can_tapper14,2022-12-08 15:36:32.263693,2022-12-08 15:39:32.263693,13.725,59.987803,119.87217,12590.326671,2159,409,733,//qar7000185/GP0_UPLOAD/BOXER/CYLOM\KZ-05-18_CP-35\20230530\can_Tapper14-12-08-15-00-28.pcap.gz
160,2022-12-08 15:39:04.221989,can_tapper14,2022-12-08 15:38:04.221989,2022-12-08 15:41:04.221989,13.75,59.992931,119.94365,91.958296,2160,432,820,//qar7000185/GP0_UPLOAD/BOXER/CYLOM\KZ-05-18_CP-35\20230530\can_Tapper14-12-08-15-00-28.pcap.gz
161,2022-12-08 15:41:35.229189,can_tapper14,2022-12-08 15:40:35.229189,2022-12-08 15:43:35.229189,13.755,59.913156,119.90657,151.0072,2158,418,538,//qar7000185/GP0_UPLOAD/BOXER/CYLOM\KZ-05-18_CP-35\20230530\can_Tapper14-12-08-15-00-28.pcap.gz
162,2022-12-09 09:24:32.820077,can_tapper14,2022-12-09 09:23:32.820077,2022-12-09 09:26:32.820077,16.133333333333333,59.992424,119.900422,63777.590888,2160,438,639,//qar7000185/GP0_UPLOAD/BOXER/CYLOM\KZ-05-18_CP-35\20230530\can_Tapper14-12-09-08-43-35.pcap.gz
163,2022-12-09 09:25:35.654127,can_tapper14,2022-12-09 09:24:35.654127,2022-12-09 09:27:35.654127,16.033333333333335,59.804907,119.874744,62.83405,2157,456,703,//qar7000185/GP0_UPLOAD/BOXER/CYLOM\KZ-05-18_CP-35\20230530\can_Tapper14-12-09-08-43-35.pcap.gz
164,2022-12-09 10:57:00.765496,can_tapper14,2022-12-09 10:56:00.765496,2022-12-09 10:59:00.765496,16.166666666666664,59.942037,119.892337,5485.111369,2159,444,501,//qar7000185/GP0_UPLOAD/BOXER/CYLOM\KZ-05-18_CP-35\20230530\can_Tapper14-12-09-10-32-41.pcap.gz
165,2022-12-09 10:58:05.616238,can_tapper14,2022-12-09 10:57:05.616238,2022-12-09 11:00:05.616238,15.975,59.856185,119.814703,64.850742,2157,426,557,//qar7000185/GP0_UPLOAD/BOXER/CYLOM\KZ-05-18_CP-35\20230530\can_Tapper14-12-09-10-32-41.pcap.gz
166,2022-12-12 08:05:36.115280,can_tapper14,2022-12-12 08:04:36.115280,2022-12-12 08:07:36.115280,11.040000000000001,59.890526,119.980521,248850.499042,2159,399,638,//qar7000185/GP0_UPLOAD/BOXER/CYLOM\KZ-05-18_CP-35\20230530\can_Tapper14-12-12-07-58-31.pcap.gz
167,2022-12-12 08:06:27.531863,can_tapper14,2022-12-12 08:05:27.531863,2022-12-12 08:08:27.531863,11.025,59.94565,119.876154,51.416583,2158,433,647,//qar7000185/GP0_UPLOAD/BOXER/CYLOM\KZ-05-18_CP-35\20230530\can_Tapper14-12-12-07-58-31.pcap.gz
168,2022-12-12 08:07:34.379858,can_tapper14,2022-12-12 08:06:34.379858,2022-12-12 08:09:34.379858,11.033333333333335,59.84257,119.958904,66.847995,2158,352,439,//qar7000185/GP0_UPLOAD/BOXER/CYLOM\KZ-05-18_CP-35\20230530\can_Tapper14-12-12-07-58-31.pcap.gz
169,2022-12-12 08:22:26.667658,can_tapper14,2022-12-12 08:21:26.667658,2022-12-12 08:24:26.667658,11.0875,59.954432,119.973782,892.2878,2160,389,524,//qar7000185/GP0_UPLOAD/BOXER/CYLOM\KZ-05-18_CP-35\20230530\can_Tapper14-12-12-07-58-31.pcap.gz
170,2022-12-12 08:39:07.019655,can_tapper14,2022-12-12 08:38:07.019655,2022-12-12 08:41:07.019655,11.2,59.985294,119.9642,1000.351997,2159,491,664,//qar7000185/GP0_UPLOAD/BOXER/CYLOM\KZ-05-18_CP-35\20230530\can_Tapper14-12-12-07-58-31.pcap.gz
171,2022-12-12 08:46:42.644123,can_tapper14,2022-12-12 08:45:42.644123,2022-12-12 08:48:42.644123,11.158333333333335,59.85937,119.98446,455.624468,2158,445,393,//qar7000185/GP0_UPLOAD/BOXER/CYLOM\KZ-05-18_CP-35\20230530\can_Tapper14-12-12-07-58-31.pcap.gz
172,2022-12-12 08:48:16.247260,can_tapper14,2022-12-12 08:47:16.247260,2022-12-12 08:50:16.247260,13.2,59.934991,119.968567,93.603137,2160,497,640,//qar7000185/GP0_UPLOAD/BOXER/CYLOM\KZ-05-18_CP-35\20230530\can_Tapper14-12-12-07-58-31.pcap.gz
173,2022-12-12 08:54:09.049182,can_tapper14,2022-12-12 08:53:09.049182,2022-12-12 08:56:09.049182,11.271666666666667,59.845655,120.00013,352.801922,2158,428,626,//qar7000185/GP0_UPLOAD/BOXER/CYLOM\KZ-05-18_CP-35\20230530\can_Tapper14-12-12-07-58-31.pcap.gz
174,2022-12-12 09:01:34.883750,can_tapper14,2022-12-12 09:00:34.883750,2022-12-12 09:03:34.883750,11.233333333333334,59.996524,119.85715,445.834568,2160,460,472,//qar7000185/GP0_UPLOAD/BOXER/CYLOM\KZ-05-18_CP-35\20230530\can_Tapper14-12-12-08-58-31.pcap.gz
175,2022-12-12 09:12:27.093523,can_tapper14,2022-12-12 09:11:27.093523,2022-12-12 09:14:27.093523,11.225,59.891349,119.95943,652.209773,2160,421,485,//qar7000185/GP0_UPLOAD/BOXER/CYLOM\KZ-05-18_CP-35\20230530\can_Tapper14-12-12-08-58-31.pcap.gz
176,2022-12-12 09:40:08.762740,can_tapper14,2022-12-12 09:39:08.762740,2022-12-12 09:42:08.762740,11.55625,59.912449,119.954527,1661.669217,2160,451,697,//qar7000185/GP0_UPLOAD/BOXER/CYLOM\KZ-05-18_CP-35\20230530\can_Tapper14-12-12-08-58-31.pcap.gz
177,2022-12-12 09:46:57.734284,can_tapper14,2022-12-12 09:45:57.734284,2022-12-12 09:48:57.734284,11.691666666666666,59.914459,119.944587,408.971544,2160,421,551,//qar7000185/GP0_UPLOAD/BOXER/CYLOM\KZ-05-18_CP-35\20230530\can_Tapper14-12-12-08-58-31.pcap.gz
178,2022-12-12 09:53:17.771645,can_tapper14,2022-12-12 09:52:17.771645,2022-12-12 09:55:17.771645,11.754999999999999,59.984354,119.912918,380.037361,2160,394,532,//qar7000185/GP0_UPLOAD/BOXER/CYLOM\KZ-05-18_CP-35\20230530\can_Tapper14-12-12-08-58-31.pcap.gz
179,2022-12-12 15:20:15.378323,can_tapper14,2022-12-12 15:19:15.378323,2022-12-12 15:22:15.378323,9.975,59.930925,119.918192,19617.606678,2159,439,769,//qar7000185/GP0_UPLOAD/BOXER/CYLOM\KZ-05-18_CP-35\20230530\can_Tapper14-12-12-14-27-10.pcap.gz
180,2022-12-13 08:35:06.773044,can_tapper14,2022-12-13 08:34:06.773044,2022-12-13 08:37:06.773044,10.559999999999999,59.919654,119.95717,62091.394721,2159,425,812,//qar7000185/GP0_UPLOAD/BOXER/CYLOM\KZ-05-18_CP-35\20230530\can_Tapper14-12-13-08-27-29.pcap.gz
181,2022-12-13 08:36:35.522214,can_tapper14,2022-12-13 08:35:35.522214,2022-12-13 08:38:35.522214,10.575,59.892094,119.971318,88.74917,1470,283,535,//qar7000185/GP0_UPLOAD/BOXER/CYLOM\KZ-05-18_CP-35\20230530\can_Tapper14-12-13-08-27-29.pcap.gz
182,2022-12-13 08:39:37.595096,can_tapper14,2022-12-13 08:38:37.595096,2022-12-13 08:41:37.595096,10.540000000000001,59.875769,119.968774,182.072882,2158,395,661,//qar7000185/GP0_UPLOAD/BOXER/CYLOM\KZ-05-18_CP-35\20230530\can_Tapper14-12-13-08-38-17.pcap.gz
183,2022-12-13 08:55:46.294668,can_tapper14,2022-12-13 08:54:46.294668,2022-12-13 08:57:46.294668,10.65,59.93012,119.92553,968.699572,2159,397,737,//qar7000185/GP0_UPLOAD/BOXER/CYLOM\KZ-05-18_CP-35\20230530\can_Tapper14-12-13-08-38-17.pcap.gz
184,2022-12-13 08:57:10.849886,can_tapper14,2022-12-13 08:56:10.849886,2022-12-13 08:59:10.849886,10.635,59.929119,119.994214,84.555218,2160,450,677,//qar7000185/GP0_UPLOAD/BOXER/CYLOM\KZ-05-18_CP-35\20230530\can_Tapper14-12-13-08-38-17.pcap.gz
185,2022-12-13 08:58:03.765591,can_tapper14,2022-12-13 08:57:03.765591,2022-12-13 09:00:03.765591,10.705,59.97415,96.342211,52.915705,1876,389,463,//qar7000185/GP0_UPLOAD/BOXER/CYLOM\KZ-05-18_CP-35\20230530\can_Tapper14-12-13-08-38-17.pcap.gz
186,2022-12-13 10:18:30.549504,can_tapper14,2022-12-13 10:17:30.549504,2022-12-13 10:20:30.549504,10.808333333333334,59.914699,119.912451,4826.783913,2158,383,551,//qar7000185/GP0_UPLOAD/BOXER/CYLOM\KZ-05-18_CP-35\20230530\can_Tapper14-12-13-10-08-15.pcap.gz
187,2022-12-13 10:19:40.657504,can_tapper14,2022-12-13 10:18:40.657504,2022-12-13 10:21:40.657504,10.833333333333334,59.996448,119.942426,70.108,2160,439,606,//qar7000185/GP0_UPLOAD/BOXER/CYLOM\KZ-05-18_CP-35\20230530\can_Tapper14-12-13-10-08-15.pcap.gz
188,2022-12-13 10:19:48.414125,can_tapper14,2022-12-13 10:18:48.414125,2022-12-13 10:21:48.414125,12.25,59.992988,119.936097,7.756621,2160,444,567,//qar7000185/GP0_UPLOAD/BOXER/CYLOM\KZ-05-18_CP-35\20230530\can_Tapper14-12-13-10-08-15.pcap.gz
189,2022-12-13 10:20:50.160750,can_tapper14,2022-12-13 10:19:50.160750,2022-12-13 10:22:50.160750,10.8,59.956145,119.97533,61.746625,2160,403,413,//qar7000185/GP0_UPLOAD/BOXER/CYLOM\KZ-05-18_CP-35\20230530\can_Tapper14-12-13-10-08-15.pcap.gz
190,2022-12-13 15:05:32.218009,can_tapper14,2022-12-13 15:04:32.218009,2022-12-13 15:07:32.218009,11.2,59.893877,119.984123,17082.057259,2159,425,713,//qar7000185/GP0_UPLOAD/BOXER/CYLOM\KZ-05-18_CP-35\20230530\can_Tapper14-12-13-14-59-00.pcap.gz
191,2022-12-13 15:06:19.137208,can_tapper14,2022-12-13 15:05:19.137208,2022-12-13 15:08:19.137208,11.231666666666666,59.940058,119.907524,46.919199,2158,454,842,//qar7000185/GP0_UPLOAD/BOXER/CYLOM\KZ-05-18_CP-35\20230530\can_Tapper14-12-13-14-59-00.pcap.gz
192,2022-12-13 15:08:07.439977,can_tapper14,2022-12-13 15:07:07.439977,2022-12-13 15:10:07.439977,11.177777777777777,59.997379,119.872205,108.302769,2159,359,638,//qar7000185/GP0_UPLOAD/BOXER/CYLOM\KZ-05-18_CP-35\20230530\can_Tapper14-12-13-14-59-00.pcap.gz
193,2022-12-19 08:38:53.892196,can_tapper14,2022-12-19 08:37:53.892196,2022-12-19 08:40:53.892196,10.290000000000001,59.984976,119.946413,495046.452219,2159,387,546,//qar7000185/GP0_UPLOAD/BOXER/CYLOM\KZ-05-18_CP-35\20230530\can_Tapper14-12-19-08-29-49.pcap.gz
194,2022-12-19 08:39:55.522437,can_tapper14,2022-12-19 08:38:55.522437,2022-12-19 08:41:55.522437,10.3,59.838031,119.850831,61.630241,2157,390,607,//qar7000185/GP0_UPLOAD/BOXER/CYLOM\KZ-05-18_CP-35\20230530\can_Tapper14-12-19-08-29-49.pcap.gz
195,2022-12-19 08:41:20.715957,can_tapper14,2022-12-19 08:40:20.715957,2022-12-19 08:43:20.715957,10.225,59.979665,119.92356,85.19352,2160,323,417,//qar7000185/GP0_UPLOAD/BOXER/CYLOM\KZ-05-18_CP-35\20230530\can_Tapper14-12-19-08-29-49.pcap.gz
196,2022-12-19 08:55:39.906188,can_tapper14,2022-12-19 08:54:39.906188,2022-12-19 08:57:39.906188,10.2875,59.990374,119.958774,859.190231,2160,378,439,//qar7000185/GP0_UPLOAD/BOXER/CYLOM\KZ-05-18_CP-35\20230530\can_Tapper14-12-19-08-29-49.pcap.gz
197,2022-12-19 08:57:40.044813,can_tapper14,2022-12-19 08:56:40.044813,2022-12-19 08:59:40.044813,10.358333333333334,59.990675,119.970942,120.138625,2160,374,472,//qar7000185/GP0_UPLOAD/BOXER/CYLOM\KZ-05-18_CP-35\20230530\can_Tapper14-12-19-08-29-49.pcap.gz
198,2022-12-19 08:58:31.367187,can_tapper14,2022-12-19 08:57:31.367187,2022-12-19 09:00:31.367187,10.475,59.909366,119.901335,51.322374,2158,314,457,//qar7000185/GP0_UPLOAD/BOXER/CYLOM\KZ-05-18_CP-35\20230530\can_Tapper14-12-19-08-29-49.pcap.gz
199,2022-12-21 09:56:55.730121,can_tapper14,2022-12-21 09:55:55.730121,2022-12-21 09:58:55.730121,12.08,59.972906,119.945124,176304.362934,2160,386,689,//qar7000185/GP0_UPLOAD/BOXER/CYLOM\KZ-05-18_CP-35\20230530\can_Tapper14-12-21-09-18-42.pcap.gz
200,2022-12-21 10:54:33.848968,can_tapper14,2022-12-21 10:53:33.848968,2022-12-21 10:56:33.848968,12.416666666666668,59.956294,119.92196,3458.118847,2160,382,746,//qar7000185/GP0_UPLOAD/BOXER/CYLOM\KZ-05-18_CP-35\20230530\can_Tapper14-12-21-10-18-42.pcap.gz
201,2023-01-09 08:57:19.997693,can_tapper14,2023-01-09 08:56:19.997693,2023-01-09 08:59:19.997693,11.875,59.771074,16.834776,1634566.148725,740,29,94,//qar7000185/GP0_UPLOAD/BOXER/CYLOM\KZ-05-18_CP-35\20230530\can_Tapper14-01-09-08-26-46.pcap.gz
202,2023-01-09 09:31:56.923416,can_tapper14,2023-01-09 09:30:56.923416,2023-01-09 09:33:56.923416,11.925,59.808278,119.813377,2076.925723,2157,417,675,//qar7000185/GP0_UPLOAD/BOXER/CYLOM\KZ-05-18_CP-35\20230530\can_Tapper14-01-09-09-30-21.pcap.gz
203,2023-01-09 10:25:41.554530,can_tapper14,2023-01-09 10:24:41.554530,2023-01-09 10:27:41.554530,11.7,59.942549,119.996049,3224.631114,2160,380,721,//qar7000185/GP0_UPLOAD/BOXER/CYLOM\KZ-05-18_CP-35\20230530\can_Tapper14-01-09-09-30-21.pcap.gz
204,2023-01-09 10:27:14.882390,can_tapper14,2023-01-09 10:26:14.882390,2023-01-09 10:29:14.882390,11.80857142857143,59.969147,119.943725,93.32786,2160,357,506,//qar7000185/GP0_UPLOAD/BOXER/CYLOM\KZ-05-18_CP-35\20230530\can_Tapper14-01-09-09-30-21.pcap.gz
205,2023-01-09 12:31:56.600573,can_tapper14,2023-01-09 12:30:56.600573,2023-01-09 12:33:56.600573,11.75,59.88813,119.991693,7481.718183,2160,396,710,//qar7000185/GP0_UPLOAD/BOXER/CYLOM\KZ-05-18_CP-35\20230530\can_Tapper14-01-09-11-57-31.pcap.gz
206,2023-01-09 12:34:13.168447,can_tapper14,2023-01-09 12:33:13.168447,2023-01-09 12:36:13.168447,11.7375,59.91088,119.988908,136.567874,2160,406,446,//qar7000185/GP0_UPLOAD/BOXER/CYLOM\KZ-05-18_CP-35\20230530\can_Tapper14-01-09-11-57-31.pcap.gz
207,2023-01-09 13:01:59.043415,can_tapper14,2023-01-09 13:00:59.043415,2023-01-09 13:03:59.043415,11.875,59.943834,119.975047,1665.874968,2159,422,644,//qar7000185/GP0_UPLOAD/BOXER/CYLOM\KZ-05-18_CP-35\20230530\can_Tapper14-01-09-12-57-31.pcap.gz
208,2023-01-09 13:03:26.682561,can_tapper14,2023-01-09 13:02:26.682561,2023-01-09 13:05:26.682561,11.85,59.9552,119.92598,87.639146,2159,446,580,//qar7000185/GP0_UPLOAD/BOXER/CYLOM\KZ-05-18_CP-35\20230530\can_Tapper14-01-09-12-57-31.pcap.gz
209,2023-01-09 13:04:18.796079,can_tapper14,2023-01-09 13:03:18.796079,2023-01-09 13:06:18.796079,11.888095238095238,59.963468,119.968349,52.113518,2159,411,501,//qar7000185/GP0_UPLOAD/BOXER/CYLOM\KZ-05-18_CP-35\20230530\can_Tapper14-01-09-12-57-31.pcap.gz
210,2023-01-11 10:23:53.696578,can_tapper14,2023-01-11 10:22:53.696578,2023-01-11 10:25:53.696578,13.48,59.841825,119.968479,163174.900499,2158,368,328,//qar7000185/GP0_UPLOAD/BOXER/CYLOM\KZ-05-18_CP-35\20230530\can_Tapper14-01-11-10-15-26.pcap.gz
211,2023-01-11 10:26:13.144932,can_tapper14,2023-01-11 10:25:13.144932,2023-01-11 10:28:13.144932,13.475,59.98348,119.961711,139.448354,2159,421,483,//qar7000185/GP0_UPLOAD/BOXER/CYLOM\KZ-05-18_CP-35\20230530\can_Tapper14-01-11-10-15-26.pcap.gz
212,2023-01-11 10:28:37.152457,can_tapper14,2023-01-11 10:27:37.152457,2023-01-11 10:30:37.152457,13.483333333333334,59.948849,119.83995,144.007525,2158,409,381,//qar7000185/GP0_UPLOAD/BOXER/CYLOM\KZ-05-18_CP-35\20230530\can_Tapper14-01-11-10-15-26.pcap.gz
213,2023-01-11 10:58:16.851025,can_tapper14,2023-01-11 10:57:16.851025,2023-01-11 11:00:16.851025,13.569999999999999,59.985761,119.941999,1779.698568,2159,425,729,//qar7000185/GP0_UPLOAD/BOXER/CYLOM\KZ-05-18_CP-35\20230530\can_Tapper14-01-11-10-15-26.pcap.gz
214,2023-01-11 11:17:18.871115,can_tapper14,2023-01-11 11:16:18.871115,2023-01-11 11:19:18.871115,13.633333333333331,59.971819,119.913975,1142.02009,2159,442,640,//qar7000185/GP0_UPLOAD/BOXER/CYLOM\KZ-05-18_CP-35\20230530\can_Tapper14-01-11-11-15-26.pcap.gz
215,2023-01-11 14:29:07.437915,can_tapper14,2023-01-11 14:28:07.437915,2023-01-11 14:31:07.437915,14.62,59.878282,119.961947,11508.5668,2158,407,851,//qar7000185/GP0_UPLOAD/BOXER/CYLOM\KZ-05-18_CP-35\20230530\can_Tapper14-01-11-14-22-22.pcap.gz
216,2023-01-11 14:30:12.291483,can_tapper14,2023-01-11 14:29:12.291483,2023-01-11 14:32:12.291483,14.580000000000002,59.958799,119.986702,64.853568,2160,433,909,//qar7000185/GP0_UPLOAD/BOXER/CYLOM\KZ-05-18_CP-35\20230530\can_Tapper14-01-11-14-22-22.pcap.gz
217,2023-01-11 14:31:51.928501,can_tapper14,2023-01-11 14:30:51.928501,2023-01-11 14:33:51.928501,14.666666666666668,59.989962,119.884162,99.637018,2159,347,525,//qar7000185/GP0_UPLOAD/BOXER/CYLOM\KZ-05-18_CP-35\20230530\can_Tapper14-01-11-14-22-22.pcap.gz
218,2023-01-11 14:45:40.862237,can_tapper14,2023-01-11 14:44:40.862237,2023-01-11 14:47:40.862237,14.786666666666667,59.937701,119.920348,828.933736,2159,421,281,//qar7000185/GP0_UPLOAD/BOXER/CYLOM\KZ-05-18_CP-35\20230530\can_Tapper14-01-11-14-22-22.pcap.gz
219,2023-01-11 14:57:42.915357,can_tapper14,2023-01-11 14:56:42.915357,2023-01-11 14:59:42.915357,14.780000000000001,59.9889,119.906025,722.05312,2159,461,658,//qar7000185/GP0_UPLOAD/BOXER/CYLOM\KZ-05-18_CP-35\20230530\can_Tapper14-01-11-14-22-22.pcap.gz
220,2023-01-11 17:58:19.942362,can_tapper14,2023-01-11 17:57:19.942362,2023-01-11 18:00:19.942362,14.666666666666668,56.248968,119.890798,10837.027005,2115,450,762,//qar7000185/GP0_UPLOAD/BOXER/CYLOM\KZ-05-18_CP-35\20230530\can_Tapper14-01-11-17-57-23.pcap.gz
221,2023-01-13 08:21:57.215719,can_tapper14,2023-01-13 08:20:57.215719,2023-01-13 08:23:57.215719,7.025,9.70128,119.911133,138217.273357,1557,344,522,//qar7000185/GP0_UPLOAD/BOXER/CYLOM\KZ-05-18_CP-35\20230530\can_Tapper14-01-13-08-21-47.pcap.gz
222,2023-01-13 10:57:49.857786,can_tapper14,2023-01-13 10:56:49.857786,2023-01-13 10:59:49.857786,7.8166666666666655,59.935773,119.980372,9352.642067,2160,485,738,//qar7000185/GP0_UPLOAD/BOXER/CYLOM\KZ-05-18_CP-35\20230530\can_Tapper14-01-13-10-56-14.pcap.gz
223,2023-01-18 12:30:07.579828,can_tapper14,2023-01-18 12:29:07.579828,2023-01-18 12:32:07.579828,-1.78,59.954208,119.905166,437537.722042,2160,380,498,//qar7000185/GP0_UPLOAD/BOXER/CYLOM\KZ-05-18_CP-35\20230530\can_Tapper14-01-18-12-23-36.pcap.gz
224,2023-01-20 08:59:54.083176,can_tapper14,2023-01-20 08:58:54.083176,2023-01-20 09:01:54.083176,0.04166666666666665,8.402566,119.909796,160186.503348,1542,387,399,//qar7000185/GP0_UPLOAD/BOXER/CYLOM\KZ-05-18_CP-35\20230530\can_Tapper14-01-20-08-59-45.pcap.gz
225,2023-01-20 09:16:55.175168,can_tapper14,2023-01-20 09:15:55.175168,2023-01-20 09:18:55.175168,0.65,59.939875,119.943193,1021.091992,2159,447,456,//qar7000185/GP0_UPLOAD/BOXER/CYLOM\KZ-05-18_CP-35\20230530\can_Tapper14-01-20-08-59-45.pcap.gz
226,2023-01-20 09:27:53.106308,can_tapper14,2023-01-20 09:26:53.106308,2023-01-20 09:29:53.106308,0.05,1.407529,71.656873,657.93114,879,206,310,//qar7000185/GP0_UPLOAD/BOXER/CYLOM\KZ-05-18_CP-35\20230530\can_Tapper14-01-20-09-27-51.pcap.gz
227,2023-02-28 13:33:37.474781,can_tapper14,2023-02-28 13:32:37.474781,2023-02-28 13:35:37.474781,2.2,25.807027,119.796669,3384344.368473,1749,360,473,//qar7000185/GP0_UPLOAD/BOXER/CYLOM\KZ-05-18_CP-35\20230530\can_Tapper14-02-28-13-33-11.pcap.gz
228,2023-03-06 13:56:46.686095,can_tapper14,2023-03-06 13:55:46.686095,2023-03-06 13:58:46.686095,1.85,21.610799,119.99993,519789.211314,1700,317,495,//qar7000185/GP0_UPLOAD/BOXER/CYLOM\KZ-05-18_CP-35\20230530\can_Tapper14-03-06-13-56-24.pcap.gz
229,2023-03-08 08:32:34.474562,can_tapper14,2023-03-08 08:31:34.474562,2023-03-08 08:34:34.474562,1.8666666666666667,11.296496,119.984916,153347.788467,1576,338,489,//qar7000185/GP0_UPLOAD/BOXER/CYLOM\KZ-05-18_CP-35\20230530\can_Tapper14-03-08-08-32-22.pcap.gz
230,2023-03-08 10:33:45.709477,can_tapper14,2023-03-08 10:32:45.709477,2023-03-08 10:35:45.709477,4.125,59.9699,119.903123,7271.234915,2159,458,757,//qar7000185/GP0_UPLOAD/BOXER/CYLOM\KZ-05-18_CP-35\20230530\can_Tapper14-03-08-10-32-22.pcap.gz
231,2023-03-09 09:56:54.799535,can_tapper14,2023-03-09 09:55:54.799535,2023-03-09 09:58:54.799535,2.005,59.866456,119.966382,84189.090058,2158,407,670,//qar7000185/GP0_UPLOAD/BOXER/CYLOM\KZ-05-18_CP-35\20230530\can_Tapper14-03-09-09-55-51.pcap.gz
232,2023-03-09 11:22:54.014166,can_tapper14,2023-03-09 11:21:54.014166,2023-03-09 11:24:54.014166,2.1100000000000003,0.929793,119.902621,5159.214631,1452,312,474,//qar7000185/GP0_UPLOAD/BOXER/CYLOM\KZ-05-18_CP-35\20230530\can_Tapper14-03-09-11-22-52.pcap.gz
233,2023-03-09 13:00:25.729815,can_tapper14,2023-03-09 12:59:25.729815,2023-03-09 13:02:25.729815,3.6149999999999998,59.888202,119.805393,5851.715649,2157,440,757,//qar7000185/GP0_UPLOAD/BOXER/CYLOM\KZ-05-18_CP-35\20230530\can_Tapper14-03-09-12-22-52.pcap.gz
234,2023-03-10 08:05:49.859374,can_tapper14,2023-03-10 08:04:49.859374,2023-03-10 08:07:49.859374,1.7,3.153004,119.932659,68724.129559,1479,335,508,//qar7000185/GP0_UPLOAD/BOXER/CYLOM\KZ-05-18_CP-35\20230530\can_Tapper14-03-10-08-05-46.pcap.gz
235,2023-03-10 09:24:16.758814,can_tapper14,2023-03-10 09:23:16.758814,2023-03-10 09:26:16.758814,3.618333333333333,59.996172,119.9556,4706.89944,2160,429,851,//qar7000185/GP0_UPLOAD/BOXER/CYLOM\KZ-05-18_CP-35\20230530\can_Tapper14-03-10-09-05-46.pcap.gz
236,2023-03-10 11:00:19.274135,can_tapper14,2023-03-10 10:59:19.274135,2023-03-10 11:02:19.274135,5.85,59.993172,119.942102,5762.515321,2160,402,714,//qar7000185/GP0_UPLOAD/BOXER/CYLOM\KZ-05-18_CP-35\20230530\can_Tapper14-03-10-10-05-46.pcap.gz
237,2023-03-10 11:11:15.519665,can_tapper14,2023-03-10 11:10:15.519665,2023-03-10 11:13:15.519665,6.43,59.992565,119.854754,656.24553,2158,449,748,//qar7000185/GP0_UPLOAD/BOXER/CYLOM\KZ-05-18_CP-35\20230530\can_Tapper14-03-10-11-05-46.pcap.gz
238,2023-03-10 12:03:06.256327,can_tapper14,2023-03-10 12:02:06.256327,2023-03-10 12:05:06.256327,7.45,59.88855,119.991701,3110.736662,2158,426,881,//qar7000185/GP0_UPLOAD/BOXER/CYLOM\KZ-05-18_CP-35\20230530\can_Tapper14-03-10-11-05-46.pcap.gz
239,2023-03-10 12:34:16.961670,can_tapper14,2023-03-10 12:33:16.961670,2023-03-10 12:36:16.961670,8.041666666666666,59.857199,119.979876,1870.705343,2159,436,838,//qar7000185/GP0_UPLOAD/BOXER/CYLOM\KZ-05-18_CP-35\20230530\can_Tapper14-03-10-12-05-46.pcap.gz
240,2023-03-10 15:38:39.900611,can_tapper14,2023-03-10 15:37:39.900611,2023-03-10 15:40:39.900611,7.3,15.704982,119.903957,11062.938941,1629,364,563,//qar7000185/GP0_UPLOAD/BOXER/CYLOM\KZ-05-18_CP-35\20230530\can_Tapper14-03-10-15-38-23.pcap.gz
241,2023-03-16 14:08:07.379636,can_tapper14,2023-03-16 14:07:07.379636,2023-03-16 14:10:07.379636,,4.482958,119.833374,512967.479025,1492,353,499,//qar7000185/GP0_UPLOAD/BOXER/CYLOM\KZ-05-18_CP-35\20230530\can_Tapper14-03-16-14-08-02.pcap.gz
242,2023-03-23 07:17:49.992157,can_tapper14,2023-03-23 07:16:49.992157,2023-03-23 07:19:49.992157,7.65,16.312442,119.82237,580182.612521,1635,357,450,//qar7000185/GP0_UPLOAD/BOXER/CYLOM\KZ-05-18_CP-35\20230530\can_Tapper14-03-23-07-17-33.pcap.gz
243,2023-03-23 10:35:43.573162,can_tapper14,2023-03-23 10:34:43.573162,2023-03-23 10:37:43.573162,11.08,59.92408,120.00057,11873.581005,2160,329,799,//qar7000185/GP0_UPLOAD/BOXER/CYLOM\KZ-05-18_CP-35\20230530\can_Tapper14-03-23-10-17-33.pcap.gz
244,2023-03-23 15:21:05.846184,can_tapper14,2023-03-23 15:20:05.846184,2023-03-23 15:23:05.846184,16.044999999999998,59.946848,119.959294,17122.273022,2160,403,667,//qar7000185/GP0_UPLOAD/BOXER/CYLOM\KZ-05-18_CP-35\20230530\can_Tapper14-03-23-14-56-47.pcap.gz
245,2023-03-23 18:59:18.181380,can_tapper14,2023-03-23 18:58:18.181380,2023-03-23 19:01:18.181380,16.45,34.784318,119.831868,13092.335196,1857,0,557,//qar7000185/GP0_UPLOAD/BOXER/CYLOM\KZ-05-18_CP-35\20230530\can_Tapper14-03-23-18-58-43.pcap.gz
246,2023-03-27 13:33:42.898237,can_tapper14,2023-03-27 13:32:42.898237,2023-03-27 13:35:42.898237,6.0,52.009232,119.875755,326064.716857,2064,0,488,//qar7000185/GP0_UPLOAD/BOXER/CYLOM\KZ-05-18_CP-35\20230530\can_Tapper14-03-27-13-32-50.pcap.gz
247,2023-03-27 13:36:22.580518,can_tapper14,2023-03-27 13:35:22.580518,2023-03-27 13:38:22.580518,6.025,59.889517,119.994035,159.682281,2159,0,670,//qar7000185/GP0_UPLOAD/BOXER/CYLOM\KZ-05-18_CP-35\20230530\can_Tapper14-03-27-13-32-50.pcap.gz
248,2023-03-28 09:22:23.468764,can_tapper14,2023-03-28 09:21:23.468764,2023-03-28 09:24:23.468764,6.9,18.082308,119.983228,71160.888246,1659,214,354,//qar7000185/GP0_UPLOAD/BOXER/CYLOM\KZ-05-18_CP-35\20230530\can_Tapper14-03-28-09-22-05.pcap.gz
249,2023-03-28 10:42:54.426635,can_tapper14,2023-03-28 10:41:54.426635,2023-03-28 10:44:54.426635,8.45,59.977474,119.952204,4830.957871,2160,392,744,//qar7000185/GP0_UPLOAD/BOXER/CYLOM\KZ-05-18_CP-35\20230530\can_Tapper14-03-28-10-40-34.pcap.gz
250,2023-03-29 12:54:57.793549,can_tapper14,2023-03-29 12:53:57.793549,2023-03-29 12:56:57.793549,12.05,59.885227,119.986624,94323.366914,2160,317,477,//qar7000185/GP0_UPLOAD/BOXER/CYLOM\KZ-05-18_CP-35\20230530\can_Tapper14-03-29-12-53-06.pcap.gz
251,2023-03-29 13:08:20.298360,can_tapper14,2023-03-29 13:07:20.298360,2023-03-29 13:10:20.298360,11.959999999999999,59.854237,119.993229,802.504811,2158,366,607,//qar7000185/GP0_UPLOAD/BOXER/CYLOM\KZ-05-18_CP-35\20230530\can_Tapper14-03-29-12-53-06.pcap.gz
252,2023-04-04 09:16:35.077317,can_tapper14,2023-04-04 09:15:35.077317,2023-04-04 09:18:35.077317,,3.245688,119.819284,504494.778957,1479,241,380,//qar7000185/GP0_UPLOAD/BOXER/CYLOM\KZ-05-18_CP-35\20230530\can_Tapper14-04-04-09-16-31.pcap.gz
253,2023-04-05 09:07:21.554407,can_tapper14,2023-04-05 09:06:21.554407,2023-04-05 09:09:21.554407,9.45,8.497385,119.861672,85846.47709,1542,0,449,//qar7000185/GP0_UPLOAD/BOXER/CYLOM\KZ-05-18_CP-35\20230530\can_Tapper14-04-05-09-07-12.pcap.gz
254,2023-04-05 15:12:28.833397,can_tapper14,2023-04-05 15:11:28.833397,2023-04-05 15:14:28.833397,19.5,59.911924,119.966924,21907.27899,2160,0,263,//qar7000185/GP0_UPLOAD/BOXER/CYLOM\KZ-05-18_CP-35\20230530\can_Tapper14-04-05-15-07-12.pcap.gz
255,2023-04-06 09:00:09.921353,can_tapper14,2023-04-06 08:59:09.921353,2023-04-06 09:02:09.921353,13.408333333333331,59.985499,119.910425,64061.087956,2160,229,572,//qar7000185/GP0_UPLOAD/BOXER/CYLOM\KZ-05-18_CP-35\20230530\can_Tapper14-04-06-08-07-12.pcap.gz
256,2023-04-06 12:23:10.311619,can_tapper14,2023-04-06 12:22:10.311619,2023-04-06 12:25:10.311619,15.35,59.854243,119.979258,12180.390266,2158,375,961,//qar7000185/GP0_UPLOAD/BOXER/CYLOM\KZ-05-18_CP-35\20230530\can_Tapper14-04-06-12-19-01.pcap.gz
257,2023-04-06 14:29:19.518990,can_tapper14,2023-04-06 14:28:19.518990,2023-04-06 14:31:19.518990,15.425,59.925644,119.915631,7569.207371,2159,392,742,//qar7000185/GP0_UPLOAD/BOXER/CYLOM\KZ-05-18_CP-35\20230530\can_Tapper14-04-06-14-19-01.pcap.gz
258,2023-04-13 12:41:45.760667,can_tapper14,2023-04-13 12:40:45.760667,2023-04-13 12:43:45.760667,7.025,59.862278,119.778565,598346.241677,2157,247,530,//qar7000185/GP0_UPLOAD/BOXER/CYLOM\KZ-05-18_CP-35\20230530\can_Tapper14-04-13-12-40-30.pcap.gz
259,2023-04-13 13:02:07.042498,can_tapper14,2023-04-13 13:01:07.042498,2023-04-13 13:04:07.042498,8.18,59.840415,119.822827,1221.281831,2157,385,499,//qar7000185/GP0_UPLOAD/BOXER/CYLOM\KZ-05-18_CP-35\20230530\can_Tapper14-04-13-12-40-30.pcap.gz
260,2023-04-13 13:37:42.636724,can_tapper14,2023-04-13 13:36:42.636724,2023-04-13 13:39:42.636724,8.95,59.874048,119.815441,2135.594226,1572,226,174,//qar7000185/GP0_UPLOAD/BOXER/CYLOM\KZ-05-18_CP-35\20230530\can_Tapper14-04-13-12-40-30.pcap.gz
261,2023-04-13 13:39:29.878520,can_tapper14,2023-04-13 13:38:29.878520,2023-04-13 13:41:29.878520,8.966666666666667,59.984669,119.914831,107.241796,1573,259,525,//qar7000185/GP0_UPLOAD/BOXER/CYLOM\KZ-05-18_CP-35\20230530\can_Tapper14-04-13-13-39-21.pcap.gz
262,2023-04-17 08:21:42.376266,can_tapper14,2023-04-17 08:20:42.376266,2023-04-17 08:23:42.376266,6.65,27.454343,119.900524,326532.497746,1770,260,436,//qar7000185/GP0_UPLOAD/BOXER/CYLOM\KZ-05-18_CP-35\20230530\can_Tapper14-04-17-08-21-14.pcap.gz
263,2023-04-17 10:46:27.827270,can_tapper14,2023-04-17 10:45:27.827270,2023-04-17 10:48:27.827270,8.035,35.596567,119.985113,8685.451004,1867,348,506,//qar7000185/GP0_UPLOAD/BOXER/CYLOM\KZ-05-18_CP-35\20230530\can_Tapper14-04-17-10-45-52.pcap.gz
264,2023-04-17 10:48:08.334527,can_tapper14,2023-04-17 10:47:08.334527,2023-04-17 10:50:08.334527,8.045,59.812043,119.862838,100.507257,2157,460,603,//qar7000185/GP0_UPLOAD/BOXER/CYLOM\KZ-05-18_CP-35\20230530\can_Tapper14-04-17-10-45-52.pcap.gz
265,2023-04-17 11:00:08.489830,can_tapper14,2023-04-17 10:59:08.489830,2023-04-17 11:02:08.489830,8.031818181818181,59.992654,83.904257,720.155303,1728,328,391,//qar7000185/GP0_UPLOAD/BOXER/CYLOM\KZ-05-18_CP-35\20230530\can_Tapper14-04-17-10-45-52.pcap.gz
266,2023-04-17 14:18:47.237775,can_tapper14,2023-04-17 14:17:47.237775,2023-04-17 14:20:47.237775,8.925,59.960961,119.846738,11918.747945,2158,356,659,//qar7000185/GP0_UPLOAD/BOXER/CYLOM\KZ-05-18_CP-35\20230530\can_Tapper14-04-17-14-02-51.pcap.gz
267,2023-04-17 18:05:42.710656,can_tapper14,2023-04-17 18:04:42.710656,2023-04-17 18:07:42.710656,12.24,59.799819,119.801027,13615.472881,2157,271,692,//qar7000185/GP0_UPLOAD/BOXER/CYLOM\KZ-05-18_CP-35\20230530\can_Tapper14-04-17-18-02-51.pcap.gz
268,2023-04-17 18:59:44.460192,can_tapper14,2023-04-17 18:58:44.460192,2023-04-17 19:01:44.460192,12.633333333333333,59.944542,119.946828,3241.749536,2159,250,802,//qar7000185/GP0_UPLOAD/BOXER/CYLOM\KZ-05-18_CP-35\20230530\can_Tapper14-04-17-18-02-51.pcap.gz
269,2023-04-17 20:26:50.790955,can_tapper14,2023-04-17 20:25:50.790955,2023-04-17 20:28:50.790955,13.36,59.927774,119.914636,5226.330763,2159,278,646,//qar7000185/GP0_UPLOAD/BOXER/CYLOM\KZ-05-18_CP-35\20230530\can_Tapper14-04-17-20-02-51.pcap.gz
270,2023-04-18 06:31:12.598660,can_tapper14,2023-04-18 06:30:12.598660,2023-04-18 06:33:12.598660,12.9,59.826592,119.774338,36261.807705,2157,262,645,//qar7000185/GP0_UPLOAD/BOXER/CYLOM\KZ-05-18_CP-35\20230530\can_Tapper14-04-18-06-02-51.pcap.gz
271,2023-04-18 07:56:07.788297,can_tapper14,2023-04-18 07:55:07.788297,2023-04-18 07:58:07.788297,14.8,59.825003,120.000276,5095.189637,2158,0,574,//qar7000185/GP0_UPLOAD/BOXER/CYLOM\KZ-05-18_CP-35\20230530\can_Tapper14-04-18-07-02-51.pcap.gz
272,2023-04-18 09:27:16.699102,can_tapper14,2023-04-18 09:26:16.699102,2023-04-18 09:29:16.699102,15.775,59.882851,119.971199,5468.910805,2159,0,257,//qar7000185/GP0_UPLOAD/BOXER/CYLOM\KZ-05-18_CP-35\20230530\can_Tapper14-04-18-09-02-51.pcap.gz
273,2023-04-18 09:33:14.754243,can_tapper14,2023-04-18 09:32:14.754243,2023-04-18 09:35:14.754243,15.7,59.990393,119.86999,358.055141,2158,0,621,//qar7000185/GP0_UPLOAD/BOXER/CYLOM\KZ-05-18_CP-35\20230530\can_Tapper14-04-18-09-02-51.pcap.gz
274,2023-04-18 10:55:51.083881,can_tapper14,2023-04-18 10:54:51.083881,2023-04-18 10:57:51.083881,15.89,59.917131,119.961155,4956.329638,2159,0,580,//qar7000185/GP0_UPLOAD/BOXER/CYLOM\KZ-05-18_CP-35\20230530\can_Tapper14-04-18-10-02-51.pcap.gz
275,2023-04-18 14:01:43.196755,can_tapper14,2023-04-18 14:00:43.196755,2023-04-18 14:03:43.196755,16.94166666666667,59.900356,119.918862,11152.112874,2158,349,748,//qar7000185/GP0_UPLOAD/BOXER/CYLOM\KZ-05-18_CP-35\20230530\can_Tapper14-04-18-13-02-51.pcap.gz
276,2023-04-18 15:26:55.212595,can_tapper14,2023-04-18 15:25:55.212595,2023-04-18 15:28:55.212595,17.775,59.967326,119.908722,5112.01584,2159,0,710,//qar7000185/GP0_UPLOAD/BOXER/CYLOM\KZ-05-18_CP-35\20230530\can_Tapper14-04-18-15-02-51.pcap.gz
277,2023-04-18 15:49:37.732495,can_tapper14,2023-04-18 15:48:37.732495,2023-04-18 15:51:37.732495,17.916666666666668,59.829106,119.994494,1362.5199,2159,0,610,//qar7000185/GP0_UPLOAD/BOXER/CYLOM\KZ-05-18_CP-35\20230530\can_Tapper14-04-18-15-02-51.pcap.gz
278,2023-04-18 18:04:44.753651,can_tapper14,2023-04-18 18:03:44.753651,2023-04-18 18:06:44.753651,20.0,59.979518,119.896293,8107.021156,2158,0,657,//qar7000185/GP0_UPLOAD/BOXER/CYLOM\KZ-05-18_CP-35\20230530\can_Tapper14-04-18-18-02-51.pcap.gz
279,2023-04-19 07:01:08.330255,can_tapper14,2023-04-19 07:00:08.330255,2023-04-19 07:03:08.330255,15.7,59.864264,119.793699,46583.576604,2157,295,706,//qar7000185/GP0_UPLOAD/BOXER/CYLOM\KZ-05-18_CP-35\20230530\can_Tapper14-04-19-06-02-51.pcap.gz
280,2023-04-19 07:58:24.963551,can_tapper14,2023-04-19 07:57:24.963551,2023-04-19 08:00:24.963551,16.583333333333332,59.966158,119.897491,3436.633296,2159,426,873,//qar7000185/GP0_UPLOAD/BOXER/CYLOM\KZ-05-18_CP-35\20230530\can_Tapper14-04-19-07-02-51.pcap.gz
281,2023-04-19 10:29:31.597008,can_tapper14,2023-04-19 10:28:31.597008,2023-04-19 10:31:31.597008,19.55,59.9854,119.946899,9066.633457,2160,320,916,//qar7000185/GP0_UPLOAD/BOXER/CYLOM\KZ-05-18_CP-35\20230530\can_Tapper14-04-19-10-02-51.pcap.gz
282,2023-04-19 11:14:14.736022,can_tapper14,2023-04-19 11:13:14.736022,2023-04-19 11:16:14.736022,20.2,59.890094,119.961481,2683.139014,2159,289,761,//qar7000185/GP0_UPLOAD/BOXER/CYLOM\KZ-05-18_CP-35\20230530\can_Tapper14-04-19-11-02-51.pcap.gz
283,2023-04-19 11:35:54.538919,can_tapper14,2023-04-19 11:34:54.538919,2023-04-19 11:37:54.538919,20.525,59.992901,119.834457,1299.802897,2159,299,725,//qar7000185/GP0_UPLOAD/BOXER/CYLOM\KZ-05-18_CP-35\20230530\can_Tapper14-04-19-11-02-51.pcap.gz
284,2023-04-19 16:20:46.205477,can_tapper14,2023-04-19 16:19:46.205477,2023-04-19 16:22:46.205477,21.075,59.849975,119.998475,17091.666558,2159,0,677,//qar7000185/GP0_UPLOAD/BOXER/CYLOM\KZ-05-18_CP-35\20230530\can_Tapper14-04-19-16-02-51.pcap.gz
285,2023-04-19 18:54:13.786265,can_tapper14,2023-04-19 18:53:13.786265,2023-04-19 18:56:13.786265,22.05,15.381995,119.972605,9207.580788,1626,0,514,//qar7000185/GP0_UPLOAD/BOXER/CYLOM\KZ-05-18_CP-35\20230530\can_Tapper14-04-19-18-53-58.pcap.gz
286,2023-04-20 07:02:06.229161,can_tapper14,2023-04-20 07:01:06.229161,2023-04-20 07:04:06.229161,17.466666666666665,59.885287,119.996708,43672.442896,2159,0,522,//qar7000185/GP0_UPLOAD/BOXER/CYLOM\KZ-05-18_CP-35\20230530\can_Tapper14-04-20-06-53-58.pcap.gz
287,2023-04-20 09:36:46.363364,can_tapper14,2023-04-20 09:35:46.363364,2023-04-20 09:38:46.363364,16.916666666666664,59.983474,119.99075,9280.134203,2160,0,723,//qar7000185/GP0_UPLOAD/BOXER/CYLOM\KZ-05-18_CP-35\20230530\can_Tapper14-04-20-08-53-58.pcap.gz
288,2023-04-20 12:29:19.140501,can_tapper14,2023-04-20 12:28:19.140501,2023-04-20 12:31:19.140501,16.666666666666668,59.962482,119.991948,10352.777137,2160,0,665,//qar7000185/GP0_UPLOAD/BOXER/CYLOM\KZ-05-18_CP-35\20230530\can_Tapper14-04-20-11-53-58.pcap.gz
289,2023-04-20 14:33:22.327384,can_tapper14,2023-04-20 14:32:22.327384,2023-04-20 14:35:22.327384,18.45,59.952612,119.936862,7443.186883,2158,0,578,//qar7000185/GP0_UPLOAD/BOXER/CYLOM\KZ-05-18_CP-35\20230530\can_Tapper14-04-20-13-53-58.pcap.gz
290,2023-04-20 14:47:21.140950,can_tapper14,2023-04-20 14:46:21.140950,2023-04-20 14:49:21.140950,18.77,59.818177,119.792944,838.813566,2157,0,313,//qar7000185/GP0_UPLOAD/BOXER/CYLOM\KZ-05-18_CP-35\20230530\can_Tapper14-04-20-13-53-58.pcap.gz
291,2023-04-20 20:31:17.085494,can_tapper14,2023-04-20 20:30:17.085494,2023-04-20 20:33:17.085494,18.633333333333333,10.240287,119.878562,20635.944544,1563,148,541,//qar7000185/GP0_UPLOAD/BOXER/CYLOM\KZ-05-18_CP-35\20230530\can_Tapper14-04-20-20-31-06.pcap.gz
292,2023-04-21 06:59:23.481157,can_tapper14,2023-04-21 06:58:23.481157,2023-04-21 07:01:23.481157,14.7,4.572824,119.989008,37686.395663,1497,0,478,//qar7000185/GP0_UPLOAD/BOXER/CYLOM\KZ-05-18_CP-35\20230530\can_Tapper14-04-21-06-59-18.pcap.gz
293,2023-04-21 10:22:17.453994,can_tapper14,2023-04-21 10:21:17.453994,2023-04-21 10:24:17.453994,15.225,59.942106,119.9794,12173.972837,2159,221,591,//qar7000185/GP0_UPLOAD/BOXER/CYLOM\KZ-05-18_CP-35\20230530\can_Tapper14-04-21-09-59-18.pcap.gz
294,2023-04-21 11:16:12.834181,can_tapper14,2023-04-21 11:15:12.834181,2023-04-21 11:18:12.834181,15.48,59.928573,119.981831,3235.380187,2159,244,729,//qar7000185/GP0_UPLOAD/BOXER/CYLOM\KZ-05-18_CP-35\20230530\can_Tapper14-04-21-10-59-18.pcap.gz
295,2023-04-21 13:03:09.909857,can_tapper14,2023-04-21 13:02:09.909857,2023-04-21 13:05:09.909857,16.23,59.994369,119.981875,6417.075676,2159,207,650,//qar7000185/GP0_UPLOAD/BOXER/CYLOM\KZ-05-18_CP-35\20230530\can_Tapper14-04-21-12-59-18.pcap.gz
296,2023-04-21 14:48:34.451187,can_tapper14,2023-04-21 14:47:34.451187,2023-04-21 14:50:34.451187,16.866666666666667,59.992378,119.954489,6324.54133,2159,171,538,//qar7000185/GP0_UPLOAD/BOXER/CYLOM\KZ-05-18_CP-35\20230530\can_Tapper14-04-21-13-59-18.pcap.gz
297,2023-04-21 17:53:21.438716,can_tapper14,2023-04-21 17:52:21.438716,2023-04-21 17:55:21.438716,18.51666666666667,59.999676,119.977729,11086.987529,2160,295,893,//qar7000185/GP0_UPLOAD/BOXER/CYLOM\KZ-05-18_CP-35\20230530\can_Tapper14-04-21-16-59-18.pcap.gz
298,2023-04-22 07:44:49.247321,can_tapper14,2023-04-22 07:43:49.247321,2023-04-22 07:46:49.247321,13.9,5.837699,119.984325,49887.808605,1512,0,437,//qar7000185/GP0_UPLOAD/BOXER/CYLOM\KZ-05-18_CP-35\20230530\can_Tapper14-04-22-07-44-43.pcap.gz
299,2023-04-22 10:03:23.235464,can_tapper14,2023-04-22 10:02:23.235464,2023-04-22 10:05:23.235464,15.245,59.935047,119.930141,8313.988143,2160,0,508,//qar7000185/GP0_UPLOAD/BOXER/CYLOM\KZ-05-18_CP-35\20230530\can_Tapper14-04-22-09-44-43.pcap.gz
300,2023-04-22 10:26:37.797283,can_tapper14,2023-04-22 10:25:37.797283,2023-04-22 10:28:37.797283,15.51,59.920555,119.925019,1394.561819,2159,0,507,//qar7000185/GP0_UPLOAD/BOXER/CYLOM\KZ-05-18_CP-35\20230530\can_Tapper14-04-22-09-44-43.pcap.gz
301,2023-04-22 15:26:48.044426,can_tapper14,2023-04-22 15:25:48.044426,2023-04-22 15:28:48.044426,16.275,18.628397,119.967757,18010.247143,1665,0,425,//qar7000185/GP0_UPLOAD/BOXER/CYLOM\KZ-05-18_CP-35\20230530\can_Tapper14-04-22-15-26-29.pcap.gz
302,2023-04-22 19:20:46.351877,can_tapper14,2023-04-22 19:19:46.351877,2023-04-22 19:22:46.351877,15.825,5.696163,119.958752,14038.307451,1509,0,484,//qar7000185/GP0_UPLOAD/BOXER/CYLOM\KZ-05-18_CP-35\20230530\can_Tapper14-04-22-19-20-40.pcap.gz
303,2023-04-23 07:29:49.265350,can_tapper14,2023-04-23 07:28:49.265350,2023-04-23 07:31:49.265350,10.85,19.054795,119.796288,43742.913473,1668,0,514,//qar7000185/GP0_UPLOAD/BOXER/CYLOM\KZ-05-18_CP-35\20230530\can_Tapper14-04-23-07-29-30.pcap.gz
304,2023-04-23 09:54:59.543121,can_tapper14,2023-04-23 09:53:59.543121,2023-04-23 09:56:59.543121,12.170833333333334,59.950724,119.939226,8710.277771,2159,0,718,//qar7000185/GP0_UPLOAD/BOXER/CYLOM\KZ-05-18_CP-35\20230530\can_Tapper14-04-23-09-29-30.pcap.gz
305,2023-04-23 12:33:16.479361,can_tapper14,2023-04-23 12:32:16.479361,2023-04-23 12:35:16.479361,15.5,59.999475,119.90995,9496.93624,2160,0,494,//qar7000185/GP0_UPLOAD/BOXER/CYLOM\KZ-05-18_CP-35\20230530\can_Tapper14-04-23-12-29-31.pcap.gz
306,2023-04-23 14:48:58.423150,can_tapper14,2023-04-23 14:47:58.423150,2023-04-23 14:50:58.423150,15.566666666666668,59.94437,119.982253,8141.943789,2160,0,613,//qar7000185/GP0_UPLOAD/BOXER/CYLOM\KZ-05-18_CP-35\20230530\can_Tapper14-04-23-14-29-31.pcap.gz
307,2023-04-23 16:56:05.605100,can_tapper14,2023-04-23 16:55:05.605100,2023-04-23 16:58:05.605100,16.425,59.906023,119.950121,7627.18195,2158,0,634,//qar7000185/GP0_UPLOAD/BOXER/CYLOM\KZ-05-18_CP-35\20230530\can_Tapper14-04-23-16-29-31.pcap.gz
308,2023-04-24 19:40:30.168576,can_tapper14,2023-04-24 19:39:30.168576,2023-04-24 19:42:30.168576,13.55,10.350572,119.999101,96264.563476,978,0,289,//qar7000185/GP0_UPLOAD/BOXER/CYLOM\KZ-05-18_CP-35\20230530\can_Tapper14-04-24-19-40-19.pcap.gz
309,2023-04-24 19:42:06.767830,can_tapper14,2023-04-24 19:41:06.767830,2023-04-24 19:44:06.767830,13.55,10.878137,119.93082,96.599254,954,0,277,//qar7000185/GP0_UPLOAD/BOXER/CYLOM\KZ-05-18_CP-35\20230530\can_Tapper14-04-24-19-41-55.pcap.gz
310,2023-04-24 19:43:58.986549,can_tapper14,2023-04-24 19:42:58.986549,2023-04-24 19:45:58.986549,12.15,8.572241,119.988151,112.218719,1544,0,496,//qar7000185/GP0_UPLOAD/BOXER/CYLOM\KZ-05-18_CP-35\20230530\can_Tapper14-04-24-19-43-50.pcap.gz
311,2023-04-24 21:11:00.446113,can_tapper14,2023-04-24 21:10:00.446113,2023-04-24 21:13:00.446113,13.5875,59.982308,16.894792,5221.459564,924,0,319,//qar7000185/GP0_UPLOAD/BOXER/CYLOM\KZ-05-18_CP-35\20230530\can_Tapper14-04-24-20-43-50.pcap.gz
312,2023-04-25 06:39:41.458811,can_tapper14,2023-04-25 06:38:41.458811,2023-04-25 06:41:41.458811,10.816666666666666,2.552071,119.991184,34121.012698,1471,0,476,//qar7000185/GP0_UPLOAD/BOXER/CYLOM\KZ-05-18_CP-35\20230530\can_Tapper14-04-25-06-39-38.pcap.gz
313,2023-04-25 09:20:06.465793,can_tapper14,2023-04-25 09:19:06.465793,2023-04-25 09:22:06.465793,10.9,59.916533,119.967734,9625.006982,2159,0,785,//qar7000185/GP0_UPLOAD/BOXER/CYLOM\KZ-05-18_CP-35\20230530\can_Tapper14-04-25-08-39-38.pcap.gz
314,2023-04-25 10:25:20.482132,can_tapper14,2023-04-25 10:24:20.482132,2023-04-25 10:27:20.482132,12.25,59.876853,119.987373,3914.016339,2158,0,566,//qar7000185/GP0_UPLOAD/BOXER/CYLOM\KZ-05-18_CP-35\20230530\can_Tapper14-04-25-09-39-38.pcap.gz
315,2023-04-25 13:17:38.486625,can_tapper14,2023-04-25 13:16:38.486625,2023-04-25 13:19:38.486625,13.375,59.927455,119.952574,10338.004493,2159,0,598,//qar7000185/GP0_UPLOAD/BOXER/CYLOM\KZ-05-18_CP-35\20230530\can_Tapper14-04-25-12-41-06.pcap.gz
316,2023-04-25 14:07:05.174764,can_tapper14,2023-04-25 14:06:05.174764,2023-04-25 14:09:05.174764,13.830000000000002,59.937325,119.970498,2966.688139,2160,0,543,//qar7000185/GP0_UPLOAD/BOXER/CYLOM\KZ-05-18_CP-35\20230530\can_Tapper14-04-25-13-41-06.pcap.gz
317,2023-04-25 15:44:15.759261,can_tapper14,2023-04-25 15:43:15.759261,2023-04-25 15:46:15.759261,14.275,35.614217,119.976281,5830.584497,1868,0,508,//qar7000185/GP0_UPLOAD/BOXER/CYLOM\KZ-05-18_CP-35\20230530\can_Tapper14-04-25-15-43-39.pcap.gz
318,2023-04-25 17:52:30.749070,can_tapper14,2023-04-25 17:51:30.749070,2023-04-25 17:54:30.749070,14.35,1.403373,119.930016,7694.989809,1458,0,577,//qar7000185/GP0_UPLOAD/BOXER/CYLOM\KZ-05-18_CP-35\20230530\can_Tapper14-04-25-17-52-29.pcap.gz
319,2023-04-26 09:27:57.167343,can_tapper14,2023-04-26 09:26:57.167343,2023-04-26 09:29:57.167343,9.991666666666665,30.500441,119.807324,56126.418273,1806,0,201,//qar7000185/GP0_UPLOAD/BOXER/CYLOM\KZ-05-18_CP-35\20230530\can_Tapper14-04-26-09-27-26.pcap.gz
320,2023-04-26 09:43:28.933380,can_tapper14,2023-04-26 09:42:28.933380,2023-04-26 09:45:28.933380,9.941666666666666,59.889857,119.932017,931.766037,2158,0,593,//qar7000185/GP0_UPLOAD/BOXER/CYLOM\KZ-05-18_CP-35\20230530\can_Tapper14-04-26-09-27-26.pcap.gz
321,2023-04-26 10:16:34.181058,can_tapper14,2023-04-26 10:15:34.181058,2023-04-26 10:18:34.181058,11.5,59.912827,119.978644,1985.247678,2159,0,411,//qar7000185/GP0_UPLOAD/BOXER/CYLOM\KZ-05-18_CP-35\20230530\can_Tapper14-04-26-09-27-26.pcap.gz
322,2023-04-26 12:39:32.274801,can_tapper14,2023-04-26 12:38:32.274801,2023-04-26 12:41:32.274801,10.2,11.379253,119.971775,8578.093743,1578,0,444,//qar7000185/GP0_UPLOAD/BOXER/CYLOM\KZ-05-18_CP-35\20230530\can_Tapper14-04-26-12-39-20.pcap.gz
323,2023-05-02 09:03:43.380051,can_tapper14,2023-05-02 09:02:43.380051,2023-05-02 09:05:43.380051,13.14166666666667,59.851374,119.861325,505451.10525,2157,0,720,//qar7000185/GP0_UPLOAD/BOXER/CYLOM\KZ-05-18_CP-35\20230530\can_Tapper14-05-02-08-10-57.pcap.gz
324,2023-05-02 09:16:59.352724,can_tapper14,2023-05-02 09:15:59.352724,2023-05-02 09:18:59.352724,11.433333333333334,59.84995,119.810625,795.972673,2157,0,462,//qar7000185/GP0_UPLOAD/BOXER/CYLOM\KZ-05-18_CP-35\20230530\can_Tapper14-05-02-09-10-57.pcap.gz
325,2023-05-08 08:13:54.949858,can_tapper14,2023-05-08 08:12:54.949858,2023-05-08 08:15:54.949858,14.635,0.315247,119.974681,514615.597134,1444,0,437,//qar7000185/GP0_UPLOAD/BOXER/CYLOM\KZ-05-18_CP-35\20230530\can_Tapper14-05-08-08-13-54.pcap.gz
326,2023-06-14 13:45:20.050349,can_tapper14,2023-06-14 13:44:20.050349,2023-06-14 13:47:20.050349,21.6,59.887425,119.965228,3216685.100491,2159,0,464,//qar7000185/GP0_UPLOAD/BOXER/CYLOM\KZ-05-18_CP-35\20240220\can_Tapper14-06-14-13-43-11.pcap.gz
327,2023-06-15 14:08:20.079502,can_tapper14,2023-06-15 14:07:20.079502,2023-06-15 14:10:20.079502,19.1,17.49765,119.831124,87780.029153,1650,0,506,//qar7000185/GP0_UPLOAD/BOXER/CYLOM\KZ-05-18_CP-35\20240220\can_Tapper14-06-15-14-08-02.pcap.gz
328,2023-06-15 15:49:13.615678,can_tapper14,2023-06-15 15:48:13.615678,2023-06-15 15:51:13.615678,21.85833333333333,59.890156,119.999174,6053.536176,2160,0,429,//qar7000185/GP0_UPLOAD/BOXER/CYLOM\KZ-05-18_CP-35\20240220\can_Tapper14-06-15-15-08-02.pcap.gz
329,2023-06-16 07:05:23.689538,can_tapper14,2023-06-16 07:04:23.689538,2023-06-16 07:07:23.689538,19.983333333333334,3.872144,119.971446,54970.07386,1488,0,610,//qar7000185/GP0_UPLOAD/BOXER/CYLOM\KZ-05-18_CP-35\20240220\can_Tapper14-06-16-07-05-19.pcap.gz
330,2023-06-19 11:22:09.324163,can_tapper14,2023-06-19 11:21:09.324163,2023-06-19 11:24:09.324163,21.208333333333332,3.951526,119.931514,274605.634625,1488,0,408,//qar7000185/GP0_UPLOAD/BOXER/CYLOM\KZ-05-18_CP-35\20240220\can_Tapper14-06-19-11-22-05.pcap.gz
331,2023-06-20 10:01:40.604729,can_tapper14,2023-06-20 10:00:40.604729,2023-06-20 10:03:40.604729,23.95,59.89483,119.927794,81571.280566,2158,0,624,//qar7000185/GP0_UPLOAD/BOXER/CYLOM\KZ-05-18_CP-35\20240220\can_Tapper14-06-20-09-22-05.pcap.gz
332,2023-06-20 15:01:17.736321,can_tapper14,2023-06-20 15:00:17.736321,2023-06-20 15:03:17.736321,35.975,9.337704,120.000637,17977.131592,1553,0,483,//qar7000185/GP0_UPLOAD/BOXER/CYLOM\KZ-05-18_CP-35\20240220\can_Tapper14-06-20-15-01-08.pcap.gz
333,2023-06-20 18:29:06.744976,can_tapper14,2023-06-20 18:28:06.744976,2023-06-20 18:31:06.744976,38.96,59.991284,119.889716,12469.008655,2160,0,617,//qar7000185/GP0_UPLOAD/BOXER/CYLOM\KZ-05-18_CP-35\20240220\can_Tapper14-06-20-18-01-08.pcap.gz
334,2023-06-20 19:04:57.427565,can_tapper14,2023-06-20 19:03:57.427565,2023-06-20 19:06:57.427565,39.59166666666666,59.926386,119.953343,2150.682589,2159,0,519,//qar7000185/GP0_UPLOAD/BOXER/CYLOM\KZ-05-18_CP-35\20240220\can_Tapper14-06-20-19-01-08.pcap.gz
335,2023-06-21 07:30:20.723623,can_tapper14,2023-06-21 07:29:20.723623,2023-06-21 07:32:20.723623,30.68,59.964415,119.931831,44723.296058,2159,0,513,//qar7000185/GP0_UPLOAD/BOXER/CYLOM\KZ-05-18_CP-35\20240220\can_Tapper14-06-21-07-24-45.pcap.gz
336,2023-06-21 10:45:32.853658,can_tapper14,2023-06-21 10:44:32.853658,2023-06-21 10:47:32.853658,27.825,59.990193,119.994307,11712.130035,2160,0,736,//qar7000185/GP0_UPLOAD/BOXER/CYLOM\KZ-05-18_CP-35\20240220\can_Tapper14-06-21-10-24-45.pcap.gz
337,2023-06-21 15:35:17.349914,can_tapper14,2023-06-21 15:34:17.349914,2023-06-21 15:37:17.349914,29.1,59.929866,119.926882,17384.496256,2159,0,643,//qar7000185/GP0_UPLOAD/BOXER/CYLOM\KZ-05-18_CP-35\20240220\can_Tapper14-06-21-15-24-45.pcap.gz
338,2023-06-21 18:17:01.264986,can_tapper14,2023-06-21 18:16:01.264986,2023-06-21 18:19:01.264986,30.5,59.966759,119.9787,9703.915072,2160,0,698,//qar7000185/GP0_UPLOAD/BOXER/CYLOM\KZ-05-18_CP-35\20240220\can_Tapper14-06-21-17-24-45.pcap.gz
339,2023-06-21 19:36:13.471795,can_tapper14,2023-06-21 19:35:13.471795,2023-06-21 19:38:13.471795,31.05,59.930833,119.975173,4752.206809,2160,0,514,//qar7000185/GP0_UPLOAD/BOXER/CYLOM\KZ-05-18_CP-35\20240220\can_Tapper14-06-21-19-24-45.pcap.gz
340,2023-06-21 20:55:21.348225,can_tapper14,2023-06-21 20:54:21.348225,2023-06-21 20:57:21.348225,31.205000000000002,59.895023,119.9683,4747.87643,2159,0,586,//qar7000185/GP0_UPLOAD/BOXER/CYLOM\KZ-05-18_CP-35\20240220\can_Tapper14-06-21-20-24-45.pcap.gz
341,2023-06-21 21:18:49.419309,can_tapper14,2023-06-21 21:17:49.419309,2023-06-21 21:20:49.419309,31.541666666666664,59.962019,119.970737,1408.071084,2159,0,758,//qar7000185/GP0_UPLOAD/BOXER/CYLOM\KZ-05-18_CP-35\20240220\can_Tapper14-06-21-20-24-45.pcap.gz
342,2023-06-22 06:30:47.496331,can_tapper14,2023-06-22 06:29:47.496331,2023-06-22 06:32:47.496331,27.725,59.871633,119.967504,33118.077022,2159,0,668,//qar7000185/GP0_UPLOAD/BOXER/CYLOM\KZ-05-18_CP-35\20240220\can_Tapper14-06-22-06-05-29.pcap.gz
343,2023-06-22 07:09:35.590684,can_tapper14,2023-06-22 07:08:35.590684,2023-06-22 07:11:35.590684,30.060000000000002,59.896545,119.952281,2328.094353,2159,0,465,//qar7000185/GP0_UPLOAD/BOXER/CYLOM\KZ-05-18_CP-35\20240220\can_Tapper14-06-22-07-05-29.pcap.gz
344,2023-06-22 10:21:57.143477,can_tapper14,2023-06-22 10:20:57.143477,2023-06-22 10:23:57.143477,26.425,59.941961,119.956214,11541.552793,4318,0,1374,//qar7000185/GP0_UPLOAD/BOXER/CYLOM\KZ-05-18_CP-35\20240220\can_Tapper14-06-22-10-05-29.pcap.gz
345,2023-06-22 10:21:57.143477,can_tapper14,2023-06-22 10:20:57.143477,2023-06-22 10:23:57.143477,26.425,59.941961,119.956214,0.0,4318,0,1374,//qar7000185/GP0_UPLOAD/BOXER/CYLOM\KZ-05-18_CP-35\20240220\can_Tapper14-06-22-10-05-29.pcap.gz
346,2023-06-22 14:11:30.522051,can_tapper14,2023-06-22 14:10:30.522051,2023-06-22 14:13:30.522051,27.225,59.936873,119.917881,13773.378574,2158,0,705,//qar7000185/GP0_UPLOAD/BOXER/CYLOM\KZ-05-18_CP-35\20240220\can_Tapper14-06-22-14-05-29.pcap.gz
347,2023-06-22 15:26:55.384153,can_tapper14,2023-06-22 15:25:55.384153,2023-06-22 15:28:55.384153,27.575,59.946773,119.972623,4524.862102,2159,0,586,//qar7000185/GP0_UPLOAD/BOXER/CYLOM\KZ-05-18_CP-35\20240220\can_Tapper14-06-22-15-05-29.pcap.gz
348,2023-06-22 17:04:43.663474,can_tapper14,2023-06-22 17:03:43.663474,2023-06-22 17:06:43.663474,26.525,59.921313,119.919751,5868.279321,2160,487,665,//qar7000185/GP0_UPLOAD/BOXER/CYLOM\KZ-05-18_CP-35\20240220\can_Tapper14-06-22-16-05-29.pcap.gz
349,2023-06-22 18:19:13.204339,can_tapper14,2023-06-22 18:18:13.204339,2023-06-22 18:21:13.204339,25.9,59.869732,119.986022,4469.540865,4318,1190,1711,//qar7000185/GP0_UPLOAD/BOXER/CYLOM\KZ-05-18_CP-35\20240220\can_Tapper14-06-22-18-05-29.pcap.gz
350,2023-06-22 18:19:13.204339,can_tapper14,2023-06-22 18:18:13.204339,2023-06-22 18:21:13.204339,25.9,59.869732,119.986022,0.0,4318,1190,1711,//qar7000185/GP0_UPLOAD/BOXER/CYLOM\KZ-05-18_CP-35\20240220\can_Tapper14-06-22-18-05-29.pcap.gz
351,2023-07-13 15:56:09.672192,can_tapper14,2023-07-13 15:55:09.672192,2023-07-13 15:58:09.672192,26.6,59.995939,119.821784,1805816.467853,2159,0,517,//qar7000185/GP0_UPLOAD/BOXER/CYLOM\KZ-05-18_CP-35\20240220\can_Tapper14-07-13-15-54-55.pcap.gz
352,2023-07-13 16:04:29.143847,can_tapper14,2023-07-13 16:03:29.143847,2023-07-13 16:06:29.143847,30.358333333333338,59.990199,119.889611,499.471655,1481,0,518,//qar7000185/GP0_UPLOAD/BOXER/CYLOM\KZ-05-18_CP-35\20240220\can_Tapper14-07-13-16-04-27.pcap.gz
353,2023-07-17 07:56:25.250978,can_tapper14,2023-07-17 07:55:25.250978,2023-07-17 07:58:25.250978,22.8,8.127408,119.949488,316316.107131,1539,0,488,//qar7000185/GP0_UPLOAD/BOXER/CYLOM\KZ-05-18_CP-35\20240220\can_Tapper14-07-17-07-56-17.pcap.gz
354,2023-07-17 09:07:11.989468,can_tapper14,2023-07-17 09:06:11.989468,2023-07-17 09:09:11.989468,22.90833333333333,6.673437,119.905493,4246.73849,1521,0,635,//qar7000185/GP0_UPLOAD/BOXER/CYLOM\KZ-05-18_CP-35\20240220\can_Tapper14-07-17-09-07-05.pcap.gz
355,2023-07-17 09:29:11.391843,can_tapper14,2023-07-17 09:28:11.391843,2023-07-17 09:31:11.391843,20.35,59.967686,119.849051,1319.402375,2158,0,451,//qar7000185/GP0_UPLOAD/BOXER/CYLOM\KZ-05-18_CP-35\20240220\can_Tapper14-07-17-09-07-05.pcap.gz
356,2023-07-17 10:46:29.533820,can_tapper14,2023-07-17 10:45:29.533820,2023-07-17 10:48:29.533820,30.933333333333337,59.944657,119.980799,4638.141977,2159,0,678,//qar7000185/GP0_UPLOAD/BOXER/CYLOM\KZ-05-18_CP-35\20240220\can_Tapper14-07-17-10-32-17.pcap.gz
357,2023-07-17 10:47:24.373270,can_tapper14,2023-07-17 10:46:24.373270,2023-07-17 10:49:24.373270,30.991666666666667,59.91775,119.919626,54.83945,2158,0,790,//qar7000185/GP0_UPLOAD/BOXER/CYLOM\KZ-05-18_CP-35\20240220\can_Tapper14-07-17-10-32-17.pcap.gz
358,2023-07-17 10:52:18.627493,can_tapper14,2023-07-17 10:51:18.627493,2023-07-17 10:54:18.627493,38.25,59.88535,119.984525,294.254223,2158,0,643,//qar7000185/GP0_UPLOAD/BOXER/CYLOM\KZ-05-18_CP-35\20240220\can_Tapper14-07-17-10-32-17.pcap.gz
359,2023-07-17 10:53:55.489993,can_tapper14,2023-07-17 10:52:55.489993,2023-07-17 10:55:55.489993,31.083333333333332,59.919077,119.81447,96.8625,1587,0,279,//qar7000185/GP0_UPLOAD/BOXER/CYLOM\KZ-05-18_CP-35\20240220\can_Tapper14-07-17-10-32-17.pcap.gz
360,2023-07-17 10:56:32.264568,can_tapper14,2023-07-17 10:55:32.264568,2023-07-17 10:58:32.264568,31.25,58.982089,119.83828,156.774575,2148,0,484,//qar7000185/GP0_UPLOAD/BOXER/CYLOM\KZ-05-18_CP-35\20240220\can_Tapper14-07-17-10-55-33.pcap.gz
361,2023-07-17 10:58:18.398157,can_tapper14,2023-07-17 10:57:18.398157,2023-07-17 11:00:18.398157,31.6,59.824241,119.81872,106.133589,2157,0,652,//qar7000185/GP0_UPLOAD/BOXER/CYLOM\KZ-05-18_CP-35\20240220\can_Tapper14-07-17-10-55-33.pcap.gz
362,2023-07-17 11:40:29.518869,can_tapper14,2023-07-17 11:39:29.518869,2023-07-17 11:42:29.518869,25.85,22.673628,119.951285,2531.120712,1713,0,460,//qar7000185/GP0_UPLOAD/BOXER/CYLOM\KZ-05-18_CP-35\20240220\can_Tapper14-07-17-11-40-06.pcap.gz
363,2023-07-18 10:22:33.045863,can_tapper14,2023-07-18 10:21:33.045863,2023-07-18 10:24:33.045863,24.55,44.911503,119.877326,81723.526994,1980,0,474,//qar7000185/GP0_UPLOAD/BOXER/CYLOM\KZ-05-18_CP-35\20240220\can_Tapper14-07-18-10-21-47.pcap.gz
364,2023-07-18 10:32:45.315993,can_tapper14,2023-07-18 10:31:45.315993,2023-07-18 10:34:45.315993,24.475,59.892665,119.937418,612.27013,2160,0,649,//qar7000185/GP0_UPLOAD/BOXER/CYLOM\KZ-05-18_CP-35\20240220\can_Tapper14-07-18-10-21-47.pcap.gz
365,2023-07-18 10:38:31.801935,can_tapper14,2023-07-18 10:37:31.801935,2023-07-18 10:40:31.801935,24.475,59.788614,35.243949,346.485942,1142,0,243,//qar7000185/GP0_UPLOAD/BOXER/CYLOM\KZ-05-18_CP-35\20240220\can_Tapper14-07-18-10-21-47.pcap.gz
366,2023-07-19 08:01:22.535641,can_tapper14,2023-07-19 08:00:22.535641,2023-07-19 08:03:22.535641,22.96666666666667,59.897093,119.908487,76970.733706,2160,372,776,//qar7000185/GP0_UPLOAD/BOXER/CYLOM\KZ-05-18_CP-35\20240220\can_Tapper14-07-19-07-59-45.pcap.gz
367,2023-07-19 08:17:41.943694,can_tapper14,2023-07-19 08:16:41.943694,2023-07-19 08:19:41.943694,23.075,59.81328,119.97627,979.408053,2160,379,284,//qar7000185/GP0_UPLOAD/BOXER/CYLOM\KZ-05-18_CP-35\20240220\can_Tapper14-07-19-07-59-45.pcap.gz
368,2023-07-19 08:19:42.660220,can_tapper14,2023-07-19 08:18:42.660220,2023-07-19 08:21:42.660220,23.091666666666665,59.996577,119.798524,120.716526,2159,464,328,//qar7000185/GP0_UPLOAD/BOXER/CYLOM\KZ-05-18_CP-35\20240220\can_Tapper14-07-19-07-59-45.pcap.gz
369,2023-07-19 08:22:38.884017,can_tapper14,2023-07-19 08:21:38.884017,2023-07-19 08:24:38.884017,23.1,59.940128,119.868425,176.223797,2160,468,400,//qar7000185/GP0_UPLOAD/BOXER/CYLOM\KZ-05-18_CP-35\20240220\can_Tapper14-07-19-07-59-45.pcap.gz
370,2023-07-19 08:37:09.338457,can_tapper14,2023-07-19 08:36:09.338457,2023-07-19 08:39:09.338457,20.55,3.948278,119.845318,870.45444,1488,242,599,//qar7000185/GP0_UPLOAD/BOXER/CYLOM\KZ-05-18_CP-35\20240220\can_Tapper14-07-19-08-37-05.pcap.gz
371,2023-07-19 08:57:39.961442,can_tapper14,2023-07-19 08:56:39.961442,2023-07-19 08:59:39.961442,26.4,59.97886,119.820559,1230.622985,2160,75,263,//qar7000185/GP0_UPLOAD/BOXER/CYLOM\KZ-05-18_CP-35\20240220\can_Tapper14-07-19-08-37-05.pcap.gz
372,2023-07-19 09:07:03.998073,can_tapper14,2023-07-19 09:06:03.998073,2023-07-19 09:09:03.998073,26.48333333333333,59.964926,119.883893,564.036631,2160,204,512,//qar7000185/GP0_UPLOAD/BOXER/CYLOM\KZ-05-18_CP-35\20240220\can_Tapper14-07-19-08-37-05.pcap.gz
373,2023-07-19 09:12:55.272452,can_tapper14,2023-07-19 09:11:55.272452,2023-07-19 09:14:55.272452,26.4,59.899906,119.892468,351.274379,2160,146,316,//qar7000185/GP0_UPLOAD/BOXER/CYLOM\KZ-05-18_CP-35\20240220\can_Tapper14-07-19-08-37-05.pcap.gz
374,2023-07-19 09:15:35.123444,can_tapper14,2023-07-19 09:14:35.123444,2023-07-19 09:17:35.123444,26.53333333333333,59.980198,119.825425,159.850992,2160,128,316,//qar7000185/GP0_UPLOAD/BOXER/CYLOM\KZ-05-18_CP-35\20240220\can_Tapper14-07-19-08-37-05.pcap.gz
375,2023-07-19 09:23:02.765218,can_tapper14,2023-07-19 09:22:02.765218,2023-07-19 09:25:02.765218,23.7,59.808556,119.99845,447.641774,2158,203,663,//qar7000185/GP0_UPLOAD/BOXER/CYLOM\KZ-05-18_CP-35\20240220\can_Tapper14-07-19-08-37-05.pcap.gz
376,2023-07-19 09:25:01.890145,can_tapper14,2023-07-19 09:24:01.890145,2023-07-19 09:27:01.890145,23.741666666666667,59.900702,119.941423,119.124927,2160,153,402,//qar7000185/GP0_UPLOAD/BOXER/CYLOM\KZ-05-18_CP-35\20240220\can_Tapper14-07-19-08-37-05.pcap.gz
377,2023-07-19 09:29:43.437434,can_tapper14,2023-07-19 09:28:43.437434,2023-07-19 09:31:43.437434,23.85,59.902967,119.909158,281.547289,2158,206,500,//qar7000185/GP0_UPLOAD/BOXER/CYLOM\KZ-05-18_CP-35\20240220\can_Tapper14-07-19-08-37-05.pcap.gz
378,2023-07-19 09:33:46.576292,can_tapper14,2023-07-19 09:32:46.576292,2023-07-19 09:35:46.576292,23.86785714285714,59.944606,119.918992,243.138858,2158,267,708,//qar7000185/GP0_UPLOAD/BOXER/CYLOM\KZ-05-18_CP-35\20240220\can_Tapper14-07-19-08-37-05.pcap.gz
379,2023-07-19 09:38:44.919465,can_tapper14,2023-07-19 09:37:44.919465,2023-07-19 09:40:44.919465,23.975,59.982475,119.906518,298.343173,2159,140,368,//qar7000185/GP0_UPLOAD/BOXER/CYLOM\KZ-05-18_CP-35\20240220\can_Tapper14-07-19-09-37-05.pcap.gz
380,2023-07-19 09:40:21.277064,can_tapper14,2023-07-19 09:39:21.277064,2023-07-19 09:42:21.277064,23.966666666666665,59.987079,119.9141,96.357599,2158,215,614,//qar7000185/GP0_UPLOAD/BOXER/CYLOM\KZ-05-18_CP-35\20240220\can_Tapper14-07-19-09-37-05.pcap.gz
381,2023-07-19 09:50:34.684444,can_tapper14,2023-07-19 09:49:34.684444,2023-07-19 09:52:34.684444,,59.971882,119.975993,613.40738,2159,242,650,//qar7000185/GP0_UPLOAD/BOXER/CYLOM\KZ-05-18_CP-35\20240220\can_Tapper14-07-19-09-37-05.pcap.gz
382,2023-07-19 09:56:09.337317,can_tapper14,2023-07-19 09:55:09.337317,2023-07-19 09:58:09.337317,24.258333333333333,59.948257,119.991643,334.652873,2159,136,520,//qar7000185/GP0_UPLOAD/BOXER/CYLOM\KZ-05-18_CP-35\20240220\can_Tapper14-07-19-09-37-05.pcap.gz
383,2023-07-19 10:41:40.831951,can_tapper14,2023-07-19 10:40:40.831951,2023-07-19 10:43:40.831951,24.583333333333332,59.834957,51.037325,2731.494634,1332,90,307,//qar7000185/GP0_UPLOAD/BOXER/CYLOM\KZ-05-18_CP-35\20240220\can_Tapper14-07-19-10-37-05.pcap.gz
384,2023-08-01 12:16:58.043775,can_tapper14,2023-08-01 12:15:58.043775,2023-08-01 12:18:58.043775,19.84166666666667,20.903454,119.883369,1128917.211824,1692,230,340,//qar7000185/GP0_UPLOAD/BOXER/CYLOM\KZ-05-18_CP-35\20240220\can_Tapper14-08-01-12-16-36.pcap.gz
385,2023-08-01 12:24:32.000321,can_tapper14,2023-08-01 12:23:32.000321,2023-08-01 12:26:32.000321,20.05,59.828249,119.999025,453.956546,2160,356,639,//qar7000185/GP0_UPLOAD/BOXER/CYLOM\KZ-05-18_CP-35\20240220\can_Tapper14-08-01-12-16-36.pcap.gz
386,2023-08-01 13:12:04.082161,can_tapper14,2023-08-01 13:11:04.082161,2023-08-01 13:14:04.082161,20.425,59.899551,119.988494,2852.08184,2160,407,596,//qar7000185/GP0_UPLOAD/BOXER/CYLOM\KZ-05-18_CP-35\20240220\can_Tapper14-08-01-12-16-36.pcap.gz
387,2023-08-02 10:34:05.038467,can_tapper14,2023-08-02 10:33:05.038467,2023-08-02 10:36:05.038467,20.2,31.249022,119.82088,76920.956306,1815,384,606,//qar7000185/GP0_UPLOAD/BOXER/CYLOM\KZ-05-18_CP-35\20240220\can_Tapper14-08-02-10-33-33.pcap.gz
388,2023-08-18 12:31:31.728138,can_tapper14,2023-08-18 12:30:31.728138,2023-08-18 12:33:31.728138,19.4,26.352463,119.968476,1389446.689671,1758,347,464,//qar7000185/GP0_UPLOAD/BOXER/CYLOM\KZ-05-18_CP-35\20240220\can_Tapper14-08-18-12-31-05.pcap.gz
389,2023-08-18 13:22:18.133782,can_tapper14,2023-08-18 13:21:18.133782,2023-08-18 13:24:18.133782,22.075,59.946274,119.862846,3046.405644,2159,303,518,//qar7000185/GP0_UPLOAD/BOXER/CYLOM\KZ-05-18_CP-35\20240220\can_Tapper14-08-18-12-31-05.pcap.gz
390,2023-08-21 11:08:20.917286,can_tapper14,2023-08-21 11:07:20.917286,2023-08-21 11:10:20.917286,22.2375,59.85714,92.941724,251162.783504,1834,325,357,//qar7000185/GP0_UPLOAD/BOXER/CYLOM\KZ-05-18_CP-35\20240220\can_Tapper14-08-21-10-44-37.pcap.gz
391,2023-08-21 13:32:28.877220,can_tapper14,2023-08-21 13:31:28.877220,2023-08-21 13:34:28.877220,22.475,59.963391,119.902663,8647.959934,2160,401,589,//qar7000185/GP0_UPLOAD/BOXER/CYLOM\KZ-05-18_CP-35\20240220\can_Tapper14-08-21-13-25-14.pcap.gz
392,2023-08-24 08:23:07.815519,can_tapper14,2023-08-24 08:22:07.815519,2023-08-24 08:25:07.815519,23.435,14.452654,119.939368,240638.938299,1614,330,637,//qar7000185/GP0_UPLOAD/BOXER/CYLOM\KZ-05-18_CP-35\20240220\can_Tapper14-08-24-08-22-53.pcap.gz
393,2023-09-04 10:27:49.430082,can_tapper14,2023-09-04 10:26:49.430082,2023-09-04 10:29:49.430082,19.925,3.884931,119.965004,957881.614563,1488,279,595,//qar7000185/GP0_UPLOAD/BOXER/CYLOM\KZ-05-18_CP-35\20240220\can_Tapper14-09-04-10-27-45.pcap.gz
394,2023-09-04 10:32:56.190537,can_tapper14,2023-09-04 10:31:56.190537,2023-09-04 10:34:56.190537,20.03666666666667,59.945202,119.957921,306.760455,2160,495,770,//qar7000185/GP0_UPLOAD/BOXER/CYLOM\KZ-05-18_CP-35\20240220\can_Tapper14-09-04-10-27-45.pcap.gz
395,2023-09-18 10:30:25.218544,can_tapper14,2023-09-18 10:29:25.218544,2023-09-18 10:32:25.218544,20.1,10.605534,119.997503,1209449.028007,1569,298,416,//qar7000185/GP0_UPLOAD/BOXER/CYLOM\KZ-05-18_CP-35\20240220\can_Tapper14-09-18-10-30-14.pcap.gz
396,2023-09-26 12:06:57.322937,can_tapper14,2023-09-26 12:05:57.322937,2023-09-26 12:08:57.322937,16.1,9.955997,119.899132,696992.104393,1560,301,589,//qar7000185/GP0_UPLOAD/BOXER/CYLOM\KZ-05-18_CP-35\20240220\can_Tapper14-09-26-12-06-47.pcap.gz
397,2023-10-04 08:36:23.912842,can_tapper14,2023-10-04 08:35:23.912842,2023-10-04 08:38:23.912842,18.78333333333333,5.053793,119.824024,678566.589905,1500,280,463,//qar7000185/GP0_UPLOAD/BOXER/CYLOM\KZ-05-18_CP-35\20240220\can_Tapper14-10-04-08-36-18.pcap.gz
398,2023-10-04 11:36:12.199699,can_tapper14,2023-10-04 11:35:12.199699,2023-10-04 11:38:12.199699,18.60833333333333,4.607198,119.978394,10788.286857,1497,303,496,//qar7000185/GP0_UPLOAD/BOXER/CYLOM\KZ-05-18_CP-35\20240220\can_Tapper14-10-04-11-36-07.pcap.gz
399,2023-10-04 13:48:21.658424,can_tapper14,2023-10-04 13:47:21.658424,2023-10-04 13:50:21.658424,18.81666666666667,43.838232,119.99368,7929.458725,1967,376,401,//qar7000185/GP0_UPLOAD/BOXER/CYLOM\KZ-05-18_CP-35\20240220\can_Tapper14-10-04-13-47-37.pcap.gz
400,2023-10-10 09:56:41.999474,can_tapper14,2023-10-10 09:55:41.999474,2023-10-10 09:58:41.999474,15.85,59.914326,119.967874,504500.34105,2160,336,500,//qar7000185/GP0_UPLOAD/BOXER/CYLOM\KZ-05-18_CP-35\20240220\can_Tapper14-10-10-09-55-05.pcap.gz
401,2023-10-10 12:17:14.583013,can_tapper14,2023-10-10 12:16:14.583013,2023-10-10 12:19:14.583013,15.6,18.744513,119.843793,8432.583539,1665,308,355,//qar7000185/GP0_UPLOAD/BOXER/CYLOM\KZ-05-18_CP-35\20240220\can_Tapper14-10-10-12-16-55.pcap.gz
402,2023-10-16 10:57:10.741906,can_tapper14,2023-10-16 10:56:10.741906,2023-10-16 10:59:10.741906,6.8083333333333345,59.965599,119.952702,513596.158893,2159,349,673,//qar7000185/GP0_UPLOAD/BOXER/CYLOM\KZ-05-18_CP-35\20240220\can_Tapper14-10-16-10-31-54.pcap.gz
403,2023-10-17 08:03:13.181687,can_tapper14,2023-10-17 08:02:13.181687,2023-10-17 08:05:13.181687,7.0,1.85756,119.957758,75962.439781,1464,322,535,//qar7000185/GP0_UPLOAD/BOXER/CYLOM\KZ-05-18_CP-35\20240220\can_Tapper14-10-17-08-03-10.pcap.gz
404,2023-10-17 12:12:18.568352,can_tapper14,2023-10-17 12:11:18.568352,2023-10-17 12:14:18.568352,16.796666666666667,59.948529,119.93492,14945.386665,2159,365,679,//qar7000185/GP0_UPLOAD/BOXER/CYLOM\KZ-05-18_CP-35\20240220\can_Tapper14-10-17-12-03-10.pcap.gz
405,2023-10-30 08:22:24.498305,can_tapper14,2023-10-30 08:21:24.498305,2023-10-30 08:24:24.498305,8.5,4.734396,119.83907,1109405.929953,1497,280,468,//qar7000185/GP0_UPLOAD/BOXER/CYLOM\KZ-05-18_CP-35\20240220\can_Tapper14-10-30-08-22-19.pcap.gz
406,2023-10-31 08:05:03.482834,can_tapper14,2023-10-31 08:04:03.482834,2023-10-31 08:07:03.482834,10.25,33.904422,119.958522,85358.984529,1848,365,331,//qar7000185/GP0_UPLOAD/BOXER/CYLOM\KZ-05-18_CP-35\20240220\can_Tapper14-10-31-08-04-29.pcap.gz
407,2023-10-31 08:07:14.647553,can_tapper14,2023-10-31 08:06:14.647553,2023-10-31 08:09:14.647553,12.0625,59.990233,119.881279,131.164719,2159,466,634,//qar7000185/GP0_UPLOAD/BOXER/CYLOM\KZ-05-18_CP-35\20240220\can_Tapper14-10-31-08-04-29.pcap.gz
408,2023-11-02 08:08:49.449784,can_tapper14,2023-11-02 08:07:49.449784,2023-11-02 08:10:49.449784,9.5,0.366109,119.96258,172894.802231,1444,333,460,//qar7000185/GP0_UPLOAD/BOXER/CYLOM\KZ-05-18_CP-35\20240220\can_Tapper14-11-02-08-08-48.pcap.gz
409,2023-11-07 13:46:34.197511,can_tapper14,2023-11-07 13:45:34.197511,2023-11-07 13:48:34.197511,10.3,5.808091,119.797516,452264.747727,1509,342,517,//qar7000185/GP0_UPLOAD/BOXER/CYLOM\KZ-05-18_CP-35\20240220\can_Tapper14-11-07-13-46-28.pcap.gz
410,2023-11-07 14:03:09.685103,can_tapper14,2023-11-07 14:02:09.685103,2023-11-07 14:05:09.685103,8.975,59.972997,119.969481,995.487592,2159,402,597,//qar7000185/GP0_UPLOAD/BOXER/CYLOM\KZ-05-18_CP-35\20240220\can_Tapper14-11-07-13-46-28.pcap.gz
411,2023-11-09 17:26:36.188953,can_tapper14,2023-11-09 17:25:36.188953,2023-11-09 17:28:36.188953,9.9,18.65044,119.95275,185006.50385,1665,341,468,//qar7000185/GP0_UPLOAD/BOXER/CYLOM\KZ-05-18_CP-35\20240220\can_Tapper14-11-09-17-26-17.pcap.gz
412,2023-11-13 22:19:20.791737,can_tapper14,2023-11-13 22:18:20.791737,2023-11-13 22:21:20.791737,4.5600000000000005,59.976101,119.987494,363164.602784,2160,445,548,//qar7000185/GP0_UPLOAD/BOXER/CYLOM\KZ-05-18_CP-35\20240220\can_Tapper14-11-13-22-12-24.pcap.gz
413,2023-11-28 07:52:39.193217,can_tapper14,2023-11-28 07:51:39.193217,2023-11-28 07:54:39.193217,4.658333333333333,2.560721,119.800277,1243998.40148,1470,345,434,//qar7000185/GP0_UPLOAD/BOXER/CYLOM\KZ-05-18_CP-35\20240220\can_Tapper14-11-28-07-52-36.pcap.gz
414,2023-11-28 10:14:35.760702,can_tapper14,2023-11-28 10:13:35.760702,2023-11-28 10:16:35.760702,3.7700000000000005,59.894969,119.974301,8516.567485,2160,370,487,//qar7000185/GP0_UPLOAD/BOXER/CYLOM\KZ-05-18_CP-35\20240220\can_Tapper14-11-28-09-52-36.pcap.gz
415,2023-11-28 13:13:00.800208,can_tapper14,2023-11-28 13:12:00.800208,2023-11-28 13:15:00.800208,3.483333333333333,59.968071,119.997786,10705.039506,2160,385,641,//qar7000185/GP0_UPLOAD/BOXER/CYLOM\KZ-05-18_CP-35\20240220\can_Tapper14-11-28-12-52-36.pcap.gz
416,2023-11-28 13:29:35.326189,can_tapper14,2023-11-28 13:28:35.326189,2023-11-28 13:31:35.326189,3.3714285714285714,59.998807,119.925219,994.525981,2160,403,641,//qar7000185/GP0_UPLOAD/BOXER/CYLOM\KZ-05-18_CP-35\20240220\can_Tapper14-11-28-12-52-36.pcap.gz
417,2023-11-28 15:06:30.935035,can_tapper14,2023-11-28 15:05:30.935035,2023-11-28 15:08:30.935035,4.9,59.9811,119.890699,5815.608846,2160,589,591,//qar7000185/GP0_UPLOAD/BOXER/CYLOM\KZ-05-18_CP-35\20240220\can_Tapper14-11-28-14-52-36.pcap.gz
418,2023-11-28 15:55:59.007692,can_tapper14,2023-11-28 15:54:59.007692,2023-11-28 15:57:59.007692,5.9,59.935742,119.951957,2968.072657,2159,395,535,//qar7000185/GP0_UPLOAD/BOXER/CYLOM\KZ-05-18_CP-35\20240220\can_Tapper14-11-28-15-52-36.pcap.gz
419,2023-11-28 16:15:20.948971,can_tapper14,2023-11-28 16:14:20.948971,2023-11-28 16:17:20.948971,6.125,59.828616,119.998324,1161.941279,2158,426,551,//qar7000185/GP0_UPLOAD/BOXER/CYLOM\KZ-05-18_CP-35\20240220\can_Tapper14-11-28-15-52-36.pcap.gz
420,2023-11-29 08:16:45.869712,can_tapper14,2023-11-29 08:15:45.869712,2023-11-29 08:18:45.869712,-1.1,0.540833,119.804916,57684.920741,2892,684,616,//qar7000185/GP0_UPLOAD/BOXER/CYLOM\KZ-05-18_CP-35\20240220\can_Tapper14-11-29-08-16-45.pcap.gz
421,2023-11-29 08:16:45.869712,can_tapper14,2023-11-29 08:15:45.869712,2023-11-29 08:18:45.869712,-1.1,0.540833,119.804916,0.0,2892,684,616,//qar7000185/GP0_UPLOAD/BOXER/CYLOM\KZ-05-18_CP-35\20240220\can_Tapper14-11-29-08-16-45.pcap.gz
422,2023-12-12 14:34:13.073335,can_tapper14,2023-12-12 14:33:13.073335,2023-12-12 14:36:13.073335,9.975,15.206345,102.65208,1145847.203623,1416,285,376,//qar7000185/GP0_UPLOAD/BOXER/CYLOM\KZ-05-18_CP-35\20240220\can_Tapper14-12-12-14-33-57.pcap.gz
423,2024-01-18 10:08:21.904052,can_tapper14,2024-01-18 10:07:21.904052,2024-01-18 10:10:21.904052,-3.2833333333333337,2.841871,119.991731,3180848.830717,1476,277,456,//qar7000185/GP0_UPLOAD/BOXER/CYLOM\KZ-05-18_CP-35\20240220\can_Tapper14-01-18-10-08-18.pcap.gz
424,2024-01-31 10:37:45.387722,can_tapper14,2024-01-31 10:36:45.387722,2024-01-31 10:39:45.387722,6.9,59.982922,119.935006,1124963.48367,2159,406,642,//qar7000185/GP0_UPLOAD/BOXER/CYLOM\KZ-05-18_CP-35\20240220\can_Tapper14-01-31-10-34-02.pcap.gz
425,2024-01-31 11:20:02.962054,can_tapper14,2024-01-31 11:19:02.962054,2024-01-31 11:22:02.962054,7.225,59.9998,119.882899,2537.574332,2159,412,583,//qar7000185/GP0_UPLOAD/BOXER/CYLOM\KZ-05-18_CP-35\20240220\can_Tapper14-01-31-10-34-02.pcap.gz
426,2024-02-08 07:39:31.952673,can_tapper14,2024-02-08 07:38:31.952673,2024-02-08 07:41:31.952673,4.0,7.232299,119.86795,677968.990619,1527,293,490,//qar7000185/GP0_UPLOAD/BOXER/CYLOM\KZ-05-18_CP-35\20240220\can_Tapper14-02-08-07-39-24.pcap.gz
427,2024-02-08 10:13:58.860591,can_tapper14,2024-02-08 10:12:58.860591,2024-02-08 10:15:58.860591,,0.651349,119.984146,9266.907918,1448,315,561,//qar7000185/GP0_UPLOAD/BOXER/CYLOM\KZ-05-18_CP-35\20240220\can_Tapper14-02-08-10-13-58.pcap.gz
428,2024-02-08 10:45:05.787183,can_tapper14,2024-02-08 10:44:05.787183,2024-02-08 10:47:05.787183,5.16,59.972343,119.860106,1866.926592,2158,511,535,//qar7000185/GP0_UPLOAD/BOXER/CYLOM\KZ-05-18_CP-35\20240220\can_Tapper14-02-08-10-13-58.pcap.gz
429,2024-02-08 11:04:16.678604,can_tapper14,2024-02-08 11:03:16.678604,2024-02-08 11:06:16.678604,4.525,59.949532,119.968024,1150.891421,2160,424,519,//qar7000185/GP0_UPLOAD/BOXER/CYLOM\KZ-05-18_CP-35\20240220\can_Tapper14-02-08-10-13-58.pcap.gz
430,2024-02-08 11:39:46.854715,can_tapper14,2024-02-08 11:38:46.854715,2024-02-08 11:41:46.854715,5.7,59.910127,119.995161,2130.176111,2159,355,497,//qar7000185/GP0_UPLOAD/BOXER/CYLOM\KZ-05-18_CP-35\20240220\can_Tapper14-02-08-11-13-58.pcap.gz
431,2024-02-08 13:40:34.580060,can_tapper14,2024-02-08 13:39:34.580060,2024-02-08 13:42:34.580060,6.4333333333333345,0.5041,119.852244,7247.725345,1446,331,560,//qar7000185/GP0_UPLOAD/BOXER/CYLOM\KZ-05-18_CP-35\20240220\can_Tapper14-02-08-13-40-33.pcap.gz
432,2024-02-08 14:21:02.972600,can_tapper14,2024-02-08 14:20:02.972600,2024-02-08 14:23:02.972600,7.05,59.849784,119.883489,2428.39254,2157,379,486,//qar7000185/GP0_UPLOAD/BOXER/CYLOM\KZ-05-18_CP-35\20240220\can_Tapper14-02-08-13-40-33.pcap.gz
433,2024-02-13 09:48:21.486144,can_tapper14,2024-02-13 09:47:21.486144,2024-02-13 09:50:21.486144,3.55,5.589972,119.995924,415638.513544,1508,287,380,//qar7000185/GP0_UPLOAD/BOXER/CYLOM\KZ-05-18_CP-35\20240220\can_Tapper14-02-13-09-48-15.pcap.gz
434,2024-02-13 11:00:28.154376,can_tapper14,2024-02-13 10:59:28.154376,2024-02-13 11:02:28.154376,5.508333333333333,59.884475,119.975675,4326.668232,2159,434,586,//qar7000185/GP0_UPLOAD/BOXER/CYLOM\KZ-05-18_CP-35\20240220\can_Tapper14-02-13-10-48-15.pcap.gz
435,2024-02-21 07:31:35.874268,can_tapper14,2024-02-21 07:30:35.874268,2024-02-21 07:33:35.874268,7.25,38.81202,119.816008,678667.719892,1905,400,500,//qar7000185/GP0_UPLOAD/BOXER/CYLOM\KZ-05-18_CP-35\20240716\can_Tapper14-02-21-07-30-56.pcap.gz
436,2024-02-21 12:48:13.382406,can_tapper14,2024-02-21 12:47:13.382406,2024-02-21 12:50:13.382406,9.575,19.4004,119.981419,18997.508138,1674,342,460,//qar7000185/GP0_UPLOAD/BOXER/CYLOM\KZ-05-18_CP-35\20240716\can_Tapper14-02-21-12-47-53.pcap.gz
437,2024-02-21 13:17:36.290851,can_tapper14,2024-02-21 13:16:36.290851,2024-02-21 13:19:36.290851,9.625,59.867199,119.974595,1762.908445,2159,429,515,//qar7000185/GP0_UPLOAD/BOXER/CYLOM\KZ-05-18_CP-35\20240716\can_Tapper14-02-21-12-47-53.pcap.gz
438,2024-03-04 15:44:22.308452,can_tapper14,2024-03-04 15:43:22.308452,2024-03-04 15:46:22.308452,10.45,59.941843,119.893088,1045606.017601,4320,812,1222,//qar7000185/GP0_UPLOAD/BOXER/CYLOM\KZ-05-18_CP-35\20240716\can_Tapper14-03-04-15-42-39.pcap.gz
439,2024-03-04 15:44:22.308452,can_tapper14,2024-03-04 15:43:22.308452,2024-03-04 15:46:22.308452,10.45,59.941843,119.893088,0.0,4320,812,1222,//qar7000185/GP0_UPLOAD/BOXER/CYLOM\KZ-05-18_CP-35\20240716\can_Tapper14-03-04-15-42-39.pcap.gz
440,2024-03-05 13:44:36.858876,can_tapper14,2024-03-05 13:43:36.858876,2024-03-05 13:46:36.858876,8.358333333333334,25.810234,119.796675,79214.550424,1749,418,459,//qar7000185/GP0_UPLOAD/BOXER/CYLOM\KZ-05-18_CP-35\20240716\can_Tapper14-03-05-13-44-10.pcap.gz
441,2024-03-05 14:56:50.004673,can_tapper14,2024-03-05 14:55:50.004673,2024-03-05 14:58:50.004673,10.0,60.0004,119.818919,4333.145797,2158,501,501,//qar7000185/GP0_UPLOAD/BOXER/CYLOM\KZ-05-18_CP-35\20240716\can_Tapper14-03-05-14-44-10.pcap.gz
442,2024-03-11 09:37:42.643673,can_tapper14,2024-03-11 09:36:42.643673,2024-03-11 09:39:42.643673,8.05,22.357966,119.966324,499252.639,1709,385,610,//qar7000185/GP0_UPLOAD/BOXER/CYLOM\KZ-05-18_CP-35\20240716\can_Tapper14-03-11-09-37-20.pcap.gz
443,2024-03-11 09:52:44.485345,can_tapper14,2024-03-11 09:51:44.485345,2024-03-11 09:54:44.485345,8.05,59.937175,119.964849,901.841672,2159,438,468,//qar7000185/GP0_UPLOAD/BOXER/CYLOM\KZ-05-18_CP-35\20240716\can_Tapper14-03-11-09-37-20.pcap.gz
444,2024-03-11 10:35:44.130803,can_tapper14,2024-03-11 10:34:44.130803,2024-03-11 10:37:44.130803,8.016666666666667,59.957023,119.962202,2579.645458,2159,438,359,//qar7000185/GP0_UPLOAD/BOXER/CYLOM\KZ-05-18_CP-35\20240716\can_Tapper14-03-11-09-37-20.pcap.gz
445,2024-03-22 07:27:51.546266,can_tapper14,2024-03-22 07:26:51.546266,2024-03-22 07:29:51.546266,10.533333333333335,58.551433,119.853625,939127.415463,2142,389,626,//qar7000185/GP0_UPLOAD/BOXER/CYLOM\KZ-05-18_CP-35\20240716\can_Tapper14-03-22-07-26-52.pcap.gz
446,2024-03-22 07:46:32.959329,can_tapper14,2024-03-22 07:45:32.959329,2024-03-22 07:48:32.959329,8.8,59.947331,119.909383,1121.413063,2158,461,739,//qar7000185/GP0_UPLOAD/BOXER/CYLOM\KZ-05-18_CP-35\20240716\can_Tapper14-03-22-07-26-52.pcap.gz
447,2024-03-22 10:10:00.935773,can_tapper14,2024-03-22 10:09:00.935773,2024-03-22 10:12:00.935773,10.89,59.919675,119.947455,8607.976444,2159,440,505,//qar7000185/GP0_UPLOAD/BOXER/CYLOM\KZ-05-18_CP-35\20240716\can_Tapper14-03-22-09-26-52.pcap.gz
448,2024-03-22 12:31:16.379171,can_tapper14,2024-03-22 12:30:16.379171,2024-03-22 12:33:16.379171,11.691666666666666,59.969573,119.909327,8475.443398,2160,315,544,//qar7000185/GP0_UPLOAD/BOXER/CYLOM\KZ-05-18_CP-35\20240716\can_Tapper14-03-22-12-26-52.pcap.gz
449,2024-03-25 08:12:05.256302,can_tapper14,2024-03-25 08:11:05.256302,2024-03-25 08:14:05.256302,5.95,14.192256,119.907384,243648.877131,1611,335,553,//qar7000185/GP0_UPLOAD/BOXER/CYLOM\KZ-05-18_CP-35\20240716\can_Tapper14-03-25-08-11-50.pcap.gz
450,2024-03-25 09:58:10.153558,can_tapper14,2024-03-25 09:57:10.153558,2024-03-25 10:00:10.153558,6.375,2.842116,119.791468,6364.897256,1473,320,539,//qar7000185/GP0_UPLOAD/BOXER/CYLOM\KZ-05-18_CP-35\20240716\can_Tapper14-03-25-09-58-07.pcap.gz
451,2024-03-25 11:34:48.520506,can_tapper14,2024-03-25 11:33:48.520506,2024-03-25 11:36:48.520506,7.725,59.940225,119.969749,5798.366948,2159,416,550,//qar7000185/GP0_UPLOAD/BOXER/CYLOM\KZ-05-18_CP-35\20240716\can_Tapper14-03-25-10-58-07.pcap.gz
452,2024-04-08 08:04:17.964385,can_tapper14,2024-04-08 08:03:17.964385,2024-04-08 08:06:17.964385,,34.603847,119.98288,1196969.443879,1856,367,599,//qar7000185/GP0_UPLOAD/BOXER/CYLOM\KZ-05-18_CP-35\20240716\can_Tapper14-04-08-08-03-43.pcap.gz
453,2024-04-08 11:19:00.565946,can_tapper14,2024-04-08 11:18:00.565946,2024-04-08 11:21:00.565946,15.35,59.949451,119.995657,11682.601561,2160,407,596,//qar7000185/GP0_UPLOAD/BOXER/CYLOM\KZ-05-18_CP-35\20240716\can_Tapper14-04-08-11-03-43.pcap.gz
454,2024-04-09 12:55:40.512866,can_tapper14,2024-04-09 12:54:40.512866,2024-04-09 12:57:40.512866,14.855,59.97384,119.91569,92199.94692,2159,411,723,//qar7000185/GP0_UPLOAD/BOXER/CYLOM\KZ-05-18_CP-35\20240716\can_Tapper14-04-09-12-21-21.pcap.gz
455,2024-04-10 02:28:17.794296,can_tapper14,2024-04-10 02:27:17.794296,2024-04-10 02:30:17.794296,14.766666666666666,59.954493,119.949345,48757.28143,2160,435,524,//qar7000185/GP0_UPLOAD/BOXER/CYLOM\KZ-05-18_CP-35\20240716\can_Tapper14-04-10-02-21-22.pcap.gz
456,2024-04-10 07:03:37.328032,can_tapper14,2024-04-10 07:02:37.328032,2024-04-10 07:05:37.328032,16.725,59.882675,119.796844,16519.533736,2157,402,620,//qar7000185/GP0_UPLOAD/BOXER/CYLOM\KZ-05-18_CP-35\20240716\can_Tapper14-04-10-06-21-22.pcap.gz
457,2024-04-10 09:41:12.302601,can_tapper14,2024-04-10 09:40:12.302601,2024-04-10 09:43:12.302601,18.925,59.951322,119.945719,9454.974569,2159,415,657,//qar7000185/GP0_UPLOAD/BOXER/CYLOM\KZ-05-18_CP-35\20240716\can_Tapper14-04-10-09-21-22.pcap.gz
458,2024-04-10 12:51:16.377730,can_tapper14,2024-04-10 12:50:16.377730,2024-04-10 12:53:16.377730,20.53333333333333,59.993227,119.884366,11404.075129,2159,376,557,//qar7000185/GP0_UPLOAD/BOXER/CYLOM\KZ-05-18_CP-35\20240716\can_Tapper14-04-10-12-21-22.pcap.gz
459,2024-04-10 16:59:13.993654,can_tapper14,2024-04-10 16:58:13.993654,2024-04-10 17:01:13.993654,19.96666666666667,59.903639,119.909434,14877.615924,2158,356,496,//qar7000185/GP0_UPLOAD/BOXER/CYLOM\KZ-05-18_CP-35\20240716\can_Tapper14-04-10-16-21-22.pcap.gz
460,2024-04-10 18:01:28.124150,can_tapper14,2024-04-10 18:00:28.124150,2024-04-10 18:03:28.124150,20.3,59.973847,119.872298,3734.130496,2159,336,634,//qar7000185/GP0_UPLOAD/BOXER/CYLOM\KZ-05-18_CP-35\20240716\can_Tapper14-04-10-17-21-22.pcap.gz
461,2024-04-10 18:18:33.161352,can_tapper14,2024-04-10 18:17:33.161352,2024-04-10 18:20:33.161352,20.51666666666667,59.880623,119.958222,1025.037202,2158,403,606,//qar7000185/GP0_UPLOAD/BOXER/CYLOM\KZ-05-18_CP-35\20240716\can_Tapper14-04-10-17-21-22.pcap.gz
462,2024-04-10 19:25:02.106124,can_tapper14,2024-04-10 19:24:02.106124,2024-04-10 19:27:02.106124,20.67142857142857,59.82259,119.829137,3988.944772,2157,416,731,//qar7000185/GP0_UPLOAD/BOXER/CYLOM\KZ-05-18_CP-35\20240716\can_Tapper14-04-10-19-21-22.pcap.gz
463,2024-04-10 19:45:41.890627,can_tapper14,2024-04-10 19:44:41.890627,2024-04-10 19:47:41.890627,17.766666666666666,59.949194,119.973705,1239.784503,2160,382,465,//qar7000185/GP0_UPLOAD/BOXER/CYLOM\KZ-05-18_CP-35\20240716\can_Tapper14-04-10-19-21-22.pcap.gz
464,2024-04-10 19:49:56.149332,can_tapper14,2024-04-10 19:48:56.149332,2024-04-10 19:51:56.149332,17.75,59.97165,119.863296,254.258705,2159,335,244,//qar7000185/GP0_UPLOAD/BOXER/CYLOM\KZ-05-18_CP-35\20240716\can_Tapper14-04-10-19-21-22.pcap.gz
465,2024-04-10 19:55:44.206266,can_tapper14,2024-04-10 19:54:44.206266,2024-04-10 19:57:44.206266,23.25,59.989028,119.991911,348.056934,2160,380,491,//qar7000185/GP0_UPLOAD/BOXER/CYLOM\KZ-05-18_CP-35\20240716\can_Tapper14-04-10-19-21-22.pcap.gz
466,2024-04-10 20:27:41.330047,can_tapper14,2024-04-10 20:26:41.330047,2024-04-10 20:29:41.330047,20.35833333333333,59.927302,119.917982,1917.123781,2159,404,588,//qar7000185/GP0_UPLOAD/BOXER/CYLOM\KZ-05-18_CP-35\20240716\can_Tapper14-04-10-20-21-22.pcap.gz
467,2024-04-10 23:36:39.542323,can_tapper14,2024-04-10 23:35:39.542323,2024-04-10 23:38:39.542323,15.25,59.861957,119.973957,11338.212276,2158,371,483,//qar7000185/GP0_UPLOAD/BOXER/CYLOM\KZ-05-18_CP-35\20240716\can_Tapper14-04-10-23-21-22.pcap.gz
468,2024-04-11 11:49:18.952291,can_tapper14,2024-04-11 11:48:18.952291,2024-04-11 11:51:18.952291,15.05,0.895246,119.934985,43959.409968,1452,290,698,//qar7000185/GP0_UPLOAD/BOXER/CYLOM\KZ-05-18_CP-35\20240716\can_Tapper14-04-11-11-49-17.pcap.gz
469,2024-04-11 12:31:32.718190,can_tapper14,2024-04-11 12:30:32.718190,2024-04-11 12:33:32.718190,13.575,59.990973,119.925152,2533.765899,2159,584,707,//qar7000185/GP0_UPLOAD/BOXER/CYLOM\KZ-05-18_CP-35\20240716\can_Tapper14-04-11-11-49-17.pcap.gz
470,2024-04-11 16:20:53.686092,can_tapper14,2024-04-11 16:19:53.686092,2024-04-11 16:22:53.686092,17.966666666666665,59.965771,119.855495,13760.967902,2158,428,482,//qar7000185/GP0_UPLOAD/BOXER/CYLOM\KZ-05-18_CP-35\20240716\can_Tapper14-04-11-15-49-25.pcap.gz
471,2024-04-12 07:50:28.159113,can_tapper14,2024-04-12 07:49:28.159113,2024-04-12 07:52:28.159113,16.833333333333336,5.610983,119.989138,55774.473021,1509,324,456,//qar7000185/GP0_UPLOAD/BOXER/CYLOM\KZ-05-18_CP-35\20240716\can_Tapper14-04-12-07-50-22.pcap.gz
472,2024-04-12 09:13:14.357976,can_tapper14,2024-04-12 09:12:14.357976,2024-04-12 09:15:14.357976,15.175,59.986956,119.979516,4966.198863,2160,402,568,//qar7000185/GP0_UPLOAD/BOXER/CYLOM\KZ-05-18_CP-35\20240716\can_Tapper14-04-12-08-50-22.pcap.gz
473,2024-04-13 08:35:45.039806,can_tapper14,2024-04-13 08:34:45.039806,2024-04-13 08:37:45.039806,14.6,2.487668,119.879465,84150.68183,1470,287,460,//qar7000185/GP0_UPLOAD/BOXER/CYLOM\KZ-05-18_CP-35\20240716\can_Tapper14-04-13-08-35-42.pcap.gz
474,2024-04-13 11:04:24.104573,can_tapper14,2024-04-13 11:03:24.104573,2024-04-13 11:06:24.104573,16.15833333333333,59.938868,119.93568,8919.064767,2159,325,661,//qar7000185/GP0_UPLOAD/BOXER/CYLOM\KZ-05-18_CP-35\20240716\can_Tapper14-04-13-10-35-42.pcap.gz
475,2024-04-13 12:12:41.307987,can_tapper14,2024-04-13 12:11:41.307987,2024-04-13 12:14:41.307987,17.856666666666666,59.956398,119.978554,4097.203414,2160,350,595,//qar7000185/GP0_UPLOAD/BOXER/CYLOM\KZ-05-18_CP-35\20240716\can_Tapper14-04-13-11-35-42.pcap.gz
476,2024-04-13 16:30:50.678697,can_tapper14,2024-04-13 16:29:50.678697,2024-04-13 16:32:50.678697,20.025,59.946713,119.993073,15489.37071,2159,400,569,//qar7000185/GP0_UPLOAD/BOXER/CYLOM\KZ-05-18_CP-35\20240716\can_Tapper14-04-13-15-35-42.pcap.gz
477,2024-04-14 08:35:53.829556,can_tapper14,2024-04-14 08:34:53.829556,2024-04-14 08:37:53.829556,15.7,11.791308,119.793478,57903.150859,1581,317,517,//qar7000185/GP0_UPLOAD/BOXER/CYLOM\KZ-05-18_CP-35\20240716\can_Tapper14-04-14-08-35-41.pcap.gz
478,2024-04-15 07:38:56.624158,can_tapper14,2024-04-15 07:37:56.624158,2024-04-15 07:40:56.624158,12.725,3.193329,119.912677,82982.794602,1479,316,432,//qar7000185/GP0_UPLOAD/BOXER/CYLOM\KZ-05-18_CP-35\20240716\can_Tapper14-04-15-07-38-53.pcap.gz
479,2024-04-15 13:57:43.726986,can_tapper14,2024-04-15 13:56:43.726986,2024-04-15 13:59:43.726986,13.5,59.955751,119.983117,22727.102828,2159,433,574,//qar7000185/GP0_UPLOAD/BOXER/CYLOM\KZ-05-18_CP-35\20240716\can_Tapper14-04-15-13-38-53.pcap.gz
480,2024-04-15 15:51:44.497739,can_tapper14,2024-04-15 15:50:44.497739,2024-04-15 15:53:44.497739,16.43,59.991413,119.916086,6840.770753,2160,382,539,//qar7000185/GP0_UPLOAD/BOXER/CYLOM\KZ-05-18_CP-35\20240716\can_Tapper14-04-15-15-38-53.pcap.gz
481,2024-04-15 16:42:51.584699,can_tapper14,2024-04-15 16:41:51.584699,2024-04-15 16:44:51.584699,15.166666666666666,59.964405,119.897815,3067.08696,2160,326,523,//qar7000185/GP0_UPLOAD/BOXER/CYLOM\KZ-05-18_CP-35\20240716\can_Tapper14-04-15-16-38-53.pcap.gz
482,2024-04-15 17:01:03.225137,can_tapper14,2024-04-15 17:00:03.225137,2024-04-15 17:03:03.225137,17.40833333333333,59.9504,119.996974,1091.640438,2159,274,605,//qar7000185/GP0_UPLOAD/BOXER/CYLOM\KZ-05-18_CP-35\20240716\can_Tapper14-04-15-16-38-53.pcap.gz
483,2024-04-15 17:29:26.499722,can_tapper14,2024-04-15 17:28:26.499722,2024-04-15 17:31:26.499722,17.64166666666667,1.467835,119.900319,1703.274585,1458,307,560,//qar7000185/GP0_UPLOAD/BOXER/CYLOM\KZ-05-18_CP-35\20240716\can_Tapper14-04-15-17-29-24.pcap.gz
484,2024-04-15 19:23:13.754790,can_tapper14,2024-04-15 19:22:13.754790,2024-04-15 19:25:13.754790,18.196666666666665,59.949894,119.93213,6827.255068,2160,383,705,//qar7000185/GP0_UPLOAD/BOXER/CYLOM\KZ-05-18_CP-35\20240716\can_Tapper14-04-15-19-22-05.pcap.gz
485,2024-04-15 21:07:10.617884,can_tapper14,2024-04-15 21:06:10.617884,2024-04-15 21:09:10.617884,15.75,14.610542,119.987817,6236.863094,1617,329,494,//qar7000185/GP0_UPLOAD/BOXER/CYLOM\KZ-05-18_CP-35\20240716\can_Tapper14-04-15-21-06-55.pcap.gz
486,2024-04-15 23:43:07.012956,can_tapper14,2024-04-15 23:42:07.012956,2024-04-15 23:45:07.012956,12.35,2.258818,119.84613,9356.395072,1467,289,493,//qar7000185/GP0_UPLOAD/BOXER/CYLOM\KZ-05-18_CP-35\20240716\can_Tapper14-04-15-23-43-04.pcap.gz
487,2024-04-16 00:22:25.897947,can_tapper14,2024-04-16 00:21:25.897947,2024-04-16 00:24:25.897947,14.2,59.895183,119.940363,2358.884991,2159,379,519,//qar7000185/GP0_UPLOAD/BOXER/CYLOM\KZ-05-18_CP-35\20240716\can_Tapper14-04-15-23-43-04.pcap.gz
488,2024-04-16 00:25:41.582490,can_tapper14,2024-04-16 00:24:41.582490,2024-04-16 00:27:41.582490,14.05952380952381,59.968573,119.846634,195.684543,2159,169,220,//qar7000185/GP0_UPLOAD/BOXER/CYLOM\KZ-05-18_CP-35\20240716\can_Tapper14-04-15-23-43-04.pcap.gz
489,2024-04-16 00:29:34.141490,can_tapper14,2024-04-16 00:28:34.141490,2024-04-16 00:31:34.141490,14.030000000000001,59.955781,119.999624,232.559,2160,252,453,//qar7000185/GP0_UPLOAD/BOXER/CYLOM\KZ-05-18_CP-35\20240716\can_Tapper14-04-15-23-43-04.pcap.gz
490,2024-04-16 00:33:25.827088,can_tapper14,2024-04-16 00:32:25.827088,2024-04-16 00:35:25.827088,13.91,59.932372,59.110484,231.685598,1429,261,259,//qar7000185/GP0_UPLOAD/BOXER/CYLOM\KZ-05-18_CP-35\20240716\can_Tapper14-04-15-23-43-04.pcap.gz
491,2024-04-16 01:54:45.819821,can_tapper14,2024-04-16 01:53:45.819821,2024-04-16 01:56:45.819821,13.341666666666669,24.932005,57.113324,4879.992733,987,199,293,//qar7000185/GP0_UPLOAD/BOXER/CYLOM\KZ-05-18_CP-35\20240716\can_Tapper14-04-16-01-54-20.pcap.gz
492,2024-04-16 02:00:57.267158,can_tapper14,2024-04-16 01:59:57.267158,2024-04-16 02:02:57.267158,13.15,1.022641,119.777526,371.447337,1452,292,403,//qar7000185/GP0_UPLOAD/BOXER/CYLOM\KZ-05-18_CP-35\20240716\can_Tapper14-04-16-02-00-56.pcap.gz
493,2024-04-16 02:02:34.705008,can_tapper14,2024-04-16 02:01:34.705008,2024-04-16 02:04:34.705008,13.194999999999999,59.933013,77.851667,97.43785,1656,335,524,//qar7000185/GP0_UPLOAD/BOXER/CYLOM\KZ-05-18_CP-35\20240716\can_Tapper14-04-16-02-00-56.pcap.gz
494,2024-04-16 03:24:29.157711,can_tapper14,2024-04-16 03:23:29.157711,2024-04-16 03:26:29.157711,12.2,59.977495,119.819719,4914.452703,2158,386,654,//qar7000185/GP0_UPLOAD/BOXER/CYLOM\KZ-05-18_CP-35\20240716\can_Tapper14-04-16-02-56-10.pcap.gz
495,2024-04-16 06:48:45.137890,can_tapper14,2024-04-16 06:47:45.137890,2024-04-16 06:50:45.137890,10.65,15.870076,119.99718,12255.980179,1631,350,471,//qar7000185/GP0_UPLOAD/BOXER/CYLOM\KZ-05-18_CP-35\20240716\can_Tapper14-04-16-06-48-29.pcap.gz
496,2024-04-16 08:17:14.271469,can_tapper14,2024-04-16 08:16:14.271469,2024-04-16 08:19:14.271469,9.975,59.933025,119.988974,5309.133579,2159,428,721,//qar7000185/GP0_UPLOAD/BOXER/CYLOM\KZ-05-18_CP-35\20240716\can_Tapper14-04-16-08-12-21.pcap.gz
497,2024-04-16 11:28:20.952037,can_tapper14,2024-04-16 11:27:20.952037,2024-04-16 11:30:20.952037,10.815000000000001,59.930531,119.982649,11466.680568,2159,388,612,//qar7000185/GP0_UPLOAD/BOXER/CYLOM\KZ-05-18_CP-35\20240716\can_Tapper14-04-16-11-12-21.pcap.gz
498,2024-04-16 14:08:59.402900,can_tapper14,2024-04-16 14:07:59.402900,2024-04-16 14:10:59.402900,13.725,59.976181,119.911474,9638.450863,2159,349,528,//qar7000185/GP0_UPLOAD/BOXER/CYLOM\KZ-05-18_CP-35\20240716\can_Tapper14-04-16-13-12-21.pcap.gz
499,2024-04-16 18:14:24.575001,can_tapper14,2024-04-16 18:13:24.575001,2024-04-16 18:16:24.575001,18.875,59.949162,119.93755,14725.172101,2159,414,780,//qar7000185/GP0_UPLOAD/BOXER/CYLOM\KZ-05-18_CP-35\20240716\can_Tapper14-04-16-18-12-21.pcap.gz
500,2024-04-16 21:44:42.639266,can_tapper14,2024-04-16 21:43:42.639266,2024-04-16 21:46:42.639266,17.0,59.969144,119.883097,12618.064265,2158,388,528,//qar7000185/GP0_UPLOAD/BOXER/CYLOM\KZ-05-18_CP-35\20240716\can_Tapper14-04-16-21-12-21.pcap.gz
501,2024-04-16 23:44:03.123368,can_tapper14,2024-04-16 23:43:03.123368,2024-04-16 23:46:03.123368,21.125,59.94455,119.9604,7160.484102,2159,381,761,//qar7000185/GP0_UPLOAD/BOXER/CYLOM\KZ-05-18_CP-35\20240716\can_Tapper14-04-16-23-12-21.pcap.gz
502,2024-04-17 07:22:28.884557,can_tapper14,2024-04-17 07:21:28.884557,2024-04-17 07:24:28.884557,15.775,1.623816,119.992483,27505.761189,1461,281,486,//qar7000185/GP0_UPLOAD/BOXER/CYLOM\KZ-05-18_CP-35\20240716\can_Tapper14-04-17-07-22-26.pcap.gz
503,2024-04-17 10:05:29.772813,can_tapper14,2024-04-17 10:04:29.772813,2024-04-17 10:07:29.772813,15.36904761904762,59.9323,119.962012,9780.888256,2159,412,686,//qar7000185/GP0_UPLOAD/BOXER/CYLOM\KZ-05-18_CP-35\20240716\can_Tapper14-04-17-09-22-26.pcap.gz
504,2024-04-17 11:42:55.787490,can_tapper14,2024-04-17 11:41:55.787490,2024-04-17 11:44:55.787490,16.64,59.906773,119.988999,5846.014677,2159,406,594,//qar7000185/GP0_UPLOAD/BOXER/CYLOM\KZ-05-18_CP-35\20240716\can_Tapper14-04-17-11-22-26.pcap.gz
505,2024-04-17 13:58:52.384735,can_tapper14,2024-04-17 13:57:52.384735,2024-04-17 14:00:52.384735,15.65,59.81803,119.849201,8156.597245,2157,391,777,//qar7000185/GP0_UPLOAD/BOXER/CYLOM\KZ-05-18_CP-35\20240716\can_Tapper14-04-17-13-22-26.pcap.gz
506,2024-04-17 17:37:21.006128,can_tapper14,2024-04-17 17:36:21.006128,2024-04-17 17:39:21.006128,18.458333333333332,59.874471,119.800787,13108.621393,2157,384,658,//qar7000185/GP0_UPLOAD/BOXER/CYLOM\KZ-05-18_CP-35\20240716\can_Tapper14-04-17-17-22-26.pcap.gz
507,2024-04-17 19:33:22.455583,can_tapper14,2024-04-17 19:32:22.455583,2024-04-17 19:35:22.455583,19.59166666666667,59.992906,119.953379,6961.449455,2160,399,656,//qar7000185/GP0_UPLOAD/BOXER/CYLOM\KZ-05-18_CP-35\20240716\can_Tapper14-04-17-19-22-26.pcap.gz
508,2024-04-18 06:30:34.332213,can_tapper14,2024-04-18 06:29:34.332213,2024-04-18 06:32:34.332213,13.575,59.973441,119.956356,39431.87663,2160,454,608,//qar7000185/GP0_UPLOAD/BOXER/CYLOM\KZ-05-18_CP-35\20240716\can_Tapper14-04-18-05-56-55.pcap.gz
509,2024-04-18 10:01:23.975417,can_tapper14,2024-04-18 10:00:23.975417,2024-04-18 10:03:23.975417,14.459999999999999,59.968214,119.956758,12649.643204,2160,383,721,//qar7000185/GP0_UPLOAD/BOXER/CYLOM\KZ-05-18_CP-35\20240716\can_Tapper14-04-18-09-56-55.pcap.gz
510,2024-04-18 12:01:16.766429,can_tapper14,2024-04-18 12:00:16.766429,2024-04-18 12:03:16.766429,16.65833333333333,59.966377,119.894172,7192.791012,2159,320,461,//qar7000185/GP0_UPLOAD/BOXER/CYLOM\KZ-05-18_CP-35\20240716\can_Tapper14-04-18-11-56-55.pcap.gz
511,2024-04-18 15:01:22.278212,can_tapper14,2024-04-18 15:00:22.278212,2024-04-18 15:03:22.278212,15.6,59.950883,119.923565,10805.511783,2159,424,613,//qar7000185/GP0_UPLOAD/BOXER/CYLOM\KZ-05-18_CP-35\20240716\can_Tapper14-04-18-14-56-56.pcap.gz
512,2024-04-19 05:51:37.431150,can_tapper14,2024-04-19 05:50:37.431150,2024-04-19 05:53:37.431150,12.5175,59.988774,119.863818,53415.152938,2159,403,697,//qar7000185/GP0_UPLOAD/BOXER/CYLOM\KZ-05-18_CP-35\20240716\can_Tapper14-04-19-05-47-26.pcap.gz
513,2024-04-19 06:09:51.353546,can_tapper14,2024-04-19 06:08:51.353546,2024-04-19 06:11:51.353546,12.59,59.990447,119.85905,1093.922396,2158,361,426,//qar7000185/GP0_UPLOAD/BOXER/CYLOM\KZ-05-18_CP-35\20240716\can_Tapper14-04-19-05-47-26.pcap.gz
514,2024-04-19 06:22:27.638093,can_tapper14,2024-04-19 06:21:27.638093,2024-04-19 06:24:27.638093,12.583333333333332,59.929348,119.988649,756.284547,2159,371,654,//qar7000185/GP0_UPLOAD/BOXER/CYLOM\KZ-05-18_CP-35\20240716\can_Tapper14-04-19-05-47-26.pcap.gz
515,2024-04-19 08:33:22.098645,can_tapper14,2024-04-19 08:32:22.098645,2024-04-19 08:35:22.098645,13.65,3.082299,119.97115,7854.460552,1477,340,665,//qar7000185/GP0_UPLOAD/BOXER/CYLOM\KZ-05-18_CP-35\20240716\can_Tapper14-04-19-08-33-18.pcap.gz
516,2024-04-19 13:28:09.212553,can_tapper14,2024-04-19 13:27:09.212553,2024-04-19 13:30:09.212553,13.125,59.978055,119.855055,17687.113908,2158,410,602,//qar7000185/GP0_UPLOAD/BOXER/CYLOM\KZ-05-18_CP-35\20240716\can_Tapper14-04-19-12-33-18.pcap.gz
517,2024-04-19 13:29:10.258148,can_tapper14,2024-04-19 13:28:10.258148,2024-04-19 13:31:10.258148,13.158333333333335,59.995646,119.835798,61.045595,2158,409,641,//qar7000185/GP0_UPLOAD/BOXER/CYLOM\KZ-05-18_CP-35\20240716\can_Tapper14-04-19-12-33-18.pcap.gz
518,2024-04-19 13:30:53.440909,can_tapper14,2024-04-19 13:29:53.440909,2024-04-19 13:32:53.440909,13.033333333333335,59.953482,119.965341,103.182761,2160,310,395,//qar7000185/GP0_UPLOAD/BOXER/CYLOM\KZ-05-18_CP-35\20240716\can_Tapper14-04-19-12-33-18.pcap.gz
519,2024-04-19 16:18:00.591514,can_tapper14,2024-04-19 16:17:00.591514,2024-04-19 16:20:00.591514,12.7975,59.857949,119.972274,10027.150605,2159,174,127,//qar7000185/GP0_UPLOAD/BOXER/CYLOM\KZ-05-18_CP-35\20240716\can_Tapper14-04-19-15-33-18.pcap.gz
520,2024-04-21 05:55:09.698046,can_tapper14,2024-04-21 05:54:09.698046,2024-04-21 05:57:09.698046,5.741666666666666,3.454625,119.919194,135429.106532,1482,331,523,//qar7000185/GP0_UPLOAD/BOXER/CYLOM\KZ-05-18_CP-35\20240716\can_Tapper14-04-21-05-55-05.pcap.gz
521,2024-04-21 11:53:12.197764,can_tapper14,2024-04-21 11:52:12.197764,2024-04-21 11:55:12.197764,11.5,59.957441,119.91991,21482.499718,2158,392,504,//qar7000185/GP0_UPLOAD/BOXER/CYLOM\KZ-05-18_CP-35\20240716\can_Tapper14-04-21-10-55-05.pcap.gz
522,2024-04-21 14:01:02.580512,can_tapper14,2024-04-21 14:00:02.580512,2024-04-21 14:03:02.580512,13.7,59.980125,119.990873,7670.382748,2160,344,656,//qar7000185/GP0_UPLOAD/BOXER/CYLOM\KZ-05-18_CP-35\20240716\can_Tapper14-04-21-13-55-05.pcap.gz
523,2024-04-21 17:13:44.539317,can_tapper14,2024-04-21 17:12:44.539317,2024-04-21 17:15:44.539317,17.025,59.955551,119.97685,11561.958805,2159,377,532,//qar7000185/GP0_UPLOAD/BOXER/CYLOM\KZ-05-18_CP-35\20240716\can_Tapper14-04-21-16-55-05.pcap.gz
524,2024-04-21 20:08:00.610721,can_tapper14,2024-04-21 20:07:00.610721,2024-04-21 20:10:00.610721,17.15,59.824334,119.843606,10456.071404,2157,363,729,//qar7000185/GP0_UPLOAD/BOXER/CYLOM\KZ-05-18_CP-35\20240716\can_Tapper14-04-21-19-55-05.pcap.gz
525,2024-04-21 22:45:26.010708,can_tapper14,2024-04-21 22:44:26.010708,2024-04-21 22:47:26.010708,18.125,59.964092,119.993652,9445.399987,2160,385,538,//qar7000185/GP0_UPLOAD/BOXER/CYLOM\KZ-05-18_CP-35\20240716\can_Tapper14-04-21-21-55-05.pcap.gz
526,2024-04-22 06:22:31.523000,can_tapper14,2024-04-22 06:21:31.523000,2024-04-22 06:24:31.523000,14.3,7.257258,119.810891,27425.512292,1527,305,405,//qar7000185/GP0_UPLOAD/BOXER/CYLOM\KZ-05-18_CP-35\20240716\can_Tapper14-04-22-06-22-24.pcap.gz
527,2024-04-22 09:35:49.893496,can_tapper14,2024-04-22 09:34:49.893496,2024-04-22 09:37:49.893496,13.0375,59.83835,119.856751,11598.370496,2157,382,573,//qar7000185/GP0_UPLOAD/BOXER/CYLOM\KZ-05-18_CP-35\20240716\can_Tapper14-04-22-09-22-24.pcap.gz
528,2024-04-22 11:33:44.135780,can_tapper14,2024-04-22 11:32:44.135780,2024-04-22 11:35:44.135780,14.430000000000001,59.921557,119.974163,7074.242284,2158,362,458,//qar7000185/GP0_UPLOAD/BOXER/CYLOM\KZ-05-18_CP-35\20240716\can_Tapper14-04-22-11-22-24.pcap.gz
529,2024-04-22 13:50:42.970136,can_tapper14,2024-04-22 13:49:42.970136,2024-04-22 13:52:42.970136,16.0,59.903618,119.981097,8218.834356,2160,397,754,//qar7000185/GP0_UPLOAD/BOXER/CYLOM\KZ-05-18_CP-35\20240716\can_Tapper14-04-22-13-22-24.pcap.gz
530,2024-04-22 15:58:49.982361,can_tapper14,2024-04-22 15:57:49.982361,2024-04-22 16:00:49.982361,17.293333333333333,59.992302,119.880892,7687.012225,2159,337,592,//qar7000185/GP0_UPLOAD/BOXER/CYLOM\KZ-05-18_CP-35\20240716\can_Tapper14-04-22-15-22-24.pcap.gz
531,2024-04-22 17:15:40.311416,can_tapper14,2024-04-22 17:14:40.311416,2024-04-22 17:17:40.311416,18.85,59.874251,119.992774,4610.329055,2158,353,572,//qar7000185/GP0_UPLOAD/BOXER/CYLOM\KZ-05-18_CP-35\20240716\can_Tapper14-04-22-16-22-24.pcap.gz
532,2024-04-23 07:54:43.673976,can_tapper14,2024-04-23 07:53:43.673976,2024-04-23 07:56:43.673976,12.583333333333332,59.951542,119.901182,52743.36256,2158,409,530,//qar7000185/GP0_UPLOAD/BOXER/CYLOM\KZ-05-18_CP-35\20240716\can_Tapper14-04-23-07-31-58.pcap.gz
533,2024-04-23 10:21:58.597405,can_tapper14,2024-04-23 10:20:58.597405,2024-04-23 10:23:58.597405,14.7,59.882112,119.933594,8834.923429,2158,428,634,//qar7000185/GP0_UPLOAD/BOXER/CYLOM\KZ-05-18_CP-35\20240716\can_Tapper14-04-23-09-31-58.pcap.gz
534,2024-04-23 12:45:13.866392,can_tapper14,2024-04-23 12:44:13.866392,2024-04-23 12:47:13.866392,15.815000000000001,59.927646,119.898649,8595.268987,2158,386,532,//qar7000185/GP0_UPLOAD/BOXER/CYLOM\KZ-05-18_CP-35\20240716\can_Tapper14-04-23-12-31-59.pcap.gz
535,2024-04-23 15:24:41.633960,can_tapper14,2024-04-23 15:23:41.633960,2024-04-23 15:26:41.633960,17.133333333333333,59.874629,119.990676,9567.767568,2159,457,812,//qar7000185/GP0_UPLOAD/BOXER/CYLOM\KZ-05-18_CP-35\20240716\can_Tapper14-04-23-15-12-10.pcap.gz
536,2024-04-23 16:46:00.217997,can_tapper14,2024-04-23 16:45:00.217997,2024-04-23 16:48:00.217997,17.008333333333333,59.990399,119.995812,4878.584037,2160,352,360,//qar7000185/GP0_UPLOAD/BOXER/CYLOM\KZ-05-18_CP-35\20240716\can_Tapper14-04-23-16-12-10.pcap.gz
537,2024-04-23 17:08:14.276691,can_tapper14,2024-04-23 17:07:14.276691,2024-04-23 17:10:14.276691,17.2625,59.986979,119.946613,1334.058694,2159,365,679,//qar7000185/GP0_UPLOAD/BOXER/CYLOM\KZ-05-18_CP-35\20240716\can_Tapper14-04-23-16-12-10.pcap.gz
538,2024-04-23 18:11:18.700402,can_tapper14,2024-04-23 18:10:18.700402,2024-04-23 18:13:18.700402,17.0,59.980529,119.8684,3784.423711,2159,353,590,//qar7000185/GP0_UPLOAD/BOXER/CYLOM\KZ-05-18_CP-35\20240716\can_Tapper14-04-23-17-12-10.pcap.gz
539,2024-04-24 08:36:55.238889,can_tapper14,2024-04-24 08:35:55.238889,2024-04-24 08:38:55.238889,10.333333333333334,59.954548,119.906894,51936.538487,2159,399,553,//qar7000185/GP0_UPLOAD/BOXER/CYLOM\KZ-05-18_CP-35\20240716\can_Tapper14-04-24-08-13-12.pcap.gz
540,2024-04-24 08:38:00.888431,can_tapper14,2024-04-24 08:37:00.888431,2024-04-24 08:40:00.888431,10.379999999999999,59.89075,119.960067,65.649542,2158,414,639,//qar7000185/GP0_UPLOAD/BOXER/CYLOM\KZ-05-18_CP-35\20240716\can_Tapper14-04-24-08-13-12.pcap.gz
541,2024-04-24 08:39:40.336182,can_tapper14,2024-04-24 08:38:40.336182,2024-04-24 08:41:40.336182,10.425,59.9683,119.854849,99.447751,2159,378,469,//qar7000185/GP0_UPLOAD/BOXER/CYLOM\KZ-05-18_CP-35\20240716\can_Tapper14-04-24-08-13-12.pcap.gz
542,2024-04-24 11:09:02.220863,can_tapper14,2024-04-24 11:08:02.220863,2024-04-24 11:11:02.220863,10.125,8.973674,119.886225,8961.884681,1548,315,548,//qar7000185/GP0_UPLOAD/BOXER/CYLOM\KZ-05-18_CP-35\20240716\can_Tapper14-04-24-11-08-53.pcap.gz
543,2024-04-24 16:04:08.689949,can_tapper14,2024-04-24 16:03:08.689949,2024-04-24 16:06:08.689949,11.625,4.450153,119.907468,17706.469086,1494,351,468,//qar7000185/GP0_UPLOAD/BOXER/CYLOM\KZ-05-18_CP-35\20240716\can_Tapper14-04-24-16-04-04.pcap.gz
544,2024-04-24 16:40:01.196042,can_tapper14,2024-04-24 16:39:01.196042,2024-04-24 16:42:01.196042,11.941666666666666,59.957113,119.878786,2152.506093,2158,596,576,//qar7000185/GP0_UPLOAD/BOXER/CYLOM\KZ-05-18_CP-35\20240716\can_Tapper14-04-24-16-04-04.pcap.gz
545,2024-04-24 18:40:39.765324,can_tapper14,2024-04-24 18:39:39.765324,2024-04-24 18:42:39.765324,12.0,0.79357,119.820976,7238.569282,1449,331,434,//qar7000185/GP0_UPLOAD/BOXER/CYLOM\KZ-05-18_CP-35\20240716\can_Tapper14-04-24-18-40-38.pcap.gz
546,2024-04-24 18:57:59.137901,can_tapper14,2024-04-24 18:56:59.137901,2024-04-24 18:59:59.137901,12.040000000000001,59.945999,119.9077,1039.372577,2158,592,491,//qar7000185/GP0_UPLOAD/BOXER/CYLOM\KZ-05-18_CP-35\20240716\can_Tapper14-04-24-18-40-38.pcap.gz
547,2024-04-25 16:14:13.090189,can_tapper14,2024-04-25 16:13:13.090189,2024-04-25 16:16:13.090189,10.475,48.108167,119.954931,76573.952288,2019,375,551,//qar7000185/GP0_UPLOAD/BOXER/CYLOM\KZ-05-18_CP-35\20240716\can_Tapper14-04-25-16-13-24.pcap.gz
548,2024-04-27 07:08:21.560265,can_tapper14,2024-04-27 07:07:21.560265,2024-04-27 07:10:21.560265,13.776666666666666,32.073833,120.000056,140048.470076,1826,329,506,//qar7000185/GP0_UPLOAD/BOXER/CYLOM\KZ-05-18_CP-35\20240716\can_Tapper14-04-27-07-07-49.pcap.gz
549,2024-04-27 08:02:04.108438,can_tapper14,2024-04-27 08:01:04.108438,2024-04-27 08:04:04.108438,13.51666666666667,59.945954,119.92482,3222.548173,2159,217,404,//qar7000185/GP0_UPLOAD/BOXER/CYLOM\KZ-05-18_CP-35\20240716\can_Tapper14-04-27-07-07-49.pcap.gz
550,2024-04-27 08:25:06.530281,can_tapper14,2024-04-27 08:24:06.530281,2024-04-27 08:27:06.530281,13.416666666666668,59.959681,119.988224,1382.421843,2160,409,388,//qar7000185/GP0_UPLOAD/BOXER/CYLOM\KZ-05-18_CP-35\20240716\can_Tapper14-04-27-08-09-38.pcap.gz
551,2024-04-27 08:25:12.631857,can_tapper14,2024-04-27 08:24:12.631857,2024-04-27 08:27:12.631857,13.441666666666666,59.945153,119.97791,6.101576,2160,399,394,//qar7000185/GP0_UPLOAD/BOXER/CYLOM\KZ-05-18_CP-35\20240716\can_Tapper14-04-27-08-09-38.pcap.gz
552,2024-04-27 08:31:47.281883,can_tapper14,2024-04-27 08:30:47.281883,2024-04-27 08:33:47.281883,13.48,59.983379,119.972194,394.650026,2160,399,413,//qar7000185/GP0_UPLOAD/BOXER/CYLOM\KZ-05-18_CP-35\20240716\can_Tapper14-04-27-08-09-38.pcap.gz
553,2024-04-27 08:41:33.702777,can_tapper14,2024-04-27 08:40:33.702777,2024-04-27 08:43:33.702777,13.441666666666666,19.455921,87.596979,586.420894,1287,229,281,//qar7000185/GP0_UPLOAD/BOXER/CYLOM\KZ-05-18_CP-35\20240716\can_Tapper14-04-27-08-41-14.pcap.gz
554,2024-05-09 08:38:13.492538,can_tapper14,2024-05-09 08:37:13.492538,2024-05-09 08:40:13.492538,,14.59201,119.989581,1036599.789761,1617,295,456,//qar7000185/GP0_UPLOAD/BOXER/CYLOM\KZ-05-18_CP-35\20240716\can_Tapper14-05-09-08-37-58.pcap.gz
555,2024-05-09 10:17:36.690284,can_tapper14,2024-05-09 10:16:36.690284,2024-05-09 10:19:36.690284,12.908333333333335,8.970824,119.890861,5963.197746,1548,332,441,//qar7000185/GP0_UPLOAD/BOXER/CYLOM\KZ-05-18_CP-35\20240716\can_Tapper14-05-09-10-17-27.pcap.gz
556,2024-05-09 12:06:01.239589,can_tapper14,2024-05-09 12:05:01.239589,2024-05-09 12:08:01.239589,14.675,59.992347,119.943337,6504.549305,2159,414,592,//qar7000185/GP0_UPLOAD/BOXER/CYLOM\KZ-05-18_CP-35\20240716\can_Tapper14-05-09-11-17-27.pcap.gz
557,2024-05-09 14:54:00.221296,can_tapper14,2024-05-09 14:53:00.221296,2024-05-09 14:56:00.221296,18.155,59.922417,119.915596,10078.981707,2158,382,493,//qar7000185/GP0_UPLOAD/BOXER/CYLOM\KZ-05-18_CP-35\20240716\can_Tapper14-05-09-14-17-27.pcap.gz
558,2024-05-09 16:21:17.882737,can_tapper14,2024-05-09 16:20:17.882737,2024-05-09 16:23:17.882737,19.255000000000003,59.905581,119.984425,5237.661441,2159,338,669,//qar7000185/GP0_UPLOAD/BOXER/CYLOM\KZ-05-18_CP-35\20240716\can_Tapper14-05-09-16-17-27.pcap.gz
559,2024-05-10 07:07:57.072194,can_tapper14,2024-05-10 07:06:57.072194,2024-05-10 07:09:57.072194,14.540000000000001,59.972206,119.901726,53199.189457,2158,396,621,//qar7000185/GP0_UPLOAD/BOXER/CYLOM\KZ-05-18_CP-35\20240716\can_Tapper14-05-10-06-17-45.pcap.gz
560,2024-05-10 09:43:15.517777,can_tapper14,2024-05-10 09:42:15.517777,2024-05-10 09:45:15.517777,16.596666666666668,59.969192,119.93226,9318.445583,2159,337,649,//qar7000185/GP0_UPLOAD/BOXER/CYLOM\KZ-05-18_CP-35\20240716\can_Tapper14-05-10-09-17-45.pcap.gz
561,2024-05-10 12:56:51.475638,can_tapper14,2024-05-10 12:55:51.475638,2024-05-10 12:58:51.475638,18.910714285714285,59.971476,119.980975,11615.957861,2159,419,584,//qar7000185/GP0_UPLOAD/BOXER/CYLOM\KZ-05-18_CP-35\20240716\can_Tapper14-05-10-12-17-45.pcap.gz
562,2024-05-10 13:40:34.832771,can_tapper14,2024-05-10 13:39:34.832771,2024-05-10 13:42:34.832771,19.675,59.896267,119.931358,2623.357133,2158,356,583,//qar7000185/GP0_UPLOAD/BOXER/CYLOM\KZ-05-18_CP-35\20240716\can_Tapper14-05-10-13-17-45.pcap.gz
563,2024-05-11 06:48:26.087931,can_tapper14,2024-05-11 06:47:26.087931,2024-05-11 06:50:26.087931,17.8,59.915045,119.874354,61671.25516,2158,431,596,//qar7000185/GP0_UPLOAD/BOXER/CYLOM\KZ-05-18_CP-35\20240716\can_Tapper14-05-11-06-25-24.pcap.gz
564,2024-05-11 07:56:16.316468,can_tapper14,2024-05-11 07:55:16.316468,2024-05-11 07:58:16.316468,17.73333333333333,59.953921,119.963271,4070.228537,2159,348,567,//qar7000185/GP0_UPLOAD/BOXER/CYLOM\KZ-05-18_CP-35\20240716\can_Tapper14-05-11-07-25-24.pcap.gz
565,2024-05-11 14:05:30.704141,can_tapper14,2024-05-11 14:04:30.704141,2024-05-11 14:07:30.704141,17.475,59.957755,119.861546,22154.387673,2158,422,597,//qar7000185/GP0_UPLOAD/BOXER/CYLOM\KZ-05-18_CP-35\20240716\can_Tapper14-05-11-13-25-24.pcap.gz
566,2024-05-11 14:38:28.659871,can_tapper14,2024-05-11 14:37:28.659871,2024-05-11 14:40:28.659871,18.133333333333333,59.997867,119.985657,1977.95573,2160,348,560,//qar7000185/GP0_UPLOAD/BOXER/CYLOM\KZ-05-18_CP-35\20240716\can_Tapper14-05-11-14-25-24.pcap.gz
567,2024-05-11 16:36:33.991144,can_tapper14,2024-05-11 16:35:33.991144,2024-05-11 16:38:33.991144,17.76666666666667,59.954268,119.997881,7085.331273,2159,324,504,//qar7000185/GP0_UPLOAD/BOXER/CYLOM\KZ-05-18_CP-35\20240716\can_Tapper14-05-11-16-25-24.pcap.gz
568,2024-05-11 19:59:36.282554,can_tapper14,2024-05-11 19:58:36.282554,2024-05-11 20:01:36.282554,16.925,59.98265,119.910993,12182.29141,2159,338,553,//qar7000185/GP0_UPLOAD/BOXER/CYLOM\KZ-05-18_CP-35\20240716\can_Tapper14-05-11-19-25-24.pcap.gz
569,2024-05-12 06:53:37.311134,can_tapper14,2024-05-12 06:52:37.311134,2024-05-12 06:55:37.311134,13.621666666666666,59.99285,119.802874,39241.02858,2158,427,539,//qar7000185/GP0_UPLOAD/BOXER/CYLOM\KZ-05-18_CP-35\20240716\can_Tapper14-05-12-06-32-46.pcap.gz
570,2024-05-12 07:56:49.524164,can_tapper14,2024-05-12 07:55:49.524164,2024-05-12 07:58:49.524164,13.85833333333333,59.988183,119.854755,3792.21303,2158,407,662,//qar7000185/GP0_UPLOAD/BOXER/CYLOM\KZ-05-18_CP-35\20240716\can_Tapper14-05-12-07-32-46.pcap.gz
571,2024-05-12 09:14:15.071822,can_tapper14,2024-05-12 09:13:15.071822,2024-05-12 09:16:15.071822,14.65,59.857995,119.987629,4645.547658,2159,348,518,//qar7000185/GP0_UPLOAD/BOXER/CYLOM\KZ-05-18_CP-35\20240716\can_Tapper14-05-12-08-32-46.pcap.gz
572,2024-05-13 07:17:45.663089,can_tapper14,2024-05-13 07:16:45.663089,2024-05-13 07:19:45.663089,15.4,59.993286,119.856862,79410.591267,2160,426,551,//qar7000185/GP0_UPLOAD/BOXER/CYLOM\KZ-05-18_CP-35\20240716\can_Tapper14-05-13-07-13-59.pcap.gz
573,2024-05-13 07:29:12.325185,can_tapper14,2024-05-13 07:28:12.325185,2024-05-13 07:31:12.325185,12.05,59.944126,119.935622,686.662096,2159,412,412,//qar7000185/GP0_UPLOAD/BOXER/CYLOM\KZ-05-18_CP-35\20240716\can_Tapper14-05-13-07-13-59.pcap.gz
574,2024-05-18 18:13:09.277886,can_tapper14,2024-05-18 18:12:09.277886,2024-05-18 18:15:09.277886,20.15833333333333,8.301059,119.783581,470636.952701,1539,303,504,//qar7000185/GP0_UPLOAD/BOXER/CYLOM\KZ-05-18_CP-35\20240716\can_Tapper14-05-18-18-13-00.pcap.gz
575,2024-05-19 05:53:50.403126,can_tapper14,2024-05-19 05:52:50.403126,2024-05-19 05:55:50.403126,19.580000000000002,59.8761,119.956098,42041.12524,2158,465,439,//qar7000185/GP0_UPLOAD/BOXER/CYLOM\KZ-05-18_CP-35\20240716\can_Tapper14-05-19-05-48-41.pcap.gz
576,2024-05-19 06:45:34.959783,can_tapper14,2024-05-19 06:44:34.959783,2024-05-19 06:47:34.959783,19.7,59.94028,119.933502,3104.556657,2159,344,510,//qar7000185/GP0_UPLOAD/BOXER/CYLOM\KZ-05-18_CP-35\20240716\can_Tapper14-05-19-05-48-41.pcap.gz
577,2024-05-20 07:41:05.688476,can_tapper14,2024-05-20 07:40:05.688476,2024-05-20 07:43:05.688476,19.2,55.441446,119.926643,89730.728693,2106,372,482,//qar7000185/GP0_UPLOAD/BOXER/CYLOM\KZ-05-18_CP-35\20240716\can_Tapper14-05-20-07-40-10.pcap.gz
578,2024-05-20 07:58:52.240192,can_tapper14,2024-05-20 07:57:52.240192,2024-05-20 08:00:52.240192,19.4,59.977968,119.911727,1066.551716,2159,354,478,//qar7000185/GP0_UPLOAD/BOXER/CYLOM\KZ-05-18_CP-35\20240716\can_Tapper14-05-20-07-40-10.pcap.gz
579,2024-05-20 08:07:42.205412,can_tapper14,2024-05-20 08:06:42.205412,2024-05-20 08:09:42.205412,19.55,59.967572,119.908507,529.96522,2160,354,583,//qar7000185/GP0_UPLOAD/BOXER/CYLOM\KZ-05-18_CP-35\20240716\can_Tapper14-05-20-07-40-10.pcap.gz
580,2024-05-20 08:15:14.512493,can_tapper14,2024-05-20 08:14:14.512493,2024-05-20 08:17:14.512493,19.645,59.983299,119.874973,452.307081,2159,382,259,//qar7000185/GP0_UPLOAD/BOXER/CYLOM\KZ-05-18_CP-35\20240716\can_Tapper14-05-20-07-40-10.pcap.gz
581,2024-05-20 08:25:12.298092,can_tapper14,2024-05-20 08:24:12.298092,2024-05-20 08:27:12.298092,19.775,59.881308,119.965682,597.785599,2158,389,542,//qar7000185/GP0_UPLOAD/BOXER/CYLOM\KZ-05-18_CP-35\20240716\can_Tapper14-05-20-07-40-10.pcap.gz
582,2024-05-22 06:57:44.976252,can_tapper14,2024-05-22 06:56:44.976252,2024-05-22 06:59:44.976252,15.05,16.990963,119.872984,167552.67816,1642,293,504,//qar7000185/GP0_UPLOAD/BOXER/CYLOM\KZ-05-18_CP-35\20240716\can_Tapper14-05-22-06-57-27.pcap.gz
583,2024-05-22 12:14:43.344653,can_tapper14,2024-05-22 12:13:43.344653,2024-05-22 12:16:43.344653,20.95,9.893571,119.967643,19018.368401,1560,329,485,//qar7000185/GP0_UPLOAD/BOXER/CYLOM\KZ-05-18_CP-35\20240716\can_Tapper14-05-22-12-14-33.pcap.gz
584,2024-05-23 07:44:45.374464,can_tapper14,2024-05-23 07:43:45.374464,2024-05-23 07:46:45.374464,20.5,1.894846,119.986837,70202.029811,1464,281,586,//qar7000185/GP0_UPLOAD/BOXER/CYLOM\KZ-05-18_CP-35\20240716\can_Tapper14-05-23-07-44-43.pcap.gz
585,2024-05-23 09:04:07.714617,can_tapper14,2024-05-23 09:03:07.714617,2024-05-23 09:06:07.714617,19.775,59.908831,119.969448,4762.340153,2160,401,700,//qar7000185/GP0_UPLOAD/BOXER/CYLOM\KZ-05-18_CP-35\20240716\can_Tapper14-05-23-08-44-43.pcap.gz
586,2024-05-23 10:04:35.176976,can_tapper14,2024-05-23 10:03:35.176976,2024-05-23 10:06:35.176976,20.375,59.883698,119.955699,3627.462359,2158,339,484,//qar7000185/GP0_UPLOAD/BOXER/CYLOM\KZ-05-18_CP-35\20240716\can_Tapper14-05-23-09-44-43.pcap.gz
587,2024-05-23 11:21:39.871309,can_tapper14,2024-05-23 11:20:39.871309,2024-05-23 11:23:39.871309,20.95,59.997799,119.840931,4624.694333,2158,295,652,//qar7000185/GP0_UPLOAD/BOXER/CYLOM\KZ-05-18_CP-35\20240716\can_Tapper14-05-23-10-44-43.pcap.gz
588,2024-05-23 12:16:25.247601,can_tapper14,2024-05-23 12:15:25.247601,2024-05-23 12:18:25.247601,21.55833333333333,59.984179,119.989295,3285.376292,2159,339,439,//qar7000185/GP0_UPLOAD/BOXER/CYLOM\KZ-05-18_CP-35\20240716\can_Tapper14-05-23-11-44-43.pcap.gz
589,2024-05-23 12:51:12.653940,can_tapper14,2024-05-23 12:50:12.653940,2024-05-23 12:53:12.653940,24.35,59.902551,119.963517,2087.406339,2159,294,520,//qar7000185/GP0_UPLOAD/BOXER/CYLOM\KZ-05-18_CP-35\20240716\can_Tapper14-05-23-12-44-43.pcap.gz
590,2024-05-24 06:34:11.869253,can_tapper14,2024-05-24 06:33:11.869253,2024-05-24 06:36:11.869253,20.235,59.918103,119.976896,63779.215313,2159,411,600,//qar7000185/GP0_UPLOAD/BOXER/CYLOM\KZ-05-18_CP-35\20240716\can_Tapper14-05-24-06-23-03.pcap.gz
591,2024-05-24 07:46:00.311503,can_tapper14,2024-05-24 07:45:00.311503,2024-05-24 07:48:00.311503,20.10833333333333,59.977569,119.93863,4308.44225,2159,426,778,//qar7000185/GP0_UPLOAD/BOXER/CYLOM\KZ-05-18_CP-35\20240716\can_Tapper14-05-24-07-23-03.pcap.gz
592,2024-05-24 13:27:36.857113,can_tapper14,2024-05-24 13:26:36.857113,2024-05-24 13:29:36.857113,23.03,8.654079,119.991241,20496.54561,1545,287,541,//qar7000185/GP0_UPLOAD/BOXER/CYLOM\KZ-05-18_CP-35\20240716\can_Tapper14-05-24-13-27-27.pcap.gz
593,2024-05-24 14:27:13.211649,can_tapper14,2024-05-24 14:26:13.211649,2024-05-24 14:29:13.211649,23.240000000000002,60.000596,119.924749,3576.354536,2159,336,507,//qar7000185/GP0_UPLOAD/BOXER/CYLOM\KZ-05-18_CP-35\20240716\can_Tapper14-05-24-13-27-27.pcap.gz
594,2024-05-25 05:44:26.925164,can_tapper14,2024-05-25 05:43:26.925164,2024-05-25 05:46:26.925164,22.35,15.104885,119.961521,55033.713515,1621,341,553,//qar7000185/GP0_UPLOAD/BOXER/CYLOM\KZ-05-18_CP-35\20240716\can_Tapper14-05-25-05-44-11.pcap.gz
595,2024-05-25 08:39:41.466139,can_tapper14,2024-05-25 08:38:41.466139,2024-05-25 08:41:41.466139,21.666666666666668,59.927006,119.94008,10514.540975,2159,380,531,//qar7000185/GP0_UPLOAD/BOXER/CYLOM\KZ-05-18_CP-35\20240716\can_Tapper14-05-25-08-33-11.pcap.gz
596,2024-05-25 09:49:56.671317,can_tapper14,2024-05-25 09:48:56.671317,2024-05-25 09:51:56.671317,21.925,59.87267,119.982066,4215.205178,2158,378,440,//qar7000185/GP0_UPLOAD/BOXER/CYLOM\KZ-05-18_CP-35\20240716\can_Tapper14-05-25-09-33-11.pcap.gz
597,2024-05-25 13:19:18.333304,can_tapper14,2024-05-25 13:18:18.333304,2024-05-25 13:21:18.333304,21.616666666666667,59.8406,119.9861,12561.661987,2158,339,616,//qar7000185/GP0_UPLOAD/BOXER/CYLOM\KZ-05-18_CP-35\20240716\can_Tapper14-05-25-13-15-21.pcap.gz
598,2024-05-25 15:19:07.082014,can_tapper14,2024-05-25 15:18:07.082014,2024-05-25 15:21:07.082014,23.95,59.969569,119.98748,7188.74871,2159,425,520,//qar7000185/GP0_UPLOAD/BOXER/CYLOM\KZ-05-18_CP-35\20240716\can_Tapper14-05-25-15-14-17.pcap.gz
599,2024-05-25 15:34:07.892110,can_tapper14,2024-05-25 15:33:07.892110,2024-05-25 15:36:07.892110,24.15,59.993504,119.935206,900.810096,2159,365,685,//qar7000185/GP0_UPLOAD/BOXER/CYLOM\KZ-05-18_CP-35\20240716\can_Tapper14-05-25-15-14-17.pcap.gz
600,2024-05-26 06:00:24.149564,can_tapper14,2024-05-26 05:59:24.149564,2024-05-26 06:02:24.149564,20.15,59.973932,119.928326,51976.257454,2159,452,594,//qar7000185/GP0_UPLOAD/BOXER/CYLOM\KZ-05-18_CP-35\20240716\can_Tapper14-05-26-05-48-27.pcap.gz
601,2024-05-26 06:24:15.615461,can_tapper14,2024-05-26 06:23:15.615461,2024-05-26 06:26:15.615461,22.698333333333334,59.874277,119.976098,1431.465897,2158,358,635,//qar7000185/GP0_UPLOAD/BOXER/CYLOM\KZ-05-18_CP-35\20240716\can_Tapper14-05-26-05-48-27.pcap.gz
602,2024-05-26 06:39:35.311406,can_tapper14,2024-05-26 06:38:35.311406,2024-05-26 06:41:35.311406,22.591666666666665,59.923,119.945725,919.695945,2158,395,445,//qar7000185/GP0_UPLOAD/BOXER/CYLOM\KZ-05-18_CP-35\20240716\can_Tapper14-05-26-05-48-27.pcap.gz
603,2024-05-26 06:51:56.372075,can_tapper14,2024-05-26 06:50:56.372075,2024-05-26 06:53:56.372075,22.525,59.869828,119.982803,741.060669,2158,314,406,//qar7000185/GP0_UPLOAD/BOXER/CYLOM\KZ-05-18_CP-35\20240716\can_Tapper14-05-26-06-48-27.pcap.gz
604,2024-05-26 07:09:19.462559,can_tapper14,2024-05-26 07:08:19.462559,2024-05-26 07:11:19.462559,22.525,59.91926,119.921035,1043.090484,2159,344,450,//qar7000185/GP0_UPLOAD/BOXER/CYLOM\KZ-05-18_CP-35\20240716\can_Tapper14-05-26-06-48-27.pcap.gz
605,2024-05-26 07:21:06.774251,can_tapper14,2024-05-26 07:20:06.774251,2024-05-26 07:23:06.774251,25.3,59.862233,119.977045,707.311692,2159,378,442,//qar7000185/GP0_UPLOAD/BOXER/CYLOM\KZ-05-18_CP-35\20240716\can_Tapper14-05-26-06-48-27.pcap.gz
606,2024-05-26 12:34:13.948616,can_tapper14,2024-05-26 12:33:13.948616,2024-05-26 12:36:13.948616,25.391666666666666,59.949932,119.935556,18787.174365,2160,437,611,//qar7000185/GP0_UPLOAD/BOXER/CYLOM\KZ-05-18_CP-35\20240716\can_Tapper14-05-26-12-30-06.pcap.gz
607,2024-05-26 12:59:40.001110,can_tapper14,2024-05-26 12:58:40.001110,2024-05-26 13:01:40.001110,25.419999999999998,59.885969,119.962443,1526.052494,2159,377,525,//qar7000185/GP0_UPLOAD/BOXER/CYLOM\KZ-05-18_CP-35\20240716\can_Tapper14-05-26-12-30-06.pcap.gz
608,2024-05-26 13:44:03.882655,can_tapper14,2024-05-26 13:43:03.882655,2024-05-26 13:46:03.882655,25.333333333333332,59.991479,120.000002,2663.881545,2159,352,443,//qar7000185/GP0_UPLOAD/BOXER/CYLOM\KZ-05-18_CP-35\20240716\can_Tapper14-05-26-13-30-06.pcap.gz
609,2024-05-26 13:59:24.167328,can_tapper14,2024-05-26 13:58:24.167328,2024-05-26 14:01:24.167328,25.5,59.967237,119.953123,920.284673,2158,343,472,//qar7000185/GP0_UPLOAD/BOXER/CYLOM\KZ-05-18_CP-35\20240716\can_Tapper14-05-26-13-30-06.pcap.gz
610,2024-05-26 15:01:34.531582,can_tapper14,2024-05-26 15:00:34.531582,2024-05-26 15:03:34.531582,25.485,59.848319,119.790032,3730.364254,2157,234,403,//qar7000185/GP0_UPLOAD/BOXER/CYLOM\KZ-05-18_CP-35\20240716\can_Tapper14-05-26-14-30-06.pcap.gz
611,2024-05-26 15:19:04.603934,can_tapper14,2024-05-26 15:18:04.603934,2024-05-26 15:21:04.603934,25.6,59.952625,119.910819,1050.072352,2158,266,531,//qar7000185/GP0_UPLOAD/BOXER/CYLOM\KZ-05-18_CP-35\20240716\can_Tapper14-05-26-14-30-06.pcap.gz
612,2024-05-26 15:37:32.508079,can_tapper14,2024-05-26 15:36:32.508079,2024-05-26 15:39:32.508079,25.85,59.824125,119.834846,1107.904145,2157,343,600,//qar7000185/GP0_UPLOAD/BOXER/CYLOM\KZ-05-18_CP-35\20240716\can_Tapper14-05-26-15-30-06.pcap.gz
613,2024-05-26 15:50:30.736502,can_tapper14,2024-05-26 15:49:30.736502,2024-05-26 15:52:30.736502,26.03,59.96485,119.95245,778.228423,2160,312,571,//qar7000185/GP0_UPLOAD/BOXER/CYLOM\KZ-05-18_CP-35\20240716\can_Tapper14-05-26-15-30-06.pcap.gz
614,2024-05-27 09:00:22.153149,can_tapper14,2024-05-27 08:59:22.153149,2024-05-27 09:02:22.153149,23.46,59.994099,119.942724,61791.416647,2159,427,765,//qar7000185/GP0_UPLOAD/BOXER/CYLOM\KZ-05-18_CP-35\20240716\can_Tapper14-05-27-08-08-09.pcap.gz
615,2024-05-27 09:21:51.557012,can_tapper14,2024-05-27 09:20:51.557012,2024-05-27 09:23:51.557012,23.791666666666664,59.973938,119.912129,1289.403863,2160,346,510,//qar7000185/GP0_UPLOAD/BOXER/CYLOM\KZ-05-18_CP-35\20240716\can_Tapper14-05-27-09-08-09.pcap.gz
616,2024-05-27 10:12:56.396287,can_tapper14,2024-05-27 10:11:56.396287,2024-05-27 10:14:56.396287,24.241666666666667,59.946905,119.974864,3064.839275,2159,351,466,//qar7000185/GP0_UPLOAD/BOXER/CYLOM\KZ-05-18_CP-35\20240716\can_Tapper14-05-27-10-08-09.pcap.gz
617,2024-05-27 11:01:47.727821,can_tapper14,2024-05-27 11:00:47.727821,2024-05-27 11:03:47.727821,24.55,59.835299,119.891825,2931.331534,2157,387,448,//qar7000185/GP0_UPLOAD/BOXER/CYLOM\KZ-05-18_CP-35\20240716\can_Tapper14-05-27-10-08-09.pcap.gz
618,2024-05-27 12:07:21.381361,can_tapper14,2024-05-27 12:06:21.381361,2024-05-27 12:09:21.381361,27.3,59.947555,119.903418,3933.65354,2159,368,505,//qar7000185/GP0_UPLOAD/BOXER/CYLOM\KZ-05-18_CP-35\20240716\can_Tapper14-05-27-11-08-09.pcap.gz
619,2024-05-27 13:55:13.834449,can_tapper14,2024-05-27 13:54:13.834449,2024-05-27 13:57:13.834449,26.325,59.927804,119.958518,6472.453088,2160,376,466,//qar7000185/GP0_UPLOAD/BOXER/CYLOM\KZ-05-18_CP-35\20240716\can_Tapper14-05-27-13-53-05.pcap.gz
620,2024-05-27 14:34:54.123864,can_tapper14,2024-05-27 14:33:54.123864,2024-05-27 14:36:54.123864,26.7,59.879422,119.971601,2380.289415,2159,402,536,//qar7000185/GP0_UPLOAD/BOXER/CYLOM\KZ-05-18_CP-35\20240716\can_Tapper14-05-27-13-53-05.pcap.gz
621,2024-05-28 08:38:03.960370,can_tapper14,2024-05-28 08:37:03.960370,2024-05-28 08:40:03.960370,24.765,59.995989,119.928299,64989.836506,2160,419,704,//qar7000185/GP0_UPLOAD/BOXER/CYLOM\KZ-05-18_CP-35\20240716\can_Tapper14-05-28-08-22-38.pcap.gz
622,2024-05-28 08:44:21.236840,can_tapper14,2024-05-28 08:43:21.236840,2024-05-28 08:46:21.236840,24.725,59.954972,119.917887,377.27647,2159,491,640,//qar7000185/GP0_UPLOAD/BOXER/CYLOM\KZ-05-18_CP-35\20240716\can_Tapper14-05-28-08-22-38.pcap.gz
623,2024-05-28 09:53:45.382289,can_tapper14,2024-05-28 09:52:45.382289,2024-05-28 09:55:45.382289,24.825,59.908093,119.977414,4164.145449,2159,369,533,//qar7000185/GP0_UPLOAD/BOXER/CYLOM\KZ-05-18_CP-35\20240716\can_Tapper14-05-28-09-22-38.pcap.gz
624,2024-05-28 13:05:33.174400,can_tapper14,2024-05-28 13:04:33.174400,2024-05-28 13:07:33.174400,28.35,4.956767,119.914575,11507.792111,1500,302,578,//qar7000185/GP0_UPLOAD/BOXER/CYLOM\KZ-05-18_CP-35\20240716\can_Tapper14-05-28-13-05-27.pcap.gz
625,2024-05-28 14:14:05.837645,can_tapper14,2024-05-28 14:13:05.837645,2024-05-28 14:16:05.837645,28.9,1.639696,119.966969,4112.663245,1461,325,460,//qar7000185/GP0_UPLOAD/BOXER/CYLOM\KZ-05-18_CP-35\20240716\can_Tapper14-05-28-14-14-04.pcap.gz
626,2024-05-29 07:58:12.481272,can_tapper14,2024-05-29 07:57:12.481272,2024-05-29 08:00:12.481272,23.165,59.994817,119.992313,63846.643627,2160,428,591,//qar7000185/GP0_UPLOAD/BOXER/CYLOM\KZ-05-18_CP-35\20240716\can_Tapper14-05-29-07-44-50.pcap.gz
627,2024-05-29 09:23:40.390759,can_tapper14,2024-05-29 09:22:40.390759,2024-05-29 09:25:40.390759,23.228571428571428,59.973782,120.000223,5127.909487,2160,416,567,//qar7000185/GP0_UPLOAD/BOXER/CYLOM\KZ-05-18_CP-35\20240716\can_Tapper14-05-29-08-44-50.pcap.gz
628,2024-05-29 10:16:31.281239,can_tapper14,2024-05-29 10:15:31.281239,2024-05-29 10:18:31.281239,23.53,59.883642,119.976306,3170.89048,2158,382,755,//qar7000185/GP0_UPLOAD/BOXER/CYLOM\KZ-05-18_CP-35\20240716\can_Tapper14-05-29-09-44-50.pcap.gz
629,2024-05-29 10:53:25.278214,can_tapper14,2024-05-29 10:52:25.278214,2024-05-29 10:55:25.278214,23.816666666666666,59.9538,119.977849,2213.996975,2160,278,344,//qar7000185/GP0_UPLOAD/BOXER/CYLOM\KZ-05-18_CP-35\20240716\can_Tapper14-05-29-10-44-50.pcap.gz
630,2024-05-29 11:12:48.796169,can_tapper14,2024-05-29 11:11:48.796169,2024-05-29 11:14:48.796169,23.983333333333334,59.922986,119.917648,1163.517955,2158,318,484,//qar7000185/GP0_UPLOAD/BOXER/CYLOM\KZ-05-18_CP-35\20240716\can_Tapper14-05-29-10-44-50.pcap.gz
631,2024-05-29 12:10:36.781350,can_tapper14,2024-05-29 12:09:36.781350,2024-05-29 12:12:36.781350,,0.140192,119.943017,3467.985181,1443,300,391,//qar7000185/GP0_UPLOAD/BOXER/CYLOM\KZ-05-18_CP-35\20240716\can_Tapper14-05-29-12-10-36.pcap.gz
632,2024-05-29 13:22:25.284910,can_tapper14,2024-05-29 13:21:25.284910,2024-05-29 13:24:25.284910,25.95,4.045419,119.787904,4308.50356,1488,315,436,//qar7000185/GP0_UPLOAD/BOXER/CYLOM\KZ-05-18_CP-35\20240716\can_Tapper14-05-29-13-22-20.pcap.gz
633,2024-05-29 14:21:48.727956,can_tapper14,2024-05-29 14:20:48.727956,2024-05-29 14:23:48.727956,25.585,59.892054,119.988036,3563.443046,2160,277,569,//qar7000185/GP0_UPLOAD/BOXER/CYLOM\KZ-05-18_CP-35\20240716\can_Tapper14-05-29-13-22-20.pcap.gz
634,2024-05-30 06:00:52.596885,can_tapper14,2024-05-30 05:59:52.596885,2024-05-30 06:02:52.596885,21.55,4.451382,119.950069,56343.868929,1494,289,581,//qar7000185/GP0_UPLOAD/BOXER/CYLOM\KZ-05-18_CP-35\20240716\can_Tapper14-05-30-06-00-48.pcap.gz
635,2024-05-30 06:56:15.429842,can_tapper14,2024-05-30 06:55:15.429842,2024-05-30 06:58:15.429842,21.5,59.836426,119.818824,3322.832957,2157,395,629,//qar7000185/GP0_UPLOAD/BOXER/CYLOM\KZ-05-18_CP-35\20240716\can_Tapper14-05-30-06-00-48.pcap.gz
636,2024-05-30 09:24:59.888487,can_tapper14,2024-05-30 09:23:59.888487,2024-05-30 09:26:59.888487,21.733333333333334,59.977119,119.946606,8924.458645,2160,345,586,//qar7000185/GP0_UPLOAD/BOXER/CYLOM\KZ-05-18_CP-35\20240716\can_Tapper14-05-30-09-00-48.pcap.gz
637,2024-05-30 11:28:48.869960,can_tapper14,2024-05-30 11:27:48.869960,2024-05-30 11:30:48.869960,22.425,59.944931,119.936944,7428.981473,2159,360,757,//qar7000185/GP0_UPLOAD/BOXER/CYLOM\KZ-05-18_CP-35\20240716\can_Tapper14-05-30-11-00-49.pcap.gz
638,2024-05-30 13:10:36.262304,can_tapper14,2024-05-30 13:09:36.262304,2024-05-30 13:12:36.262304,23.325,59.97813,119.945926,6107.392344,2159,176,458,//qar7000185/GP0_UPLOAD/BOXER/CYLOM\KZ-05-18_CP-35\20240716\can_Tapper14-05-30-13-00-49.pcap.gz
639,2024-05-30 13:20:37.233173,can_tapper14,2024-05-30 13:19:37.233173,2024-05-30 13:22:37.233173,23.416666666666668,59.898828,119.999255,600.970869,2160,142,335,//qar7000185/GP0_UPLOAD/BOXER/CYLOM\KZ-05-18_CP-35\20240716\can_Tapper14-05-30-13-00-49.pcap.gz
640,2024-05-30 13:31:14.693751,can_tapper14,2024-05-30 13:30:14.693751,2024-05-30 13:33:14.693751,23.75,59.9315,119.965593,637.460578,2158,375,504,//qar7000185/GP0_UPLOAD/BOXER/CYLOM\KZ-05-18_CP-35\20240716\can_Tapper14-05-30-13-00-49.pcap.gz
641,2024-05-30 15:37:24.464941,can_tapper14,2024-05-30 15:36:24.464941,2024-05-30 15:39:24.464941,26.225,59.870826,119.986651,7569.77119,2159,310,447,//qar7000185/GP0_UPLOAD/BOXER/CYLOM\KZ-05-18_CP-35\20240716\can_Tapper14-05-30-15-00-49.pcap.gz
642,2024-05-31 07:28:58.372558,can_tapper14,2024-05-31 07:27:58.372558,2024-05-31 07:30:58.372558,24.05,36.900233,119.965222,57093.907617,1884,415,460,//qar7000185/GP0_UPLOAD/BOXER/CYLOM\KZ-05-18_CP-35\20240716\can_Tapper14-05-31-07-28-21.pcap.gz
643,2024-05-31 08:47:58.090852,can_tapper14,2024-05-31 08:46:58.090852,2024-05-31 08:49:58.090852,20.991666666666667,59.87656,119.958995,4739.718294,2159,563,519,//qar7000185/GP0_UPLOAD/BOXER/CYLOM\KZ-05-18_CP-35\20240716\can_Tapper14-05-31-08-28-21.pcap.gz
644,2024-05-31 09:09:59.489866,can_tapper14,2024-05-31 09:08:59.489866,2024-05-31 09:11:59.489866,21.075,59.917779,119.967845,1321.399014,2160,591,474,//qar7000185/GP0_UPLOAD/BOXER/CYLOM\KZ-05-18_CP-35\20240716\can_Tapper14-05-31-08-28-21.pcap.gz
645,2024-06-03 09:27:52.996895,can_tapper14,2024-06-03 09:26:52.996895,2024-06-03 09:29:52.996895,18.45,31.768634,119.872267,260273.507029,1821,343,545,//qar7000185/GP0_UPLOAD/BOXER/CYLOM\KZ-05-18_CP-35\20240716\can_Tapper14-06-03-09-27-21.pcap.gz
646,2024-06-03 09:53:05.658882,can_tapper14,2024-06-03 09:52:05.658882,2024-06-03 09:55:05.658882,18.9,59.945474,119.886049,1512.661987,2158,484,519,//qar7000185/GP0_UPLOAD/BOXER/CYLOM\KZ-05-18_CP-35\20240716\can_Tapper14-06-03-09-27-21.pcap.gz
647,2024-06-06 09:48:44.478415,can_tapper14,2024-06-06 09:47:44.478415,2024-06-06 09:50:44.478415,13.76666666666667,57.011954,119.829156,258938.819533,2124,417,490,//qar7000185/GP0_UPLOAD/BOXER/CYLOM\KZ-05-18_CP-35\20240716\can_Tapper14-06-06-09-47-47.pcap.gz
648,2024-06-10 09:02:55.671578,can_tapper14,2024-06-10 09:01:55.671578,2024-06-10 09:04:55.671578,13.745,59.821037,119.8028,342851.193163,2157,394,657,//qar7000185/GP0_UPLOAD/BOXER/CYLOM\KZ-05-18_CP-35\20240716\can_Tapper14-06-10-08-52-24.pcap.gz
649,2024-06-10 13:15:10.085870,can_tapper14,2024-06-10 13:14:10.085870,2024-06-10 13:17:10.085870,14.283333333333331,13.859869,119.976195,15134.414292,1606,341,297,//qar7000185/GP0_UPLOAD/BOXER/CYLOM\KZ-05-18_CP-35\20240716\can_Tapper14-06-10-13-14-56.pcap.gz
650,2024-06-20 08:51:24.494186,can_tapper14,2024-06-20 08:50:24.494186,2024-06-20 08:53:24.494186,14.758333333333335,28.716432,119.83795,848174.408316,1785,188,144,//qar7000185/GP0_UPLOAD/BOXER/CYLOM\KZ-05-18_CP-35\20240716\can_Tapper14-06-20-08-50-55.pcap.gz
651,2024-06-26 13:27:38.379669,can_tapper14,2024-06-26 13:26:38.379669,2024-06-26 13:29:38.379669,25.15,21.853792,119.994483,534973.885483,1703,331,447,//qar7000185/GP0_UPLOAD/BOXER/CYLOM\KZ-05-18_CP-35\20240716\can_Tapper14-06-26-13-27-16.pcap.gz
652,2024-06-26 13:49:48.463032,can_tapper14,2024-06-26 13:48:48.463032,2024-06-26 13:51:48.463032,23.208333333333332,59.929491,119.926719,1330.083363,2158,416,583,//qar7000185/GP0_UPLOAD/BOXER/CYLOM\KZ-05-18_CP-35\20240716\can_Tapper14-06-26-13-27-16.pcap.gz
653,2024-08-09 09:43:44.530356,can_tapper14,2024-08-09 09:42:44.530356,2024-08-09 09:45:44.530356,22.066666666666666,0.653326,119.916784,3786836.067324,1449,277,410,//qar7000185/GP0_UPLOAD/BOXER/CYLOM\KZ-05-18_CP-35\20260204\can_Tapper14-08-09-09-43-43.pcap.gz
654,2024-08-21 14:43:09.433689,can_tapper14,2024-08-21 14:42:09.433689,2024-08-21 14:45:09.433689,17.333333333333332,59.88893,119.961244,1054764.903333,2158,426,526,//qar7000185/GP0_UPLOAD/BOXER/CYLOM\KZ-05-18_CP-35\20260204\can_Tapper14-08-21-14-41-11.pcap.gz
655,2024-08-21 15:00:14.013099,can_tapper14,2024-08-21 14:59:14.013099,2024-08-21 15:02:14.013099,17.4,59.948768,119.859131,1024.57941,2158,417,469,//qar7000185/GP0_UPLOAD/BOXER/CYLOM\KZ-05-18_CP-35\20260204\can_Tapper14-08-21-14-41-11.pcap.gz
656,2024-08-21 16:18:32.927268,can_tapper14,2024-08-21 16:17:32.927268,2024-08-21 16:20:32.927268,17.991666666666667,59.914787,119.992595,4698.914169,2160,427,633,//qar7000185/GP0_UPLOAD/BOXER/CYLOM\KZ-05-18_CP-35\20260204\can_Tapper14-08-21-15-41-11.pcap.gz
657,2024-08-21 18:36:15.448232,can_tapper14,2024-08-21 18:35:15.448232,2024-08-21 18:38:15.448232,19.015,59.965075,119.917423,8262.520964,2158,388,540,//qar7000185/GP0_UPLOAD/BOXER/CYLOM\KZ-05-18_CP-35\20260204\can_Tapper14-08-21-17-41-11.pcap.gz
658,2024-08-21 18:47:47.615137,can_tapper14,2024-08-21 18:46:47.615137,2024-08-21 18:49:47.615137,18.958333333333332,59.969259,119.89046,692.166905,2158,428,800,//qar7000185/GP0_UPLOAD/BOXER/CYLOM\KZ-05-18_CP-35\20260204\can_Tapper14-08-21-18-41-11.pcap.gz
659,2024-08-27 12:58:43.776416,can_tapper14,2024-08-27 12:57:43.776416,2024-08-27 13:00:43.776416,16.96666666666667,2.309519,119.99912,497456.161279,1469,300,554,//qar7000185/GP0_UPLOAD/BOXER/CYLOM\KZ-05-18_CP-35\20260204\can_Tapper14-08-27-12-58-41.pcap.gz
660,2024-08-27 13:06:05.508688,can_tapper14,2024-08-27 13:05:05.508688,2024-08-27 13:08:05.508688,16.9125,60.000626,119.986148,441.732272,2159,433,614,//qar7000185/GP0_UPLOAD/BOXER/CYLOM\KZ-05-18_CP-35\20260204\can_Tapper14-08-27-12-58-41.pcap.gz
661,2024-08-29 07:30:01.262711,can_tapper14,2024-08-29 07:29:01.262711,2024-08-29 07:32:01.262711,21.75,40.800765,119.787381,152635.754023,1929,370,479,//qar7000185/GP0_UPLOAD/BOXER/CYLOM\KZ-05-18_CP-35\20260204\can_Tapper14-08-29-07-29-20.pcap.gz
662,2024-08-29 07:57:10.337481,can_tapper14,2024-08-29 07:56:10.337481,2024-08-29 07:59:10.337481,21.48333333333333,59.889675,119.947274,1629.07477,2158,419,545,//qar7000185/GP0_UPLOAD/BOXER/CYLOM\KZ-05-18_CP-35\20260204\can_Tapper14-08-29-07-29-20.pcap.gz
663,2024-08-29 10:01:07.669951,can_tapper14,2024-08-29 10:00:07.669951,2024-08-29 10:03:07.669951,21.508333333333333,15.702747,119.86928,7437.33247,1629,359,423,//qar7000185/GP0_UPLOAD/BOXER/CYLOM\KZ-05-18_CP-35\20260204\can_Tapper14-08-29-10-00-51.pcap.gz
664,2024-08-29 11:49:49.391281,can_tapper14,2024-08-29 11:48:49.391281,2024-08-29 11:51:49.391281,22.634999999999998,22.150291,119.948185,6521.72133,1706,358,460,//qar7000185/GP0_UPLOAD/BOXER/CYLOM\KZ-05-18_CP-35\20260204\can_Tapper14-08-29-11-49-27.pcap.gz
665,2024-08-29 11:51:52.513691,can_tapper14,2024-08-29 11:50:52.513691,2024-08-29 11:53:52.513691,22.65,59.964375,75.945899,123.12241,1632,352,569,//qar7000185/GP0_UPLOAD/BOXER/CYLOM\KZ-05-18_CP-35\20260204\can_Tapper14-08-29-11-49-27.pcap.gz
666,2024-08-29 15:22:45.684308,can_tapper14,2024-08-29 15:21:45.684308,2024-08-29 15:24:45.684308,23.925,1.300825,119.811845,12653.170617,1455,324,489,//qar7000185/GP0_UPLOAD/BOXER/CYLOM\KZ-05-18_CP-35\20260204\can_Tapper14-08-29-15-22-44.pcap.gz
667,2024-09-03 15:29:36.974010,can_tapper14,2024-09-03 15:28:36.974010,2024-09-03 15:31:36.974010,21.175,2.841734,119.978806,432411.289702,1476,250,286,//qar7000185/GP0_UPLOAD/BOXER/CYLOM\KZ-05-18_CP-35\20260204\can_Tapper14-09-03-15-29-33.pcap.gz
668,2024-09-03 15:34:08.206690,can_tapper14,2024-09-03 15:33:08.206690,2024-09-03 15:36:08.206690,21.22,59.975518,119.898303,271.23268,2159,379,454,//qar7000185/GP0_UPLOAD/BOXER/CYLOM\KZ-05-18_CP-35\20260204\can_Tapper14-09-03-15-29-33.pcap.gz
669,2024-09-06 10:56:57.233104,can_tapper14,2024-09-06 10:55:57.233104,2024-09-06 10:58:57.233104,20.65,1.029002,119.861327,242569.026414,1452,294,476,//qar7000185/GP0_UPLOAD/BOXER/CYLOM\KZ-05-18_CP-35\20260204\can_Tapper14-09-06-10-56-56.pcap.gz
670,2024-10-01 08:17:11.283494,can_tapper14,2024-10-01 08:16:11.283494,2024-10-01 08:19:11.283494,17.01666666666667,59.819175,119.762042,2150414.05039,2157,417,525,//qar7000185/GP0_UPLOAD/BOXER/CYLOM\KZ-05-18_CP-35\20260204\can_Tapper14-10-01-08-15-58.pcap.gz
671,2024-10-01 08:24:47.200643,can_tapper14,2024-10-01 08:23:47.200643,2024-10-01 08:26:47.200643,17.06666666666667,59.814183,119.997351,455.917149,2158,413,550,//qar7000185/GP0_UPLOAD/BOXER/CYLOM\KZ-05-18_CP-35\20260204\can_Tapper14-10-01-08-15-58.pcap.gz
672,2024-10-01 10:26:37.981697,can_tapper14,2024-10-01 10:25:37.981697,2024-10-01 10:28:37.981697,16.85,18.364782,119.959151,7310.781054,1661,326,439,//qar7000185/GP0_UPLOAD/BOXER/CYLOM\KZ-05-18_CP-35\20260204\can_Tapper14-10-01-10-26-19.pcap.gz
673,2024-10-01 10:45:55.301779,can_tapper14,2024-10-01 10:44:55.301779,2024-10-01 10:47:55.301779,16.775,59.882521,119.967493,1157.320082,2158,408,781,//qar7000185/GP0_UPLOAD/BOXER/CYLOM\KZ-05-18_CP-35\20260204\can_Tapper14-10-01-10-26-19.pcap.gz
674,2024-10-01 10:47:05.334719,can_tapper14,2024-10-01 10:46:05.334719,2024-10-01 10:49:05.334719,16.8,59.873206,119.969585,70.03294,2158,410,850,//qar7000185/GP0_UPLOAD/BOXER/CYLOM\KZ-05-18_CP-35\20260204\can_Tapper14-10-01-10-26-19.pcap.gz
675,2024-10-01 11:16:32.342051,can_tapper14,2024-10-01 11:15:32.342051,2024-10-01 11:18:32.342051,20.15,59.980881,119.855878,1767.007332,2158,453,779,//qar7000185/GP0_UPLOAD/BOXER/CYLOM\KZ-05-18_CP-35\20260204\can_Tapper14-10-01-10-26-19.pcap.gz
676,2024-10-01 11:19:05.948146,can_tapper14,2024-10-01 11:18:05.948146,2024-10-01 11:21:05.948146,17.5375,59.86823,119.97862,153.606095,2119,371,583,//qar7000185/GP0_UPLOAD/BOXER/CYLOM\KZ-05-18_CP-35\20260204\can_Tapper14-10-01-10-26-19.pcap.gz
677,2024-10-01 11:20:45.104805,can_tapper14,2024-10-01 11:19:45.104805,2024-10-01 11:22:45.104805,17.873333333333335,59.947333,119.964866,99.156659,2121,378,499,//qar7000185/GP0_UPLOAD/BOXER/CYLOM\KZ-05-18_CP-35\20260204\can_Tapper14-10-01-10-26-19.pcap.gz
678,2024-10-01 11:28:40.769899,can_tapper14,2024-10-01 11:27:40.769899,2024-10-01 11:30:40.769899,20.75,3.549902,119.824091,475.665094,1482,292,491,//qar7000185/GP0_UPLOAD/BOXER/CYLOM\KZ-05-18_CP-35\20260204\can_Tapper14-10-01-11-28-36.pcap.gz
679,2024-10-01 12:13:54.733932,can_tapper14,2024-10-01 12:12:54.733932,2024-10-01 12:15:54.733932,18.90416666666667,59.927557,119.953557,2713.964033,2158,413,457,//qar7000185/GP0_UPLOAD/BOXER/CYLOM\KZ-05-18_CP-35\20260204\can_Tapper14-10-01-11-28-36.pcap.gz
680,2024-10-01 15:45:32.959922,can_tapper14,2024-10-01 15:44:32.959922,2024-10-01 15:47:32.959922,18.325,4.009376,119.8645,12698.22599,1488,290,426,//qar7000185/GP0_UPLOAD/BOXER/CYLOM\KZ-05-18_CP-35\20260204\can_Tapper14-10-01-15-45-28.pcap.gz
681,2024-10-02 07:34:42.846983,can_tapper14,2024-10-02 07:33:42.846983,2024-10-02 07:36:42.846983,17.89166666666667,2.646252,119.945475,56949.887061,1473,297,520,//qar7000185/GP0_UPLOAD/BOXER/CYLOM\KZ-05-18_CP-35\20260204\can_Tapper14-10-02-07-34-40.pcap.gz
682,2024-10-02 11:51:37.567155,can_tapper14,2024-10-02 11:50:37.567155,2024-10-02 11:53:37.567155,18.01666666666667,1.439258,119.919566,15414.720172,1458,304,431,//qar7000185/GP0_UPLOAD/BOXER/CYLOM\KZ-05-18_CP-35\20260204\can_Tapper14-10-02-11-51-35.pcap.gz
683,2024-10-03 10:29:45.169226,can_tapper14,2024-10-03 10:28:45.169226,2024-10-03 10:31:45.169226,18.10833333333333,11.202965,118.604221,81487.602071,1558,321,445,//qar7000185/GP0_UPLOAD/BOXER/CYLOM\KZ-05-18_CP-35\20260204\can_Tapper14-10-03-10-29-33.pcap.gz
684,2024-10-07 08:32:50.054410,can_tapper14,2024-10-07 08:31:50.054410,2024-10-07 08:34:50.054410,17.275,1.839481,119.986538,338584.885184,1463,275,476,//qar7000185/GP0_UPLOAD/BOXER/CYLOM\KZ-05-18_CP-35\20260204\can_Tapper14-10-07-08-32-47.pcap.gz
685,2024-10-07 08:36:00.512808,can_tapper14,2024-10-07 08:35:00.512808,2024-10-07 08:38:00.512808,17.325,59.969399,119.914002,190.458398,2160,382,605,//qar7000185/GP0_UPLOAD/BOXER/CYLOM\KZ-05-18_CP-35\20260204\can_Tapper14-10-07-08-32-47.pcap.gz
686,2024-10-11 09:01:09.787203,can_tapper14,2024-10-11 09:00:09.787203,2024-10-11 09:03:09.787203,20.216666666666665,8.407294,119.918028,347109.274395,1542,306,384,//qar7000185/GP0_UPLOAD/BOXER/CYLOM\KZ-05-18_CP-35\20260204\can_Tapper14-10-11-09-01-01.pcap.gz
687,2024-10-11 09:17:08.573178,can_tapper14,2024-10-11 09:16:08.573178,2024-10-11 09:19:08.573178,17.81,7.109504,119.927082,958.785975,1527,287,304,//qar7000185/GP0_UPLOAD/BOXER/CYLOM\KZ-05-18_CP-35\20260204\can_Tapper14-10-11-09-17-01.pcap.gz
688,2024-10-11 09:19:18.438149,can_tapper14,2024-10-11 09:18:18.438149,2024-10-11 09:21:18.438149,17.775,59.949299,119.899095,129.864971,2160,466,596,//qar7000185/GP0_UPLOAD/BOXER/CYLOM\KZ-05-18_CP-35\20260204\can_Tapper14-10-11-09-17-01.pcap.gz
689,2024-10-14 11:26:57.051562,can_tapper14,2024-10-14 11:25:57.051562,2024-10-14 11:28:57.051562,17.3,22.852137,108.938758,266858.613413,1584,347,563,//qar7000185/GP0_UPLOAD/BOXER/CYLOM\KZ-05-18_CP-35\20260204\can_Tapper14-10-14-11-26-33.pcap.gz
690,2024-10-14 11:44:52.636975,can_tapper14,2024-10-14 11:43:52.636975,2024-10-14 11:46:52.636975,17.475,4.19785,119.843725,1075.585413,1491,269,267,//qar7000185/GP0_UPLOAD/BOXER/CYLOM\KZ-05-18_CP-35\20260204\can_Tapper14-10-14-11-44-48.pcap.gz
691,2024-10-14 11:48:24.957100,can_tapper14,2024-10-14 11:47:24.957100,2024-10-14 11:50:24.957100,17.44166666666667,59.9973,63.282663,212.320125,1482,307,336,//qar7000185/GP0_UPLOAD/BOXER/CYLOM\KZ-05-18_CP-35\20260204\can_Tapper14-10-14-11-44-48.pcap.gz
692,2024-10-14 13:50:39.553822,can_tapper14,2024-10-14 13:49:39.553822,2024-10-14 13:52:39.553822,20.1,59.857625,119.974548,7334.596722,2160,409,718,//qar7000185/GP0_UPLOAD/BOXER/CYLOM\KZ-05-18_CP-35\20260204\can_Tapper14-10-14-13-47-31.pcap.gz
693,2024-10-14 14:14:32.139441,can_tapper14,2024-10-14 14:13:32.139441,2024-10-14 14:16:32.139441,18.525,59.967731,119.9843,1432.585619,2159,471,711,//qar7000185/GP0_UPLOAD/BOXER/CYLOM\KZ-05-18_CP-35\20260204\can_Tapper14-10-14-13-47-31.pcap.gz
694,2024-10-14 14:32:54.681162,can_tapper14,2024-10-14 14:31:54.681162,2024-10-14 14:34:54.681162,19.30833333333333,59.925876,119.97503,1102.541721,2160,422,369,//qar7000185/GP0_UPLOAD/BOXER/CYLOM\KZ-05-18_CP-35\20260204\can_Tapper14-10-14-13-47-31.pcap.gz
695,2024-10-14 15:00:59.444860,can_tapper14,2024-10-14 14:59:59.444860,2024-10-14 15:02:59.444860,22.32,46.997073,58.295742,1684.763698,1266,292,416,//qar7000185/GP0_UPLOAD/BOXER/CYLOM\KZ-05-18_CP-35\20260204\can_Tapper14-10-14-15-00-12.pcap.gz
696,2024-10-16 14:30:38.574032,can_tapper14,2024-10-16 14:29:38.574032,2024-10-16 14:32:38.574032,17.925,3.102853,119.950598,170979.129172,1479,305,606,//qar7000185/GP0_UPLOAD/BOXER/CYLOM\KZ-05-18_CP-35\20260204\can_Tapper14-10-16-14-30-35.pcap.gz
697,2024-10-16 14:36:44.238608,can_tapper14,2024-10-16 14:35:44.238608,2024-10-16 14:38:44.238608,17.975,59.959592,119.88317,365.664576,2160,420,597,//qar7000185/GP0_UPLOAD/BOXER/CYLOM\KZ-05-18_CP-35\20260204\can_Tapper14-10-16-14-30-35.pcap.gz
698,2024-10-16 14:58:31.105304,can_tapper14,2024-10-16 14:57:31.105304,2024-10-16 15:00:31.105304,18.166666666666668,59.902523,119.963501,1306.866696,2160,384,604,//qar7000185/GP0_UPLOAD/BOXER/CYLOM\KZ-05-18_CP-35\20260204\can_Tapper14-10-16-14-30-35.pcap.gz
699,2024-10-17 07:09:18.539622,can_tapper14,2024-10-17 07:08:18.539622,2024-10-17 07:11:18.539622,18.36,5.105287,119.958253,58247.434318,1503,316,568,//qar7000185/GP0_UPLOAD/BOXER/CYLOM\KZ-05-18_CP-35\20260204\can_Tapper14-10-17-07-09-13.pcap.gz
700,2024-10-17 07:12:57.662175,can_tapper14,2024-10-17 07:11:57.662175,2024-10-17 07:14:57.662175,18.458333333333332,59.943833,119.881829,219.122553,2160,300,424,//qar7000185/GP0_UPLOAD/BOXER/CYLOM\KZ-05-18_CP-35\20260204\can_Tapper14-10-17-07-09-13.pcap.gz
701,2024-10-17 07:26:28.876972,can_tapper14,2024-10-17 07:25:28.876972,2024-10-17 07:28:28.876972,18.45,59.855007,119.979923,811.214797,2160,332,439,//qar7000185/GP0_UPLOAD/BOXER/CYLOM\KZ-05-18_CP-35\20260204\can_Tapper14-10-17-07-09-13.pcap.gz
702,2024-10-17 07:42:53.300892,can_tapper14,2024-10-17 07:41:53.300892,2024-10-17 07:44:53.300892,18.5,59.947025,119.911295,984.42392,2160,342,718,//qar7000185/GP0_UPLOAD/BOXER/CYLOM\KZ-05-18_CP-35\20260204\can_Tapper14-10-17-07-09-13.pcap.gz
703,2024-10-17 08:07:14.272761,can_tapper14,2024-10-17 08:06:14.272761,2024-10-17 08:09:14.272761,18.625,59.978179,119.993236,1460.971869,2160,351,778,//qar7000185/GP0_UPLOAD/BOXER/CYLOM\KZ-05-18_CP-35\20260204\can_Tapper14-10-17-07-09-13.pcap.gz
704,2024-10-17 08:22:50.141706,can_tapper14,2024-10-17 08:21:50.141706,2024-10-17 08:24:50.141706,18.728571428571428,59.980698,119.865021,935.868945,2159,397,612,//qar7000185/GP0_UPLOAD/BOXER/CYLOM\KZ-05-18_CP-35\20260204\can_Tapper14-10-17-08-09-13.pcap.gz
705,2024-10-17 08:31:41.827270,can_tapper14,2024-10-17 08:30:41.827270,2024-10-17 08:33:41.827270,18.741666666666667,59.85184,119.942684,531.685564,2158,369,638,//qar7000185/GP0_UPLOAD/BOXER/CYLOM\KZ-05-18_CP-35\20260204\can_Tapper14-10-17-08-09-13.pcap.gz
706,2024-10-17 09:18:17.082795,can_tapper14,2024-10-17 09:17:17.082795,2024-10-17 09:20:17.082795,19.025,59.9082,119.881099,2795.255525,2158,191,176,//qar7000185/GP0_UPLOAD/BOXER/CYLOM\KZ-05-18_CP-35\20260204\can_Tapper14-10-17-09-09-13.pcap.gz
707,2024-10-17 09:27:23.534937,can_tapper14,2024-10-17 09:26:23.534937,2024-10-17 09:29:23.534937,19.05,59.870844,119.987422,546.452142,2159,356,422,//qar7000185/GP0_UPLOAD/BOXER/CYLOM\KZ-05-18_CP-35\20260204\can_Tapper14-10-17-09-09-13.pcap.gz
708,2024-10-17 09:28:54.655583,can_tapper14,2024-10-17 09:27:54.655583,2024-10-17 09:30:54.655583,19.025,59.937791,119.936583,91.120646,2160,331,542,//qar7000185/GP0_UPLOAD/BOXER/CYLOM\KZ-05-18_CP-35\20260204\can_Tapper14-10-17-09-09-13.pcap.gz
709,2024-10-17 09:33:03.496891,can_tapper14,2024-10-17 09:32:03.496891,2024-10-17 09:35:03.496891,19.05,59.9202,119.9762,248.841308,2160,422,711,//qar7000185/GP0_UPLOAD/BOXER/CYLOM\KZ-05-18_CP-35\20260204\can_Tapper14-10-17-09-09-13.pcap.gz
710,2024-10-17 09:35:51.241791,can_tapper14,2024-10-17 09:34:51.241791,2024-10-17 09:37:51.241791,19.06,59.813699,119.839049,167.7449,2157,257,320,//qar7000185/GP0_UPLOAD/BOXER/CYLOM\KZ-05-18_CP-35\20260204\can_Tapper14-10-17-09-09-13.pcap.gz
711,2024-10-17 09:38:40.630839,can_tapper14,2024-10-17 09:37:40.630839,2024-10-17 09:40:40.630839,19.133333333333333,59.834398,119.847943,169.389048,2157,344,499,//qar7000185/GP0_UPLOAD/BOXER/CYLOM\KZ-05-18_CP-35\20260204\can_Tapper14-10-17-09-09-13.pcap.gz
712,2024-10-17 09:59:16.885576,can_tapper14,2024-10-17 09:58:16.885576,2024-10-17 10:01:16.885576,19.375,59.888166,119.956833,1236.254737,2159,290,430,//qar7000185/GP0_UPLOAD/BOXER/CYLOM\KZ-05-18_CP-35\20260204\can_Tapper14-10-17-09-09-13.pcap.gz
713,2024-10-17 10:26:11.186230,can_tapper14,2024-10-17 10:25:11.186230,2024-10-17 10:28:11.186230,19.509999999999998,59.960925,119.956106,1614.300654,2159,298,707,//qar7000185/GP0_UPLOAD/BOXER/CYLOM\KZ-05-18_CP-35\20260204\can_Tapper14-10-17-10-09-13.pcap.gz
714,2024-10-17 11:36:45.680057,can_tapper14,2024-10-17 11:35:45.680057,2024-10-17 11:38:45.680057,19.55,59.87894,119.915881,4234.493827,2157,367,666,//qar7000185/GP0_UPLOAD/BOXER/CYLOM\KZ-05-18_CP-35\20260204\can_Tapper14-10-17-11-09-13.pcap.gz
715,2024-10-17 11:51:00.358835,can_tapper14,2024-10-17 11:50:00.358835,2024-10-17 11:53:00.358835,19.625,59.95335,119.826224,854.678778,2157,375,532,//qar7000185/GP0_UPLOAD/BOXER/CYLOM\KZ-05-18_CP-35\20260204\can_Tapper14-10-17-11-09-13.pcap.gz
716,2024-10-17 11:55:19.167166,can_tapper14,2024-10-17 11:54:19.167166,2024-10-17 11:57:19.167166,19.69166666666667,59.973932,119.769517,258.808331,2157,302,493,//qar7000185/GP0_UPLOAD/BOXER/CYLOM\KZ-05-18_CP-35\20260204\can_Tapper14-10-17-11-09-13.pcap.gz
717,2024-10-17 12:01:43.667957,can_tapper14,2024-10-17 12:00:43.667957,2024-10-17 12:03:43.667957,19.715,59.807575,119.933049,384.500791,2155,290,531,//qar7000185/GP0_UPLOAD/BOXER/CYLOM\KZ-05-18_CP-35\20260204\can_Tapper14-10-17-11-09-13.pcap.gz
718,2024-10-17 12:06:30.036556,can_tapper14,2024-10-17 12:05:30.036556,2024-10-17 12:08:30.036556,19.80833333333333,59.971224,119.831524,286.368599,2156,324,543,//qar7000185/GP0_UPLOAD/BOXER/CYLOM\KZ-05-18_CP-35\20260204\can_Tapper14-10-17-11-09-13.pcap.gz
719,2024-10-17 12:10:42.931482,can_tapper14,2024-10-17 12:09:42.931482,2024-10-17 12:12:42.931482,19.85,59.998252,119.910298,252.894926,2156,271,483,//qar7000185/GP0_UPLOAD/BOXER/CYLOM\KZ-05-18_CP-35\20260204\can_Tapper14-10-17-12-09-13.pcap.gz
720,2024-10-17 12:21:52.278652,can_tapper14,2024-10-17 12:20:52.278652,2024-10-17 12:23:52.278652,20.05,59.967007,119.872364,669.34717,2155,346,603,//qar7000185/GP0_UPLOAD/BOXER/CYLOM\KZ-05-18_CP-35\20260204\can_Tapper14-10-17-12-09-13.pcap.gz
721,2024-10-17 13:13:56.564149,can_tapper14,2024-10-17 13:12:56.564149,2024-10-17 13:15:56.564149,17.4,1.192827,119.842957,3124.285497,1455,165,205,//qar7000185/GP0_UPLOAD/BOXER/CYLOM\KZ-05-18_CP-35\20260204\can_Tapper14-10-17-13-13-55.pcap.gz
722,2024-10-17 13:19:26.421522,can_tapper14,2024-10-17 13:18:26.421522,2024-10-17 13:21:26.421522,20.23333333333333,59.773041,119.808775,329.857373,2157,395,778,//qar7000185/GP0_UPLOAD/BOXER/CYLOM\KZ-05-18_CP-35\20260204\can_Tapper14-10-17-13-13-55.pcap.gz
723,2024-10-17 13:31:25.523145,can_tapper14,2024-10-17 13:30:25.523145,2024-10-17 13:33:25.523145,20.3,59.810737,119.97315,719.101623,2159,222,337,//qar7000185/GP0_UPLOAD/BOXER/CYLOM\KZ-05-18_CP-35\20260204\can_Tapper14-10-17-13-13-55.pcap.gz
724,2024-10-17 14:13:05.974914,can_tapper14,2024-10-17 14:12:05.974914,2024-10-17 14:15:05.974914,20.40833333333333,59.974641,119.858525,2500.451769,2160,339,604,//qar7000185/GP0_UPLOAD/BOXER/CYLOM\KZ-05-18_CP-35\20260204\can_Tapper14-10-17-13-39-02.pcap.gz
725,2024-10-17 14:18:09.565588,can_tapper14,2024-10-17 14:17:09.565588,2024-10-17 14:20:09.565588,20.4625,59.960525,119.896024,303.590674,2160,377,637,//qar7000185/GP0_UPLOAD/BOXER/CYLOM\KZ-05-18_CP-35\20260204\can_Tapper14-10-17-13-39-02.pcap.gz
726,2024-10-17 14:37:13.835424,can_tapper14,2024-10-17 14:36:13.835424,2024-10-17 14:39:13.835424,20.616666666666667,59.90988,119.980378,1144.269836,2160,306,309,//qar7000185/GP0_UPLOAD/BOXER/CYLOM\KZ-05-18_CP-35\20260204\can_Tapper14-10-17-13-39-02.pcap.gz
727,2024-10-17 14:41:59.129266,can_tapper14,2024-10-17 14:40:59.129266,2024-10-17 14:43:59.129266,20.65,59.917515,119.990816,285.293842,2160,303,449,//qar7000185/GP0_UPLOAD/BOXER/CYLOM\KZ-05-18_CP-35\20260204\can_Tapper14-10-17-14-39-02.pcap.gz
728,2024-10-17 14:46:12.763156,can_tapper14,2024-10-17 14:45:12.763156,2024-10-17 14:48:12.763156,20.76666666666667,59.990924,119.942327,253.63389,2160,250,326,//qar7000185/GP0_UPLOAD/BOXER/CYLOM\KZ-05-18_CP-35\20260204\can_Tapper14-10-17-14-39-02.pcap.gz
729,2024-10-17 14:49:04.356531,can_tapper14,2024-10-17 14:48:04.356531,2024-10-17 14:51:04.356531,20.78333333333333,59.9968,119.911625,171.593375,2159,253,445,//qar7000185/GP0_UPLOAD/BOXER/CYLOM\KZ-05-18_CP-35\20260204\can_Tapper14-10-17-14-39-02.pcap.gz
730,2024-10-17 14:58:36.080721,can_tapper14,2024-10-17 14:57:36.080721,2024-10-17 15:00:36.080721,20.825,59.913768,119.927676,571.72419,2159,388,683,//qar7000185/GP0_UPLOAD/BOXER/CYLOM\KZ-05-18_CP-35\20260204\can_Tapper14-10-17-14-39-02.pcap.gz
731,2024-10-17 15:25:55.543806,can_tapper14,2024-10-17 15:24:55.543806,2024-10-17 15:27:55.543806,21.025,60.000465,119.975756,1639.463085,2160,339,801,//qar7000185/GP0_UPLOAD/BOXER/CYLOM\KZ-05-18_CP-35\20260204\can_Tapper14-10-17-14-39-02.pcap.gz
732,2024-10-18 10:45:51.627673,can_tapper14,2024-10-18 10:44:51.627673,2024-10-18 10:47:51.627673,19.1,23.199353,119.885865,69596.083867,1719,358,577,//qar7000185/GP0_UPLOAD/BOXER/CYLOM\KZ-05-18_CP-35\20260204\can_Tapper14-10-18-10-45-28.pcap.gz
733,2024-10-18 10:56:13.702243,can_tapper14,2024-10-18 10:55:13.702243,2024-10-18 10:58:13.702243,21.566666666666666,59.956293,119.933898,622.07457,2160,422,376,//qar7000185/GP0_UPLOAD/BOXER/CYLOM\KZ-05-18_CP-35\20260204\can_Tapper14-10-18-10-45-28.pcap.gz
734,2024-10-29 13:50:36.751528,can_tapper14,2024-10-29 13:49:36.751528,2024-10-29 13:52:36.751528,18.14,15.805929,119.773275,960863.049285,1629,298,395,//qar7000185/GP0_UPLOAD/BOXER/CYLOM\KZ-05-18_CP-35\20260204\can_Tapper14-10-29-13-50-20.pcap.gz
735,2024-10-29 14:01:29.045572,can_tapper14,2024-10-29 14:00:29.045572,2024-10-29 14:03:29.045572,18.175,32.104964,119.984514,652.294044,1826,307,479,//qar7000185/GP0_UPLOAD/BOXER/CYLOM\KZ-05-18_CP-35\20260204\can_Tapper14-10-29-14-00-56.pcap.gz
736,2024-10-29 14:16:47.838305,can_tapper14,2024-10-29 14:15:47.838305,2024-10-29 14:18:47.838305,18.15833333333333,59.93735,119.897675,918.792733,2158,418,667,//qar7000185/GP0_UPLOAD/BOXER/CYLOM\KZ-05-18_CP-35\20260204\can_Tapper14-10-29-14-00-56.pcap.gz
737,2024-10-29 14:17:59.269719,can_tapper14,2024-10-29 14:16:59.269719,2024-10-29 14:19:59.269719,18.225,59.914622,119.991945,71.431414,2160,434,741,//qar7000185/GP0_UPLOAD/BOXER/CYLOM\KZ-05-18_CP-35\20260204\can_Tapper14-10-29-14-00-56.pcap.gz
738,2024-10-29 14:43:03.395100,can_tapper14,2024-10-29 14:42:03.395100,2024-10-29 14:45:03.395100,18.32,59.940425,119.975337,1504.125381,2159,427,682,//qar7000185/GP0_UPLOAD/BOXER/CYLOM\KZ-05-18_CP-35\20260204\can_Tapper14-10-29-14-00-56.pcap.gz
739,2024-10-29 14:44:51.086243,can_tapper14,2024-10-29 14:43:51.086243,2024-10-29 14:46:51.086243,18.35,59.952723,119.896588,107.691143,2119,413,585,//qar7000185/GP0_UPLOAD/BOXER/CYLOM\KZ-05-18_CP-35\20260204\can_Tapper14-10-29-14-00-56.pcap.gz
740,2024-10-29 14:45:52.707224,can_tapper14,2024-10-29 14:44:52.707224,2024-10-29 14:47:52.707224,15.933333333333334,59.931724,119.989324,61.620981,2120,424,550,//qar7000185/GP0_UPLOAD/BOXER/CYLOM\KZ-05-18_CP-35\20260204\can_Tapper14-10-29-14-00-56.pcap.gz
741,2024-11-01 08:38:17.124435,can_tapper14,2024-11-01 08:37:17.124435,2024-11-01 08:40:17.124435,18.025,7.956425,119.917279,237144.417211,1536,304,391,//qar7000185/GP0_UPLOAD/BOXER/CYLOM\KZ-05-18_CP-35\20260204\can_Tapper14-11-01-08-38-08.pcap.gz
742,2024-11-14 08:47:53.206102,can_tapper14,2024-11-14 08:46:53.206102,2024-11-14 08:49:53.206102,14.4,10.297644,119.816408,1123776.081667,1563,334,415,//qar7000185/GP0_UPLOAD/BOXER/CYLOM\KZ-05-18_CP-35\20260204\can_Tapper14-11-14-08-47-42.pcap.gz
743,2024-11-14 09:11:32.781932,can_tapper14,2024-11-14 09:10:32.781932,2024-11-14 09:13:32.781932,16.9,0.126997,119.959537,1419.57583,1440,296,359,//qar7000185/GP0_UPLOAD/BOXER/CYLOM\KZ-05-18_CP-35\20260204\can_Tapper14-11-14-09-11-32.pcap.gz
744,2024-11-14 11:19:26.341358,can_tapper14,2024-11-14 11:18:26.341358,2024-11-14 11:21:26.341358,15.64166666666667,20.262935,119.821912,7673.559426,1683,349,509,//qar7000185/GP0_UPLOAD/BOXER/CYLOM\KZ-05-18_CP-35\20260204\can_Tapper14-11-14-11-19-05.pcap.gz
