start_index,start_time,can_tapper_id,start_color,V_pre_total_1_10V,V_min_total_1_10V,V_ocv_total_1_10V,V_drop_total_pct,soc_pct_est_pack,soc_pct_est_ocv_pack,V_ocv_slope_mV_per_s_max,n_ocv_samples_min,temp_avg_start_C,I_pre_A,I_load_A,delta_I_A,t_load_s,I_mean_post_A,I_max_post_A,t_charge_onset_s,R_internal_est_ohm_pack,R_internal_est_ohm_min_voltage_method_pack,R_internal_est_ohm_from_ocv_pack,max_abs_imbalance_pct_pack,mean_abs_imbalance_pct_pack,t_recovery_s_max,tau_relax_s_median,relax_fit_r2_min,pre_data_duration_s,post_data_duration_s,t_since_previous_start_s,n_voltage_samples,n_current_samples,n_temperature_samples,t_before_s,t_after_s
0,2020-12-07 14:56:10.803316,can_tapper13,"rgb(228,26,28)",509.0,449.0,,11.787819253438114,98.75,,,0,17.266666666666666,21.0,406.0,385.0,0.504836,-4.073015873015873,310.0,2.014553,0.004935064935064936,0.015584415584415584,,8.94308943089431,2.1454516301454984,1.7600000000002751,2.4199454189414036,0.19082941661734154,1.616953,119.933122,,1461,323,616,60.0,120.0
1,2020-12-07 14:57:40.361082,can_tapper13,"rgb(55,126,184)",511.0,427.0,568.0,16.43835616438356,98.75,100.0,70.22643121173617,1500,17.35333333333333,0.0,310.0,310.0,1.411905,-8.748447204968944,22.0,2.007547,0.017419354838709676,0.027096774193548386,0.035806451612903224,22.717622080679405,2.19766527929167,1.5000000000002345,1.801675664776153,0.5971978246326751,59.918668,119.899928,89.557766,2160,480,878,60.0,120.0
2,2020-12-07 15:07:24.767359,can_tapper13,"rgb(77,175,74)",495.0,431.0,500.0,12.929292929292929,75.58333333333339,88.25000000000001,2.6970589764700486,1500,17.275,17.0,362.0,345.0,1.192274,-17.259036144578314,142.0,2.29817,0.009855072463768117,0.01855072463768116,0.011304347826086957,15.74468085106383,0.671260454367381,1.5000000000002345,2.145932504474109,0.8145955274640905,59.967182,67.07467,584.406277,1526,314,387,60.0,120.0
3,2020-12-10 09:58:28.013330,can_tapper13,"rgb(152,78,163)",508.0,458.0,512.0,9.84251968503937,98.75,100.0,11.19398013534058,1252,18.816666666666666,0.0,314.0,314.0,1.434001,-8.816023738872403,20.0,2.029905,0.012420382165605096,0.01592356687898089,0.013694267515923567,2.658486707566462,1.0178919788724996,1.0000000000001563,2.892719705486028,0.6146259471209019,28.059464,119.987419,240663.245971,1778,390,660,60.0,120.0
4,2020-12-10 10:01:40.060887,can_tapper13,"rgb(255,127,0)",515.0,436.0,520.0,15.339805825242719,100.0,100.0,5.874473721986998,1500,18.84166666666667,0.0,478.0,478.0,1.047201,-5.940972222222222,45.0,2.043288,0.013389121338912135,0.016527196652719667,0.014435146443514645,14.712153518123667,1.3026761416460817,1.5000000000002345,119.99999999999996,0.41925285671232726,59.811399,119.997075,192.047557,2158,417,394,60.0,120.0
5,2020-12-10 10:06:31.509686,can_tapper13,"rgb(255,255,51)",501.0,436.0,505.0,12.974051896207584,91.25,95.0,4.393379730389965,1500,18.81666666666667,15.0,390.0,375.0,1.063635,-19.251497005988025,149.0,2.064054,0.011199999999999998,0.017333333333333333,0.012266666666666665,7.818930041152264,0.9818628512887287,1.5000000000002345,2.27471676670449,0.8201607885900744,59.949553,59.635502,291.448799,1437,321,313,60.0,120.0
6,2020-12-21 13:05:16.201994,can_tapper13,"rgb(166,86,40)",496.0,453.0,498.0,8.669354838709678,78.58333333333337,82.25000000000004,9.576811675016824,762,17.0,13.0,487.0,474.0,0.81542,-12.739864864864865,400.0,2.219252,0.009071729957805908,0.009071729957805908,0.009493670886075951,5.684210526315789,0.698491781284154,1.0000000000001563,2.27471676670449,0.2235443928570665,18.259676,119.822496,961124.692308,1659,324,527,60.0,120.0
7,2020-12-21 13:06:12.717594,can_tapper13,"rgb(247,129,191)",501.0,437.0,565.0,12.77445109780439,91.25,100.0,50.96443153973943,1500,14.8125,18.5,400.0,381.5,1.033199,-17.42611683848797,129.0,2.133474,0.015203145478374836,0.016775884665792922,0.03197903014416776,4.742268041237113,1.272735199659269,1.5000000000002345,2.0171482422437275,0.6522386361083741,59.771175,119.845097,56.5156,2157,435,690,60.0,120.0
8,2021-01-06 10:22:06.954782,can_tapper13,"rgb(153,153,153)",485.0,405.0,485.0,16.49484536082474,54.642857142857125,55.07440476190475,1.6312985027991254,1500,15.666666666666668,18.5,302.0,283.5,1.675679,-22.940438871473354,161.0,2.171898,0.015873015873015872,0.028218694885361554,0.015873015873015872,15.261958997722095,1.221479555889028,1.5200000000002376,3.2620894576029285,0.8549652709921562,59.922527,119.988879,1372554.237188,2160,433,594,60.0,120.0
9,2021-01-06 13:32:53.124556,can_tapper13,"rgb(228,26,28)",496.0,425.0,496.0,14.31451612903226,78.58333333333337,78.58333333333337,10.833100793070315,682,17.65,13.0,243.0,230.0,1.218093,-16.066246056782333,14.0,2.223018,0.02391304347826087,0.0308695652173913,0.02391304347826087,10.833333333333334,1.4350877265738253,1.0000000000001563,2.892719705486028,0.8838239424965979,16.655964,119.93065,11446.169774,1641,336,416,60.0,120.0
10,2021-02-01 13:22:07.139519,can_tapper13,"rgb(55,126,184)",509.0,450.0,515.0,11.591355599214145,98.75,100.0,9.59716775475323,1470,1.8583333333333332,22.0,196.0,174.0,1.418787,-2.46875,11.0,2.015011,0.027586206896551724,0.0339080459770115,0.03103448275862069,7.006369426751593,1.0574251006107558,1.0000000000001563,2.565174071178317,0.8502747957128454,32.417283,119.921294,2245754.014963,1830,335,414,60.0,120.0
11,2021-02-01 13:45:13.401800,can_tapper13,"rgb(77,175,74)",499.0,437.0,501.0,12.424849699398797,85.83333333333334,89.50000000000001,10.534120237384876,1500,2.0166666666666666,0.0,331.0,331.0,1.386845,-3.110091743119266,25.0,2.479894,0.01419939577039275,0.018731117824773415,0.014803625377643504,9.565217391304348,2.0366471760770315,1.0000000000001563,119.99999999999996,0.5019084158708547,59.894705,119.951024,1386.262281,2160,282,296,60.0,120.0
12,2021-02-01 14:09:15.926694,can_tapper13,"rgb(152,78,163)",495.0,416.0,493.0,15.95959595959596,75.58333333333339,71.66666666666669,1.819458586425495,1500,2.005,0.0,310.0,310.0,1.585526,-2.4555160142348753,299.0,2.085594,0.014838709677419354,0.025483870967741934,0.014193548387096775,16.411378555798688,1.8761614545254974,1.5000000000002345,119.99999999999996,0.22395721814306446,59.97755,119.885725,1442.524894,2160,377,650,60.0,120.0
13,2021-02-01 14:11:05.452793,can_tapper13,"rgb(255,127,0)",496.0,416.0,500.0,16.129032258064516,78.58333333333337,88.25000000000001,7.003594223818594,1500,2.06,18.5,299.0,280.5,1.605887,-4.7384615384615385,159.0,2.204025,0.017112299465240642,0.0285204991087344,0.018538324420677363,16.775599128540303,1.71868548329894,1.5000000000002345,60.79310154365427,0.220719484583636,59.970605,119.89155,109.526099,2160,379,542,60.0,120.0
14,2021-02-01 14:30:51.544739,can_tapper13,"rgb(255,255,51)",492.0,422.0,491.0,14.227642276422763,68.6666666666667,66.88095238095241,2.4517433118858274,1500,2.2199999999999998,0.0,427.0,427.0,1.0736,-3.1725352112676055,345.0,2.17525,0.011943793911007026,0.016393442622950817,0.0117096018735363,12.984054669703873,1.855456818452245,1.5000000000002345,1.406595676542853,0.07838962710677078,59.896874,119.91413,1186.091946,2158,404,539,60.0,120.0
15,2021-02-01 14:32:20.804363,can_tapper13,"rgb(166,86,40)",493.0,424.0,496.0,13.995943204868155,71.66666666666669,78.58333333333337,7.929825746587928,1500,2.1166666666666663,16.0,345.0,329.0,1.080626,-4.933333333333334,24.0,2.083676,0.01610942249240122,0.020972644376899694,0.017021276595744678,14.027149321266968,1.9299983009738026,1.0000000000001563,74.20329583699333,0.48623464642349623,59.884229,119.911825,89.259624,2157,267,315,60.0,120.0
16,2021-02-02 10:08:03.172886,can_tapper13,"rgb(247,129,191)",493.0,425.0,497.0,13.793103448275861,71.66666666666669,79.83333333333337,4.082019592008006,1500,3.1,18.0,482.0,464.0,1.098743,-8.262295081967213,42.0,2.199326,0.012284482758620688,0.014655172413793105,0.013146551724137931,6.046511627906977,0.9670442781776585,1.260000000000197,2.565174071178317,0.8579172505533394,59.920399,119.941424,70542.368523,2160,447,596,60.0,120.0
17,2021-02-02 10:36:14.652605,can_tapper13,"rgb(153,153,153)",499.0,429.0,500.0,14.02805611222445,87.00000000000001,88.25000000000001,4.05325513477946,1500,3.475,18.0,375.0,357.0,1.094341,-3.47953216374269,33.0,2.183633,0.013165266106442575,0.0196078431372549,0.013445378151260505,13.258426966292134,1.6623529255221685,1.2400000000001938,119.99999999999996,0.325847082718815,59.87485,119.942143,1691.479719,2158,471,571,60.0,120.0
18,2021-02-02 10:38:54.230824,can_tapper13,"rgb(228,26,28)",504.0,446.0,504.0,11.507936507936508,95.0,95.0,4.970099986710541,1500,3.6833333333333336,6.0,475.0,469.0,1.055969,-12.78386167146974,1.0,2.953181,0.011300639658848612,0.012366737739872067,0.011300639658848612,5.882352941176471,1.3451547850069587,0.7600000000001188,1.5862030873085784,0.7395796047698606,59.902969,119.975923,159.578219,2159,524,414,60.0,120.0
19,2021-02-02 10:49:18.639553,can_tapper13,"rgb(55,126,184)",495.0,411.0,500.0,16.969696969696972,75.58333333333339,88.25000000000001,8.707479425544951,1500,3.8666666666666663,0.0,429.0,429.0,1.09172,-9.134868421052632,37.0,2.088844,0.011421911421911422,0.019580419580419582,0.012587412587412588,19.82758620689655,1.5533536697652028,1.5000000000002345,119.99999999999996,0.21919483430131914,59.920756,119.976722,624.408729,2160,399,591,60.0,120.0
20,2021-02-03 11:33:11.375571,can_tapper13,"rgb(77,175,74)",493.0,434.0,496.0,11.967545638945234,71.66666666666669,78.58333333333337,0.22536898905306224,1500,7.654999999999999,17.0,301.0,284.0,1.453838,-5.485915492957746,296.0,2.050802,0.017253521126760565,0.020774647887323944,0.018309859154929577,14.168377823408624,2.178110249824671,1.5000000000002345,119.99999999999996,0.14891895230250896,59.926676,119.967329,89032.736018,2160,392,576,60.0,120.0
21,2021-02-03 11:34:58.511388,can_tapper13,"rgb(152,78,163)",499.0,430.0,508.0,13.827655310621243,87.00000000000001,98.75,43.31906814180073,1500,7.608333333333334,0.0,296.0,296.0,1.642924,-5.1753554502369665,158.0,2.139468,0.01722972972972973,0.023310810810810812,0.02027027027027027,22.150537634408604,1.4153983782469386,1.5000000000002345,119.99999999999996,0.4530243564263273,59.999756,119.841448,107.135817,2159,342,345,60.0,120.0
22,2021-02-03 11:55:27.600331,can_tapper13,"rgb(255,127,0)",492.0,431.0,493.0,12.398373983739837,68.6666666666667,71.66666666666669,7.898163510293572,1500,7.7375,14.5,346.0,331.5,1.120976,-14.760942760942761,17.0,2.211702,0.012669683257918552,0.018401206636500758,0.012971342383107088,11.856823266219239,1.5224561250540751,1.0000000000001563,1.6874737773196231,0.8004225686451871,59.980154,119.93845,1229.088943,2160,388,420,60.0,120.0
23,2021-02-03 12:13:00.144055,can_tapper13,"rgb(255,255,51)",505.0,423.0,505.0,16.237623762376238,95.0,95.0,13.231068715415761,545,7.758333333333335,0.0,468.0,468.0,1.116779,-4.536332179930795,348.0,2.111255,0.012179487179487178,0.01752136752136752,0.012179487179487178,16.989247311827956,2.048690495031182,1.5000000000002345,1.7887444673306678,0.07772994524108812,13.912621,119.921524,1052.543724,1608,310,406,60.0,120.0
24,2021-02-03 12:14:26.368428,can_tapper13,"rgb(166,86,40)",494.0,416.0,500.0,15.789473684210526,72.91666666666669,88.25000000000001,11.5123073388014,1500,7.791666666666666,0.0,348.0,348.0,1.031655,-3.4527363184079602,24.0,2.224476,0.010344827586206896,0.02241379310344828,0.01206896551724138,13.88888888888889,0.7026024941225509,1.0000000000001563,58.350444692249376,0.4447065634466377,59.859793,103.172044,86.224373,1957,336,304,60.0,120.0
25,2021-02-05 09:13:32.504391,can_tapper13,"rgb(247,129,191)",491.0,427.0,495.0,13.034623217922606,66.25000000000003,75.58333333333339,5.8901270622777435,1500,6.94,20.0,482.0,462.0,1.082678,-9.233644859813085,160.0,2.0806,0.012987012987012988,0.013852813852813853,0.013852813852813853,5.191873589164786,1.2037550454625825,1.5000000000002345,2.7289468883321724,0.84669688608509,59.993498,119.812253,161946.135963,2158,377,471,60.0,120.0
26,2021-02-12 07:29:46.953543,can_tapper13,"rgb(153,153,153)",499.0,429.0,500.0,14.02805611222445,85.83333333333334,88.25000000000001,14.01688397387513,514,-5.65,0.0,253.0,253.0,1.217267,2.7130434782608694,109.0,2.31653,0.021739130434782605,0.02766798418972332,0.022134387351778653,4.932735426008969,1.0178008335862145,1.7600000000002751,2.565174071178317,0.8596468277753966,13.301658,119.809535,598574.449152,1598,364,562,60.0,120.0
27,2021-02-12 10:26:14.724781,can_tapper13,"rgb(228,26,28)",485.0,427.0,489.0,11.958762886597938,55.07440476190475,62.714285714285715,2.778685679415329,1500,-2.85,0.0,469.0,469.0,0.989629,-1.9287925696594428,52.0,2.488549,0.010660980810234541,0.012366737739872067,0.011513859275053304,10.583153347732182,1.0926284901784258,1.0000000000001563,2.4199454189414036,0.7795526838544451,59.933687,119.933376,10587.771238,2160,378,563,60.0,120.0
28,2021-03-23 08:28:11.353843,can_tapper13,"rgb(55,126,184)",509.0,435.0,512.0,14.538310412573674,98.75,100.0,4.56792203018672,1500,6.5200000000000005,0.0,473.0,473.0,1.0115,-3.5076923076923077,3.0,2.413576,0.011839323467230442,0.015644820295983086,0.012473572938689217,13.675213675213675,2.3099494354359433,1.5000000000002345,2.565174071178317,0.8615148691944298,39.95637,119.880751,3362516.629062,1920,313,428,60.0,120.0
29,2021-03-23 10:53:42.420530,can_tapper13,"rgb(77,175,74)",496.0,419.0,500.0,15.524193548387096,78.58333333333337,88.25000000000001,5.212443948659179,673,5.725,12.0,247.0,235.0,0.402191,-4.294117647058823,4.0,2.004405,0.005531914893617021,0.03276595744680851,0.006808510638297872,16.11479028697572,2.661054912910625,1.5000000000002345,2.7289468883321724,0.8557147623697359,16.4721,119.8616,8731.066687,1638,349,369,60.0,120.0
30,2021-03-26 11:28:53.707978,can_tapper13,"rgb(152,78,163)",524.0,437.0,529.0,16.603053435114504,100.0,100.0,6.730180768967814,1500,10.675,9.0,199.0,190.0,1.633454,-7.332307692307692,95.0,2.133754,0.032105263157894734,0.045789473684210526,0.03473684210526316,17.355371900826448,1.8305837412586194,1.7600000000002751,2.291161156711022,0.5970969563526671,36.742558,119.863429,261311.287448,1881,377,469,60.0,120.0
31,2021-03-26 13:49:38.206735,can_tapper13,"rgb(255,127,0)",505.0,436.0,509.0,13.663366336633665,95.0,98.75,4.681788747460519,1500,12.025,0.0,432.0,432.0,1.026878,-6.363013698630137,3.0,2.033099,0.013888888888888888,0.01597222222222222,0.014814814814814815,11.11111111111111,2.3337552511535167,1.5000000000002345,2.7289468883321724,0.8447721357244904,36.750565,119.825089,8444.498757,1881,362,400,60.0,120.0
32,2021-04-12 07:54:01.429670,can_tapper13,"rgb(255,255,51)",504.0,429.0,505.0,14.880952380952381,95.0,95.0,5.851304446506315e-13,184,4.8,13.0,238.0,225.0,1.412312,-0.11020408163265306,115.0,2.010332,0.028444444444444446,0.03333333333333333,0.028888888888888888,15.254237288135593,0.894731471139073,1.2400000000001938,2.565174071178317,0.8697545938010188,6.700843,119.883173,1447463.222935,1521,257,399,60.0,120.0
33,2021-04-12 10:37:01.050921,can_tapper13,"rgb(166,86,40)",493.0,424.0,496.0,13.995943204868155,71.66666666666669,78.58333333333337,15.551502428974018,282,3.9083333333333337,0.0,245.0,245.0,1.314878,-2.480392156862745,10.0,2.909784,0.017142857142857144,0.02816326530612245,0.018367346938775512,8.928571428571429,1.071353931281251,1.0200000000001594,2.892719705486028,0.860824855950787,8.658365,119.933383,9779.621251,1545,320,304,60.0,120.0
34,2021-04-12 13:57:27.326145,can_tapper13,"rgb(247,129,191)",496.0,423.0,500.0,14.717741935483872,78.58333333333337,88.25000000000001,8.71740932190048,842,6.25,0.0,247.0,247.0,1.219102,-5.23404255319149,11.0,2.220677,0.021052631578947368,0.029554655870445347,0.022672064777327933,14.537444933920705,1.108710117707281,1.0000000000001563,2.565174071178317,0.8717002489576083,19.856577,119.971344,12026.275224,1680,311,328,60.0,120.0
35,2021-04-15 10:55:50.684611,can_tapper13,"rgb(153,153,153)",496.0,428.0,501.0,13.709677419354838,78.58333333333337,89.50000000000001,5.2291845463033635,1500,8.15,0.0,467.0,467.0,1.07708,-8.865319865319865,107.0,2.18008,0.0145610278372591,0.0145610278372591,0.01563169164882227,2.803738317757009,0.7674187557190599,1.740000000000272,2.7289468883321724,0.8637917132543468,59.985816,119.872868,248303.358466,2160,369,580,60.0,120.0
36,2021-04-19 10:18:31.876947,can_tapper13,"rgb(228,26,28)",500.0,446.0,,10.8,88.25000000000001,,,0,11.825,17.0,265.0,248.0,1.261787,-10.941176470588236,13.0,2.25991,0.015725806451612905,0.021774193548387097,,4.57516339869281,1.1896272182492567,1.0000000000001563,2.7289468883321724,0.7880750579748084,0.655523,119.924573,343361.192336,2896,552,960,60.0,120.0
37,2021-04-19 10:18:31.876947,can_tapper13,"rgb(55,126,184)",500.0,446.0,,10.8,88.25000000000001,,,0,11.825,17.0,265.0,248.0,1.261787,-10.941176470588236,13.0,2.25991,0.015725806451612905,0.021774193548387097,,4.57516339869281,1.1896272182492567,1.0000000000001563,2.7289468883321724,0.7880750579748084,0.655523,119.924573,0.0,2896,552,960,60.0,120.0
38,2021-04-20 08:36:56.444670,can_tapper13,"rgb(77,175,74)",548.0,469.0,549.0,14.416058394160583,100.0,100.0,1.128000501333222,1500,12.333333333333332,0.0,429.0,429.0,0.533175,-1.7692307692307692,5.0,36.5466,0.015151515151515152,0.018414918414918414,0.015384615384615385,9.730848861283643,2.726782504811935,1.5000000000002345,1.6874737773196231,0.6097808065830126,59.959731,119.849975,80304.567723,2160,311,504,60.0,120.0
39,2021-04-23 15:20:57.910914,can_tapper13,"rgb(152,78,163)",492.0,455.0,493.0,7.520325203252034,68.6666666666667,71.66666666666669,1.4552220032976273e-12,122,13.3,0.0,411.0,411.0,1.018726,-8.392523364485982,113.0,2.024053,0.00900243309002433,0.00900243309002433,0.009245742092457421,4.439746300211416,0.7626364056070476,0.5000000000000782,2.7289468883321724,0.8187624878287181,5.450241,119.862751,283441.466244,1506,339,429,60.0,120.0
40,2021-04-29 10:48:06.616679,can_tapper13,"rgb(255,127,0)",500.0,451.0,503.0,9.8,88.25000000000001,92.00000000000001,9.04879731287543,807,,0.0,450.0,450.0,0.925774,-6.033557046979865,9.0,2.027225,0.0057777777777777775,0.010888888888888889,0.0064444444444444445,6.1571125265392785,1.0187579783716978,0.7400000000001157,2.583718236095259,0.7639179297526688,19.156255,119.924867,502028.705765,1671,330,335,60.0,120.0
41,2021-05-26 11:26:09.100068,can_tapper13,"rgb(255,255,51)",509.0,444.0,525.0,12.770137524557956,98.75,100.0,61.448693977187105,1500,10.719999999999999,0.0,328.0,328.0,1.272928,23.546762589928058,497.0,2.373128,0.017987804878048783,0.019817073170731708,0.022865853658536585,12.79826464208243,1.6138173733471814,1.0000000000001563,74.20329583699333,0.4441846346837587,59.965577,86.703876,2335082.483389,1761,262,556,60.0,120.0
42,2021-05-26 11:59:06.118274,can_tapper13,"rgb(166,86,40)",491.0,430.0,493.0,12.423625254582484,66.88095238095241,71.66666666666669,28.48416937509281,232,11.041666666666666,18.0,495.0,477.0,0.824045,-10.801186943620179,21.0,2.331499,0.010272536687631027,0.012788259958071278,0.010691823899371069,13.675213675213675,0.9652946436607068,1.0000000000001563,2.892719705486028,0.8506963500913587,7.650345,119.943021,1977.018206,1533,354,490,60.0,120.0
43,2021-05-26 13:37:09.407722,can_tapper13,"rgb(247,129,191)",504.0,444.0,505.0,11.904761904761903,95.0,95.0,2.3533343792600614,1500,13.346666666666668,0.0,305.0,305.0,1.414751,1.3,34.0,2.011451,0.01344262295081967,0.019672131147540985,0.01377049180327869,9.014675052410901,1.2930377428597406,1.0000000000001563,119.99999999999996,0.44945518046912747,59.99888,109.62712,5883.289448,2037,307,598,60.0,120.0
44,2021-05-31 09:22:55.744201,can_tapper13,"rgb(153,153,153)",492.0,435.0,493.0,11.585365853658537,68.6666666666667,71.66666666666669,10.695735783476515,673,19.35,0.0,256.0,256.0,1.139775,-10.313915857605178,20.0,2.241387,0.017578125,0.022265625,0.017968750000000002,10.239651416122005,1.2496678099125798,1.0000000000001563,3.077404581544478,0.8381607235726147,16.492624,119.843117,416746.336479,1638,337,436,60.0,120.0
45,2021-06-07 10:15:59.408894,can_tapper13,"rgb(228,26,28)",505.0,460.0,,8.91089108910891,95.0,,,0,17.9,18.0,431.0,413.0,0.929158,-4.459363957597173,12.0,2.423183,0.0070217917675544795,0.010895883777239709,,10.0,1.3273077906198716,1.0200000000001594,2.892719705486028,0.747498982888371,2.938818,119.913306,607983.664693,1476,294,338,60.0,120.0
46,2021-06-07 10:46:47.374299,can_tapper13,"rgb(55,126,184)",493.0,424.0,497.0,13.995943204868155,71.66666666666669,79.83333333333337,3.8287217016532997,1500,16.165,0.0,368.0,368.0,1.257254,-12.098507462686568,20.0,2.255072,0.010869565217391304,0.01875,0.011956521739130435,13.274336283185841,1.3657022611060612,1.5000000000002345,2.0171482422437275,0.7292238921167211,59.888082,119.990223,1847.965405,2160,407,590,60.0,120.0
47,2021-06-14 11:50:05.299111,can_tapper13,"rgb(77,175,74)",496.0,449.0,497.0,9.475806451612904,78.58333333333337,79.83333333333337,4.143521841564582,1500,22.02,0.0,291.0,291.0,1.545749,-13.01223241590214,154.0,2.042132,0.010996563573883162,0.01615120274914089,0.011340206185567012,3.278688524590164,0.9135289215310209,1.0000000000001563,3.2620894576029285,0.7840859137980924,59.858704,119.984203,608597.924812,2160,392,466,60.0,120.0
48,2021-06-15 12:19:21.247788,can_tapper13,"rgb(152,78,163)",492.0,425.0,492.0,13.617886178861788,68.6666666666667,68.6666666666667,0.04866668829629623,1500,23.6,0.0,233.0,233.0,1.080354,-28.919871794871796,15.0,2.079404,0.0111587982832618,0.028755364806866954,0.0111587982832618,14.52991452991453,1.0735924000394905,1.0000000000001563,3.2620894576029285,0.6362942794754411,59.828297,119.994727,88155.948677,2160,397,446,60.0,120.0
49,2021-06-15 13:58:55.511284,can_tapper13,"rgb(255,127,0)",504.0,444.0,505.0,11.904761904761903,92.00000000000001,95.0,2.8778412790399144,1500,26.375,0.0,323.0,323.0,1.239895,-27.58204334365325,17.0,3.83419,0.012074303405572757,0.018575851393188854,0.01238390092879257,7.991360691144709,1.3817703666809236,1.0000000000001563,2.892719705486028,0.7739992870898315,59.981475,119.912948,5974.263496,2159,447,649,60.0,120.0
50,2021-06-16 08:06:19.447043,can_tapper13,"rgb(255,255,51)",545.0,476.0,547.0,12.660550458715598,100.0,100.0,0.19800008799944077,1500,24.6,0.0,182.0,182.0,1.343388,-6.7655677655677655,1.0,44.76634,0.03406593406593407,0.03791208791208791,0.03516483516483517,7.633587786259542,1.1082285770068554,4.260000000000666,1.7887444673306678,0.42005441361284257,59.937003,119.908848,65243.935759,2160,330,370,60.0,120.0
51,2021-06-18 11:41:58.519090,can_tapper13,"rgb(166,86,40)",477.0,381.0,480.0,20.125786163522015,52.5,55.624999999999986,0.4950135533392277,1500,28.28333333333333,0.0,357.0,357.0,1.296057,-115.42857142857143,19.0,2.291708,0.015126050420168067,0.026890756302521007,0.015966386554621848,27.40740740740741,6.687650640343358,1.5000000000002345,2.892719705486028,0.6149352730821125,59.989827,119.839671,185739.072047,2158,449,629,60.0,120.0
52,2021-06-18 11:56:29.729551,can_tapper13,"rgb(247,129,191)",481.0,406.0,484.0,15.592515592515593,50.208333333333336,53.51190476190476,2.91952267323241,1124,28.7,0.0,436.0,436.0,1.027952,-94.29545454545455,163.0,2.131047,0.012385321100917432,0.017201834862385322,0.013073394495412845,12.412177985948478,3.5178194058966143,1.5000000000002345,2.565174071178317,0.1991988510516065,25.508168,119.825368,871.210461,1746,262,449,60.0,120.0
53,2021-06-18 11:58:30.754099,can_tapper13,"rgb(153,153,153)",497.0,420.0,501.0,15.492957746478872,79.83333333333337,89.50000000000001,7.937594638929257,1500,28.79,13.0,283.0,270.0,1.538325,-110.54464285714286,149.0,2.14082,0.01851851851851852,0.028518518518518523,0.02,14.405010438413361,3.085021315897423,1.5000000000002345,1.5862030873085784,0.6397981678393586,59.99795,119.851126,121.024548,2159,409,768,60.0,120.0
54,2021-06-18 12:31:07.247864,can_tapper13,"rgb(228,26,28)",488.0,456.0,484.0,6.557377049180328,61.0625,53.51190476190476,4.241346651592819e-12,37,34.35,76.5,286.0,209.5,1.332993,-97.85,66.0,2.922403,0.013365155131264916,0.015274463007159905,0.011455847255369928,5.531914893617022,1.0668414133922468,0.5200000000000813,4.148345232772487,0.8119107866504609,3.744357,119.8584,1956.493765,1488,313,500,60.0,120.0
55,2021-06-21 13:37:37.618754,can_tapper13,"rgb(55,126,184)",485.0,434.0,,10.515463917525773,55.07440476190475,,,0,15.95,0.0,386.0,386.0,1.035258,-26.096885813148788,42.0,2.040038,0.009585492227979275,0.013212435233160624,,12.742980561555076,1.6401509450189211,1.5000000000002345,3.678623825607137,0.8342348586391064,0.483148,119.856978,263190.37089,1445,296,380,60.0,120.0
56,2021-06-21 16:16:05.854937,can_tapper13,"rgb(77,175,74)",491.0,438.0,492.0,10.79429735234216,66.88095238095241,68.6666666666667,1.8131919169736337,1500,21.0,0.0,265.0,265.0,1.016424,-26.76271186440678,42.0,2.017775,0.009433962264150943,0.019999999999999997,0.00981132075471698,15.334773218142548,1.7659506238143865,0.5000000000000782,3.2620894576029285,0.8574420157292485,40.460398,119.880425,9508.236183,1926,359,646,60.0,120.0
57,2021-07-09 11:30:31.656795,can_tapper13,"rgb(152,78,163)",509.0,450.0,513.0,11.591355599214145,98.75,100.0,11.400823681122953,675,24.75,16.0,230.0,214.0,1.112379,-11.370860927152318,8.0,2.110306,0.019626168224299065,0.027570093457943926,0.021495327102803736,9.894736842105264,1.0048849157000928,0.7400000000001157,3.678623825607137,0.7613187048739135,16.503778,119.878482,1538065.801858,1596,320,261,60.0,120.0
58,2021-07-09 13:42:13.979991,can_tapper13,"rgb(255,127,0)",497.0,436.0,500.0,12.273641851106639,81.00000000000004,88.25000000000001,2.9232752156300525e-13,1500,25.15,0.0,323.0,323.0,0.474,-36.675,14.0,2.074781,0.00804953560371517,0.01888544891640867,0.0086687306501548,11.864406779661017,2.4279785322797838,1.5200000000002376,2.27471676670449,0.7534952300910488,60.000224,119.951277,7902.323196,2159,422,452,60.0,120.0
59,2021-07-19 08:54:23.936626,can_tapper13,"rgb(255,255,51)",492.5,456.0,492.0,7.411167512690356,70.10416666666667,68.6666666666667,2.469112208494107,1500,20.225,20.0,482.0,462.0,0.823414,-10.237762237762238,18.0,2.221828,0.005844155844155844,0.0079004329004329,0.005844155844155844,7.296137339055794,0.9712353213858602,0.5000000000000782,3.470356641605033,0.8059542592626354,33.470123,119.893393,846729.956635,1844,336,426,60.0,120.0
60,2021-08-23 09:26:57.051482,can_tapper13,"rgb(166,86,40)",505.0,460.0,512.0,8.91089108910891,96.25,100.0,9.834447114534584,1315,19.65,0.0,471.0,471.0,0.895847,-6.547445255474453,13.0,2.396071,0.009554140127388535,0.009554140127388535,0.011040339702760084,3.0425963488843815,0.8781765868532921,1.2400000000001938,2.892719705486028,0.6347715848435964,29.323052,119.992819,3025953.114856,1792,322,361,60.0,120.0
61,2021-08-30 14:20:01.555039,can_tapper13,"rgb(247,129,191)",500.0,464.0,503.0,7.199999999999999,90.0,93.75,6.410116938608708,532,15.5,0.0,450.0,450.0,1.112,,,,0.006888888888888889,0.008,0.007555555555555557,4.878048780487805,0.7832466112103209,0.020000000000003126,0.42293551131711177,0.7814126271139479,13.662219,1.613851,622384.503557,188,32,31,60.0,120.0
62,2021-09-02 09:08:55.423469,can_tapper13,"rgb(153,153,153)",496.0,441.0,499.0,11.088709677419354,78.00000000000004,87.00000000000001,8.346735167624452,1049,17.975,10.0,270.0,260.0,1.201167,-35.07744107744108,12.0,2.19949,0.012307692307692308,0.02115384615384616,0.013461538461538462,14.285714285714286,0.49525642784277746,1.0000000000001563,3.678623825607137,0.8066230519690523,23.987953,119.842658,240533.86843,1728,340,403,60.0,120.0
63,2021-09-08 10:36:40.246404,can_tapper13,"rgb(228,26,28)",491.0,428.0,494.0,12.830957230142568,66.25000000000003,73.16666666666671,2.5882589281148163,1500,18.7125,0.0,397.0,397.0,1.135543,-29.845132743362832,458.0,2.133355,0.008564231738035263,0.015869017632241814,0.009319899244332493,17.419354838709676,0.5744201105537171,1.0000000000001563,119.99999999999996,0.6917715710059044,59.859557,119.999123,523664.822935,2121,298,313,60.0,120.0
64,2021-09-08 10:37:41.415349,can_tapper13,"rgb(55,126,184)",487.0,439.0,490.0,9.856262833675565,58.21428571428571,64.46428571428574,3.4300104133376057,1500,19.008333333333333,0.0,458.0,458.0,1.084279,-58.014749262536874,27.0,2.584288,0.007860262008733625,0.010480349344978166,0.00851528384279476,11.208791208791208,1.082373696291805,1.0000000000001563,2.565174071178317,0.9021949532754024,59.77404,119.845409,61.168945,2118,422,460,60.0,120.0
65,2021-09-08 14:00:37.203958,can_tapper13,"rgb(77,175,74)",501.0,447.0,503.0,10.778443113772456,89.50000000000001,93.75,0.39200017422208094,1500,20.791666666666668,18.5,304.0,285.5,1.216224,-42.275735294117645,24.0,2.219431,0.010507880910683012,0.01891418563922942,0.011208406304728547,9.409190371991247,0.6055118486898103,1.0200000000001594,2.892719705486028,0.23340160481253003,59.993911,119.862874,12175.788609,2160,326,323,60.0,120.0
66,2021-09-09 07:28:54.773829,can_tapper13,"rgb(152,78,163)",491.0,441.0,495.0,10.183299389002038,66.25000000000003,75.58333333333339,0.2371201053864487,1500,20.525,0.0,430.0,430.0,1.028223,-42.14520547945205,19.0,2.025753,0.008604651162790699,0.011627906976744186,0.009534883720930233,13.978494623655914,1.4567836136732109,1.0000000000001563,3.470356641605033,0.8659001490721429,59.990426,119.811099,62897.569871,2158,432,438,60.0,120.0
67,2021-09-09 11:20:23.596550,can_tapper13,"rgb(255,127,0)",498.0,465.0,498.0,6.626506024096386,84.00000000000003,84.58333333333334,1.175378300168044,1500,22.7,0.0,462.0,462.0,0.758426,-86.00824175824175,15.0,2.256019,0.002380952380952381,0.007142857142857143,0.0025974025974025974,3.673469387755102,0.6742710526640632,0.5200000000000813,2.7289468883321724,0.7316956058858991,59.864899,119.988999,13888.822721,2159,431,566,60.0,120.0
68,2021-09-09 12:13:10.867663,can_tapper13,"rgb(255,255,51)",503.0,459.0,504.0,8.747514910536779,93.75,95.0,2.9232752156300525e-13,1500,24.275,16.0,499.0,483.0,0.654025,-67.13357400722022,11.0,2.153423,0.007246376811594204,0.009109730848861283,0.007453416149068323,9.623430962343097,0.7481726314232887,1.0000000000001563,2.565174071178317,0.8205572137475182,59.986025,119.981669,3167.271113,2159,323,577,60.0,120.0
69,2021-09-09 13:22:46.087447,can_tapper13,"rgb(166,86,40)",510.0,469.0,511.0,8.03921568627451,98.75,100.0,2.2268158053650222e-13,1500,25.7,5.5,496.0,490.5,0.630776,-44.2029520295203,4.0,2.129377,0.007339449541284404,0.00835881753312946,0.007543323139653415,6.122448979591836,0.8458908512862897,0.7600000000001188,2.7289468883321724,0.7685541968055307,59.932124,119.946773,4175.219784,2160,350,530,60.0,120.0
70,2021-09-13 08:59:14.424640,can_tapper13,"rgb(247,129,191)",498.0,456.0,500.0,8.433734939759036,84.58333333333334,90.0,6.204253804837406,1139,17.25,0.0,453.0,453.0,0.821111,-19.18849840255591,12.0,3.328475,0.005298013245033113,0.009271523178807948,0.005298013245033113,6.2761506276150625,0.8096547126760116,1.260000000000197,4.148345232772487,0.7437139376336883,25.805503,119.808464,329788.337193,1749,393,289,60.0,120.0
71,2021-09-13 10:17:57.523517,can_tapper13,"rgb(153,153,153)",494.0,449.0,496.0,9.109311740890687,73.50000000000004,78.00000000000004,0.05443557974910117,1500,15.3,16.5,340.0,323.5,1.289861,-37.114285714285714,17.0,2.986925,0.012673879443585782,0.013910355486862442,0.013292117465224112,2.904564315352697,0.642423165271908,1.0200000000001594,2.27471676670449,0.7109357294928037,59.781343,119.998607,4723.098877,2158,394,436,60.0,120.0
72,2021-09-15 08:10:22.486233,can_tapper13,"rgb(228,26,28)",499.0,457.0,499.0,8.41683366733467,87.00000000000001,87.00000000000001,1.0422085960108515e-12,252,17.90833333333333,1.0,411.0,410.0,1.017955,-30.79858657243816,90.0,2.018792,0.005121951219512195,0.01024390243902439,0.005121951219512195,5.732484076433121,0.6185844657475996,0.7600000000001188,3.470356641605033,0.7516461283642819,8.053061,119.981722,165144.962716,1536,297,316,60.0,120.0
73,2021-09-16 14:52:48.413285,can_tapper13,"rgb(55,126,184)",491.0,443.0,495.0,9.775967413441954,66.25000000000003,75.58333333333339,3.4459659759841803,1500,17.43,0.0,463.0,463.0,1.043244,-22.87702265372168,33.0,2.039692,0.008207343412526998,0.010367170626349892,0.009071274298056157,2.857142857142857,0.6802297617308743,1.0000000000001563,3.470356641605033,0.37516931908800966,59.939425,119.868169,110545.927052,2160,400,379,60.0,120.0
74,2021-09-16 15:02:06.704161,can_tapper13,"rgb(77,175,74)",494.0,450.0,496.0,8.906882591093117,73.16666666666671,78.00000000000004,1.0018493341548826,1500,17.415,18.0,297.0,279.0,1.36038,-29.862595419847327,19.0,2.956226,0.011827956989247313,0.015770609318996417,0.012544802867383513,5.241090146750524,1.14730676559294,1.0000000000001563,2.145932504474109,0.7267987331555807,59.914249,119.946547,558.290876,2121,356,375,60.0,120.0
75,2021-09-16 15:09:56.237735,can_tapper13,"rgb(152,78,163)",495.0,441.0,499.0,10.909090909090908,75.58333333333339,87.00000000000001,1.5200806755910414,1500,17.48333333333333,17.0,332.0,315.0,1.276001,-26.235294117647058,18.0,2.372833,0.01142857142857143,0.017142857142857144,0.012698412698412698,9.168443496801705,1.162271508901602,1.0000000000001563,2.0171482422437275,0.7363606289225862,59.988254,119.981938,469.533574,2159,389,609,60.0,120.0
76,2021-09-16 18:33:29.208194,can_tapper13,"rgb(255,127,0)",507.0,459.0,508.0,9.467455621301776,98.75,100.0,3.6828994146213474,1500,20.025,12.0,492.0,480.0,1.018713,-35.55691056910569,14.0,2.018096,0.009166666666666667,0.01,0.009375000000000001,6.2761506276150625,1.2022347084736622,1.0000000000001563,2.892719705486028,0.4619304858194234,59.99081,119.962692,12212.970459,2159,339,528,60.0,120.0
77,2021-09-20 08:46:11.839606,can_tapper13,"rgb(255,255,51)",460.0,357.0,,22.39130434782609,55.0,,,0,12.875,86.0,370.0,284.0,1.030699,-2.230392156862745,177.0,2.028724,0.032746478873239435,0.03626760563380282,,34.23180592991914,8.288806489766046,2.520000000000394,36.34246900296517,0.7825521473469287,2.990891,119.835078,310362.631412,1476,212,409,60.0,120.0
78,2021-09-20 10:27:20.648032,can_tapper13,"rgb(166,86,40)",474.0,339.0,483.0,28.48101265822785,41.56249999999999,51.20535714285712,6.728474101542944,1500,27.26666666666667,0.0,495.0,495.0,0.480794,-74.86530612244898,20.0,2.07375,0.021010101010101007,0.027272727272727275,0.022828282828282826,49.494949494949495,7.893014098401888,1.7600000000002751,1.7887444673306678,0.9030255519778174,59.883678,119.939204,6068.808426,2157,264,476,60.0,120.0
79,2021-09-21 07:42:30.238587,can_tapper13,"rgb(247,129,191)",483.0,367.0,485.0,24.016563146997928,55.0,55.0,14.402706764428943,294,19.9,0.0,358.0,358.0,1.40865,-57.38116591928251,83.0,2.008573,0.021508379888268155,0.0324022346368715,0.02206703910614525,59.48051948051948,13.262686802246732,1.5000000000002345,3.2856717655465824,0.9097351202967421,8.896055,119.923447,76509.590555,3096,490,571,60.0,120.0
80,2021-09-21 07:42:30.238587,can_tapper13,"rgb(153,153,153)",483.0,367.0,485.0,24.016563146997928,55.0,55.0,14.402706764428943,294,19.9,0.0,358.0,358.0,1.40865,-57.38116591928251,83.0,2.008573,0.021508379888268155,0.0324022346368715,0.02206703910614525,59.48051948051948,13.262686802246732,1.5000000000002345,3.2856717655465824,0.9097351202967421,8.896055,119.923447,0.0,3096,490,571,60.0,120.0
81,2021-09-21 10:28:36.082598,can_tapper13,"rgb(228,26,28)",499.0,446.0,501.0,10.62124248496994,87.00000000000001,89.50000000000001,0.9255559669130495,1500,32.6,0.0,419.0,419.0,0.819197,-83.80566801619433,9.0,2.31968,0.005727923627684964,0.012649164677804296,0.006205250596658711,11.894273127753303,2.1880227602157927,0.7600000000001188,4.711863641406706,0.9142297749019858,59.980324,119.880925,9965.844011,2160,388,454,60.0,120.0
82,2021-09-21 10:37:21.948696,can_tapper13,"rgb(55,126,184)",506.0,445.0,506.0,12.055335968379447,97.5,97.5,0.4111557382907257,1500,24.833333333333336,0.0,500.0,500.0,0.650127,-38.39664804469274,80.0,2.053113,0.0086,0.012199999999999999,0.0086,10.838445807770961,2.29887561968996,1.2400000000001938,119.99999999999996,0.47003702920389356,59.915474,119.969876,525.866098,2158,307,330,60.0,120.0
83,2021-09-21 10:51:49.663323,can_tapper13,"rgb(77,175,74)",502.0,461.0,503.0,8.167330677290837,92.5,93.75,4.89823328810289,1500,32.666666666666664,0.0,290.0,290.0,0.973744,-73.6491935483871,2.0,2.968969,0.01,0.01413793103448276,0.010344827586206896,8.668076109936575,1.8402886396829277,1.0000000000001563,3.678623825607137,0.9254459158955175,59.90568,119.935333,867.714627,2159,324,591,60.0,120.0
84,2021-09-21 11:38:34.193382,can_tapper13,"rgb(152,78,163)",517.0,517.0,518.0,0.0,100.0,100.0,1.2423033183411936e-12,187,33.6,0.0,-5.0,5.0,0.216389,-4.433628318584071,-3.0,,,,0.02,0.9671179883945842,0.5802707930367506,0.020000000000003126,51.74336368726529,0.079822797881133,59.83721,119.049646,2804.530059,1560,123,417,60.0,120.0
85,2021-09-22 11:47:04.727492,can_tapper13,"rgb(255,127,0)",493.0,447.0,493.0,9.330628803245435,71.08333333333337,71.08333333333337,17.465471319424108,407,15.95,0.0,475.0,475.0,0.519175,-20.243150684931507,25.0,2.021024,0.008,0.00968421052631579,0.008,7.6923076923076925,1.8548096250240442,1.0000000000001563,5.612187333395914,0.7876291078810143,11.148795,119.934644,86910.53411,1575,311,475,60.0,120.0
86,2021-09-28 11:40:12.864926,can_tapper13,"rgb(255,255,51)",499.0,452.0,502.0,9.418837675350701,87.00000000000001,92.5,3.467847518804896,1217,15.75,8.0,281.0,273.0,1.027144,-17.477815699658702,10.0,2.126556,0.01391941391941392,0.017216117216117217,0.01501831501831502,13.513513513513514,0.6618559920844314,1.0000000000001563,5.948992616750902,0.5796990706973398,27.356656,119.979324,517988.137434,1770,340,336,60.0,120.0
87,2021-09-28 12:16:07.066620,can_tapper13,"rgb(166,86,40)",498.0,448.0,499.0,10.040160642570282,84.00000000000003,87.00000000000001,8.843540243896139e-14,1500,18.29,0.0,318.0,318.0,1.290455,-31.58582089552239,16.0,2.478293,0.011320754716981131,0.015723270440251572,0.011635220125786163,7.7894736842105265,1.2263479822341457,1.0000000000001563,2.565174071178317,0.7071637917117366,59.995121,119.956459,2154.201694,2160,370,322,60.0,120.0
88,2021-09-28 12:22:21.251312,can_tapper13,"rgb(247,129,191)",510.0,459.0,513.0,10.0,100.0,100.0,2.3420632631385896,1500,18.317857142857143,12.0,332.0,320.0,1.234696,-22.274509803921568,12.0,3.432358,0.0125,0.0159375,0.013437499999999998,12.989690721649485,1.2009945630845063,1.0000000000001563,7.240114424554271,0.3501676389970979,59.91897,119.902855,374.184692,2159,451,378,60.0,120.0
89,2021-10-26 08:45:18.598375,can_tapper13,"rgb(153,153,153)",503.0,453.0,506.0,9.940357852882704,93.75,97.5,0.39200017422202055,1500,11.033333333333335,17.0,474.0,457.0,1.019218,-16.055194805194805,52.0,2.111249,0.00962800875273523,0.010940919037199124,0.010284463894967177,3.673469387755102,0.6731998862071156,1.5000000000002345,3.678623825607137,0.7255807726271359,59.989527,119.822353,2406177.347063,2160,365,356,60.0,120.0
90,2021-10-26 14:36:34.758230,can_tapper13,"rgb(228,26,28)",506.0,474.0,506.0,6.324110671936759,97.5,97.5,23.421343559922136,312,,0.0,445.0,445.0,0.81445,-6.747330960854092,12.0,2.316249,0.0035955056179775282,0.0071910112359550565,0.0035955056179775282,2.904564315352697,0.5692513193120483,0.5000000000000782,15.317073023401225,0.33979902892666647,9.261766,119.826817,21076.159855,1551,304,318,60.0,120.0
91,2021-10-28 10:08:10.580121,can_tapper13,"rgb(55,126,184)",502.0,452.0,502.0,9.9601593625498,92.5,92.5,2.067352029933875,1500,11.190000000000001,0.0,473.0,473.0,0.462303,-21.48895899053628,8.0,2.060385,0.006342494714587738,0.010570824524312896,0.006342494714587738,15.126050420168067,1.2877084722404466,1.0000000000001563,3.2620894576029285,0.6977197079976077,59.997218,119.870283,156695.821891,2160,439,420,60.0,120.0
92,2021-10-28 10:56:41.364260,can_tapper13,"rgb(77,175,74)",498.0,498.0,496.0,0.0,84.00000000000003,78.00000000000004,3.3536637127387428,1500,11.3,0.0,20.0,20.0,1.972601,-26.533333333333335,404.0,2.370907,,,,0.40160642570281124,0.40160642570281113,0.020000000000003126,22.311464047271706,0.6588286474496647,59.898294,119.967102,2910.784139,2160,358,370,60.0,120.0
93,2021-10-28 10:56:56.487942,can_tapper13,"rgb(152,78,163)",498.0,468.0,498.0,6.024096385542169,84.00000000000003,84.00000000000003,5.825184811192301,1500,9.5,20.0,404.0,384.0,1.050424,-34.013888888888886,15.0,2.053271,0.007031249999999999,0.007812499999999999,0.007031249999999999,5.979381443298969,0.7729781538766868,0.5000000000000782,2.27471676670449,0.6333797350310622,59.991699,119.848026,15.123682,2158,391,394,60.0,120.0
94,2021-10-28 11:33:32.898859,can_tapper13,"rgb(255,127,0)",498.0,459.0,498.0,7.83132530120482,84.00000000000003,84.00000000000003,8.929879524389873,1500,13.65,21.0,223.0,202.0,1.13498,-35.35451505016722,15.0,2.124821,0.013366336633663368,0.01930693069306931,0.013366336633663368,5.932203389830509,0.8579523648555679,0.5000000000000782,2.0171482422437275,0.6115782440367152,59.902824,119.922826,2196.410917,2158,377,466,60.0,120.0
95,2021-10-28 13:07:26.543935,can_tapper13,"rgb(255,255,51)",495.0,458.0,494.0,7.474747474747474,75.58333333333339,73.16666666666671,8.86051060466994,1500,13.5,0.0,231.0,231.0,1.094726,-67.98283261802575,17.0,2.591478,0.009956709956709955,0.016017316017316017,0.009523809523809523,4.722792607802875,0.5884897460449595,0.5000000000000782,2.892719705486028,0.674221213704175,59.904222,119.942077,5633.645076,1941,313,487,60.0,120.0
96,2021-10-28 13:55:07.959508,can_tapper13,"rgb(166,86,40)",494.0,466.0,494.0,5.668016194331984,73.16666666666671,73.16666666666671,8.843540243896139e-14,1500,13.05,0.0,438.0,438.0,0.787519,-74.25563909774436,18.0,2.281887,0.00639269406392694,0.00639269406392694,0.00639269406392694,1.4553014553014554,0.5107745527057063,0.5000000000000782,4.148345232772487,0.53286636703008,59.912859,119.974469,2861.415573,2160,335,389,60.0,120.0
97,2021-10-28 14:15:33.723999,can_tapper13,"rgb(247,129,191)",499.0,465.0,503.0,6.813627254509018,87.00000000000001,93.75,10.008777781677294,1500,14.975,15.0,297.0,282.0,1.058945,-59.04964539007092,41.0,2.053147,0.008865248226950354,0.012056737588652482,0.010283687943262412,6.444906444906445,0.8457741425634775,0.5000000000000782,19.78511397269046,0.6772059615580228,59.964593,119.992689,1225.764491,2160,371,377,60.0,120.0
98,2021-10-29 07:59:17.563086,can_tapper13,"rgb(153,153,153)",507.0,448.0,507.0,11.637080867850099,98.75,98.75,1.496845109709112,1500,13.8,17.0,490.0,473.0,1.032422,-14.17142857142857,21.0,2.03188,0.007399577167019028,0.012473572938689217,0.007399577167019028,13.559322033898304,2.0295882292886054,1.0000000000001563,6.708616137836345,0.5500101646012394,59.962714,119.913866,63823.839087,2160,417,796,60.0,120.0
99,2021-10-29 08:04:32.994815,can_tapper13,"rgb(228,26,28)",530.0,475.0,586.0,10.377358490566039,100.0,100.0,42.168143185834914,1500,13.76875,13.5,317.0,303.5,1.23573,-7.695035460992908,18.0,2.235181,0.012520593080724876,0.01812191103789127,0.03097199341021417,13.385826771653543,0.7411393864352219,1.0000000000001563,13.796534727134544,0.20775439012564922,59.978522,119.906362,315.431729,2160,429,605,60.0,120.0
100,2021-10-29 13:58:12.195637,can_tapper13,"rgb(55,126,184)",503.0,452.0,506.0,10.139165009940358,93.75,97.5,0.22604454490857853,1500,15.433333333333334,0.0,497.0,497.0,0.435423,-15.03103448275862,52.0,2.034337,0.004024144869215292,0.010261569416498995,0.004627766599597586,6.437768240343348,1.9907165409746606,1.5000000000002345,4.67804510221319,0.5902498289599785,59.922488,119.935646,21219.200822,2160,400,765,60.0,120.0
101,2021-11-09 09:46:02.011194,can_tapper13,"rgb(77,175,74)",499.0,463.0,,7.214428857715431,87.00000000000001,,,0,5.633333333333334,0.0,467.0,467.0,0.867119,-6.364161849710983,13.0,2.267114,0.005781584582441114,0.007708779443254818,,5.084745762711864,0.7612698951283885,0.7400000000001157,4.420856161118465,0.5245486262400569,1.39279,119.973946,935269.815557,1458,357,433,60.0,120.0
102,2021-12-14 09:56:30.745754,can_tapper13,"rgb(152,78,163)",505.0,464.0,,8.118811881188119,96.25,,,0,6.8,14.0,243.0,229.0,1.017272,-3.8475836431226766,11.0,2.11891,0.01353711790393013,0.017903930131004366,,7.070707070707071,1.2879425213667697,1.0000000000001563,15.317073023401225,0.4437698239006417,1.899206,119.934986,3024628.73456,1464,274,445,60.0,120.0
103,2021-12-14 12:13:20.029482,can_tapper13,"rgb(255,127,0)",494.0,432.0,499.0,12.550607287449392,73.16666666666671,87.00000000000001,3.3948103976926975,1500,8.616666666666667,0.0,478.0,478.0,0.434019,-10.128526645768025,22.0,2.03038,0.007740585774058577,0.012970711297071131,0.008786610878661087,14.223194748358862,2.244643538319841,1.5000000000002345,13.582705054851521,0.6546871162413285,59.95185,119.884546,8209.283728,2160,408,376,60.0,120.0
104,2021-12-14 20:22:47.226863,can_tapper13,"rgb(255,255,51)",499.0,468.0,502.0,6.212424849699398,87.00000000000001,92.5,1.1098010160827789e-12,282,7.575,15.0,326.0,311.0,0.92275,-7.846590909090909,26.0,2.018625,0.006430868167202572,0.009967845659163987,0.007395498392282958,4.722792607802875,0.8949969133558524,0.7600000000001188,4.178334463910163,0.30124217298372236,8.646712,73.402025,29367.197381,987,190,181,60.0,120.0
105,2021-12-15 07:33:21.742856,can_tapper13,"rgb(166,86,40)",502.0,471.0,,6.175298804780876,92.5,,,0,12.3,0.0,373.0,373.0,1.121336,-7.890909090909091,96.0,2.026249,0.0069705093833780166,0.008310991957104559,,4.065040650406504,0.8816095186939059,0.5000000000000782,6.4203088045512136,0.7149473887907491,1.726578,119.826581,40234.515993,1421,338,285,60.0,120.0
106,2021-12-15 15:53:30.635499,can_tapper13,"rgb(247,129,191)",502.0,467.0,,6.97211155378486,92.5,,,0,11.3,0.0,246.0,246.0,1.036843,-10.822393822393822,91.0,2.036803,0.01056910569105691,0.014227642276422764,,5.882352941176471,0.5734392986924873,1.0000000000001563,5.313518859482047,0.564825171583005,0.625648,88.700724,30008.892643,1074,263,193,60.0,120.0
107,2021-12-16 07:26:45.632048,can_tapper13,"rgb(153,153,153)",499.0,451.0,502.0,9.619238476953909,87.00000000000001,92.5,1.5388481446977042e-12,202,14.669999999999998,0.0,396.0,396.0,0.920375,-13.764505119453926,14.0,2.015464,0.0073232323232323236,0.01212121212121212,0.00808080808080808,15.126050420168067,1.6971313736011437,1.260000000000197,5.428480685304416,0.7927789833715879,7.052853,119.985222,55994.996549,1525,316,384,60.0,120.0
108,2021-12-16 07:42:05.444694,can_tapper13,"rgb(228,26,28)",507.0,468.0,,7.6923076923076925,98.75,,,0,14.666666666666668,14.0,315.0,301.0,0.917266,-11.04601226993865,10.0,2.014563,0.010963455149501661,0.012956810631229236,,7.44466800804829,1.5366469179673736,1.0000000000001563,6.604640667285415,0.7025612519555473,2.850376,119.981431,919.812646,1476,336,332,60.0,120.0
109,2021-12-17 08:26:47.454163,can_tapper13,"rgb(55,126,184)",502.0,462.0,502.0,7.968127490039841,92.5,92.5,2.9063789787848612e-12,55,17.075,0.0,471.0,471.0,0.414825,-17.10544217687075,13.0,2.016326,0.0044585987261146496,0.008492569002123142,0.0044585987261146496,4.273504273504273,1.6518285806313067,1.0000000000001563,4.0840508777634765,0.8129033583844707,4.107694,119.968729,89082.009469,1491,307,342,60.0,120.0
110,2021-12-17 09:14:41.522580,can_tapper13,"rgb(77,175,74)",498.0,443.0,499.0,11.04417670682731,84.00000000000003,87.00000000000001,1.0320093475597507,1500,17.133333333333333,17.0,389.0,372.0,1.078145,22.153846153846153,143.0,2.079356,0.011559139784946236,0.01478494623655914,0.011827956989247313,8.423326133909287,0.9125776050163327,1.260000000000197,1.1060894573843554,0.9132066172102988,59.811399,10.017338,2874.068417,840,106,215,60.0,120.0
111,2022-01-06 14:26:33.731642,can_tapper13,"rgb(152,78,163)",494.0,456.0,498.0,7.6923076923076925,73.16666666666671,84.00000000000003,5.9474974200695625,1232,14.533333333333335,0.0,459.0,459.0,0.817006,-28.874074074074073,43.0,2.315097,0.006753812636165578,0.008278867102396514,0.007625272331154684,8.280254777070065,0.5117316750482339,0.5000000000000782,3.678623825607137,0.5025023783018718,27.658293,111.413795,1746712.209062,1671,325,338,60.0,120.0
112,2022-01-10 16:02:20.474086,can_tapper13,"rgb(255,127,0)",491.0,451.0,492.0,8.146639511201629,66.25000000000003,68.33333333333339,2.6635211837865453,1500,16.875,0.0,307.0,307.0,1.42607,-34.278810408921935,18.0,2.019595,0.008794788273615637,0.013029315960912053,0.009120521172638438,6.183368869936034,1.7044878317171532,1.5000000000002345,5.9919990939386345,0.855784687488848,59.849753,110.736294,351346.742444,2049,370,396,60.0,120.0
113,2022-01-12 08:49:08.423873,can_tapper13,"rgb(255,255,51)",494.0,459.0,495.0,7.08502024291498,73.16666666666671,75.58333333333339,4.965797676103876e-13,154,16.96666666666667,0.0,235.0,235.0,1.02816,-31.696774193548386,88.0,2.032098,0.013191489361702129,0.014893617021276598,0.013617021276595745,1.511879049676026,0.6213319171350774,0.5000000000000782,4.148345232772487,0.8236946053668105,6.086638,119.966493,146807.949787,1515,319,399,60.0,120.0
114,2022-01-12 08:57:12.645515,can_tapper13,"rgb(166,86,40)",510.0,458.0,514.0,10.196078431372548,100.0,100.0,0.1587200705425124,1500,17.0,0.0,381.0,381.0,1.0556,-29.219135802469136,147.0,2.159275,0.011286089238845144,0.013648293963254593,0.012335958005249344,7.6305220883534135,0.8618149695862405,1.5000000000002345,7.263827949859562,0.7564964963616836,59.903755,119.927724,484.221642,2160,411,367,60.0,120.0
115,2022-01-12 10:48:27.758596,can_tapper13,"rgb(247,129,191)",499.0,439.0,502.0,12.024048096192384,87.00000000000001,92.5,0.394889064394564,1500,15.4,0.0,326.0,326.0,0.431618,-25.496774193548386,19.0,2.032031,0.005521472392638037,0.018404907975460124,0.006441717791411042,14.838709677419354,2.195445589357054,1.5000000000002345,8.456191989790682,0.8317198235025456,59.905346,119.928623,6675.113081,2160,404,582,60.0,120.0
116,2022-01-12 13:00:46.574841,can_tapper13,"rgb(153,153,153)",491.0,440.0,492.0,10.386965376782078,66.25000000000003,68.33333333333339,4.382970836875163,1500,14.367500000000001,15.5,347.0,331.5,1.276071,-46.586750788643535,20.0,2.271126,0.009653092006033181,0.015384615384615385,0.009954751131221719,7.306889352818372,0.9739048476035315,1.0000000000001563,8.916461626484566,0.7141764212836728,59.966111,119.88902,7938.816245,2160,429,412,60.0,120.0
117,2022-01-12 13:20:15.036300,can_tapper13,"rgb(228,26,28)",510.0,469.0,510.0,8.03921568627451,100.0,100.0,2.1818871309320418e-13,659,12.1,0.0,484.0,484.0,0.525477,-31.3843537414966,7.0,2.033627,0.006818181818181819,0.00847107438016529,0.006818181818181819,4.40251572327044,1.046698132926074,1.0000000000001563,5.275382050040925,0.8074703294856846,16.198551,119.961994,1168.461459,1635,329,420,60.0,120.0
118,2022-01-12 13:31:10.861122,can_tapper13,"rgb(55,126,184)",506.0,468.0,506.0,7.5098814229249005,97.5,97.5,5.579566924251082,1500,12.15,14.0,475.0,461.0,0.729857,-29.964664310954063,11.0,2.231728,0.006724511930585684,0.00824295010845987,0.006724511930585684,9.572301425661914,0.5159216928325545,0.5000000000000782,11.561721022663074,0.8073295075114995,53.023305,119.874726,655.824822,2076,374,356,60.0,120.0
119,2022-01-12 13:59:43.864872,can_tapper13,"rgb(77,175,74)",499.0,462.0,500.0,7.414829659318638,87.00000000000001,90.0,1.6261962783091328,1500,14.375,15.0,325.0,310.0,0.467699,-23.071186440677966,22.0,2.068599,0.0029032258064516127,0.011935483870967743,0.0032258064516129032,4.878048780487805,1.1156531806687822,1.0000000000001563,1.6874737773196231,0.23252587433563965,59.876879,119.976323,1713.00375,2159,403,525,60.0,120.0
120,2022-01-12 14:02:16.031497,can_tapper13,"rgb(152,78,163)",507.0,458.0,513.0,9.664694280078894,98.75,100.0,4.75966433762752,1500,14.4,13.5,306.0,292.5,1.261873,-26.227272727272727,18.0,2.360525,0.012307692307692308,0.016752136752136753,0.01435897435897436,8.8659793814433,0.9125730095394576,1.0200000000001594,119.99999999999996,0.3075273860338502,59.973325,119.852488,152.166625,1533,245,405,60.0,120.0
121,2022-01-12 14:04:37.283915,can_tapper13,"rgb(255,127,0)",506.0,468.0,510.0,7.5098814229249005,97.5,100.0,6.516998451998311,1500,,13.0,326.0,313.0,1.217282,-29.151724137931033,86.0,2.218182,0.011501597444089457,0.012140575079872203,0.012779552715654952,1.2765957446808511,0.3318943019117755,1.0000000000001563,5.275382050040925,0.7910813098002719,49.937585,119.944232,141.252418,2040,350,420,60.0,120.0
122,2022-01-12 14:13:23.360717,can_tapper13,"rgb(255,255,51)",504.0,444.0,507.0,11.904761904761903,95.0,98.75,3.4802059912021877,1500,14.5,14.0,392.0,378.0,1.128106,-20.392996108949415,52.0,2.123677,0.008994708994708996,0.015873015873015876,0.009788359788359789,13.859275053304904,0.8190926733555495,1.0000000000001563,2.565174071178317,0.24452839322687903,59.809368,119.849374,526.076802,2117,346,442,60.0,120.0
123,2022-01-12 14:16:05.517517,can_tapper13,"rgb(166,86,40)",506.0,467.0,511.0,7.707509881422925,97.5,100.0,9.055995135996314,1500,14.516666666666666,15.0,367.0,352.0,0.441921,-29.604095563139932,53.0,2.040536,0.0014204545454545455,0.011079545454545457,0.0028409090909090914,3.252032520325203,1.090251809108285,1.0000000000001563,10.846585177098913,0.6544548390492231,59.882104,119.978202,162.1568,2120,385,423,60.0,120.0
124,2022-01-19 10:04:57.123760,can_tapper13,"rgb(247,129,191)",516.0,465.0,521.0,9.883720930232558,100.0,100.0,11.354830665579245,940,17.425,19.0,375.0,356.0,1.011938,-11.01497005988024,20.0,2.60362,0.014325842696629214,0.014325842696629214,0.015730337078651683,3.9665970772442587,0.8136292106889512,1.0000000000001563,8.53123623235764,0.2625925490008858,21.817651,119.986419,589731.606243,1703,376,595,60.0,120.0
125,2022-01-19 10:12:37.674143,can_tapper13,"rgb(153,153,153)",526.0,477.0,530.0,9.315589353612168,100.0,100.0,1.2093848262506737,157,17.384999999999998,18.0,330.0,312.0,1.22205,-9.355704697986576,303.0,5.930991,0.01442307692307692,0.015705128205128205,0.01570512820512821,3.8229376257545273,0.8862547977107933,1.0200000000001594,119.99999999999996,0.6247269463862384,6.151055,119.941913,460.550383,1476,314,511,60.0,120.0
126,2022-01-19 10:13:31.907469,can_tapper13,"rgb(228,26,28)",502.0,450.0,505.0,10.358565737051793,92.5,96.25,3.5716638096274926,1500,17.46666666666667,0.0,303.0,303.0,1.228476,-22.951219512195124,-5.0,,0.013861386138613863,0.017161716171617162,0.014851485148514853,12.863070539419088,0.869976798636066,1.0000000000001563,28.37311996486042,0.4375519156475356,59.884104,85.210725,54.233326,1704,373,597,60.0,120.0
127,2022-01-19 14:57:20.407447,can_tapper13,"rgb(55,126,184)",496.0,450.0,499.0,9.274193548387096,78.00000000000004,87.00000000000001,2.182498747776785,1500,17.741666666666667,0.0,335.0,335.0,1.073301,-27.653250773993808,31.0,2.076125,0.009253731343283583,0.01373134328358209,0.010149253731343283,1.935483870967742,0.5082600094483594,1.0000000000001563,2.7289468883321724,0.3609667152158639,59.884751,119.932892,17028.499978,2160,398,420,60.0,120.0
128,2022-01-20 07:30:59.549342,can_tapper13,"rgb(77,175,74)",503.0,448.0,506.0,10.934393638170974,93.75,97.5,0.6326669478515397,1500,17.565,0.0,370.0,370.0,1.231743,-15.253086419753087,151.0,2.224451,0.00837837837837838,0.014864864864864867,0.009189189189189189,9.368191721132897,0.3407375005665513,1.5000000000002345,7.565235559061503,0.4797882186521465,59.95182,119.906724,59619.141895,2160,455,656,60.0,120.0
129,2022-01-20 07:34:08.209757,can_tapper13,"rgb(152,78,163)",514.0,452.0,526.0,12.062256809338521,100.0,100.0,13.067908030179016,1500,17.475,0.0,375.0,375.0,1.0174,-12.711428571428572,24.0,2.212528,0.013066666666666666,0.016533333333333334,0.016266666666666665,15.74642126789366,0.7738094907956361,1.0000000000001563,7.7635385881625885,0.23891658789164372,59.78435,119.994603,188.660415,2158,484,466,60.0,120.0
130,2022-03-09 15:10:27.136950,can_tapper13,"rgb(255,127,0)",503.0,450.0,504.0,10.536779324055665,93.75,95.0,4.022401787733238,1500,16.975,16.0,416.0,400.0,0.491458,-16.047337278106507,23.0,3.087599,0.006000000000000002,0.013250000000000001,0.00625,12.681912681912682,1.2321761280994072,1.5000000000002345,113.20613814702082,0.3478458945856724,59.969392,119.810014,4174578.927193,2158,313,564,60.0,120.0
131,2022-03-09 15:15:44.668463,can_tapper13,"rgb(255,255,51)",503.0,446.0,505.0,11.332007952286283,93.75,96.25,0.0664444739751475,1500,16.965714285714284,0.0,487.0,487.0,1.078391,-23.29512893982808,44.0,2.072125,0.008829568788501028,0.011704312114989731,0.009240246406570842,13.191489361702128,1.1085341624811864,1.0200000000001594,1.9029463547871976,0.33254911698703904,59.994225,119.84762,317.531513,2159,396,718,60.0,120.0
132,2022-03-17 14:41:59.097218,can_tapper13,"rgb(166,86,40)",497.0,434.0,500.0,12.676056338028168,81.00000000000004,90.0,3.957617004655698,378,17.041666666666668,18.5,489.0,470.5,1.0113,-19.589442815249267,101.0,2.114171,0.010839532412327312,0.013390010626992561,0.011477151965993623,13.043478260869565,1.1092657594612034,1.5000000000002345,2.892719705486028,0.7770861740829274,10.573968,119.97965,689174.428755,1569,369,653,60.0,120.0
133,2022-03-18 07:36:04.977809,can_tapper13,"rgb(247,129,191)",494.0,429.0,497.0,13.157894736842104,73.16666666666671,81.00000000000004,19.09689232841876,365,16.066666666666666,18.0,397.0,379.0,1.01733,-14.326666666666666,146.0,2.023098,0.012401055408970978,0.01715039577836412,0.013192612137203167,12.087912087912088,0.9643170935873928,1.5000000000002345,2.892719705486028,0.7462015919487182,10.31807,119.980464,60845.880591,1566,331,669,60.0,120.0
134,2022-03-18 07:44:54.047660,can_tapper13,"rgb(153,153,153)",496.0,437.0,500.0,11.895161290322582,78.00000000000004,90.0,2.1914320850804536,1500,16.08409090909091,17.5,327.0,309.5,1.325715,-18.28253968253968,19.0,2.326448,0.0135702746365105,0.019063004846526656,0.014862681744749596,11.688311688311689,0.6456408125949008,1.0000000000001563,1.9029463547871976,0.7028933781859122,59.796922,119.821377,529.069851,2157,348,647,60.0,120.0
135,2022-03-18 07:50:36.090052,can_tapper13,"rgb(228,26,28)",510.0,448.0,517.0,12.156862745098039,100.0,100.0,6.37740727884713,1500,16.116666666666667,12.0,334.0,322.0,1.092404,-13.872340425531915,29.0,2.094126,0.015217391304347827,0.019254658385093167,0.017391304347826087,8.282828282828282,1.1609584536930329,1.0000000000001563,119.99999999999996,0.2685551830482704,59.974516,119.910987,342.042392,2160,335,604,60.0,120.0
136,2022-03-18 11:12:54.681004,can_tapper13,"rgb(55,126,184)",491.0,440.0,493.0,10.386965376782078,66.25000000000003,70.75000000000004,0.7293247685885447,1500,16.043333333333333,24.0,357.0,333.0,1.086581,-22.76384839650146,20.0,2.08267,0.010210210210210211,0.015315315315315315,0.010810810810810811,3.5398230088495577,0.8356815422157566,1.0000000000001563,2.892719705486028,0.7895104845236717,59.874654,119.981555,12138.590952,2160,459,816,60.0,120.0
137,2022-03-18 11:42:48.198379,can_tapper13,"rgb(77,175,74)",500.0,446.0,501.0,10.8,90.0,91.25,1.5564877305138433e-12,88,18.4,22.0,416.0,394.0,1.018251,-20.516339869281047,33.0,2.127894,0.013705583756345176,0.013705583756345176,0.013959390862944161,1.680672268907563,0.6938240018732423,1.5000000000002345,3.077404581544478,0.7932161919356384,4.767789,59.267039,1793.517375,771,169,386,60.0,120.0
138,2022-03-23 08:06:24.244276,can_tapper13,"rgb(152,78,163)",484.0,424.0,485.0,12.396694214876034,52.857142857142826,54.642857142857125,1.6822851921265587,1500,17.086666666666666,16.5,353.0,336.5,1.071283,-89.1827242524917,16.0,2.761169,0.013670133729569094,0.017830609212481426,0.013967310549777118,11.648351648351648,1.4519733457422976,1.0000000000001563,3.077404581544478,0.8192155663976844,59.990125,119.945081,419016.045897,2160,422,936,60.0,120.0
139,2022-03-23 08:57:10.626890,can_tapper13,"rgb(255,127,0)",506.0,448.0,508.0,11.462450592885375,97.5,100.0,3.7395927731517316,1500,18.95,14.0,416.0,402.0,1.024451,-5.037878787878788,20.0,2.027469,0.007960199004975126,0.014427860696517414,0.008457711442786071,13.375796178343949,1.5212234159782554,1.0000000000001563,28.37311996486042,0.22781613453638705,59.913,119.925117,3046.382614,2160,368,522,60.0,120.0
140,2022-03-23 13:14:55.110414,can_tapper13,"rgb(255,255,51)",500.0,439.0,501.0,12.2,90.0,91.25,1.330702813646071,1500,20.675,0.0,488.0,488.0,0.437393,-36.67955801104972,35.0,2.039147,0.004098360655737705,0.0125,0.00430327868852459,13.606911447084233,1.9139099431467406,1.0000000000001563,2.892719705486028,0.8150524097464567,59.903427,63.172644,15464.483524,1479,288,527,60.0,120.0
141,2022-03-23 13:55:41.043871,can_tapper13,"rgb(166,86,40)",501.0,466.0,501.0,6.986027944111776,91.25,91.25,3.6775939610387423,994,20.3,0.0,460.0,460.0,0.51683,-47.609756097560975,15.0,2.018586,0.006739130434782609,0.0076086956521739125,0.006739130434782609,5.811623246492986,1.480019294896619,0.5000000000000782,3.9134845291898115,0.8350418861859871,22.90195,14.63581,2445.933457,452,83,100,60.0,120.0
142,2022-03-23 15:12:18.626737,can_tapper13,"rgb(247,129,191)",497.0,450.0,497.0,9.456740442655935,81.00000000000004,81.00000000000004,1.5208084641699766e-13,520,17.8,0.0,407.0,407.0,1.018844,-46.83818770226537,58.0,2.121475,0.009336609336609337,0.011547911547911547,0.009336609336609337,3.0303030303030303,0.9757136998811506,1.2400000000001938,3.470356641605033,0.8593241953374382,13.422383,100.630197,4597.582866,1371,340,405,60.0,120.0
143,2022-03-24 11:01:20.931160,can_tapper13,"rgb(153,153,153)",500.0,455.0,501.0,9.0,90.0,91.25,3.1988547550458173,1500,21.0,18.0,312.0,294.0,1.419093,-18.72108843537415,165.0,2.019021,0.01326530612244898,0.015306122448979591,0.013605442176870748,8.523908523908524,0.6681401692612391,1.0000000000001563,3.2620894576029285,0.7181902247380894,59.959282,119.860322,71342.304423,2160,401,650,60.0,120.0
144,2022-03-24 14:16:27.039215,can_tapper13,"rgb(228,26,28)",499.0,428.0,500.0,14.228456913827655,87.00000000000001,90.0,1.5431562414027558,1500,18.34107142857143,16.0,480.0,464.0,0.499507,-40.146596858638745,16.0,2.00767,0.008620689655172414,0.015301724137931034,0.008836206896551723,21.0412147505423,1.9276742301055454,1.0000000000001563,2.892719705486028,0.3292453797034308,59.963263,119.943386,11706.108055,1697,300,558,60.0,120.0
145,2022-03-24 15:23:07.356561,can_tapper13,"rgb(55,126,184)",499.0,454.0,501.0,9.01803607214429,87.00000000000001,91.25,2.6392189507635764,1500,18.45,0.0,119.0,119.0,0.504295,48.191489361702125,499.0,2.005764,0.0008403361344537816,0.03781512605042017,0.0016806722689075631,5.531914893617022,0.5729259108864245,8.260000000001298,8.53123623235764,0.8743593876489324,59.141674,103.471424,4000.317346,1953,356,910,60.0,120.0
146,2022-03-24 15:26:29.732973,can_tapper13,"rgb(77,175,74)",500.0,456.0,501.0,8.799999999999999,90.0,91.25,8.30417710720865e-13,124,18.5125,0.0,341.0,341.0,1.120551,-7.76,144.0,2.126594,0.0093841642228739,0.012903225806451615,0.00967741935483871,8.016877637130802,0.5621832193935257,1.0000000000001563,119.99999999999996,0.17311816532175817,5.502737,57.769446,202.376412,760,115,179,60.0,120.0
147,2022-03-25 08:26:12.799964,can_tapper13,"rgb(152,78,163)",491.5,450.0,492.0,8.44354018311292,67.2916666666667,68.33333333333339,0.9765959895978795,1500,17.48333333333333,0.0,375.0,375.0,0.5222,-8.633561643835616,32.0,2.02525,0.0025333333333333336,0.011066666666666666,0.002666666666666667,5.627705627705628,1.0597296754929866,1.0000000000001563,25.160402341872658,0.3124097343802349,59.942201,119.959898,61183.066991,2159,455,708,60.0,120.0
148,2022-03-25 13:21:16.820113,can_tapper13,"rgb(255,127,0)",494.0,463.0,496.0,6.275303643724696,73.16666666666671,78.00000000000004,11.186111210184372,529,15.15,0.0,335.0,335.0,0.925054,6.1602209944751385,40.0,4.520896,0.007462686567164178,0.009253731343283582,0.008059701492537314,4.329896907216495,0.9199010400047632,0.5000000000000782,1.1060894573843554,0.4589661736841525,13.606083,119.946904,17704.020149,1605,208,62,60.0,120.0
149,2022-03-25 13:24:25.939417,can_tapper13,"rgb(255,255,51)",488.0,444.0,489.0,9.01639344262295,60.0,62.08333333333334,1.1988449772644616,1500,17.5,17.0,329.0,312.0,1.251873,-76.05172413793103,-61.0,,0.010256410256410256,0.014102564102564103,0.010576923076923076,7.488986784140969,1.0448057596375264,1.0000000000001563,1.1140856029641384,0.7720628032010828,59.958149,119.91365,189.119304,2160,407,625,60.0,120.0
150,2022-03-25 13:33:04.629037,can_tapper13,"rgb(166,86,40)",509.0,460.0,512.0,9.62671905697446,100.0,100.0,4.812037694238109,1500,17.73,5.0,497.0,492.0,0.509022,-65.74264705882354,78.0,2.028851,0.005081300813008129,0.009959349593495934,0.005691056910569104,13.223140495867769,1.3645393378836606,0.5000000000000782,2.892719705486028,0.8137657183016438,47.404257,119.966282,518.68962,2008,377,537,60.0,120.0
151,2022-03-25 13:38:33.413191,can_tapper13,"rgb(247,129,191)",513.0,482.0,517.0,6.042884990253411,100.0,100.0,9.354853028825154,1096,17.85833333333333,5.5,398.0,392.5,0.832647,-47.40466926070039,405.0,2.235775,0.007898089171974522,0.007898089171974522,0.008917197452229299,1.1952191235059761,0.36258108831033475,0.7400000000001157,119.99999999999996,0.25039411375378706,24.946149,119.876266,328.784154,1740,309,410,60.0,120.0
152,2022-03-25 13:39:34.639914,can_tapper13,"rgb(153,153,153)",509.0,457.0,513.0,10.216110019646365,100.0,100.0,6.0351671267397835,1500,17.83833333333333,13.0,405.0,392.0,1.137836,-52.34355828220859,39.0,2.235387,0.01173469387755102,0.013265306122448979,0.012755102040816327,11.434511434511435,1.2977848096623803,1.5000000000002345,1.5862030873085784,0.19225936609883443,59.895406,119.945344,61.226723,2160,421,482,60.0,120.0
153,2022-03-25 13:43:04.823433,can_tapper13,"rgb(228,26,28)",506.0,432.0,508.0,14.624505928853754,97.5,100.0,3.0736724771874036,1500,18.071666666666665,14.0,475.0,461.0,0.41702,-60.24761904761905,17.0,2.015311,0.00911062906724512,0.016052060737527116,0.009544468546637744,22.5531914893617,2.0403923934558,1.5000000000002345,1.7887444673306678,0.80428021796087,59.98997,119.857777,210.183519,2159,457,799,60.0,120.0
154,2022-03-25 13:47:53.926885,can_tapper13,"rgb(55,126,184)",517.0,477.0,521.0,7.7369439071566735,100.0,100.0,15.156952342794694,523,18.134999999999998,1.0,394.0,393.0,0.787407,-55.93939393939394,5.0,2.789108,0.008142493638676845,0.010178117048346057,0.00916030534351145,6.391752577319588,0.3922955265975677,0.5000000000000782,3.2620894576029285,0.7994083525821847,59.982133,54.08125,289.103452,954,189,254,60.0,120.0
155,2022-03-28 09:57:07.070187,can_tapper13,"rgb(77,175,74)",488.0,442.0,493.0,9.426229508196721,60.0,70.75000000000004,1.8500986000432138,1500,17.6,15.0,311.0,296.0,1.41752,-55.67197452229299,18.0,2.015972,0.011824324324324325,0.015540540540540541,0.013513513513513514,6.3457330415754925,0.6226744840721289,0.7600000000001188,2.7289468883321724,0.7855574078643279,59.82745,119.988419,245353.143302,2158,407,593,60.0,120.0
156,2022-03-28 10:33:20.732683,can_tapper13,"rgb(152,78,163)",511.0,476.0,512.0,6.8493150684931505,100.0,100.0,5.130176060258182,1013,17.975,0.0,345.0,345.0,0.910043,-32.477031802120145,31.0,2.01239,0.008695652173913044,0.010144927536231885,0.008985507246376812,6.262626262626263,0.49619010499054667,0.5000000000000782,2.0171482422437275,0.2558577654190658,23.266604,119.82157,2173.662496,1719,333,512,60.0,120.0
157,2022-03-28 10:55:50.543302,can_tapper13,"rgb(255,127,0)",501.0,463.0,500.0,7.584830339321358,91.25,90.0,1.0591293596121734,1500,20.783333333333335,0.0,462.0,462.0,0.992123,-34.09060402684564,445.0,3.084877,0.007575757575757575,0.008225108225108226,0.007359307359307359,4.564315352697095,1.004974214627909,0.7400000000001157,1.5862030873085784,0.08302030569211216,59.947796,119.958369,1349.810619,2160,449,704,60.0,120.0
158,2022-03-28 10:57:05.475955,can_tapper13,"rgb(255,255,51)",506.0,453.0,516.0,10.474308300395258,96.25,100.0,80.17427563299862,1500,18.01,0.0,445.0,445.0,1.082449,-42.23411371237458,140.0,2.085493,0.009662921348314608,0.011910112359550563,0.011910112359550563,9.24731182795699,1.155620381659329,1.5000000000002345,2.27471676670449,0.7548528759082717,59.867549,119.955498,74.932653,2158,442,826,60.0,120.0
159,2022-03-28 11:01:24.488803,can_tapper13,"rgb(166,86,40)",510.0,464.0,524.0,9.019607843137255,100.0,100.0,77.3992788441118,1500,18.053333333333335,0.0,340.0,340.0,1.266451,-39.270270270270274,18.0,2.267626,0.010294117647058825,0.013529411764705884,0.014411764705882351,7.337526205450734,0.9846661573839566,1.0000000000001563,2.0171482422437275,0.6461232199712558,59.929127,119.912873,259.012848,2159,429,700,60.0,120.0
160,2022-03-28 11:03:55.982774,can_tapper13,"rgb(247,129,191)",512.5,465.0,522.0,9.268292682926829,100.0,100.0,65.74896255508428,1500,18.075,14.0,300.0,286.0,1.259298,53.556338028169016,497.0,2.256629,0.013111888111888112,0.016608391608391608,0.016433566433566433,8.403361344537815,1.1187400963085654,1.0000000000001563,25.160402341872658,0.34550635654910844,59.960879,92.078104,151.493971,1785,276,355,60.0,120.0
161,2022-03-28 11:08:00.728924,can_tapper13,"rgb(153,153,153)",503.0,462.0,505.0,8.151093439363818,93.75,96.25,0.8655648291394508,1500,18.425,0.0,288.0,288.0,1.425534,-47.2195945945946,17.0,2.021352,0.010069444444444445,0.014236111111111113,0.010763888888888889,1.8404907975460123,0.6107906312126228,1.0000000000001563,2.565174071178317,0.6894472897808135,59.996055,119.843117,244.74615,2160,375,584,60.0,120.0
162,2022-03-28 11:26:31.750230,can_tapper13,"rgb(228,26,28)",514.0,472.0,518.0,8.171206225680933,100.0,100.0,9.053550345007142,804,18.43333333333333,0.0,201.0,201.0,1.128088,-29.57706093189964,7.0,3.726621,0.012935323383084577,0.020895522388059702,0.01492537313432836,7.276507276507276,0.30102943623437844,0.7400000000001157,2.892719705486028,0.5236969819486794,19.103432,119.973996,1111.021306,1670,306,391,60.0,120.0
163,2022-03-30 08:07:22.159841,can_tapper13,"rgb(55,126,184)",489.0,429.0,492.0,12.269938650306749,62.08333333333334,68.33333333333339,0.1977867545719345,1500,17.8,0.0,443.0,443.0,1.05451,-37.85197368421053,145.0,2.154778,0.01015801354401806,0.013544018058690745,0.010835214446952596,11.894273127753303,0.9877670032483423,1.0000000000001563,3.2620894576029285,0.8472655124422264,59.987069,119.827615,160850.409611,2159,408,729,60.0,120.0
164,2022-03-30 12:46:43.132787,can_tapper13,"rgb(77,175,74)",499.0,452.0,500.0,9.418837675350701,87.00000000000001,90.0,1.962403314623794e-12,112,15.885,0.0,199.0,199.0,1.125728,-15.631944444444445,39.0,2.128333,0.016582914572864323,0.023618090452261306,0.017085427135678392,9.322033898305085,0.6728807381531046,1.0000000000001563,2.892719705486028,0.4077086570731041,5.257784,119.828051,16760.972946,1503,300,538,60.0,120.0
165,2022-03-30 12:49:04.827883,can_tapper13,"rgb(152,78,163)",504.0,436.0,513.0,13.492063492063492,95.0,100.0,73.00958800425009,1500,15.809999999999999,0.0,441.0,441.0,0.991247,-21.824615384615385,32.0,2.0923,0.011111111111111112,0.015419501133786848,0.013151927437641722,15.30398322851153,1.0057873697226365,1.5000000000002345,2.27471676670449,0.8223450198344565,59.90855,119.963093,141.695096,2160,467,816,60.0,120.0
166,2022-03-30 15:20:35.524033,can_tapper13,"rgb(255,127,0)",495.0,435.0,497.0,12.121212121212121,75.58333333333339,81.00000000000004,0.5443202419198209,1500,15.55952380952381,20.0,322.0,302.0,1.24023,-19.184466019417474,485.0,2.339677,0.016225165562913906,0.01986754966887417,0.016887417218543047,11.210762331838565,0.9290041491413015,1.0000000000001563,2.27471676670449,0.20712917056001134,59.805624,119.981524,9090.69615,2158,430,481,60.0,120.0
167,2022-03-30 15:21:34.755381,can_tapper13,"rgb(255,255,51)",506.0,435.0,586.0,14.031620553359684,97.5,100.0,84.80594880263145,1500,15.51875,19.0,485.0,466.0,1.030507,-19.163398692810457,78.0,2.12618,0.012017167381974248,0.01523605150214592,0.029184549356223177,17.15481171548117,0.8505793200540602,1.5000000000002345,2.0171482422437275,0.7579375680555998,59.781649,119.8467,59.231348,2157,467,690,60.0,120.0
168,2022-05-19 08:37:59.773980,can_tapper13,"rgb(166,86,40)",489.0,442.0,493.0,9.611451942740286,62.08333333333334,70.75000000000004,0.2631112280491889,1500,20.325,15.5,299.0,283.5,1.293653,-23.62937062937063,94.0,2.292036,0.012698412698412698,0.016578483245149912,0.014109347442680775,5.882352941176471,0.5153978591877292,0.5000000000000782,2.7289468883321724,0.6561034565745788,59.783323,119.794155,4295785.018599,2157,360,366,60.0,120.0
169,2022-05-23 08:23:45.453151,can_tapper13,"rgb(247,129,191)",493.0,455.0,496.0,7.707910750507099,70.75000000000004,78.00000000000004,3.9704284313006695,1500,20.8,11.0,414.0,403.0,0.815795,-15.7375,7.0,2.213533,0.00521091811414392,0.009429280397022332,0.005955334987593052,6.329113924050633,0.9396725833357573,0.5000000000000782,2.7289468883321724,0.7251005035357805,38.551925,119.777116,344745.679171,1902,370,464,60.0,120.0
170,2022-07-12 13:34:34.910636,can_tapper13,"rgb(153,153,153)",526.0,490.0,,6.844106463878327,100.0,,,0,19.48333333333333,0.0,432.0,432.0,0.821373,-3.0231023102310233,52.0,2.335582,0.00625,0.008333333333333333,,2.6052104208416833,0.7633481263748098,1.5000000000002345,2.4199454189414036,0.4602277496081466,2.191078,119.884394,4338649.457485,1467,310,435,60.0,120.0
171,2022-07-12 14:08:24.416857,can_tapper13,"rgb(228,26,28)",500.0,449.0,504.0,10.2,90.0,95.0,4.366188607194161,1500,20.125,13.0,311.0,298.0,1.330597,-26.69333333333333,17.0,2.334151,0.012416107382550336,0.017114093959731545,0.013758389261744965,8.620689655172415,1.1034898990706163,1.0000000000001563,1.7887444673306678,0.5349061048298692,59.989471,119.903176,2029.506221,2160,439,467,60.0,120.0
172,2022-08-11 10:04:01.638424,can_tapper13,"rgb(55,126,184)",496.0,466.0,501.0,6.048387096774194,78.00000000000004,91.25,8.760745290991077,1049,21.95,0.0,248.0,248.0,1.025917,-8.918088737201366,15.0,2.034298,0.010483870967741934,0.012096774193548387,0.0125,3.7974683544303796,1.09608287159891,0.7400000000001157,2.892719705486028,0.7236152136768091,24.008288,119.84278,2577337.221567,1728,329,418,60.0,120.0
173,2022-08-11 10:48:30.607832,can_tapper13,"rgb(77,175,74)",505.0,464.0,506.0,8.118811881188119,96.25,97.5,17.08747419791205,382,22.208333333333332,0.0,484.0,484.0,0.524095,-15.238754325259515,3.0,2.028858,0.006404958677685951,0.00847107438016529,0.006611570247933884,4.602510460251046,1.1642779648274078,1.5000000000002345,2.565174071178317,0.5237297826369767,10.645587,119.937768,2668.969408,1569,310,449,60.0,120.0
174,2022-08-11 10:51:34.705263,can_tapper13,"rgb(152,78,163)",529.0,485.0,532.0,8.31758034026465,100.0,100.0,8.277203122942789e-13,87,25.28,9.5,187.0,177.5,1.015306,-9.00314465408805,1.0,3.708769,0.01971830985915493,0.024788732394366197,0.021408450704225354,6.358381502890174,0.9479813115692994,0.7400000000001157,2.27471676670449,0.32252800245042457,59.91683,119.83322,184.097431,1512,334,355,60.0,120.0
175,2022-08-11 11:17:22.312109,can_tapper13,"rgb(255,127,0)",485.0,451.0,488.0,7.010309278350515,54.642857142857125,60.0,0.37919127964032934,1500,22.9,14.5,314.0,299.5,1.22965,-164.0797342192691,15.0,2.324883,0.008013355592654424,0.011352253756260434,0.009015025041736227,6.609808102345416,0.8815824867180827,0.5000000000000782,2.27471676670449,0.620541070320477,59.982548,119.901243,1547.606846,2159,359,641,60.0,120.0
176,2022-08-18 09:08:24.109794,can_tapper13,"rgb(255,255,51)",501.0,462.0,505.0,7.784431137724551,91.25,96.25,35.36539796081157,131,18.725,13.0,431.0,418.0,0.815691,-4.409420289855072,12.0,3.315142,0.007416267942583732,0.009330143540669857,0.008373205741626793,7.949790794979079,0.5866043928916945,0.5000000000000782,2.892719705486028,0.7167004921235743,5.64438,119.943702,597061.797685,1509,294,536,60.0,120.0
177,2022-09-05 09:57:01.704666,can_tapper13,"rgb(166,86,40)",492.5,446.0,493.0,9.441624365482234,69.50000000000001,70.75000000000004,1.1792538574459606,1500,20.041666666666668,25.5,361.0,335.5,1.314184,-28.05466237942122,36.0,2.314435,0.009687034277198211,0.013859910581222058,0.009836065573770491,6.724511930585683,0.8098926346687307,1.0000000000001563,2.0171482422437275,0.48558038577661833,59.93806,119.981428,1558117.594872,2160,529,455,60.0,120.0
178,2022-09-07 11:20:25.162800,can_tapper13,"rgb(247,129,191)",497.0,445.0,500.0,10.46277665995976,81.00000000000004,90.0,0.37919127964022437,1500,20.475,0.0,341.0,341.0,1.25737,-41.543408360128616,18.0,2.251251,0.011730205278592377,0.01524926686217009,0.012609970674486805,8.695652173913043,1.2727407238223813,1.0000000000001563,3.2620894576029285,0.7779864066850621,59.983124,119.819275,177803.458134,2159,459,498,60.0,120.0
179,2022-09-07 11:31:41.669943,can_tapper13,"rgb(153,153,153)",500.0,450.0,504.0,10.0,90.0,95.0,1.477493989997113,1500,20.613333333333333,0.0,313.0,313.0,1.441422,-28.357142857142858,27.0,2.043442,0.012779552715654953,0.01597444089456869,0.014057507987220448,8.742004264392325,0.7361825690158391,1.0000000000001563,119.99999999999996,0.29495405201758385,59.968375,119.878773,676.507143,2160,207,315,60.0,120.0
180,2022-09-07 11:34:59.187623,can_tapper13,"rgb(228,26,28)",501.0,442.0,505.0,11.776447105788424,91.25,96.25,4.6275576122465445,1500,20.53,0.0,471.0,471.0,1.064619,-32.83720930232558,99.0,2.064067,0.009978768577494693,0.012526539278131634,0.010828025477707006,11.016949152542374,1.3228414355385198,1.5000000000002345,1.7887444673306678,0.197615530790347,59.944725,73.333924,197.51768,1600,227,399,60.0,120.0
181,2022-09-07 13:31:07.136282,can_tapper13,"rgb(55,126,184)",496.0,454.0,494.0,8.46774193548387,78.00000000000004,73.16666666666671,3.843921708409115,1500,21.425,14.0,309.0,295.0,1.402468,-16.494584837545126,76.0,2.001919,0.010169491525423728,0.014237288135593221,0.009491525423728813,3.2822757111597376,0.7454999715069015,1.0000000000001563,119.99999999999996,0.2931887275744548,59.79679,119.795493,6967.948659,2157,414,644,60.0,120.0
182,2022-09-07 13:33:07.817407,can_tapper13,"rgb(77,175,74)",504.0,445.0,508.0,11.706349206349206,95.0,100.0,4.359717493207129,1500,21.44,0.0,495.0,495.0,0.979787,-33.9969512195122,14.0,2.478311,0.007070707070707071,0.01191919191919192,0.007878787878787877,14.285714285714286,1.1775884617693821,1.5000000000002345,1.9029463547871976,0.6587858752382066,59.945104,119.926238,120.681125,2160,458,765,60.0,120.0
183,2022-09-07 13:36:24.908020,can_tapper13,"rgb(152,78,163)",513.0,449.0,518.0,12.475633528265107,100.0,100.0,3.734401659733743,1500,21.45,12.0,476.0,464.0,0.962312,59.829787234042556,497.0,2.05871,0.007327586206896551,0.013793103448275862,0.008405172413793103,15.833333333333334,1.6105639612386362,1.5000000000002345,43.28663979373629,0.30085439956838345,59.947945,119.895679,197.090613,2160,276,448,60.0,120.0
184,2022-09-12 10:58:21.137500,can_tapper13,"rgb(255,127,0)",493.0,444.0,492.0,9.939148073022313,70.75000000000004,68.33333333333339,4.395984175992615,1500,15.209999999999999,0.0,423.0,423.0,1.075944,-17.477192982456142,299.0,2.071775,0.009219858156028368,0.011583924349881796,0.008983451536643025,8.533916849015318,1.1782433944443356,1.0000000000001563,2.27471676670449,0.09154115540239116,59.85313,119.969625,422516.22948,2159,419,662,60.0,120.0
185,2022-09-12 10:59:40.065573,can_tapper13,"rgb(255,255,51)",501.0,443.0,508.0,11.57684630738523,91.25,100.0,15.682744747883712,1500,15.25,15.0,299.0,284.0,1.578022,-19.797153024911033,160.0,2.078877,0.014436619718309857,0.020422535211267606,0.016901408450704227,8.19672131147541,1.0415961728636,1.5000000000002345,2.27471676670449,0.4475393732235272,59.949527,119.888152,78.928073,2158,411,678,60.0,120.0
186,2022-09-12 11:02:43.650892,can_tapper13,"rgb(166,86,40)",510.0,433.0,516.0,15.098039215686274,100.0,100.0,4.178855190601758,1500,15.333333333333332,14.0,338.0,324.0,0.485312,14.525925925925925,500.0,2.082687,0.012962962962962963,0.02376543209876543,0.014814814814814814,21.518987341772153,2.2090540908948237,1.5000000000002345,40.68887031186959,0.261764207057818,59.947171,119.866832,183.585319,2158,250,431,60.0,120.0
187,2022-09-13 09:48:57.221880,can_tapper13,"rgb(247,129,191)",524.0,489.0,529.0,6.679389312977099,100.0,100.0,9.863350477100587,879,18.55,0.0,443.0,443.0,0.83615,-3.892018779342723,25.0,2.22987,0.007900677200902935,0.007900677200902935,0.009029345372460496,2.7237354085603114,0.6695955432567149,1.0000000000001563,119.99999999999996,0.37437722798613626,20.597082,119.95652,81973.570988,1689,251,172,60.0,120.0
188,2022-09-13 09:59:25.998602,can_tapper13,"rgb(153,153,153)",502.0,461.0,505.0,8.167330677290837,92.5,96.25,2.7960367982379433,1500,18.53,16.0,318.0,302.0,1.34615,-16.65714285714286,30.0,2.034875,0.011920529801324502,0.01357615894039735,0.012913907284768213,5.737704918032787,0.8848950581657472,1.0200000000001594,119.99999999999996,0.3054434557946437,59.821774,119.970117,628.776722,2159,349,358,60.0,120.0
189,2022-09-13 10:03:10.948751,can_tapper13,"rgb(228,26,28)",509.0,459.0,516.0,9.823182711198427,100.0,100.0,4.9625177611184235,1500,18.541666666666668,16.5,325.0,308.5,1.215752,-20.037037037037038,23.0,2.313476,0.012317666126418152,0.01620745542949757,0.01458670988654781,3.6093418259023355,0.6862732148637585,1.0000000000001563,58.350444692249376,0.44821549837274355,59.983774,119.84822,224.950149,2160,153,352,60.0,120.0
190,2022-09-13 10:06:32.427395,can_tapper13,"rgb(55,126,184)",501.0,460.0,506.0,8.183632734530939,91.25,97.5,2.4178321857025553,1500,18.56666666666667,14.0,300.0,286.0,1.469932,-14.428571428571429,152.0,2.068182,0.012937062937062939,0.014335664335664336,0.014685314685314685,2.542372881355932,0.7073817200767896,1.0000000000001563,119.99999999999996,0.45347506890777434,59.911993,119.935905,201.478644,2160,218,251,60.0,120.0
191,2022-09-13 10:32:03.630045,can_tapper13,"rgb(77,175,74)",500.0,451.0,497.0,9.8,90.0,81.00000000000004,1.739876328833186,1500,18.68333333333333,14.0,431.0,417.0,1.058025,-17.809187279151942,290.0,2.160098,0.010311750599520384,0.011750599520383693,0.009592326139088728,6.995884773662551,0.5051565773614511,1.0000000000001563,1.7887444673306678,0.09590818678182367,59.927875,119.920674,1531.20265,2160,429,665,60.0,120.0
192,2022-09-13 10:33:16.466483,can_tapper13,"rgb(152,78,163)",507.0,462.0,516.0,8.875739644970414,98.75000000000003,100.0,48.82337281038027,1500,16.1,0.0,290.0,290.0,1.445137,-15.256756756756756,95.0,2.044684,0.011724137931034483,0.015517241379310345,0.014827586206896552,0.6342494714587738,0.27178438180531056,1.0000000000001563,119.99999999999996,0.2295120266042312,59.976413,119.860608,72.836438,2160,419,755,60.0,120.0
193,2022-09-13 10:35:29.819247,can_tapper13,"rgb(255,127,0)",513.0,456.0,520.0,11.11111111111111,100.0,100.0,7.553603357155783,1500,18.68,0.0,314.0,314.0,1.260866,11.025974025974026,499.0,2.260673,0.01337579617834395,0.018152866242038216,0.015605095541401274,10.061601642710473,1.2568180195451588,1.0000000000001563,38.38524894643104,0.361278508329143,59.776483,119.806585,133.352764,2157,362,558,60.0,120.0
194,2022-09-15 07:35:56.610575,can_tapper13,"rgb(255,255,51)",501.0,464.0,505.0,7.385229540918163,91.25,96.25,8.343756429023804,544,14.65,18.5,237.0,218.5,1.125252,-4.802768166089965,82.0,2.129678,0.014187643020594965,0.016933638443935927,0.016018306636155607,5.070993914807302,0.5315538385725668,0.7400000000001157,3.2620894576029285,0.7315572196165843,13.904329,119.929833,162026.791328,1608,320,588,60.0,120.0
195,2022-09-19 20:39:57.398654,can_tapper13,"rgb(166,86,40)",488.0,437.0,489.0,10.450819672131148,60.0,62.08333333333334,1.2013072005808394,1500,14.116666666666669,25.5,323.0,297.5,1.185112,-68.93379790940766,16.0,2.777581,0.013781512605042017,0.01714285714285714,0.01411764705882353,11.764705882352942,0.8225492942946127,1.0000000000001563,4.148345232772487,0.8025875422743554,59.960424,119.9321,392640.788079,2160,381,766,60.0,120.0
196,2022-09-20 11:28:34.213833,can_tapper13,"rgb(247,129,191)",501.0,432.0,505.0,13.77245508982036,91.25,96.25,0.07968003541318493,1500,14.925,0.0,331.0,331.0,0.467177,-31.0531561461794,17.0,2.065406,0.011782477341389729,0.020845921450151055,0.012990936555891239,21.030042918454935,2.2770555571806477,1.5000000000002345,3.470356641605033,0.8436073142212489,59.998369,119.891878,53316.815179,2159,370,549,60.0,120.0
197,2022-09-20 11:57:58.392608,can_tapper13,"rgb(153,153,153)",508.0,457.0,512.0,10.039370078740157,100.0,100.0,0.34065792918113935,1500,15.125,13.0,330.0,317.0,1.413473,-19.5177304964539,18.0,2.007744,0.011041009463722396,0.016088328075709778,0.012302839116719243,7.042253521126761,0.934660687809671,0.7600000000001188,2.145932504474109,0.7322491839929208,59.905833,119.957393,1764.178775,2158,386,577,60.0,120.0
198,2022-09-20 15:23:18.659284,can_tapper13,"rgb(228,26,28)",497.0,443.0,500.0,10.865191146881289,81.00000000000004,90.0,2.6644367397490076,1500,16.22,0.0,333.0,333.0,1.057945,-42.780575539568346,19.0,2.15452,0.012912912912912914,0.016216216216216217,0.013813813813813813,12.164948453608247,0.9664461891863179,1.0000000000001563,2.0171482422437275,0.5303469090018489,59.967375,119.960619,12320.266676,2159,353,642,60.0,120.0
199,2022-09-20 15:49:27.440126,can_tapper13,"rgb(55,126,184)",510.0,469.0,514.0,8.03921568627451,100.0,100.0,1.6838318594808974,1500,16.844642857142855,0.0,187.0,187.0,1.413503,-23.58364312267658,100.0,2.010279,0.021925133689839574,0.021925133689839574,0.02406417112299465,4.742268041237113,1.0349344476078977,1.0000000000001563,2.27471676670449,0.7053237635087504,59.951973,119.954125,1568.780842,2160,381,480,60.0,120.0
200,2022-09-21 07:14:24.454278,can_tapper13,"rgb(77,175,74)",497.0,436.0,501.0,12.273641851106639,81.00000000000004,91.25,0.6210758315890291,1500,15.3,16.0,335.0,319.0,1.062864,-32.70860927152318,19.0,2.161927,0.011912225705329155,0.019122257053291538,0.013166144200626959,14.587737843551798,0.5562807862049273,1.0000000000001563,3.2620894576029285,0.8757128981312895,59.841248,119.996696,55497.014152,2160,431,566,60.0,120.0
201,2022-09-21 11:30:16.347489,can_tapper13,"rgb(152,78,163)",493.0,431.0,497.0,12.57606490872211,70.75000000000004,81.00000000000004,0.7133247614774737,1500,15.27,12.0,386.0,374.0,1.071251,-43.98850574712644,144.0,2.072222,0.012032085561497327,0.016577540106951873,0.013101604278074866,14.035087719298245,0.905946449414766,1.5000000000002345,1.5862030873085784,0.2693615785767859,59.990767,119.833174,15351.893211,2158,347,631,60.0,120.0
202,2022-09-21 11:44:32.597833,can_tapper13,"rgb(255,127,0)",493.0,438.0,497.0,11.156186612576064,70.75000000000004,81.00000000000004,0.3455557091357145,1500,15.375,0.0,326.0,326.0,1.294653,-38.13157894736842,15.0,2.289335,0.00950920245398773,0.01687116564417178,0.010736196319018405,10.46770601336303,0.765751616282734,1.0200000000001594,2.768403112153709,0.5678491673813582,59.886025,119.952089,856.250344,2160,321,556,60.0,120.0
203,2022-09-21 12:09:17.546912,can_tapper13,"rgb(255,255,51)",510.0,458.0,513.0,10.196078431372548,100.0,100.0,1.9785075460029091,1500,16.131666666666668,0.0,299.0,299.0,1.266844,-28.804794520547944,17.0,2.768893,0.012040133779264214,0.017391304347826084,0.013043478260869565,7.042253521126761,1.1250973985911992,1.0000000000001563,2.0171482422437275,0.6574944976778345,59.900605,119.985211,1484.949079,2159,342,621,60.0,120.0
204,2022-09-21 13:16:20.709616,can_tapper13,"rgb(166,86,40)",505.0,445.0,509.0,11.881188118811881,96.25,100.0,0.870667053629601,1500,17.052777777777777,0.0,458.0,458.0,1.042843,-25.6,144.0,2.139346,0.010698689956331877,0.013100436681222707,0.011572052401746726,8.15450643776824,1.1142304090529522,1.260000000000197,2.27471676670449,0.6817539573631732,59.918569,119.922654,4023.162704,2159,368,615,60.0,120.0
205,2022-09-21 13:53:44.034176,can_tapper13,"rgb(247,129,191)",505.0,448.0,509.0,11.287128712871288,96.25,100.0,0.4684802082131463,1500,17.439999999999998,12.0,393.0,381.0,1.036107,-24.270758122743683,132.0,2.131931,0.011548556430446194,0.014960629921259842,0.012598425196850394,9.54356846473029,1.2577821601246841,1.5000000000002345,5.948992616750902,0.5009853321531695,59.927458,119.959967,2243.32456,2159,346,676,60.0,120.0
206,2022-09-21 15:44:42.914250,can_tapper13,"rgb(153,153,153)",500.0,450.0,504.0,10.0,90.0,95.0,0.3791912796403478,1500,18.583333333333332,11.0,332.0,321.0,1.044284,-34.16831683168317,17.0,2.136579,0.011838006230529595,0.015576323987538939,0.013084112149532711,10.084033613445378,0.7796865805232536,1.0000000000001563,36.08162758099249,0.4264251138192916,59.965368,119.905001,6658.880074,2160,430,652,60.0,120.0
207,2022-09-22 06:38:11.501881,can_tapper13,"rgb(228,26,28)",508.0,476.0,,6.299212598425196,100.0,,,0,17.09166666666667,17.0,427.0,410.0,0.816378,-5.4140625,8.0,2.312124,0.0019512195121951222,0.007804878048780488,,1.6,0.5502831588404059,0.5000000000000782,4.178334463910163,0.7959093023239601,1.546512,119.998871,53608.587631,1460,264,668,60.0,120.0
208,2022-09-22 10:37:19.938696,can_tapper13,"rgb(55,126,184)",500.0,458.0,501.0,8.4,90.0,91.25,0.19800008799962018,1500,15.975,15.0,486.0,471.0,0.983774,-33.58766233766234,15.0,2.080843,0.007643312101910828,0.008917197452229299,0.007855626326963907,5.172413793103448,1.3228752618531758,1.0000000000001563,3.2620894576029285,0.627263905272226,59.96,119.987498,14348.436815,2160,469,658,60.0,120.0
209,2022-09-22 13:06:49.868886,can_tapper13,"rgb(77,175,74)",496.0,452.0,497.0,8.870967741935484,78.00000000000004,81.00000000000004,0.34065792918117466,1500,17.5,21.5,303.0,281.5,1.244826,-33.97142857142857,23.0,2.244224,0.01207815275310835,0.01563055062166963,0.012433392539964477,7.359307359307359,0.9005459802879613,0.7600000000001188,3.678623825607137,0.6380738809567157,59.970274,119.918824,8969.93019,2159,393,619,60.0,120.0
210,2022-09-22 14:56:05.207657,can_tapper13,"rgb(152,78,163)",505.0,479.0,,5.148514851485149,96.25,,,0,18.425,0.0,269.0,269.0,1.007869,-17.695804195804197,6.0,2.01122,0.007806691449814126,0.00966542750929368,,4.132231404958677,0.827100773850274,0.5200000000000813,3.7052173451877075,0.7303868497294623,0.501242,119.837156,6555.338771,1446,292,484,60.0,120.0
211,2022-09-22 15:56:02.038107,can_tapper13,"rgb(255,127,0)",500.0,446.0,501.0,10.8,90.0,91.25,3.6507482892208314,1500,19.026190476190475,0.0,375.0,375.0,1.308051,-31.827242524916944,17.0,2.313493,0.011733333333333333,0.0144,0.011999999999999999,6.896551724137931,0.8470943339893726,1.0000000000001563,2.4199454189414036,0.7580262424653862,59.82664,119.794094,3596.83045,2157,391,485,60.0,120.0
212,2022-09-23 10:25:26.113880,can_tapper13,"rgb(255,255,51)",497.0,433.0,502.0,12.877263581488934,81.00000000000004,92.5,4.820446586864176,1500,16.56666666666667,0.0,298.0,298.0,1.427838,-25.738515901060072,123.0,2.024463,0.009395973154362415,0.021476510067114096,0.011073825503355705,19.48608137044968,1.8181164558039997,1.5000000000002345,3.2620894576029285,0.8591765134777524,59.976794,119.817138,66564.075773,2158,417,507,60.0,120.0
213,2022-09-23 10:58:40.649251,can_tapper13,"rgb(166,86,40)",509.0,476.0,510.0,6.4833005893909625,100.0,100.0,11.480299707131287,462,16.525,0.0,363.0,363.0,1.000895,-16.179310344827588,4.0,2.405399,0.007988980716253443,0.00909090909090909,0.008264462809917356,6.024096385542169,0.6296788216255621,0.5000000000000782,3.470356641605033,0.8341589941827265,12.262536,119.817447,1994.535371,3174,624,1102,60.0,120.0
214,2022-09-23 10:58:40.649251,can_tapper13,"rgb(247,129,191)",509.0,476.0,510.0,6.4833005893909625,100.0,100.0,11.480299707131287,462,16.525,0.0,363.0,363.0,1.000895,-16.179310344827588,4.0,2.405399,0.007988980716253443,0.00909090909090909,0.008264462809917356,6.024096385542169,0.6296788216255621,0.5000000000000782,3.470356641605033,0.8341589941827265,12.262536,119.817447,0.0,3174,624,1102,60.0,120.0
215,2022-09-23 11:13:37.118047,can_tapper13,"rgb(153,153,153)",500.0,443.0,504.0,11.4,90.0,95.0,2.2648098954705804,1500,16.519642857142856,17.0,321.0,304.0,1.244918,-21.255244755244757,18.0,2.341427,0.015131578947368421,0.018750000000000003,0.01644736842105263,10.13215859030837,0.7560200851705432,1.0000000000001563,2.291161156711022,0.8061648652903822,59.837825,119.999068,896.468796,4318,656,1336,60.0,120.0
216,2022-09-23 11:13:37.118047,can_tapper13,"rgb(228,26,28)",500.0,443.0,504.0,11.4,90.0,95.0,2.2648098954705804,1500,16.519642857142856,17.0,321.0,304.0,1.244918,-21.255244755244757,18.0,2.341427,0.015131578947368421,0.018750000000000003,0.01644736842105263,10.13215859030837,0.7560200851705432,1.0000000000001563,2.291161156711022,0.8061648652903822,59.837825,119.999068,0.0,4318,656,1336,60.0,120.0
217,2022-09-26 08:49:10.507085,can_tapper13,"rgb(55,126,184)",500.0,465.0,504.0,7.000000000000001,90.0,95.0,13.37714695736865,765,12.116666666666667,0.0,346.0,346.0,0.923383,-3.9825783972125435,10.0,2.02218,0.008670520231213874,0.010115606936416185,0.009826589595375723,4.680851063829787,0.4440113517685478,0.5000000000000782,3.470356641605033,0.8347297247050067,18.306541,119.988348,250533.389038,1661,323,461,60.0,120.0
218,2022-09-26 09:13:02.276835,can_tapper13,"rgb(77,175,74)",493.0,439.0,492.0,10.953346855983773,70.75000000000004,68.33333333333339,2.5120722275869194,1500,12.166666666666668,22.0,380.0,358.0,1.21385,-15.336805555555555,317.0,2.2151,0.009776536312849162,0.015083798882681562,0.009497206703910615,9.977827050997783,1.22978506712851,1.0000000000001563,1.7887444673306678,0.11016955840231935,59.9968,119.88663,1431.76975,2159,397,653,60.0,120.0
219,2022-09-26 09:14:09.496260,can_tapper13,"rgb(152,78,163)",501.0,441.0,515.0,11.976047904191617,91.25,100.0,94.38750861665581,1500,12.175,0.0,317.0,317.0,1.221869,-20.349206349206348,25.0,2.413577,0.012302839116719243,0.01892744479495268,0.016719242902208203,14.644351464435147,0.6234110354366289,1.0000000000001563,2.27471676670449,0.748683890622261,59.948781,119.984014,67.219425,2159,464,730,60.0,120.0
220,2022-09-26 09:21:11.911998,can_tapper13,"rgb(255,127,0)",531.0,460.0,552.0,13.370998116760829,100.0,100.0,44.551450911748844,1500,12.214285714285714,23.0,376.0,353.0,1.023685,-15.19281045751634,31.0,2.111579,0.014447592067988667,0.020113314447592068,0.020396600566572238,12.236286919831224,1.116875551621223,1.0000000000001563,1.7887444673306678,0.670328567083741,59.871065,119.98971,422.415738,2158,461,790,60.0,120.0
221,2022-09-26 09:23:32.415483,can_tapper13,"rgb(255,255,51)",533.0,469.0,549.0,12.007504690431519,100.0,100.0,45.13982450658151,1500,12.325,0.0,426.0,426.0,1.086106,5.373015873015873,497.0,2.086198,0.01244131455399061,0.015023474178403757,0.01619718309859155,8.670520231213873,1.1442502035390159,1.5200000000002376,28.37311996486042,0.4216062428958013,59.801656,119.861818,140.503485,2116,386,477,60.0,120.0
222,2022-09-26 09:25:30.372582,can_tapper13,"rgb(166,86,40)",506.0,460.0,504.0,9.090909090909092,97.5,95.0,4.487113105383089,1500,12.65,0.0,199.0,199.0,0.989245,-23.64071856287425,-3.0,,0.015577889447236181,0.023115577889447236,0.01457286432160804,9.812108559498956,0.8511174660483567,0.5000000000000782,2.27471676670449,0.7083127213914235,59.9353,119.982516,117.957099,2160,478,572,60.0,120.0
223,2022-09-26 10:06:24.424317,can_tapper13,"rgb(247,129,191)",506.0,461.0,512.0,8.893280632411066,97.5,100.0,7.952990464662152,964,12.958333333333332,0.0,196.0,196.0,1.114751,-9.733576642335766,13.0,2.61059,0.012244897959183673,0.02295918367346939,0.015306122448979591,10.655737704918034,0.545296127858706,0.5000000000000782,3.9134845291898115,0.8408586689512522,22.307827,119.787756,2454.051735,1707,322,697,60.0,120.0
224,2022-09-26 10:45:18.601603,can_tapper13,"rgb(153,153,153)",506.0,465.0,510.0,8.102766798418973,97.5,100.0,7.8948161067252665,1132,13.15,0.0,217.0,217.0,1.029113,-8.741741741741741,12.0,2.226358,0.013364055299539171,0.018894009216589864,0.015207373271889401,5.030181086519114,0.9008609890402205,0.7600000000001188,3.470356641605033,0.8499008888529695,25.660605,119.927686,2334.177286,1749,384,603,60.0,120.0
225,2022-09-26 10:53:44.118482,can_tapper13,"rgb(228,26,28)",501.0,438.0,505.0,12.574850299401197,91.25,96.25,0.145591175818139,1500,13.3125,17.0,424.0,407.0,1.100504,-6.593406593406593,480.0,2.099055,0.009336609336609337,0.015479115479115478,0.010319410319410319,13.807531380753138,1.0727826328272094,1.5000000000002345,1.7887444673306678,0.2586806048710075,59.856619,119.876929,505.516879,1554,246,347,60.0,120.0
226,2022-09-26 10:55:23.292487,can_tapper13,"rgb(55,126,184)",512.0,470.0,512.0,8.203125,100.0,100.0,1.0516028596218749e-12,4,13.325,0.0,480.0,480.0,0.512504,-12.588628762541806,3.0,2.416575,0.00125,0.00875,0.00125,5.0,1.1175730354309126,1.0200000000001594,3.470356641605033,0.8712168962896304,60.000325,119.987368,99.174005,1557,333,544,60.0,120.0
227,2022-09-26 11:08:48.677908,can_tapper13,"rgb(77,175,74)",499.0,440.0,504.0,11.823647294589177,87.00000000000001,95.0,1.779227457433589,1500,13.366666666666669,0.0,352.0,352.0,1.29362,-16.687697160883282,21.0,2.382026,0.009375,0.016761363636363637,0.010795454545454546,14.465408805031446,0.5323202481706253,1.0000000000001563,2.4199454189414036,0.7974914175185306,59.878173,119.996774,805.385421,2160,373,726,60.0,120.0
228,2022-09-27 08:20:23.424561,can_tapper13,"rgb(152,78,163)",494.0,454.0,496.0,8.097165991902834,73.16666666666671,78.00000000000004,5.3892735063431365,1500,13.25,19.0,325.0,306.0,1.421282,-10.375,20.0,2.016828,0.011437908496732027,0.013071895424836602,0.012091503267973858,3.7974683544303796,0.5587459762461898,1.0000000000001563,3.470356641605033,0.8378912810797299,59.981016,119.854978,76294.746653,2160,376,748,60.0,120.0
229,2022-09-28 13:24:11.050100,can_tapper13,"rgb(255,127,0)",498.0,460.0,504.0,7.630522088353414,84.00000000000003,95.0,8.68068866243026,1287,10.041666666666666,18.0,208.0,190.0,1.027225,-5.312101910828026,15.0,2.619211,0.017894736842105262,0.02,0.021052631578947368,4.602510460251046,1.018591237887621,0.7600000000001188,3.470356641605033,0.8530757288302228,28.752113,119.869402,104627.625539,1785,365,540,60.0,120.0
230,2022-09-28 14:23:17.578516,can_tapper13,"rgb(255,255,51)",500.0,455.0,504.0,9.0,90.0,95.0,10.566428835720139,607,10.516666666666666,14.5,285.0,270.5,1.130951,-5.9655172413793105,81.0,2.120302,0.013308687615526803,0.016635859519408505,0.01478743068391867,7.949790794979079,0.9602914524728783,1.0000000000001563,3.2620894576029285,0.8297740249370481,15.159113,119.92022,3546.528416,1623,343,474,60.0,120.0
231,2022-09-28 14:33:21.644008,can_tapper13,"rgb(166,86,40)",493.0,448.0,497.0,9.127789046653144,70.75000000000004,81.00000000000004,0.46960909760408504,1500,10.558333333333334,15.0,348.0,333.0,1.281307,-15.202205882352942,18.0,2.786256,0.012312312312312312,0.013513513513513513,0.013513513513513514,3.1185031185031185,0.7097886656710186,1.0000000000001563,2.4199454189414036,0.7670098674580543,59.814243,119.792607,604.065492,2157,311,538,60.0,120.0
232,2022-10-11 13:36:23.259629,can_tapper13,"rgb(247,129,191)",492.0,492.0,496.0,0.0,68.33333333333339,78.00000000000004,3.62712161205323,1500,10.35,18.0,18.0,0.0,0.0,-8.68954248366013,390.0,2.521093,,,,0.0,0.0,0.020000000000003126,10.234808531194847,0.6953003136109651,59.786149,119.787524,1119781.615621,2157,361,707,60.0,120.0
233,2022-10-11 13:36:28.859980,can_tapper13,"rgb(153,153,153)",492.0,428.0,496.0,13.008130081300814,68.33333333333339,78.00000000000004,4.886499949554569,1500,10.304285714285715,0.0,390.0,390.0,1.125192,-10.864353312302839,24.0,2.124909,0.009743589743589744,0.01641025641025641,0.010769230769230769,11.564625850340136,0.6535366361886801,1.5000000000002345,3.9134845291898115,0.8173750475457715,59.886175,119.944165,5.600351,2160,370,730,60.0,120.0
234,2022-10-11 13:41:50.793145,can_tapper13,"rgb(228,26,28)",528.0,462.0,536.0,12.5,100.0,100.0,47.70021675564439,1500,10.4,0.0,397.0,397.0,0.557358,-13.477272727272727,18.0,2.062082,0.011083123425692695,0.01662468513853904,0.01309823677581864,7.43801652892562,1.7392972281244936,3.000000000000469,2.565174071178317,0.7999893404217072,59.904915,17.879013,321.933165,936,182,415,60.0,120.0
235,2022-10-12 12:49:18.356599,can_tapper13,"rgb(55,126,184)",505.0,474.0,508.0,6.138613861386139,96.25,100.0,5.00419275564141e-13,96,9.458333333333334,0.0,284.0,284.0,0.931848,1.0328947368421053,17.0,2.035063,0.004577464788732394,0.010915492957746478,0.005633802816901409,4.3478260869565215,0.7121947856335564,0.7600000000001188,2.892719705486028,0.7640856272279959,4.938957,119.889411,83247.563454,1500,317,416,60.0,120.0
236,2022-10-12 13:35:03.649683,can_tapper13,"rgb(77,175,74)",489.0,439.0,493.0,10.224948875255624,62.08333333333334,70.75000000000004,1.8274852566597797,1500,10.06875,21.0,490.0,469.0,1.130866,-18.974921630094045,153.0,2.128717,0.008955223880597015,0.010660980810234541,0.009808102345415778,7.5,1.183697423737519,1.2400000000001938,2.565174071178317,0.6832661750435673,59.973363,119.900224,2745.293084,2159,402,513,60.0,120.0
237,2022-10-12 14:12:37.478773,can_tapper13,"rgb(152,78,163)",492.0,446.0,493.0,9.34959349593496,68.33333333333339,70.75000000000004,0.2371201053864487,1500,8.95,0.0,338.0,338.0,0.45284,-22.929765886287626,22.0,2.4515,0.005917159763313609,0.013609467455621303,0.00621301775147929,7.5,1.2097905632422565,1.5000000000002345,2.27471676670449,0.7479298906426182,59.882761,119.947245,2253.82909,2159,400,402,60.0,120.0
238,2022-10-13 13:12:58.426141,can_tapper13,"rgb(255,127,0)",494.0,463.0,498.0,6.275303643724696,73.16666666666671,84.00000000000003,9.743913896793197,764,9.933333333333334,19.0,297.0,278.0,0.914783,-21.17,17.0,2.412484,0.009712230215827337,0.011151079136690646,0.011151079136690648,6.029106029106029,0.8189574390191026,0.5000000000000782,3.2620894576029285,0.5560940377858385,18.305287,119.987752,82820.947368,1660,333,508,60.0,120.0
239,2022-10-18 09:18:09.489697,can_tapper13,"rgb(255,255,51)",497.0,462.0,501.0,7.042253521126761,81.00000000000004,91.25,6.272783727108198,1090,13.8,19.5,442.0,422.5,0.810372,-6.191881918819188,26.0,2.307719,0.002840236686390533,0.008284023668639054,0.003550295857988166,4.703476482617587,0.6647293595409136,0.5000000000000782,61.13735838335222,0.18634337500252263,24.804846,119.985017,417911.063556,1738,316,452,60.0,120.0
240,2022-10-18 09:27:39.086747,can_tapper13,"rgb(166,86,40)",494.0,426.0,500.0,13.765182186234817,73.16666666666671,90.0,4.094686264304262,1500,13.856666666666666,18.0,418.0,400.0,1.123414,-11.112903225806452,154.0,2.119624,0.009500000000000001,0.017,0.011000000000000001,15.92356687898089,0.9787056583153633,1.5000000000002345,119.99999999999996,0.4352192599536222,59.838222,119.953424,569.59705,2158,240,219,60.0,120.0
241,2022-10-18 09:36:35.784169,can_tapper13,"rgb(247,129,191)",494.0,429.0,500.0,13.157894736842104,73.16666666666671,90.0,2.882943503530017,1500,13.76,0.0,491.0,491.0,0.983218,-11.625592417061611,26.0,2.384734,0.007739307535641548,0.013238289205702646,0.008961303462321792,14.15929203539823,2.2978001676553137,1.0000000000001563,119.99999999999996,0.468840749288601,59.975775,119.914074,536.697422,2160,267,197,60.0,120.0
242,2022-10-18 10:07:45.155211,can_tapper13,"rgb(153,153,153)",493.0,447.0,494.0,9.330628803245435,70.75000000000004,73.16666666666671,4.118001830222576,1500,13.819999999999999,19.5,352.0,332.5,1.269062,-13.003508771929825,376.0,2.267668,0.010827067669172933,0.013834586466165413,0.011127819548872181,13.800424628450106,0.7972477931508523,1.0000000000001563,1.5976700719367605,0.05757708675394879,59.962675,119.927743,1869.371042,2160,398,655,60.0,120.0
243,2022-10-18 10:09:02.104505,can_tapper13,"rgb(228,26,28)",500.0,432.0,508.0,13.600000000000001,90.0,100.0,15.696629198498979,1500,13.815000000000001,16.0,376.0,360.0,0.453907,-22.44368600682594,19.0,3.047981,0.01138888888888889,0.01888888888888889,0.013611111111111112,13.72549019607843,2.287873266096609,1.5000000000002345,2.27471676670449,0.7225430077005285,59.869294,119.99701,76.949294,2158,433,691,60.0,120.0
244,2022-10-18 10:12:03.108137,can_tapper13,"rgb(55,126,184)",512.0,464.0,518.0,9.375,100.0,100.0,7.215718762540423,1500,13.933333333333334,0.0,483.0,483.0,1.054299,20.476744186046513,496.0,2.053945,0.009316770186335404,0.009937888198757764,0.010559006211180125,4.801670146137787,0.9088292469809718,0.7400000000001157,36.08162758099249,0.48186181270430706,59.988158,119.878544,181.003632,2159,314,445,60.0,120.0
245,2022-10-20 09:53:29.392479,can_tapper13,"rgb(77,175,74)",505.0,471.0,510.0,6.732673267326733,96.25000000000003,100.0,10.633639022092932,1084,12.8,18.0,416.0,398.0,0.81947,-2.769230769230769,18.0,2.316752,0.006658291457286432,0.008542713567839196,0.0077889447236180916,6.054279749478079,0.7358904573755423,0.5000000000000782,2.892719705486028,0.6940454947352389,24.699529,119.874324,171686.284342,1737,369,377,60.0,120.0
246,2022-10-20 14:17:04.342239,can_tapper13,"rgb(152,78,163)",488.0,455.0,489.0,6.762295081967213,60.0,62.08333333333334,3.403201512533227,1500,11.736666666666668,17.0,389.0,372.0,0.83575,-61.37623762376238,17.0,2.358443,0.006720430107526882,0.008870967741935484,0.006989247311827957,4.365904365904366,0.607254203860572,0.5000000000000782,2.27471676670449,0.6441195645083095,59.968401,119.925143,15814.94976,2160,374,483,60.0,120.0
247,2022-10-20 14:21:55.766429,can_tapper13,"rgb(255,127,0)",509.0,478.0,512.0,6.090373280943026,100.0,100.0,6.051690274072808,1142,11.883333333333333,0.0,331.0,331.0,0.926104,-46.72429906542056,21.0,2.021872,0.009365558912386707,0.009365558912386707,0.010271903323262839,0.7936507936507936,0.4176453987264395,1.0000000000001563,2.565174071178317,0.29668700349231736,25.846911,96.725243,291.42419,1471,259,409,60.0,120.0
248,2022-10-26 13:23:02.274680,can_tapper13,"rgb(255,255,51)",494.0,446.0,501.0,9.7165991902834,73.16666666666671,91.25,7.369304177871426,1379,15.080000000000002,0.0,221.0,221.0,1.135507,-5.029940119760479,18.0,2.135131,0.010407239819004526,0.02171945701357466,0.013574660633484162,10.647181628392484,0.652548047488483,0.7600000000001188,3.2620894576029285,0.7176617674519914,30.590467,119.998225,514866.508251,1808,393,561,60.0,120.0
249,2022-10-26 13:25:32.019835,can_tapper13,"rgb(166,86,40)",505.0,454.0,513.0,10.099009900990099,96.25,100.0,58.901297289456224,1500,13.441666666666668,0.0,237.0,237.0,0.457295,-5.964968152866242,20.0,2.058401,0.0033755274261603376,0.02151898734177215,0.006751054852320675,9.278350515463918,1.1532725963446515,1.0000000000001563,2.27471676670449,0.6217120568836016,59.799096,119.817726,149.745155,2157,468,696,60.0,120.0
250,2022-10-26 13:50:44.602924,can_tapper13,"rgb(247,129,191)",496.0,456.0,497.0,8.064516129032258,78.00000000000004,81.00000000000004,0.07968003541328336,1500,13.683333333333334,0.0,493.0,493.0,0.991208,-17.02994011976048,16.0,2.584926,0.006288032454361055,0.008113590263691683,0.006490872210953347,5.241090146750524,0.9046057414889535,1.0000000000001563,2.291161156711022,0.741846243756324,59.874347,119.972681,1512.583089,2158,503,533,60.0,120.0
251,2022-11-01 08:26:51.008429,can_tapper13,"rgb(153,153,153)",494.0,463.0,498.0,6.275303643724696,73.16666666666671,84.00000000000003,8.585962475815343,882,13.825,0.0,368.0,368.0,0.917959,-6.4392523364485985,15.0,2.016109,0.004076086956521739,0.008423913043478259,0.005163043478260869,3.917525773195876,0.34489442224893563,0.5000000000000782,2.892719705486028,0.6350709328294917,20.660409,119.938629,498966.405505,1688,357,410,60.0,120.0
252,2022-11-01 10:06:52.910867,can_tapper13,"rgb(228,26,28)",494.0,450.0,497.0,8.906882591093117,73.16666666666671,81.00000000000004,4.631957614202699,1500,13.485,16.0,339.0,323.0,1.167775,-18.950769230769232,23.0,2.765167,0.010526315789473686,0.013622291021671827,0.011455108359133128,7.592190889370933,1.0199239313105364,1.0000000000001563,2.0171482422437275,0.2657908652565929,59.976902,119.839125,6001.902438,2158,417,568,60.0,120.0
253,2022-11-01 10:09:35.846864,can_tapper13,"rgb(55,126,184)",512.0,463.0,520.0,9.5703125,100.0,100.0,8.541043796018705,1500,13.55,14.0,313.0,299.0,1.377876,-21.545731707317074,16.0,2.377356,0.0137123745819398,0.016387959866220735,0.016387959866220735,5.835010060362173,0.8146556814269343,1.2400000000001938,2.27471676670449,0.5791475085031546,59.881247,119.953752,162.935997,2160,478,669,60.0,120.0
254,2022-11-03 08:27:34.975159,can_tapper13,"rgb(77,175,74)",513.0,464.0,,9.551656920077972,100.0,,,0,11.725,0.0,247.0,247.0,1.120119,-0.5431654676258992,7.0,2.116058,0.012955465587044536,0.019838056680161944,,10.931174089068826,0.6376541846317098,1.5000000000002345,2.565174071178317,0.48304211209063175,0.203779,119.989352,166679.128295,1438,282,504,60.0,120.0
255,2022-11-03 19:55:04.010601,can_tapper13,"rgb(152,78,163)",516.0,516.0,516.0,0.0,100.0,100.0,0.2594134486284653,1500,12.05,0.0,12.0,12.0,0.496965,3.3067484662576687,5.0,2.098331,,,,0.0,0.0,0.020000000000003126,38.940238484831866,0.6204965481377278,33.81611,119.994508,41249.035442,3692,448,1011,60.0,120.0
256,2022-11-03 19:55:04.010601,can_tapper13,"rgb(255,127,0)",516.0,516.0,516.0,0.0,100.0,100.0,0.2594134486284653,1500,12.05,0.0,12.0,12.0,0.496965,3.3067484662576687,5.0,2.098331,,,,0.0,0.0,0.020000000000003126,38.940238484831866,0.6204965481377278,33.81611,119.994508,0.0,3692,448,1011,60.0,120.0
257,2022-11-04 09:51:39.370137,can_tapper13,"rgb(255,255,51)",493.0,445.0,498.0,9.73630831643002,70.75000000000004,84.00000000000003,3.6486682882961805,1500,8.191666666666666,20.0,489.0,469.0,0.629328,-3.616600790513834,91.0,2.033903,0.0034115138592750527,0.010234541577825159,0.004477611940298508,10.344827586206897,1.0449200479002825,0.7400000000001157,119.99999999999996,0.19986988952855356,41.94552,119.881466,50195.359536,1943,336,448,60.0,120.0
258,2022-11-04 09:57:10.241946,can_tapper13,"rgb(166,86,40)",493.0,450.0,497.0,8.72210953346856,70.75000000000004,81.00000000000004,4.084081815146718,1500,8.25,19.0,326.0,307.0,1.444473,-10.04885993485342,20.0,2.039699,0.011074918566775244,0.014006514657980456,0.012377850162866449,5.241090146750524,0.8761952994363189,1.0000000000001563,2.27471676670449,0.6405552960186791,59.971351,119.878474,330.871809,2159,367,559,60.0,120.0
259,2022-11-05 07:49:12.504612,can_tapper13,"rgb(247,129,191)",493.0,461.0,496.0,6.490872210953347,70.75000000000004,78.00000000000004,8.452472377560467,757,6.216666666666667,19.0,410.0,391.0,0.796746,-5.104895104895105,17.0,2.29684,0.008184143222506395,0.008184143222506395,0.00895140664961637,3.5639412997903563,0.4428097542171166,0.7400000000001157,3.678623825607137,0.6544109523264754,18.165553,119.919496,78722.262666,1659,327,507,60.0,120.0
260,2022-11-06 11:16:20.213198,can_tapper13,"rgb(153,153,153)",505.0,457.0,506.0,9.504950495049505,96.25,97.5,5.785439730758996,842,8.35,18.0,222.0,204.0,1.030582,-15.498269896193772,12.0,2.227352,0.015196078431372549,0.023529411764705882,0.01568627450980392,11.293634496919918,0.5110203783814945,0.5000000000000782,4.148345232772487,0.6771347652474426,19.853757,119.975211,98827.708586,1680,322,639,60.0,120.0
261,2022-11-06 15:03:33.363567,can_tapper13,"rgb(228,26,28)",498.0,443.0,501.0,11.04417670682731,84.00000000000003,91.25,0.8898492843781285,1500,9.7,0.0,334.0,334.0,1.090562,-27.19016393442623,17.0,2.080451,0.009880239520958085,0.01646706586826347,0.010778443113772455,6.995884773662551,0.8533499367884831,1.0000000000001563,3.470356641605033,0.804093306393445,59.876172,119.951797,13633.150369,2160,453,551,60.0,120.0
262,2022-11-07 09:31:55.281360,can_tapper13,"rgb(55,126,184)",501.0,458.0,504.0,8.582834331337326,91.25,95.0,23.275950756142443,241,6.55,15.0,198.0,183.0,1.131897,-6.0,10.0,2.629929,0.014754098360655738,0.023497267759562845,0.016393442622950817,3.7344398340248963,0.646934028206896,0.7600000000001188,3.2620894576029285,0.565432282148527,7.848715,119.984961,66501.917793,1536,324,452,60.0,120.0
263,2022-11-07 12:44:00.710878,can_tapper13,"rgb(77,175,74)",493.0,432.0,497.0,12.373225152129818,70.75000000000004,81.00000000000004,0.2631112280494962,1500,7.033333333333334,16.0,405.0,389.0,0.484956,-26.57190635451505,15.0,2.991,0.006426735218508998,0.015681233933161953,0.007197943444730077,11.578947368421053,2.245615728200835,1.5000000000002345,2.145932504474109,0.7720535892934322,59.789821,119.835297,11525.429518,2157,368,503,60.0,120.0
264,2022-11-08 07:41:32.305213,can_tapper13,"rgb(152,78,163)",388.0,155.0,426.0,60.051546391752574,40.0,40.0,24.411433071744383,1500,9.658333333333335,74.0,306.0,232.0,1.67065,-168.4403409090909,193.0,2.176925,0.04612068965517242,0.10043103448275863,0.0625,120.96774193548387,28.35370894869949,2.2600000000003533,1.7887444673306678,0.8411525286805336,59.956874,119.88239,68251.594335,2158,475,574,60.0,120.0
265,2022-11-08 13:44:31.171023,can_tapper13,"rgb(255,127,0)",496.0,449.0,497.0,9.475806451612904,78.00000000000004,81.00000000000004,0.12501338889488842,1500,17.458333333333332,0.0,396.0,396.0,1.078731,-73.6923076923077,27.0,2.081626,0.010353535353535354,0.011868686868686869,0.010606060606060607,2.375809935205184,0.5929261907485346,1.0000000000001563,13.796534727134544,0.4929464916717131,59.985809,119.839213,21778.86581,2160,391,645,60.0,120.0
266,2022-11-17 12:50:17.278854,can_tapper13,"rgb(255,255,51)",497.0,458.0,501.0,7.847082494969819,81.00000000000004,91.25,32.94155780097781,217,4.8,0.0,336.0,336.0,1.116488,-5.750841750841751,104.0,2.118846,0.009226190476190476,0.011607142857142858,0.010416666666666668,3.640256959314775,0.9166557544352624,1.0000000000001563,3.2620894576029285,0.8449551388638514,7.346608,119.990438,774346.107831,1530,315,420,60.0,120.0
267,2022-11-19 10:05:03.701909,can_tapper13,"rgb(166,86,40)",494.0,459.0,496.0,7.08502024291498,73.16666666666671,78.00000000000004,6.853267489888736e-13,76,4.783333333333333,0.0,429.0,429.0,0.818594,-9.12937062937063,21.0,2.319597,0.002797202797202797,0.008158508158508158,0.0032634032634032634,5.349794238683128,0.898666280541036,0.5000000000000782,2.565174071178317,0.747338152476875,4.548351,108.27313,162886.423055,1356,300,473,60.0,120.0
268,2022-11-19 10:07:47.981659,can_tapper13,"rgb(247,129,191)",505.0,470.0,568.0,6.9306930693069315,96.25,100.0,2.240083944197747,298,4.791666666666666,0.0,223.0,223.0,1.121647,-9.498349834983498,18.0,2.117668,0.011659192825112108,0.01569506726457399,0.03991031390134529,1.4613778705636744,0.4550448493972352,0.7400000000001157,2.7289468883321724,0.786029057693436,59.80206,119.997717,164.27975,1507,318,609,60.0,120.0
269,2022-11-21 10:51:09.892539,can_tapper13,"rgb(153,153,153)",501.0,467.0,501.0,6.786427145708583,91.25,91.25,6.503426764421645e-13,65,4.025,19.5,441.0,421.5,0.814626,-8.411214953271028,18.0,2.810951,0.0018979833926453145,0.008066429418742586,0.002135231316725979,2.231237322515213,0.5798935025210104,0.5000000000000782,2.892719705486028,0.7729037047728706,4.30724,119.98941,175401.91088,1493,336,381,60.0,120.0
270,2022-11-21 11:29:06.515740,can_tapper13,"rgb(228,26,28)",490.0,434.0,493.0,11.428571428571429,64.16666666666669,70.75000000000004,0.37212460983296985,1500,4.4625,20.0,29.0,9.0,1.58965,-19.807909604519775,22.0,2.090612,0.3111111111111111,0.6222222222222223,0.34444444444444444,8.370044052863436,1.1537202211704272,1.260000000000197,2.27471676670449,0.7706688267420636,59.864349,119.953818,2276.623201,2158,416,515,60.0,120.0
271,2022-11-22 10:02:01.653424,can_tapper13,"rgb(55,126,184)",501.0,466.0,505.0,6.986027944111776,91.25,96.25,2.405037185578947,1274,7.15,0.0,201.0,201.0,1.118715,-29.135135135135137,12.0,2.118637,0.015422885572139305,0.01741293532338309,0.017412935323383085,5.2631578947368425,0.6928038032037714,0.5000000000000782,4.148345232772487,0.7720167594420488,28.493738,119.84729,81175.137684,1782,396,415,60.0,120.0
272,2022-11-22 10:24:44.274265,can_tapper13,"rgb(77,175,74)",502.0,457.0,505.0,8.964143426294822,92.5,96.25,5.260951148081699,792,7.35,19.5,231.0,211.5,1.017945,-15.025974025974026,17.0,2.11777,0.017494089834515367,0.02127659574468085,0.018912529550827423,8.210526315789474,0.9886873302930048,0.5000000000000782,3.077404581544478,0.6732538560677315,18.852518,119.930343,1362.620841,3332,688,934,60.0,120.0
273,2022-11-22 10:24:44.274265,can_tapper13,"rgb(152,78,163)",502.0,457.0,505.0,8.964143426294822,92.5,96.25,5.260951148081699,792,7.35,19.5,231.0,211.5,1.017945,-15.025974025974026,17.0,2.11777,0.017494089834515367,0.02127659574468085,0.018912529550827423,8.210526315789474,0.9886873302930048,0.5000000000000782,3.077404581544478,0.6732538560677315,18.852518,119.930343,0.0,3332,688,934,60.0,120.0
274,2022-11-22 10:37:54.891933,can_tapper13,"rgb(255,127,0)",500.0,456.0,502.0,8.799999999999999,90.0,92.5,0.7018669786070968,1500,7.4,17.0,336.0,319.0,1.270111,-21.46749226006192,17.0,3.366446,0.011285266457680252,0.013793103448275864,0.011912225705329155,7.6923076923076925,0.8999891353333082,1.0000000000001563,2.0171482422437275,0.5405747156797938,59.990976,119.988025,790.617668,4320,782,862,60.0,120.0
275,2022-11-22 10:37:54.891933,can_tapper13,"rgb(255,255,51)",500.0,456.0,502.0,8.799999999999999,90.0,92.5,0.7018669786070968,1500,7.4,17.0,336.0,319.0,1.270111,-21.46749226006192,17.0,3.366446,0.011285266457680252,0.013793103448275864,0.011912225705329155,7.6923076923076925,0.8999891353333082,1.0000000000001563,2.0171482422437275,0.5405747156797938,59.990976,119.988025,0.0,4320,782,862,60.0,120.0
276,2022-11-22 10:51:21.144080,can_tapper13,"rgb(166,86,40)",502.0,467.0,506.0,6.97211155378486,92.5,97.5,4.2104196490740184,1500,7.5,28.0,473.0,445.0,1.010018,-23.642857142857142,29.0,2.009655,0.006741573033707865,0.007865168539325843,0.007640449438202248,4.237288135593221,0.9600737094874741,0.5000000000000782,1.7887444673306678,0.2749175664596947,59.915339,84.524054,806.252147,3468,884,674,60.0,120.0
277,2022-11-22 10:51:21.144080,can_tapper13,"rgb(247,129,191)",502.0,467.0,506.0,6.97211155378486,92.5,97.5,4.2104196490740184,1500,7.5,28.0,473.0,445.0,1.010018,-23.642857142857142,29.0,2.009655,0.006741573033707865,0.007865168539325843,0.007640449438202248,4.237288135593221,0.9600737094874741,0.5000000000000782,1.7887444673306678,0.2749175664596947,59.915339,84.524054,0.0,3468,884,674,60.0,120.0
278,2022-11-23 09:55:21.106378,can_tapper13,"rgb(153,153,153)",493.0,457.0,494.0,7.302231237322515,70.75000000000004,73.16666666666671,3.522188232082853,1500,7.375,11.0,223.0,212.0,1.067923,-21.683229813664596,84.0,2.063599,0.01320754716981132,0.016981132075471698,0.013679245283018867,6.947368421052632,0.9704553524305521,0.5000000000000782,3.2620894576029285,0.7558061256184194,59.953126,119.865142,83039.962298,2160,371,399,60.0,120.0
279,2022-11-23 10:07:52.984244,can_tapper13,"rgb(228,26,28)",497.0,463.0,498.0,6.841046277665996,81.00000000000004,84.00000000000003,2.511094449374617,1500,7.483333333333334,17.0,423.0,406.0,0.802884,-20.52870090634441,15.0,2.301476,0.005418719211822661,0.008374384236453203,0.005665024630541873,4.703476482617587,0.7231441562347418,0.24000000000003752,2.0171482422437275,0.6514240147117907,59.841721,119.946734,751.877866,2158,542,498,60.0,120.0
280,2022-11-28 09:56:57.972012,can_tapper13,"rgb(55,126,184)",490.0,454.0,493.0,7.346938775510205,64.16666666666669,70.75000000000004,3.3997343173621726,332,16.2,0.0,431.0,431.0,0.512155,-20.975609756097562,20.0,2.023999,0.0064965197215777265,0.008352668213457076,0.007192575406032482,7.112970711297071,1.3567081460751393,0.5000000000000782,80.08214235255879,0.37420150612596637,9.646213,119.969752,431344.987768,1164,187,206,60.0,120.0
281,2022-11-28 09:59:46.090905,can_tapper13,"rgb(77,175,74)",489.0,439.0,493.0,10.224948875255624,62.08333333333334,70.75000000000004,2.5431033524898026,1500,16.275,0.0,327.0,327.0,1.209347,-37.36413043478261,26.0,2.303314,0.012538226299694191,0.015290519877675842,0.013761467889908258,11.48936170212766,0.6519003783845435,1.0000000000001563,119.99999999999996,0.4513760676286652,59.909186,119.905431,168.118893,2160,275,368,60.0,120.0
282,2022-11-28 10:02:31.726097,can_tapper13,"rgb(152,78,163)",493.0,440.0,497.0,10.75050709939148,70.75000000000004,81.00000000000004,3.3373348165925307,1500,16.22083333333333,0.0,405.0,405.0,1.01353,-42.25089605734767,154.0,2.11414,0.010617283950617283,0.013086419753086418,0.011604938271604939,7.276507276507276,0.921792363220838,1.5000000000002345,1.7887444673306678,0.32524725137679866,59.993799,119.836796,165.635192,2158,312,540,60.0,120.0
283,2022-11-28 10:07:29.699897,can_tapper13,"rgb(255,127,0)",497.0,446.0,500.0,10.261569416498995,81.00000000000004,90.0,4.661104293823331,1500,16.275,0.0,294.0,294.0,1.58569,-42.484276729559745,154.0,2.090008,0.009863945578231293,0.017346938775510204,0.0108843537414966,3.930131004366812,0.8587905136499463,1.5000000000002345,2.27471676670449,0.8140060942764601,59.90596,119.940709,297.9738,2160,385,566,60.0,120.0
284,2022-11-30 09:24:55.557212,can_tapper13,"rgb(255,255,51)",501.0,474.0,502.0,5.389221556886228,91.25,92.5,28.366352592520688,257,6.991666666666665,0.0,300.0,300.0,0.921455,-2.5943396226415096,20.0,2.02005,0.007333333333333333,0.009,0.007666666666666666,3.4482758620689653,0.7458942850692147,0.5000000000000782,3.678623825607137,0.735916219373125,8.151255,119.925751,170245.857315,1539,336,496,60.0,120.0
285,2022-11-30 11:34:20.594425,can_tapper13,"rgb(166,86,40)",494.0,441.0,496.0,10.728744939271255,73.16666666666671,78.00000000000004,4.3962330649916375,1500,7.0,17.0,354.0,337.0,1.337709,-27.811643835616437,18.0,2.338081,0.010385756676557865,0.01572700296735905,0.010979228486646883,5.592841163310962,0.9158030485909538,1.0000000000001563,2.0171482422437275,0.7822802234357481,59.899512,119.938537,7765.037213,2159,456,679,60.0,120.0
286,2022-12-05 09:09:58.876633,can_tapper13,"rgb(247,129,191)",495.0,453.0,500.0,8.484848484848486,76.1666666666667,90.0,12.42968781881714,672,2.05,33.0,319.0,286.0,1.416241,-3.13314447592068,177.0,2.018205,0.014685314685314685,0.014685314685314685,0.016433566433566433,3.6093418259023355,0.7198435046152596,1.0000000000001563,2.892719705486028,0.7805822388307848,16.453849,119.888563,423338.282208,1638,381,520,60.0,120.0
287,2022-12-05 13:28:49.757888,can_tapper13,"rgb(153,153,153)",493.0,446.0,494.0,9.533468559837727,70.75000000000004,73.16666666666671,2.0017520007783793,1500,3.183333333333333,21.5,330.0,308.5,1.305758,-12.24126984126984,30.0,2.393819,0.010372771474878443,0.015235008103727715,0.010696920583468394,8.296943231441048,1.0766850177499212,1.0200000000001594,3.077404581544478,0.8685727976439359,59.929449,119.969283,15530.881255,2160,442,677,60.0,120.0
288,2022-12-13 09:38:06.985246,can_tapper13,"rgb(228,26,28)",492.0,437.0,494.0,11.178861788617885,68.33333333333339,73.16666666666671,5.934624859832023,1500,-2.2583333333333333,0.0,346.0,346.0,1.414526,-2.9096573208722742,76.0,2.021547,0.01069364161849711,0.015895953757225433,0.011271676300578036,12.153518123667377,0.6361892540678253,1.5000000000002345,3.2620894576029285,0.8334225895980429,59.809426,119.98575,677357.227358,2158,459,745,60.0,120.0
289,2022-12-20 12:56:29.806162,can_tapper13,"rgb(55,126,184)",498.0,471.0,502.0,5.421686746987952,84.00000000000003,92.5,5.552153926740392,1310,7.783333333333333,18.0,365.0,347.0,1.016158,-9.163333333333334,17.0,2.013998,0.007780979827089337,0.007780979827089337,0.008933717579250721,1.0615711252653928,0.46253395685011695,0.5000000000000782,3.2620894576029285,0.7392565546137285,29.206374,119.885122,616702.820916,1791,363,517,60.0,120.0
290,2023-02-09 10:52:53.020770,can_tapper13,"rgb(77,175,74)",489.0,435.0,490.0,11.042944785276074,62.08333333333334,64.16666666666669,0.301644578508683,1500,0.45833333333333337,20.5,403.0,382.5,1.216382,-7.934156378600823,109.0,2.325651,0.010718954248366013,0.014117647058823532,0.010980392156862745,6.813186813186813,0.9543487618705314,1.260000000000197,2.7289468883321724,0.8231430407702243,59.966522,119.822126,4398983.214608,2158,395,810,60.0,120.0
291,2023-02-16 07:32:32.557402,can_tapper13,"rgb(152,78,163)",490.0,436.0,495.0,11.020408163265307,64.16666666666669,76.1666666666667,7.0427893625131395,732,7.3,0.0,338.0,338.0,1.231869,-5.8259668508287294,37.0,2.417051,0.010650887573964499,0.015976331360946748,0.012130177514792898,13.00639658848614,0.5657527033773149,1.0000000000001563,2.9136317643906224,0.7799300576279575,17.651044,119.92967,592779.536632,1653,406,462,60.0,120.0
292,2023-02-16 08:34:55.524490,can_tapper13,"rgb(255,127,0)",486.0,439.0,489.0,9.670781893004115,56.428571428571416,62.08333333333334,0.419769075452905,1500,6.683333333333333,0.0,463.0,463.0,1.07468,-8.246153846153845,325.0,2.168884,0.007991360691144709,0.010151187904967602,0.008639308855291577,9.090909090909092,1.4243586281791218,1.0000000000001563,119.99999999999996,0.4720248348253747,59.920127,119.995876,3742.967088,2159,363,653,60.0,120.0
293,2023-02-16 08:36:52.957944,can_tapper13,"rgb(255,255,51)",493.0,446.0,498.0,9.533468559837727,70.66666666666666,84.00000000000003,9.336786371903424,1500,6.775,21.0,325.0,304.0,1.229787,-25.10674157303371,27.0,2.326373,0.012499999999999999,0.015460526315789473,0.014144736842105265,8.296943231441048,1.1308694094146194,1.0200000000001594,2.0171482422437275,0.7469424526895259,59.97438,119.906801,117.433454,2159,458,732,60.0,120.0
294,2023-02-16 08:51:56.665734,can_tapper13,"rgb(166,86,40)",543.0,477.0,555.0,12.154696132596685,100.0,100.0,24.406339736147057,1500,6.95,25.0,426.0,401.0,1.041732,-8.813880126182966,158.0,2.044398,0.01321695760598504,0.016458852867830425,0.016209476309226933,9.297912713472487,1.5241940947359804,1.5000000000002345,1.5862030873085784,0.24508198329557718,59.907933,119.932357,903.70779,2158,454,743,60.0,120.0
295,2023-02-16 08:53:57.236560,can_tapper13,"rgb(247,129,191)",535.0,474.0,547.0,11.401869158878505,100.0,100.0,40.656426958405575,1500,8.05,23.5,402.0,378.5,1.162167,39.421875,499.0,2.261202,0.011096433289299868,0.016116248348745046,0.0142668428005284,11.475409836065573,1.652516259340066,1.0000000000001563,13.796534727134544,0.4197892337552943,59.918245,119.939374,120.570826,2119,407,414,60.0,120.0
296,2023-02-16 08:57:28.823111,can_tapper13,"rgb(153,153,153)",494.0,454.0,498.0,8.097165991902834,73.16666666666671,84.00000000000003,2.1284987237767417,1500,7.308333333333333,0.0,157.0,157.0,0.532241,-27.353312302839118,20.0,2.032672,0.001910828025477707,0.025477707006369428,0.0044585987261146496,5.217391304347826,1.4023841698629524,1.0000000000001563,2.27471676670449,0.7601129201808227,59.979977,119.938816,211.586551,2159,418,477,60.0,120.0
297,2023-02-27 13:27:19.588114,can_tapper13,"rgb(228,26,28)",491.0,447.0,497.0,8.961303462321792,66.58333333333336,81.00000000000004,12.38070185962281,558,15.6,0.0,402.0,402.0,1.1075,-0.07692307692307693,27.0,2.112424,0.00845771144278607,0.010945273631840797,0.009950248756218907,3.7037037037037037,1.0836701954387118,1.0200000000001594,0.9808458078759222,0.08020098964843225,14.17283,119.871553,966590.765003,1572,140,292,60.0,120.0
298,2023-02-27 13:29:33.991134,can_tapper13,"rgb(55,126,184)",493.0,443.0,494.0,10.141987829614605,70.75000000000004,73.16666666666671,1.0834315926359723,1500,15.533333333333331,19.0,343.0,324.0,1.233155,-35.666666666666664,23.0,2.33181,0.012345679012345678,0.015432098765432098,0.012654320987654321,8.609271523178808,0.6969977938126547,1.0000000000001563,60.79310154365427,0.2515094073186189,59.790339,119.988546,134.40302,2160,295,528,60.0,120.0
299,2023-02-27 13:32:03.734710,can_tapper13,"rgb(77,175,74)",510.0,458.0,517.0,10.196078431372548,100.0,100.0,6.180704969201386,1500,15.625,0.0,360.0,360.0,0.512517,-37.50837988826816,18.0,2.019653,0.005,0.014444444444444446,0.006944444444444445,8.333333333333334,0.9509237408849852,1.2400000000001938,2.565174071178317,0.6922735767230612,59.775246,119.807928,149.743576,2157,426,690,60.0,120.0
300,2023-03-07 07:41:44.072107,can_tapper13,"rgb(152,78,163)",372.0,335.0,377.0,9.946236559139784,68.50000000000003,80.0,10.863596974146517,745,14.705000000000002,0.0,372.0,372.0,1.30185,-31.161290322580644,22.0,2.903097,0.008333333333333335,0.009946236559139785,0.00967741935483871,100.0,50.0,1.0000000000001563,3.678623825607137,0.8520173127877678,17.919389,13.127749,670180.337397,369,67,145,60.0,120.0
301,2023-03-07 07:59:53.725411,can_tapper13,"rgb(255,127,0)",381.0,349.0,387.0,8.398950131233596,85.0,85.0,3.8445528198005854,1500,14.73333333333333,0.0,493.0,493.0,0.985632,-20.476190476190474,20.0,2.082078,0.0034482758620689655,0.006490872210953347,0.004665314401622718,100.0,50.0,0.7600000000001188,4.148345232772487,0.833667990640875,57.140132,10.893673,1089.653304,817,144,85,60.0,120.0
302,2023-03-07 08:08:32.765936,can_tapper13,"rgb(255,255,51)",389.0,349.0,,10.282776349614396,85.0,,,0,14.791666666666668,21.0,340.0,319.0,1.304515,-4.7957957957957955,20.0,3.00408,0.009717868338557995,0.012539184952978056,,100.0,49.99999999999999,1.0200000000001594,2.892719705486028,0.832113686103553,0.854244,119.955107,519.040525,1444,340,629,60.0,120.0
303,2023-03-07 10:40:28.203676,can_tapper13,"rgb(166,86,40)",377.0,342.0,381.0,9.283819628647215,80.0,85.0,6.7991496885098215,1500,15.525,25.0,326.0,301.0,1.214854,-9.14114114114114,26.0,2.31943,0.011627906976744186,0.011627906976744186,0.012956810631229236,100.0,50.0,1.0000000000001563,2.892719705486028,0.7753793049268601,43.860453,119.963445,9115.43774,3920,824,1264,60.0,120.0
304,2023-03-07 10:40:28.203676,can_tapper13,"rgb(247,129,191)",377.0,342.0,381.0,9.283819628647215,80.0,85.0,6.7991496885098215,1500,15.525,25.0,326.0,301.0,1.214854,-9.14114114114114,26.0,2.31943,0.011627906976744186,0.011627906976744186,0.012956810631229236,100.0,50.0,1.0000000000001563,2.892719705486028,0.7753793049268601,43.860453,119.963445,0.0,3920,824,1264,60.0,120.0
305,2023-03-07 10:51:05.772757,can_tapper13,"rgb(153,153,153)",375.0,340.0,378.0,9.333333333333334,77.5,81.25,0.41756463002864935,1500,15.5,22.0,336.0,314.0,1.190696,-2.9174311926605503,27.0,2.379372,0.008598726114649683,0.011146496815286625,0.009554140127388536,100.0,49.999999999999986,1.0000000000001563,74.20329583699333,0.5278138950903712,59.79643,119.96942,637.569081,2145,315,213,60.0,120.0
306,2023-03-07 11:05:34.042752,can_tapper13,"rgb(228,26,28)",371.0,337.0,372.0,9.164420485175203,66.08333333333337,68.50000000000003,0.36636460727306314,1500,15.5,21.5,332.0,310.5,1.19304,-20.236526946107784,31.0,2.292721,0.007407407407407408,0.010950080515297906,0.007729468599033817,100.0,50.0,1.0000000000001563,2.0171482422437275,0.3668942891256345,59.987453,119.845546,868.269995,2149,438,656,60.0,120.0
307,2023-03-07 11:27:38.699867,can_tapper13,"rgb(55,126,184)",369.0,334.0,372.0,9.48509485094851,61.25000000000004,68.50000000000003,0.22409787737656672,1500,15.466666666666669,0.0,394.0,394.0,1.291971,-29.144542772861357,27.0,2.290806,0.007868020304568527,0.008883248730964466,0.008629441624365483,100.0,50.0,1.0000000000001563,2.565174071178317,0.865131504140004,59.983773,119.884026,1324.657115,2139,454,744,60.0,120.0
308,2023-03-07 12:44:16.506018,can_tapper13,"rgb(77,175,74)",378.0,346.0,380.0,8.465608465608465,81.25,83.75,3.4617259829881246,1500,15.7,24.0,308.0,284.0,1.391377,-22.46525679758308,23.0,3.489602,0.007746478873239437,0.011267605633802818,0.008450704225352114,100.0,50.0,1.0000000000001563,3.2620894576029285,0.8462549179672684,59.833934,119.974719,4597.806151,2150,376,642,60.0,120.0
309,2023-03-07 13:03:24.864030,can_tapper13,"rgb(152,78,163)",390.0,345.0,395.0,11.538461538461538,85.0,85.0,46.76272851610647,184,15.758333333333331,0.0,440.0,440.0,1.014225,-14.956896551724139,153.0,2.015068,0.0075,0.010227272727272727,0.008636363636363636,100.0,50.00000000000001,1.5000000000002345,2.565174071178317,0.5695558924978418,6.697752,85.841327,1148.358012,1105,251,458,60.0,120.0
310,2023-03-07 14:20:11.994653,can_tapper13,"rgb(255,127,0)",378.0,342.0,381.0,9.523809523809524,81.25,85.0,1.6527483802237072e-14,1500,14.066666666666666,16.5,362.0,345.5,1.387006,-19.107692307692307,23.0,2.392878,0.008104196816208394,0.010419681620839363,0.008972503617945007,100.0,50.00000000000001,1.0000000000001563,119.99999999999996,0.44719411058724257,59.827009,119.983658,4607.130623,2151,296,473,60.0,120.0
311,2023-03-07 14:58:13.539350,can_tapper13,"rgb(255,255,51)",374.0,336.0,377.0,10.16042780748663,74.50000000000001,80.0,1.937165305406394,1500,16.065,13.0,350.0,337.0,1.084826,-25.639871382636656,15.0,2.577351,0.008011869436201781,0.011275964391691394,0.008902077151335312,100.0,50.0,1.0000000000001563,2.892719705486028,0.912622021117039,59.971492,119.915752,2281.544697,2143,371,761,60.0,120.0
312,2023-03-07 15:04:49.984660,can_tapper13,"rgb(166,86,40)",381.0,341.0,384.0,10.498687664041995,85.0,85.0,0.2631112280491916,1500,15.975,0.0,229.0,229.0,1.406575,-19.434065934065934,122.0,2.012425,0.011353711790393014,0.017467248908296942,0.012663755458515284,100.0,50.0,1.0000000000001563,3.2620894576029285,0.8947344910625239,59.801129,119.997075,396.44531,2135,494,781,60.0,120.0
313,2023-03-07 15:12:34.805309,can_tapper13,"rgb(247,129,191)",375.0,334.0,378.0,10.933333333333334,77.5,81.25,2.9232752156300525e-13,1500,16.0875,13.0,340.0,327.0,1.152024,-21.957095709570957,21.0,2.850899,0.00978593272171254,0.01253822629969419,0.010703363914373088,100.0,50.0,1.0000000000001563,2.27471676670449,0.31275116040358086,59.824374,119.993875,464.820649,2137,469,669,60.0,120.0
314,2023-03-07 15:22:33.400106,can_tapper13,"rgb(153,153,153)",372.0,338.0,375.0,9.13978494623656,68.50000000000003,77.5,4.156167692041187e-14,1500,16.1,13.0,306.0,293.0,1.127825,-16.266375545851528,22.0,2.222825,0.007508532423208191,0.011604095563139932,0.008532423208191127,100.0,50.0,1.0000000000001563,119.99999999999996,0.5252235427561023,59.836378,119.955442,598.594797,2145,288,322,60.0,120.0
315,2023-03-08 07:05:14.148861,can_tapper13,"rgb(228,26,28)",375.0,332.0,378.0,11.466666666666667,77.5,81.25,1.8575326625635182e-13,125,15.45,21.5,460.0,438.5,1.126774,-12.465116279069768,108.0,2.116049,0.008893956670467502,0.009806157354618017,0.009578107183580388,100.0,49.99999999999999,1.5000000000002345,3.678623825607137,0.8795900851781796,5.502939,119.811741,56560.748755,1488,315,727,60.0,120.0
316,2023-03-08 13:12:54.869609,can_tapper13,"rgb(55,126,184)",391.0,354.0,396.0,9.462915601023019,85.0,85.0,9.18349042908601,460,16.7,20.0,333.0,313.0,1.207034,-8.75233644859813,35.0,2.907172,0.00926517571884984,0.011821086261980831,0.01086261980830671,100.0,50.00000000000001,1.0000000000001563,2.27471676670449,0.5575987950446083,12.206437,81.08635,22060.720748,1118,242,457,60.0,120.0
317,2023-03-09 08:11:05.972214,can_tapper13,"rgb(77,175,74)",378.0,338.0,,10.582010582010582,81.25,,,0,16.95,18.0,166.0,148.0,1.521711,-8.908823529411764,94.0,2.117386,0.014864864864864866,0.02702702702702703,,100.0,50.00000000000001,1.5000000000002345,2.892719705486028,0.845375957251252,1.64672,119.9235,68291.102605,1447,347,547,60.0,120.0
318,2023-03-09 09:49:31.248472,can_tapper13,"rgb(152,78,163)",395.0,356.0,,9.873417721518987,85.0,,,0,15.808333333333332,21.0,326.0,305.0,1.417042,-6.718875502008032,24.0,2.025616,0.011475409836065573,0.01278688524590164,,100.0,50.00000000000001,1.2400000000001938,119.99999999999996,0.20811411855643125,2.855246,119.931642,5905.276258,1466,259,450,60.0,120.0
319,2023-03-09 09:52:03.596581,can_tapper13,"rgb(255,127,0)",387.0,346.0,392.0,10.594315245478036,85.0,85.0,3.7463749983880246,1500,15.9,17.0,412.0,395.0,1.007176,-6.890282131661442,25.0,2.113656,0.008860759493670886,0.010379746835443038,0.010126582278481013,100.0,49.99999999999999,1.260000000000197,119.99999999999996,0.36293715892640543,59.935696,119.854927,152.348109,2141,373,403,60.0,120.0
320,2023-03-09 10:00:11.035145,can_tapper13,"rgb(255,255,51)",378.0,342.0,378.0,9.523809523809524,81.25,81.25,3.919699519865591,1500,15.841666666666669,13.5,333.0,319.5,1.209734,-6.234657039711191,22.0,2.407637,0.011267605633802816,0.011267605633802816,0.011267605633802816,100.0,50.0,1.0000000000001563,119.99999999999996,0.5191982285167618,59.832146,119.959942,487.438564,2145,429,337,60.0,120.0
321,2023-03-09 10:52:01.659044,can_tapper13,"rgb(166,86,40)",375.0,340.0,378.0,9.333333333333334,77.5,81.25,2.9232752156300525e-13,1500,15.98333333333333,0.0,302.0,302.0,1.26573,-24.765822784810126,21.0,2.365723,0.008940397350993378,0.011589403973509934,0.009933774834437087,100.0,50.0,1.0000000000001563,119.99999999999996,0.5058821280285196,59.941653,119.874674,3110.623899,2150,173,349,60.0,120.0
322,2023-03-09 13:53:02.266443,can_tapper13,"rgb(247,129,191)",389.0,344.0,392.0,11.568123393316196,85.0,85.0,4.55377980167918,1500,16.60833333333333,16.5,277.0,260.5,1.615835,-17.99484536082474,146.0,2.114185,0.011132437619961612,0.01727447216890595,0.012284069097888674,100.0,50.0,1.7600000000002751,3.2620894576029285,0.8587963294913981,59.855313,67.686803,10860.607399,1520,308,627,60.0,120.0
323,2023-03-21 10:37:33.281010,can_tapper13,"rgb(153,153,153)",372.0,339.0,377.0,8.870967741935484,68.50000000000003,80.0,5.3412201516526725,1500,15.975,22.0,359.0,337.0,1.210849,-8.681388012618296,22.0,2.315912,0.009792284866468843,0.009792284866468843,0.011275964391691394,100.0,50.00000000000001,1.0000000000001563,3.2620894576029285,0.8442666646734858,53.616141,119.968395,1025071.014567,2081,426,545,60.0,120.0
324,2023-03-23 08:22:50.977389,can_tapper13,"rgb(228,26,28)",378.0,333.0,381.0,11.904761904761903,81.25,85.0,4.752099889820706,1500,16.5125,0.0,451.0,451.0,1.158825,-15.650165016501651,147.0,2.153702,0.006873614190687361,0.009977827050997782,0.007538802660753881,100.0,50.0,1.5000000000002345,3.2620894576029285,0.8807844959173813,59.806701,119.799007,164717.696379,2148,368,535,60.0,120.0
325,2023-03-23 08:59:56.273652,can_tapper13,"rgb(55,126,184)",381.0,354.0,384.0,7.086614173228346,85.0,85.0,6.383581471607639,779,16.625,15.5,230.0,214.5,1.124653,-6.306620209059234,11.0,2.12266,0.008857808857808857,0.012587412587412587,0.010256410256410256,100.0,50.00000000000001,0.7600000000001188,2.892719705486028,0.8323390895602764,18.589612,119.986507,2225.296263,1661,325,419,60.0,120.0
326,2023-03-23 09:04:32.102183,can_tapper13,"rgb(77,175,74)",390.0,347.0,395.0,11.025641025641026,85.0,85.0,4.231681880746539,1500,16.64166666666667,15.0,497.0,482.0,0.386302,-10.558620689655172,2.0,51.608648,0.005601659751037345,0.00892116182572614,0.006639004149377593,100.0,49.99999999999999,1.740000000000272,2.0171482422437275,0.8709676758566066,59.800073,111.311702,275.828531,2049,428,528,60.0,120.0
327,2023-03-23 09:13:05.576763,can_tapper13,"rgb(152,78,163)",384.0,358.0,387.0,6.770833333333333,85.0,85.0,15.708556484243038,262,16.625,0.0,421.0,421.0,0.819349,-6.217665615141956,9.0,2.222449,0.005225653206650832,0.006175771971496437,0.005938242280285036,100.0,50.0,0.5000000000000782,2.892719705486028,0.8266086245466864,8.248698,119.813649,513.47458,1539,336,451,60.0,120.0
328,2023-03-23 10:08:34.866348,can_tapper13,"rgb(255,127,0)",378.0,351.0,381.0,7.142857142857142,81.25,85.0,5.449312348865103,915,16.725,0.0,483.0,483.0,0.518526,-14.440944881889763,23.0,2.022736,0.002070393374741201,0.0055900621118012426,0.002691511387163561,100.0,50.0,0.7600000000001188,119.99999999999996,0.21203511715657575,21.305819,66.231538,3329.289585,1053,173,223,60.0,120.0
329,2023-03-28 12:41:26.070570,can_tapper13,"rgb(255,255,51)",502.0,474.0,504.0,5.577689243027888,92.5,95.0,5.879715599492828,437,15.975,21.0,287.0,266.0,0.916433,-15.434156378600823,18.0,2.011551,0.010526315789473684,0.010526315789473684,0.011278195488721806,1.6129032258064515,0.5559350321214114,0.5000000000000782,3.2620894576029285,0.8168821857762595,11.760523,119.838526,441171.204222,2688,554,701,60.0,120.0
330,2023-03-28 12:41:26.070570,can_tapper13,"rgb(166,86,40)",502.0,474.0,504.0,5.577689243027888,92.5,95.0,5.879715599492828,437,15.975,21.0,287.0,266.0,0.916433,-15.434156378600823,18.0,2.011551,0.010526315789473684,0.010526315789473684,0.011278195488721806,1.6129032258064515,0.5559350321214114,0.5000000000000782,3.2620894576029285,0.8168821857762595,11.760523,119.838526,0.0,2688,554,701,60.0,120.0
331,2023-03-28 13:15:56.692426,can_tapper13,"rgb(247,129,191)",496.0,446.0,495.0,10.080645161290322,78.00000000000004,75.58333333333339,0.621218053874883,1500,16.01666666666667,0.0,344.0,344.0,1.194831,-15.065068493150685,425.0,2.18997,0.011627906976744186,0.014534883720930234,0.011337209302325582,6.172839506172839,0.7837916731346195,1.0000000000001563,1.4963993819257158,0.0855185509145654,59.851179,119.999069,2070.621856,2160,394,626,60.0,120.0
332,2023-03-28 13:17:16.355909,can_tapper13,"rgb(153,153,153)",503.0,429.0,512.0,14.7117296222664,93.75,100.0,23.128099168039864,1500,15.925,19.0,425.0,406.0,0.4468,-24.295681063122924,140.0,2.044712,0.010591133004926107,0.018226600985221674,0.012807881773399013,22.22222222222222,2.009694618265931,1.5000000000002345,2.27471676670449,0.8529814572303112,59.998094,119.895012,79.663483,2160,446,649,60.0,120.0
333,2023-03-28 13:24:37.917915,can_tapper13,"rgb(228,26,28)",520.0,459.0,537.0,11.73076923076923,100.0,100.0,61.137013838663044,1500,16.025,19.5,348.0,328.5,1.184346,-18.435114503816795,27.0,2.177278,0.01339421613394216,0.01856925418569254,0.01856925418569254,10.56910569105691,1.323090118073263,1.0000000000001563,1.801675664776153,0.4092285712888216,59.871862,119.997026,441.562006,2159,403,537,60.0,120.0
334,2023-03-28 13:26:53.552543,can_tapper13,"rgb(55,126,184)",523.0,454.0,535.0,13.193116634799235,100.0,100.0,53.83999726221245,1500,16.125,0.0,494.0,494.0,1.097818,37.51162790697674,499.0,2.002275,0.010323886639676113,0.013967611336032387,0.012753036437246965,17.408906882591094,1.823717036483655,1.5000000000002345,17.544825121425337,0.24266857034037048,59.964574,119.929975,135.634628,2120,300,304,60.0,120.0
335,2023-03-28 13:39:15.457898,can_tapper13,"rgb(77,175,74)",499.0,448.0,500.0,10.220440881763528,86.87499999999997,90.0,1.8980008435554123,1500,16.28333333333333,0.0,297.0,297.0,1.402453,-29.802768166089965,16.0,2.0066,0.012121212121212121,0.01717171717171717,0.012457912457912458,12.133891213389122,1.031092037474922,1.0200000000001594,3.678623825607137,0.867996552532927,59.997069,119.930749,741.905355,2160,398,625,60.0,120.0
336,2023-04-03 15:02:11.448952,can_tapper13,"rgb(152,78,163)",516.0,464.0,520.0,10.077519379844961,100.0,100.0,5.542713574538674,1500,15.05,0.0,320.0,320.0,1.479369,-19.61780104712042,23.0,2.079344,0.013437500000000002,0.01625,0.0146875,6.6115702479338845,0.9806823806356846,1.0000000000001563,1.5862030873085784,0.20683236410548422,59.828305,73.753226,523375.991054,1603,258,235,60.0,120.0
337,2023-04-04 08:58:01.255008,can_tapper13,"rgb(255,127,0)",491.0,449.0,492.0,8.55397148676171,66.25000000000003,68.33333333333339,1.6328097519728783e-12,221,7.45,36.0,337.0,301.0,1.518415,-9.057057057057056,187.0,2.020715,0.010963455149501661,0.013953488372093025,0.011295681063122924,4.0,0.668245263136187,1.0000000000001563,3.2620894576029285,0.8552813655170055,7.447722,119.870865,64549.806056,1530,357,417,60.0,120.0
338,2023-04-05 08:55:20.034435,can_tapper13,"rgb(255,255,51)",503.0,429.0,,14.7117296222664,93.75,,,0,7.8,0.0,426.0,426.0,0.60037,-5.128930817610063,39.0,2.101051,0.010093896713615023,0.017370892018779345,,20.869565217391305,1.8205685958317397,1.5000000000002345,3.2620894576029285,0.87301301373332,0.151998,119.908375,86238.779427,2886,648,782,60.0,120.0
339,2023-04-05 08:55:20.034435,can_tapper13,"rgb(166,86,40)",503.0,429.0,,14.7117296222664,93.75,,,0,7.8,0.0,426.0,426.0,0.60037,-5.128930817610063,39.0,2.101051,0.010093896713615023,0.017370892018779345,,20.869565217391305,1.8205685958317397,1.5000000000002345,3.2620894576029285,0.87301301373332,0.151998,119.908375,0.0,2886,648,782,60.0,120.0
340,2023-04-06 07:31:34.334653,can_tapper13,"rgb(247,129,191)",503.0,470.0,,6.560636182902585,93.75,,,0,11.5,36.0,440.0,404.0,0.84382,-2.8584070796460175,41.0,2.432588,0.004455445544554456,0.008168316831683169,,3.0927835051546393,0.3046755053929166,0.5000000000000782,2.892719705486028,0.6778087488855415,1.683681,119.912833,81374.300218,1461,351,445,60.0,120.0
341,2023-04-13 14:19:19.409052,can_tapper13,"rgb(153,153,153)",499.0,461.0,500.0,7.615230460921844,87.00000000000001,90.0,26.58742571160189,138,7.525,22.0,225.0,203.0,1.326344,-7.3688212927756656,34.0,2.42492,0.016748768472906406,0.0187192118226601,0.01724137931034483,1.075268817204301,0.3513208216938985,0.7600000000001188,3.2620894576029285,0.8552968570965226,5.785732,119.799471,629265.074399,1508,277,306,60.0,120.0
342,2023-04-13 14:30:20.084767,can_tapper13,"rgb(228,26,28)",496.0,443.0,500.0,10.685483870967742,78.00000000000004,90.0,1.0965782651456315,1500,7.633333333333335,0.0,386.0,386.0,1.161,-14.098765432098766,24.0,2.756736,0.011139896373056997,0.013730569948186529,0.01217616580310881,7.43801652892562,0.9200167071983761,1.0000000000001563,2.145932504474109,0.7901722401361383,59.861917,119.990148,660.675715,2159,342,513,60.0,120.0
343,2023-04-17 08:22:58.244363,can_tapper13,"rgb(55,126,184)",496.0,437.0,500.0,11.895161290322582,78.00000000000004,90.0,1.8755030557785928,1500,8.075,21.0,301.0,280.0,1.71045,-9.593639575971732,162.0,2.313645,0.015714285714285715,0.02107142857142857,0.017142857142857144,12.364425162689805,0.50132150886611,1.5000000000002345,3.2620894576029285,0.8785331735245839,59.859142,119.964727,323558.159596,2160,331,692,60.0,120.0
344,2023-04-17 10:38:20.406298,can_tapper13,"rgb(77,175,74)",500.0,465.0,500.0,7.000000000000001,90.0,90.0,9.369541380666588e-13,89,8.15,0.0,438.0,438.0,0.826304,-4.540268456375839,23.0,3.325829,0.0043378995433789955,0.007990867579908677,0.0043378995433789955,3.95010395010395,0.6885735642159512,0.5000000000000782,3.2620894576029285,0.7991708095762237,4.799179,119.779321,8122.161935,1497,312,580,60.0,120.0
345,2023-04-17 13:58:30.137336,can_tapper13,"rgb(152,78,163)",499.0,470.0,500.0,5.811623246492986,87.00000000000001,90.0,9.892079320540026e-13,41,9.5,0.0,318.0,318.0,1.020076,-3.5,94.0,2.022059,0.003773584905660378,0.009119496855345913,0.003773584905660378,2.459016393442623,0.59268499049687,0.5000000000000782,2.892719705486028,0.8207455084993052,3.840214,119.998563,12009.731038,1488,348,347,60.0,120.0
346,2023-04-17 17:56:17.698787,can_tapper13,"rgb(255,127,0)",496.0,451.0,500.0,9.07258064516129,78.00000000000004,90.0,4.610668715851861,1500,13.4,14.0,341.0,327.0,1.241032,-24.246478873239436,18.0,2.840074,0.012844036697247707,0.013761467889908258,0.014067278287461776,8.225108225108226,1.1028508499449563,1.0000000000001563,119.99999999999996,0.4320258226612633,59.973397,119.920384,14267.561451,2160,224,300,60.0,120.0
347,2023-04-17 18:51:37.816230,can_tapper13,"rgb(255,255,51)",496.0,446.0,500.0,10.080645161290322,78.00000000000004,90.0,1.9475919767072813,1500,13.35,0.0,330.0,330.0,1.121018,-26.150537634408604,18.0,2.721611,0.013333333333333332,0.015151515151515152,0.014545454545454545,8.061002178649238,1.0398491886386425,1.0000000000001563,2.27471676670449,0.7066015291074002,59.919478,119.970917,3320.117443,2160,303,479,60.0,120.0
348,2023-04-17 20:17:19.943752,can_tapper13,"rgb(166,86,40)",495.0,437.0,499.0,11.717171717171718,75.58333333333339,87.00000000000001,0.7144447619751746,1500,14.215,0.0,348.0,348.0,1.07865,-30.324626865671643,15.0,2.074227,0.01264367816091954,0.016666666666666666,0.013793103448275862,8.771929824561404,1.113017671802939,1.0000000000001563,2.27471676670449,0.609818028624474,59.983922,119.975558,5142.127522,2160,283,583,60.0,120.0
349,2023-04-18 06:21:19.846379,can_tapper13,"rgb(247,129,191)",500.0,462.0,,7.6,90.0,,,0,11.806666666666667,14.0,425.0,411.0,0.826762,-12.906040268456376,9.0,3.325303,0.005352798053527981,0.009245742092457421,,7.053941908713693,0.781664804973414,0.5000000000000782,3.470356641605033,0.8723829290453294,1.538011,119.992461,36239.902627,1459,306,472,60.0,120.0
350,2023-04-18 07:45:52.234889,can_tapper13,"rgb(153,153,153)",504.0,437.0,508.0,13.293650793650794,95.0,100.0,4.682482081101932,1500,11.675,0.0,445.0,445.0,0.482608,-18.503597122302157,20.0,2.083277,0.009213483146067417,0.0150561797752809,0.010112359550561799,15.334773218142548,2.370738720844229,1.5200000000002376,1.7887444673306678,0.828083436784597,59.872667,119.949383,5072.38851,2159,355,580,60.0,120.0
351,2023-04-18 09:17:59.356796,can_tapper13,"rgb(228,26,28)",504.0,449.0,508.0,10.912698412698413,95.0,100.0,4.414837517704406,1500,12.825,16.0,365.0,349.0,1.18862,-20.06761565836299,24.0,2.783777,0.012320916905444127,0.01575931232091691,0.013467048710601719,15.723270440251572,0.757983709983334,1.0000000000001563,2.27471676670449,0.8399872364960937,59.952378,119.910954,5527.121907,2160,426,668,60.0,120.0
352,2023-04-18 09:40:34.432619,can_tapper13,"rgb(55,126,184)",505.0,452.0,508.0,10.495049504950495,96.25,100.0,0.638560283804654,1500,13.025,0.0,385.0,385.0,1.020702,-9.808510638297872,67.0,2.018141,0.010129870129870131,0.013766233766233765,0.01090909090909091,7.6923076923076925,1.078195265449887,1.5000000000002345,119.99999999999996,0.5151714360759252,59.933578,119.886616,1355.075823,2160,297,418,60.0,120.0
353,2023-04-18 10:45:22.896569,can_tapper13,"rgb(77,175,74)",500.0,450.0,504.0,10.0,90.0,95.0,0.49370688609173047,1500,13.475,13.5,296.0,282.5,1.225562,-24.34328358208955,21.0,2.416887,0.011327433628318584,0.017699115044247784,0.012743362831858406,6.122448979591836,0.7925745425352663,1.0000000000001563,2.0171482422437275,0.7225561326836797,59.987943,119.877479,3888.46395,2160,347,463,60.0,120.0
354,2023-04-18 13:22:46.796295,can_tapper13,"rgb(152,78,163)",496.0,445.0,497.0,10.28225806451613,78.00000000000004,81.00000000000004,4.748775443899351,1500,14.85,13.5,351.0,337.5,1.304074,-30.0,13.0,2.309368,0.01037037037037037,0.015111111111111113,0.010666666666666666,9.787234042553191,0.8876816074203222,1.0000000000001563,2.892719705486028,0.6384203990620984,59.954316,119.929075,9443.899726,2160,434,695,60.0,120.0
355,2023-04-18 15:17:00.394169,can_tapper13,"rgb(255,127,0)",497.0,439.0,499.0,11.670020120724347,81.00000000000004,87.00000000000001,2.6314322806360044,1500,15.842857142857145,14.0,378.0,364.0,1.123165,-31.977848101265824,59.0,2.116503,0.00989010989010989,0.015934065934065933,0.010439560439560439,11.727078891257996,1.146063577826215,1.260000000000197,2.27471676670449,0.5983857290249914,59.982533,119.996525,6853.597874,2159,410,635,60.0,120.0
356,2023-04-18 15:39:10.635013,can_tapper13,"rgb(255,255,51)",505.0,446.0,511.0,11.683168316831685,96.25,100.0,5.973549321575955,1500,16.15,0.0,341.0,341.0,1.06676,-22.190140845070424,16.0,2.068026,0.012023460410557185,0.01730205278592375,0.01378299120234604,6.1946902654867255,0.9997887722175699,1.0000000000001563,2.0171482422437275,0.6869671978425278,59.909428,119.92898,1330.240844,2158,412,629,60.0,120.0
357,2023-04-18 18:45:38.741716,can_tapper13,"rgb(166,86,40)",496.0,446.0,499.0,10.080645161290322,78.00000000000004,87.00000000000001,0.3535201571201246,1500,17.692500000000003,0.0,341.0,341.0,1.282267,-45.903225806451616,14.0,2.27988,0.011730205278592375,0.014662756598240468,0.012609970674486805,7.826086956521739,0.9019314298502821,1.0000000000001563,2.27471676670449,0.5106459133587653,59.93162,119.982904,11188.106703,2160,369,499,60.0,120.0
358,2023-04-19 06:50:43.346356,can_tapper13,"rgb(247,129,191)",499.0,468.0,496.0,6.212424849699398,87.00000000000001,78.00000000000004,3.8477523998643357,1047,14.825,18.0,433.0,415.0,0.820595,-17.0727969348659,17.0,2.321868,0.005542168674698795,0.0074698795180722895,0.005060240963855421,5.042016806722689,0.6102129094780671,0.5000000000000782,2.892719705486028,0.6875677998738894,23.963026,119.877802,43504.60464,1728,315,464,60.0,120.0
359,2023-04-19 10:17:17.527479,can_tapper13,"rgb(153,153,153)",504.0,450.0,508.0,10.714285714285714,95.0,100.0,3.6060816027019715,1500,14.725,16.0,357.0,341.0,1.214261,-25.91166077738516,22.0,2.311551,0.013196480938416423,0.015835777126099706,0.01436950146627566,6.693711967545639,0.7953771792110924,1.0000000000001563,2.27471676670449,0.7178465873503121,59.990869,119.888874,12394.181123,2159,407,766,60.0,120.0
360,2023-04-19 14:42:30.349650,can_tapper13,"rgb(228,26,28)",500.0,453.0,503.0,9.4,90.0,93.75,0.5016002229335036,1500,17.6875,13.0,311.0,298.0,1.46971,-36.013377926421406,14.0,2.066984,0.012416107382550336,0.015771812080536914,0.013422818791946308,4.680851063829787,0.9762364526969917,1.0000000000001563,2.565174071178317,0.622463859116937,59.968572,119.982124,15912.822171,2159,411,811,60.0,120.0
361,2023-04-19 18:43:16.902478,can_tapper13,"rgb(55,126,184)",500.0,450.0,503.0,10.0,90.0,93.75,0.33496014887160724,1500,19.25,15.0,330.0,315.0,1.318515,-40.4983498349835,15.0,2.015901,0.012063492063492063,0.015873015873015872,0.013015873015873015,6.557377049180328,0.7903461810120033,1.0000000000001563,4.148345232772487,0.85493173331591,59.958325,119.863577,14446.552828,2160,469,680,60.0,120.0
362,2023-04-20 06:52:41.223012,can_tapper13,"rgb(77,175,74)",501.0,473.0,504.0,5.588822355289421,91.25,95.0,15.319681868604299,479,14.45,18.0,358.0,340.0,0.927222,-9.42087542087542,17.0,2.429895,0.00676470588235294,0.008235294117647058,0.007647058823529413,4.065040650406504,0.5342778975164315,0.5000000000000782,2.892719705486028,0.59786303583882,12.586103,119.990944,43764.320534,1593,330,487,60.0,120.0
363,2023-04-20 09:25:45.643481,can_tapper13,"rgb(152,78,163)",497.0,447.0,499.0,10.06036217303823,81.00000000000004,87.00000000000001,0.7251647667397847,1500,14.025,14.0,308.0,294.0,1.439043,-34.78892733564014,16.0,2.031525,0.009863945578231292,0.017006802721088437,0.010544217687074831,6.607929515418502,0.7421333493273501,1.0000000000001563,2.0171482422437275,0.7843492267021425,59.96395,119.896226,9184.420469,2159,423,790,60.0,120.0
364,2023-04-20 12:05:25.078246,can_tapper13,"rgb(255,127,0)",500.0,441.0,504.0,11.799999999999999,90.0,95.0,2.436721082986722,1500,14.660714285714286,0.0,372.0,372.0,1.05941,-30.132142857142856,36.0,2.160149,0.012365591397849464,0.015860215053763442,0.013440860215053762,7.818930041152264,1.1585629434460079,1.0000000000001563,1.9029463547871976,0.8019635163707484,59.995106,119.919918,9579.434765,2160,347,640,60.0,120.0
365,2023-04-20 12:16:37.820782,can_tapper13,"rgb(255,255,51)",520.0,488.0,572.0,6.153846153846154,100.0,100.0,17.022813853502665,1296,14.725,23.0,419.0,396.0,0.837918,-16.307407407407407,18.0,2.333765,0.00404040404040404,0.00808080808080808,0.01717171717171717,3.353057199211045,0.570431240736889,0.7600000000001188,3.470356641605033,0.8472727134563128,59.991964,119.999522,672.742536,3217,618,1092,60.0,120.0
366,2023-04-20 12:16:37.820782,can_tapper13,"rgb(166,86,40)",520.0,488.0,572.0,6.153846153846154,100.0,100.0,17.022813853502665,1296,14.725,23.0,419.0,396.0,0.837918,-16.307407407407407,18.0,2.333765,0.00404040404040404,0.00808080808080808,0.01717171717171717,3.353057199211045,0.570431240736889,0.7600000000001188,3.470356641605033,0.8472727134563128,59.991964,119.999522,0.0,3217,618,1092,60.0,120.0
367,2023-04-20 15:53:08.260978,can_tapper13,"rgb(247,129,191)",499.0,454.0,500.0,9.01803607214429,87.00000000000001,90.0,6.490136217837153,1500,16.06666666666667,15.0,426.0,411.0,1.013951,-32.73684210526316,17.0,2.020529,0.009732360097323601,0.010948905109489052,0.009975669099756692,7.889125799573561,1.3444530405037498,1.0000000000001563,2.4199454189414036,0.8081664506412043,59.846901,119.996469,12990.440196,2158,469,653,60.0,120.0
368,2023-04-20 20:19:37.244738,can_tapper13,"rgb(153,153,153)",504.0,468.0,505.0,7.142857142857142,95.0,96.25,11.075167619864116,242,16.523333333333333,0.0,195.0,195.0,1.108173,-13.758503401360544,9.0,2.206772,0.012307692307692306,0.018461538461538463,0.01282051282051282,1.8255578093306288,0.2246106243435615,0.7600000000001188,2.892719705486028,0.8320012297085931,7.864154,119.967047,15988.98376,1536,312,502,60.0,120.0
369,2023-04-21 06:29:21.709938,can_tapper13,"rgb(228,26,28)",503.0,469.0,,6.759443339960239,93.75,,,0,12.8,0.0,349.0,349.0,1.024292,-4.184818481848184,88.0,2.026718,0.0037249283667621777,0.009742120343839542,,4.166666666666667,0.53455442990599,0.5000000000000782,2.27471676670449,0.7173208220365717,2.839106,119.93955,36584.4652,1474,314,435,60.0,120.0
370,2023-04-21 08:19:30.393760,can_tapper13,"rgb(55,126,184)",500.0,446.0,504.0,10.8,90.0,95.0,5.808553692689531,1500,12.55,26.0,430.0,404.0,0.997299,-17.93402777777778,32.0,2.092318,0.012376237623762377,0.013366336633663368,0.013366336633663366,12.295081967213115,1.0172770938143791,1.5000000000002345,1.6874737773196231,0.2446957971544338,59.895022,119.956553,6608.683822,2160,390,681,60.0,120.0
371,2023-04-21 10:12:31.526182,can_tapper13,"rgb(77,175,74)",496.0,432.0,499.0,12.903225806451612,78.00000000000004,87.00000000000001,4.9231221880534655,1500,13.175,15.0,292.0,277.0,1.515201,-25.026058631921824,153.0,2.015912,0.014079422382671482,0.023104693140794223,0.01516245487364621,12.554112554112555,1.5646137838342244,1.5200000000002376,2.565174071178317,0.7678080296538321,59.959123,119.836197,6781.132422,2158,385,547,60.0,120.0
372,2023-04-21 11:05:25.781800,can_tapper13,"rgb(152,78,163)",496.0,448.0,500.0,9.67741935483871,78.00000000000004,90.0,4.488001994666807,1500,13.48,14.0,303.0,289.0,1.393671,-25.947916666666668,-6.0,,0.01384083044982699,0.016608996539792385,0.01522491349480969,6.837606837606837,0.9107620971679007,1.0000000000001563,5.9919990939386345,0.5422423079833545,59.971325,119.832924,3174.255618,2158,361,787,60.0,120.0
373,2023-04-21 12:56:41.700029,can_tapper13,"rgb(255,127,0)",495.0,430.0,496.0,13.131313131313133,75.58333333333339,78.00000000000004,5.103282268124518,1500,14.385,0.0,468.0,468.0,1.07622,-29.59375,29.0,2.072386,0.009615384615384614,0.013888888888888888,0.009829059829059829,13.347921225382931,1.0230422457627335,1.2400000000001938,2.7289468883321724,0.7959750066852084,59.956457,119.876471,6675.918229,2158,363,712,60.0,120.0
374,2023-04-21 15:06:03.832745,can_tapper13,"rgb(255,255,51)",496.0,456.0,496.0,8.064516129032258,78.00000000000004,78.00000000000004,1.3094139152948019,1500,15.864285714285714,14.0,440.0,426.0,1.043621,-36.316205533596836,15.0,2.04587,0.008685446009389673,0.009389671361502348,0.008685446009389673,7.368421052631579,1.5723455089251572,0.7600000000001188,2.565174071178317,0.7416950310013473,59.985625,119.931201,7762.132716,2158,405,702,60.0,120.0
375,2023-04-21 17:39:49.086410,can_tapper13,"rgb(166,86,40)",496.0,449.0,496.0,9.475806451612904,78.00000000000004,78.00000000000004,4.91380662835767,1500,17.34166666666667,0.0,304.0,304.0,1.271795,-42.15359477124183,14.0,2.36871,0.011513157894736843,0.015460526315789475,0.011513157894736843,14.40677966101695,1.2541667050716998,1.0000000000001563,3.5205324691292574,0.6221308208159408,59.952331,119.895369,9225.253665,2158,391,602,60.0,120.0
376,2023-04-22 07:33:34.027415,can_tapper13,"rgb(247,129,191)",500.0,465.0,504.0,7.000000000000001,90.0,95.0,15.534913516973273,224,14.084999999999999,17.0,418.0,401.0,0.833418,-12.475285171102662,12.0,2.329814,0.0057356608478803,0.008728179551122196,0.006733167082294265,4.259634888438134,0.35155686749152376,0.5000000000000782,2.892719705486028,0.6785947088941898,7.495392,119.874843,50024.941005,1530,282,443,60.0,120.0
377,2023-04-22 09:53:15.525235,can_tapper13,"rgb(153,153,153)",504.0,467.0,507.0,7.341269841269842,95.0,98.75,10.825296223738572,420,14.025,20.0,378.0,358.0,1.015049,-9.145015105740182,21.0,2.020497,0.008659217877094973,0.01033519553072626,0.009497206703910615,6.029106029106029,0.4234705422732723,0.5000000000000782,2.892719705486028,0.7866501253985408,11.425547,119.910352,8381.49782,1578,356,409,60.0,120.0
378,2023-04-22 10:16:58.704929,can_tapper13,"rgb(228,26,28)",500.0,424.0,504.0,15.2,90.0,95.0,1.9580008702221534,1500,14.105,0.0,431.0,431.0,0.49085,-20.884615384615383,25.0,2.39718,0.009976798143851507,0.017633410672853827,0.010904872389791185,22.975929978118163,2.202497108416617,1.5000000000002345,2.0171482422437275,0.8469795720651537,59.991951,119.895646,1423.179694,2159,284,414,60.0,120.0
379,2023-04-22 15:17:13.418260,can_tapper13,"rgb(55,126,184)",499.0,464.0,500.0,7.014028056112225,87.00000000000001,90.0,12.808189206829859,551,14.45,17.0,473.0,456.0,0.82714,-14.332179930795848,14.0,2.730728,0.005482456140350877,0.0076754385964912285,0.005701754385964913,9.771309771309772,1.1559218629421848,0.5000000000000782,2.892719705486028,0.8438606709426291,14.041316,119.999653,18014.713331,1609,318,413,60.0,120.0
380,2023-04-22 19:09:42.513027,can_tapper13,"rgb(77,175,74)",504.0,470.0,504.0,6.746031746031746,95.0,95.0,1.9735055883971594e-12,145,15.158333333333331,0.0,427.0,427.0,0.809115,-6.583333333333333,12.0,2.311244,0.007962529274004683,0.007962529274004683,0.007962529274004683,1.6129032258064515,0.4136792320531341,0.5000000000000782,2.7289468883321724,0.8339303955333826,5.908674,119.928548,13949.094767,1512,331,416,60.0,120.0
381,2023-04-23 07:18:10.042663,can_tapper13,"rgb(152,78,163)",500.0,469.0,,6.2,90.0,,,0,11.0,16.0,244.0,228.0,1.014501,-4.2745098039215685,15.0,2.01947,0.012280701754385965,0.013596491228070176,,3.9665970772442587,0.7795398315325681,0.5000000000000782,2.7289468883321724,0.7231791152093663,1.24696,119.830475,43707.529636,1455,317,472,60.0,120.0
382,2023-04-24 07:20:01.109816,can_tapper13,"rgb(255,127,0)",499.0,456.0,,8.617234468937877,87.00000000000001,,,0,10.708333333333334,17.0,484.0,467.0,0.513449,-7.578544061302682,17.0,2.015945,0.004068522483940043,0.009207708779443255,,7.818930041152264,1.4704890444669212,1.0000000000001563,2.565174071178317,0.7545636637325639,0.503427,119.83039,86511.067153,1446,270,443,60.0,120.0
383,2023-04-24 10:13:08.729187,can_tapper13,"rgb(255,255,51)",492.0,424.0,496.0,13.821138211382115,68.33333333333339,78.00000000000004,0.44261353005023757,1500,10.3,16.5,387.0,370.5,1.05656,-26.03395061728395,142.0,2.156761,0.014844804318488529,0.01835357624831309,0.01592442645074224,13.465783664459162,1.0644044309154883,1.5000000000002345,2.145932504474109,0.8574161546141663,59.814347,119.994678,10387.619371,2992,504,633,60.0,120.0
384,2023-04-24 10:13:08.729187,can_tapper13,"rgb(166,86,40)",492.0,424.0,496.0,13.821138211382115,68.33333333333339,78.00000000000004,0.44261353005023757,1500,10.3,16.5,387.0,370.5,1.05656,-26.03395061728395,142.0,2.156761,0.014844804318488529,0.01835357624831309,0.01592442645074224,13.465783664459162,1.0644044309154883,1.5000000000002345,2.145932504474109,0.8574161546141663,59.814347,119.994678,0.0,2992,504,633,60.0,120.0
385,2023-04-24 14:15:01.059697,can_tapper13,"rgb(247,129,191)",504.0,469.0,507.0,6.944444444444445,95.0,98.75,7.487701773482101,874,12.7,0.0,432.0,432.0,0.819717,-8.96938775510204,21.0,2.318794,0.0034722222222222225,0.008101851851851853,0.004166666666666667,4.365904365904366,0.3170139821763137,0.5000000000000782,2.892719705486028,0.8298696545335802,20.504127,119.826925,14512.33051,1686,336,474,60.0,120.0
386,2023-04-24 14:43:19.775391,can_tapper13,"rgb(153,153,153)",501.0,434.0,507.0,13.373253493013973,91.25,98.75,5.637958061313367,1500,10.85,17.5,398.0,380.5,1.170019,-19.859016393442623,149.0,2.165922,0.009198423127463863,0.017608409986859395,0.010775295663600526,15.481171548117155,0.9088294719852119,1.5000000000002345,1.7887444673306678,0.7824070620394472,59.983149,119.942876,1698.715694,2159,435,521,60.0,120.0
387,2023-04-24 18:03:49.218141,can_tapper13,"rgb(228,26,28)",505.0,463.0,507.0,8.316831683168317,96.25,98.75,5.1933612789190016e-11,4,11.275,14.0,423.0,409.0,0.513205,-5.481605351170568,8.0,2.019224,0.003911980440097799,0.010268948655256724,0.004400977995110024,10.978043912175648,1.8966695217023626,0.7600000000001188,2.892719705486028,0.7620518177439728,3.096142,119.968768,12029.44275,1479,314,502,60.0,120.0
388,2023-04-26 09:09:39.127816,can_tapper13,"rgb(55,126,184)",495.0,465.0,496.0,6.0606060606060606,75.58333333333339,78.00000000000004,10.984857457628422,487,6.041666666666666,0.0,270.0,270.0,1.031877,-11.515901060070671,78.0,2.020957,0.006296296296296296,0.01111111111111111,0.006666666666666666,1.6528925619834711,0.42976928499427774,0.26000000000004064,2.892719705486028,0.7868417229544409,12.759197,119.817827,140749.909675,1593,307,510,60.0,120.0
389,2023-04-26 11:35:11.267471,can_tapper13,"rgb(77,175,74)",487.0,439.0,492.0,9.856262833675565,58.21428571428571,68.33333333333339,6.154562735360257,1500,6.904999999999999,0.0,347.0,347.0,1.216759,-27.673780487804876,18.0,2.311951,0.009510086455331412,0.0138328530259366,0.01095100864553314,1.1389521640091116,0.4356992761874354,1.0000000000001563,2.4199454189414036,0.8305280585104406,59.952776,119.901854,8732.139655,2160,410,532,60.0,120.0
390,2023-05-01 08:38:26.104423,can_tapper13,"rgb(152,78,163)",495.0,454.0,,8.282828282828284,75.58333333333339,,,0,12.425,23.0,309.0,286.0,1.129933,-17.79936305732484,97.0,2.02788,0.014335664335664336,0.014335664335664336,,6.0344827586206895,1.3892943324454718,1.0000000000001563,3.2620894576029285,0.859854416746267,2.483094,119.847108,421394.836952,1470,329,502,60.0,120.0
391,2023-05-01 09:22:39.151618,can_tapper13,"rgb(255,127,0)",495.0,447.0,496.0,9.696969696969697,75.58333333333339,78.00000000000004,12.219409875291557,1500,10.55,0.0,204.0,204.0,1.014777,-21.219584569732937,20.0,2.612732,0.01715686274509804,0.023529411764705882,0.01764705882352941,9.871244635193133,0.44398447828158516,0.5000000000000782,3.2620894576029285,0.8543596109139107,38.60365,119.978951,2653.047195,1904,422,439,60.0,120.0
392,2023-05-01 10:05:08.325178,can_tapper13,"rgb(255,255,51)",500.0,465.0,504.0,7.000000000000001,90.0,95.0,7.081583864032642,547,12.866666666666665,17.0,420.0,403.0,0.810148,-20.08805031446541,10.0,3.917614,0.006451612903225806,0.0086848635235732,0.007444168734491315,5.485232067510548,0.4856765072471601,0.7600000000001188,3.2620894576029285,0.8455457116155223,13.960331,119.8717,2549.17356,1629,362,437,60.0,120.0
393,2023-05-02 08:46:07.409637,can_tapper13,"rgb(166,86,40)",491.0,438.0,492.0,10.79429735234216,66.25000000000003,68.33333333333339,0.20600009155529653,1500,13.45,25.0,351.0,326.0,1.310483,-26.613333333333333,25.0,2.309791,0.010429447852760737,0.016257668711656445,0.010736196319018405,10.10752688172043,1.1246938505622772,1.0000000000001563,3.2620894576029285,0.8821534752528086,59.945488,119.92504,81659.084459,2160,373,455,60.0,120.0
394,2023-05-02 10:11:31.446952,can_tapper13,"rgb(247,129,191)",508.0,460.0,511.0,9.448818897637794,100.0,100.0,0.39200017422222944,1500,13.857142857142856,0.0,335.0,335.0,1.277179,-23.73391812865497,16.0,2.270653,0.013134328358208954,0.014328358208955224,0.014029850746268658,7.258064516129032,0.3365147128790486,1.0000000000001563,3.2620894576029285,0.8111575584992938,59.763525,119.785475,5124.037315,2157,494,620,60.0,120.0
395,2023-05-02 10:50:18.584810,can_tapper13,"rgb(153,153,153)",507.0,469.0,508.0,7.495069033530571,98.75,100.0,5.359126958698235e-13,99,13.89166666666667,21.0,238.0,217.0,1.035229,-16.304123711340207,29.0,2.133611,0.01566820276497696,0.01751152073732719,0.016129032258064516,2.2964509394572024,0.572378034093561,1.0000000000001563,119.99999999999996,0.2851801181287691,5.000368,119.810104,2327.137858,1500,204,272,60.0,120.0
396,2023-05-02 11:00:38.063244,can_tapper13,"rgb(228,26,28)",505.0,461.0,508.0,8.712871287128712,96.25,100.0,0.17183118748060944,1500,13.95,16.0,235.0,219.0,0.446104,-23.56373937677054,19.0,2.041724,0.004109589041095891,0.020091324200913245,0.0054794520547945215,5.128205128205129,1.066735414206555,0.5000000000000782,2.0171482422437275,0.7172395278523014,59.913451,119.955094,619.478434,2160,395,617,60.0,120.0
397,2023-05-17 12:38:47.491937,can_tapper13,"rgb(55,126,184)",496.0,457.0,500.0,7.862903225806452,78.00000000000004,90.0,11.424983770116402,112,12.95,0.0,204.0,204.0,1.120555,-3.040133779264214,23.0,2.114803,0.01715686274509804,0.01911764705882353,0.01911764705882353,2.05761316872428,0.5530808127325281,0.5000000000000782,3.2620894576029285,0.8420254238775567,5.24761,119.825879,1301889.428693,1503,314,462,60.0,120.0
398,2023-05-17 13:57:55.306403,can_tapper13,"rgb(77,175,74)",493.0,428.0,496.0,13.184584178498987,70.66666666666666,78.00000000000004,0.06617780718986706,1500,11.85,0.0,342.0,342.0,1.083501,-22.41486068111455,15.0,2.083547,0.010526315789473684,0.019005847953216373,0.011403508771929824,15.2317880794702,1.2901419728751364,1.0000000000001563,2.145932504474109,0.814574521974425,59.938756,119.995236,4747.814466,2160,401,667,60.0,120.0
399,2023-06-06 10:27:24.633730,can_tapper13,"rgb(152,78,163)",493.0,448.0,496.0,9.127789046653144,70.75000000000004,78.00000000000004,0.3377690390081288,1500,14.16,16.5,446.0,429.5,0.989628,-34.13239436619718,17.0,2.988568,0.009313154831199068,0.010477299185098952,0.010011641443538999,5.217391304347826,1.0558412671583282,1.2400000000001938,3.2620894576029285,0.8730541386452901,59.7857,119.838156,1715369.327327,2157,463,526,60.0,120.0
400,2023-06-26 08:37:15.791577,can_tapper13,"rgb(255,127,0)",496.0,456.0,496.0,8.064516129032258,78.00000000000004,78.00000000000004,24.711407743461994,284,24.01666666666667,22.0,240.0,218.0,1.127742,-14.910714285714286,23.0,3.221503,0.014220183486238533,0.01834862385321101,0.014220183486238533,5.732484076433121,0.30123084237504316,0.5000000000000782,3.2620894576029285,0.8400978233730727,8.700953,119.888783,1721391.157847,1545,292,448,60.0,120.0
401,2023-06-26 09:22:14.032344,can_tapper13,"rgb(255,255,51)",495.0,450.0,495.0,9.090909090909092,75.58333333333339,75.58333333333339,3.7898861288376087,1500,23.8,0.0,325.0,325.0,1.290702,-33.63286713286713,18.0,2.384698,0.010769230769230769,0.013846153846153847,0.010769230769230769,5.307855626326964,0.8688130816689853,1.0000000000001563,2.27471676670449,0.6392440683423992,59.914653,119.892949,2698.240767,2157,372,582,60.0,120.0
402,2023-07-05 10:23:42.904418,can_tapper13,"rgb(166,86,40)",488.0,444.0,492.0,9.01639344262295,60.0,68.33333333333339,21.282227372874946,352,13.616666666666665,0.0,338.0,338.0,1.519425,-7.160130718954249,188.0,2.018842,0.010059171597633136,0.01301775147928994,0.011242603550295858,6.550218340611353,0.540814456218588,1.0000000000001563,2.892719705486028,0.780876738841585,10.055376,119.776843,781288.872074,1572,334,548,60.0,120.0
403,2023-07-11 07:52:33.911248,can_tapper13,"rgb(247,129,191)",492.0,451.0,492.0,8.333333333333332,68.33333333333339,68.33333333333339,9.007016201393468e-13,102,21.830000000000002,19.5,492.0,472.5,0.815825,-25.626459143968873,19.0,2.412735,0.0019047619047619048,0.008677248677248678,0.0019047619047619048,9.207708779443255,0.5967296119313847,0.5000000000000782,3.2620894576029285,0.7895941433018401,5.059862,119.783846,509331.00683,1500,278,458,60.0,120.0
404,2023-07-11 17:23:34.835579,can_tapper13,"rgb(153,153,153)",505.0,460.0,508.0,8.91089108910891,96.25,100.0,1.325209477870213,1500,30.233333333333338,0.0,376.0,376.0,1.125124,-62.615107913669064,11.0,2.124162,0.009574468085106383,0.01196808510638298,0.010372340425531916,7.627118644067797,1.0149998887433216,1.0000000000001563,2.27471676670449,0.8174990694209529,59.955534,119.83727,34260.924331,2158,417,542,60.0,120.0
405,2023-07-12 07:07:04.089522,can_tapper13,"rgb(228,26,28)",519.0,476.0,,8.285163776493256,100.0,,,0,24.033333333333335,0.0,426.0,426.0,0.616504,-8.779069767441861,99.0,2.030728,0.003755868544600939,0.010093896713615024,,6.958250497017892,1.4198534374866676,1.0000000000001563,2.892719705486028,0.779671905548739,1.993172,119.887145,49409.253943,1464,269,420,60.0,120.0
406,2023-07-12 11:22:28.493793,can_tapper13,"rgb(55,126,184)",502.0,439.0,504.0,12.549800796812749,92.5,95.0,1.2701161200508597,1500,24.46,0.0,284.0,284.0,1.674682,-62.1025641025641,151.0,2.17633,0.008802816901408451,0.022183098591549294,0.009507042253521128,10.864745011086475,0.9397205441073513,1.5000000000002345,2.7289468883321724,0.775484341608525,59.994249,119.97642,15324.404271,2160,378,695,60.0,120.0
407,2023-07-13 08:42:57.532211,can_tapper13,"rgb(77,175,74)",508.0,480.0,,5.511811023622047,100.0,,,0,20.425,0.0,377.0,377.0,0.934899,-13.925373134328359,13.0,2.032451,0.006100795755968169,0.007427055702917771,,3.8076152304609217,0.5389227094863874,0.5000000000000782,2.565174071178317,0.704342112967596,0.076149,119.981956,76829.038418,1441,275,462,60.0,120.0
408,2023-07-13 10:06:14.024864,can_tapper13,"rgb(152,78,163)",502.0,449.0,504.0,10.557768924302788,92.5,95.0,0.8897781732347331,1500,19.76666666666667,0.0,367.0,367.0,1.178383,-37.053003533568905,17.0,2.273887,0.010081743869209809,0.01444141689373297,0.010626702997275205,7.758620689655173,0.7922356823772387,1.0000000000001563,2.0171482422437275,0.7528928793537586,59.998466,119.984547,4996.492653,2159,441,716,60.0,120.0
409,2023-07-13 11:52:44.139576,can_tapper13,"rgb(255,127,0)",500.0,445.0,504.0,11.0,90.0,95.0,2.550001133333393,1500,20.27,13.0,350.0,337.0,1.256219,-41.940350877192984,15.0,2.75177,0.010089020771513356,0.016320474777448073,0.011275964391691394,13.807531380753138,0.26573099101110503,1.0000000000001563,2.0171482422437275,0.7619396449853989,59.907931,119.937245,6390.114712,2160,416,623,60.0,120.0
410,2023-08-08 11:57:11.204997,can_tapper13,"rgb(255,255,51)",495.0,460.0,496.0,7.07070707070707,75.58333333333339,78.00000000000004,6.0420357671972145,1342,12.7,0.0,371.0,371.0,1.120203,-11.696551724137931,21.0,2.215302,0.007816711590296496,0.009433962264150943,0.008086253369272238,3.171247357293869,0.29389282056440874,1.0000000000001563,2.892719705486028,0.8119886645024227,29.862711,119.97953,2246667.065421,1800,345,327,60.0,120.0
411,2023-08-10 10:19:24.934657,can_tapper13,"rgb(166,86,40)",499.0,464.0,,7.014028056112225,87.00000000000001,,,0,18.125,21.5,225.0,203.5,1.022275,-12.857692307692307,24.0,2.12746,0.012285012285012286,0.017199017199017202,,5.708245243128964,0.6513072728364132,0.7400000000001157,2.565174071178317,0.16660618523835924,2.400437,119.94866,166933.72966,1467,267,425,60.0,120.0
412,2023-08-10 11:12:03.444372,can_tapper13,"rgb(247,129,191)",499.0,451.0,500.0,9.619238476953909,87.00000000000001,90.0,1.8592541596682148,1500,18.685,14.0,350.0,336.0,1.317425,-31.772151898734176,16.0,2.317817,0.011011904761904764,0.014285714285714285,0.011309523809523811,7.359307359307359,0.9725047604869712,1.0200000000001594,2.145932504474109,0.8098628558486414,59.872746,119.996954,3158.509715,2160,445,436,60.0,120.0
413,2023-08-22 09:43:18.824487,can_tapper13,"rgb(153,153,153)",500.0,464.0,504.0,7.199999999999999,90.0,95.0,7.356513114252171,414,,20.0,222.0,202.0,1.129581,-8.864077669902912,19.0,2.125305,0.011881188118811883,0.017821782178217824,0.01386138613861386,2.5210084033613445,0.3639512184504025,0.7400000000001157,2.892719705486028,0.7890413206523014,11.298645,119.785365,1031475.380115,1574,332,469,60.0,120.0
414,2023-08-22 10:00:50.989514,can_tapper13,"rgb(228,26,28)",497.0,450.0,500.0,9.456740442655935,81.00000000000004,90.0,1.6181607191822462,1500,20.4375,16.0,314.0,298.0,1.397457,-25.46451612903226,16.0,2.991934,0.013422818791946308,0.015771812080536914,0.014429530201342283,7.494646680942184,0.6478310189399994,1.0000000000001563,2.0171482422437275,0.773531092354856,59.960796,119.916675,1052.165027,2160,436,635,60.0,120.0
415,2023-08-29 08:47:00.090827,can_tapper13,"rgb(55,126,184)",500.0,459.0,503.0,8.200000000000001,90.0,93.75,2.210581602046785e-12,74,14.245,21.5,223.0,201.5,1.118677,-3.7224199288256226,20.0,2.11341,0.017369727047146403,0.02034739454094293,0.018858560794044663,4.3478260869565215,0.5022179127959525,0.5000000000000782,2.892719705486028,0.7722873428008268,4.506134,119.835558,600369.101313,1494,288,402,60.0,120.0
416,2023-08-29 12:28:07.972587,can_tapper13,"rgb(77,175,74)",496.0,430.0,499.0,13.306451612903224,78.00000000000004,87.00000000000001,2.5402411289953952,1500,15.48,13.0,472.0,459.0,1.055587,-29.522336769759452,72.0,2.053075,0.009368191721132896,0.014379084967320262,0.010021786492374727,11.312217194570136,1.2592837473393332,1.5000000000002345,2.27471676670449,0.8276925247927112,59.876249,119.947216,13267.88176,2117,431,693,60.0,120.0
417,2023-08-30 08:03:17.687163,can_tapper13,"rgb(152,78,163)",500.0,453.0,503.0,9.4,90.0,93.75,0.907920403519589,1500,15.925,19.0,328.0,309.0,1.443578,-12.471153846153847,18.0,2.043368,0.012621359223300972,0.015210355987055016,0.013592233009708738,5.349794238683128,0.8023046286398234,1.0000000000001563,2.892719705486028,0.7864597797755017,59.862396,119.978928,70509.714576,2160,415,616,60.0,120.0
418,2023-08-31 07:54:58.122430,can_tapper13,"rgb(255,127,0)",503.0,466.0,,7.3558648111332,93.75,,,0,14.491666666666669,0.0,396.0,396.0,1.008476,-6.621993127147766,16.0,2.009821,0.009343434343434343,0.009343434343434343,,4.564315352697095,1.0685766321206054,1.0200000000001594,2.565174071178317,0.7000779960907086,1.601086,119.984625,85900.435267,1460,299,407,60.0,120.0
419,2023-08-31 11:42:41.876514,can_tapper13,"rgb(255,255,51)",497.0,443.0,501.0,10.865191146881289,81.00000000000004,91.25,1.290889462617078,1500,15.273333333333332,13.5,410.0,396.5,1.195973,-23.544117647058822,21.0,2.191424,0.011601513240857503,0.013619167717528375,0.01261034047919294,9.170305676855895,1.303871037599594,1.260000000000197,2.031730617017579,0.7889171809437688,59.9948,119.96655,13663.754084,2160,304,774,60.0,120.0
420,2023-09-05 08:29:25.990477,can_tapper13,"rgb(166,86,40)",503.0,471.0,505.0,6.36182902584493,93.75,96.25,19.927059393209422,357,18.5,0.0,398.0,398.0,1.113075,-8.084291187739463,101.0,2.016694,0.00728643216080402,0.008040201005025126,0.007788944723618091,3.054989816700611,0.7254656049070507,0.5000000000000782,2.565174071178317,0.7375425483972352,10.146937,119.9472,420404.113963,1644,299,274,60.0,120.0
421,2023-09-05 09:04:27.450092,can_tapper13,"rgb(247,129,191)",497.0,435.0,503.0,12.474849094567404,81.00000000000004,93.75,4.474135321837336,1500,18.555,15.0,458.0,443.0,1.120978,-24.834437086092716,20.0,2.117079,0.00948081264108352,0.01399548532731377,0.010835214446952596,16.27906976744186,0.6340130864791101,1.5000000000002345,2.7289468883321724,0.8352038122250575,59.830669,119.99988,2101.459615,2159,367,592,60.0,120.0
422,2023-09-05 09:10:14.088016,can_tapper13,"rgb(153,153,153)",511.0,470.0,515.0,8.023483365949119,100.0,100.0,20.424084511342443,600,18.475,0.0,288.0,288.0,1.012425,-14.510835913312693,75.0,2.012921,0.011805555555555557,0.014236111111111113,0.013194444444444446,5.3061224489795915,0.961322295900222,1.260000000000197,3.470356641605033,0.8296227489499326,15.009001,119.822936,346.637924,1620,351,471,60.0,120.0
423,2023-09-14 12:25:50.185525,can_tapper13,"rgb(228,26,28)",489.0,427.0,492.0,12.678936605316974,62.08333333333334,68.33333333333339,5.207300092132444,1500,13.6,19.0,331.0,312.0,1.441172,-16.437956204379564,20.0,2.039825,0.01282051282051282,0.019871794871794874,0.013782051282051282,16.849015317286653,1.357330218458626,1.5000000000002345,3.2620894576029285,0.8424397985954828,59.853605,119.960717,789336.097509,2160,346,549,60.0,120.0
424,2023-09-14 13:55:38.478281,can_tapper13,"rgb(55,126,184)",507.0,467.0,508.0,7.889546351084813,98.75,100.0,8.625952263334849,1119,13.45,0.0,227.0,227.0,1.022826,-14.86923076923077,17.0,2.616687,0.01277533039647577,0.01762114537444934,0.013215859030837005,6.722689075630252,0.9122240425540458,1.0200000000001594,3.2620894576029285,0.8421574191442811,25.400672,119.943973,5388.292756,1746,295,450,60.0,120.0
425,2023-09-14 15:59:57.322616,can_tapper13,"rgb(77,175,74)",507.0,452.0,508.0,10.848126232741617,98.75,100.0,0.5069957808873549,1500,18.45714285714286,15.0,308.0,293.0,1.30835,-21.759856630824373,17.0,2.304669,0.013310580204778159,0.01877133105802048,0.013651877133105802,7.627118644067797,0.9607719455207652,1.0000000000001563,1.7887444673306678,0.7339647571538821,59.936907,119.890087,7458.844335,2158,407,774,60.0,120.0
426,2023-09-14 18:07:33.209062,can_tapper13,"rgb(152,78,163)",503.0,475.0,509.0,5.566600397614314,93.75,100.0,7.336598816264568,1500,16.85833333333333,0.0,376.0,376.0,1.007743,-17.04059040590406,23.0,2.007593,0.005053191489361702,0.007446808510638297,0.006382978723404256,3.917525773195876,0.7377994496640659,0.5000000000000782,3.2620894576029285,0.7080080076325042,39.6111,119.970893,7655.886446,1917,324,645,60.0,120.0
427,2023-09-14 18:36:25.406355,can_tapper13,"rgb(255,127,0)",501.0,456.0,504.0,8.982035928143713,91.25,95.0,3.87801061244907,1500,16.791666666666668,21.0,500.0,479.0,1.00754,-25.48310810810811,30.0,2.006344,0.008350730688935283,0.009394572025052193,0.008977035490605427,5.856832971800434,1.234883870618695,0.5000000000000782,1.7887444673306678,0.6176839142297785,59.999375,119.924574,1732.197293,2160,411,669,60.0,120.0
428,2023-09-15 07:58:01.093523,can_tapper13,"rgb(255,255,51)",503.0,465.0,507.0,7.5546719681908545,93.75,98.75,9.101539101830838,662,13.99,24.5,269.0,244.5,1.120708,-10.63030303030303,26.0,2.120567,0.013905930470347648,0.01554192229038855,0.015541922290388548,2.05761316872428,0.4363442033145527,1.0000000000001563,2.565174071178317,0.7621921386844295,16.264284,119.799617,48095.687168,1635,364,394,60.0,120.0
429,2023-09-15 08:58:35.997011,can_tapper13,"rgb(166,86,40)",499.0,450.0,500.0,9.819639278557114,87.00000000000001,90.0,2.034098681821514,1500,14.65,26.5,329.0,302.5,1.32639,-24.83617747440273,30.0,2.830543,0.012892561983471076,0.01619834710743802,0.013223140495867768,14.526315789473685,0.7307705271949964,1.0200000000001594,1.9029463547871976,0.7942944238294264,59.899881,119.912344,3634.903488,2157,465,486,60.0,120.0
430,2023-09-16 05:29:18.878752,can_tapper13,"rgb(247,129,191)",499.0,453.0,501.0,9.218436873747494,87.00000000000001,91.25,3.773583899369938,1500,17.575,0.0,379.0,379.0,1.226806,-20.777372262773724,27.0,2.319123,0.010554089709762533,0.012137203166226913,0.011081794195250658,4.602510460251046,0.9583998828857101,1.0000000000001563,2.892719705486028,0.8268698935314539,59.79705,119.796921,73842.881741,2157,364,553,60.0,120.0
431,2023-09-16 05:41:54.797780,can_tapper13,"rgb(153,153,153)",504.0,460.0,508.0,8.73015873015873,95.0,100.0,0.22409787737663905,1500,17.466666666666665,0.0,313.0,313.0,1.417877,-19.197916666666668,121.0,2.019775,0.011821086261980831,0.014057507987220448,0.013099041533546327,2.127659574468085,0.4870376672913672,1.0000000000001563,1.7887444673306678,0.7864021286487931,59.994323,119.875551,755.919028,2160,310,482,60.0,120.0
432,2023-09-16 06:39:37.831315,can_tapper13,"rgb(228,26,28)",504.0,468.0,507.0,7.142857142857142,95.0,98.75,6.628858179178011,252,17.0,17.0,390.0,373.0,1.018053,-6.629787234042553,32.0,2.024735,0.009115281501340482,0.0096514745308311,0.00991957104557641,3.3333333333333335,1.0135076329392954,1.260000000000197,119.99999999999996,0.3404225044460083,8.051697,119.773908,3463.033535,1536,254,402,60.0,120.0
433,2023-09-16 07:45:07.993180,can_tapper13,"rgb(55,126,184)",504.0,466.0,,7.5396825396825395,95.0,,,0,13.85,17.0,249.0,232.0,1.0082,-11.284697508896798,31.0,2.122677,0.0125,0.016379310344827584,,6.105263157894737,0.6250304629827392,1.0000000000001563,2.565174071178317,0.7835072595042529,1.40451,119.936426,3930.161865,1458,291,440,60.0,120.0
434,2023-09-16 08:54:03.287871,can_tapper13,"rgb(77,175,74)",504.0,458.0,507.0,9.126984126984127,95.0,98.75,10.109053477959577,939,16.81666666666667,16.0,223.0,207.0,1.012924,-14.796511627906977,18.0,2.109668,0.017874396135265702,0.022222222222222223,0.019323671497584544,8.59538784067086,0.46560119745817086,0.5000000000000782,2.7289468883321724,0.8305567108308581,21.807482,76.972001,4135.294691,1186,214,397,60.0,120.0
435,2023-09-19 15:59:26.192069,can_tapper13,"rgb(152,78,163)",499.0,465.0,,6.813627254509018,87.00000000000001,,,0,19.233333333333334,15.0,443.0,428.0,0.899495,-23.340425531914892,17.0,2.00169,0.006074766355140187,0.007943925233644861,,5.708245243128964,0.7759195856471407,0.5000000000000782,2.565174071178317,0.5053925004028128,1.104561,18.678541,284722.904198,240,58,69,60.0,120.0
436,2023-09-20 07:23:38.567482,can_tapper13,"rgb(255,127,0)",495.0,462.0,496.0,6.666666666666667,75.58333333333339,78.00000000000004,4.1221956689215595,1362,19.083333333333336,19.0,444.0,425.0,0.814604,-15.343137254901961,20.0,2.813275,0.0058823529411764705,0.007764705882352942,0.00611764705882353,4.098360655737705,0.6330533627257415,0.5000000000000782,3.678623825607137,0.7750727005927983,30.248073,119.825266,55452.375413,1802,390,438,60.0,120.0
437,2023-09-20 07:43:24.545186,can_tapper13,"rgb(255,255,51)",503.0,439.0,508.0,12.72365805168986,93.75,98.75,3.9077617367823656,1500,16.56666666666667,16.0,318.0,302.0,1.309246,-17.202614379084967,17.0,2.406593,0.012582781456953643,0.021192052980132447,0.01423841059602649,14.465408805031446,0.8702395508404305,1.0000000000001563,2.0171482422437275,0.7732971952901702,59.900575,119.976349,1185.977704,2160,420,525,60.0,120.0
438,2023-09-20 15:46:45.869261,can_tapper13,"rgb(166,86,40)",511.0,467.0,,8.610567514677104,100.0,,,0,21.7,12.0,244.0,232.0,1.126472,-11.300366300366301,53.0,2.125395,0.013793103448275862,0.01896551724137931,,7.949790794979079,0.9457250345157234,1.260000000000197,2.892719705486028,0.8189367060506537,0.793382,119.784323,29001.324075,1449,277,366,60.0,120.0
439,2023-09-21 11:25:00.470240,can_tapper13,"rgb(247,129,191)",500.0,464.0,503.0,7.199999999999999,90.0,93.75,5.282407577813147,1244,18.1,16.0,434.0,418.0,0.826125,-10.180722891566266,12.0,2.327647,0.008133971291866028,0.00861244019138756,0.008851674641148326,8.130081300813009,0.4244410692548094,0.5000000000000782,2.565174071178317,0.7614704134794936,27.896426,119.926977,70694.600979,1776,380,444,60.0,120.0
440,2023-09-25 09:53:39.173736,can_tapper13,"rgb(153,153,153)",499.0,448.0,503.0,10.220440881763528,87.00000000000001,93.75,1.3223739210548047,1500,13.525,0.0,330.0,330.0,1.44231,-12.91304347826087,22.0,2.034475,0.012121212121212123,0.015454545454545453,0.013333333333333334,7.628865979381444,1.1647687589831377,1.0000000000001563,2.892719705486028,0.8081406490848071,59.847119,119.964057,340118.703496,2160,360,328,60.0,120.0
441,2023-09-25 10:53:47.283282,can_tapper13,"rgb(228,26,28)",496.0,454.0,496.0,8.46774193548387,78.00000000000004,78.00000000000004,2.71913882210962,1498,13.625,0.0,252.0,252.0,1.105374,-14.039426523297491,95.0,2.104404,0.014285714285714285,0.016666666666666666,0.014285714285714285,3.0927835051546393,0.6902103802210467,0.5000000000000782,3.2620894576029285,0.8358692664198812,32.973287,119.862141,3608.109546,1836,369,488,60.0,120.0
442,2023-09-25 11:11:16.614450,can_tapper13,"rgb(55,126,184)",496.0,440.0,503.0,11.29032258064516,78.00000000000004,93.75,7.622047832020086,1500,13.758333333333331,18.0,377.0,359.0,1.190132,-17.894160583941606,153.0,2.289806,0.012813370473537606,0.015598885793871867,0.014763231197771589,10.638297872340425,0.9435572611262143,1.5000000000002345,2.27471676670449,0.7495146023705677,59.856546,119.997157,1049.331168,2159,380,487,60.0,120.0
443,2023-10-16 10:29:03.076008,can_tapper13,"rgb(77,175,74)",500.0,464.0,,7.199999999999999,90.0,,,0,8.75,0.0,361.0,361.0,1.008719,0.39747634069400634,105.0,2.020334,0.008310249307479223,0.009972299168975069,,4.098360655737705,0.764151725324439,1.0000000000001563,3.2620894576029285,0.7483836710530595,2.254856,119.828366,1811866.461558,1467,329,380,60.0,120.0
444,2023-10-17 08:04:22.261672,can_tapper13,"rgb(152,78,163)",495.0,461.0,496.0,6.8686868686868685,75.58333333333339,78.00000000000004,14.039887680897401,171,8.85,0.0,357.0,357.0,1.021669,-3.353846153846154,108.0,2.02274,0.009523809523809525,0.009523809523809525,0.00980392156862745,1.492537313432836,0.5568267208933949,1.0000000000001563,2.892719705486028,0.7096894292264784,6.450973,119.871654,77719.185664,1518,339,480,60.0,120.0
445,2023-10-30 08:13:15.155786,can_tapper13,"rgb(255,127,0)",500.0,460.0,,8.0,90.0,,,0,10.8,0.0,381.0,381.0,0.930172,-3.214723926380368,18.0,2.037584,0.006299212598425197,0.010498687664041995,,7.43801652892562,1.054832950502651,1.0200000000001594,2.565174071178317,0.6863594089939022,1.591107,119.99489,1123732.894114,1460,337,449,60.0,120.0
446,2023-10-31 07:47:25.800948,can_tapper13,"rgb(255,255,51)",500.0,452.0,504.0,9.6,90.0,95.0,13.153311350156999,852,12.25,22.0,414.0,392.0,0.516288,-4.390070921985815,100.0,2.018319,0.003826530612244898,0.012244897959183675,0.004846938775510204,10.169491525423728,1.5216173838555336,1.0000000000001563,2.565174071178317,0.7391998697740585,20.057949,119.981897,84850.645162,1681,319,447,60.0,120.0
447,2023-11-07 13:34:30.384631,can_tapper13,"rgb(166,86,40)",512.0,466.0,,8.984375,100.0,,,0,10.95,0.0,471.0,471.0,0.621673,-6.2514792899408285,120.0,2.025001,0.004670912951167728,0.009766454352441613,,5.042016806722689,0.9784488745776203,1.2400000000001938,3.2620894576029285,0.8519289347400244,0.902635,119.929377,625624.583683,1452,346,458,60.0,120.0
448,2023-11-07 13:51:54.562134,can_tapper13,"rgb(247,129,191)",504.0,435.0,508.0,13.690476190476192,95.0,98.75,3.6791127462714206,1500,9.341666666666665,0.0,469.0,469.0,1.007801,-12.511945392491468,168.0,2.007068,0.011087420042643924,0.014712153518123668,0.011940298507462687,12.57995735607676,1.3971726686917458,1.5200000000002376,2.0171482422437275,0.7645552689944991,59.994382,119.958222,1044.177503,2160,435,330,60.0,120.0
449,2023-11-09 17:27:01.776753,can_tapper13,"rgb(153,153,153)",496.0,455.0,499.0,8.266129032258064,78.58333333333337,87.00000000000001,3.986721771875717,1500,6.7333333333333325,20.0,226.0,206.0,1.030796,-7.488888888888889,86.0,2.031851,0.013106796116504855,0.019902912621359223,0.014563106796116504,7.526881720430108,0.8181652179667549,0.5000000000000782,3.2620894576029285,0.7727669216143562,35.899315,119.936576,185707.214619,1872,339,485,60.0,120.0
450,2023-12-11 08:45:48.872784,can_tapper13,"rgb(228,26,28)",500.0,465.0,503.0,7.000000000000001,90.0,93.75,3.6927059540118448,199,8.1,21.5,461.0,439.5,0.729601,-1.7576687116564418,17.0,2.233428,0.007963594994311717,0.007963594994311717,0.008646188850967008,0.819672131147541,0.28579418064858975,0.7400000000001157,2.7289468883321724,0.7844174495544121,6.987945,119.855328,2733527.096031,1524,350,445,60.0,120.0
451,2023-12-11 09:58:01.462501,can_tapper13,"rgb(55,126,184)",496.0,469.0,500.0,5.443548387096774,78.00000000000004,88.25000000000001,6.394216175205986,1500,8.475,0.0,345.0,345.0,0.925883,-6.570063694267516,17.0,2.02499,0.004347826086956522,0.007826086956521738,0.0055072463768115944,3.171247357293869,0.6577017939959258,0.26000000000004064,2.892719705486028,0.7386321536249413,41.412482,119.926851,4332.589717,1938,384,396,60.0,120.0
452,2023-12-12 15:19:56.533587,can_tapper13,"rgb(77,175,74)",496.0,451.0,500.0,9.07258064516129,78.00000000000004,90.0,4.383139725839291,1500,15.85,0.0,321.0,321.0,1.431178,-24.165714285714287,22.0,2.032448,0.010280373831775701,0.014018691588785048,0.011526479750778817,3.2967032967032965,0.5887768840421537,1.0000000000001563,2.892719705486028,0.834538718475809,59.764443,119.789078,105715.071086,2157,479,551,60.0,120.0
453,2023-12-12 15:22:35.965812,can_tapper13,"rgb(152,78,163)",525.0,458.0,572.0,12.761904761904763,100.0,100.0,46.58309625914647,1500,15.883333333333331,19.0,387.0,368.0,0.451009,-22.814589665653497,20.0,2.048574,0.004347826086956522,0.018206521739130434,0.017119565217391306,13.821138211382113,2.039869322121416,1.5000000000002345,1.801675664776153,0.7600666280245766,59.911771,119.911253,159.432225,2160,503,757,60.0,120.0
454,2023-12-13 07:04:53.091156,can_tapper13,"rgb(255,127,0)",496.0,444.0,499.0,10.483870967741936,78.00000000000004,87.00000000000001,0.8668745484371332,267,15.583333333333332,0.0,475.0,475.0,1.11835,-22.255072463768116,23.0,2.126988,0.008842105263157894,0.010947368421052633,0.009473684210526316,4.310344827586207,0.28660868707396103,1.0200000000001594,3.2620894576029285,0.8624306979936205,8.349902,119.967701,56537.125344,1542,367,588,60.0,120.0
455,2023-12-13 07:16:23.948790,can_tapper13,"rgb(255,255,51)",503.0,440.0,507.0,12.524850894632205,93.75,98.75,2.271858787491917,1500,15.616666666666669,0.0,445.0,445.0,1.005841,-24.80654761904762,157.0,2.105632,0.012584269662921348,0.014157303370786516,0.01348314606741573,8.423326133909287,1.1405396089360567,1.5000000000002345,2.27471676670449,0.8499611031025254,59.86694,119.949125,690.857634,2158,480,634,60.0,120.0
456,2023-12-13 07:26:10.776169,can_tapper13,"rgb(166,86,40)",504.0,452.0,508.0,10.317460317460316,95.0,98.75,3.960321760141862,1500,15.691666666666668,17.5,323.0,305.5,1.296544,-24.620178041543028,17.0,2.894248,0.013093289689034369,0.01702127659574468,0.014402618657937807,16.317991631799163,1.2959302962556956,1.0000000000001563,1.7887444673306678,0.7779079497366472,59.971742,119.981949,586.827379,2160,417,554,60.0,120.0
457,2023-12-13 07:37:51.612997,can_tapper13,"rgb(247,129,191)",493.0,438.0,496.0,11.156186612576064,70.75000000000004,78.00000000000004,2.4796544354014722,1500,15.633333333333331,26.0,297.0,271.0,1.588896,-31.794666666666668,162.0,2.189293,0.01107011070110701,0.02029520295202952,0.012177121771217712,16.989247311827956,0.7293716401716128,1.0400000000001626,2.27471676670449,0.8320359729406466,59.815513,119.825221,700.836828,2157,585,596,60.0,120.0
458,2023-12-14 14:44:06.068420,can_tapper13,"rgb(153,153,153)",493.0,445.0,495.0,9.73630831643002,70.75000000000004,75.58333333333339,22.151724103329915,324,18.4,30.0,413.0,383.0,1.327097,-21.799145299145298,35.0,2.322653,0.011488250652741512,0.012532637075718014,0.012010443864229767,6.860706860706861,0.4455368931123681,1.0200000000001594,2.892719705486028,0.8735043486559051,9.740897,83.538859,111974.455423,1119,251,283,60.0,120.0
459,2024-01-09 10:40:54.741479,can_tapper13,"rgb(228,26,28)",484.0,452.0,485.0,6.6115702479338845,52.857142857142826,54.642857142857125,1.261422938306426e-11,9,15.6,0.0,357.0,357.0,0.930058,-37.68387096774194,29.0,2.024766,0.00896358543417367,0.00896358543417367,0.009243697478991598,2.5641025641025643,0.4283369351471796,0.5200000000000813,3.2620894576029285,0.8702623685234923,3.20197,119.898443,2231808.673059,1479,322,528,60.0,120.0
460,2024-01-09 10:45:37.781850,can_tapper13,"rgb(55,126,184)",507.0,454.0,511.0,10.453648915187378,98.75,100.0,15.962365093596645,414,14.225,17.0,241.0,224.0,1.028215,-40.31358885017421,19.0,2.128443,0.019196428571428573,0.023660714285714285,0.02098214285714286,8.620689655172415,0.7137331339547306,1.5200000000002376,3.077404581544478,0.8795040161512344,11.294131,119.807265,283.040371,1574,309,463,60.0,120.0
461,2024-01-31 13:11:54.793402,can_tapper13,"rgb(77,175,74)",496.0,435.0,500.0,12.298387096774194,78.58333333333337,90.0,3.2666236740544363,1500,8.22,18.0,353.0,335.0,1.291512,-12.447457627118643,25.0,2.383857,0.009253731343283583,0.018208955223880597,0.010447761194029851,10.51454138702461,0.6298392676595772,1.0000000000001563,2.892719705486028,0.866579409107329,59.870139,119.992179,1909577.011552,2160,397,619,60.0,120.0
462,2024-01-31 13:29:49.376035,can_tapper13,"rgb(152,78,163)",491.0,434.0,491.0,11.608961303462321,66.25000000000003,66.25000000000003,3.010810227026069,1500,6.683333333333333,0.0,358.0,358.0,1.1917,-8.692789968652038,490.0,3.288465,0.012849162011173185,0.015921787709497207,0.012849162011173185,13.859275053304904,0.6326999280414224,1.0000000000001563,1.5862030873085784,0.12664346511289293,59.94681,119.946464,1074.582633,2160,442,612,60.0,120.0
463,2024-01-31 13:31:02.558896,can_tapper13,"rgb(255,127,0)",500.0,441.0,513.0,11.799999999999999,88.25000000000001,100.0,84.95839331482813,1500,6.734999999999999,23.0,490.0,467.0,0.477657,-20.83974358974359,25.0,2.978029,0.006423982869379015,0.012633832976445398,0.009207708779443255,12.5,2.2073625911549333,1.5200000000002376,1.9029463547871976,0.7927914740950969,59.839169,119.798879,73.182861,2157,467,678,60.0,120.0
464,2024-01-31 13:45:27.590279,can_tapper13,"rgb(255,255,51)",531.0,453.0,547.0,14.689265536723164,100.0,100.0,42.17644541174694,1500,6.883333333333335,0.0,456.0,456.0,0.909442,-8.007352941176471,391.0,2.019806,0.013157894736842105,0.017105263157894738,0.016666666666666666,19.50718685831622,2.0494703342591025,1.260000000000197,60.79310154365427,0.1580214751454243,59.891329,119.95374,865.031383,2159,408,831,60.0,120.0
465,2024-01-31 13:47:07.129649,can_tapper13,"rgb(166,86,40)",525.0,458.0,569.0,12.761904761904763,100.0,100.0,56.10244271218798,1500,6.840000000000001,24.0,391.0,367.0,1.242304,9.862857142857143,45.0,2.836533,0.013623978201634877,0.018256130790190738,0.025613079019073566,10.40339702760085,1.1505387600995953,1.260000000000197,15.558206486264643,0.2973207710940362,59.884682,119.942474,99.53937,2120,310,446,60.0,120.0
466,2024-01-31 13:49:14.986974,can_tapper13,"rgb(247,129,191)",495.0,431.0,497.0,12.929292929292929,75.58333333333339,81.00000000000004,8.141639174060392,1500,7.308571428571429,28.5,476.0,447.5,1.122275,-24.809815950920246,168.0,2.129676,0.01005586592178771,0.014301675977653631,0.010502793296089384,7.246376811594203,1.1150223929040077,1.5000000000002345,2.0171482422437275,0.7894701539501038,59.941649,119.983831,127.857325,2160,440,470,60.0,120.0
467,2024-01-31 14:35:20.627982,can_tapper13,"rgb(153,153,153)",493.0,427.0,497.0,13.387423935091277,71.66666666666669,81.00000000000004,5.021300009466027,1500,7.6,19.0,409.0,390.0,1.07415,-20.498567335243553,34.0,2.075532,0.01,0.016923076923076923,0.011025641025641025,17.094017094017094,0.7388345737767499,1.0000000000001563,1.9029463547871976,0.844566681124135,59.896521,119.936733,2765.641008,2160,471,692,60.0,120.0
468,2024-02-20 09:30:59.273791,can_tapper13,"rgb(228,26,28)",495.0,418.0,496.0,15.555555555555555,75.58333333333339,78.58333333333337,0.32595570042482663,1500,6.833333333333334,0.0,460.0,460.0,1.024712,-6.826797385620915,127.0,2.022999,0.00891304347826087,0.01673913043478261,0.009130434782608698,23.68421052631579,2.0783621652733006,1.5000000000002345,2.892719705486028,0.8627912559061216,59.962133,119.92634,1709738.645809,2160,432,718,60.0,120.0
469,2024-02-20 09:41:35.108634,can_tapper13,"rgb(55,126,184)",512.0,474.0,569.0,7.421875,100.0,100.0,7.5323322365908245,1500,6.825,32.0,472.0,440.0,0.904027,-4.300291545189505,29.0,2.004455,0.005681818181818181,0.008636363636363636,0.01863636363636364,5.555555555555555,0.9689903235250763,0.5000000000000782,2.0171482422437275,0.7467493993063512,59.975548,119.912746,635.834843,2159,506,570,60.0,120.0
470,2024-02-21 11:18:34.295184,can_tapper13,"rgb(77,175,74)",495.0,437.0,499.0,11.717171717171718,75.58333333333339,87.00000000000001,3.0270946787080297,1500,14.083333333333332,0.0,425.0,425.0,0.496549,-22.073333333333334,20.0,2.495627,0.00611764705882353,0.013647058823529415,0.007058823529411765,11.11111111111111,1.6462909494318931,1.260000000000197,2.892719705486028,0.854128836973546,59.818724,119.775555,92219.18655,2118,432,472,60.0,120.0
471,2024-02-21 13:59:03.060507,can_tapper13,"rgb(152,78,163)",493.0,464.0,496.0,5.88235294117647,70.75000000000004,78.58333333333337,4.309541596238611,1450,14.041666666666668,0.0,450.0,450.0,0.807863,-30.01644736842105,27.0,2.305504,0.0028888888888888888,0.0064444444444444445,0.0035555555555555557,2.78372591006424,0.4019765419184156,0.26000000000004064,3.2620894576029285,0.8466350619537371,32.019359,119.82686,9628.765323,1785,358,361,60.0,120.0
472,2024-03-07 07:51:29.865144,can_tapper13,"rgb(255,127,0)",489.0,434.0,496.0,11.247443762781186,62.714285714285715,78.58333333333337,5.440757973669329,1500,8.016666666666667,27.0,392.0,365.0,1.134108,-10.195571955719558,199.0,2.132439,0.009863013698630138,0.015068493150684932,0.011780821917808219,4.0358744394618835,0.8670399884237984,1.5000000000002345,2.892719705486028,0.8729106638049594,59.829125,119.99624,1273946.804637,2120,368,490,60.0,120.0
473,2024-03-07 09:33:05.678923,can_tapper13,"rgb(255,255,51)",491.0,429.0,496.0,12.627291242362526,66.25000000000003,78.58333333333337,7.722323432142489,1500,7.875,20.0,286.0,266.0,1.582146,-15.220973782771535,152.0,2.078958,0.012030075187969926,0.02330827067669173,0.013909774436090226,9.014675052410901,1.2406431106151499,1.5000000000002345,2.145932504474109,0.8240473861370237,59.997378,119.838291,6095.813779,2158,408,493,60.0,120.0
474,2024-03-08 16:02:23.555413,can_tapper13,"rgb(166,86,40)",492.0,446.0,496.0,9.34959349593496,68.6666666666667,78.58333333333337,4.343788597238345,1500,9.7,20.0,204.0,184.0,1.117966,-9.282894736842104,18.0,2.115158,0.013043478260869566,0.024999999999999998,0.015217391304347825,9.67741935483871,0.7245322975865116,0.5000000000000782,2.892719705486028,0.838540399339794,40.528453,119.812285,109757.87649,1887,366,424,60.0,120.0
475,2024-03-26 07:58:09.130058,can_tapper13,"rgb(247,129,191)",492.0,441.0,496.0,10.365853658536585,68.6666666666667,78.58333333333337,4.913148850287455,1500,6.833333333333334,23.0,344.0,321.0,1.409793,-9.169329073482428,22.0,2.009069,0.01339563862928349,0.01588785046728972,0.014641744548286605,8.333333333333334,1.1038903865995084,1.0000000000001563,2.892719705486028,0.8291114011267766,59.963276,119.895083,1526145.574645,2160,412,521,60.0,120.0
476,2024-03-26 12:31:27.080189,can_tapper13,"rgb(153,153,153)",499.0,450.0,500.0,9.819639278557114,87.00000000000001,88.25000000000001,1.291997146983731e-12,229,6.75,19.0,224.0,205.0,1.026451,-7.286604361370716,15.0,2.123421,0.019024390243902442,0.023902439024390244,0.01951219512195122,9.787234042553191,0.5770917316033928,1.0000000000001563,2.892719705486028,0.8551301678556334,7.600351,120.000782,16397.950131,1532,342,416,60.0,120.0
477,2024-04-08 08:53:16.719089,can_tapper13,"rgb(228,26,28)",496.0,449.0,500.0,9.475806451612904,78.58333333333337,90.0,4.719770986563968,1500,15.916666666666668,0.0,354.0,354.0,1.238446,-16.32063492063492,19.0,2.337011,0.007909604519774011,0.013276836158192092,0.00903954802259887,5.349794238683128,0.4300785185467195,1.0200000000001594,2.892719705486028,0.8336453026365913,59.916549,119.92334,1110109.6389,2160,427,513,60.0,120.0
478,2024-05-29 15:52:08.069359,can_tapper13,"rgb(55,126,184)",519.0,468.0,520.0,9.826589595375722,97.5,97.5,1.0670969504160864e-12,129,15.058333333333332,0.0,204.0,204.0,1.021737,-1.6126760563380282,14.0,2.717361,0.022058823529411766,0.024999999999999998,0.02254901960784314,11.475409836065573,3.2745406759602256,1.0200000000001594,3.2620894576029285,0.8780545051483419,5.59085,119.980623,4431531.35027,1509,297,368,60.0,120.0
479,2024-08-09 09:26:16.387725,can_tapper13,"rgb(77,175,74)",503.0,458.0,504.0,8.946322067594433,82.5,84.0625,8.612034661816982e-13,119,19.975,12.0,366.0,354.0,0.820486,-3.3150183150183152,8.0,2.222764,0.01271186440677966,0.01271186440677966,0.012994350282485877,13.191489361702128,4.368470840038579,1.0000000000001563,2.565174071178317,0.6474322638058927,5.398359,119.943852,6197648.318366,3012,580,984,60.0,120.0
480,2024-08-09 09:26:16.387725,can_tapper13,"rgb(152,78,163)",503.0,458.0,504.0,8.946322067594433,82.5,84.0625,8.612034661816982e-13,119,19.975,12.0,366.0,354.0,0.820486,-3.3150183150183152,8.0,2.222764,0.01271186440677966,0.01271186440677966,0.012994350282485877,13.191489361702128,4.368470840038579,1.0000000000001563,2.565174071178317,0.6474322638058927,5.398359,119.943852,0.0,3012,580,984,60.0,120.0
481,2024-08-27 09:35:26.251128,can_tapper13,"rgb(255,127,0)",500.0,461.0,504.0,7.8,81.5625,85.71428571428571,11.707404262924547,139,,0.0,333.0,333.0,0.918989,-3.8105263157894735,18.0,2.017818,0.011711711711711712,0.011711711711711712,0.012912912912912914,12.681912681912682,3.7875218699097157,1.260000000000197,2.565174071178317,0.7537696129627883,5.79477,119.990897,1555749.863403,1510,302,432,60.0,120.0
482,2024-08-27 10:05:53.894443,can_tapper13,"rgb(255,255,51)",491.0,428.0,495.0,12.830957230142568,69.16666666666669,74.00000000000003,0.5266580118476579,1500,16.475,23.5,360.0,336.5,1.288744,-21.687719298245614,30.0,2.286666,0.013670133729569094,0.018722139673105497,0.014858841010401188,14.018691588785046,4.443390453402037,1.0000000000001563,2.0171482422437275,0.7426752539244735,59.908228,119.955696,1827.643315,2160,372,613,60.0,120.0
483,2024-08-27 10:19:36.181859,can_tapper13,"rgb(166,86,40)",515.0,426.0,532.0,17.281553398058254,88.21428571428571,100.0,58.3635814949161,1500,16.79,0.0,465.0,465.0,1.053264,-14.83617747440273,32.0,2.148131,0.015053763440860214,0.01913978494623656,0.01870967741935484,20.72434607645875,5.902591505559398,1.2400000000001938,2.0171482422437275,0.7029568545501258,59.946022,119.914966,822.287416,2159,429,631,60.0,120.0
484,2024-08-28 15:21:22.751135,can_tapper13,"rgb(247,129,191)",492.0,423.0,500.0,14.02439024390244,69.16666666666669,81.5625,6.120669386963083,1500,25.291666666666664,24.5,300.0,275.5,1.617956,-21.945392491467576,162.0,2.118327,0.013793103448275862,0.025045372050816698,0.016696914700544466,22.07792207792208,5.551168842629503,1.5200000000002376,3.2620894576029285,0.7043222752832723,59.802894,119.772177,104506.569276,2156,422,614,60.0,120.0
485,2024-08-28 15:25:27.479779,can_tapper13,"rgb(153,153,153)",524.0,429.0,576.0,18.12977099236641,98.75,100.0,13.232761436780258,1500,25.315,24.0,385.0,361.0,1.000522,-18.60337552742616,101.0,2.099627,0.017451523545706372,0.02631578947368421,0.03185595567867036,27.82608695652174,5.604901750170727,2.0000000000003126,1.7887444673306678,0.6501075379705681,59.950321,119.954783,244.728644,2160,377,609,60.0,120.0
486,2024-08-29 10:53:49.165252,can_tapper13,"rgb(228,26,28)",503.0,452.0,507.0,10.139165009940358,84.0625,88.21428571428571,25.406024664730392,285,23.48333333333333,0.0,166.0,166.0,1.099202,-8.275747508305647,13.0,2.097821,0.027108433734939756,0.030722891566265058,0.029518072289156625,20.0,4.6862336611309034,1.0200000000001594,2.565174071178317,0.8163315873542121,8.709434,119.901296,70101.685473,1545,318,453,60.0,120.0
487,2024-08-29 11:01:15.522500,can_tapper13,"rgb(55,126,184)",499.0,386.0,495.5,22.645290581162325,80.0,74.00000000000003,3.5556371358381917,1500,23.575,14.0,291.0,277.0,1.599022,-13.157088122605364,333.0,2.202669,0.020577617328519857,0.040794223826714805,0.01931407942238267,23.502304147465438,6.097242781124136,1.5000000000002345,1.7887444673306678,0.19522118853416748,59.966825,119.909427,446.357248,2160,390,602,60.0,120.0
488,2024-08-29 11:02:07.959011,can_tapper13,"rgb(77,175,74)",509.0,435.0,573.0,14.538310412573674,90.0,100.0,81.27578723366983,1500,23.494999999999997,0.0,333.0,333.0,1.487314,-13.306722689075631,423.0,2.07981,0.01801801801801802,0.02222222222222222,0.037237237237237236,18.161925601750546,5.171305330065776,1.0000000000001563,119.99999999999996,0.08615370859201932,59.894915,119.991761,52.436511,2160,373,621,60.0,120.0
489,2024-08-29 11:03:25.106478,can_tapper13,"rgb(152,78,163)",515.0,426.0,532.0,17.281553398058254,92.08333333333334,100.0,71.87075194254491,1500,23.675,0.0,423.0,423.0,1.075571,1.7131782945736433,491.0,2.071896,0.01725768321513002,0.021040189125295507,0.021276595744680854,23.84937238493724,5.754141790908237,2.0000000000003126,51.74336368726529,0.22638521850146986,59.992542,82.596289,77.147467,1712,247,389,60.0,120.0
490,2024-09-02 10:21:14.739698,can_tapper13,"rgb(255,127,0)",500.0,454.0,503.0,9.2,80.0,84.0625,5.076620929915858e-12,27,22.15833333333333,0.0,355.0,355.0,0.818305,-4.6,13.0,2.221469,0.00619718309859155,0.01295774647887324,0.00704225352112676,15.789473684210526,4.436581097635028,1.0200000000001594,2.565174071178317,0.7416297365666975,3.553963,119.974709,343069.63322,1483,309,440,60.0,120.0
491,2024-09-02 10:49:27.075819,can_tapper13,"rgb(255,255,51)",496.0,430.0,500.0,13.306451612903224,74.00000000000003,81.5625,0.9765515451336743,1500,22.275,0.0,312.0,312.0,1.436043,-19.843537414965986,30.0,2.034875,0.016666666666666666,0.021153846153846148,0.017948717948717947,19.205298013245034,5.7303424052615375,1.0000000000001563,2.27471676670449,0.6546794127464199,59.923221,119.902949,1692.336121,2160,433,628,60.0,120.0
492,2024-09-17 11:55:38.749774,can_tapper13,"rgb(166,86,40)",492.0,375.0,499.0,23.78048780487805,69.16666666666669,80.0,0.26488900661728254,1500,15.916666666666668,17.0,359.0,342.0,1.086648,-47.01607717041801,17.0,2.08347,0.014912280701754387,0.03421052631578947,0.01695906432748538,28.878281622911693,6.244148295403996,1.260000000000197,3.678623825607137,0.8089013806223673,59.880776,119.990451,1299971.673955,2160,439,485,60.0,120.0
493,2024-09-17 14:51:26.977379,can_tapper13,"rgb(247,129,191)",504.0,426.0,505.0,15.476190476190476,82.5,82.5,4.038766239451204,1500,17.820833333333333,0.0,359.0,359.0,1.238886,-23.846153846153847,24.0,2.331006,0.014763231197771587,0.021727019498607242,0.015041782729805013,23.702031602708804,6.184140197599622,1.0200000000001594,2.27471676670449,0.6333686835299501,59.989621,119.856067,10548.227605,2160,358,490,60.0,120.0
494,2024-09-17 15:14:58.352370,can_tapper13,"rgb(153,153,153)",504.0,408.0,507.0,19.047619047619047,82.5,85.0,4.925433300191635,1500,18.21333333333333,21.0,412.0,391.0,1.213222,-27.025089605734767,24.0,2.214373,0.016112531969309462,0.024552429667519183,0.01687979539641944,29.310344827586206,6.149948526488416,1.5000000000002345,2.27471676670449,0.6940339883504212,59.878706,119.951703,1411.374991,2158,352,530,60.0,120.0
495,2024-09-18 07:02:23.984783,can_tapper13,"rgb(228,26,28)",499.0,401.0,499.0,19.639278557114228,80.0,80.0,0.6546669576296122,1500,17.40833333333333,15.0,330.0,315.0,1.224554,-13.579545454545455,347.0,2.315728,0.019365079365079366,0.03111111111111111,0.019365079365079366,25.663716814159294,5.978060672304004,1.0200000000001594,3.5320632586857963,0.13539806698283174,59.869247,119.973281,56845.632413,2160,365,514,60.0,120.0
496,2024-09-18 07:03:41.213752,can_tapper13,"rgb(55,126,184)",519.0,428.0,564.0,17.533718689788053,97.5,100.0,76.93619419385155,1500,17.5,14.0,347.0,333.0,1.223983,-25.92887029288703,495.0,2.720756,0.019219219219219222,0.02732732732732733,0.03273273273273273,28.104575163398692,5.906693112547636,3.2600000000005096,119.99999999999996,0.02817578309859603,59.83057,119.790387,77.228969,2157,386,535,60.0,120.0
497,2024-09-18 07:04:37.431185,can_tapper13,"rgb(77,175,74)",499.0,421.0,518.0,15.631262525050099,83.21428571428571,92.08333333333334,99.06261291670148,1500,20.925,0.0,314.0,314.0,1.237272,-34.93181818181818,23.0,2.830521,0.01592356687898089,0.02484076433121019,0.021974522292993633,16.70378619153675,3.986935771047981,1.0000000000001563,1.7887444673306678,0.5201390721808974,59.999443,119.863174,56.217433,2159,380,599,60.0,120.0
498,2024-09-18 09:15:44.408288,can_tapper13,"rgb(152,78,163)",499.0,435.0,500.0,12.825651302605209,80.0,80.0,4.4399930844406965,1500,17.52,22.0,318.0,296.0,1.258548,-24.56451612903226,23.0,2.858665,0.017567567567567565,0.021621621621621623,0.017905405405405406,19.646799116997794,5.754494637469102,1.0000000000001563,1.7887444673306678,0.6461604258049324,59.89061,119.948772,7866.977103,2159,319,465,60.0,120.0
499,2024-09-18 09:20:55.512555,can_tapper13,"rgb(255,127,0)",531.0,414.0,550.0,22.033898305084744,98.75,100.0,35.39745573219712,1500,17.759999999999998,22.5,321.0,298.5,1.212957,-15.159090909090908,22.0,2.713924,0.022780569514237854,0.03919597989949748,0.02914572864321608,24.947589098532493,6.080730559321234,3.000000000000469,1.7887444673306678,0.5706442888296412,59.9375,119.928171,311.104267,2159,445,632,60.0,120.0
500,2024-09-18 10:13:41.793278,can_tapper13,"rgb(255,255,51)",500.0,393.0,500.0,21.4,80.0,80.0,3.829459479759137,1500,17.98333333333333,14.0,436.0,422.0,1.11834,-28.060714285714287,143.0,2.12009,0.017061611374407582,0.025355450236966823,0.01729857819905213,29.06178489702517,7.382913338320499,1.5000000000002345,1.7887444673306678,0.752644972091296,59.800004,119.849233,3166.280723,2157,400,718,60.0,120.0
501,2024-09-18 11:38:48.234780,can_tapper13,"rgb(166,86,40)",499.0,414.0,503.0,17.034068136272545,80.0,84.0625,0.6331736147437952,1500,19.1,0.0,350.0,350.0,1.265295,-36.57241379310345,23.0,2.264321,0.01657142857142857,0.024285714285714285,0.017714285714285714,25.26997840172786,5.569316359425544,1.2400000000001938,2.27471676670449,0.7111868236361308,59.967375,119.864668,5106.441502,2159,404,569,60.0,120.0
502,2024-09-18 13:48:13.873592,can_tapper13,"rgb(247,129,191)",500.0,426.0,503.0,14.799999999999999,80.0,82.5,3.063005805779729,1500,19.633333333333333,0.0,355.0,355.0,1.203802,-32.47430830039526,21.0,2.195708,0.01436619718309859,0.020845070422535212,0.015211267605633804,34.18803418803419,5.498106028350758,1.0000000000001563,2.27471676670449,0.6857989868630494,59.954564,119.983982,7765.638812,2159,314,527,60.0,120.0
503,2024-09-23 08:07:25.762125,can_tapper13,"rgb(153,153,153)",503.0,443.0,505.0,11.928429423459244,82.5,82.5,17.172596747735515,114,17.65,15.0,297.0,282.0,0.922041,-4.821917808219178,13.0,2.022023,0.014893617021276595,0.021276595744680847,0.015602836879432624,16.379310344827587,5.764105037833794,1.2400000000001938,2.892719705486028,0.760306280260982,5.297823,119.817198,411551.888533,1503,310,441,60.0,120.0
504,2024-09-23 08:30:50.057072,can_tapper13,"rgb(228,26,28)",496.0,414.0,501.0,16.532258064516128,74.00000000000003,81.5625,6.567122918720016,1500,17.68,15.0,316.0,301.0,1.193375,-19.134920634920636,-12.0,,0.019933554817275746,0.027242524916943518,0.021594684385382056,40.0,6.303382175467215,1.0000000000001563,2.0171482422437275,0.7425031559238511,59.954226,119.970784,1404.294947,2159,408,479,60.0,120.0
505,2024-09-23 09:02:35.268753,can_tapper13,"rgb(55,126,184)",497.0,432.0,491.0,13.078470824949697,74.00000000000003,69.16666666666669,12.196301114586133,239,15.116666666666665,16.0,356.0,340.0,0.525757,-6.186567164179104,25.0,2.033089,0.010588235294117648,0.01911764705882353,0.008823529411764706,28.270042194092827,7.975729273269252,1.5000000000002345,119.99999999999996,0.18120287139562874,7.791367,119.989306,1905.211681,1534,296,266,60.0,120.0
506,2024-09-23 14:15:43.098897,can_tapper13,"rgb(77,175,74)",495.0,447.0,488.0,9.696969696969697,74.00000000000003,65.0,91.99859162101689,672,18.5,0.0,306.0,306.0,0.925223,-16.205882352941178,24.0,2.019926,0.005882352941176471,0.01568627450980392,0.0035947712418300656,17.094017094017094,5.189294770225166,1.0000000000001563,2.565174071178317,0.4665941669540832,16.459609,119.886926,18787.830144,1638,313,447,60.0,120.0
507,2024-09-24 07:35:15.010723,can_tapper13,"rgb(152,78,163)",496.0,453.0,500.0,8.669354838709678,74.00000000000003,80.0,3.7492089508369304,417,16.05,0.0,348.0,348.0,0.807182,-12.240601503759398,18.0,2.309005,0.01206896551724138,0.01235632183908046,0.013218390804597701,19.130434782608695,5.150557923832597,1.0200000000001594,2.565174071178317,0.6672337491148286,11.356397,119.994158,62371.911826,1577,288,511,60.0,120.0
508,2024-09-24 10:41:23.883230,can_tapper13,"rgb(255,127,0)",489.0,455.0,485.0,6.952965235173824,65.0,61.428571428571416,211.97026379602758,319,15.75,17.0,242.0,225.0,0.934993,-22.32051282051282,19.0,2.029701,0.007555555555555555,0.01511111111111111,0.0057777777777777775,17.849462365591396,5.472126886409158,0.5000000000000782,3.2620894576029285,0.6972036912902311,9.396523,63.420099,11168.872507,876,186,228,60.0,120.0
509,2024-09-24 12:10:11.064661,can_tapper13,"rgb(255,255,51)",499.0,455.0,,8.817635270541082,80.0,,,0,16.041666666666668,0.0,289.0,289.0,0.91304,-12.803333333333333,12.0,2.016569,0.01384083044982699,0.01522491349480969,,18.103448275862068,5.985369345948438,1.260000000000197,2.892719705486028,0.6621102524171246,2.600554,119.953708,5327.181431,1473,312,490,60.0,120.0
510,2024-09-24 12:13:22.960877,can_tapper13,"rgb(166,86,40)",528.0,395.0,573.0,25.189393939393938,98.75,100.0,18.441768196338412,1500,15.975,0.0,484.0,484.0,0.416951,-9.989528795811518,48.0,2.017957,0.009710743801652892,0.02747933884297521,0.01900826446280992,41.333333333333336,9.806286705688816,3.500000000000547,119.99999999999996,0.3228491325434264,59.952646,119.922929,191.896216,2160,317,515,60.0,120.0
511,2024-09-24 13:03:20.809388,can_tapper13,"rgb(247,129,191)",491.0,392.0,496.0,20.162932790224033,69.16666666666669,74.00000000000003,0.21105787158113956,1500,16.491666666666667,22.5,325.0,302.5,1.28835,-26.95910780669145,29.0,2.291678,0.015537190082644628,0.03272727272727273,0.0171900826446281,22.52252252252252,6.436182446333611,1.2400000000001938,2.0171482422437275,0.6671996057424996,59.971542,119.906403,2997.848511,2160,375,602,60.0,120.0
512,2024-09-25 13:24:19.595009,can_tapper13,"rgb(153,153,153)",499.0,437.0,503.0,12.424849699398797,80.0,82.5,15.024177554740014,847,15.55,0.0,485.0,485.0,0.6221,-6.549295774647887,75.0,2.02559,0.008247422680412371,0.012783505154639177,0.009072164948453608,18.082788671023966,6.000630010697199,1.260000000000197,2.892719705486028,0.8226029463593898,19.963597,119.905245,87658.785621,1680,333,458,60.0,120.0
513,2024-09-25 15:16:59.824472,can_tapper13,"rgb(228,26,28)",495.0,393.0,503.0,20.606060606060606,74.00000000000003,84.0625,4.544099797376928,1500,15.957142857142856,20.0,430.0,410.0,1.017027,-25.608695652173914,105.0,2.115182,0.01829268292682927,0.02487804878048781,0.02024390243902439,32.150776053215075,7.60162791557506,1.5200000000002376,3.678623825607137,0.8011849161672864,59.987154,119.818772,6760.229463,2159,425,568,60.0,120.0
514,2024-09-27 07:36:06.078745,can_tapper13,"rgb(55,126,184)",499.0,412.0,500.0,17.43486973947896,80.0,80.0,9.819981244842237,655,14.15,17.0,500.0,483.0,0.607263,-2.7697368421052633,73.0,2.010061,0.009316770186335402,0.018012422360248446,0.009523809523809523,30.21276595744681,7.274849466724692,1.5200000000002376,2.565174071178317,0.8300448367910017,16.111639,119.969289,145146.254273,1635,341,543,60.0,120.0
515,2024-09-27 08:03:59.713025,can_tapper13,"rgb(77,175,74)",491.0,372.0,492.0,24.236252545824847,69.16666666666669,69.16666666666669,4.964117761829227,1500,14.346666666666668,0.0,484.0,484.0,0.501765,-25.356060606060606,47.0,2.004032,0.00909090909090909,0.024586776859504132,0.00909090909090909,43.405275779376495,9.754506303152175,1.5000000000002345,2.0171482422437275,0.8110100799820166,59.874422,119.983239,1673.63428,2158,364,654,60.0,120.0
516,2024-09-27 08:15:19.253476,can_tapper13,"rgb(152,78,163)",491.0,396.0,495.0,19.34826883910387,69.16666666666669,74.00000000000003,3.9302506356660762,1500,14.540000000000001,25.0,320.0,295.0,1.239239,-23.66549295774648,28.0,2.233603,0.018983050847457626,0.03220338983050847,0.019999999999999997,26.741573033707866,6.451135483467073,1.0000000000001563,1.7887444673306678,0.6566371478936017,59.937119,119.988774,679.540451,2160,357,681,60.0,120.0
517,2024-09-27 08:38:19.971174,can_tapper13,"rgb(255,127,0)",503.0,418.0,507.0,16.898608349900595,82.5,85.0,3.600277155677964,1500,15.075,25.0,385.0,360.0,1.351074,-20.93385214007782,161.0,2.347679,0.011666666666666667,0.023611111111111114,0.012777777777777777,42.184154175588866,6.983020697262452,1.7600000000002751,2.0171482422437275,0.7077601658450827,59.899021,119.983192,1380.717698,2160,341,676,60.0,120.0
518,2024-09-30 05:42:29.615347,can_tapper13,"rgb(255,255,51)",488.0,411.0,495.0,15.778688524590164,65.0,74.00000000000003,8.289114795160662,1500,9.816666666666666,19.0,365.0,346.0,1.259721,-13.555944055944057,20.0,2.36244,0.014739884393063585,0.022254335260115606,0.01676300578034682,35.81395348837209,7.624607276675045,1.260000000000197,2.892719705486028,0.7569395693463299,59.947704,119.910691,248649.644173,2160,429,620,60.0,120.0
519,2024-09-30 08:00:38.807288,can_tapper13,"rgb(166,86,40)",499.0,447.0,504.0,10.420841683366733,80.0,82.5,21.00443600196809,1500,14.2,0.0,392.0,392.0,0.924174,-21.66147859922179,19.0,2.322624,0.010459183673469388,0.01326530612244898,0.011479591836734694,26.62473794549266,4.9767182041211555,1.0000000000001563,2.27471676670449,0.73356612012538,59.948719,119.860934,8289.191941,2158,377,480,60.0,120.0
520,2024-09-30 09:25:55.238994,can_tapper13,"rgb(247,129,191)",497.0,457.0,500.0,8.048289738430583,74.00000000000003,80.0,25.157780070120566,1500,12.85,20.0,321.0,301.0,1.106021,-21.10839160839161,88.0,2.009876,0.010299003322259135,0.013289036544850497,0.011295681063122925,16.738197424892704,5.076308264327084,1.0000000000001563,2.0171482422437275,0.6559230594311878,59.856275,119.96327,5116.431706,2158,404,616,60.0,120.0
521,2024-09-30 12:10:56.033665,can_tapper13,"rgb(153,153,153)",499.0,430.0,500.0,13.827655310621243,80.0,80.0,3.976446211753231,1500,12.1,16.0,436.0,420.0,0.469513,-27.260714285714286,15.0,2.073515,0.010000000000000002,0.016428571428571428,0.010238095238095239,25.601750547045953,7.0440181366145,1.5000000000002345,2.0171482422437275,0.8113998761011237,59.997436,119.948278,9900.794671,2158,396,734,60.0,120.0
522,2024-09-30 13:46:01.441621,can_tapper13,"rgb(228,26,28)",499.0,436.0,500.0,12.625250501002002,80.0,80.0,3.3461881538608704,1500,15.458333333333332,0.0,389.0,389.0,0.86673,-25.904290429042906,24.0,2.358482,0.011053984575835476,0.016195372750642676,0.011311053984575836,17.62208067940552,4.816875861079675,1.0000000000001563,2.0171482422437275,0.7162576937092315,59.876416,119.983674,5705.407956,2159,394,658,60.0,120.0
523,2024-09-30 18:50:18.238220,can_tapper13,"rgb(55,126,184)",485.0,424.0,487.0,12.577319587628866,61.428571428571416,65.0,5.010393337951761,1500,18.075,0.0,428.0,428.0,0.649544,-85.04964539007092,16.0,2.153032,0.011682242990654205,0.014252336448598132,0.012149532710280372,21.132897603485837,5.205524961747102,1.0000000000001563,4.148345232772487,0.9129378871400656,59.951555,119.904515,18256.796599,2157,373,630,60.0,120.0
524,2024-09-30 22:09:50.619587,can_tapper13,"rgb(77,175,74)",480.0,432.0,483.0,10.0,56.874999999999986,61.428571428571416,4.406455291757074,1500,20.96666666666667,18.0,445.0,427.0,0.631819,-113.13879003558719,20.0,2.031921,0.01100702576112412,0.011241217798594848,0.011475409836065573,23.423423423423422,5.459895011507321,1.0200000000001594,4.67804510221319,0.9113867850771362,59.881313,119.964665,11972.381367,2159,359,556,60.0,120.0
525,2024-10-01 06:24:07.010954,can_tapper13,"rgb(152,78,163)",465.0,420.0,467.0,9.67741935483871,53.75,52.5,2.401613407221671e-13,1500,20.25,0.0,305.0,305.0,1.051222,-125.59941520467837,83.0,2.056411,0.012459016393442624,0.014754098360655738,0.013114754098360656,21.05263157894737,6.389146480632191,1.0000000000001563,3.2620894576029285,0.6773493479110535,59.952796,119.956971,29656.391367,2160,415,512,60.0,120.0
526,2024-10-02 08:00:24.423338,can_tapper13,"rgb(255,127,0)",485.0,454.0,484.0,6.391752577319587,61.428571428571416,61.428571428571416,8.35447482420994,1500,17.425,-37.0,324.0,361.0,0.800681,-241.98765432098764,-23.0,,0.006371191135734072,0.008587257617728532,0.006094182825484765,12.775330396475772,4.741955928028545,0.7600000000001188,13.796534727134544,0.8134183575836328,59.77661,119.789464,92177.412384,2157,422,492,60.0,120.0
527,2024-10-02 08:20:38.837494,can_tapper13,"rgb(255,255,51)",551.0,457.0,552.0,17.05989110707804,100.0,100.0,0.2240978773767466,1500,17.45,0.0,410.0,410.0,0.555521,-4.570957095709571,1.0,40.799593,0.00926829268292683,0.022926829268292682,0.00951219512195122,26.380368098159508,5.454847524282094,3.000000000000469,2.27471676670449,0.6980131212821639,59.992346,119.816994,1214.414156,2159,331,587,60.0,120.0
528,2024-10-02 10:00:59.157775,can_tapper13,"rgb(166,86,40)",499.0,450.0,500.0,9.819639278557114,80.0,80.0,3.9867839941254033,1500,14.8,15.0,348.0,333.0,0.787442,-21.92962962962963,14.0,2.286666,0.012312312312312312,0.014714714714714715,0.012612612612612612,14.408602150537634,4.459924843953403,1.0000000000001563,2.27471676670449,0.6483411804667037,59.967934,119.886316,6020.320281,2159,366,715,60.0,120.0
529,2024-10-02 11:22:13.974052,can_tapper13,"rgb(247,129,191)",496.0,450.0,497.0,9.274193548387096,74.00000000000003,74.00000000000003,0.6332625036720688,1500,16.8,17.0,345.0,328.0,0.800606,-23.533333333333335,40.0,2.300987,0.011585365853658536,0.014024390243902438,0.011890243902439025,23.529411764705884,4.312150216802035,1.0000000000001563,1.7887444673306678,0.30350130489107097,59.98527,119.917128,4874.816277,2160,400,488,60.0,120.0
530,2024-10-02 13:21:36.191448,can_tapper13,"rgb(153,153,153)",495.0,457.0,495.0,7.6767676767676765,74.00000000000003,74.00000000000003,1.8464541539793413,1500,17.125,14.0,247.0,233.0,0.929016,-91.28571428571429,15.0,2.021498,0.014163090128755365,0.01630901287553648,0.014163090128755365,11.064718162839249,3.986911199022834,0.5000000000000782,2.892719705486028,0.8527400625860537,59.877995,119.994672,7162.217396,2159,386,520,60.0,120.0
531,2024-10-02 14:45:05.207926,can_tapper13,"rgb(228,26,28)",495.0,435.0,495.0,12.121212121212121,74.00000000000003,74.00000000000003,4.705726535877668,1500,18.10833333333333,15.0,476.0,461.0,0.570227,-83.57291666666667,77.0,2.07078,0.010845986984815618,0.013015184381778741,0.010845986984815618,19.914346895074946,5.394860307789341,1.5000000000002345,2.27471676670449,0.7268690354360121,59.924806,119.874183,5009.016478,2158,388,586,60.0,120.0
532,2024-10-02 16:06:01.904364,can_tapper13,"rgb(55,126,184)",508.0,454.0,508.0,10.62992125984252,88.21428571428571,88.21428571428571,0.9314759695447061,1500,19.475,12.5,491.0,478.5,0.626552,-6.586046511627907,64.0,2.126991,0.007523510971786834,0.01128526645768025,0.007523510971786834,21.1864406779661,4.393643125025725,0.7600000000001188,94.36310455066216,0.41550924141100876,59.978212,119.885551,4856.696438,2160,348,209,60.0,120.0
533,2024-10-02 18:31:26.192997,can_tapper13,"rgb(77,175,74)",504.0,460.0,505.0,8.73015873015873,82.5,84.0625,2.763192339196137,1500,16.5,12.0,361.0,349.0,0.877129,-21.043307086614174,42.0,2.275351,0.007736389684813753,0.012607449856733524,0.008022922636103151,15.254237288135593,4.231150339338162,0.7600000000001188,5.704664727804187,0.2987132566155618,59.977746,119.891785,8724.288633,2160,364,325,60.0,120.0
534,2024-10-03 09:08:52.639907,can_tapper13,"rgb(152,78,163)",497.0,413.0,499.0,16.901408450704224,74.00000000000003,80.0,4.97159332070695,1500,18.266666666666666,0.0,395.0,395.0,0.488762,-19.367924528301888,14.0,2.390643,0.010632911392405063,0.021265822784810127,0.011139240506329114,27.966101694915253,6.701951871088831,1.5000000000002345,2.0171482422437275,0.6863175480018666,59.943183,119.947624,52646.44691,2160,420,552,60.0,120.0
535,2024-10-03 11:46:50.632218,can_tapper13,"rgb(255,127,0)",492.0,445.0,493.0,9.552845528455284,69.16666666666669,69.16666666666669,1.7344452153084031,1500,15.1,16.0,445.0,429.0,0.68317,-93.15,52.0,2.091823,0.008158508158508158,0.010955710955710955,0.008391608391608392,13.258426966292134,4.605027675696618,1.0000000000001563,3.678623825607137,0.8991539735374332,59.90808,119.940921,9477.992311,2160,379,396,60.0,120.0
536,2024-10-04 07:19:48.438794,can_tapper13,"rgb(255,255,51)",500.0,430.0,503.0,14.000000000000002,80.0,82.5,1.9815653251395358,1500,12.633333333333333,14.0,499.0,485.0,0.679868,-15.729537366548042,15.0,2.679153,0.010515463917525773,0.01443298969072165,0.0111340206185567,18.803418803418804,4.4299847098339225,1.0000000000001563,1.7887444673306678,0.6483292426608647,59.826224,119.996725,70377.806576,2159,401,611,60.0,120.0
537,2024-10-04 10:44:01.384219,can_tapper13,"rgb(166,86,40)",495.0,438.0,496.0,11.515151515151516,74.00000000000003,74.00000000000003,1.0058937803972876,1500,12.85,0.0,469.0,469.0,0.616198,-57.289855072463766,21.0,2.016154,0.010021321961620469,0.012153518123667377,0.010234541577825159,18.046709129511676,3.9676026788336873,1.0000000000001563,2.27471676670449,0.7434906251607101,59.940363,119.992154,12252.945425,2159,367,583,60.0,120.0
538,2024-10-05 07:19:54.850693,can_tapper13,"rgb(247,129,191)",503.0,457.0,504.0,9.145129224652088,82.5,82.5,4.959637759837884,1500,15.083333333333332,13.0,472.0,459.0,0.74034,-12.54071661237785,13.0,2.141176,0.00915032679738562,0.010021786492374727,0.009368191721132896,19.65811965811966,4.829420140701247,1.0000000000001563,2.0171482422437275,0.6658847099845719,59.874622,119.955845,74153.466474,2160,377,667,60.0,120.0
539,2024-10-05 12:56:28.546969,can_tapper13,"rgb(153,153,153)",484.0,427.0,487.0,11.776859504132231,61.428571428571416,65.0,4.18103296934701,1500,14.05,0.0,450.0,450.0,0.560526,-106.70318021201413,82.0,2.062669,0.010444444444444444,0.012666666666666666,0.011111111111111112,18.777292576419214,4.837552604639271,1.5000000000002345,7.565235559061503,0.9435314796751108,59.974577,119.988986,20193.696276,2160,375,655,60.0,120.0
540,2024-10-05 18:03:09.634225,can_tapper13,"rgb(228,26,28)",507.0,461.0,508.0,9.072978303747535,86.5625,86.5625,1.3657694958970412,1500,19.865000000000002,0.0,363.0,363.0,0.834169,-19.69888475836431,8.0,2.238369,0.01046831955922865,0.012672176308539946,0.010743801652892562,14.989733059548255,4.247582997304668,0.7600000000001188,2.0171482422437275,0.6151211464887436,59.87748,119.959442,18401.087256,2158,359,455,60.0,120.0
541,2024-10-05 18:07:29.689862,can_tapper13,"rgb(55,126,184)",524.0,468.0,529.0,10.687022900763358,92.08333333333334,98.75,11.319542724794019,1039,20.116666666666667,0.0,379.0,379.0,0.824818,-9.89041095890411,10.0,2.318579,0.002638522427440633,0.014775725593667546,0.00395778364116095,12.5,4.101211011424397,1.0000000000001563,2.892719705486028,0.7096417269922944,23.800724,119.78641,260.055637,1725,323,502,60.0,120.0
542,2024-10-05 19:33:32.673946,can_tapper13,"rgb(77,175,74)",504.0,427.0,508.0,15.277777777777779,85.71428571428571,90.0,1.9149430733076094,1500,18.94166666666667,0.0,494.0,494.0,1.091657,-36.36861313868613,39.0,2.087283,0.010728744939271255,0.015587044534412956,0.011336032388663968,36.75213675213675,5.9231274471333695,1.5000000000002345,2.27471676670449,0.8164171827187493,59.901868,119.988699,5162.984084,2160,415,517,60.0,120.0
543,2024-10-06 06:58:46.071854,can_tapper13,"rgb(152,78,163)",511.0,465.0,515.0,9.001956947162427,86.5625,88.21428571428571,5.2796467909532,1500,17.218333333333334,13.0,364.0,351.0,0.807965,-9.52901023890785,12.0,2.204617,0.008262108262108261,0.013105413105413105,0.009401709401709403,14.046121593291405,4.23218588384188,0.7600000000001188,2.0171482422437275,0.5198262657991518,59.993312,119.87636,41113.397908,2158,383,665,60.0,120.0
544,2024-10-06 08:17:29.206768,can_tapper13,"rgb(255,127,0)",515.0,471.0,524.0,8.54368932038835,86.5625,92.08333333333334,31.923685299410824,1500,17.185,0.0,382.0,382.0,0.761157,-7.449477351916376,15.0,2.259407,0.0075916230366492145,0.011518324607329843,0.009947643979057591,16.872427983539094,4.719159324471563,1.0000000000001563,119.99999999999996,0.14046045441410038,59.99249,119.978702,4723.134914,2159,433,529,60.0,120.0
545,2024-10-06 08:45:59.542734,can_tapper13,"rgb(255,255,51)",500.0,450.0,503.0,10.0,83.21428571428571,85.71428571428571,0.4684802082132671,1500,17.26666666666667,0.0,496.0,496.0,0.573011,-36.43354430379747,15.0,3.074984,0.00907258064516129,0.010080645161290322,0.00967741935483871,18.4,3.6174504490808754,1.0000000000001563,2.0171482422437275,0.8053931223124126,59.93522,119.992281,1710.335966,2160,388,671,60.0,120.0
546,2024-10-06 11:06:20.112606,can_tapper13,"rgb(166,86,40)",492.0,460.0,495.0,6.504065040650407,69.16666666666669,74.00000000000003,0.22409787737656672,1500,14.85,16.0,318.0,302.0,1.010771,-97.83673469387755,16.0,2.011629,0.008940397350993378,0.010596026490066225,0.009933774834437087,10.187110187110187,3.656987014627056,0.7400000000001157,5.275382050040925,0.9090296295656517,59.986445,119.998882,8420.569872,2159,356,512,60.0,120.0
547,2024-10-07 08:41:58.771992,can_tapper13,"rgb(247,129,191)",519.0,473.0,524.0,8.863198458574182,92.08333333333334,97.5,9.370821942585986,1500,16.541666666666668,11.0,486.0,475.0,0.684098,-7.079037800687285,7.0,2.095932,0.006736842105263157,0.009684210526315788,0.007578947368421053,15.789473684210526,4.446002932571308,1.0200000000001594,2.0171482422437275,0.4823935268006444,59.941132,119.890048,77738.659386,2160,373,420,60.0,120.0
548,2024-10-07 15:43:34.383838,can_tapper13,"rgb(153,153,153)",497.0,438.0,500.0,11.87122736418511,74.00000000000003,81.5625,3.581121591609324,1500,19.25,19.0,184.0,165.0,1.091533,-21.544520547945204,25.0,2.589497,0.012727272727272728,0.03575757575757576,0.014545454545454545,16.738197424892704,3.3959886799652548,1.0000000000001563,2.27471676670449,0.7569902439559412,59.862242,119.9537,25295.611846,2158,362,408,60.0,120.0
549,2024-10-07 16:07:39.452990,can_tapper13,"rgb(228,26,28)",524.0,474.0,570.0,9.541984732824428,94.50000000000001,100.0,57.30828324811704,1500,18.45,19.5,395.0,375.5,0.767848,-9.936254980079681,16.0,2.761264,0.006924101198402132,0.013315579227696404,0.019174434087882823,12.449799196787149,3.7804545332554023,1.0000000000001563,2.0171482422437275,0.251225495887066,59.927504,119.934267,1445.069152,2159,375,652,60.0,120.0
550,2024-10-07 16:27:07.849428,can_tapper13,"rgb(55,126,184)",502.5,451.0,504.0,10.248756218905472,85.71428571428571,87.5,0.31488013994651104,1500,19.35,16.0,373.0,357.0,0.810223,-31.52755905511811,18.0,2.309873,0.010224089635854342,0.01442577030812325,0.010644257703081233,12.133891213389122,2.9713959843294058,1.0000000000001563,2.27471676670449,0.7391894282152565,59.942457,119.893199,1168.396438,2158,377,559,60.0,120.0
551,2024-10-07 18:52:22.769322,can_tapper13,"rgb(77,175,74)",500.0,467.0,503.0,6.6000000000000005,81.5625,85.71428571428571,1.277973901321497,1500,18.825,0.0,295.0,295.0,0.984276,-25.03125,12.0,2.076591,0.011186440677966102,0.011186440677966102,0.012203389830508475,9.894736842105264,3.6899363737997404,1.0000000000001563,2.0171482422437275,0.7100907367622133,59.982001,119.889368,8714.919894,2159,361,633,60.0,120.0
552,2024-10-07 21:27:27.206733,can_tapper13,"rgb(152,78,163)",495.0,442.0,496.0,10.707070707070706,74.00000000000003,75.56250000000001,1.0761249227221066,1500,18.775,15.0,474.0,459.0,0.616075,-90.03597122302158,15.0,2.117276,0.006753812636165577,0.011546840958605665,0.006971677559912854,12.931034482758621,3.1072824341719256,0.7600000000001188,3.678623825607137,0.9071721113313589,59.984743,119.972856,9304.437411,2160,378,574,60.0,120.0
553,2024-10-07 23:28:10.269135,can_tapper13,"rgb(255,127,0)",504.0,443.0,507.0,12.103174603174603,87.5,92.08333333333334,1.03896935065287,1500,19.425,0.0,477.0,477.0,0.453618,-62.03135888501742,10.0,2.355557,0.008595387840670859,0.012788259958071278,0.009224318658280922,18.79049676025918,4.427119225197219,1.2400000000001938,2.27471676670449,0.7969118649188394,59.99017,119.96073,7243.062402,2159,365,632,60.0,120.0
554,2024-10-08 15:42:50.916766,can_tapper13,"rgb(255,255,51)",501.0,452.0,503.0,9.780439121756487,81.5625,84.0625,4.583806481691011,1500,21.8,11.5,269.0,257.5,1.066192,-17.778125,79.0,2.169139,0.01436893203883495,0.01902912621359223,0.015145631067961164,16.488222698072803,3.7805045615393644,1.5000000000002345,2.27471676670449,0.5650903148761494,59.962259,119.912516,58480.647631,2160,392,608,60.0,120.0
555,2024-10-08 16:31:39.710278,can_tapper13,"rgb(166,86,40)",499.0,443.0,500.0,11.22244488977956,83.21428571428571,83.21428571428571,2.0586558921909938e-13,1500,21.925,19.0,205.0,186.0,1.185395,-34.79668049792531,20.0,2.681465,0.015591397849462365,0.030107526881720435,0.015591397849462365,12.605042016806722,2.9648271285342966,1.0000000000001563,2.27471676670449,0.7164105306294373,59.960696,119.890871,2928.793512,2158,318,546,60.0,120.0
556,2024-10-10 07:34:28.516884,can_tapper13,"rgb(247,129,191)",503.0,459.0,507.0,8.747514910536779,87.5,92.08333333333334,7.965087984481993,1500,19.35,13.0,368.0,355.0,0.726995,-15.892733564013842,9.0,2.720411,0.0050704225352112674,0.012394366197183098,0.006197183098591548,8.282828282828282,2.123421500155481,1.0000000000001563,2.0171482422437275,0.7458242167329421,59.831893,119.990948,140568.806606,2159,377,462,60.0,120.0
557,2024-10-10 10:12:28.565985,can_tapper13,"rgb(153,153,153)",492.0,452.0,492.0,8.130081300813007,69.47916666666669,69.47916666666669,1.6593074041363274,1500,16.8,0.0,364.0,364.0,0.920452,-90.85810810810811,15.0,3.423686,0.007692307692307693,0.01098901098901099,0.007692307692307693,13.793103448275861,2.5541387760540957,0.7600000000001188,2.892719705486028,0.8340322300389122,59.933131,119.924894,9480.049101,2160,388,473,60.0,120.0
558,2024-10-10 15:49:38.046218,can_tapper13,"rgb(228,26,28)",504.0,439.0,505.0,12.896825396825399,92.00000000000001,92.00000000000001,0.25755567002414537,1500,17.485,0.0,189.0,189.0,1.143786,-36.362459546925564,14.0,2.143333,0.018518518518518517,0.0343915343915344,0.01904761904761905,9.787234042553191,2.285417679090261,1.0000000000001563,2.0171482422437275,0.770530979400718,59.976528,119.875555,20229.480233,2159,411,613,60.0,120.0
559,2024-10-10 18:21:20.185367,can_tapper13,"rgb(55,126,184)",499.0,465.0,500.0,6.813627254509018,85.0,87.08333333333334,0.14559117581834013,1500,17.458333333333332,14.0,330.0,316.0,0.942144,-67.01886792452831,12.0,2.042524,0.009810126582278481,0.010759493670886076,0.010126582278481013,8.130081300813009,2.453956243134551,1.0000000000001563,2.27471676670449,0.7951137621536309,59.991343,119.956181,9102.139149,2160,371,549,60.0,120.0
560,2024-10-11 06:10:17.961904,can_tapper13,"rgb(77,175,74)",518.0,465.0,524.0,10.231660231660232,94.50000000000001,98.75,11.663596294929597,1500,15.575,11.0,367.0,356.0,0.80885,-8.14,10.0,2.208841,0.011235955056179778,0.014887640449438206,0.01292134831460674,12.164948453608247,2.9784032970283087,1.0000000000001563,1.5862030873085784,0.6002105002525095,59.911031,119.963877,42537.776537,2160,403,580,60.0,120.0
561,2024-10-11 08:31:08.128170,can_tapper13,"rgb(152,78,163)",499.0,464.0,499.0,7.014028056112225,85.0,85.0,0.31488013994670305,1500,15.3,0.0,245.0,245.0,1.087583,-56.87132352941177,12.0,2.089074,0.012244897959183675,0.014285714285714287,0.012244897959183675,11.570247933884298,2.2543514366167963,0.5000000000000782,2.27471676670449,0.7937512417693222,59.900068,119.973401,8450.166266,2159,370,622,60.0,120.0
562,2024-10-12 11:32:37.168545,can_tapper13,"rgb(255,127,0)",503.0,452.0,503.0,10.139165009940358,89.58333333333334,92.00000000000001,0.5443202419201103,1500,11.65,11.0,347.0,336.0,0.510053,-17.45608108108108,12.0,2.016028,0.007440476190476191,0.01517857142857143,0.007738095238095238,14.928425357873211,3.0730678847134043,1.5000000000002345,1.9029463547871976,0.7039042736974563,59.785723,119.839524,97289.040375,2157,398,614,60.0,120.0
563,2024-10-12 13:21:06.139456,can_tapper13,"rgb(255,255,51)",500.0,462.0,502.0,7.6,87.08333333333334,89.58333333333334,4.577566478917556,1500,12.975,0.0,292.0,292.0,1.141841,-29.17948717948718,81.0,2.044843,0.010273972602739725,0.013013698630136985,0.010958904109589041,8.936170212765957,2.0345143282207125,0.7600000000001188,2.0171482422437275,0.7611457611402176,59.953856,119.9512,6508.970911,2159,388,469,60.0,120.0
564,2024-10-12 14:08:25.763061,can_tapper13,"rgb(166,86,40)",503.0,451.0,504.0,10.337972166998012,89.58333333333334,89.58333333333334,1.7613341161489013,1500,12.75,17.0,497.0,480.0,0.691135,-29.160493827160494,84.0,2.192628,0.00625,0.010833333333333334,0.00625,13.097713097713097,2.5697482346836855,1.5000000000002345,2.27471676670449,0.7966869885555605,59.927221,119.946955,2839.623605,2159,409,662,60.0,120.0
565,2024-10-12 15:20:10.691573,can_tapper13,"rgb(247,129,191)",496.0,451.0,496.0,9.07258064516129,77.21428571428574,77.75000000000003,2.9232752156300525e-13,1500,15.575,0.0,396.0,396.0,0.947576,-46.413284132841326,25.0,2.852099,0.009595959595959597,0.011363636363636364,0.009595959595959597,9.322033898305085,2.3054241590840094,1.0000000000001563,2.27471676670449,0.7701879857915203,59.955727,119.956899,4304.928512,2160,370,738,60.0,120.0
566,2024-10-29 07:50:22.299527,can_tapper13,"rgb(153,153,153)",492.0,456.0,495.0,7.317073170731707,69.16666666666669,74.00000000000003,6.204054470455517,975,15.3,0.0,367.0,367.0,0.909068,-7.080459770114943,27.0,2.008393,0.009809264305177113,0.009809264305177113,0.010626702997275205,14.912280701754385,5.702912036789723,1.0000000000001563,2.892719705486028,0.6484715034229059,22.510328,119.820289,1441811.607954,1710,307,497,60.0,120.0
567,2024-11-12 11:27:00.332453,can_tapper13,"rgb(228,26,28)",492.0,393.0,492.0,20.121951219512198,69.16666666666669,69.16666666666669,7.439043306240597,1500,16.8,13.0,372.0,359.0,0.698181,-3.9622641509433962,14.0,2.295889,0.017270194986072428,0.027576601671309195,0.017270194986072428,25.547445255474454,6.724975156484948,1.0000000000001563,119.99999999999996,0.3426465716879954,59.861313,119.924755,1222598.032926,2160,210,452,60.0,120.0
568,2024-11-12 11:30:36.159414,can_tapper13,"rgb(55,126,184)",493.0,404.0,499.0,18.052738336713997,69.16666666666669,80.0,3.924642940357044e-13,1500,16.9,0.0,427.0,427.0,0.584312,-4.533546325878595,73.0,2.086394,0.016159250585480095,0.020843091334894613,0.01756440281030445,43.39622641509434,10.221385481119533,1.7600000000002751,1.7887444673306678,0.6927064730419843,59.913339,119.880792,215.826961,2160,329,642,60.0,120.0
569,2024-11-12 11:36:38.329106,can_tapper13,"rgb(77,175,74)",504.0,422.0,509.0,16.26984126984127,82.5,90.0,4.406348625043214,1500,16.94166666666667,0.0,368.0,368.0,0.69682,-0.8873239436619719,61.0,2.105797,0.022282608695652174,0.022282608695652174,0.02364130434782609,24.651162790697676,6.913752290272642,1.5200000000002376,36.08162758099249,0.2813010851951938,59.758446,119.792581,362.169692,2157,173,171,60.0,120.0
570,2024-11-12 12:49:40.720765,can_tapper13,"rgb(152,78,163)",492.0,399.0,496.0,18.902439024390244,69.16666666666669,74.00000000000003,11.28838723928137,1500,16.883333333333333,0.0,297.0,297.0,0.785625,-8.447761194029852,-5.0,,0.021885521885521887,0.031313131313131314,0.023232323232323233,22.666666666666668,5.524187095631989,1.0000000000001563,1.7887444673306678,0.5934991656224253,59.92072,119.997931,4382.391659,2160,305,582,60.0,120.0
