start_index,start_time,can_tapper_id,window_start,window_end,temp_avg_start_C,pre_data_duration_s,post_data_duration_s,t_since_previous_start_s,n_voltage_samples,n_current_samples,n_temperature_samples,FILE_NAME_ORIGIN
0,2020-08-21 10:10:24.956747,can_tapper18,2020-08-21 10:09:24.956747,2020-08-21 10:12:24.956747,21.6375,59.853289,119.975316,,2159,397,725,//qar7000185/GP0_UPLOAD/BOXER/CYLOM\KZ-04-76_CP-14\20201103\can_Tapper18-08-21-10-06-50.pcap.gz
1,2020-08-21 10:30:12.248571,can_tapper18,2020-08-21 10:29:12.248571,2020-08-21 10:32:12.248571,21.655,59.953923,119.998276,1187.291824,2160,567,776,//qar7000185/GP0_UPLOAD/BOXER/CYLOM\KZ-04-76_CP-14\20201103\can_Tapper18-08-21-10-06-50.pcap.gz
2,2020-08-21 10:42:07.774069,can_tapper18,2020-08-21 10:41:07.774069,2020-08-21 10:44:07.774069,18.755555555555553,59.914274,119.972565,715.525498,2159,564,616,//qar7000185/GP0_UPLOAD/BOXER/CYLOM\KZ-04-76_CP-14\20201103\can_Tapper18-08-21-10-06-50.pcap.gz
3,2020-08-21 12:15:53.130922,can_tapper18,2020-08-21 12:14:53.130922,2020-08-21 12:17:53.130922,22.46,59.927723,119.979417,5625.356853,2160,334,519,//qar7000185/GP0_UPLOAD/BOXER/CYLOM\KZ-04-76_CP-14\20201103\can_Tapper18-08-21-12-06-50.pcap.gz
4,2020-08-21 13:25:31.147408,can_tapper18,2020-08-21 13:24:31.147408,2020-08-21 13:27:31.147408,23.735,59.844577,119.997426,4178.016486,2159,388,228,//qar7000185/GP0_UPLOAD/BOXER/CYLOM\KZ-04-76_CP-14\20201103\can_Tapper18-08-21-13-06-50.pcap.gz
5,2020-08-21 13:34:56.677328,can_tapper18,2020-08-21 13:33:56.677328,2020-08-21 13:36:56.677328,23.789285714285715,59.987221,119.89855,565.52992,2159,410,481,//qar7000185/GP0_UPLOAD/BOXER/CYLOM\KZ-04-76_CP-14\20201103\can_Tapper18-08-21-13-06-50.pcap.gz
6,2020-08-24 10:52:37.859524,can_tapper18,2020-08-24 10:51:37.859524,2020-08-24 10:54:37.859524,18.25,59.991954,119.9938,249461.182196,1751,317,368,//qar7000185/GP0_UPLOAD/BOXER/CYLOM\KZ-04-76_CP-14\20201103\can_Tapper18-08-24-10-48-49.pcap.gz
7,2020-08-24 10:54:29.719723,can_tapper18,2020-08-24 10:53:29.719723,2020-08-24 10:56:29.719723,15.908333333333331,59.83595,119.94183,111.860199,1749,350,437,//qar7000185/GP0_UPLOAD/BOXER/CYLOM\KZ-04-76_CP-14\20201103\can_Tapper18-08-24-10-54-24.pcap.gz
8,2020-08-24 11:54:52.321093,can_tapper18,2020-08-24 11:53:52.321093,2020-08-24 11:56:52.321093,16.116666666666667,59.933583,119.878879,3622.60137,2160,342,387,//qar7000185/GP0_UPLOAD/BOXER/CYLOM\KZ-04-76_CP-14\20201103\can_Tapper18-08-24-11-17-12.pcap.gz
9,2020-08-24 13:27:41.495589,can_tapper18,2020-08-24 13:26:41.495589,2020-08-24 13:29:41.495589,17.65,59.867675,119.988002,5569.174496,2159,276,487,//qar7000185/GP0_UPLOAD/BOXER/CYLOM\KZ-04-76_CP-14\20201103\can_Tapper18-08-24-13-17-12.pcap.gz
10,2020-08-24 13:30:23.383088,can_tapper18,2020-08-24 13:29:23.383088,2020-08-24 13:32:23.383088,17.691666666666666,59.965069,119.9644,161.887499,2160,364,484,//qar7000185/GP0_UPLOAD/BOXER/CYLOM\KZ-04-76_CP-14\20201103\can_Tapper18-08-24-13-17-12.pcap.gz
11,2020-08-26 07:47:41.125653,can_tapper18,2020-08-26 07:46:41.125653,2020-08-26 07:49:41.125653,15.416666666666668,59.976675,119.909025,152237.742565,2160,420,674,//qar7000185/GP0_UPLOAD/BOXER/CYLOM\KZ-04-76_CP-14\20201103\can_Tapper18-08-26-07-37-09.pcap.gz
12,2020-08-26 07:51:50.051277,can_tapper18,2020-08-26 07:50:50.051277,2020-08-26 07:53:50.051277,15.3875,59.975219,119.980443,248.925624,2159,378,534,//qar7000185/GP0_UPLOAD/BOXER/CYLOM\KZ-04-76_CP-14\20201103\can_Tapper18-08-26-07-37-09.pcap.gz
13,2020-08-26 08:02:17.546111,can_tapper18,2020-08-26 08:01:17.546111,2020-08-26 08:04:17.546111,15.556666666666667,59.990862,119.990512,627.494834,2160,367,393,//qar7000185/GP0_UPLOAD/BOXER/CYLOM\KZ-04-76_CP-14\20201103\can_Tapper18-08-26-07-37-09.pcap.gz
14,2020-08-26 08:22:03.377705,can_tapper18,2020-08-26 08:21:03.377705,2020-08-26 08:24:03.377705,15.6,59.955408,119.983033,1185.831594,2160,386,548,//qar7000185/GP0_UPLOAD/BOXER/CYLOM\KZ-04-76_CP-14\20201103\can_Tapper18-08-26-07-37-09.pcap.gz
15,2020-08-26 09:06:51.091589,can_tapper18,2020-08-26 09:05:51.091589,2020-08-26 09:08:51.091589,16.313333333333333,59.951206,119.951575,2687.713884,2159,420,738,//qar7000185/GP0_UPLOAD/BOXER/CYLOM\KZ-04-76_CP-14\20201103\can_Tapper18-08-26-08-37-09.pcap.gz
16,2020-08-26 14:03:31.433502,can_tapper18,2020-08-26 14:02:31.433502,2020-08-26 14:05:31.433502,17.03,59.881588,119.981695,17800.341913,2159,446,598,//qar7000185/GP0_UPLOAD/BOXER/CYLOM\KZ-04-76_CP-14\20201103\can_Tapper18-08-26-13-37-09.pcap.gz
17,2020-08-26 15:41:49.650119,can_tapper18,2020-08-26 15:40:49.650119,2020-08-26 15:43:49.650119,18.19166666666667,59.975395,119.853824,5898.216617,2158,355,651,//qar7000185/GP0_UPLOAD/BOXER/CYLOM\KZ-04-76_CP-14\20201103\can_Tapper18-08-26-15-37-09.pcap.gz
18,2020-08-26 15:50:44.652217,can_tapper18,2020-08-26 15:49:44.652217,2020-08-26 15:52:44.652217,18.34166666666667,59.911719,119.945423,535.002098,2159,378,704,//qar7000185/GP0_UPLOAD/BOXER/CYLOM\KZ-04-76_CP-14\20201103\can_Tapper18-08-26-15-37-09.pcap.gz
19,2020-08-26 16:19:11.037385,can_tapper18,2020-08-26 16:18:11.037385,2020-08-26 16:21:11.037385,18.5,59.833299,119.998004,1706.385168,2158,443,559,//qar7000185/GP0_UPLOAD/BOXER/CYLOM\KZ-04-76_CP-14\20201103\can_Tapper18-08-26-15-37-09.pcap.gz
20,2020-08-26 16:47:06.811060,can_tapper18,2020-08-26 16:46:06.811060,2020-08-26 16:49:06.811060,19.4,59.897992,119.953374,1675.773675,2158,555,579,//qar7000185/GP0_UPLOAD/BOXER/CYLOM\KZ-04-76_CP-14\20201103\can_Tapper18-08-26-16-37-09.pcap.gz
21,2020-08-26 17:03:14.149580,can_tapper18,2020-08-26 17:02:14.149580,2020-08-26 17:05:14.149580,19.725,59.975205,105.357319,967.33852,1984,536,430,//qar7000185/GP0_UPLOAD/BOXER/CYLOM\KZ-04-76_CP-14\20201103\can_Tapper18-08-26-16-37-09.pcap.gz
22,2020-08-27 09:42:05.407996,can_tapper18,2020-08-27 09:41:05.407996,2020-08-27 09:44:05.407996,15.525,1.827631,119.980345,59931.258416,1462,338,389,//qar7000185/GP0_UPLOAD/BOXER/CYLOM\KZ-04-76_CP-14\20201103\can_Tapper18-08-27-09-42-03.pcap.gz
23,2020-08-27 10:26:26.343419,can_tapper18,2020-08-27 10:25:26.343419,2020-08-27 10:28:26.343419,15.535,59.803083,119.827288,2660.935423,2157,446,438,//qar7000185/GP0_UPLOAD/BOXER/CYLOM\KZ-04-76_CP-14\20201103\can_Tapper18-08-27-09-42-03.pcap.gz
24,2020-08-27 14:00:52.874266,can_tapper18,2020-08-27 13:59:52.874266,2020-08-27 14:02:52.874266,17.114285714285714,59.863107,119.961648,12866.530847,2158,395,550,//qar7000185/GP0_UPLOAD/BOXER/CYLOM\KZ-04-76_CP-14\20201103\can_Tapper18-08-27-13-58-04.pcap.gz
25,2020-08-27 14:24:54.582010,can_tapper18,2020-08-27 14:23:54.582010,2020-08-27 14:26:54.582010,17.29,59.983544,119.921175,1441.707744,2159,559,584,//qar7000185/GP0_UPLOAD/BOXER/CYLOM\KZ-04-76_CP-14\20201103\can_Tapper18-08-27-13-58-04.pcap.gz
26,2020-08-31 15:10:06.464465,can_tapper18,2020-08-31 15:09:06.464465,2020-08-31 15:12:06.464465,16.225,22.119894,119.943924,348311.882455,1707,297,428,//qar7000185/GP0_UPLOAD/BOXER/CYLOM\KZ-04-76_CP-14\20201103\can_Tapper18-08-31-15-09-44.pcap.gz
27,2020-08-31 15:57:11.231124,can_tapper18,2020-08-31 15:56:11.231124,2020-08-31 15:59:11.231124,16.35,59.825802,119.976999,2824.766659,2158,422,355,//qar7000185/GP0_UPLOAD/BOXER/CYLOM\KZ-04-76_CP-14\20201103\can_Tapper18-08-31-15-49-26.pcap.gz
28,2020-08-31 16:23:12.044294,can_tapper18,2020-08-31 16:22:12.044294,2020-08-31 16:25:12.044294,16.4,14.717203,94.620149,1560.81317,1314,287,299,//qar7000185/GP0_UPLOAD/BOXER/CYLOM\KZ-04-76_CP-14\20201103\can_Tapper18-08-31-16-22-57.pcap.gz
29,2020-09-01 07:29:43.027547,can_tapper18,2020-09-01 07:28:43.027547,2020-09-01 07:31:43.027547,16.575,59.95708,119.909495,54390.983253,2160,373,536,//qar7000185/GP0_UPLOAD/BOXER/CYLOM\KZ-04-76_CP-14\20201103\can_Tapper18-09-01-07-27-50.pcap.gz
30,2020-09-01 07:47:54.957092,can_tapper18,2020-09-01 07:46:54.957092,2020-09-01 07:49:54.957092,16.55833333333333,27.367399,119.983128,1091.929545,1770,321,467,//qar7000185/GP0_UPLOAD/BOXER/CYLOM\KZ-04-76_CP-14\20201103\can_Tapper18-09-01-07-47-27.pcap.gz
31,2020-09-01 08:33:26.532003,can_tapper18,2020-09-01 08:32:26.532003,2020-09-01 08:35:26.532003,16.416666666666668,26.966572,119.88525,2731.574911,1764,386,567,//qar7000185/GP0_UPLOAD/BOXER/CYLOM\KZ-04-76_CP-14\20201103\can_Tapper18-09-01-08-32-59.pcap.gz
32,2020-09-01 09:28:42.531490,can_tapper18,2020-09-01 09:27:42.531490,2020-09-01 09:30:42.531490,16.508333333333333,8.955485,119.920154,3315.999487,1548,371,418,//qar7000185/GP0_UPLOAD/BOXER/CYLOM\KZ-04-76_CP-14\20201103\can_Tapper18-09-01-09-28-33.pcap.gz
33,2020-09-01 14:04:07.909795,can_tapper18,2020-09-01 14:03:07.909795,2020-09-01 14:06:07.909795,18.465,46.614243,119.993291,16525.378305,2001,386,527,//qar7000185/GP0_UPLOAD/BOXER/CYLOM\KZ-04-76_CP-14\20201103\can_Tapper18-09-01-14-03-20.pcap.gz
34,2020-09-01 14:22:01.238180,can_tapper18,2020-09-01 14:21:01.238180,2020-09-01 14:24:01.238180,18.57,59.934664,119.901606,1073.328385,2160,360,455,//qar7000185/GP0_UPLOAD/BOXER/CYLOM\KZ-04-76_CP-14\20201103\can_Tapper18-09-01-14-03-20.pcap.gz
35,2020-09-03 09:02:49.521444,can_tapper18,2020-09-03 09:01:49.521444,2020-09-03 09:04:49.521444,14.5,1.69363,119.895798,153648.283264,1461,331,432,//qar7000185/GP0_UPLOAD/BOXER/CYLOM\KZ-04-76_CP-14\20201103\can_Tapper18-09-03-09-02-47.pcap.gz
36,2020-09-03 10:13:34.441046,can_tapper18,2020-09-03 10:12:34.441046,2020-09-03 10:15:34.441046,14.183333333333332,26.113953,119.981549,4244.919602,1755,365,526,//qar7000185/GP0_UPLOAD/BOXER/CYLOM\KZ-04-76_CP-14\20201103\can_Tapper18-09-03-10-13-08.pcap.gz
37,2020-09-04 07:37:49.816793,can_tapper18,2020-09-04 07:36:49.816793,2020-09-04 07:39:49.816793,16.65,59.919817,119.917656,77055.375747,2160,404,589,//qar7000185/GP0_UPLOAD/BOXER/CYLOM\KZ-04-76_CP-14\20201103\can_Tapper18-09-04-07-30-31.pcap.gz
38,2020-09-04 10:08:52.598704,can_tapper18,2020-09-04 10:07:52.598704,2020-09-04 10:10:52.598704,12.8,59.973569,119.991648,9062.781911,2160,319,630,//qar7000185/GP0_UPLOAD/BOXER/CYLOM\KZ-04-76_CP-14\20201103\can_Tapper18-09-04-09-30-31.pcap.gz
39,2020-09-04 12:21:12.862799,can_tapper18,2020-09-04 12:20:12.862799,2020-09-04 12:23:12.862799,18.72142857142857,59.97103,119.989298,7940.264095,2160,392,717,//qar7000185/GP0_UPLOAD/BOXER/CYLOM\KZ-04-76_CP-14\20201103\can_Tapper18-09-04-11-30-31.pcap.gz
40,2020-09-07 07:09:57.138063,can_tapper18,2020-09-07 07:08:57.138063,2020-09-07 07:11:57.138063,11.875,59.306979,119.805327,240524.275264,2151,443,504,//qar7000185/GP0_UPLOAD/BOXER/CYLOM\KZ-04-76_CP-14\20201103\can_Tapper18-09-07-07-08-57.pcap.gz
41,2020-09-07 07:29:38.533695,can_tapper18,2020-09-07 07:28:38.533695,2020-09-07 07:31:38.533695,14.266666666666666,59.991131,119.940363,1181.395632,2160,291,356,//qar7000185/GP0_UPLOAD/BOXER/CYLOM\KZ-04-76_CP-14\20201103\can_Tapper18-09-07-07-08-57.pcap.gz
42,2020-09-07 09:25:13.464908,can_tapper18,2020-09-07 09:24:13.464908,2020-09-07 09:27:13.464908,12.773333333333335,59.851769,119.832455,6934.931213,2157,411,495,//qar7000185/GP0_UPLOAD/BOXER/CYLOM\KZ-04-76_CP-14\20201103\can_Tapper18-09-07-09-08-58.pcap.gz
43,2020-09-07 11:50:09.335959,can_tapper18,2020-09-07 11:49:09.335959,2020-09-07 11:52:09.335959,15.675,59.958398,119.927102,8695.871051,2160,384,517,//qar7000185/GP0_UPLOAD/BOXER/CYLOM\KZ-04-76_CP-14\20201103\can_Tapper18-09-07-11-08-58.pcap.gz
44,2020-09-07 15:25:26.032585,can_tapper18,2020-09-07 15:24:26.032585,2020-09-07 15:27:26.032585,18.7,59.987729,119.949289,12916.696626,2159,378,684,//qar7000185/GP0_UPLOAD/BOXER/CYLOM\KZ-04-76_CP-14\20201103\can_Tapper18-09-07-15-08-58.pcap.gz
45,2020-09-07 17:04:56.377921,can_tapper18,2020-09-07 17:03:56.377921,2020-09-07 17:06:56.377921,19.95,59.994617,119.941327,5970.345336,2160,430,728,//qar7000185/GP0_UPLOAD/BOXER/CYLOM\KZ-04-76_CP-14\20201103\can_Tapper18-09-07-16-08-58.pcap.gz
46,2020-09-08 12:29:25.648130,can_tapper18,2020-09-08 12:28:25.648130,2020-09-08 12:31:25.648130,19.45,59.985894,119.986684,69869.270209,2160,416,535,//qar7000185/GP0_UPLOAD/BOXER/CYLOM\KZ-04-76_CP-14\20201103\can_Tapper18-09-08-12-01-18.pcap.gz
47,2020-09-08 14:17:24.549587,can_tapper18,2020-09-08 14:16:24.549587,2020-09-08 14:19:24.549587,19.041666666666668,59.930275,119.994743,6478.901457,2160,403,609,//qar7000185/GP0_UPLOAD/BOXER/CYLOM\KZ-04-76_CP-14\20201103\can_Tapper18-09-08-14-01-18.pcap.gz
48,2020-09-09 06:54:44.973283,can_tapper18,2020-09-09 06:53:44.973283,2020-09-09 06:56:44.973283,17.35,0.900375,119.947725,59840.423696,1452,309,422,//qar7000185/GP0_UPLOAD/BOXER/CYLOM\KZ-04-76_CP-14\20201103\can_Tapper18-09-09-06-54-43.pcap.gz
49,2020-09-09 11:58:22.364092,can_tapper18,2020-09-09 11:57:22.364092,2020-09-09 12:00:22.364092,17.1,59.792772,119.853405,18217.390809,2157,357,540,//qar7000185/GP0_UPLOAD/BOXER/CYLOM\KZ-04-76_CP-14\20201103\can_Tapper18-09-09-11-54-43.pcap.gz
50,2020-09-09 18:45:02.374949,can_tapper18,2020-09-09 18:44:02.374949,2020-09-09 18:47:02.374949,18.875,59.959831,119.949174,24400.010857,2160,382,598,//qar7000185/GP0_UPLOAD/BOXER/CYLOM\KZ-04-76_CP-14\20201103\can_Tapper18-09-09-17-54-43.pcap.gz
51,2020-09-10 06:59:18.552097,can_tapper18,2020-09-10 06:58:18.552097,2020-09-10 07:01:18.552097,15.55,16.453855,119.908222,44056.177148,1638,322,452,//qar7000185/GP0_UPLOAD/BOXER/CYLOM\KZ-04-76_CP-14\20201103\can_Tapper18-09-10-06-59-01.pcap.gz
52,2020-09-10 14:01:25.881925,can_tapper18,2020-09-10 14:00:25.881925,2020-09-10 14:03:25.881925,16.19,59.926401,119.932804,25327.329828,2159,431,732,//qar7000185/GP0_UPLOAD/BOXER/CYLOM\KZ-04-76_CP-14\20201103\can_Tapper18-09-10-13-59-01.pcap.gz
53,2020-09-10 20:07:00.206933,can_tapper18,2020-09-10 20:06:00.206933,2020-09-10 20:09:00.206933,22.125,25.248664,119.855026,21934.325008,1743,329,482,//qar7000185/GP0_UPLOAD/BOXER/CYLOM\KZ-04-76_CP-14\20201103\can_Tapper18-09-10-20-06-34.pcap.gz
54,2020-09-11 10:40:20.835707,can_tapper18,2020-09-11 10:39:20.835707,2020-09-11 10:42:20.835707,13.75,34.752205,119.848825,52400.628774,1857,357,426,//qar7000185/GP0_UPLOAD/BOXER/CYLOM\KZ-04-76_CP-14\20201103\can_Tapper18-09-11-10-39-45.pcap.gz
55,2020-09-11 12:04:36.357025,can_tapper18,2020-09-11 12:03:36.357025,2020-09-11 12:06:36.357025,16.633333333333333,59.998169,119.826987,5055.521318,2159,393,452,//qar7000185/GP0_UPLOAD/BOXER/CYLOM\KZ-04-76_CP-14\20201103\can_Tapper18-09-11-12-02-45.pcap.gz
56,2020-09-14 10:01:32.938161,can_tapper18,2020-09-14 10:00:32.938161,2020-09-14 10:03:32.938161,11.35,48.846528,119.981949,251816.581136,2027,371,424,//qar7000185/GP0_UPLOAD/BOXER/CYLOM\KZ-04-76_CP-14\20201103\can_Tapper18-09-14-10-00-43.pcap.gz
57,2020-09-15 13:37:01.417469,can_tapper18,2020-09-15 13:36:01.417469,2020-09-15 13:39:01.417469,17.990000000000002,59.794226,119.83917,99328.479308,2157,423,470,//qar7000185/GP0_UPLOAD/BOXER/CYLOM\KZ-04-76_CP-14\20201103\can_Tapper18-09-15-13-20-29.pcap.gz
58,2020-09-15 14:52:04.756965,can_tapper18,2020-09-15 14:51:04.756965,2020-09-15 14:54:04.756965,20.0,59.928837,119.970081,4503.339496,2160,374,508,//qar7000185/GP0_UPLOAD/BOXER/CYLOM\KZ-04-76_CP-14\20201103\can_Tapper18-09-15-14-20-29.pcap.gz
59,2020-09-16 10:43:02.480943,can_tapper18,2020-09-16 10:42:02.480943,2020-09-16 10:45:02.480943,20.675,59.998093,119.82215,71457.723978,2158,433,482,//qar7000185/GP0_UPLOAD/BOXER/CYLOM\KZ-04-76_CP-14\20201103\can_Tapper18-09-16-10-29-04.pcap.gz
60,2020-09-16 12:41:08.007912,can_tapper18,2020-09-16 12:40:08.007912,2020-09-16 12:43:08.007912,25.233333333333334,59.994074,119.952906,7085.526969,2160,429,676,//qar7000185/GP0_UPLOAD/BOXER/CYLOM\KZ-04-76_CP-14\20201103\can_Tapper18-09-16-12-08-22.pcap.gz
61,2020-09-16 13:55:16.317977,can_tapper18,2020-09-16 13:54:16.317977,2020-09-16 13:57:16.317977,22.41,59.9913,119.961049,4448.310065,2159,423,557,//qar7000185/GP0_UPLOAD/BOXER/CYLOM\KZ-04-76_CP-14\20201103\can_Tapper18-09-16-13-08-22.pcap.gz
62,2020-09-16 14:11:57.881458,can_tapper18,2020-09-16 14:10:57.881458,2020-09-16 14:13:57.881458,22.45,59.891235,119.958588,1001.563481,2159,413,610,//qar7000185/GP0_UPLOAD/BOXER/CYLOM\KZ-04-76_CP-14\20201103\can_Tapper18-09-16-14-08-22.pcap.gz
63,2020-09-16 15:05:24.643785,can_tapper18,2020-09-16 15:04:24.643785,2020-09-16 15:07:24.643785,22.866666666666667,59.915899,119.980426,3206.762327,2160,405,618,//qar7000185/GP0_UPLOAD/BOXER/CYLOM\KZ-04-76_CP-14\20201103\can_Tapper18-09-16-14-08-22.pcap.gz
64,2020-09-17 10:34:16.289633,can_tapper18,2020-09-17 10:33:16.289633,2020-09-17 10:36:16.289633,16.925,59.851698,119.95548,70131.645848,2159,408,465,//qar7000185/GP0_UPLOAD/BOXER/CYLOM\KZ-04-76_CP-14\20201103\can_Tapper18-09-17-10-23-19.pcap.gz
65,2020-09-17 12:37:05.190306,can_tapper18,2020-09-17 12:36:05.190306,2020-09-17 12:39:05.190306,17.794999999999998,59.986763,119.993654,7368.900673,2160,425,540,//qar7000185/GP0_UPLOAD/BOXER/CYLOM\KZ-04-76_CP-14\20201103\can_Tapper18-09-17-12-23-19.pcap.gz
66,2020-09-17 13:32:17.556316,can_tapper18,2020-09-17 13:31:17.556316,2020-09-17 13:34:17.556316,18.075,59.840826,119.800451,3312.36601,2157,303,579,//qar7000185/GP0_UPLOAD/BOXER/CYLOM\KZ-04-76_CP-14\20201103\can_Tapper18-09-17-13-23-19.pcap.gz
67,2020-09-17 13:38:37.416539,can_tapper18,2020-09-17 13:37:37.416539,2020-09-17 13:40:37.416539,18.0,59.955696,119.925694,379.860223,2158,361,620,//qar7000185/GP0_UPLOAD/BOXER/CYLOM\KZ-04-76_CP-14\20201103\can_Tapper18-09-17-13-23-19.pcap.gz
68,2020-09-17 14:39:01.240669,can_tapper18,2020-09-17 14:38:01.240669,2020-09-17 14:41:01.240669,18.53,59.995641,119.994707,3623.82413,2160,383,560,//qar7000185/GP0_UPLOAD/BOXER/CYLOM\KZ-04-76_CP-14\20201103\can_Tapper18-09-17-14-23-19.pcap.gz
69,2020-09-17 16:14:15.061256,can_tapper18,2020-09-17 16:13:15.061256,2020-09-17 16:16:15.061256,20.130000000000003,59.948674,119.88675,5713.820587,2159,370,536,//qar7000185/GP0_UPLOAD/BOXER/CYLOM\KZ-04-76_CP-14\20201103\can_Tapper18-09-17-15-23-19.pcap.gz
70,2020-09-18 08:32:01.085095,can_tapper18,2020-09-18 08:31:01.085095,2020-09-18 08:34:01.085095,16.4,59.962555,119.906243,58666.023839,2160,434,528,//qar7000185/GP0_UPLOAD/BOXER/CYLOM\KZ-04-76_CP-14\20201103\can_Tapper18-09-18-08-30-29.pcap.gz
71,2020-09-18 09:43:28.391955,can_tapper18,2020-09-18 09:42:28.391955,2020-09-18 09:45:28.391955,15.525,59.968185,119.88464,4287.30686,2159,375,685,//qar7000185/GP0_UPLOAD/BOXER/CYLOM\KZ-04-76_CP-14\20201103\can_Tapper18-09-18-09-30-29.pcap.gz
72,2020-09-18 10:17:53.709419,can_tapper18,2020-09-18 10:16:53.709419,2020-09-18 10:19:53.709419,15.75,59.937793,119.899518,2065.317464,2158,448,490,//qar7000185/GP0_UPLOAD/BOXER/CYLOM\KZ-04-76_CP-14\20201103\can_Tapper18-09-18-09-30-29.pcap.gz
73,2020-09-18 10:50:31.859266,can_tapper18,2020-09-18 10:49:31.859266,2020-09-18 10:52:31.859266,15.875,59.962935,119.960448,1958.149847,2159,342,561,//qar7000185/GP0_UPLOAD/BOXER/CYLOM\KZ-04-76_CP-14\20201103\can_Tapper18-09-18-10-30-29.pcap.gz
74,2020-09-18 11:16:57.324280,can_tapper18,2020-09-18 11:15:57.324280,2020-09-18 11:18:57.324280,16.10833333333333,59.922267,119.9174,1585.465014,2159,424,657,//qar7000185/GP0_UPLOAD/BOXER/CYLOM\KZ-04-76_CP-14\20201103\can_Tapper18-09-18-10-30-29.pcap.gz
75,2020-09-21 11:49:53.183761,can_tapper18,2020-09-21 11:48:53.183761,2020-09-21 11:51:53.183761,12.425,59.981657,119.904103,261175.859481,2160,414,350,//qar7000185/GP0_UPLOAD/BOXER/CYLOM\KZ-04-76_CP-14\20201103\can_Tapper18-09-21-11-27-42.pcap.gz
76,2020-09-21 11:51:30.422959,can_tapper18,2020-09-21 11:50:30.422959,2020-09-21 11:53:30.422959,12.475,59.944551,119.975432,97.239198,2160,434,564,//qar7000185/GP0_UPLOAD/BOXER/CYLOM\KZ-04-76_CP-14\20201103\can_Tapper18-09-21-11-27-42.pcap.gz
77,2020-09-21 12:19:22.641154,can_tapper18,2020-09-21 12:18:22.641154,2020-09-21 12:21:22.641154,12.75,59.965655,119.861624,1672.218195,2159,442,445,//qar7000185/GP0_UPLOAD/BOXER/CYLOM\KZ-04-76_CP-14\20201103\can_Tapper18-09-21-11-27-42.pcap.gz
78,2020-09-21 12:22:08.689676,can_tapper18,2020-09-21 12:21:08.689676,2020-09-21 12:24:08.689676,12.783333333333333,59.959625,119.918125,166.048522,2159,444,571,//qar7000185/GP0_UPLOAD/BOXER/CYLOM\KZ-04-76_CP-14\20201103\can_Tapper18-09-21-11-27-42.pcap.gz
79,2020-09-21 13:05:19.039042,can_tapper18,2020-09-21 13:04:19.039042,2020-09-21 13:07:19.039042,13.416666666666668,59.989664,0.812053,2590.349366,731,70,19,//qar7000185/GP0_UPLOAD/BOXER/CYLOM\KZ-04-76_CP-14\20201103\can_Tapper18-09-21-12-27-42.pcap.gz
80,2020-10-08 09:55:18.362677,can_tapper18,2020-10-08 09:54:18.362677,2020-10-08 09:57:18.362677,12.45,19.607438,119.9995,1457399.323635,1677,324,464,//qar7000185/GP0_UPLOAD/BOXER/CYLOM\KZ-04-76_CP-14\20201103\can_Tapper18-10-08-09-54-58.pcap.gz
81,2020-10-08 14:20:42.118493,can_tapper18,2020-10-08 14:19:42.118493,2020-10-08 14:22:42.118493,11.315000000000001,59.858201,119.766744,15923.755816,2157,473,509,//qar7000185/GP0_UPLOAD/BOXER/CYLOM\KZ-04-76_CP-14\20201103\can_Tapper18-10-08-13-54-58.pcap.gz
82,2020-10-08 14:47:17.761560,can_tapper18,2020-10-08 14:46:17.761560,2020-10-08 14:49:17.761560,12.15,59.987449,40.399376,1595.643067,1205,212,318,//qar7000185/GP0_UPLOAD/BOXER/CYLOM\KZ-04-76_CP-14\20201103\can_Tapper18-10-08-13-54-58.pcap.gz
83,2020-10-22 13:29:48.542077,can_tapper18,2020-10-22 13:28:48.542077,2020-10-22 13:31:48.542077,10.05,59.884476,119.976374,1204950.780517,2158,354,549,//qar7000185/GP0_UPLOAD/BOXER/CYLOM\KZ-04-76_CP-14\20201103\can_Tapper18-10-22-12-44-28.pcap.gz
84,2020-10-26 08:35:20.843999,can_tapper18,2020-10-26 08:34:20.843999,2020-10-26 08:37:20.843999,9.833333333333334,59.943634,119.921352,327932.301922,2160,403,438,//qar7000185/GP0_UPLOAD/BOXER/CYLOM\KZ-04-76_CP-14\20201103\can_Tapper18-10-26-08-18-44.pcap.gz
85,2020-10-26 10:39:04.557747,can_tapper18,2020-10-26 10:38:04.557747,2020-10-26 10:41:04.557747,13.516666666666666,59.975301,119.910226,7423.713748,2159,363,640,//qar7000185/GP0_UPLOAD/BOXER/CYLOM\KZ-04-76_CP-14\20201103\can_Tapper18-10-26-10-18-44.pcap.gz
86,2020-10-29 14:04:18.459571,can_tapper18,2020-10-29 14:03:18.459571,2020-10-29 14:06:18.459571,8.625,59.952122,119.973427,271513.901824,2160,405,479,//qar7000185/GP0_UPLOAD/BOXER/CYLOM\KZ-04-76_CP-14\20201103\can_Tapper18-10-29-13-32-57.pcap.gz
87,2020-11-02 09:02:25.279370,can_tapper18,2020-11-02 09:01:25.279370,2020-11-02 09:04:25.279370,13.191666666666666,59.909884,119.948667,327486.819799,2160,421,606,//qar7000185/GP0_UPLOAD/BOXER/CYLOM\KZ-04-76_CP-14\20201103\can_Tapper18-11-02-08-16-19.pcap.gz
88,2020-11-02 16:18:25.943024,can_tapper18,2020-11-02 16:17:25.943024,2020-11-02 16:20:25.943024,16.491666666666667,3.443622,32.828193,26160.663654,437,95,110,//qar7000185/GP0_UPLOAD/BOXER/CYLOM\KZ-04-76_CP-14\20201103\can_Tapper18-11-02-16-18-22.pcap.gz
89,2020-11-24 09:11:50.121840,can_tapper18,2020-11-24 09:10:50.121840,2020-11-24 09:13:50.121840,5.475,56.318653,119.789475,1875204.178816,2115,345,599,//qar7000185/GP0_UPLOAD/BOXER/CYLOM\KZ-04-76_CP-14\20201103\can_Tapper18-11-24-09-10-53.pcap.gz
90,2020-11-25 14:03:11.604063,can_tapper18,2020-11-25 14:02:11.604063,2020-11-25 14:05:11.604063,,30.312165,119.985699,103881.482223,1804,364,434,//qar7000185/GP0_UPLOAD/BOXER/CYLOM\KZ-04-76_CP-14\20201103\can_Tapper18-11-25-14-02-41.pcap.gz
91,2020-11-30 08:22:18.787775,can_tapper18,2020-11-30 08:21:18.787775,2020-11-30 08:24:18.787775,1.6,2.106172,119.980179,411547.183712,1467,316,405,//qar7000185/GP0_UPLOAD/BOXER/CYLOM\KZ-04-76_CP-14\20201103\can_Tapper18-11-30-08-22-16.pcap.gz
92,2020-12-01 08:27:53.671570,can_tapper18,2020-12-01 08:26:53.671570,2020-12-01 08:29:53.671570,3.505,2.739927,119.847165,86734.883795,1473,309,457,//qar7000185/GP0_UPLOAD/BOXER/CYLOM\KZ-04-76_CP-14\20201103\can_Tapper18-12-01-08-27-50.pcap.gz
93,2020-12-01 11:21:12.822626,can_tapper18,2020-12-01 11:20:12.822626,2020-12-01 11:23:12.822626,5.158333333333333,28.937114,119.907113,10399.151056,1788,327,623,//qar7000185/GP0_UPLOAD/BOXER/CYLOM\KZ-04-76_CP-14\20201103\can_Tapper18-12-01-11-20-43.pcap.gz
94,2020-12-07 07:59:44.781225,can_tapper18,2020-12-07 07:58:44.781225,2020-12-07 08:01:44.781225,16.525,6.85092,119.976793,506311.958599,1524,303,444,//qar7000185/GP0_UPLOAD/BOXER/CYLOM\KZ-04-76_CP-14\20201103\can_Tapper18-12-07-07-59-37.pcap.gz
95,2020-12-07 08:01:49.324696,can_tapper18,2020-12-07 08:00:49.324696,2020-12-07 08:03:49.324696,16.55,59.860422,119.994771,124.543471,2159,452,603,//qar7000185/GP0_UPLOAD/BOXER/CYLOM\KZ-04-76_CP-14\20201103\can_Tapper18-12-07-07-59-37.pcap.gz
96,2021-01-14 13:08:25.222492,can_tapper18,2021-01-14 13:07:25.222492,2021-01-14 13:10:25.222492,5.05,2.590862,119.99033,3301595.897796,1471,323,486,//qar7000185/GP0_UPLOAD/BOXER/CYLOM\KZ-04-76_CP-14\20201103\can_Tapper18-01-14-13-08-22.pcap.gz
97,2021-01-14 13:12:07.418710,can_tapper18,2021-01-14 13:11:07.418710,2021-01-14 13:14:07.418710,5.2,59.943626,119.999398,222.196218,2160,490,536,//qar7000185/GP0_UPLOAD/BOXER/CYLOM\KZ-04-76_CP-14\20201103\can_Tapper18-01-14-13-08-22.pcap.gz
98,2021-01-27 09:44:37.897577,can_tapper18,2021-01-27 09:43:37.897577,2021-01-27 09:46:37.897577,10.875,26.189573,5.096801,1110750.478867,378,57,65,//qar7000185/GP0_UPLOAD/BOXER/CYLOM\KZ-04-76_CP-14\20201103\can_Tapper18-01-27-09-44-11.pcap.gz
99,2021-02-02 10:59:36.826964,can_tapper18,2021-02-02 10:58:36.826964,2021-02-02 11:01:36.826964,16.508333333333333,59.855981,119.967973,522898.929387,2160,287,210,//qar7000185/GP0_UPLOAD/BOXER/CYLOM\KZ-04-76_CP-14\20201103\can_Tapper18-02-02-10-58-20.pcap.gz
100,2021-02-03 10:37:30.216951,can_tapper18,2021-02-03 10:36:30.216951,2021-02-03 10:39:30.216951,19.0,1.093147,119.984197,85073.389987,1455,330,399,//qar7000185/GP0_UPLOAD/BOXER/CYLOM\KZ-04-76_CP-14\20201103\can_Tapper18-02-03-10-37-29.pcap.gz
101,2021-02-03 12:51:03.869212,can_tapper18,2021-02-03 12:50:03.869212,2021-02-03 12:53:03.869212,15.45,59.878122,119.947648,8013.652261,1779,412,509,//qar7000185/GP0_UPLOAD/BOXER/CYLOM\KZ-04-76_CP-14\20201103\can_Tapper18-02-03-12-51-02.pcap.gz
102,2021-02-03 12:54:37.992024,can_tapper18,2021-02-03 12:53:37.992024,2021-02-03 12:56:37.992024,17.75,59.975044,110.517895,214.122812,1649,332,325,//qar7000185/GP0_UPLOAD/BOXER/CYLOM\KZ-04-76_CP-14\20201103\can_Tapper18-02-03-12-54-35.pcap.gz
103,2021-02-16 12:16:24.389818,can_tapper18,2021-02-16 12:15:24.389818,2021-02-16 12:18:24.389818,3.491666666666667,5.009125,119.842404,1120906.397794,1500,351,487,//qar7000185/GP0_UPLOAD/BOXER/CYLOM\KZ-04-76_CP-14\20201103\can_Tapper18-02-16-12-16-19.pcap.gz
104,2021-03-05 08:59:56.675689,can_tapper18,2021-03-05 08:58:56.675689,2021-03-05 09:01:56.675689,1.4,38.897296,119.937586,1457012.285871,1908,394,430,//qar7000185/GP0_UPLOAD/BOXER/CYLOM\KZ-04-76_CP-14\20201103\can_Tapper18-03-05-08-59-17.pcap.gz
105,2021-03-05 14:15:37.829236,can_tapper18,2021-03-05 14:14:37.829236,2021-03-05 14:17:37.829236,6.95,5.486076,119.8508,18941.153547,1506,349,432,//qar7000185/GP0_UPLOAD/BOXER/CYLOM\KZ-04-76_CP-14\20201103\can_Tapper18-03-05-14-15-32.pcap.gz
106,2021-03-05 14:27:20.377025,can_tapper18,2021-03-05 14:26:20.377025,2021-03-05 14:29:20.377025,9.308333333333334,59.99657,119.976974,702.547789,1736,402,455,//qar7000185/GP0_UPLOAD/BOXER/CYLOM\KZ-04-76_CP-14\20201103\can_Tapper18-03-05-14-27-16.pcap.gz
107,2021-03-29 09:49:44.530305,can_tapper18,2021-03-29 09:48:44.530305,2021-03-29 09:51:44.530305,7.075,59.92921,119.98734,2056944.15328,2160,475,613,//qar7000185/GP0_UPLOAD/BOXER/CYLOM\KZ-04-76_CP-14\20201103\can_Tapper18-03-29-09-47-40.pcap.gz
108,2021-04-06 09:55:59.334835,can_tapper18,2021-04-06 09:54:59.334835,2021-04-06 09:57:59.334835,1.95,54.254865,119.865425,691574.80453,4182,680,745,//qar7000185/GP0_UPLOAD/BOXER/CYLOM\KZ-04-76_CP-14\20201103\can_Tapper18-04-06-09-55-04.pcap.gz
109,2021-04-06 09:55:59.334835,can_tapper18,2021-04-06 09:54:59.334835,2021-04-06 09:57:59.334835,1.95,54.254865,119.865425,0.0,4182,680,745,//qar7000185/GP0_UPLOAD/BOXER/CYLOM\KZ-04-76_CP-14\20201103\can_Tapper18-04-06-09-55-04.pcap.gz
110,2021-04-15 10:34:56.087194,can_tapper18,2021-04-15 10:33:56.087194,2021-04-15 10:36:56.087194,3.9333333333333336,15.055799,119.792674,779936.752359,1620,371,403,//qar7000185/GP0_UPLOAD/BOXER/CYLOM\KZ-04-76_CP-14\20201103\can_Tapper18-04-15-10-34-40.pcap.gz
111,2021-04-15 10:38:26.926033,can_tapper18,2021-04-15 10:37:26.926033,2021-04-15 10:40:26.926033,2.8166666666666664,59.814239,119.974988,210.838839,1755,391,397,//qar7000185/GP0_UPLOAD/BOXER/CYLOM\KZ-04-76_CP-14\20201103\can_Tapper18-04-15-10-38-19.pcap.gz
112,2021-04-15 11:43:29.337382,can_tapper18,2021-04-15 11:42:29.337382,2021-04-15 11:45:29.337382,3.8,14.511554,119.995012,3902.411349,1156,202,176,//qar7000185/GP0_UPLOAD/BOXER/CYLOM\KZ-04-76_CP-14\20201103\can_Tapper18-04-15-11-43-14.pcap.gz
113,2021-04-15 11:45:38.547276,can_tapper18,2021-04-15 11:44:38.547276,2021-04-15 11:47:38.547276,4.933333333333334,26.471607,119.85607,129.209894,1758,415,410,//qar7000185/GP0_UPLOAD/BOXER/CYLOM\KZ-04-76_CP-14\20201103\can_Tapper18-04-15-11-45-11.pcap.gz
114,2021-04-19 13:12:32.317997,can_tapper18,2021-04-19 13:11:32.317997,2021-04-19 13:14:32.317997,11.95,21.99348,119.851974,350813.770721,1704,314,352,//qar7000185/GP0_UPLOAD/BOXER/CYLOM\KZ-04-76_CP-14\20201103\can_Tapper18-04-19-13-12-10.pcap.gz
115,2021-05-19 09:33:06.325727,can_tapper18,2021-05-19 09:32:06.325727,2021-05-19 09:35:06.325727,11.733333333333333,22.000051,119.832506,2578834.00773,1704,381,455,//qar7000185/GP0_UPLOAD/BOXER/CYLOM\KZ-04-76_CP-14\20201103\can_Tapper18-05-19-09-32-44.pcap.gz
116,2021-05-19 10:40:22.591681,can_tapper18,2021-05-19 10:39:22.591681,2021-05-19 10:42:22.591681,10.225,59.886524,119.953749,4036.265954,2160,436,390,//qar7000185/GP0_UPLOAD/BOXER/CYLOM\KZ-04-76_CP-14\20201103\can_Tapper18-05-19-10-25-00.pcap.gz
117,2021-05-20 10:58:34.552119,can_tapper18,2021-05-20 10:57:34.552119,2021-05-20 11:00:34.552119,12.275,5.037647,119.818749,87491.960438,1500,339,477,//qar7000185/GP0_UPLOAD/BOXER/CYLOM\KZ-04-76_CP-14\20201103\can_Tapper18-05-20-10-58-29.pcap.gz
118,2021-05-20 15:26:17.151153,can_tapper18,2021-05-20 15:25:17.151153,2021-05-20 15:28:17.151153,19.25,7.571443,119.995256,16062.599034,1113,217,315,//qar7000185/GP0_UPLOAD/BOXER/CYLOM\KZ-04-76_CP-14\20201103\can_Tapper18-05-20-15-26-09.pcap.gz
119,2021-05-20 15:27:28.928384,can_tapper18,2021-05-20 15:26:28.928384,2021-05-20 15:29:28.928384,20.6,59.819904,119.996449,71.777231,1738,376,446,//qar7000185/GP0_UPLOAD/BOXER/CYLOM\KZ-04-76_CP-14\20201103\can_Tapper18-05-20-15-27-22.pcap.gz
120,2021-06-03 15:27:05.349539,can_tapper18,2021-06-03 15:26:05.349539,2021-06-03 15:29:05.349539,22.75,43.778218,119.797438,1209576.421155,1965,386,542,//qar7000185/GP0_UPLOAD/BOXER/CYLOM\KZ-04-76_CP-14\20201103\can_Tapper18-06-03-15-26-21.pcap.gz
121,2021-06-10 12:19:48.262443,can_tapper18,2021-06-10 12:18:48.262443,2021-06-10 12:21:48.262443,,4.258961,94.080376,593562.912904,1182,236,312,//qar7000185/GP0_UPLOAD/BOXER/CYLOM\KZ-04-76_CP-14\20201103\can_Tapper18-06-10-12-19-43.pcap.gz
122,2021-06-10 20:33:50.326995,can_tapper18,2021-06-10 20:32:50.326995,2021-06-10 20:35:50.326995,26.7,10.270317,119.839455,29642.064552,1563,309,401,//qar7000185/GP0_UPLOAD/BOXER/CYLOM\KZ-04-76_CP-14\20201103\can_Tapper18-06-10-20-33-39.pcap.gz
123,2021-06-11 13:07:53.460444,can_tapper18,2021-06-11 13:06:53.460444,2021-06-11 13:09:53.460444,23.525,9.184789,119.888605,59643.133449,1551,314,386,//qar7000185/GP0_UPLOAD/BOXER/CYLOM\KZ-04-76_CP-14\20201103\can_Tapper18-06-11-13-07-44.pcap.gz
124,2021-06-23 12:04:00.997306,can_tapper18,2021-06-23 12:03:00.997306,2021-06-23 12:06:00.997306,19.958333333333332,59.861404,119.938982,1032967.536862,1743,335,577,//qar7000185/GP0_UPLOAD/BOXER/CYLOM\KZ-04-76_CP-14\20201103\can_Tapper18-06-23-12-03-59.pcap.gz
125,2021-06-30 09:57:14.934875,can_tapper18,2021-06-30 09:56:14.934875,2021-06-30 09:59:14.934875,23.4,28.107275,119.990801,597193.937569,1777,370,498,//qar7000185/GP0_UPLOAD/BOXER/CYLOM\KZ-04-76_CP-14\20201103\can_Tapper18-06-30-09-56-46.pcap.gz
126,2021-06-30 13:09:38.979175,can_tapper18,2021-06-30 13:08:38.979175,2021-06-30 13:11:38.979175,28.623333333333335,59.803745,119.996343,11544.0443,2158,404,498,//qar7000185/GP0_UPLOAD/BOXER/CYLOM\KZ-04-76_CP-14\20201103\can_Tapper18-06-30-12-56-46.pcap.gz
127,2021-06-30 13:34:22.192346,can_tapper18,2021-06-30 13:33:22.192346,2021-06-30 13:36:22.192346,28.46666666666667,59.952949,119.915104,1483.213171,2160,459,737,//qar7000185/GP0_UPLOAD/BOXER/CYLOM\KZ-04-76_CP-14\20201103\can_Tapper18-06-30-13-14-53.pcap.gz
128,2021-06-30 13:35:19.527019,can_tapper18,2021-06-30 13:34:19.527019,2021-06-30 13:37:19.527019,28.355,59.775548,119.877926,57.334673,2157,428,843,//qar7000185/GP0_UPLOAD/BOXER/CYLOM\KZ-04-76_CP-14\20201103\can_Tapper18-06-30-13-14-53.pcap.gz
129,2021-06-30 13:39:46.394030,can_tapper18,2021-06-30 13:38:46.394030,2021-06-30 13:41:46.394030,28.375,59.962897,119.928434,266.867011,2159,407,722,//qar7000185/GP0_UPLOAD/BOXER/CYLOM\KZ-04-76_CP-14\20201103\can_Tapper18-06-30-13-14-53.pcap.gz
130,2021-06-30 13:41:41.774873,can_tapper18,2021-06-30 13:40:41.774873,2021-06-30 13:43:41.774873,28.3969696969697,59.857078,119.956042,115.380843,2119,395,599,//qar7000185/GP0_UPLOAD/BOXER/CYLOM\KZ-04-76_CP-14\20201103\can_Tapper18-06-30-13-14-53.pcap.gz
131,2021-06-30 13:43:05.942398,can_tapper18,2021-06-30 13:42:05.942398,2021-06-30 13:45:05.942398,28.675,59.989078,119.949292,84.167525,2121,335,422,//qar7000185/GP0_UPLOAD/BOXER/CYLOM\KZ-04-76_CP-14\20201103\can_Tapper18-06-30-13-14-53.pcap.gz
132,2021-06-30 14:11:07.182542,can_tapper18,2021-06-30 14:10:07.182542,2021-06-30 14:13:07.182542,28.25,59.980153,119.864772,1681.240144,2158,425,619,//qar7000185/GP0_UPLOAD/BOXER/CYLOM\KZ-04-76_CP-14\20201103\can_Tapper18-06-30-13-14-53.pcap.gz
133,2021-06-30 14:43:04.224294,can_tapper18,2021-06-30 14:42:04.224294,2021-06-30 14:45:04.224294,24.6,32.395214,119.93426,1917.041752,1830,330,472,//qar7000185/GP0_UPLOAD/BOXER/CYLOM\KZ-04-76_CP-14\20201103\can_Tapper18-06-30-14-42-31.pcap.gz
134,2021-06-30 15:22:29.269948,can_tapper18,2021-06-30 15:21:29.269948,2021-06-30 15:24:29.269948,27.415,59.818237,119.886054,2365.045654,2157,432,443,//qar7000185/GP0_UPLOAD/BOXER/CYLOM\KZ-04-76_CP-14\20201103\can_Tapper18-06-30-14-42-31.pcap.gz
135,2021-07-06 15:17:08.057099,can_tapper18,2021-07-06 15:16:08.057099,2021-07-06 15:19:08.057099,20.05,4.042698,119.79213,518078.787151,1488,314,482,//qar7000185/GP0_UPLOAD/BOXER/CYLOM\KZ-04-76_CP-14\20201103\can_Tapper18-07-06-15-17-03.pcap.gz
136,2021-07-13 07:56:17.834096,can_tapper18,2021-07-13 07:55:17.834096,2021-07-13 07:58:17.834096,21.675,59.758046,119.8107,578349.776997,2157,389,628,//qar7000185/GP0_UPLOAD/BOXER/CYLOM\KZ-04-76_CP-14\20201103\can_Tapper18-07-13-07-54-48.pcap.gz
137,2021-07-13 08:02:15.128815,can_tapper18,2021-07-13 08:01:15.128815,2021-07-13 08:04:15.128815,21.875,1.557446,119.795823,357.294719,1458,320,328,//qar7000185/GP0_UPLOAD/BOXER/CYLOM\KZ-04-76_CP-14\20201103\can_Tapper18-07-13-08-02-13.pcap.gz
138,2021-07-13 08:36:53.273553,can_tapper18,2021-07-13 08:35:53.273553,2021-07-13 08:38:53.273553,22.4875,59.790497,119.856771,2078.144738,2157,437,683,//qar7000185/GP0_UPLOAD/BOXER/CYLOM\KZ-04-76_CP-14\20201103\can_Tapper18-07-13-08-18-16.pcap.gz
139,2021-07-13 08:37:46.723931,can_tapper18,2021-07-13 08:36:46.723931,2021-07-13 08:39:46.723931,22.45,59.977375,119.924345,53.450378,2160,465,739,//qar7000185/GP0_UPLOAD/BOXER/CYLOM\KZ-04-76_CP-14\20201103\can_Tapper18-07-13-08-18-16.pcap.gz
140,2021-07-13 09:04:38.486750,can_tapper18,2021-07-13 09:03:38.486750,2021-07-13 09:06:38.486750,24.588095238095242,59.9718,119.916419,1611.762819,2159,399,569,//qar7000185/GP0_UPLOAD/BOXER/CYLOM\KZ-04-76_CP-14\20201103\can_Tapper18-07-13-08-18-16.pcap.gz
141,2021-07-13 09:07:03.576825,can_tapper18,2021-07-13 09:06:03.576825,2021-07-13 09:09:03.576825,24.906666666666666,59.991501,119.876448,145.090075,2119,364,500,//qar7000185/GP0_UPLOAD/BOXER/CYLOM\KZ-04-76_CP-14\20201103\can_Tapper18-07-13-08-18-16.pcap.gz
142,2021-07-13 09:08:33.759124,can_tapper18,2021-07-13 09:07:33.759124,2021-07-13 09:10:33.759124,25.391666666666666,59.940857,119.993823,90.182299,2120,361,577,//qar7000185/GP0_UPLOAD/BOXER/CYLOM\KZ-04-76_CP-14\20201103\can_Tapper18-07-13-08-18-16.pcap.gz
143,2021-07-13 09:53:26.943963,can_tapper18,2021-07-13 09:52:26.943963,2021-07-13 09:55:26.943963,27.28928571428571,59.875507,119.969823,2693.184839,2159,369,472,//qar7000185/GP0_UPLOAD/BOXER/CYLOM\KZ-04-76_CP-14\20201103\can_Tapper18-07-13-09-18-16.pcap.gz
144,2021-07-13 09:56:03.222338,can_tapper18,2021-07-13 09:55:03.222338,2021-07-13 09:58:03.222338,27.360000000000003,59.991078,119.990575,156.278375,2160,317,466,//qar7000185/GP0_UPLOAD/BOXER/CYLOM\KZ-04-76_CP-14\20201103\can_Tapper18-07-13-09-18-16.pcap.gz
145,2021-07-13 09:57:35.148605,can_tapper18,2021-07-13 09:56:35.148605,2021-07-13 09:59:35.148605,27.391666666666662,59.973991,119.96393,91.926267,2160,454,630,//qar7000185/GP0_UPLOAD/BOXER/CYLOM\KZ-04-76_CP-14\20201103\can_Tapper18-07-13-09-18-16.pcap.gz
146,2021-07-14 14:11:42.098591,can_tapper18,2021-07-14 14:10:42.098591,2021-07-14 14:13:42.098591,21.35,12.406084,119.931585,101646.949986,1590,346,532,//qar7000185/GP0_UPLOAD/BOXER/CYLOM\KZ-04-76_CP-14\20201103\can_Tapper18-07-14-14-11-29.pcap.gz
147,2021-07-14 14:43:17.144588,can_tapper18,2021-07-14 14:42:17.144588,2021-07-14 14:45:17.144588,21.675,59.9785,119.9113,1895.045997,2159,380,597,//qar7000185/GP0_UPLOAD/BOXER/CYLOM\KZ-04-76_CP-14\20201103\can_Tapper18-07-14-14-11-29.pcap.gz
148,2021-07-14 15:26:43.722578,can_tapper18,2021-07-14 15:25:43.722578,2021-07-14 15:28:43.722578,21.925,59.986993,119.978737,2606.57799,2160,347,644,//qar7000185/GP0_UPLOAD/BOXER/CYLOM\KZ-04-76_CP-14\20201103\can_Tapper18-07-14-15-11-30.pcap.gz
149,2021-07-14 15:42:41.236174,can_tapper18,2021-07-14 15:41:41.236174,2021-07-14 15:44:41.236174,22.10833333333333,59.946219,119.99092,957.513596,2160,381,542,//qar7000185/GP0_UPLOAD/BOXER/CYLOM\KZ-04-76_CP-14\20201103\can_Tapper18-07-14-15-11-30.pcap.gz
150,2021-07-14 15:50:12.636936,can_tapper18,2021-07-14 15:49:12.636936,2021-07-14 15:52:12.636936,22.25,59.992656,119.937175,451.400762,2160,351,498,//qar7000185/GP0_UPLOAD/BOXER/CYLOM\KZ-04-76_CP-14\20201103\can_Tapper18-07-14-15-11-30.pcap.gz
151,2021-07-14 15:55:50.580666,can_tapper18,2021-07-14 15:54:50.580666,2021-07-14 15:57:50.580666,22.3,59.998019,119.939706,337.94373,2159,324,618,//qar7000185/GP0_UPLOAD/BOXER/CYLOM\KZ-04-76_CP-14\20201103\can_Tapper18-07-14-15-11-30.pcap.gz
152,2021-07-14 16:00:59.846037,can_tapper18,2021-07-14 15:59:59.846037,2021-07-14 16:02:59.846037,22.45,59.960591,120.000283,309.265371,2160,286,477,//qar7000185/GP0_UPLOAD/BOXER/CYLOM\KZ-04-76_CP-14\20201103\can_Tapper18-07-14-15-11-30.pcap.gz
153,2021-07-14 16:05:32.476306,can_tapper18,2021-07-14 16:04:32.476306,2021-07-14 16:07:32.476306,22.615000000000002,59.982624,119.977809,272.630269,2160,332,623,//qar7000185/GP0_UPLOAD/BOXER/CYLOM\KZ-04-76_CP-14\20201103\can_Tapper18-07-14-15-11-30.pcap.gz
154,2021-07-14 17:15:01.296341,can_tapper18,2021-07-14 17:14:01.296341,2021-07-14 17:17:01.296341,23.025,17.849903,119.972299,4168.820035,1656,310,580,//qar7000185/GP0_UPLOAD/BOXER/CYLOM\KZ-04-76_CP-14\20201103\can_Tapper18-07-14-17-14-43.pcap.gz
155,2021-07-14 17:24:58.099304,can_tapper18,2021-07-14 17:23:58.099304,2021-07-14 17:26:58.099304,19.75,59.805698,119.768579,596.802963,2157,398,631,//qar7000185/GP0_UPLOAD/BOXER/CYLOM\KZ-04-76_CP-14\20201103\can_Tapper18-07-14-17-23-39.pcap.gz
156,2021-07-14 17:40:04.133654,can_tapper18,2021-07-14 17:39:04.133654,2021-07-14 17:42:04.133654,23.44,59.829378,119.948671,906.03435,2158,249,389,//qar7000185/GP0_UPLOAD/BOXER/CYLOM\KZ-04-76_CP-14\20201103\can_Tapper18-07-14-17-23-39.pcap.gz
157,2021-07-15 07:52:02.387853,can_tapper18,2021-07-15 07:51:02.387853,2021-07-15 07:54:02.387853,21.46666666666667,28.599023,119.986254,51118.254199,1785,369,587,//qar7000185/GP0_UPLOAD/BOXER/CYLOM\KZ-04-76_CP-14\20201103\can_Tapper18-07-15-07-51-33.pcap.gz
158,2021-07-15 08:18:11.632376,can_tapper18,2021-07-15 08:17:11.632376,2021-07-15 08:20:11.632376,21.475,59.908699,119.921206,1569.244523,2160,407,393,//qar7000185/GP0_UPLOAD/BOXER/CYLOM\KZ-04-76_CP-14\20201103\can_Tapper18-07-15-07-51-33.pcap.gz
159,2021-07-15 08:35:15.814647,can_tapper18,2021-07-15 08:34:15.814647,2021-07-15 08:37:15.814647,21.56666666666667,59.957248,119.862376,1024.182271,2160,307,315,//qar7000185/GP0_UPLOAD/BOXER/CYLOM\KZ-04-76_CP-14\20201103\can_Tapper18-07-15-07-51-33.pcap.gz
160,2021-07-15 09:01:14.333793,can_tapper18,2021-07-15 09:00:14.333793,2021-07-15 09:03:14.333793,21.5625,59.8074,119.998824,1558.519146,2158,343,602,//qar7000185/GP0_UPLOAD/BOXER/CYLOM\KZ-04-76_CP-14\20201103\can_Tapper18-07-15-08-51-33.pcap.gz
161,2021-07-15 16:08:03.513526,can_tapper18,2021-07-15 16:07:03.513526,2021-07-15 16:10:03.513526,20.9,15.300855,119.997925,25609.179733,1626,312,517,//qar7000185/GP0_UPLOAD/BOXER/CYLOM\KZ-04-76_CP-14\20201103\can_Tapper18-07-15-16-07-48.pcap.gz
162,2021-07-19 08:55:41.793194,can_tapper18,2021-07-19 08:54:41.793194,2021-07-19 08:57:41.793194,21.875,44.776546,119.811474,319658.279668,1977,461,704,//qar7000185/GP0_UPLOAD/BOXER/CYLOM\KZ-04-76_CP-14\20201103\can_Tapper18-07-19-08-54-56.pcap.gz
163,2021-07-19 09:31:36.988510,can_tapper18,2021-07-19 09:30:36.988510,2021-07-19 09:33:36.988510,23.475,59.999471,119.908424,2155.195316,2160,414,785,//qar7000185/GP0_UPLOAD/BOXER/CYLOM\KZ-04-76_CP-14\20201103\can_Tapper18-07-19-08-54-56.pcap.gz
164,2021-07-19 10:23:21.189518,can_tapper18,2021-07-19 10:22:21.189518,2021-07-19 10:25:21.189518,23.95,59.980195,119.877779,3104.201008,2868,378,696,//qar7000185/GP0_UPLOAD/BOXER/CYLOM\KZ-04-76_CP-14\20201103\can_Tapper18-07-19-09-54-56.pcap.gz
165,2021-07-19 14:25:21.092800,can_tapper18,2021-07-19 14:24:21.092800,2021-07-19 14:27:21.092800,23.15,59.795747,119.790932,14519.903282,2157,456,551,//qar7000185/GP0_UPLOAD/BOXER/CYLOM\KZ-04-76_CP-14\20201103\can_Tapper18-07-19-14-24-08.pcap.gz
166,2021-07-19 14:35:33.792088,can_tapper18,2021-07-19 14:34:33.792088,2021-07-19 14:37:33.792088,23.35,18.249068,119.847011,612.699288,1659,353,424,//qar7000185/GP0_UPLOAD/BOXER/CYLOM\KZ-04-76_CP-14\20201103\can_Tapper18-07-19-14-35-15.pcap.gz
167,2021-07-19 14:42:17.428484,can_tapper18,2021-07-19 14:41:17.428484,2021-07-19 14:44:17.428484,23.5,59.982847,120.000225,403.636396,2160,354,397,//qar7000185/GP0_UPLOAD/BOXER/CYLOM\KZ-04-76_CP-14\20201103\can_Tapper18-07-19-14-35-15.pcap.gz
168,2021-07-19 14:47:39.445299,can_tapper18,2021-07-19 14:46:39.445299,2021-07-19 14:49:39.445299,23.583333333333332,59.99625,119.991473,322.016815,2160,428,636,//qar7000185/GP0_UPLOAD/BOXER/CYLOM\KZ-04-76_CP-14\20201103\can_Tapper18-07-19-14-35-15.pcap.gz
169,2021-07-19 15:01:52.288846,can_tapper18,2021-07-19 15:00:52.288846,2021-07-19 15:03:52.288846,23.759999999999998,59.997951,119.933997,852.843547,2160,468,653,//qar7000185/GP0_UPLOAD/BOXER/CYLOM\KZ-04-76_CP-14\20201103\can_Tapper18-07-19-14-35-15.pcap.gz
170,2021-07-19 15:02:31.928295,can_tapper18,2021-07-19 15:01:31.928295,2021-07-19 15:04:31.928295,23.783333333333335,59.860976,119.814297,39.639449,2157,473,706,//qar7000185/GP0_UPLOAD/BOXER/CYLOM\KZ-04-76_CP-14\20201103\can_Tapper18-07-19-14-35-15.pcap.gz
171,2021-07-19 15:03:27.070045,can_tapper18,2021-07-19 15:02:27.070045,2021-07-19 15:05:27.070045,23.833333333333336,59.961532,119.966174,55.14175,2160,457,703,//qar7000185/GP0_UPLOAD/BOXER/CYLOM\KZ-04-76_CP-14\20201103\can_Tapper18-07-19-14-35-15.pcap.gz
172,2021-07-19 15:38:24.994552,can_tapper18,2021-07-19 15:37:24.994552,2021-07-19 15:40:24.994552,24.871666666666663,59.888916,119.957586,2097.924507,2158,452,784,//qar7000185/GP0_UPLOAD/BOXER/CYLOM\KZ-04-76_CP-14\20201103\can_Tapper18-07-19-15-35-15.pcap.gz
173,2021-07-19 15:40:13.547857,can_tapper18,2021-07-19 15:39:13.547857,2021-07-19 15:42:13.547857,24.933333333333334,59.875876,119.945128,108.553305,2117,337,573,//qar7000185/GP0_UPLOAD/BOXER/CYLOM\KZ-04-76_CP-14\20201103\can_Tapper18-07-19-15-35-15.pcap.gz
174,2021-07-19 16:13:04.567849,can_tapper18,2021-07-19 16:12:04.567849,2021-07-19 16:15:04.567849,25.325,59.798271,119.852122,1971.019992,2157,429,709,//qar7000185/GP0_UPLOAD/BOXER/CYLOM\KZ-04-76_CP-14\20201103\can_Tapper18-07-19-15-35-15.pcap.gz
175,2021-07-19 16:34:38.089036,can_tapper18,2021-07-19 16:33:38.089036,2021-07-19 16:36:38.089036,25.725,59.994572,119.864687,1293.521187,2159,420,647,//qar7000185/GP0_UPLOAD/BOXER/CYLOM\KZ-04-76_CP-14\20201103\can_Tapper18-07-19-15-35-15.pcap.gz
176,2021-07-19 16:35:54.336397,can_tapper18,2021-07-19 16:34:54.336397,2021-07-19 16:37:54.336397,25.741666666666664,59.954698,119.908701,76.247361,2160,409,571,//qar7000185/GP0_UPLOAD/BOXER/CYLOM\KZ-04-76_CP-14\20201103\can_Tapper18-07-19-16-35-15.pcap.gz
177,2021-07-20 07:49:37.703756,can_tapper18,2021-07-20 07:48:37.703756,2021-07-20 07:51:37.703756,23.975,18.246192,119.861124,54823.367359,1659,342,430,//qar7000185/GP0_UPLOAD/BOXER/CYLOM\KZ-04-76_CP-14\20201103\can_Tapper18-07-20-07-49-19.pcap.gz
178,2021-07-20 07:54:57.874953,can_tapper18,2021-07-20 07:53:57.874953,2021-07-20 07:56:57.874953,24.008333333333333,60.000621,75.56343,320.171197,1627,301,503,//qar7000185/GP0_UPLOAD/BOXER/CYLOM\KZ-04-76_CP-14\20201103\can_Tapper18-07-20-07-49-19.pcap.gz
179,2021-07-20 08:10:56.250545,can_tapper18,2021-07-20 08:09:56.250545,2021-07-20 08:12:56.250545,24.125,59.762972,119.826046,958.375592,2157,404,404,//qar7000185/GP0_UPLOAD/BOXER/CYLOM\KZ-04-76_CP-14\20201103\can_Tapper18-07-20-08-07-15.pcap.gz
180,2021-07-20 09:03:23.201189,can_tapper18,2021-07-20 09:02:23.201189,2021-07-20 09:05:23.201189,24.866666666666667,59.993863,119.851924,3146.950644,2160,347,526,//qar7000185/GP0_UPLOAD/BOXER/CYLOM\KZ-04-76_CP-14\20201103\can_Tapper18-07-20-08-58-39.pcap.gz
181,2021-07-20 09:25:36.068101,can_tapper18,2021-07-20 09:24:36.068101,2021-07-20 09:27:36.068101,25.086666666666666,59.921798,119.99045,1332.866912,2159,412,505,//qar7000185/GP0_UPLOAD/BOXER/CYLOM\KZ-04-76_CP-14\20201103\can_Tapper18-07-20-09-10-01.pcap.gz
182,2021-07-20 14:08:39.196698,can_tapper18,2021-07-20 14:07:39.196698,2021-07-20 14:10:39.196698,24.491666666666667,2.000214,119.828326,16983.128597,1462,263,424,//qar7000185/GP0_UPLOAD/BOXER/CYLOM\KZ-04-76_CP-14\20201103\can_Tapper18-07-20-14-08-37.pcap.gz
183,2021-07-20 14:28:14.203547,can_tapper18,2021-07-20 14:27:14.203547,2021-07-20 14:30:14.203547,24.708333333333336,59.951,120.000073,1175.006849,2159,270,194,//qar7000185/GP0_UPLOAD/BOXER/CYLOM\KZ-04-76_CP-14\20201103\can_Tapper18-07-20-14-08-37.pcap.gz
184,2021-07-20 16:31:24.627187,can_tapper18,2021-07-20 16:30:24.627187,2021-07-20 16:33:24.627187,24.65,59.852943,119.997305,7390.42364,2159,452,746,//qar7000185/GP0_UPLOAD/BOXER/CYLOM\KZ-04-76_CP-14\20201103\can_Tapper18-07-20-16-08-37.pcap.gz
185,2021-07-22 07:04:59.713966,can_tapper18,2021-07-22 07:03:59.713966,2021-07-22 07:06:59.713966,23.10833333333333,13.255232,119.836042,138815.086779,1599,323,400,//qar7000185/GP0_UPLOAD/BOXER/CYLOM\KZ-04-76_CP-14\20201103\can_Tapper18-07-22-07-04-46.pcap.gz
186,2021-07-22 07:06:38.136954,can_tapper18,2021-07-22 07:05:38.136954,2021-07-22 07:08:38.136954,23.096666666666664,59.881025,35.414448,98.422988,1146,207,281,//qar7000185/GP0_UPLOAD/BOXER/CYLOM\KZ-04-76_CP-14\20201103\can_Tapper18-07-22-07-04-46.pcap.gz
187,2021-08-23 09:29:56.023898,can_tapper18,2021-08-23 09:28:56.023898,2021-08-23 09:31:56.023898,19.655,1.89252,119.937188,2773397.886944,1464,274,421,//qar7000185/GP0_UPLOAD/BOXER/CYLOM\KZ-04-76_CP-14\20201103\can_Tapper18-08-23-09-29-53.pcap.gz
188,2021-08-23 09:34:49.645735,can_tapper18,2021-08-23 09:33:49.645735,2021-08-23 09:36:49.645735,19.866666666666667,59.907367,118.991957,293.621837,2148,416,472,//qar7000185/GP0_UPLOAD/BOXER/CYLOM\KZ-04-76_CP-14\20201103\can_Tapper18-08-23-09-29-53.pcap.gz
189,2021-08-23 11:49:53.330044,can_tapper18,2021-08-23 11:48:53.330044,2021-08-23 11:51:53.330044,20.2,14.866432,109.233217,8103.684309,1491,279,379,//qar7000185/GP0_UPLOAD/BOXER/CYLOM\KZ-04-76_CP-14\20201103\can_Tapper18-08-23-11-49-38.pcap.gz
190,2021-08-31 08:45:21.041307,can_tapper18,2021-08-31 08:44:21.041307,2021-08-31 08:47:21.041307,12.4,25.905333,119.942274,680127.711263,1752,374,387,//qar7000185/GP0_UPLOAD/BOXER/CYLOM\KZ-04-76_CP-14\20201103\can_Tapper18-08-31-08-44-54.pcap.gz
191,2021-08-31 08:55:48.381017,can_tapper18,2021-08-31 08:54:48.381017,2021-08-31 08:57:48.381017,14.858333333333334,59.990875,119.833301,627.33971,2159,536,327,//qar7000185/GP0_UPLOAD/BOXER/CYLOM\KZ-04-76_CP-14\20201103\can_Tapper18-08-31-08-44-54.pcap.gz
192,2021-08-31 08:57:25.601166,can_tapper18,2021-08-31 08:56:25.601166,2021-08-31 08:59:25.601166,14.925,59.969598,119.914956,97.220149,2160,450,458,//qar7000185/GP0_UPLOAD/BOXER/CYLOM\KZ-04-76_CP-14\20201103\can_Tapper18-08-31-08-44-54.pcap.gz
193,2021-08-31 13:12:52.862570,can_tapper18,2021-08-31 13:11:52.862570,2021-08-31 13:14:52.862570,15.758333333333331,0.903529,119.921919,15327.261404,1452,296,451,//qar7000185/GP0_UPLOAD/BOXER/CYLOM\KZ-04-76_CP-14\20201103\can_Tapper18-08-31-13-12-51.pcap.gz
194,2021-09-01 11:09:58.688057,can_tapper18,2021-09-01 11:08:58.688057,2021-09-01 11:11:58.688057,15.425,13.246868,119.857024,79025.825487,1599,363,444,//qar7000185/GP0_UPLOAD/BOXER/CYLOM\KZ-04-76_CP-14\20201103\can_Tapper18-09-01-11-09-45.pcap.gz
195,2021-09-02 08:35:39.611982,can_tapper18,2021-09-02 08:34:39.611982,2021-09-02 08:37:39.611982,14.716666666666665,19.161262,119.928423,77140.923925,1671,323,442,//qar7000185/GP0_UPLOAD/BOXER/CYLOM\KZ-04-76_CP-14\20201103\can_Tapper18-09-02-08-35-20.pcap.gz
196,2021-09-02 10:04:28.780899,can_tapper18,2021-09-02 10:03:28.780899,2021-09-02 10:06:28.780899,17.2375,59.849082,119.976286,5329.168917,2159,366,533,//qar7000185/GP0_UPLOAD/BOXER/CYLOM\KZ-04-76_CP-14\20201103\can_Tapper18-09-02-09-35-20.pcap.gz
197,2021-09-02 11:30:31.948303,can_tapper18,2021-09-02 11:29:31.948303,2021-09-02 11:32:31.948303,19.575,59.961014,119.950036,5163.167404,2159,478,666,//qar7000185/GP0_UPLOAD/BOXER/CYLOM\KZ-04-76_CP-14\20201103\can_Tapper18-09-02-10-35-20.pcap.gz
198,2021-09-20 14:35:58.535581,can_tapper18,2021-09-20 14:34:58.535581,2021-09-20 14:37:58.535581,12.55,13.160331,119.945218,1566326.587278,1599,340,459,//qar7000185/GP0_UPLOAD/BOXER/CYLOM\KZ-04-76_CP-14\20201103\can_Tapper18-09-20-14-35-45.pcap.gz
199,2021-09-20 16:39:14.321401,can_tapper18,2021-09-20 16:38:14.321401,2021-09-20 16:41:14.321401,13.13,59.994667,119.820444,7395.78582,1588,287,401,//qar7000185/GP0_UPLOAD/BOXER/CYLOM\KZ-04-76_CP-14\20201103\can_Tapper18-09-20-16-35-45.pcap.gz
200,2021-09-21 07:53:41.220258,can_tapper18,2021-09-21 07:52:41.220258,2021-09-21 07:55:41.220258,10.033333333333333,30.508288,99.071425,54866.898857,1557,292,243,//qar7000185/GP0_UPLOAD/BOXER/CYLOM\KZ-04-76_CP-14\20201103\can_Tapper18-09-21-07-53-10.pcap.gz
201,2021-09-21 09:27:41.377515,can_tapper18,2021-09-21 09:26:41.377515,2021-09-21 09:29:41.377515,11.754999999999999,59.968647,119.923026,5640.157257,2160,405,500,//qar7000185/GP0_UPLOAD/BOXER/CYLOM\KZ-04-76_CP-14\20201103\can_Tapper18-09-21-08-55-49.pcap.gz
202,2021-09-21 11:46:04.198184,can_tapper18,2021-09-21 11:45:04.198184,2021-09-21 11:48:04.198184,12.141666666666667,59.930464,119.9683,8302.820669,2159,439,544,//qar7000185/GP0_UPLOAD/BOXER/CYLOM\KZ-04-76_CP-14\20201103\can_Tapper18-09-21-10-55-49.pcap.gz
203,2021-09-21 15:37:22.313520,can_tapper18,2021-09-21 15:36:22.313520,2021-09-21 15:39:22.313520,14.4875,59.998611,40.52516,13878.115336,1207,253,277,//qar7000185/GP0_UPLOAD/BOXER/CYLOM\KZ-04-76_CP-14\20201103\can_Tapper18-09-21-14-55-49.pcap.gz
204,2021-09-22 07:28:37.996022,can_tapper18,2021-09-22 07:27:37.996022,2021-09-22 07:30:37.996022,12.766666666666667,4.036676,119.77638,57075.682502,1488,321,405,//qar7000185/GP0_UPLOAD/BOXER/CYLOM\KZ-04-76_CP-14\20201103\can_Tapper18-09-22-07-28-33.pcap.gz
205,2021-09-22 12:34:46.861933,can_tapper18,2021-09-22 12:33:46.861933,2021-09-22 12:36:46.861933,14.508333333333335,59.950821,119.919656,18368.865911,2159,421,564,//qar7000185/GP0_UPLOAD/BOXER/CYLOM\KZ-04-76_CP-14\20201103\can_Tapper18-09-22-12-28-33.pcap.gz
206,2021-09-22 13:36:50.486499,can_tapper18,2021-09-22 13:35:50.486499,2021-09-22 13:38:50.486499,16.075,59.8797,96.174717,3723.624566,1873,450,698,//qar7000185/GP0_UPLOAD/BOXER/CYLOM\KZ-04-76_CP-14\20201103\can_Tapper18-09-22-13-28-34.pcap.gz
207,2021-09-23 13:10:10.626271,can_tapper18,2021-09-23 13:09:10.626271,2021-09-23 13:12:10.626271,14.98333333333333,9.746485,119.852129,84800.139772,1557,309,326,//qar7000185/GP0_UPLOAD/BOXER/CYLOM\KZ-04-76_CP-14\20201103\can_Tapper18-09-23-13-10-00.pcap.gz
208,2021-09-23 13:20:57.248518,can_tapper18,2021-09-23 13:19:57.248518,2021-09-23 13:22:57.248518,15.033333333333335,59.892551,119.960199,646.622247,2159,401,501,//qar7000185/GP0_UPLOAD/BOXER/CYLOM\KZ-04-76_CP-14\20201103\can_Tapper18-09-23-13-10-00.pcap.gz
209,2021-09-23 13:42:13.226613,can_tapper18,2021-09-23 13:41:13.226613,2021-09-23 13:44:13.226613,15.16,59.987175,119.948568,1275.978095,2160,429,731,//qar7000185/GP0_UPLOAD/BOXER/CYLOM\KZ-04-76_CP-14\20201103\can_Tapper18-09-23-13-10-00.pcap.gz
210,2021-09-24 13:06:29.700528,can_tapper18,2021-09-24 13:05:29.700528,2021-09-24 13:08:29.700528,16.95,24.236672,119.891517,84256.473915,1730,368,358,//qar7000185/GP0_UPLOAD/BOXER/CYLOM\KZ-04-76_CP-14\20201103\can_Tapper18-09-24-13-06-05.pcap.gz
211,2021-09-24 15:19:04.086057,can_tapper18,2021-09-24 15:18:04.086057,2021-09-24 15:21:04.086057,16.15,31.145409,119.961823,7954.385529,1815,395,452,//qar7000185/GP0_UPLOAD/BOXER/CYLOM\KZ-04-76_CP-14\20201103\can_Tapper18-09-24-15-18-32.pcap.gz
212,2021-09-27 11:18:31.175532,can_tapper18,2021-09-27 11:17:31.175532,2021-09-27 11:20:31.175532,15.417857142857144,59.889767,119.972329,244767.089475,2159,432,505,//qar7000185/GP0_UPLOAD/BOXER/CYLOM\KZ-04-76_CP-14\20201103\can_Tapper18-09-27-11-14-15.pcap.gz
213,2021-09-27 11:32:05.932483,can_tapper18,2021-09-27 11:31:05.932483,2021-09-27 11:34:05.932483,15.475,59.956626,119.835003,814.756951,1695,362,331,//qar7000185/GP0_UPLOAD/BOXER/CYLOM\KZ-04-76_CP-14\20201103\can_Tapper18-09-27-11-14-15.pcap.gz
214,2021-09-27 11:33:33.024070,can_tapper18,2021-09-27 11:32:33.024070,2021-09-27 11:35:33.024070,15.458333333333332,59.9653,119.985559,87.091587,1695,351,392,//qar7000185/GP0_UPLOAD/BOXER/CYLOM\KZ-04-76_CP-14\20201103\can_Tapper18-09-27-11-33-31.pcap.gz
215,2021-09-28 18:27:00.524618,can_tapper18,2021-09-28 18:26:00.524618,2021-09-28 18:29:00.524618,12.733333333333333,59.987449,119.924119,111207.500548,2160,397,584,//qar7000185/GP0_UPLOAD/BOXER/CYLOM\KZ-04-76_CP-14\20201103\can_Tapper18-09-28-18-03-54.pcap.gz
216,2021-10-04 08:23:47.545150,can_tapper18,2021-10-04 08:22:47.545150,2021-10-04 08:25:47.545150,9.75,59.825803,119.774025,482207.020532,2157,437,493,//qar7000185/GP0_UPLOAD/BOXER/CYLOM\KZ-04-76_CP-14\20201103\can_Tapper18-10-04-08-10-42.pcap.gz
217,2021-10-06 07:47:42.963951,can_tapper18,2021-10-06 07:46:42.963951,2021-10-06 07:49:42.963951,11.85,59.91817,119.939546,170635.418801,2159,356,433,//qar7000185/GP0_UPLOAD/BOXER/CYLOM\KZ-04-76_CP-14\20201103\can_Tapper18-10-06-07-10-42.pcap.gz
218,2021-10-07 15:45:19.009515,can_tapper18,2021-10-07 15:44:19.009515,2021-10-07 15:47:19.009515,16.275,15.80483,91.473584,115056.045564,1288,267,337,//qar7000185/GP0_UPLOAD/BOXER/CYLOM\KZ-04-76_CP-14\20201103\can_Tapper18-10-07-15-45-03.pcap.gz
219,2021-10-07 15:47:22.592039,can_tapper18,2021-10-07 15:46:22.592039,2021-10-07 15:49:22.592039,16.225,59.865766,119.951647,123.582524,1807,370,507,//qar7000185/GP0_UPLOAD/BOXER/CYLOM\KZ-04-76_CP-14\20201103\can_Tapper18-10-07-15-47-19.pcap.gz
220,2021-10-08 10:29:05.112377,can_tapper18,2021-10-08 10:28:05.112377,2021-10-08 10:31:05.112377,10.85,53.903259,119.95158,67302.520338,2087,406,457,//qar7000185/GP0_UPLOAD/BOXER/CYLOM\KZ-04-76_CP-14\20201103\can_Tapper18-10-08-10-28-11.pcap.gz
221,2021-10-08 12:29:54.431522,can_tapper18,2021-10-08 12:28:54.431522,2021-10-08 12:31:54.431522,11.55,32.981493,119.875692,7249.319145,1836,378,483,//qar7000185/GP0_UPLOAD/BOXER/CYLOM\KZ-04-76_CP-14\20201103\can_Tapper18-10-08-12-29-21.pcap.gz
222,2021-11-10 14:41:58.755828,can_tapper18,2021-11-10 14:40:58.755828,2021-11-10 14:43:58.755828,7.445,59.956179,119.917344,2859124.324306,2160,410,591,//qar7000185/GP0_UPLOAD/BOXER/CYLOM\KZ-04-76_CP-14\20201103\can_Tapper18-11-10-14-30-12.pcap.gz
223,2021-11-10 14:42:55.390774,can_tapper18,2021-11-10 14:41:55.390774,2021-11-10 14:44:55.390774,7.575,59.820198,119.811003,56.634946,2157,442,693,//qar7000185/GP0_UPLOAD/BOXER/CYLOM\KZ-04-76_CP-14\20201103\can_Tapper18-11-10-14-30-12.pcap.gz
224,2021-11-10 14:44:58.575298,can_tapper18,2021-11-10 14:43:58.575298,2021-11-10 14:46:58.575298,7.491666666666665,59.952053,119.897748,123.184524,2160,289,447,//qar7000185/GP0_UPLOAD/BOXER/CYLOM\KZ-04-76_CP-14\20201103\can_Tapper18-11-10-14-30-12.pcap.gz
225,2021-11-30 12:18:45.101209,can_tapper18,2021-11-30 12:17:45.101209,2021-11-30 12:20:45.101209,3.5916666666666672,59.901806,119.949384,1719226.525911,2160,410,408,//qar7000185/GP0_UPLOAD/BOXER/CYLOM\KZ-04-76_CP-14\20201103\can_Tapper18-11-30-12-17-19.pcap.gz
226,2021-12-02 13:11:43.031377,can_tapper18,2021-12-02 13:10:43.031377,2021-12-02 13:13:43.031377,1.457142857142857,59.803603,119.796319,175977.930168,2157,478,630,//qar7000185/GP0_UPLOAD/BOXER/CYLOM\KZ-04-76_CP-14\20201103\can_Tapper18-12-02-13-10-18.pcap.gz
227,2022-03-07 14:15:14.110384,can_tapper18,2022-03-07 14:14:14.110384,2022-03-07 14:17:14.110384,1.335,59.994531,119.854772,8211811.079007,2160,462,581,//qar7000185/GP0_UPLOAD/BOXER/CYLOM\KZ-04-76_CP-14\20220621\can_Tapper18-03-07-14-01-06.pcap.gz
228,2022-03-07 14:16:09.149758,can_tapper18,2022-03-07 14:15:09.149758,2022-03-07 14:18:09.149758,1.4266666666666665,59.777723,119.840219,55.039374,2157,452,730,//qar7000185/GP0_UPLOAD/BOXER/CYLOM\KZ-04-76_CP-14\20220621\can_Tapper18-03-07-14-01-06.pcap.gz
229,2022-03-07 14:20:28.471373,can_tapper18,2022-03-07 14:19:28.471373,2022-03-07 14:22:28.471373,1.5333333333333334,59.797379,119.814068,259.321615,2157,446,897,//qar7000185/GP0_UPLOAD/BOXER/CYLOM\KZ-04-76_CP-14\20220621\can_Tapper18-03-07-14-19-01.pcap.gz
230,2022-03-07 14:42:34.963662,can_tapper18,2022-03-07 14:41:34.963662,2022-03-07 14:44:34.963662,2.0,59.896782,119.995593,1326.492289,2159,394,466,//qar7000185/GP0_UPLOAD/BOXER/CYLOM\KZ-04-76_CP-14\20220621\can_Tapper18-03-07-14-28-26.pcap.gz
231,2022-03-10 15:17:02.361255,can_tapper18,2022-03-10 15:16:02.361255,2022-03-10 15:19:02.361255,5.341666666666667,59.900971,119.999899,261267.397593,2159,431,650,//qar7000185/GP0_UPLOAD/BOXER/CYLOM\KZ-04-76_CP-14\20220621\can_Tapper18-03-10-15-13-59.pcap.gz
232,2022-03-11 08:01:16.719686,can_tapper18,2022-03-11 08:00:16.719686,2022-03-11 08:03:16.719686,5.86,59.9506,119.949026,60254.358431,2160,443,687,//qar7000185/GP0_UPLOAD/BOXER/CYLOM\KZ-04-76_CP-14\20220621\can_Tapper18-03-11-07-40-59.pcap.gz
233,2022-03-11 14:40:17.693584,can_tapper18,2022-03-11 14:39:17.693584,2022-03-11 14:42:17.693584,9.55,59.87091,119.991914,23940.973898,2160,440,629,//qar7000185/GP0_UPLOAD/BOXER/CYLOM\KZ-04-76_CP-14\20220621\can_Tapper18-03-11-14-30-41.pcap.gz
234,2022-03-14 15:47:13.836156,can_tapper18,2022-03-14 15:46:13.836156,2022-03-14 15:49:13.836156,9.35,59.869723,119.999576,263216.142572,2160,409,585,//qar7000185/GP0_UPLOAD/BOXER/CYLOM\KZ-04-76_CP-14\20220621\can_Tapper18-03-14-15-46-13.pcap.gz
235,2022-03-15 14:43:21.149320,can_tapper18,2022-03-15 14:42:21.149320,2022-03-15 14:45:21.149320,8.163095238095238,59.91283,119.938151,82567.313164,2160,450,598,//qar7000185/GP0_UPLOAD/BOXER/CYLOM\KZ-04-76_CP-14\20220621\can_Tapper18-03-15-14-41-52.pcap.gz
236,2022-03-18 09:20:22.816360,can_tapper18,2022-03-18 09:19:22.816360,2022-03-18 09:22:22.816360,5.991666666666666,59.928262,119.959171,239821.66704,2160,448,907,//qar7000185/GP0_UPLOAD/BOXER/CYLOM\KZ-04-76_CP-14\20220621\can_Tapper18-03-18-09-18-35.pcap.gz
237,2022-03-18 09:41:50.616253,can_tapper18,2022-03-18 09:40:50.616253,2022-03-18 09:43:50.616253,5.975,59.909999,119.949476,1287.799893,2159,493,703,//qar7000185/GP0_UPLOAD/BOXER/CYLOM\KZ-04-76_CP-14\20220621\can_Tapper18-03-18-09-18-35.pcap.gz
238,2022-03-18 09:42:52.764103,can_tapper18,2022-03-18 09:41:52.764103,2022-03-18 09:44:52.764103,6.075,59.927748,119.922213,62.14785,2158,481,759,//qar7000185/GP0_UPLOAD/BOXER/CYLOM\KZ-04-76_CP-14\20220621\can_Tapper18-03-18-09-18-35.pcap.gz
239,2022-03-18 09:50:55.433027,can_tapper18,2022-03-18 09:49:55.433027,2022-03-18 09:52:55.433027,6.175,59.951455,119.953975,482.668924,2159,555,759,//qar7000185/GP0_UPLOAD/BOXER/CYLOM\KZ-04-76_CP-14\20220621\can_Tapper18-03-18-09-18-35.pcap.gz
240,2022-03-18 09:53:12.040796,can_tapper18,2022-03-18 09:52:12.040796,2022-03-18 09:55:12.040796,6.13,59.993493,119.904273,136.607769,2120,534,554,//qar7000185/GP0_UPLOAD/BOXER/CYLOM\KZ-04-76_CP-14\20220621\can_Tapper18-03-18-09-18-35.pcap.gz
241,2022-03-18 09:54:22.989252,can_tapper18,2022-03-18 09:53:22.989252,2022-03-18 09:56:22.989252,6.55,59.955247,119.993573,70.948456,2121,529,515,//qar7000185/GP0_UPLOAD/BOXER/CYLOM\KZ-04-76_CP-14\20220621\can_Tapper18-03-18-09-18-35.pcap.gz
242,2022-03-30 10:28:23.441835,can_tapper18,2022-03-30 10:27:23.441835,2022-03-30 10:30:23.441835,8.95,13.807379,119.799526,1038840.452583,1605,331,376,//qar7000185/GP0_UPLOAD/BOXER/CYLOM\KZ-04-76_CP-14\20220621\can_Tapper18-03-30-10-28-09.pcap.gz
243,2022-03-30 10:45:51.624539,can_tapper18,2022-03-30 10:44:51.624539,2022-03-30 10:47:51.624539,8.84,59.990787,119.845689,1048.182704,2158,508,555,//qar7000185/GP0_UPLOAD/BOXER/CYLOM\KZ-04-76_CP-14\20220621\can_Tapper18-03-30-10-28-09.pcap.gz
244,2022-03-30 11:03:51.859242,can_tapper18,2022-03-30 11:02:51.859242,2022-03-30 11:05:51.859242,8.866666666666665,59.818663,119.974974,1080.234703,2158,561,542,//qar7000185/GP0_UPLOAD/BOXER/CYLOM\KZ-04-76_CP-14\20220621\can_Tapper18-03-30-10-28-09.pcap.gz
245,2022-03-30 11:14:01.505240,can_tapper18,2022-03-30 11:13:01.505240,2022-03-30 11:16:01.505240,8.9,59.8569,119.803232,609.645998,2157,571,328,//qar7000185/GP0_UPLOAD/BOXER/CYLOM\KZ-04-76_CP-14\20220621\can_Tapper18-03-30-10-28-09.pcap.gz
246,2022-03-30 11:51:39.371534,can_tapper18,2022-03-30 11:50:39.371534,2022-03-30 11:53:39.371534,9.1,59.930693,119.942556,2257.866294,2159,365,476,//qar7000185/GP0_UPLOAD/BOXER/CYLOM\KZ-04-76_CP-14\20220621\can_Tapper18-03-30-11-28-09.pcap.gz
247,2022-03-30 13:19:56.409841,can_tapper18,2022-03-30 13:18:56.409841,2022-03-30 13:21:56.409841,9.591666666666665,59.905004,119.954975,5297.038307,2160,380,295,//qar7000185/GP0_UPLOAD/BOXER/CYLOM\KZ-04-76_CP-14\20220621\can_Tapper18-03-30-12-28-09.pcap.gz
248,2022-03-30 13:47:46.409005,can_tapper18,2022-03-30 13:46:46.409005,2022-03-30 13:49:46.409005,10.325,59.897823,119.98509,1669.999164,2160,384,455,//qar7000185/GP0_UPLOAD/BOXER/CYLOM\KZ-04-76_CP-14\20220621\can_Tapper18-03-30-13-28-09.pcap.gz
249,2022-04-28 14:00:04.848904,can_tapper18,2022-04-28 13:59:04.848904,2022-04-28 14:02:04.848904,11.85,59.864483,119.947499,2506338.439899,2160,388,159,//qar7000185/GP0_UPLOAD/BOXER/CYLOM\KZ-04-76_CP-14\20220621\can_Tapper18-04-28-13-56-39.pcap.gz
250,2022-05-02 08:34:17.312728,can_tapper18,2022-05-02 08:33:17.312728,2022-05-02 08:36:17.312728,10.183333333333334,44.360841,119.983525,326052.463824,1973,413,341,//qar7000185/GP0_UPLOAD/BOXER/CYLOM\KZ-04-76_CP-14\20220621\can_Tapper18-05-02-08-33-32.pcap.gz
251,2022-05-02 10:48:41.557898,can_tapper18,2022-05-02 10:47:41.557898,2022-05-02 10:50:41.557898,11.075,59.83567,119.981637,8064.24517,2158,460,748,//qar7000185/GP0_UPLOAD/BOXER/CYLOM\KZ-04-76_CP-14\20220621\can_Tapper18-05-02-10-47-10.pcap.gz
252,2022-05-02 11:04:08.872806,can_tapper18,2022-05-02 11:03:08.872806,2022-05-02 11:06:08.872806,11.485,59.978024,119.927746,927.314908,2159,450,699,//qar7000185/GP0_UPLOAD/BOXER/CYLOM\KZ-04-76_CP-14\20220621\can_Tapper18-05-02-10-47-10.pcap.gz
253,2022-05-02 11:20:51.571777,can_tapper18,2022-05-02 11:19:51.571777,2022-05-02 11:22:51.571777,11.825,59.836797,119.9906,1002.698971,2159,421,496,//qar7000185/GP0_UPLOAD/BOXER/CYLOM\KZ-04-76_CP-14\20220621\can_Tapper18-05-02-10-47-10.pcap.gz
254,2022-05-02 11:29:26.898774,can_tapper18,2022-05-02 11:28:26.898774,2022-05-02 11:31:26.898774,12.025,59.824403,119.982376,515.326997,2158,521,704,//qar7000185/GP0_UPLOAD/BOXER/CYLOM\KZ-04-76_CP-14\20220621\can_Tapper18-05-02-10-47-10.pcap.gz
255,2022-05-04 09:43:57.848880,can_tapper18,2022-05-04 09:42:57.848880,2022-05-04 09:45:57.848880,9.1,59.970614,119.890829,166470.950106,2160,460,668,//qar7000185/GP0_UPLOAD/BOXER/CYLOM\KZ-04-76_CP-14\20220621\can_Tapper18-05-04-09-38-12.pcap.gz
256,2022-05-04 12:01:05.520115,can_tapper18,2022-05-04 12:00:05.520115,2022-05-04 12:03:05.520115,11.266666666666666,27.809494,119.785769,8227.671235,1773,366,502,//qar7000185/GP0_UPLOAD/BOXER/CYLOM\KZ-04-76_CP-14\20220621\can_Tapper18-05-04-12-00-37.pcap.gz
257,2022-05-18 09:23:21.546986,can_tapper18,2022-05-18 09:22:21.546986,2022-05-18 09:25:21.546986,22.45,59.82566,119.795602,1200136.026871,2157,438,612,//qar7000185/GP0_UPLOAD/BOXER/CYLOM\KZ-04-76_CP-14\20220621\can_Tapper18-05-18-09-22-12.pcap.gz
258,2022-06-16 09:05:32.126423,can_tapper18,2022-06-16 09:04:32.126423,2022-06-16 09:07:32.126423,15.125,31.90726,119.957629,2504530.579437,1824,399,656,//qar7000185/GP0_UPLOAD/BOXER/CYLOM\KZ-04-76_CP-14\20221011\can_Tapper18-06-16-09-05-00.pcap.gz
259,2022-06-30 09:38:50.921982,can_tapper18,2022-06-30 09:37:50.921982,2022-06-30 09:40:50.921982,17.733333333333334,16.956313,119.875683,1211598.795559,1644,392,320,//qar7000185/GP0_UPLOAD/BOXER/CYLOM\KZ-04-76_CP-14\20221011\can_Tapper18-06-30-09-38-33.pcap.gz
260,2022-06-30 12:27:31.130790,can_tapper18,2022-06-30 12:26:31.130790,2022-06-30 12:29:31.130790,21.69166666666667,59.929693,119.945925,10120.208808,2160,412,564,//qar7000185/GP0_UPLOAD/BOXER/CYLOM\KZ-04-76_CP-14\20221011\can_Tapper18-06-30-12-26-29.pcap.gz
261,2022-07-04 09:24:06.111737,can_tapper18,2022-07-04 09:23:06.111737,2022-07-04 09:26:06.111737,16.55,22.406102,119.955498,334594.980947,1710,353,540,//qar7000185/GP0_UPLOAD/BOXER/CYLOM\KZ-04-76_CP-14\20221011\can_Tapper18-07-04-09-23-43.pcap.gz
262,2022-07-05 13:51:19.751261,can_tapper18,2022-07-05 13:50:19.751261,2022-07-05 13:53:19.751261,17.708333333333332,59.901199,119.940668,102433.639524,2160,436,631,//qar7000185/GP0_UPLOAD/BOXER/CYLOM\KZ-04-76_CP-14\20221011\can_Tapper18-07-05-13-31-18.pcap.gz
263,2022-07-07 07:22:18.682129,can_tapper18,2022-07-07 07:21:18.682129,2022-07-07 07:24:18.682129,15.133333333333335,59.800224,119.833466,149458.930868,2157,437,406,//qar7000185/GP0_UPLOAD/BOXER/CYLOM\KZ-04-76_CP-14\20221011\can_Tapper18-07-07-06-57-28.pcap.gz
264,2022-07-11 08:23:10.129402,can_tapper18,2022-07-11 08:22:10.129402,2022-07-11 08:25:10.129402,16.53333333333333,0.404797,119.929378,349251.447273,1446,318,409,//qar7000185/GP0_UPLOAD/BOXER/CYLOM\KZ-04-76_CP-14\20221011\can_Tapper18-07-11-08-23-09.pcap.gz
265,2022-07-15 08:00:22.718136,can_tapper18,2022-07-15 07:59:22.718136,2022-07-15 08:02:22.718136,14.55,32.504439,119.803778,344232.588734,1830,363,403,//qar7000185/GP0_UPLOAD/BOXER/CYLOM\KZ-04-76_CP-14\20221011\can_Tapper18-07-15-07-59-50.pcap.gz
266,2022-07-15 09:19:11.222066,can_tapper18,2022-07-15 09:18:11.222066,2022-07-15 09:21:11.222066,21.975,3.994673,119.874791,4728.50393,1488,391,382,//qar7000185/GP0_UPLOAD/BOXER/CYLOM\KZ-04-76_CP-14\20221011\can_Tapper18-07-15-09-19-06.pcap.gz
267,2022-07-15 16:10:45.695655,can_tapper18,2022-07-15 16:09:45.695655,2022-07-15 16:12:45.695655,36.31666666666666,0.719046,92.357918,24694.473589,1119,222,318,//qar7000185/GP0_UPLOAD/BOXER/CYLOM\KZ-04-76_CP-14\20221011\can_Tapper18-07-15-16-10-44.pcap.gz
268,2022-07-18 08:25:25.026111,can_tapper18,2022-07-18 08:24:25.026111,2022-07-18 08:27:25.026111,19.766666666666666,0.636129,119.976198,231279.330456,1449,299,419,//qar7000185/GP0_UPLOAD/BOXER/CYLOM\KZ-04-76_CP-14\20221011\can_Tapper18-07-18-08-25-24.pcap.gz
269,2022-07-18 16:13:21.190041,can_tapper18,2022-07-18 16:12:21.190041,2022-07-18 16:15:21.190041,30.675,5.239199,83.10063,28076.16393,1062,215,319,//qar7000185/GP0_UPLOAD/BOXER/CYLOM\KZ-04-76_CP-14\20221011\can_Tapper18-07-18-16-13-15.pcap.gz
270,2022-07-19 06:33:34.951151,can_tapper18,2022-07-19 06:32:34.951151,2022-07-19 06:35:34.951151,24.3,1.055127,101.019787,51613.76111,1227,257,309,//qar7000185/GP0_UPLOAD/BOXER/CYLOM\KZ-04-76_CP-14\20221011\can_Tapper18-07-19-06-33-33.pcap.gz
271,2022-07-19 13:05:56.426085,can_tapper18,2022-07-19 13:04:56.426085,2022-07-19 13:07:56.426085,29.525,2.465057,119.891564,23541.474934,1470,308,420,//qar7000185/GP0_UPLOAD/BOXER/CYLOM\KZ-04-76_CP-14\20221011\can_Tapper18-07-19-13-05-53.pcap.gz
272,2022-07-26 09:03:12.222469,can_tapper18,2022-07-26 09:02:12.222469,2022-07-26 09:05:12.222469,22.7,60.00009,119.841165,590235.796384,2158,413,478,//qar7000185/GP0_UPLOAD/BOXER/CYLOM\KZ-04-76_CP-14\20221011\can_Tapper18-07-26-09-01-58.pcap.gz
273,2022-07-26 10:37:01.638443,can_tapper18,2022-07-26 10:36:01.638443,2022-07-26 10:39:01.638443,23.29,59.833848,119.807051,5629.415974,2157,449,626,//qar7000185/GP0_UPLOAD/BOXER/CYLOM\KZ-04-76_CP-14\20221011\can_Tapper18-07-26-10-23-05.pcap.gz
274,2022-07-26 10:38:02.260542,can_tapper18,2022-07-26 10:37:02.260542,2022-07-26 10:40:02.260542,23.265,59.938743,119.961248,60.622099,2160,453,676,//qar7000185/GP0_UPLOAD/BOXER/CYLOM\KZ-04-76_CP-14\20221011\can_Tapper18-07-26-10-23-05.pcap.gz
275,2022-07-26 10:53:06.670184,can_tapper18,2022-07-26 10:52:06.670184,2022-07-26 10:55:06.670184,26.45,59.894546,119.936661,904.409642,2158,452,601,//qar7000185/GP0_UPLOAD/BOXER/CYLOM\KZ-04-76_CP-14\20221011\can_Tapper18-07-26-10-23-05.pcap.gz
276,2022-07-26 10:54:28.914545,can_tapper18,2022-07-26 10:53:28.914545,2022-07-26 10:56:28.914545,23.3,59.859143,119.972871,82.244361,2119,425,512,//qar7000185/GP0_UPLOAD/BOXER/CYLOM\KZ-04-76_CP-14\20221011\can_Tapper18-07-26-10-23-05.pcap.gz
277,2022-07-26 10:55:30.165491,can_tapper18,2022-07-26 10:54:30.165491,2022-07-26 10:57:30.165491,23.7,59.994666,119.98293,61.250946,2121,388,385,//qar7000185/GP0_UPLOAD/BOXER/CYLOM\KZ-04-76_CP-14\20221011\can_Tapper18-07-26-10-23-05.pcap.gz
278,2022-07-26 11:07:29.436662,can_tapper18,2022-07-26 11:06:29.436662,2022-07-26 11:09:29.436662,23.51,59.967374,119.983305,719.271171,2159,374,626,//qar7000185/GP0_UPLOAD/BOXER/CYLOM\KZ-04-76_CP-14\20221011\can_Tapper18-07-26-10-23-05.pcap.gz
279,2022-07-26 11:50:54.716875,can_tapper18,2022-07-26 11:49:54.716875,2022-07-26 11:52:54.716875,23.625,59.92547,119.917158,2605.280213,2158,438,460,//qar7000185/GP0_UPLOAD/BOXER/CYLOM\KZ-04-76_CP-14\20221011\can_Tapper18-07-26-11-23-05.pcap.gz
280,2022-07-26 13:00:20.510008,can_tapper18,2022-07-26 12:59:20.510008,2022-07-26 13:02:20.510008,23.8,6.297642,119.999217,4165.793133,1516,292,398,//qar7000185/GP0_UPLOAD/BOXER/CYLOM\KZ-04-76_CP-14\20221011\can_Tapper18-07-26-13-00-13.pcap.gz
281,2022-07-26 13:29:41.728701,can_tapper18,2022-07-26 13:28:41.728701,2022-07-26 13:31:41.728701,21.1,59.871632,119.984253,1761.218693,2160,469,440,//qar7000185/GP0_UPLOAD/BOXER/CYLOM\KZ-04-76_CP-14\20221011\can_Tapper18-07-26-13-00-13.pcap.gz
282,2022-08-08 11:01:31.613865,can_tapper18,2022-08-08 11:00:31.613865,2022-08-08 11:03:31.613865,21.975,28.156139,84.660003,1114309.885164,1356,291,299,//qar7000185/GP0_UPLOAD/BOXER/CYLOM\KZ-04-76_CP-14\20221011\can_Tapper18-08-08-11-01-03.pcap.gz
283,2022-08-08 14:34:32.971222,can_tapper18,2022-08-08 14:33:32.971222,2022-08-08 14:36:32.971222,22.15,1.646846,119.937371,12781.357357,1460,364,602,//qar7000185/GP0_UPLOAD/BOXER/CYLOM\KZ-04-76_CP-14\20221011\can_Tapper18-08-08-14-34-31.pcap.gz
284,2022-08-09 13:16:59.272921,can_tapper18,2022-08-09 13:15:59.272921,2022-08-09 13:18:59.272921,22.03333333333333,52.831189,119.983599,81746.301699,2076,458,718,//qar7000185/GP0_UPLOAD/BOXER/CYLOM\KZ-04-76_CP-14\20221011\can_Tapper18-08-09-13-16-06.pcap.gz
285,2022-08-09 13:26:27.702647,can_tapper18,2022-08-09 13:25:27.702647,2022-08-09 13:28:27.702647,22.175,59.914578,119.913871,568.429726,2160,298,466,//qar7000185/GP0_UPLOAD/BOXER/CYLOM\KZ-04-76_CP-14\20221011\can_Tapper18-08-09-13-16-06.pcap.gz
286,2022-08-09 13:32:21.348142,can_tapper18,2022-08-09 13:31:21.348142,2022-08-09 13:34:21.348142,22.265,59.981305,119.841645,353.645495,2160,293,404,//qar7000185/GP0_UPLOAD/BOXER/CYLOM\KZ-04-76_CP-14\20221011\can_Tapper18-08-09-13-16-06.pcap.gz
287,2022-08-09 13:39:48.108564,can_tapper18,2022-08-09 13:38:48.108564,2022-08-09 13:41:48.108564,19.733333333333334,59.93469,119.878269,446.760422,2160,274,377,//qar7000185/GP0_UPLOAD/BOXER/CYLOM\KZ-04-76_CP-14\20221011\can_Tapper18-08-09-13-16-06.pcap.gz
288,2022-08-09 13:43:51.046233,can_tapper18,2022-08-09 13:42:51.046233,2022-08-09 13:45:51.046233,22.5,59.820259,119.761026,242.937669,2157,385,692,//qar7000185/GP0_UPLOAD/BOXER/CYLOM\KZ-04-76_CP-14\20221011\can_Tapper18-08-09-13-16-06.pcap.gz
289,2022-08-09 13:52:39.355112,can_tapper18,2022-08-09 13:51:39.355112,2022-08-09 13:54:39.355112,22.64,59.771396,119.840575,528.308879,2157,403,746,//qar7000185/GP0_UPLOAD/BOXER/CYLOM\KZ-04-76_CP-14\20221011\can_Tapper18-08-09-13-16-06.pcap.gz
290,2022-08-09 14:00:42.578813,can_tapper18,2022-08-09 13:59:42.578813,2022-08-09 14:02:42.578813,22.925,59.88245,119.985397,483.223701,2160,303,621,//qar7000185/GP0_UPLOAD/BOXER/CYLOM\KZ-04-76_CP-14\20221011\can_Tapper18-08-09-13-16-06.pcap.gz
291,2022-08-09 14:05:00.096523,can_tapper18,2022-08-09 14:04:00.096523,2022-08-09 14:07:00.096523,25.75,59.809875,119.783681,257.51771,2157,285,436,//qar7000185/GP0_UPLOAD/BOXER/CYLOM\KZ-04-76_CP-14\20221011\can_Tapper18-08-09-13-16-06.pcap.gz
292,2022-08-09 14:13:46.221258,can_tapper18,2022-08-09 14:12:46.221258,2022-08-09 14:15:46.221258,23.31666666666667,59.812324,119.792619,526.124735,2157,318,469,//qar7000185/GP0_UPLOAD/BOXER/CYLOM\KZ-04-76_CP-14\20221011\can_Tapper18-08-09-13-16-06.pcap.gz
293,2022-08-09 14:15:43.026782,can_tapper18,2022-08-09 14:14:43.026782,2022-08-09 14:17:43.026782,23.3,59.827901,119.898775,116.805524,2157,479,766,//qar7000185/GP0_UPLOAD/BOXER/CYLOM\KZ-04-76_CP-14\20221011\can_Tapper18-08-09-13-16-06.pcap.gz
294,2022-08-09 14:24:54.397180,can_tapper18,2022-08-09 14:23:54.397180,2022-08-09 14:26:54.397180,23.679166666666667,59.990824,119.956398,551.370398,2160,151,346,//qar7000185/GP0_UPLOAD/BOXER/CYLOM\KZ-04-76_CP-14\20221011\can_Tapper18-08-09-14-16-06.pcap.gz
295,2022-08-09 14:31:58.358241,can_tapper18,2022-08-09 14:30:58.358241,2022-08-09 14:33:58.358241,23.85,59.96466,119.988262,423.961061,2160,244,381,//qar7000185/GP0_UPLOAD/BOXER/CYLOM\KZ-04-76_CP-14\20221011\can_Tapper18-08-09-14-16-06.pcap.gz
296,2022-08-09 15:16:32.358068,can_tapper18,2022-08-09 15:15:32.358068,2022-08-09 15:18:32.358068,24.09166666666667,59.928749,119.961974,2673.999827,2158,376,794,//qar7000185/GP0_UPLOAD/BOXER/CYLOM\KZ-04-76_CP-14\20221011\can_Tapper18-08-09-15-16-06.pcap.gz
297,2022-08-10 08:25:07.845533,can_tapper18,2022-08-10 08:24:07.845533,2022-08-10 08:27:07.845533,22.375,0.914551,119.886251,61715.487465,1452,367,581,//qar7000185/GP0_UPLOAD/BOXER/CYLOM\KZ-04-76_CP-14\20221011\can_Tapper18-08-10-08-25-06.pcap.gz
298,2022-08-10 10:36:27.704374,can_tapper18,2022-08-10 10:35:27.704374,2022-08-10 10:38:27.704374,22.425,59.992027,119.781471,7879.858841,2159,398,290,//qar7000185/GP0_UPLOAD/BOXER/CYLOM\KZ-04-76_CP-14\20221011\can_Tapper18-08-10-10-31-55.pcap.gz
299,2022-08-10 10:48:30.288864,can_tapper18,2022-08-10 10:47:30.288864,2022-08-10 10:50:30.288864,22.486666666666668,59.782745,39.273956,722.58449,1191,239,202,//qar7000185/GP0_UPLOAD/BOXER/CYLOM\KZ-04-76_CP-14\20221011\can_Tapper18-08-10-10-31-55.pcap.gz
300,2022-08-10 13:04:11.589839,can_tapper18,2022-08-10 13:03:11.589839,2022-08-10 13:06:11.589839,22.96333333333333,0.150314,119.904129,8141.300975,1443,362,613,//qar7000185/GP0_UPLOAD/BOXER/CYLOM\KZ-04-76_CP-14\20221011\can_Tapper18-08-10-13-04-11.pcap.gz
301,2022-08-10 13:28:38.887136,can_tapper18,2022-08-10 13:27:38.887136,2022-08-10 13:30:38.887136,23.275,59.911151,119.883625,1467.297297,2159,411,679,//qar7000185/GP0_UPLOAD/BOXER/CYLOM\KZ-04-76_CP-14\20221011\can_Tapper18-08-10-13-04-11.pcap.gz
302,2022-08-10 13:45:25.737618,can_tapper18,2022-08-10 13:44:25.737618,2022-08-10 13:47:25.737618,23.47,2.094367,119.967606,1006.850482,1467,349,568,//qar7000185/GP0_UPLOAD/BOXER/CYLOM\KZ-04-76_CP-14\20221011\can_Tapper18-08-10-13-45-23.pcap.gz
303,2022-08-10 14:10:31.136627,can_tapper18,2022-08-10 14:09:31.136627,2022-08-10 14:12:31.136627,23.8,59.855451,119.98683,1505.399009,2160,363,639,//qar7000185/GP0_UPLOAD/BOXER/CYLOM\KZ-04-76_CP-14\20221011\can_Tapper18-08-10-13-45-23.pcap.gz
304,2022-08-24 07:46:34.192046,can_tapper18,2022-08-24 07:45:34.192046,2022-08-24 07:48:34.192046,26.5,15.267194,119.78996,1186563.055419,1623,358,566,//qar7000185/GP0_UPLOAD/BOXER/CYLOM\KZ-04-76_CP-14\20221011\can_Tapper18-08-24-07-46-18.pcap.gz
305,2022-08-25 11:23:51.992197,can_tapper18,2022-08-25 11:22:51.992197,2022-08-25 11:25:51.992197,24.3,7.814596,119.998939,99437.800151,1534,308,432,//qar7000185/GP0_UPLOAD/BOXER/CYLOM\KZ-04-76_CP-14\20221011\can_Tapper18-08-25-11-23-43.pcap.gz
306,2022-08-25 12:14:40.166660,can_tapper18,2022-08-25 12:13:40.166660,2022-08-25 12:16:40.166660,27.76666666666667,59.988075,119.854417,3048.174463,2160,377,415,//qar7000185/GP0_UPLOAD/BOXER/CYLOM\KZ-04-76_CP-14\20221011\can_Tapper18-08-25-12-12-32.pcap.gz
307,2022-08-26 07:55:41.777051,can_tapper18,2022-08-26 07:54:41.777051,2022-08-26 07:57:41.777051,25.39166666666667,18.358499,119.957491,70861.610391,1662,319,339,//qar7000185/GP0_UPLOAD/BOXER/CYLOM\KZ-04-76_CP-14\20221011\can_Tapper18-08-26-07-55-23.pcap.gz
308,2022-08-26 08:13:29.752434,can_tapper18,2022-08-26 08:12:29.752434,2022-08-26 08:15:29.752434,25.475,59.9366,119.954529,1067.975383,2160,410,574,//qar7000185/GP0_UPLOAD/BOXER/CYLOM\KZ-04-76_CP-14\20221011\can_Tapper18-08-26-07-59-01.pcap.gz
309,2022-08-26 08:14:29.670214,can_tapper18,2022-08-26 08:13:29.670214,2022-08-26 08:16:29.670214,25.6,59.831156,119.832862,59.91778,2157,442,583,//qar7000185/GP0_UPLOAD/BOXER/CYLOM\KZ-04-76_CP-14\20221011\can_Tapper18-08-26-07-59-01.pcap.gz
310,2022-08-26 08:33:47.884378,can_tapper18,2022-08-26 08:32:47.884378,2022-08-26 08:35:47.884378,22.8,59.928375,119.301944,1158.214164,2151,417,431,//qar7000185/GP0_UPLOAD/BOXER/CYLOM\KZ-04-76_CP-14\20221011\can_Tapper18-08-26-07-59-01.pcap.gz
311,2022-08-26 08:35:10.709353,can_tapper18,2022-08-26 08:34:10.709353,2022-08-26 08:37:10.709353,26.375,59.975695,119.866125,82.824975,2118,319,283,//qar7000185/GP0_UPLOAD/BOXER/CYLOM\KZ-04-76_CP-14\20221011\can_Tapper18-08-26-07-59-01.pcap.gz
312,2022-08-26 08:37:53.572727,can_tapper18,2022-08-26 08:36:53.572727,2022-08-26 08:39:53.572727,26.725,59.85488,119.980226,162.863374,2158,312,380,//qar7000185/GP0_UPLOAD/BOXER/CYLOM\KZ-04-76_CP-14\20221011\can_Tapper18-08-26-07-59-01.pcap.gz
313,2022-09-05 09:52:47.682718,can_tapper18,2022-09-05 09:51:47.682718,2022-09-05 09:54:47.682718,21.85,8.26501,119.806733,868494.109991,1539,336,308,//qar7000185/GP0_UPLOAD/BOXER/CYLOM\KZ-04-76_CP-14\20221011\can_Tapper18-09-05-09-52-39.pcap.gz
314,2022-09-05 12:33:19.373496,can_tapper18,2022-09-05 12:32:19.373496,2022-09-05 12:35:19.373496,26.2,12.195444,119.891938,9631.690778,1587,267,333,//qar7000185/GP0_UPLOAD/BOXER/CYLOM\KZ-04-76_CP-14\20221011\can_Tapper18-09-05-12-33-07.pcap.gz
315,2022-09-05 12:38:12.556338,can_tapper18,2022-09-05 12:37:12.556338,2022-09-05 12:40:12.556338,23.915,59.825075,119.995051,293.182842,2158,361,383,//qar7000185/GP0_UPLOAD/BOXER/CYLOM\KZ-04-76_CP-14\20221011\can_Tapper18-09-05-12-33-07.pcap.gz
316,2022-09-13 10:54:33.770112,can_tapper18,2022-09-13 10:53:33.770112,2022-09-13 10:56:33.770112,15.15,41.10016,119.983579,684981.213774,1935,370,238,//qar7000185/GP0_UPLOAD/BOXER/CYLOM\KZ-04-76_CP-14\20221011\can_Tapper18-09-13-10-53-52.pcap.gz
317,2022-09-13 10:58:37.464413,can_tapper18,2022-09-13 10:57:37.464413,2022-09-13 11:00:37.464413,17.65,59.951027,23.859218,243.694301,1008,215,253,//qar7000185/GP0_UPLOAD/BOXER/CYLOM\KZ-04-76_CP-14\20221011\can_Tapper18-09-13-10-53-52.pcap.gz
318,2022-09-28 13:59:42.510613,can_tapper18,2022-09-28 13:58:42.510613,2022-09-28 14:01:42.510613,8.608333333333334,20.665973,119.924121,1306865.0462,1689,354,510,//qar7000185/GP0_UPLOAD/BOXER/CYLOM\KZ-04-76_CP-14\20221011\can_Tapper18-09-28-13-59-21.pcap.gz
319,2022-09-28 14:08:32.741813,can_tapper18,2022-09-28 14:07:32.741813,2022-09-28 14:10:32.741813,8.725,59.776275,119.839622,530.2312,2157,428,676,//qar7000185/GP0_UPLOAD/BOXER/CYLOM\KZ-04-76_CP-14\20221011\can_Tapper18-09-28-13-59-21.pcap.gz
320,2022-09-28 14:09:39.377863,can_tapper18,2022-09-28 14:08:39.377863,2022-09-28 14:11:39.377863,8.65,59.882183,119.966949,66.63605,2159,425,647,//qar7000185/GP0_UPLOAD/BOXER/CYLOM\KZ-04-76_CP-14\20221011\can_Tapper18-09-28-13-59-21.pcap.gz
321,2022-09-28 14:11:28.916034,can_tapper18,2022-09-28 14:10:28.916034,2022-09-28 14:13:28.916034,8.683333333333334,59.885962,119.962216,109.538171,2159,343,423,//qar7000185/GP0_UPLOAD/BOXER/CYLOM\KZ-04-76_CP-14\20221011\can_Tapper18-09-28-13-59-21.pcap.gz
322,2022-09-28 14:13:08.067098,can_tapper18,2022-09-28 14:12:08.067098,2022-09-28 14:15:08.067098,9.091666666666665,59.972223,119.905674,99.151064,2160,346,532,//qar7000185/GP0_UPLOAD/BOXER/CYLOM\KZ-04-76_CP-14\20221011\can_Tapper18-09-28-13-59-21.pcap.gz
323,2022-09-28 14:32:52.729257,can_tapper18,2022-09-28 14:31:52.729257,2022-09-28 14:34:52.729257,9.325,60.0,119.971099,1184.662159,2160,430,578,//qar7000185/GP0_UPLOAD/BOXER/CYLOM\KZ-04-76_CP-14\20221011\can_Tapper18-09-28-13-59-21.pcap.gz
324,2022-09-28 14:48:53.953383,can_tapper18,2022-09-28 14:47:53.953383,2022-09-28 14:50:53.953383,10.0,59.935335,119.990721,961.224126,2159,311,462,//qar7000185/GP0_UPLOAD/BOXER/CYLOM\KZ-04-76_CP-14\20221011\can_Tapper18-09-28-13-59-21.pcap.gz
325,2022-09-28 16:07:24.974409,can_tapper18,2022-09-28 16:06:24.974409,2022-09-28 16:09:24.974409,12.508333333333335,59.942624,119.975251,4711.021026,2160,405,625,//qar7000185/GP0_UPLOAD/BOXER/CYLOM\KZ-04-76_CP-14\20221011\can_Tapper18-09-28-15-59-21.pcap.gz
326,2022-10-12 10:30:53.078863,can_tapper18,2022-10-12 10:29:53.078863,2022-10-12 10:32:53.078863,7.725,0.391901,119.935647,1189408.104454,1446,315,317,//qar7000185/GP0_UPLOAD/BOXER/CYLOM\KZ-04-76_CP-14\20230523\can_Tapper18-10-12-10-30-52.pcap.gz
327,2022-10-12 11:15:07.207880,can_tapper18,2022-10-12 11:14:07.207880,2022-10-12 11:17:07.207880,,52.520321,119.836117,2654.129017,2070,377,498,//qar7000185/GP0_UPLOAD/BOXER/CYLOM\KZ-04-76_CP-14\20230523\can_Tapper18-10-12-11-14-14.pcap.gz
328,2022-10-14 10:29:33.473090,can_tapper18,2022-10-14 10:28:33.473090,2022-10-14 10:31:33.473090,9.8,59.789113,119.844592,170066.26521,2157,384,566,//qar7000185/GP0_UPLOAD/BOXER/CYLOM\KZ-04-76_CP-14\20230523\can_Tapper18-10-14-10-28-29.pcap.gz
329,2022-11-01 08:48:53.316858,can_tapper18,2022-11-01 08:47:53.316858,2022-11-01 08:50:53.316858,12.458333333333334,23.701232,119.910983,1549159.843768,1725,329,445,//qar7000185/GP0_UPLOAD/BOXER/CYLOM\KZ-04-76_CP-14\20230523\can_Tapper18-11-01-08-48-29.pcap.gz
330,2022-11-01 15:47:25.077762,can_tapper18,2022-11-01 15:46:25.077762,2022-11-01 15:49:25.077762,22.225,59.990784,98.81472,25111.760904,1906,342,466,//qar7000185/GP0_UPLOAD/BOXER/CYLOM\KZ-04-76_CP-14\20230523\can_Tapper18-11-01-15-02-27.pcap.gz
331,2022-11-02 09:10:07.632592,can_tapper18,2022-11-02 09:09:07.632592,2022-11-02 09:12:07.632592,14.866666666666665,59.89265,119.975974,62562.55483,2160,445,377,//qar7000185/GP0_UPLOAD/BOXER/CYLOM\KZ-04-76_CP-14\20230523\can_Tapper18-11-02-09-01-39.pcap.gz
332,2022-11-02 13:23:43.703529,can_tapper18,2022-11-02 13:22:43.703529,2022-11-02 13:25:43.703529,16.32857142857143,59.976244,119.921615,15216.070937,2160,348,288,//qar7000185/GP0_UPLOAD/BOXER/CYLOM\KZ-04-76_CP-14\20230523\can_Tapper18-11-02-13-01-39.pcap.gz
333,2022-11-16 08:56:24.973195,can_tapper18,2022-11-16 08:55:24.973195,2022-11-16 08:58:24.973195,8.241666666666665,0.044608,119.802363,1193561.269666,1440,313,356,//qar7000185/GP0_UPLOAD/BOXER/CYLOM\KZ-04-76_CP-14\20230523\can_Tapper18-11-16-08-56-24.pcap.gz
334,2022-11-16 09:24:40.746936,can_tapper18,2022-11-16 09:23:40.746936,2022-11-16 09:26:40.746936,8.816666666666666,59.965299,119.941549,1695.773741,2159,366,602,//qar7000185/GP0_UPLOAD/BOXER/CYLOM\KZ-04-76_CP-14\20230523\can_Tapper18-11-16-08-56-24.pcap.gz
335,2022-11-16 10:43:49.668787,can_tapper18,2022-11-16 10:42:49.668787,2022-11-16 10:45:49.668787,8.5,10.753152,119.881525,4748.921851,1569,317,305,//qar7000185/GP0_UPLOAD/BOXER/CYLOM\KZ-04-76_CP-14\20230523\can_Tapper18-11-16-10-43-38.pcap.gz
336,2022-11-18 16:24:25.384850,can_tapper18,2022-11-18 16:23:25.384850,2022-11-18 16:26:25.384850,2.85,18.208723,119.871423,193235.716063,1659,308,392,//qar7000185/GP0_UPLOAD/BOXER/CYLOM\KZ-04-76_CP-14\20230523\can_Tapper18-11-18-16-24-07.pcap.gz
337,2022-11-18 16:31:30.571745,can_tapper18,2022-11-18 16:30:30.571745,2022-11-18 16:33:30.571745,2.85,59.998669,119.9357,425.186895,1725,337,258,//qar7000185/GP0_UPLOAD/BOXER/CYLOM\KZ-04-76_CP-14\20230523\can_Tapper18-11-18-16-31-12.pcap.gz
338,2022-11-18 16:55:08.016461,can_tapper18,2022-11-18 16:54:08.016461,2022-11-18 16:57:08.016461,2.875,1.645329,119.928205,1417.444716,1461,353,422,//qar7000185/GP0_UPLOAD/BOXER/CYLOM\KZ-04-76_CP-14\20230523\can_Tapper18-11-18-16-55-06.pcap.gz
339,2022-11-19 07:59:47.961387,can_tapper18,2022-11-19 07:58:47.961387,2022-11-19 08:01:47.961387,-0.5,0.794824,119.812992,54279.944926,1449,317,428,//qar7000185/GP0_UPLOAD/BOXER/CYLOM\KZ-04-76_CP-14\20230523\can_Tapper18-11-19-07-59-46.pcap.gz
340,2022-11-19 09:06:37.911360,can_tapper18,2022-11-19 09:05:37.911360,2022-11-19 09:08:37.911360,-0.575,0.797992,119.787829,4009.949973,1449,337,483,//qar7000185/GP0_UPLOAD/BOXER/CYLOM\KZ-04-76_CP-14\20230523\can_Tapper18-11-19-09-06-36.pcap.gz
341,2022-11-19 14:38:20.769734,can_tapper18,2022-11-19 14:37:20.769734,2022-11-19 14:40:20.769734,4.933333333333333,59.844974,119.986875,19902.858374,2159,383,510,//qar7000185/GP0_UPLOAD/BOXER/CYLOM\KZ-04-76_CP-14\20230523\can_Tapper18-11-19-14-06-36.pcap.gz
342,2022-11-19 15:59:55.348966,can_tapper18,2022-11-19 15:58:55.348966,2022-11-19 16:01:55.348966,6.591666666666667,59.953525,119.96345,4894.579232,2160,351,475,//qar7000185/GP0_UPLOAD/BOXER/CYLOM\KZ-04-76_CP-14\20230523\can_Tapper18-11-19-15-06-36.pcap.gz
343,2022-11-20 07:51:50.534795,can_tapper18,2022-11-20 07:50:50.534795,2022-11-20 07:53:50.534795,11.85,59.933017,119.870849,57115.185829,2158,423,464,//qar7000185/GP0_UPLOAD/BOXER/CYLOM\KZ-04-76_CP-14\20230523\can_Tapper18-11-20-07-06-36.pcap.gz
344,2022-11-20 15:59:57.558063,can_tapper18,2022-11-20 15:58:57.558063,2022-11-20 16:01:57.558063,18.1,59.862126,119.969575,29287.023268,2158,455,561,//qar7000185/GP0_UPLOAD/BOXER/CYLOM\KZ-04-76_CP-14\20230523\can_Tapper18-11-20-15-06-36.pcap.gz
345,2022-11-21 08:12:40.007409,can_tapper18,2022-11-21 08:11:40.007409,2022-11-21 08:14:40.007409,15.208333333333332,59.832696,119.979479,58362.449346,2158,358,619,//qar7000185/GP0_UPLOAD/BOXER/CYLOM\KZ-04-76_CP-14\20230523\can_Tapper18-11-21-08-06-36.pcap.gz
346,2022-11-21 20:03:46.906676,can_tapper18,2022-11-21 20:02:46.906676,2022-11-21 20:05:46.906676,13.45,59.948728,119.94947,42666.899267,2160,345,367,//qar7000185/GP0_UPLOAD/BOXER/CYLOM\KZ-04-76_CP-14\20230523\can_Tapper18-11-21-19-06-36.pcap.gz
347,2022-11-24 10:33:38.941223,can_tapper18,2022-11-24 10:32:38.941223,2022-11-24 10:35:38.941223,11.45,59.84173,119.779044,224992.034547,2157,339,329,//qar7000185/GP0_UPLOAD/BOXER/CYLOM\KZ-04-76_CP-14\20230523\can_Tapper18-11-24-10-06-36.pcap.gz
348,2022-11-25 11:12:37.902354,can_tapper18,2022-11-25 11:11:37.902354,2022-11-25 11:14:37.902354,7.65,59.974622,119.863776,88738.961131,2159,342,370,//qar7000185/GP0_UPLOAD/BOXER/CYLOM\KZ-04-76_CP-14\20230523\can_Tapper18-11-25-11-06-36.pcap.gz
349,2022-11-27 15:36:10.333281,can_tapper18,2022-11-27 15:35:10.333281,2022-11-27 15:38:10.333281,4.975,59.956533,119.833753,188612.430927,2158,366,569,//qar7000185/GP0_UPLOAD/BOXER/CYLOM\KZ-04-76_CP-14\20230523\can_Tapper18-11-27-15-06-36.pcap.gz
350,2022-11-28 10:28:59.044867,can_tapper18,2022-11-28 10:27:59.044867,2022-11-28 10:30:59.044867,,0.108827,119.958059,67968.711586,1440,284,391,//qar7000185/GP0_UPLOAD/BOXER/CYLOM\KZ-04-76_CP-14\20230523\can_Tapper18-11-28-10-28-58.pcap.gz
351,2022-11-28 11:57:39.988053,can_tapper18,2022-11-28 11:56:39.988053,2022-11-28 11:59:39.988053,17.6,1.551104,119.795293,5320.943186,1458,303,351,//qar7000185/GP0_UPLOAD/BOXER/CYLOM\KZ-04-76_CP-14\20230523\can_Tapper18-11-28-11-57-38.pcap.gz
352,2022-12-02 11:33:04.073362,can_tapper18,2022-12-02 11:32:04.073362,2022-12-02 11:35:04.073362,-0.8666666666666666,1.387505,119.951765,344124.085309,1458,287,298,//qar7000185/GP0_UPLOAD/BOXER/CYLOM\KZ-04-76_CP-14\20230523\can_Tapper18-12-02-11-33-02.pcap.gz
353,2022-12-02 12:50:47.057513,can_tapper18,2022-12-02 12:49:47.057513,2022-12-02 12:52:47.057513,0.625,0.886258,119.943369,4662.984151,1452,324,490,//qar7000185/GP0_UPLOAD/BOXER/CYLOM\KZ-04-76_CP-14\20230523\can_Tapper18-12-02-12-50-45.pcap.gz
354,2022-12-06 09:30:14.892271,can_tapper18,2022-12-06 09:29:14.892271,2022-12-06 09:32:14.892271,2.175,13.810316,119.997712,333567.834758,1606,343,641,//qar7000185/GP0_UPLOAD/BOXER/CYLOM\KZ-04-76_CP-14\20230523\can_Tapper18-12-06-09-30-00.pcap.gz
355,2022-12-07 09:18:45.053455,can_tapper18,2022-12-07 09:17:45.053455,2022-12-07 09:20:45.053455,6.175,1.144447,119.966359,85710.161184,1455,312,346,//qar7000185/GP0_UPLOAD/BOXER/CYLOM\KZ-04-76_CP-14\20230523\can_Tapper18-12-07-09-18-43.pcap.gz
356,2022-12-07 14:49:36.044528,can_tapper18,2022-12-07 14:48:36.044528,2022-12-07 14:51:36.044528,7.9,59.932799,119.983118,19850.991073,2159,406,457,//qar7000185/GP0_UPLOAD/BOXER/CYLOM\KZ-04-76_CP-14\20230523\can_Tapper18-12-07-14-10-26.pcap.gz
357,2022-12-08 10:40:10.288930,can_tapper18,2022-12-08 10:39:10.288930,2022-12-08 10:42:10.288930,2.35,59.948775,119.878394,71434.244402,2160,422,444,//qar7000185/GP0_UPLOAD/BOXER/CYLOM\KZ-04-76_CP-14\20230523\can_Tapper18-12-08-10-10-26.pcap.gz
358,2022-12-08 11:00:15.143596,can_tapper18,2022-12-08 10:59:15.143596,2022-12-08 11:02:15.143596,7.0,59.982802,119.907254,1204.854666,2160,613,594,//qar7000185/GP0_UPLOAD/BOXER/CYLOM\KZ-04-76_CP-14\20230523\can_Tapper18-12-08-10-10-26.pcap.gz
359,2022-12-08 11:01:28.017494,can_tapper18,2022-12-08 11:00:28.017494,2022-12-08 11:03:28.017494,5.258333333333334,59.843159,119.991425,72.873898,2158,578,682,//qar7000185/GP0_UPLOAD/BOXER/CYLOM\KZ-04-76_CP-14\20230523\can_Tapper18-12-08-10-10-26.pcap.gz
360,2022-12-08 11:17:23.110967,can_tapper18,2022-12-08 11:16:23.110967,2022-12-08 11:19:23.110967,6.775,59.917716,119.965773,955.093473,2159,573,682,//qar7000185/GP0_UPLOAD/BOXER/CYLOM\KZ-04-76_CP-14\20230523\can_Tapper18-12-08-11-10-26.pcap.gz
361,2022-12-08 11:19:40.221847,can_tapper18,2022-12-08 11:18:40.221847,2022-12-08 11:21:40.221847,7.025,59.952046,119.953449,137.11088,2120,511,459,//qar7000185/GP0_UPLOAD/BOXER/CYLOM\KZ-04-76_CP-14\20230523\can_Tapper18-12-08-11-10-26.pcap.gz
362,2022-12-09 10:39:28.073833,can_tapper18,2022-12-09 10:38:28.073833,2022-12-09 10:41:28.073833,2.4,1.391388,119.9149,83987.851986,1458,333,431,//qar7000185/GP0_UPLOAD/BOXER/CYLOM\KZ-04-76_CP-14\20230523\can_Tapper18-12-09-10-39-26.pcap.gz
363,2022-12-09 10:46:21.433352,can_tapper18,2022-12-09 10:45:21.433352,2022-12-09 10:48:21.433352,2.45,59.84725,119.96603,413.359519,2158,471,480,//qar7000185/GP0_UPLOAD/BOXER/CYLOM\KZ-04-76_CP-14\20230523\can_Tapper18-12-09-10-39-26.pcap.gz
364,2023-02-03 11:12:32.867498,can_tapper18,2023-02-03 11:11:32.867498,2023-02-03 11:14:32.867498,5.833333333333334,1.28838,119.995593,4839971.434146,1455,272,328,//qar7000185/GP0_UPLOAD/BOXER/CYLOM\KZ-04-76_CP-14\20230523\can_Tapper18-02-03-11-12-31.pcap.gz
365,2023-02-07 09:33:20.650415,can_tapper18,2023-02-07 09:32:20.650415,2023-02-07 09:35:20.650415,1.5,59.861802,119.850894,339647.782917,1783,65,577,//qar7000185/GP0_UPLOAD/BOXER/CYLOM\KZ-04-76_CP-14\20230523\can_Tapper18-02-07-09-33-20.pcap.gz
366,2023-02-08 09:00:54.072191,can_tapper18,2023-02-08 08:59:54.072191,2023-02-08 09:02:54.072191,2.033333333333333,6.90327,119.942467,84453.421776,1524,274,568,//qar7000185/GP0_UPLOAD/BOXER/CYLOM\KZ-04-76_CP-14\20230523\can_Tapper18-02-08-09-00-46.pcap.gz
367,2023-02-09 10:48:42.227208,can_tapper18,2023-02-09 10:47:42.227208,2023-02-09 10:50:42.227208,6.7666666666666675,10.099807,119.999647,92868.155017,1563,276,430,//qar7000185/GP0_UPLOAD/BOXER/CYLOM\KZ-04-76_CP-14\20230523\can_Tapper18-02-09-10-48-31.pcap.gz
368,2023-02-20 09:08:08.177163,can_tapper18,2023-02-20 09:07:08.177163,2023-02-20 09:10:08.177163,5.8625,59.995991,119.80646,944365.949955,2158,344,459,//qar7000185/GP0_UPLOAD/BOXER/CYLOM\KZ-04-76_CP-14\20230523\can_Tapper18-02-20-09-06-26.pcap.gz
369,2023-02-21 10:04:55.157457,can_tapper18,2023-02-21 10:03:55.157457,2023-02-21 10:06:55.157457,,8.507056,119.829046,89806.980294,1542,337,445,//qar7000185/GP0_UPLOAD/BOXER/CYLOM\KZ-04-76_CP-14\20230523\can_Tapper18-02-21-10-04-46.pcap.gz
370,2023-02-23 07:41:57.065901,can_tapper18,2023-02-23 07:40:57.065901,2023-02-23 07:43:57.065901,2.85,1.386614,119.949466,164221.908444,1458,304,402,//qar7000185/GP0_UPLOAD/BOXER/CYLOM\KZ-04-76_CP-14\20230523\can_Tapper18-02-23-07-41-55.pcap.gz
371,2023-03-10 13:30:43.652974,can_tapper18,2023-03-10 13:29:43.652974,2023-03-10 13:32:43.652974,-0.675,28.239618,119.821017,1316926.587073,1779,295,412,//qar7000185/GP0_UPLOAD/BOXER/CYLOM\KZ-04-76_CP-14\20230523\can_Tapper18-03-10-13-30-15.pcap.gz
372,2023-03-10 14:06:44.075724,can_tapper18,2023-03-10 14:05:44.075724,2023-03-10 14:08:44.075724,6.425,59.949159,119.929039,2160.42275,1725,331,443,//qar7000185/GP0_UPLOAD/BOXER/CYLOM\KZ-04-76_CP-14\20230523\can_Tapper18-03-10-14-06-42.pcap.gz
373,2023-03-15 10:44:24.756724,can_tapper18,2023-03-15 10:43:24.756724,2023-03-15 10:46:24.756724,2.725,9.097248,119.981439,419860.681,1551,325,372,//qar7000185/GP0_UPLOAD/BOXER/CYLOM\KZ-04-76_CP-14\20230523\can_Tapper18-03-15-10-44-15.pcap.gz
374,2023-04-07 10:18:20.293971,can_tapper18,2023-04-07 10:17:20.293971,2023-04-07 10:20:20.293971,5.466666666666667,59.862554,119.962275,1985635.537247,2160,264,331,//qar7000185/GP0_UPLOAD/BOXER/CYLOM\KZ-04-76_CP-14\20230523\can_Tapper18-04-07-10-02-28.pcap.gz
375,2023-04-07 10:24:24.046491,can_tapper18,2023-04-07 10:23:24.046491,2023-04-07 10:26:24.046491,5.525,59.801771,119.811979,363.75252,2157,366,448,//qar7000185/GP0_UPLOAD/BOXER/CYLOM\KZ-04-76_CP-14\20230523\can_Tapper18-04-07-10-02-28.pcap.gz
376,2023-04-07 10:40:09.916642,can_tapper18,2023-04-07 10:39:09.916642,2023-04-07 10:42:09.916642,5.725,59.990162,119.889324,945.870151,2160,581,544,//qar7000185/GP0_UPLOAD/BOXER/CYLOM\KZ-04-76_CP-14\20230523\can_Tapper18-04-07-10-02-28.pcap.gz
377,2023-04-07 10:41:18.355136,can_tapper18,2023-04-07 10:40:18.355136,2023-04-07 10:43:18.355136,5.793333333333334,59.888094,119.972081,68.438494,2160,538,581,//qar7000185/GP0_UPLOAD/BOXER/CYLOM\KZ-04-76_CP-14\20230523\can_Tapper18-04-07-10-02-28.pcap.gz
378,2023-04-07 10:49:26.082027,can_tapper18,2023-04-07 10:48:26.082027,2023-04-07 10:51:26.082027,6.195,59.945329,119.948996,487.726891,2159,543,559,//qar7000185/GP0_UPLOAD/BOXER/CYLOM\KZ-04-76_CP-14\20230523\can_Tapper18-04-07-10-02-28.pcap.gz
379,2023-04-07 10:51:58.671115,can_tapper18,2023-04-07 10:50:58.671115,2023-04-07 10:53:58.671115,6.256666666666666,59.982251,119.982023,152.589088,2121,568,308,//qar7000185/GP0_UPLOAD/BOXER/CYLOM\KZ-04-76_CP-14\20230523\can_Tapper18-04-07-10-02-28.pcap.gz
380,2023-04-07 10:58:59.793520,can_tapper18,2023-04-07 10:57:59.793520,2023-04-07 11:00:59.793520,5.0,38.703405,119.893603,421.122405,1905,416,337,//qar7000185/GP0_UPLOAD/BOXER/CYLOM\KZ-04-76_CP-14\20230523\can_Tapper18-04-07-10-58-20.pcap.gz
381,2023-06-05 07:29:51.868848,can_tapper18,2023-06-05 07:28:51.868848,2023-06-05 07:31:51.868848,10.9,39.722046,119.87868,5085052.075328,3834,576,716,//Qar7000185/GP0_UPLOAD/BOXER/CYLOM/KZ-04-76_CP-14/20250227\can_Tapper18-06-05-07-29-11.pcap.gz
382,2023-06-05 07:29:51.868848,can_tapper18,2023-06-05 07:28:51.868848,2023-06-05 07:31:51.868848,10.9,39.722046,119.87868,0.0,3834,576,716,//qar7000185/GP0_UPLOAD/BOXER/CYLOM\KZ-04-76_CP-14\20250227\can_Tapper18-06-05-07-29-11.pcap.gz
383,2023-06-05 08:01:27.063017,can_tapper18,2023-06-05 08:00:27.063017,2023-06-05 08:03:27.063017,14.5,2.146123,119.956289,1895.194169,2934,538,834,//qar7000185/GP0_UPLOAD/BOXER/CYLOM\KZ-04-76_CP-14\20250227\can_Tapper18-06-05-08-01-24.pcap.gz
384,2023-06-05 08:01:27.063017,can_tapper18,2023-06-05 08:00:27.063017,2023-06-05 08:03:27.063017,14.5,2.146123,119.956289,0.0,2934,538,834,//Qar7000185/GP0_UPLOAD/BOXER/CYLOM/KZ-04-76_CP-14/20250227\can_Tapper18-06-05-08-01-24.pcap.gz
385,2023-06-22 10:42:52.355048,can_tapper18,2023-06-22 10:41:52.355048,2023-06-22 10:44:52.355048,19.57,59.915109,119.903349,1478485.292031,1833,23,347,//qar7000185/GP0_UPLOAD/BOXER/CYLOM\KZ-04-76_CP-14\20250227\can_Tapper18-06-22-10-42-36.pcap.gz
386,2023-06-22 11:23:03.243488,can_tapper18,2023-06-22 11:22:03.243488,2023-06-22 11:25:03.243488,19.625,59.9794,119.914986,2410.88844,1284,19,215,//qar7000185/GP0_UPLOAD/BOXER/CYLOM\KZ-04-76_CP-14\20250227\can_Tapper18-06-22-10-42-36.pcap.gz
387,2023-06-22 11:25:32.468497,can_tapper18,2023-06-22 11:24:32.468497,2023-06-22 11:27:32.468497,19.8,39.580494,119.970294,149.225009,1915,262,410,//qar7000185/GP0_UPLOAD/BOXER/CYLOM\KZ-04-76_CP-14\20250227\can_Tapper18-06-22-11-24-52.pcap.gz
388,2023-06-22 11:50:53.053107,can_tapper18,2023-06-22 11:49:53.053107,2023-06-22 11:52:53.053107,20.95,59.880839,119.964852,1520.58461,2159,267,408,//qar7000185/GP0_UPLOAD/BOXER/CYLOM\KZ-04-76_CP-14\20250227\can_Tapper18-06-22-11-24-52.pcap.gz
389,2023-06-22 11:56:55.647834,can_tapper18,2023-06-22 11:55:55.647834,2023-06-22 11:58:55.647834,21.175,15.25158,119.828731,362.594727,1623,161,375,//qar7000185/GP0_UPLOAD/BOXER/CYLOM\KZ-04-76_CP-14\20250227\can_Tapper18-06-22-11-56-40.pcap.gz
390,2023-06-22 14:04:26.798954,can_tapper18,2023-06-22 14:03:26.798954,2023-06-22 14:06:26.798954,23.09166666666667,40.21822,119.88599,7651.15112,1923,238,380,//qar7000185/GP0_UPLOAD/BOXER/CYLOM\KZ-04-76_CP-14\20250227\can_Tapper18-06-22-14-03-46.pcap.gz
391,2023-06-23 13:08:29.266091,can_tapper18,2023-06-23 13:07:29.266091,2023-06-23 13:10:29.266091,20.95,59.940701,119.958008,83042.467137,2160,364,447,//qar7000185/GP0_UPLOAD/BOXER/CYLOM\KZ-04-76_CP-14\20250227\can_Tapper18-06-23-12-47-04.pcap.gz
392,2023-06-23 15:02:28.774431,can_tapper18,2023-06-23 15:01:28.774431,2023-06-23 15:04:28.774431,21.35,34.712881,119.892925,6839.50834,1857,270,607,//qar7000185/GP0_UPLOAD/BOXER/CYLOM\KZ-04-76_CP-14\20250227\can_Tapper18-06-23-15-01-53.pcap.gz
393,2023-07-05 09:28:01.676397,can_tapper18,2023-07-05 09:27:01.676397,2023-07-05 09:30:01.676397,14.8,59.926805,119.933324,1016732.901966,2160,393,417,//qar7000185/GP0_UPLOAD/BOXER/CYLOM\KZ-04-76_CP-14\20250227\can_Tapper18-07-05-09-12-32.pcap.gz
394,2023-07-05 09:42:25.059828,can_tapper18,2023-07-05 09:41:25.059828,2023-07-05 09:44:25.059828,17.166666666666664,59.847466,119.975861,863.383431,2158,588,574,//qar7000185/GP0_UPLOAD/BOXER/CYLOM\KZ-04-76_CP-14\20250227\can_Tapper18-07-05-09-12-32.pcap.gz
395,2023-07-05 09:43:30.302969,can_tapper18,2023-07-05 09:42:30.302969,2023-07-05 09:45:30.302969,14.825,59.817329,119.993819,65.243141,2158,549,645,//qar7000185/GP0_UPLOAD/BOXER/CYLOM\KZ-04-76_CP-14\20250227\can_Tapper18-07-05-09-12-32.pcap.gz
396,2023-07-05 09:45:44.488967,can_tapper18,2023-07-05 09:44:44.488967,2023-07-05 09:47:44.488967,14.825,59.95338,119.957584,134.185998,2160,530,668,//qar7000185/GP0_UPLOAD/BOXER/CYLOM\KZ-04-76_CP-14\20250227\can_Tapper18-07-05-09-12-32.pcap.gz
397,2023-07-05 09:47:44.847563,can_tapper18,2023-07-05 09:46:44.847563,2023-07-05 09:49:44.847563,17.166666666666664,59.935821,109.268828,120.358596,1992,522,354,//qar7000185/GP0_UPLOAD/BOXER/CYLOM\KZ-04-76_CP-14\20250227\can_Tapper18-07-05-09-12-32.pcap.gz
398,2023-07-05 09:52:16.259332,can_tapper18,2023-07-05 09:51:16.259332,2023-07-05 09:54:16.259332,15.035,59.848474,120.000368,271.411769,2158,337,418,//qar7000185/GP0_UPLOAD/BOXER/CYLOM\KZ-04-76_CP-14\20250227\can_Tapper18-07-05-09-51-11.pcap.gz
399,2023-07-10 10:00:15.975724,can_tapper18,2023-07-10 09:59:15.975724,2023-07-10 10:02:15.975724,19.9,1.391809,119.99951,432479.716392,1458,313,430,//qar7000185/GP0_UPLOAD/BOXER/CYLOM\KZ-04-76_CP-14\20250227\can_Tapper18-07-10-10-00-14.pcap.gz
400,2023-07-10 12:32:01.031099,can_tapper18,2023-07-10 12:31:01.031099,2023-07-10 12:34:01.031099,22.35,0.648526,119.967231,9105.055375,1449,276,401,//qar7000185/GP0_UPLOAD/BOXER/CYLOM\KZ-04-76_CP-14\20250227\can_Tapper18-07-10-12-32-00.pcap.gz
401,2023-08-30 12:34:18.470888,can_tapper18,2023-08-30 12:33:18.470888,2023-08-30 12:36:18.470888,14.05,1.8957,119.907824,4406537.439789,1464,248,327,//qar7000185/GP0_UPLOAD/BOXER/CYLOM\KZ-04-76_CP-14\20250227\can_Tapper18-08-30-12-34-16.pcap.gz
402,2023-08-30 14:03:09.320825,can_tapper18,2023-08-30 14:02:09.320825,2023-08-30 14:05:09.320825,,7.914588,119.935844,5330.849937,1536,264,239,//qar7000185/GP0_UPLOAD/BOXER/CYLOM\KZ-04-76_CP-14\20250227\can_Tapper18-08-30-14-03-01.pcap.gz
403,2023-09-11 08:20:46.941818,can_tapper18,2023-09-11 08:19:46.941818,2023-09-11 08:22:46.941818,,21.79705,119.794202,1016257.620993,1701,276,330,//qar7000185/GP0_UPLOAD/BOXER/CYLOM\KZ-04-76_CP-14\20250227\can_Tapper18-09-11-08-20-24.pcap.gz
404,2023-09-11 08:53:58.312257,can_tapper18,2023-09-11 08:52:58.312257,2023-09-11 08:55:58.312257,23.566666666666666,59.98832,119.884604,1991.370439,2158,361,507,//qar7000185/GP0_UPLOAD/BOXER/CYLOM\KZ-04-76_CP-14\20250227\can_Tapper18-09-11-08-20-24.pcap.gz
405,2023-09-11 09:06:16.790860,can_tapper18,2023-09-11 09:05:16.790860,2023-09-11 09:08:16.790860,23.575,59.924999,119.927738,738.478603,2159,356,587,//qar7000185/GP0_UPLOAD/BOXER/CYLOM\KZ-04-76_CP-14\20250227\can_Tapper18-09-11-08-20-24.pcap.gz
406,2023-09-11 09:17:54.653468,can_tapper18,2023-09-11 09:16:54.653468,2023-09-11 09:19:54.653468,23.566666666666666,16.498519,101.322742,697.862608,1416,229,367,//qar7000185/GP0_UPLOAD/BOXER/CYLOM\KZ-04-76_CP-14\20250227\can_Tapper18-09-11-09-17-37.pcap.gz
