start_index,start_time,can_tapper_id,event_time,t_rel,event_label,source_subfunction,source_subsub,event_color
0,2021-12-14 08:17:36.075181,can_tapper12,2021-12-14 08:17:36.075181,0.0,Engine starting command,Engine Status,status,"rgb(228,26,28)"
0,2021-12-14 08:17:36.075181,can_tapper12,2021-12-14 08:17:33.769992,-2.305189,Glow plugs preheating,Engine Heater Glow Plugs Status,Engine Heater Glow Plugs,"rgb(228,26,28)"
0,2021-12-14 08:17:36.075181,can_tapper12,2021-12-14 08:17:37.724600,1.649419,Engine running command,Engine Status,status,"rgb(228,26,28)"
1,2021-12-14 08:17:36.075181,can_tapper12,2021-12-14 08:17:36.075181,0.0,Engine starting command,Engine Status,status,"rgb(55,126,184)"
1,2021-12-14 08:17:36.075181,can_tapper12,2021-12-14 08:17:33.769992,-2.305189,Glow plugs preheating,Engine Heater Glow Plugs Status,Engine Heater Glow Plugs,"rgb(55,126,184)"
1,2021-12-14 08:17:36.075181,can_tapper12,2021-12-14 08:17:37.724600,1.649419,Engine running command,Engine Status,status,"rgb(55,126,184)"
2,2021-12-14 08:31:17.620369,can_tapper12,2021-12-14 08:31:17.620369,0.0,Engine starting command,Engine Status,status,"rgb(77,175,74)"
2,2021-12-14 08:31:17.620369,can_tapper12,2021-12-14 08:31:15.516097,-2.104272,Glow plugs preheating,Engine Heater Glow Plugs Status,Engine Heater Glow Plugs,"rgb(77,175,74)"
2,2021-12-14 08:31:17.620369,can_tapper12,2021-12-14 08:31:19.253021,1.632652,Engine running command,Engine Status,status,"rgb(77,175,74)"
3,2021-12-14 08:31:17.620369,can_tapper12,2021-12-14 08:31:17.620369,0.0,Engine starting command,Engine Status,status,"rgb(152,78,163)"
3,2021-12-14 08:31:17.620369,can_tapper12,2021-12-14 08:31:15.516097,-2.104272,Glow plugs preheating,Engine Heater Glow Plugs Status,Engine Heater Glow Plugs,"rgb(152,78,163)"
3,2021-12-14 08:31:17.620369,can_tapper12,2021-12-14 08:31:19.253021,1.632652,Engine running command,Engine Status,status,"rgb(152,78,163)"
4,2021-12-14 09:21:19.585390,can_tapper12,2021-12-14 09:21:19.585390,0.0,Engine starting command,Engine Status,status,"rgb(255,127,0)"
4,2021-12-14 09:21:19.585390,can_tapper12,2021-12-14 09:21:17.575093,-2.010297,Glow plugs preheating,Engine Heater Glow Plugs Status,Engine Heater Glow Plugs,"rgb(255,127,0)"
4,2021-12-14 09:21:19.585390,can_tapper12,2021-12-14 09:21:21.631378,2.045988,Engine running command,Engine Status,status,"rgb(255,127,0)"
5,2021-12-14 09:21:19.585390,can_tapper12,2021-12-14 09:21:19.585390,0.0,Engine starting command,Engine Status,status,"rgb(255,255,51)"
5,2021-12-14 09:21:19.585390,can_tapper12,2021-12-14 09:21:17.575093,-2.010297,Glow plugs preheating,Engine Heater Glow Plugs Status,Engine Heater Glow Plugs,"rgb(255,255,51)"
5,2021-12-14 09:21:19.585390,can_tapper12,2021-12-14 09:21:21.631378,2.045988,Engine running command,Engine Status,status,"rgb(255,255,51)"
6,2021-12-15 14:27:46.719508,can_tapper12,2021-12-15 14:27:46.719508,0.0,Engine starting command,Engine Status,status,"rgb(166,86,40)"
6,2021-12-15 14:27:46.719508,can_tapper12,2021-12-15 14:27:44.514934,-2.204574,Glow plugs preheating,Engine Heater Glow Plugs Status,Engine Heater Glow Plugs,"rgb(166,86,40)"
6,2021-12-15 14:27:46.719508,can_tapper12,2021-12-15 14:27:48.899326,2.179818,Engine running command,Engine Status,status,"rgb(166,86,40)"
7,2021-12-15 14:27:46.719508,can_tapper12,2021-12-15 14:27:46.719508,0.0,Engine starting command,Engine Status,status,"rgb(247,129,191)"
7,2021-12-15 14:27:46.719508,can_tapper12,2021-12-15 14:27:44.514934,-2.204574,Glow plugs preheating,Engine Heater Glow Plugs Status,Engine Heater Glow Plugs,"rgb(247,129,191)"
7,2021-12-15 14:27:46.719508,can_tapper12,2021-12-15 14:27:48.899326,2.179818,Engine running command,Engine Status,status,"rgb(247,129,191)"
8,2021-12-23 15:42:33.204687,can_tapper12,2021-12-23 15:42:33.204687,0.0,Engine starting command,Engine Status,status,"rgb(153,153,153)"
8,2021-12-23 15:42:33.204687,can_tapper12,2021-12-23 15:42:33.511488,0.306801,Glow plugs preheating,Engine Heater Glow Plugs Status,Engine Heater Glow Plugs,"rgb(153,153,153)"
8,2021-12-23 15:42:33.204687,can_tapper12,2021-12-23 15:42:34.979844,1.775157,Engine running command,Engine Status,status,"rgb(153,153,153)"
9,2021-12-23 15:42:33.204687,can_tapper12,2021-12-23 15:42:33.204687,0.0,Engine starting command,Engine Status,status,"rgb(228,26,28)"
9,2021-12-23 15:42:33.204687,can_tapper12,2021-12-23 15:42:33.511488,0.306801,Glow plugs preheating,Engine Heater Glow Plugs Status,Engine Heater Glow Plugs,"rgb(228,26,28)"
9,2021-12-23 15:42:33.204687,can_tapper12,2021-12-23 15:42:34.979844,1.775157,Engine running command,Engine Status,status,"rgb(228,26,28)"
10,2021-12-27 11:11:57.243397,can_tapper12,2021-12-27 11:11:57.243397,0.0,Engine starting command,Engine Status,status,"rgb(55,126,184)"
10,2021-12-27 11:11:57.243397,can_tapper12,2021-12-27 11:11:56.468473,-0.774924,Glow plugs preheating,Engine Heater Glow Plugs Status,Engine Heater Glow Plugs,"rgb(55,126,184)"
10,2021-12-27 11:11:57.243397,can_tapper12,2021-12-27 11:11:59.285217,2.04182,Engine running command,Engine Status,status,"rgb(55,126,184)"
11,2021-12-27 11:11:57.243397,can_tapper12,2021-12-27 11:11:57.243397,0.0,Engine starting command,Engine Status,status,"rgb(77,175,74)"
11,2021-12-27 11:11:57.243397,can_tapper12,2021-12-27 11:11:56.468473,-0.774924,Glow plugs preheating,Engine Heater Glow Plugs Status,Engine Heater Glow Plugs,"rgb(77,175,74)"
11,2021-12-27 11:11:57.243397,can_tapper12,2021-12-27 11:11:59.285217,2.04182,Engine running command,Engine Status,status,"rgb(77,175,74)"
12,2021-12-27 11:14:36.856477,can_tapper12,2021-12-27 11:14:36.856477,0.0,Engine starting command,Engine Status,status,"rgb(152,78,163)"
12,2021-12-27 11:14:36.856477,can_tapper12,2021-12-27 11:14:37.168600,0.312123,Glow plugs preheating,Engine Heater Glow Plugs Status,Engine Heater Glow Plugs,"rgb(152,78,163)"
12,2021-12-27 11:14:36.856477,can_tapper12,2021-12-27 11:14:38.714232,1.857755,Engine running command,Engine Status,status,"rgb(152,78,163)"
13,2021-12-27 11:14:36.856477,can_tapper12,2021-12-27 11:14:36.856477,0.0,Engine starting command,Engine Status,status,"rgb(255,127,0)"
13,2021-12-27 11:14:36.856477,can_tapper12,2021-12-27 11:14:37.168600,0.312123,Glow plugs preheating,Engine Heater Glow Plugs Status,Engine Heater Glow Plugs,"rgb(255,127,0)"
13,2021-12-27 11:14:36.856477,can_tapper12,2021-12-27 11:14:38.714232,1.857755,Engine running command,Engine Status,status,"rgb(255,127,0)"
14,2021-12-27 11:42:58.968797,can_tapper12,2021-12-27 11:42:58.968797,0.0,Engine starting command,Engine Status,status,"rgb(255,255,51)"
14,2021-12-27 11:42:58.968797,can_tapper12,2021-12-27 11:42:59.264337,0.29554,Glow plugs preheating,Engine Heater Glow Plugs Status,Engine Heater Glow Plugs,"rgb(255,255,51)"
14,2021-12-27 11:42:58.968797,can_tapper12,2021-12-27 11:43:00.702741,1.733944,Engine running command,Engine Status,status,"rgb(255,255,51)"
15,2021-12-27 11:42:58.968797,can_tapper12,2021-12-27 11:42:58.968797,0.0,Engine starting command,Engine Status,status,"rgb(166,86,40)"
15,2021-12-27 11:42:58.968797,can_tapper12,2021-12-27 11:42:59.264337,0.29554,Glow plugs preheating,Engine Heater Glow Plugs Status,Engine Heater Glow Plugs,"rgb(166,86,40)"
15,2021-12-27 11:42:58.968797,can_tapper12,2021-12-27 11:43:00.702741,1.733944,Engine running command,Engine Status,status,"rgb(166,86,40)"
16,2021-12-27 12:05:07.233816,can_tapper12,2021-12-27 12:05:07.233816,0.0,Engine starting command,Engine Status,status,"rgb(247,129,191)"
16,2021-12-27 12:05:07.233816,can_tapper12,2021-12-27 12:04:58.528885,-8.704931,Glow plugs preheating,Engine Heater Glow Plugs Status,Engine Heater Glow Plugs,"rgb(247,129,191)"
16,2021-12-27 12:05:07.233816,can_tapper12,2021-12-27 12:05:07.537417,0.303601,Glow plugs preheating,Engine Heater Glow Plugs Status,Engine Heater Glow Plugs,"rgb(247,129,191)"
16,2021-12-27 12:05:07.233816,can_tapper12,2021-12-27 12:05:08.877760,1.643944,Engine running command,Engine Status,status,"rgb(247,129,191)"
16,2021-12-27 12:05:07.233816,can_tapper12,2021-12-27 12:06:20.879936,73.64612,Glow plugs preheating,Engine Heater Glow Plugs Status,Engine Heater Glow Plugs,"rgb(247,129,191)"
16,2021-12-27 12:05:07.233816,can_tapper12,2021-12-27 12:06:22.151283,74.917467,Engine running command,Engine Status,status,"rgb(247,129,191)"
17,2021-12-27 12:05:07.233816,can_tapper12,2021-12-27 12:05:07.233816,0.0,Engine starting command,Engine Status,status,"rgb(153,153,153)"
17,2021-12-27 12:05:07.233816,can_tapper12,2021-12-27 12:04:58.528885,-8.704931,Glow plugs preheating,Engine Heater Glow Plugs Status,Engine Heater Glow Plugs,"rgb(153,153,153)"
17,2021-12-27 12:05:07.233816,can_tapper12,2021-12-27 12:05:07.537417,0.303601,Glow plugs preheating,Engine Heater Glow Plugs Status,Engine Heater Glow Plugs,"rgb(153,153,153)"
17,2021-12-27 12:05:07.233816,can_tapper12,2021-12-27 12:05:08.877760,1.643944,Engine running command,Engine Status,status,"rgb(153,153,153)"
17,2021-12-27 12:05:07.233816,can_tapper12,2021-12-27 12:06:20.879936,73.64612,Glow plugs preheating,Engine Heater Glow Plugs Status,Engine Heater Glow Plugs,"rgb(153,153,153)"
17,2021-12-27 12:05:07.233816,can_tapper12,2021-12-27 12:06:22.151283,74.917467,Engine running command,Engine Status,status,"rgb(153,153,153)"
18,2021-12-27 12:06:20.567741,can_tapper12,2021-12-27 12:06:20.567741,0.0,Engine starting command,Engine Status,status,"rgb(228,26,28)"
18,2021-12-27 12:06:20.567741,can_tapper12,2021-12-27 12:06:20.879936,0.312195,Glow plugs preheating,Engine Heater Glow Plugs Status,Engine Heater Glow Plugs,"rgb(228,26,28)"
18,2021-12-27 12:06:20.567741,can_tapper12,2021-12-27 12:06:22.151283,1.583542,Engine running command,Engine Status,status,"rgb(228,26,28)"
18,2021-12-27 12:06:20.567741,can_tapper12,2021-12-27 12:07:17.499220,56.931479,Glow plugs preheating,Engine Heater Glow Plugs Status,Engine Heater Glow Plugs,"rgb(228,26,28)"
18,2021-12-27 12:06:20.567741,can_tapper12,2021-12-27 12:07:19.355696,58.787955,Engine running command,Engine Status,status,"rgb(228,26,28)"
19,2021-12-27 12:06:20.567741,can_tapper12,2021-12-27 12:06:20.567741,0.0,Engine starting command,Engine Status,status,"rgb(55,126,184)"
19,2021-12-27 12:06:20.567741,can_tapper12,2021-12-27 12:06:20.879936,0.312195,Glow plugs preheating,Engine Heater Glow Plugs Status,Engine Heater Glow Plugs,"rgb(55,126,184)"
19,2021-12-27 12:06:20.567741,can_tapper12,2021-12-27 12:06:22.151283,1.583542,Engine running command,Engine Status,status,"rgb(55,126,184)"
19,2021-12-27 12:06:20.567741,can_tapper12,2021-12-27 12:07:17.499220,56.931479,Glow plugs preheating,Engine Heater Glow Plugs Status,Engine Heater Glow Plugs,"rgb(55,126,184)"
19,2021-12-27 12:06:20.567741,can_tapper12,2021-12-27 12:07:19.355696,58.787955,Engine running command,Engine Status,status,"rgb(55,126,184)"
20,2021-12-27 12:07:17.277114,can_tapper12,2021-12-27 12:07:17.277114,0.0,Engine starting command,Engine Status,status,"rgb(77,175,74)"
20,2021-12-27 12:07:17.277114,can_tapper12,2021-12-27 12:06:20.879936,-56.397178,Glow plugs preheating,Engine Heater Glow Plugs Status,Engine Heater Glow Plugs,"rgb(77,175,74)"
20,2021-12-27 12:07:17.277114,can_tapper12,2021-12-27 12:06:22.151283,-55.125831,Engine running command,Engine Status,status,"rgb(77,175,74)"
20,2021-12-27 12:07:17.277114,can_tapper12,2021-12-27 12:07:17.499220,0.222106,Glow plugs preheating,Engine Heater Glow Plugs Status,Engine Heater Glow Plugs,"rgb(77,175,74)"
20,2021-12-27 12:07:17.277114,can_tapper12,2021-12-27 12:07:19.355696,2.078582,Engine running command,Engine Status,status,"rgb(77,175,74)"
21,2021-12-27 12:07:17.277114,can_tapper12,2021-12-27 12:07:17.277114,0.0,Engine starting command,Engine Status,status,"rgb(152,78,163)"
21,2021-12-27 12:07:17.277114,can_tapper12,2021-12-27 12:06:20.879936,-56.397178,Glow plugs preheating,Engine Heater Glow Plugs Status,Engine Heater Glow Plugs,"rgb(152,78,163)"
21,2021-12-27 12:07:17.277114,can_tapper12,2021-12-27 12:06:22.151283,-55.125831,Engine running command,Engine Status,status,"rgb(152,78,163)"
21,2021-12-27 12:07:17.277114,can_tapper12,2021-12-27 12:07:17.499220,0.222106,Glow plugs preheating,Engine Heater Glow Plugs Status,Engine Heater Glow Plugs,"rgb(152,78,163)"
21,2021-12-27 12:07:17.277114,can_tapper12,2021-12-27 12:07:19.355696,2.078582,Engine running command,Engine Status,status,"rgb(152,78,163)"
22,2021-12-27 12:19:24.863273,can_tapper12,2021-12-27 12:19:24.863273,0.0,Engine starting command,Engine Status,status,"rgb(255,127,0)"
22,2021-12-27 12:19:24.863273,can_tapper12,2021-12-27 12:19:25.197447,0.334174,Glow plugs preheating,Engine Heater Glow Plugs Status,Engine Heater Glow Plugs,"rgb(255,127,0)"
22,2021-12-27 12:19:24.863273,can_tapper12,2021-12-27 12:19:26.550372,1.687099,Engine running command,Engine Status,status,"rgb(255,127,0)"
23,2021-12-27 12:19:24.863273,can_tapper12,2021-12-27 12:19:24.863273,0.0,Engine starting command,Engine Status,status,"rgb(255,255,51)"
23,2021-12-27 12:19:24.863273,can_tapper12,2021-12-27 12:19:25.197447,0.334174,Glow plugs preheating,Engine Heater Glow Plugs Status,Engine Heater Glow Plugs,"rgb(255,255,51)"
23,2021-12-27 12:19:24.863273,can_tapper12,2021-12-27 12:19:26.550372,1.687099,Engine running command,Engine Status,status,"rgb(255,255,51)"
24,2021-12-28 10:43:34.660309,can_tapper12,2021-12-28 10:43:34.660309,0.0,Engine starting command,Engine Status,status,"rgb(166,86,40)"
24,2021-12-28 10:43:34.660309,can_tapper12,2021-12-28 10:43:35.075034,0.414725,Glow plugs preheating,Engine Heater Glow Plugs Status,Engine Heater Glow Plugs,"rgb(166,86,40)"
24,2021-12-28 10:43:34.660309,can_tapper12,2021-12-28 10:43:36.396565,1.736256,Engine running command,Engine Status,status,"rgb(166,86,40)"
25,2021-12-28 10:43:34.660309,can_tapper12,2021-12-28 10:43:34.660309,0.0,Engine starting command,Engine Status,status,"rgb(247,129,191)"
25,2021-12-28 10:43:34.660309,can_tapper12,2021-12-28 10:43:35.075034,0.414725,Glow plugs preheating,Engine Heater Glow Plugs Status,Engine Heater Glow Plugs,"rgb(247,129,191)"
25,2021-12-28 10:43:34.660309,can_tapper12,2021-12-28 10:43:36.396565,1.736256,Engine running command,Engine Status,status,"rgb(247,129,191)"
26,2021-12-28 10:57:56.466054,can_tapper12,2021-12-28 10:57:56.466054,0.0,Engine starting command,Engine Status,status,"rgb(153,153,153)"
26,2021-12-28 10:57:56.466054,can_tapper12,2021-12-28 10:57:56.764181,0.298127,Glow plugs preheating,Engine Heater Glow Plugs Status,Engine Heater Glow Plugs,"rgb(153,153,153)"
26,2021-12-28 10:57:56.466054,can_tapper12,2021-12-28 10:57:58.594918,2.128864,Engine running command,Engine Status,status,"rgb(153,153,153)"
27,2021-12-28 10:57:56.466054,can_tapper12,2021-12-28 10:57:56.466054,0.0,Engine starting command,Engine Status,status,"rgb(228,26,28)"
27,2021-12-28 10:57:56.466054,can_tapper12,2021-12-28 10:57:56.764181,0.298127,Glow plugs preheating,Engine Heater Glow Plugs Status,Engine Heater Glow Plugs,"rgb(228,26,28)"
27,2021-12-28 10:57:56.466054,can_tapper12,2021-12-28 10:57:58.594918,2.128864,Engine running command,Engine Status,status,"rgb(228,26,28)"
28,2021-12-28 11:03:28.295712,can_tapper12,2021-12-28 11:03:28.295712,0.0,Engine starting command,Engine Status,status,"rgb(55,126,184)"
28,2021-12-28 11:03:28.295712,can_tapper12,2021-12-28 11:03:28.503024,0.207312,Glow plugs preheating,Engine Heater Glow Plugs Status,Engine Heater Glow Plugs,"rgb(55,126,184)"
28,2021-12-28 11:03:28.295712,can_tapper12,2021-12-28 11:03:30.076210,1.780498,Engine running command,Engine Status,status,"rgb(55,126,184)"
29,2021-12-28 11:03:28.295712,can_tapper12,2021-12-28 11:03:28.295712,0.0,Engine starting command,Engine Status,status,"rgb(77,175,74)"
29,2021-12-28 11:03:28.295712,can_tapper12,2021-12-28 11:03:28.503024,0.207312,Glow plugs preheating,Engine Heater Glow Plugs Status,Engine Heater Glow Plugs,"rgb(77,175,74)"
29,2021-12-28 11:03:28.295712,can_tapper12,2021-12-28 11:03:30.076210,1.780498,Engine running command,Engine Status,status,"rgb(77,175,74)"
30,2021-12-28 11:27:11.505351,can_tapper12,2021-12-28 11:27:11.505351,0.0,Engine starting command,Engine Status,status,"rgb(152,78,163)"
30,2021-12-28 11:27:11.505351,can_tapper12,2021-12-28 11:27:09.298503,-2.206848,Glow plugs preheating,Engine Heater Glow Plugs Status,Engine Heater Glow Plugs,"rgb(152,78,163)"
30,2021-12-28 11:27:11.505351,can_tapper12,2021-12-28 11:27:13.154868,1.649517,Engine running command,Engine Status,status,"rgb(152,78,163)"
30,2021-12-28 11:27:11.505351,can_tapper12,2021-12-28 11:27:46.118003,34.612652,Glow plugs preheating,Engine Heater Glow Plugs Status,Engine Heater Glow Plugs,"rgb(152,78,163)"
30,2021-12-28 11:27:11.505351,can_tapper12,2021-12-28 11:27:47.042999,35.537648,Engine running command,Engine Status,status,"rgb(152,78,163)"
30,2021-12-28 11:27:11.505351,can_tapper12,2021-12-28 11:28:52.342054,100.836703,Glow plugs preheating,Engine Heater Glow Plugs Status,Engine Heater Glow Plugs,"rgb(152,78,163)"
30,2021-12-28 11:27:11.505351,can_tapper12,2021-12-28 11:28:56.300183,104.794832,Engine running command,Engine Status,status,"rgb(152,78,163)"
31,2021-12-28 11:27:11.505351,can_tapper12,2021-12-28 11:27:11.505351,0.0,Engine starting command,Engine Status,status,"rgb(255,127,0)"
31,2021-12-28 11:27:11.505351,can_tapper12,2021-12-28 11:27:09.298503,-2.206848,Glow plugs preheating,Engine Heater Glow Plugs Status,Engine Heater Glow Plugs,"rgb(255,127,0)"
31,2021-12-28 11:27:11.505351,can_tapper12,2021-12-28 11:27:13.154868,1.649517,Engine running command,Engine Status,status,"rgb(255,127,0)"
31,2021-12-28 11:27:11.505351,can_tapper12,2021-12-28 11:27:46.118003,34.612652,Glow plugs preheating,Engine Heater Glow Plugs Status,Engine Heater Glow Plugs,"rgb(255,127,0)"
31,2021-12-28 11:27:11.505351,can_tapper12,2021-12-28 11:27:47.042999,35.537648,Engine running command,Engine Status,status,"rgb(255,127,0)"
31,2021-12-28 11:27:11.505351,can_tapper12,2021-12-28 11:28:52.342054,100.836703,Glow plugs preheating,Engine Heater Glow Plugs Status,Engine Heater Glow Plugs,"rgb(255,127,0)"
31,2021-12-28 11:27:11.505351,can_tapper12,2021-12-28 11:28:56.300183,104.794832,Engine running command,Engine Status,status,"rgb(255,127,0)"
32,2021-12-28 11:27:45.720153,can_tapper12,2021-12-28 11:27:45.720153,0.0,Engine starting command,Engine Status,status,"rgb(255,255,51)"
32,2021-12-28 11:27:45.720153,can_tapper12,2021-12-28 11:27:09.298503,-36.42165,Glow plugs preheating,Engine Heater Glow Plugs Status,Engine Heater Glow Plugs,"rgb(255,255,51)"
32,2021-12-28 11:27:45.720153,can_tapper12,2021-12-28 11:27:13.154868,-32.565285,Engine running command,Engine Status,status,"rgb(255,255,51)"
32,2021-12-28 11:27:45.720153,can_tapper12,2021-12-28 11:27:46.118003,0.39785,Glow plugs preheating,Engine Heater Glow Plugs Status,Engine Heater Glow Plugs,"rgb(255,255,51)"
32,2021-12-28 11:27:45.720153,can_tapper12,2021-12-28 11:27:47.042999,1.322846,Engine running command,Engine Status,status,"rgb(255,255,51)"
32,2021-12-28 11:27:45.720153,can_tapper12,2021-12-28 11:28:52.342054,66.621901,Glow plugs preheating,Engine Heater Glow Plugs Status,Engine Heater Glow Plugs,"rgb(255,255,51)"
32,2021-12-28 11:27:45.720153,can_tapper12,2021-12-28 11:28:56.300183,70.58003,Engine running command,Engine Status,status,"rgb(255,255,51)"
33,2021-12-28 11:27:45.720153,can_tapper12,2021-12-28 11:27:45.720153,0.0,Engine starting command,Engine Status,status,"rgb(166,86,40)"
33,2021-12-28 11:27:45.720153,can_tapper12,2021-12-28 11:27:09.298503,-36.42165,Glow plugs preheating,Engine Heater Glow Plugs Status,Engine Heater Glow Plugs,"rgb(166,86,40)"
33,2021-12-28 11:27:45.720153,can_tapper12,2021-12-28 11:27:13.154868,-32.565285,Engine running command,Engine Status,status,"rgb(166,86,40)"
33,2021-12-28 11:27:45.720153,can_tapper12,2021-12-28 11:27:46.118003,0.39785,Glow plugs preheating,Engine Heater Glow Plugs Status,Engine Heater Glow Plugs,"rgb(166,86,40)"
33,2021-12-28 11:27:45.720153,can_tapper12,2021-12-28 11:27:47.042999,1.322846,Engine running command,Engine Status,status,"rgb(166,86,40)"
33,2021-12-28 11:27:45.720153,can_tapper12,2021-12-28 11:28:52.342054,66.621901,Glow plugs preheating,Engine Heater Glow Plugs Status,Engine Heater Glow Plugs,"rgb(166,86,40)"
33,2021-12-28 11:27:45.720153,can_tapper12,2021-12-28 11:28:56.300183,70.58003,Engine running command,Engine Status,status,"rgb(166,86,40)"
34,2021-12-28 11:28:54.549078,can_tapper12,2021-12-28 11:28:54.549078,0.0,Engine starting command,Engine Status,status,"rgb(247,129,191)"
34,2021-12-28 11:28:54.549078,can_tapper12,2021-12-28 11:28:52.342054,-2.207024,Glow plugs preheating,Engine Heater Glow Plugs Status,Engine Heater Glow Plugs,"rgb(247,129,191)"
34,2021-12-28 11:28:54.549078,can_tapper12,2021-12-28 11:28:56.300183,1.751105,Engine running command,Engine Status,status,"rgb(247,129,191)"
35,2021-12-28 11:28:54.549078,can_tapper12,2021-12-28 11:28:54.549078,0.0,Engine starting command,Engine Status,status,"rgb(153,153,153)"
35,2021-12-28 11:28:54.549078,can_tapper12,2021-12-28 11:28:52.342054,-2.207024,Glow plugs preheating,Engine Heater Glow Plugs Status,Engine Heater Glow Plugs,"rgb(153,153,153)"
35,2021-12-28 11:28:54.549078,can_tapper12,2021-12-28 11:28:56.300183,1.751105,Engine running command,Engine Status,status,"rgb(153,153,153)"
36,2021-12-28 11:35:39.715205,can_tapper12,2021-12-28 11:35:39.715205,0.0,Engine starting command,Engine Status,status,"rgb(228,26,28)"
36,2021-12-28 11:35:39.715205,can_tapper12,2021-12-28 11:35:37.508872,-2.206333,Glow plugs preheating,Engine Heater Glow Plugs Status,Engine Heater Glow Plugs,"rgb(228,26,28)"
36,2021-12-28 11:35:39.715205,can_tapper12,2021-12-28 11:35:41.319743,1.604538,Engine running command,Engine Status,status,"rgb(228,26,28)"
37,2021-12-28 11:35:39.715205,can_tapper12,2021-12-28 11:35:39.715205,0.0,Engine starting command,Engine Status,status,"rgb(55,126,184)"
37,2021-12-28 11:35:39.715205,can_tapper12,2021-12-28 11:35:37.508872,-2.206333,Glow plugs preheating,Engine Heater Glow Plugs Status,Engine Heater Glow Plugs,"rgb(55,126,184)"
37,2021-12-28 11:35:39.715205,can_tapper12,2021-12-28 11:35:41.319743,1.604538,Engine running command,Engine Status,status,"rgb(55,126,184)"
38,2021-12-28 11:48:05.163353,can_tapper12,2021-12-28 11:48:05.163353,0.0,Engine starting command,Engine Status,status,"rgb(77,175,74)"
38,2021-12-28 11:48:05.163353,can_tapper12,2021-12-28 11:48:05.483301,0.319948,Glow plugs preheating,Engine Heater Glow Plugs Status,Engine Heater Glow Plugs,"rgb(77,175,74)"
38,2021-12-28 11:48:05.163353,can_tapper12,2021-12-28 11:48:06.541250,1.377897,Engine running command,Engine Status,status,"rgb(77,175,74)"
39,2021-12-28 11:48:05.163353,can_tapper12,2021-12-28 11:48:05.163353,0.0,Engine starting command,Engine Status,status,"rgb(152,78,163)"
39,2021-12-28 11:48:05.163353,can_tapper12,2021-12-28 11:48:05.483301,0.319948,Glow plugs preheating,Engine Heater Glow Plugs Status,Engine Heater Glow Plugs,"rgb(152,78,163)"
39,2021-12-28 11:48:05.163353,can_tapper12,2021-12-28 11:48:06.541250,1.377897,Engine running command,Engine Status,status,"rgb(152,78,163)"
40,2021-12-28 12:02:16.636348,can_tapper12,2021-12-28 12:02:16.636348,0.0,Engine starting command,Engine Status,status,"rgb(255,127,0)"
40,2021-12-28 12:02:16.636348,can_tapper12,2021-12-28 12:02:16.960671,0.324323,Glow plugs preheating,Engine Heater Glow Plugs Status,Engine Heater Glow Plugs,"rgb(255,127,0)"
40,2021-12-28 12:02:16.636348,can_tapper12,2021-12-28 12:02:18.449272,1.812924,Engine running command,Engine Status,status,"rgb(255,127,0)"
41,2021-12-28 12:02:16.636348,can_tapper12,2021-12-28 12:02:16.636348,0.0,Engine starting command,Engine Status,status,"rgb(255,255,51)"
41,2021-12-28 12:02:16.636348,can_tapper12,2021-12-28 12:02:16.960671,0.324323,Glow plugs preheating,Engine Heater Glow Plugs Status,Engine Heater Glow Plugs,"rgb(255,255,51)"
41,2021-12-28 12:02:16.636348,can_tapper12,2021-12-28 12:02:18.449272,1.812924,Engine running command,Engine Status,status,"rgb(255,255,51)"
42,2021-12-28 12:05:06.851487,can_tapper12,2021-12-28 12:05:06.851487,0.0,Engine starting command,Engine Status,status,"rgb(166,86,40)"
42,2021-12-28 12:05:06.851487,can_tapper12,2021-12-28 12:05:07.225899,0.374412,Glow plugs preheating,Engine Heater Glow Plugs Status,Engine Heater Glow Plugs,"rgb(166,86,40)"
42,2021-12-28 12:05:06.851487,can_tapper12,2021-12-28 12:05:08.333817,1.48233,Engine running command,Engine Status,status,"rgb(166,86,40)"
43,2021-12-28 12:05:06.851487,can_tapper12,2021-12-28 12:05:06.851487,0.0,Engine starting command,Engine Status,status,"rgb(247,129,191)"
43,2021-12-28 12:05:06.851487,can_tapper12,2021-12-28 12:05:07.225899,0.374412,Glow plugs preheating,Engine Heater Glow Plugs Status,Engine Heater Glow Plugs,"rgb(247,129,191)"
43,2021-12-28 12:05:06.851487,can_tapper12,2021-12-28 12:05:08.333817,1.48233,Engine running command,Engine Status,status,"rgb(247,129,191)"
44,2021-12-29 14:09:35.315527,can_tapper12,2021-12-29 14:09:35.315527,0.0,Engine starting command,Engine Status,status,"rgb(153,153,153)"
44,2021-12-29 14:09:35.315527,can_tapper12,2021-12-29 14:09:35.599759,0.284232,Glow plugs preheating,Engine Heater Glow Plugs Status,Engine Heater Glow Plugs,"rgb(153,153,153)"
44,2021-12-29 14:09:35.315527,can_tapper12,2021-12-29 14:09:36.696729,1.381202,Engine running command,Engine Status,status,"rgb(153,153,153)"
45,2021-12-29 14:09:35.315527,can_tapper12,2021-12-29 14:09:35.315527,0.0,Engine starting command,Engine Status,status,"rgb(228,26,28)"
45,2021-12-29 14:09:35.315527,can_tapper12,2021-12-29 14:09:35.599759,0.284232,Glow plugs preheating,Engine Heater Glow Plugs Status,Engine Heater Glow Plugs,"rgb(228,26,28)"
45,2021-12-29 14:09:35.315527,can_tapper12,2021-12-29 14:09:36.696729,1.381202,Engine running command,Engine Status,status,"rgb(228,26,28)"
46,2022-01-06 09:39:46.165138,can_tapper12,2022-01-06 09:39:46.165138,0.0,Engine starting command,Engine Status,status,"rgb(55,126,184)"
46,2022-01-06 09:39:46.165138,can_tapper12,2022-01-06 09:39:43.960161,-2.204977,Glow plugs preheating,Engine Heater Glow Plugs Status,Engine Heater Glow Plugs,"rgb(55,126,184)"
46,2022-01-06 09:39:46.165138,can_tapper12,2022-01-06 09:39:48.022630,1.857492,Engine running command,Engine Status,status,"rgb(55,126,184)"
47,2022-01-06 09:39:46.165138,can_tapper12,2022-01-06 09:39:46.165138,0.0,Engine starting command,Engine Status,status,"rgb(77,175,74)"
47,2022-01-06 09:39:46.165138,can_tapper12,2022-01-06 09:39:43.960161,-2.204977,Glow plugs preheating,Engine Heater Glow Plugs Status,Engine Heater Glow Plugs,"rgb(77,175,74)"
47,2022-01-06 09:39:46.165138,can_tapper12,2022-01-06 09:39:48.022630,1.857492,Engine running command,Engine Status,status,"rgb(77,175,74)"
48,2022-01-06 13:29:50.056964,can_tapper12,2022-01-06 13:29:50.056964,0.0,Engine starting command,Engine Status,status,"rgb(152,78,163)"
48,2022-01-06 13:29:50.056964,can_tapper12,2022-01-06 13:29:47.752872,-2.304092,Glow plugs preheating,Engine Heater Glow Plugs Status,Engine Heater Glow Plugs,"rgb(152,78,163)"
48,2022-01-06 13:29:50.056964,can_tapper12,2022-01-06 13:29:51.719958,1.662994,Engine running command,Engine Status,status,"rgb(152,78,163)"
49,2022-01-06 13:29:50.056964,can_tapper12,2022-01-06 13:29:50.056964,0.0,Engine starting command,Engine Status,status,"rgb(255,127,0)"
49,2022-01-06 13:29:50.056964,can_tapper12,2022-01-06 13:29:47.752872,-2.304092,Glow plugs preheating,Engine Heater Glow Plugs Status,Engine Heater Glow Plugs,"rgb(255,127,0)"
49,2022-01-06 13:29:50.056964,can_tapper12,2022-01-06 13:29:51.719958,1.662994,Engine running command,Engine Status,status,"rgb(255,127,0)"
50,2022-01-06 14:05:14.611506,can_tapper12,2022-01-06 14:05:14.611506,0.0,Engine starting command,Engine Status,status,"rgb(255,255,51)"
50,2022-01-06 14:05:14.611506,can_tapper12,2022-01-06 14:05:12.308482,-2.303024,Glow plugs preheating,Engine Heater Glow Plugs Status,Engine Heater Glow Plugs,"rgb(255,255,51)"
50,2022-01-06 14:05:14.611506,can_tapper12,2022-01-06 14:05:16.072631,1.461125,Engine running command,Engine Status,status,"rgb(255,255,51)"
51,2022-01-06 14:05:14.611506,can_tapper12,2022-01-06 14:05:14.611506,0.0,Engine starting command,Engine Status,status,"rgb(166,86,40)"
51,2022-01-06 14:05:14.611506,can_tapper12,2022-01-06 14:05:12.308482,-2.303024,Glow plugs preheating,Engine Heater Glow Plugs Status,Engine Heater Glow Plugs,"rgb(166,86,40)"
51,2022-01-06 14:05:14.611506,can_tapper12,2022-01-06 14:05:16.072631,1.461125,Engine running command,Engine Status,status,"rgb(166,86,40)"
52,2022-01-13 11:47:41.098926,can_tapper12,2022-01-13 11:47:41.098926,0.0,Engine starting command,Engine Status,status,"rgb(247,129,191)"
52,2022-01-13 11:47:41.098926,can_tapper12,2022-01-13 11:47:38.895034,-2.203892,Glow plugs preheating,Engine Heater Glow Plugs Status,Engine Heater Glow Plugs,"rgb(247,129,191)"
52,2022-01-13 11:47:41.098926,can_tapper12,2022-01-13 11:47:43.407827,2.308901,Engine running command,Engine Status,status,"rgb(247,129,191)"
53,2022-01-13 11:47:41.098926,can_tapper12,2022-01-13 11:47:41.098926,0.0,Engine starting command,Engine Status,status,"rgb(153,153,153)"
53,2022-01-13 11:47:41.098926,can_tapper12,2022-01-13 11:47:38.895034,-2.203892,Glow plugs preheating,Engine Heater Glow Plugs Status,Engine Heater Glow Plugs,"rgb(153,153,153)"
53,2022-01-13 11:47:41.098926,can_tapper12,2022-01-13 11:47:43.407827,2.308901,Engine running command,Engine Status,status,"rgb(153,153,153)"
54,2022-01-20 09:03:34.882644,can_tapper12,2022-01-20 09:03:34.882644,0.0,Engine starting command,Engine Status,status,"rgb(228,26,28)"
54,2022-01-20 09:03:34.882644,can_tapper12,2022-01-20 09:03:32.579847,-2.302797,Glow plugs preheating,Engine Heater Glow Plugs Status,Engine Heater Glow Plugs,"rgb(228,26,28)"
54,2022-01-20 09:03:34.882644,can_tapper12,2022-01-20 09:03:37.022267,2.139623,Engine running command,Engine Status,status,"rgb(228,26,28)"
55,2022-01-20 09:03:34.882644,can_tapper12,2022-01-20 09:03:34.882644,0.0,Engine starting command,Engine Status,status,"rgb(55,126,184)"
55,2022-01-20 09:03:34.882644,can_tapper12,2022-01-20 09:03:32.579847,-2.302797,Glow plugs preheating,Engine Heater Glow Plugs Status,Engine Heater Glow Plugs,"rgb(55,126,184)"
55,2022-01-20 09:03:34.882644,can_tapper12,2022-01-20 09:03:37.022267,2.139623,Engine running command,Engine Status,status,"rgb(55,126,184)"
56,2022-01-25 11:39:09.026367,can_tapper12,2022-01-25 11:39:09.026367,0.0,Engine starting command,Engine Status,status,"rgb(77,175,74)"
56,2022-01-25 11:39:09.026367,can_tapper12,2022-01-25 11:39:06.721805,-2.304562,Glow plugs preheating,Engine Heater Glow Plugs Status,Engine Heater Glow Plugs,"rgb(77,175,74)"
56,2022-01-25 11:39:09.026367,can_tapper12,2022-01-25 11:39:10.974198,1.947831,Engine running command,Engine Status,status,"rgb(77,175,74)"
57,2022-01-25 11:39:09.026367,can_tapper12,2022-01-25 11:39:09.026367,0.0,Engine starting command,Engine Status,status,"rgb(152,78,163)"
57,2022-01-25 11:39:09.026367,can_tapper12,2022-01-25 11:39:06.721805,-2.304562,Glow plugs preheating,Engine Heater Glow Plugs Status,Engine Heater Glow Plugs,"rgb(152,78,163)"
57,2022-01-25 11:39:09.026367,can_tapper12,2022-01-25 11:39:10.974198,1.947831,Engine running command,Engine Status,status,"rgb(152,78,163)"
58,2022-01-25 12:35:55.661564,can_tapper12,2022-01-25 12:35:55.661564,0.0,Engine starting command,Engine Status,status,"rgb(255,127,0)"
58,2022-01-25 12:35:55.661564,can_tapper12,2022-01-25 12:35:53.555357,-2.106207,Glow plugs preheating,Engine Heater Glow Plugs Status,Engine Heater Glow Plugs,"rgb(255,127,0)"
58,2022-01-25 12:35:55.661564,can_tapper12,2022-01-25 12:35:57.017010,1.355446,Engine running command,Engine Status,status,"rgb(255,127,0)"
59,2022-01-25 12:35:55.661564,can_tapper12,2022-01-25 12:35:55.661564,0.0,Engine starting command,Engine Status,status,"rgb(255,255,51)"
59,2022-01-25 12:35:55.661564,can_tapper12,2022-01-25 12:35:53.555357,-2.106207,Glow plugs preheating,Engine Heater Glow Plugs Status,Engine Heater Glow Plugs,"rgb(255,255,51)"
59,2022-01-25 12:35:55.661564,can_tapper12,2022-01-25 12:35:57.017010,1.355446,Engine running command,Engine Status,status,"rgb(255,255,51)"
60,2022-01-26 07:47:22.645710,can_tapper12,2022-01-26 07:47:22.645710,0.0,Engine starting command,Engine Status,status,"rgb(166,86,40)"
60,2022-01-26 07:47:22.645710,can_tapper12,2022-01-26 07:47:21.770718,-0.874992,Glow plugs preheating,Engine Heater Glow Plugs Status,Engine Heater Glow Plugs,"rgb(166,86,40)"
60,2022-01-26 07:47:22.645710,can_tapper12,2022-01-26 07:47:24.372510,1.7268,Engine running command,Engine Status,status,"rgb(166,86,40)"
61,2022-01-26 07:47:22.645710,can_tapper12,2022-01-26 07:47:22.645710,0.0,Engine starting command,Engine Status,status,"rgb(247,129,191)"
61,2022-01-26 07:47:22.645710,can_tapper12,2022-01-26 07:47:21.770718,-0.874992,Glow plugs preheating,Engine Heater Glow Plugs Status,Engine Heater Glow Plugs,"rgb(247,129,191)"
61,2022-01-26 07:47:22.645710,can_tapper12,2022-01-26 07:47:24.372510,1.7268,Engine running command,Engine Status,status,"rgb(247,129,191)"
62,2022-01-26 09:14:28.856923,can_tapper12,2022-01-26 09:14:28.856923,0.0,Engine starting command,Engine Status,status,"rgb(153,153,153)"
62,2022-01-26 09:14:28.856923,can_tapper12,2022-01-26 09:14:29.289295,0.432372,Glow plugs preheating,Engine Heater Glow Plugs Status,Engine Heater Glow Plugs,"rgb(153,153,153)"
62,2022-01-26 09:14:28.856923,can_tapper12,2022-01-26 09:14:30.808501,1.951578,Engine running command,Engine Status,status,"rgb(153,153,153)"
63,2022-01-26 09:14:28.856923,can_tapper12,2022-01-26 09:14:28.856923,0.0,Engine starting command,Engine Status,status,"rgb(228,26,28)"
63,2022-01-26 09:14:28.856923,can_tapper12,2022-01-26 09:14:29.289295,0.432372,Glow plugs preheating,Engine Heater Glow Plugs Status,Engine Heater Glow Plugs,"rgb(228,26,28)"
63,2022-01-26 09:14:28.856923,can_tapper12,2022-01-26 09:14:30.808501,1.951578,Engine running command,Engine Status,status,"rgb(228,26,28)"
64,2022-01-27 07:57:31.578628,can_tapper12,2022-01-27 07:57:31.578628,0.0,Engine starting command,Engine Status,status,"rgb(55,126,184)"
64,2022-01-27 07:57:31.578628,can_tapper12,2022-01-27 07:57:29.272970,-2.305658,Glow plugs preheating,Engine Heater Glow Plugs Status,Engine Heater Glow Plugs,"rgb(55,126,184)"
64,2022-01-27 07:57:31.578628,can_tapper12,2022-01-27 07:57:33.453854,1.875226,Engine running command,Engine Status,status,"rgb(55,126,184)"
65,2022-01-27 07:57:31.578628,can_tapper12,2022-01-27 07:57:31.578628,0.0,Engine starting command,Engine Status,status,"rgb(77,175,74)"
65,2022-01-27 07:57:31.578628,can_tapper12,2022-01-27 07:57:29.272970,-2.305658,Glow plugs preheating,Engine Heater Glow Plugs Status,Engine Heater Glow Plugs,"rgb(77,175,74)"
65,2022-01-27 07:57:31.578628,can_tapper12,2022-01-27 07:57:33.453854,1.875226,Engine running command,Engine Status,status,"rgb(77,175,74)"
66,2022-01-27 09:41:44.446270,can_tapper12,2022-01-27 09:41:44.446270,0.0,Engine starting command,Engine Status,status,"rgb(152,78,163)"
66,2022-01-27 09:41:44.446270,can_tapper12,2022-01-27 09:41:44.744893,0.298623,Glow plugs preheating,Engine Heater Glow Plugs Status,Engine Heater Glow Plugs,"rgb(152,78,163)"
66,2022-01-27 09:41:44.446270,can_tapper12,2022-01-27 09:41:45.850494,1.404224,Engine running command,Engine Status,status,"rgb(152,78,163)"
67,2022-01-27 09:41:44.446270,can_tapper12,2022-01-27 09:41:44.446270,0.0,Engine starting command,Engine Status,status,"rgb(255,127,0)"
67,2022-01-27 09:41:44.446270,can_tapper12,2022-01-27 09:41:44.744893,0.298623,Glow plugs preheating,Engine Heater Glow Plugs Status,Engine Heater Glow Plugs,"rgb(255,127,0)"
67,2022-01-27 09:41:44.446270,can_tapper12,2022-01-27 09:41:45.850494,1.404224,Engine running command,Engine Status,status,"rgb(255,127,0)"
68,2022-01-27 10:29:27.977188,can_tapper12,2022-01-27 10:29:27.977188,0.0,Engine starting command,Engine Status,status,"rgb(255,255,51)"
68,2022-01-27 10:29:27.977188,can_tapper12,2022-01-27 10:29:28.374238,0.39705,Glow plugs preheating,Engine Heater Glow Plugs Status,Engine Heater Glow Plugs,"rgb(255,255,51)"
68,2022-01-27 10:29:27.977188,can_tapper12,2022-01-27 10:29:29.467429,1.490241,Engine running command,Engine Status,status,"rgb(255,255,51)"
69,2022-01-27 10:29:27.977188,can_tapper12,2022-01-27 10:29:27.977188,0.0,Engine starting command,Engine Status,status,"rgb(166,86,40)"
69,2022-01-27 10:29:27.977188,can_tapper12,2022-01-27 10:29:28.374238,0.39705,Glow plugs preheating,Engine Heater Glow Plugs Status,Engine Heater Glow Plugs,"rgb(166,86,40)"
69,2022-01-27 10:29:27.977188,can_tapper12,2022-01-27 10:29:29.467429,1.490241,Engine running command,Engine Status,status,"rgb(166,86,40)"
70,2022-03-14 08:48:46.963280,can_tapper12,2022-03-14 08:48:46.963280,0.0,Engine starting command,Engine Status,status,"rgb(247,129,191)"
70,2022-03-14 08:48:46.963280,can_tapper12,2022-03-14 08:48:44.659505,-2.303775,Glow plugs preheating,Engine Heater Glow Plugs Status,Engine Heater Glow Plugs,"rgb(247,129,191)"
70,2022-03-14 08:48:46.963280,can_tapper12,2022-03-14 08:48:48.557735,1.594455,Engine running command,Engine Status,status,"rgb(247,129,191)"
71,2022-03-14 08:48:46.963280,can_tapper12,2022-03-14 08:48:46.963280,0.0,Engine starting command,Engine Status,status,"rgb(153,153,153)"
71,2022-03-14 08:48:46.963280,can_tapper12,2022-03-14 08:48:44.659505,-2.303775,Glow plugs preheating,Engine Heater Glow Plugs Status,Engine Heater Glow Plugs,"rgb(153,153,153)"
71,2022-03-14 08:48:46.963280,can_tapper12,2022-03-14 08:48:48.557735,1.594455,Engine running command,Engine Status,status,"rgb(153,153,153)"
72,2022-03-14 09:51:03.866291,can_tapper12,2022-03-14 09:51:03.866291,0.0,Engine starting command,Engine Status,status,"rgb(228,26,28)"
72,2022-03-14 09:51:03.866291,can_tapper12,2022-03-14 09:51:01.661742,-2.204549,Glow plugs preheating,Engine Heater Glow Plugs Status,Engine Heater Glow Plugs,"rgb(228,26,28)"
72,2022-03-14 09:51:03.866291,can_tapper12,2022-03-14 09:51:05.338916,1.472625,Engine running command,Engine Status,status,"rgb(228,26,28)"
72,2022-03-14 09:51:03.866291,can_tapper12,2022-03-14 09:51:52.595516,48.729225,Glow plugs preheating,Engine Heater Glow Plugs Status,Engine Heater Glow Plugs,"rgb(228,26,28)"
72,2022-03-14 09:51:03.866291,can_tapper12,2022-03-14 09:51:56.535316,52.669025,Engine running command,Engine Status,status,"rgb(228,26,28)"
73,2022-03-14 09:51:03.866291,can_tapper12,2022-03-14 09:51:03.866291,0.0,Engine starting command,Engine Status,status,"rgb(55,126,184)"
73,2022-03-14 09:51:03.866291,can_tapper12,2022-03-14 09:51:01.661742,-2.204549,Glow plugs preheating,Engine Heater Glow Plugs Status,Engine Heater Glow Plugs,"rgb(55,126,184)"
73,2022-03-14 09:51:03.866291,can_tapper12,2022-03-14 09:51:05.338916,1.472625,Engine running command,Engine Status,status,"rgb(55,126,184)"
73,2022-03-14 09:51:03.866291,can_tapper12,2022-03-14 09:51:52.595516,48.729225,Glow plugs preheating,Engine Heater Glow Plugs Status,Engine Heater Glow Plugs,"rgb(55,126,184)"
73,2022-03-14 09:51:03.866291,can_tapper12,2022-03-14 09:51:56.535316,52.669025,Engine running command,Engine Status,status,"rgb(55,126,184)"
74,2022-03-14 09:51:54.700216,can_tapper12,2022-03-14 09:51:54.700216,0.0,Engine starting command,Engine Status,status,"rgb(77,175,74)"
74,2022-03-14 09:51:54.700216,can_tapper12,2022-03-14 09:51:01.661742,-53.038474,Glow plugs preheating,Engine Heater Glow Plugs Status,Engine Heater Glow Plugs,"rgb(77,175,74)"
74,2022-03-14 09:51:54.700216,can_tapper12,2022-03-14 09:51:05.338916,-49.3613,Engine running command,Engine Status,status,"rgb(77,175,74)"
74,2022-03-14 09:51:54.700216,can_tapper12,2022-03-14 09:51:52.595516,-2.1047,Glow plugs preheating,Engine Heater Glow Plugs Status,Engine Heater Glow Plugs,"rgb(77,175,74)"
74,2022-03-14 09:51:54.700216,can_tapper12,2022-03-14 09:51:56.535316,1.8351,Engine running command,Engine Status,status,"rgb(77,175,74)"
75,2022-03-14 09:51:54.700216,can_tapper12,2022-03-14 09:51:54.700216,0.0,Engine starting command,Engine Status,status,"rgb(152,78,163)"
75,2022-03-14 09:51:54.700216,can_tapper12,2022-03-14 09:51:01.661742,-53.038474,Glow plugs preheating,Engine Heater Glow Plugs Status,Engine Heater Glow Plugs,"rgb(152,78,163)"
75,2022-03-14 09:51:54.700216,can_tapper12,2022-03-14 09:51:05.338916,-49.3613,Engine running command,Engine Status,status,"rgb(152,78,163)"
75,2022-03-14 09:51:54.700216,can_tapper12,2022-03-14 09:51:52.595516,-2.1047,Glow plugs preheating,Engine Heater Glow Plugs Status,Engine Heater Glow Plugs,"rgb(152,78,163)"
75,2022-03-14 09:51:54.700216,can_tapper12,2022-03-14 09:51:56.535316,1.8351,Engine running command,Engine Status,status,"rgb(152,78,163)"
76,2022-03-14 10:16:26.270570,can_tapper12,2022-03-14 10:16:26.270570,0.0,Engine starting command,Engine Status,status,"rgb(255,127,0)"
76,2022-03-14 10:16:26.270570,can_tapper12,2022-03-14 10:16:24.061888,-2.208682,Glow plugs preheating,Engine Heater Glow Plugs Status,Engine Heater Glow Plugs,"rgb(255,127,0)"
76,2022-03-14 10:16:26.270570,can_tapper12,2022-03-14 10:16:27.949791,1.679221,Engine running command,Engine Status,status,"rgb(255,127,0)"
77,2022-03-14 10:16:26.270570,can_tapper12,2022-03-14 10:16:26.270570,0.0,Engine starting command,Engine Status,status,"rgb(255,255,51)"
77,2022-03-14 10:16:26.270570,can_tapper12,2022-03-14 10:16:24.061888,-2.208682,Glow plugs preheating,Engine Heater Glow Plugs Status,Engine Heater Glow Plugs,"rgb(255,255,51)"
77,2022-03-14 10:16:26.270570,can_tapper12,2022-03-14 10:16:27.949791,1.679221,Engine running command,Engine Status,status,"rgb(255,255,51)"
78,2022-03-14 10:53:16.530187,can_tapper12,2022-03-14 10:53:16.530187,0.0,Engine starting command,Engine Status,status,"rgb(166,86,40)"
78,2022-03-14 10:53:16.530187,can_tapper12,2022-03-14 10:53:14.322864,-2.207323,Glow plugs preheating,Engine Heater Glow Plugs Status,Engine Heater Glow Plugs,"rgb(166,86,40)"
78,2022-03-14 10:53:16.530187,can_tapper12,2022-03-14 10:53:18.217808,1.687621,Engine running command,Engine Status,status,"rgb(166,86,40)"
79,2022-03-14 10:53:16.530187,can_tapper12,2022-03-14 10:53:16.530187,0.0,Engine starting command,Engine Status,status,"rgb(247,129,191)"
79,2022-03-14 10:53:16.530187,can_tapper12,2022-03-14 10:53:14.322864,-2.207323,Glow plugs preheating,Engine Heater Glow Plugs Status,Engine Heater Glow Plugs,"rgb(247,129,191)"
79,2022-03-14 10:53:16.530187,can_tapper12,2022-03-14 10:53:18.217808,1.687621,Engine running command,Engine Status,status,"rgb(247,129,191)"
80,2022-03-15 08:33:34.907053,can_tapper12,2022-03-15 08:33:34.907053,0.0,Engine starting command,Engine Status,status,"rgb(153,153,153)"
80,2022-03-15 08:33:34.907053,can_tapper12,2022-03-15 08:33:32.702488,-2.204565,Glow plugs preheating,Engine Heater Glow Plugs Status,Engine Heater Glow Plugs,"rgb(153,153,153)"
80,2022-03-15 08:33:34.907053,can_tapper12,2022-03-15 08:33:36.486384,1.579331,Engine running command,Engine Status,status,"rgb(153,153,153)"
81,2022-03-15 08:33:34.907053,can_tapper12,2022-03-15 08:33:34.907053,0.0,Engine starting command,Engine Status,status,"rgb(228,26,28)"
81,2022-03-15 08:33:34.907053,can_tapper12,2022-03-15 08:33:32.702488,-2.204565,Glow plugs preheating,Engine Heater Glow Plugs Status,Engine Heater Glow Plugs,"rgb(228,26,28)"
81,2022-03-15 08:33:34.907053,can_tapper12,2022-03-15 08:33:36.486384,1.579331,Engine running command,Engine Status,status,"rgb(228,26,28)"
82,2022-03-15 08:40:47.076275,can_tapper12,2022-03-15 08:40:47.076275,0.0,Engine starting command,Engine Status,status,"rgb(55,126,184)"
82,2022-03-15 08:40:47.076275,can_tapper12,2022-03-15 08:40:44.772249,-2.304026,Glow plugs preheating,Engine Heater Glow Plugs Status,Engine Heater Glow Plugs,"rgb(55,126,184)"
82,2022-03-15 08:40:47.076275,can_tapper12,2022-03-15 08:40:48.592722,1.516447,Engine running command,Engine Status,status,"rgb(55,126,184)"
83,2022-03-15 08:40:47.076275,can_tapper12,2022-03-15 08:40:47.076275,0.0,Engine starting command,Engine Status,status,"rgb(77,175,74)"
83,2022-03-15 08:40:47.076275,can_tapper12,2022-03-15 08:40:44.772249,-2.304026,Glow plugs preheating,Engine Heater Glow Plugs Status,Engine Heater Glow Plugs,"rgb(77,175,74)"
83,2022-03-15 08:40:47.076275,can_tapper12,2022-03-15 08:40:48.592722,1.516447,Engine running command,Engine Status,status,"rgb(77,175,74)"
84,2022-03-15 09:47:13.890835,can_tapper12,2022-03-15 09:47:13.890835,0.0,Engine starting command,Engine Status,status,"rgb(152,78,163)"
84,2022-03-15 09:47:13.890835,can_tapper12,2022-03-15 09:47:11.686710,-2.204125,Glow plugs preheating,Engine Heater Glow Plugs Status,Engine Heater Glow Plugs,"rgb(152,78,163)"
84,2022-03-15 09:47:13.890835,can_tapper12,2022-03-15 09:47:15.641304,1.750469,Engine running command,Engine Status,status,"rgb(152,78,163)"
84,2022-03-15 09:47:13.890835,can_tapper12,2022-03-15 09:48:54.700804,100.809969,Glow plugs preheating,Engine Heater Glow Plugs Status,Engine Heater Glow Plugs,"rgb(152,78,163)"
84,2022-03-15 09:47:13.890835,can_tapper12,2022-03-15 09:48:58.638487,104.747652,Engine running command,Engine Status,status,"rgb(152,78,163)"
85,2022-03-15 09:47:13.890835,can_tapper12,2022-03-15 09:47:13.890835,0.0,Engine starting command,Engine Status,status,"rgb(255,127,0)"
85,2022-03-15 09:47:13.890835,can_tapper12,2022-03-15 09:47:11.686710,-2.204125,Glow plugs preheating,Engine Heater Glow Plugs Status,Engine Heater Glow Plugs,"rgb(255,127,0)"
85,2022-03-15 09:47:13.890835,can_tapper12,2022-03-15 09:47:15.641304,1.750469,Engine running command,Engine Status,status,"rgb(255,127,0)"
85,2022-03-15 09:47:13.890835,can_tapper12,2022-03-15 09:48:54.700804,100.809969,Glow plugs preheating,Engine Heater Glow Plugs Status,Engine Heater Glow Plugs,"rgb(255,127,0)"
85,2022-03-15 09:47:13.890835,can_tapper12,2022-03-15 09:48:58.638487,104.747652,Engine running command,Engine Status,status,"rgb(255,127,0)"
86,2022-03-15 09:48:57.005514,can_tapper12,2022-03-15 09:48:57.005514,0.0,Engine starting command,Engine Status,status,"rgb(255,255,51)"
86,2022-03-15 09:48:57.005514,can_tapper12,2022-03-15 09:48:54.700804,-2.30471,Glow plugs preheating,Engine Heater Glow Plugs Status,Engine Heater Glow Plugs,"rgb(255,255,51)"
86,2022-03-15 09:48:57.005514,can_tapper12,2022-03-15 09:48:58.638487,1.632973,Engine running command,Engine Status,status,"rgb(255,255,51)"
87,2022-03-15 09:48:57.005514,can_tapper12,2022-03-15 09:48:57.005514,0.0,Engine starting command,Engine Status,status,"rgb(166,86,40)"
87,2022-03-15 09:48:57.005514,can_tapper12,2022-03-15 09:48:54.700804,-2.30471,Glow plugs preheating,Engine Heater Glow Plugs Status,Engine Heater Glow Plugs,"rgb(166,86,40)"
87,2022-03-15 09:48:57.005514,can_tapper12,2022-03-15 09:48:58.638487,1.632973,Engine running command,Engine Status,status,"rgb(166,86,40)"
88,2022-03-15 09:53:07.908805,can_tapper12,2022-03-15 09:53:07.908805,0.0,Engine starting command,Engine Status,status,"rgb(247,129,191)"
88,2022-03-15 09:53:07.908805,can_tapper12,2022-03-15 09:53:05.700532,-2.208273,Glow plugs preheating,Engine Heater Glow Plugs Status,Engine Heater Glow Plugs,"rgb(247,129,191)"
88,2022-03-15 09:53:07.908805,can_tapper12,2022-03-15 09:53:09.551260,1.642455,Engine running command,Engine Status,status,"rgb(247,129,191)"
89,2022-03-15 09:53:07.908805,can_tapper12,2022-03-15 09:53:07.908805,0.0,Engine starting command,Engine Status,status,"rgb(153,153,153)"
89,2022-03-15 09:53:07.908805,can_tapper12,2022-03-15 09:53:05.700532,-2.208273,Glow plugs preheating,Engine Heater Glow Plugs Status,Engine Heater Glow Plugs,"rgb(153,153,153)"
89,2022-03-15 09:53:07.908805,can_tapper12,2022-03-15 09:53:09.551260,1.642455,Engine running command,Engine Status,status,"rgb(153,153,153)"
90,2022-03-17 08:34:15.669160,can_tapper12,2022-03-17 08:34:15.669160,0.0,Engine starting command,Engine Status,status,"rgb(228,26,28)"
90,2022-03-17 08:34:15.669160,can_tapper12,2022-03-17 08:34:15.974235,0.305075,Glow plugs preheating,Engine Heater Glow Plugs Status,Engine Heater Glow Plugs,"rgb(228,26,28)"
90,2022-03-17 08:34:15.669160,can_tapper12,2022-03-17 08:34:17.234616,1.565456,Engine running command,Engine Status,status,"rgb(228,26,28)"
91,2022-03-17 08:34:15.669160,can_tapper12,2022-03-17 08:34:15.669160,0.0,Engine starting command,Engine Status,status,"rgb(55,126,184)"
91,2022-03-17 08:34:15.669160,can_tapper12,2022-03-17 08:34:15.974235,0.305075,Glow plugs preheating,Engine Heater Glow Plugs Status,Engine Heater Glow Plugs,"rgb(55,126,184)"
91,2022-03-17 08:34:15.669160,can_tapper12,2022-03-17 08:34:17.234616,1.565456,Engine running command,Engine Status,status,"rgb(55,126,184)"
92,2022-03-17 08:58:46.071681,can_tapper12,2022-03-17 08:58:46.071681,0.0,Engine starting command,Engine Status,status,"rgb(77,175,74)"
92,2022-03-17 08:58:46.071681,can_tapper12,2022-03-17 08:58:47.679540,1.607859,Engine running command,Engine Status,status,"rgb(77,175,74)"
92,2022-03-17 08:58:46.071681,can_tapper12,2022-03-17 09:00:36.218467,110.146786,Glow plugs preheating,Engine Heater Glow Plugs Status,Engine Heater Glow Plugs,"rgb(77,175,74)"
92,2022-03-17 08:58:46.071681,can_tapper12,2022-03-17 09:00:39.970422,113.898741,Engine running command,Engine Status,status,"rgb(77,175,74)"
93,2022-03-17 08:58:46.071681,can_tapper12,2022-03-17 08:58:46.071681,0.0,Engine starting command,Engine Status,status,"rgb(152,78,163)"
93,2022-03-17 08:58:46.071681,can_tapper12,2022-03-17 08:58:47.679540,1.607859,Engine running command,Engine Status,status,"rgb(152,78,163)"
93,2022-03-17 08:58:46.071681,can_tapper12,2022-03-17 09:00:36.218467,110.146786,Glow plugs preheating,Engine Heater Glow Plugs Status,Engine Heater Glow Plugs,"rgb(152,78,163)"
93,2022-03-17 08:58:46.071681,can_tapper12,2022-03-17 09:00:39.970422,113.898741,Engine running command,Engine Status,status,"rgb(152,78,163)"
94,2022-03-17 09:00:38.425417,can_tapper12,2022-03-17 09:00:38.425417,0.0,Engine starting command,Engine Status,status,"rgb(255,127,0)"
94,2022-03-17 09:00:38.425417,can_tapper12,2022-03-17 09:00:36.218467,-2.20695,Glow plugs preheating,Engine Heater Glow Plugs Status,Engine Heater Glow Plugs,"rgb(255,127,0)"
94,2022-03-17 09:00:38.425417,can_tapper12,2022-03-17 09:00:39.970422,1.545005,Engine running command,Engine Status,status,"rgb(255,127,0)"
95,2022-03-17 09:00:38.425417,can_tapper12,2022-03-17 09:00:38.425417,0.0,Engine starting command,Engine Status,status,"rgb(255,255,51)"
95,2022-03-17 09:00:38.425417,can_tapper12,2022-03-17 09:00:36.218467,-2.20695,Glow plugs preheating,Engine Heater Glow Plugs Status,Engine Heater Glow Plugs,"rgb(255,255,51)"
95,2022-03-17 09:00:38.425417,can_tapper12,2022-03-17 09:00:39.970422,1.545005,Engine running command,Engine Status,status,"rgb(255,255,51)"
96,2022-03-21 08:49:39.985066,can_tapper12,2022-03-21 08:49:39.985066,0.0,Engine starting command,Engine Status,status,"rgb(166,86,40)"
96,2022-03-21 08:49:39.985066,can_tapper12,2022-03-21 08:49:37.781466,-2.2036,Glow plugs preheating,Engine Heater Glow Plugs Status,Engine Heater Glow Plugs,"rgb(166,86,40)"
96,2022-03-21 08:49:39.985066,can_tapper12,2022-03-21 08:49:41.853636,1.86857,Engine running command,Engine Status,status,"rgb(166,86,40)"
97,2022-03-21 08:49:39.985066,can_tapper12,2022-03-21 08:49:39.985066,0.0,Engine starting command,Engine Status,status,"rgb(247,129,191)"
97,2022-03-21 08:49:39.985066,can_tapper12,2022-03-21 08:49:37.781466,-2.2036,Glow plugs preheating,Engine Heater Glow Plugs Status,Engine Heater Glow Plugs,"rgb(247,129,191)"
97,2022-03-21 08:49:39.985066,can_tapper12,2022-03-21 08:49:41.853636,1.86857,Engine running command,Engine Status,status,"rgb(247,129,191)"
98,2022-03-22 08:23:51.663460,can_tapper12,2022-03-22 08:23:51.663460,0.0,Engine starting command,Engine Status,status,"rgb(153,153,153)"
98,2022-03-22 08:23:51.663460,can_tapper12,2022-03-22 08:23:51.892685,0.229225,Glow plugs preheating,Engine Heater Glow Plugs Status,Engine Heater Glow Plugs,"rgb(153,153,153)"
98,2022-03-22 08:23:51.663460,can_tapper12,2022-03-22 08:23:53.607079,1.943619,Engine running command,Engine Status,status,"rgb(153,153,153)"
99,2022-03-22 08:23:51.663460,can_tapper12,2022-03-22 08:23:51.663460,0.0,Engine starting command,Engine Status,status,"rgb(228,26,28)"
99,2022-03-22 08:23:51.663460,can_tapper12,2022-03-22 08:23:51.892685,0.229225,Glow plugs preheating,Engine Heater Glow Plugs Status,Engine Heater Glow Plugs,"rgb(228,26,28)"
99,2022-03-22 08:23:51.663460,can_tapper12,2022-03-22 08:23:53.607079,1.943619,Engine running command,Engine Status,status,"rgb(228,26,28)"
100,2022-03-22 08:26:07.762775,can_tapper12,2022-03-22 08:26:07.762775,0.0,Engine starting command,Engine Status,status,"rgb(55,126,184)"
100,2022-03-22 08:26:07.762775,can_tapper12,2022-03-22 08:26:08.057725,0.29495,Glow plugs preheating,Engine Heater Glow Plugs Status,Engine Heater Glow Plugs,"rgb(55,126,184)"
100,2022-03-22 08:26:07.762775,can_tapper12,2022-03-22 08:26:09.637646,1.874871,Engine running command,Engine Status,status,"rgb(55,126,184)"
101,2022-03-22 08:26:07.762775,can_tapper12,2022-03-22 08:26:07.762775,0.0,Engine starting command,Engine Status,status,"rgb(77,175,74)"
101,2022-03-22 08:26:07.762775,can_tapper12,2022-03-22 08:26:08.057725,0.29495,Glow plugs preheating,Engine Heater Glow Plugs Status,Engine Heater Glow Plugs,"rgb(77,175,74)"
101,2022-03-22 08:26:07.762775,can_tapper12,2022-03-22 08:26:09.637646,1.874871,Engine running command,Engine Status,status,"rgb(77,175,74)"
102,2022-03-22 09:11:57.220085,can_tapper12,2022-03-22 09:11:57.220085,0.0,Engine starting command,Engine Status,status,"rgb(152,78,163)"
102,2022-03-22 09:11:57.220085,can_tapper12,2022-03-22 09:11:57.528259,0.308174,Glow plugs preheating,Engine Heater Glow Plugs Status,Engine Heater Glow Plugs,"rgb(152,78,163)"
102,2022-03-22 09:11:57.220085,can_tapper12,2022-03-22 09:11:58.916299,1.696214,Engine running command,Engine Status,status,"rgb(152,78,163)"
103,2022-03-22 09:11:57.220085,can_tapper12,2022-03-22 09:11:57.220085,0.0,Engine starting command,Engine Status,status,"rgb(255,127,0)"
103,2022-03-22 09:11:57.220085,can_tapper12,2022-03-22 09:11:57.528259,0.308174,Glow plugs preheating,Engine Heater Glow Plugs Status,Engine Heater Glow Plugs,"rgb(255,127,0)"
103,2022-03-22 09:11:57.220085,can_tapper12,2022-03-22 09:11:58.916299,1.696214,Engine running command,Engine Status,status,"rgb(255,127,0)"
104,2022-03-22 10:39:49.151826,can_tapper12,2022-03-22 10:39:49.151826,0.0,Engine starting command,Engine Status,status,"rgb(255,255,51)"
104,2022-03-22 10:39:49.151826,can_tapper12,2022-03-22 10:39:49.502008,0.350182,Glow plugs preheating,Engine Heater Glow Plugs Status,Engine Heater Glow Plugs,"rgb(255,255,51)"
104,2022-03-22 10:39:49.151826,can_tapper12,2022-03-22 10:39:50.769981,1.618155,Engine running command,Engine Status,status,"rgb(255,255,51)"
105,2022-03-22 10:39:49.151826,can_tapper12,2022-03-22 10:39:49.151826,0.0,Engine starting command,Engine Status,status,"rgb(166,86,40)"
105,2022-03-22 10:39:49.151826,can_tapper12,2022-03-22 10:39:49.502008,0.350182,Glow plugs preheating,Engine Heater Glow Plugs Status,Engine Heater Glow Plugs,"rgb(166,86,40)"
105,2022-03-22 10:39:49.151826,can_tapper12,2022-03-22 10:39:50.769981,1.618155,Engine running command,Engine Status,status,"rgb(166,86,40)"
106,2022-03-22 11:43:40.272526,can_tapper12,2022-03-22 11:43:40.272526,0.0,Engine starting command,Engine Status,status,"rgb(247,129,191)"
106,2022-03-22 11:43:40.272526,can_tapper12,2022-03-22 11:43:38.165723,-2.106803,Glow plugs preheating,Engine Heater Glow Plugs Status,Engine Heater Glow Plugs,"rgb(247,129,191)"
106,2022-03-22 11:43:40.272526,can_tapper12,2022-03-22 11:43:42.323067,2.050541,Engine running command,Engine Status,status,"rgb(247,129,191)"
107,2022-03-22 11:43:40.272526,can_tapper12,2022-03-22 11:43:40.272526,0.0,Engine starting command,Engine Status,status,"rgb(153,153,153)"
107,2022-03-22 11:43:40.272526,can_tapper12,2022-03-22 11:43:38.165723,-2.106803,Glow plugs preheating,Engine Heater Glow Plugs Status,Engine Heater Glow Plugs,"rgb(153,153,153)"
107,2022-03-22 11:43:40.272526,can_tapper12,2022-03-22 11:43:42.323067,2.050541,Engine running command,Engine Status,status,"rgb(153,153,153)"
108,2022-03-22 12:52:28.522236,can_tapper12,2022-03-22 12:52:28.522236,0.0,Engine starting command,Engine Status,status,"rgb(228,26,28)"
108,2022-03-22 12:52:28.522236,can_tapper12,2022-03-22 12:52:27.501400,-1.020836,Glow plugs preheating,Engine Heater Glow Plugs Status,Engine Heater Glow Plugs,"rgb(228,26,28)"
108,2022-03-22 12:52:28.522236,can_tapper12,2022-03-22 12:52:30.196473,1.674237,Engine running command,Engine Status,status,"rgb(228,26,28)"
109,2022-03-22 12:52:28.522236,can_tapper12,2022-03-22 12:52:28.522236,0.0,Engine starting command,Engine Status,status,"rgb(55,126,184)"
109,2022-03-22 12:52:28.522236,can_tapper12,2022-03-22 12:52:27.501400,-1.020836,Glow plugs preheating,Engine Heater Glow Plugs Status,Engine Heater Glow Plugs,"rgb(55,126,184)"
109,2022-03-22 12:52:28.522236,can_tapper12,2022-03-22 12:52:30.196473,1.674237,Engine running command,Engine Status,status,"rgb(55,126,184)"
110,2022-03-22 13:18:54.426500,can_tapper12,2022-03-22 13:18:54.426500,0.0,Engine starting command,Engine Status,status,"rgb(77,175,74)"
110,2022-03-22 13:18:54.426500,can_tapper12,2022-03-22 13:18:54.747229,0.320729,Glow plugs preheating,Engine Heater Glow Plugs Status,Engine Heater Glow Plugs,"rgb(77,175,74)"
110,2022-03-22 13:18:54.426500,can_tapper12,2022-03-22 13:18:56.278901,1.852401,Engine running command,Engine Status,status,"rgb(77,175,74)"
111,2022-03-22 13:18:54.426500,can_tapper12,2022-03-22 13:18:54.426500,0.0,Engine starting command,Engine Status,status,"rgb(152,78,163)"
111,2022-03-22 13:18:54.426500,can_tapper12,2022-03-22 13:18:54.747229,0.320729,Glow plugs preheating,Engine Heater Glow Plugs Status,Engine Heater Glow Plugs,"rgb(152,78,163)"
111,2022-03-22 13:18:54.426500,can_tapper12,2022-03-22 13:18:56.278901,1.852401,Engine running command,Engine Status,status,"rgb(152,78,163)"
112,2022-03-22 13:50:16.579319,can_tapper12,2022-03-22 13:50:16.579319,0.0,Engine starting command,Engine Status,status,"rgb(255,127,0)"
112,2022-03-22 13:50:16.579319,can_tapper12,2022-03-22 13:50:16.827221,0.247902,Glow plugs preheating,Engine Heater Glow Plugs Status,Engine Heater Glow Plugs,"rgb(255,127,0)"
112,2022-03-22 13:50:16.579319,can_tapper12,2022-03-22 13:50:18.230317,1.650998,Engine running command,Engine Status,status,"rgb(255,127,0)"
113,2022-03-22 13:50:16.579319,can_tapper12,2022-03-22 13:50:16.579319,0.0,Engine starting command,Engine Status,status,"rgb(255,255,51)"
113,2022-03-22 13:50:16.579319,can_tapper12,2022-03-22 13:50:16.827221,0.247902,Glow plugs preheating,Engine Heater Glow Plugs Status,Engine Heater Glow Plugs,"rgb(255,255,51)"
113,2022-03-22 13:50:16.579319,can_tapper12,2022-03-22 13:50:18.230317,1.650998,Engine running command,Engine Status,status,"rgb(255,255,51)"
114,2022-03-22 14:45:33.101842,can_tapper12,2022-03-22 14:45:33.101842,0.0,Engine starting command,Engine Status,status,"rgb(166,86,40)"
114,2022-03-22 14:45:33.101842,can_tapper12,2022-03-22 14:45:33.372737,0.270895,Glow plugs preheating,Engine Heater Glow Plugs Status,Engine Heater Glow Plugs,"rgb(166,86,40)"
114,2022-03-22 14:45:33.101842,can_tapper12,2022-03-22 14:45:34.687933,1.586091,Engine running command,Engine Status,status,"rgb(166,86,40)"
115,2022-03-22 14:45:33.101842,can_tapper12,2022-03-22 14:45:33.101842,0.0,Engine starting command,Engine Status,status,"rgb(247,129,191)"
115,2022-03-22 14:45:33.101842,can_tapper12,2022-03-22 14:45:33.372737,0.270895,Glow plugs preheating,Engine Heater Glow Plugs Status,Engine Heater Glow Plugs,"rgb(247,129,191)"
115,2022-03-22 14:45:33.101842,can_tapper12,2022-03-22 14:45:34.687933,1.586091,Engine running command,Engine Status,status,"rgb(247,129,191)"
116,2022-03-22 14:58:26.179778,can_tapper12,2022-03-22 14:58:26.179778,0.0,Engine starting command,Engine Status,status,"rgb(153,153,153)"
116,2022-03-22 14:58:26.179778,can_tapper12,2022-03-22 14:58:26.395828,0.21605,Glow plugs preheating,Engine Heater Glow Plugs Status,Engine Heater Glow Plugs,"rgb(153,153,153)"
116,2022-03-22 14:58:26.179778,can_tapper12,2022-03-22 14:58:27.881009,1.701231,Engine running command,Engine Status,status,"rgb(153,153,153)"
117,2022-03-22 14:58:26.179778,can_tapper12,2022-03-22 14:58:26.179778,0.0,Engine starting command,Engine Status,status,"rgb(228,26,28)"
117,2022-03-22 14:58:26.179778,can_tapper12,2022-03-22 14:58:26.395828,0.21605,Glow plugs preheating,Engine Heater Glow Plugs Status,Engine Heater Glow Plugs,"rgb(228,26,28)"
117,2022-03-22 14:58:26.179778,can_tapper12,2022-03-22 14:58:27.881009,1.701231,Engine running command,Engine Status,status,"rgb(228,26,28)"
118,2022-03-22 15:10:01.900602,can_tapper12,2022-03-22 15:10:01.900602,0.0,Engine starting command,Engine Status,status,"rgb(55,126,184)"
118,2022-03-22 15:10:01.900602,can_tapper12,2022-03-22 15:10:02.335832,0.43523,Glow plugs preheating,Engine Heater Glow Plugs Status,Engine Heater Glow Plugs,"rgb(55,126,184)"
118,2022-03-22 15:10:01.900602,can_tapper12,2022-03-22 15:10:03.696007,1.795405,Engine running command,Engine Status,status,"rgb(55,126,184)"
119,2022-03-22 15:10:01.900602,can_tapper12,2022-03-22 15:10:01.900602,0.0,Engine starting command,Engine Status,status,"rgb(77,175,74)"
119,2022-03-22 15:10:01.900602,can_tapper12,2022-03-22 15:10:02.335832,0.43523,Glow plugs preheating,Engine Heater Glow Plugs Status,Engine Heater Glow Plugs,"rgb(77,175,74)"
119,2022-03-22 15:10:01.900602,can_tapper12,2022-03-22 15:10:03.696007,1.795405,Engine running command,Engine Status,status,"rgb(77,175,74)"
120,2022-03-22 15:22:00.551529,can_tapper12,2022-03-22 15:22:00.551529,0.0,Engine starting command,Engine Status,status,"rgb(152,78,163)"
120,2022-03-22 15:22:00.551529,can_tapper12,2022-03-22 15:21:58.446297,-2.105232,Glow plugs preheating,Engine Heater Glow Plugs Status,Engine Heater Glow Plugs,"rgb(152,78,163)"
120,2022-03-22 15:22:00.551529,can_tapper12,2022-03-22 15:22:02.373409,1.82188,Engine running command,Engine Status,status,"rgb(152,78,163)"
121,2022-03-22 15:22:00.551529,can_tapper12,2022-03-22 15:22:00.551529,0.0,Engine starting command,Engine Status,status,"rgb(255,127,0)"
121,2022-03-22 15:22:00.551529,can_tapper12,2022-03-22 15:21:58.446297,-2.105232,Glow plugs preheating,Engine Heater Glow Plugs Status,Engine Heater Glow Plugs,"rgb(255,127,0)"
121,2022-03-22 15:22:00.551529,can_tapper12,2022-03-22 15:22:02.373409,1.82188,Engine running command,Engine Status,status,"rgb(255,127,0)"
122,2022-06-20 13:46:40.142747,can_tapper12,2022-06-20 13:46:40.142747,0.0,Engine starting command,Engine Status,status,"rgb(255,255,51)"
122,2022-06-20 13:46:40.142747,can_tapper12,2022-06-20 13:46:40.457089,0.314342,Glow plugs preheating,Engine Heater Glow Plugs Status,Engine Heater Glow Plugs,"rgb(255,255,51)"
122,2022-06-20 13:46:40.142747,can_tapper12,2022-06-20 13:46:41.709664,1.566917,Engine running command,Engine Status,status,"rgb(255,255,51)"
123,2022-06-20 14:02:41.061938,can_tapper12,2022-06-20 14:02:41.061938,0.0,Engine starting command,Engine Status,status,"rgb(166,86,40)"
123,2022-06-20 14:02:41.061938,can_tapper12,2022-06-20 14:02:42.657702,1.595764,Engine running command,Engine Status,status,"rgb(166,86,40)"
124,2022-06-21 08:05:28.946097,can_tapper12,2022-06-21 08:05:28.946097,0.0,Engine starting command,Engine Status,status,"rgb(247,129,191)"
124,2022-06-21 08:05:28.946097,can_tapper12,2022-06-21 08:05:30.890347,1.94425,Engine running command,Engine Status,status,"rgb(247,129,191)"
125,2022-06-22 07:12:54.887684,can_tapper12,2022-06-22 07:12:54.887684,0.0,Engine starting command,Engine Status,status,"rgb(153,153,153)"
125,2022-06-22 07:12:54.887684,can_tapper12,2022-06-22 07:12:52.783511,-2.104173,Glow plugs preheating,Engine Heater Glow Plugs Status,Engine Heater Glow Plugs,"rgb(153,153,153)"
125,2022-06-22 07:12:54.887684,can_tapper12,2022-06-22 07:12:56.833600,1.945916,Engine running command,Engine Status,status,"rgb(153,153,153)"
126,2022-06-22 07:47:10.467146,can_tapper12,2022-06-22 07:47:10.467146,0.0,Engine starting command,Engine Status,status,"rgb(228,26,28)"
126,2022-06-22 07:47:10.467146,can_tapper12,2022-06-22 07:47:08.362390,-2.104756,Glow plugs preheating,Engine Heater Glow Plugs Status,Engine Heater Glow Plugs,"rgb(228,26,28)"
126,2022-06-22 07:47:10.467146,can_tapper12,2022-06-22 07:47:11.950392,1.483246,Engine running command,Engine Status,status,"rgb(228,26,28)"
127,2022-06-22 08:59:39.960373,can_tapper12,2022-06-22 08:59:39.960373,0.0,Engine starting command,Engine Status,status,"rgb(55,126,184)"
127,2022-06-22 08:59:39.960373,can_tapper12,2022-06-22 08:59:37.956843,-2.00353,Glow plugs preheating,Engine Heater Glow Plugs Status,Engine Heater Glow Plugs,"rgb(55,126,184)"
127,2022-06-22 08:59:39.960373,can_tapper12,2022-06-22 08:59:41.340472,1.380099,Engine running command,Engine Status,status,"rgb(55,126,184)"
128,2022-06-23 10:22:08.268103,can_tapper12,2022-06-23 10:22:08.268103,0.0,Engine starting command,Engine Status,status,"rgb(77,175,74)"
128,2022-06-23 10:22:08.268103,can_tapper12,2022-06-23 10:22:05.964191,-2.303912,Glow plugs preheating,Engine Heater Glow Plugs Status,Engine Heater Glow Plugs,"rgb(77,175,74)"
128,2022-06-23 10:22:08.268103,can_tapper12,2022-06-23 10:22:09.851116,1.583013,Engine running command,Engine Status,status,"rgb(77,175,74)"
129,2022-06-23 10:52:17.860098,can_tapper12,2022-06-23 10:52:17.860098,0.0,Engine starting command,Engine Status,status,"rgb(152,78,163)"
129,2022-06-23 10:52:17.860098,can_tapper12,2022-06-23 10:52:19.387955,1.527857,Engine running command,Engine Status,status,"rgb(152,78,163)"
130,2022-06-23 12:10:21.534219,can_tapper12,2022-06-23 12:10:21.534219,0.0,Engine starting command,Engine Status,status,"rgb(255,127,0)"
130,2022-06-23 12:10:21.534219,can_tapper12,2022-06-23 12:10:19.428850,-2.105369,Glow plugs preheating,Engine Heater Glow Plugs Status,Engine Heater Glow Plugs,"rgb(255,127,0)"
130,2022-06-23 12:10:21.534219,can_tapper12,2022-06-23 12:10:23.173525,1.639306,Engine running command,Engine Status,status,"rgb(255,127,0)"
131,2022-09-13 15:35:52.527624,can_tapper12,2022-09-13 15:35:52.527624,0.0,Engine starting command,Engine Status,status,"rgb(255,255,51)"
131,2022-09-13 15:35:52.527624,can_tapper12,2022-09-13 15:35:51.531716,-0.995908,Glow plugs preheating,Engine Heater Glow Plugs Status,Engine Heater Glow Plugs,"rgb(255,255,51)"
131,2022-09-13 15:35:52.527624,can_tapper12,2022-09-13 15:35:54.183822,1.656198,Engine running command,Engine Status,status,"rgb(255,255,51)"
132,2022-09-14 15:10:18.650223,can_tapper12,2022-09-14 15:10:18.650223,0.0,Engine starting command,Engine Status,status,"rgb(166,86,40)"
132,2022-09-14 15:10:18.650223,can_tapper12,2022-09-14 15:09:53.203479,-25.446744,Glow plugs preheating,Engine Heater Glow Plugs Status,Engine Heater Glow Plugs,"rgb(166,86,40)"
132,2022-09-14 15:10:18.650223,can_tapper12,2022-09-14 15:10:16.639083,-2.01114,Glow plugs preheating,Engine Heater Glow Plugs Status,Engine Heater Glow Plugs,"rgb(166,86,40)"
132,2022-09-14 15:10:18.650223,can_tapper12,2022-09-14 15:10:20.527683,1.87746,Engine running command,Engine Status,status,"rgb(166,86,40)"
133,2022-09-19 16:22:44.350023,can_tapper12,2022-09-19 16:22:44.350023,0.0,Engine starting command,Engine Status,status,"rgb(247,129,191)"
133,2022-09-19 16:22:44.350023,can_tapper12,2022-09-19 16:22:44.681474,0.331451,Glow plugs preheating,Engine Heater Glow Plugs Status,Engine Heater Glow Plugs,"rgb(247,129,191)"
133,2022-09-19 16:22:44.350023,can_tapper12,2022-09-19 16:22:46.132752,1.782729,Engine running command,Engine Status,status,"rgb(247,129,191)"
134,2022-09-23 07:54:28.937423,can_tapper12,2022-09-23 07:54:28.937423,0.0,Engine starting command,Engine Status,status,"rgb(153,153,153)"
134,2022-09-23 07:54:28.937423,can_tapper12,2022-09-23 07:54:29.183542,0.246119,Glow plugs preheating,Engine Heater Glow Plugs Status,Engine Heater Glow Plugs,"rgb(153,153,153)"
134,2022-09-23 07:54:28.937423,can_tapper12,2022-09-23 07:54:30.478467,1.541044,Engine running command,Engine Status,status,"rgb(153,153,153)"
135,2022-09-26 14:47:49.305267,can_tapper12,2022-09-26 14:47:49.305267,0.0,Engine starting command,Engine Status,status,"rgb(228,26,28)"
135,2022-09-26 14:47:49.305267,can_tapper12,2022-09-26 14:47:47.101632,-2.203635,Glow plugs preheating,Engine Heater Glow Plugs Status,Engine Heater Glow Plugs,"rgb(228,26,28)"
135,2022-09-26 14:47:49.305267,can_tapper12,2022-09-26 14:47:51.010955,1.705688,Engine running command,Engine Status,status,"rgb(228,26,28)"
136,2022-09-27 14:40:39.803288,can_tapper12,2022-09-27 14:40:39.803288,0.0,Engine starting command,Engine Status,status,"rgb(55,126,184)"
136,2022-09-27 14:40:39.803288,can_tapper12,2022-09-27 14:40:37.795373,-2.007915,Glow plugs preheating,Engine Heater Glow Plugs Status,Engine Heater Glow Plugs,"rgb(55,126,184)"
136,2022-09-27 14:40:39.803288,can_tapper12,2022-09-27 14:40:41.436051,1.632763,Engine running command,Engine Status,status,"rgb(55,126,184)"
137,2022-09-27 15:13:13.042330,can_tapper12,2022-09-27 15:13:13.042330,0.0,Engine starting command,Engine Status,status,"rgb(77,175,74)"
137,2022-09-27 15:13:13.042330,can_tapper12,2022-09-27 15:13:14.900855,1.858525,Engine running command,Engine Status,status,"rgb(77,175,74)"
138,2022-09-27 15:41:51.071870,can_tapper12,2022-09-27 15:41:51.071870,0.0,Engine starting command,Engine Status,status,"rgb(152,78,163)"
138,2022-09-27 15:41:51.071870,can_tapper12,2022-09-27 15:41:49.066217,-2.005653,Glow plugs preheating,Engine Heater Glow Plugs Status,Engine Heater Glow Plugs,"rgb(152,78,163)"
138,2022-09-27 15:41:51.071870,can_tapper12,2022-09-27 15:41:52.477342,1.405472,Engine running command,Engine Status,status,"rgb(152,78,163)"
139,2022-10-03 12:46:04.770896,can_tapper12,2022-10-03 12:46:04.770896,0.0,Engine starting command,Engine Status,status,"rgb(255,127,0)"
139,2022-10-03 12:46:04.770896,can_tapper12,2022-10-03 12:46:02.563746,-2.20715,Glow plugs preheating,Engine Heater Glow Plugs Status,Engine Heater Glow Plugs,"rgb(255,127,0)"
139,2022-10-03 12:46:04.770896,can_tapper12,2022-10-03 12:46:06.522137,1.751241,Engine running command,Engine Status,status,"rgb(255,127,0)"
140,2022-10-04 09:46:17.342588,can_tapper12,2022-10-04 09:46:17.342588,0.0,Engine starting command,Engine Status,status,"rgb(255,255,51)"
140,2022-10-04 09:46:17.342588,can_tapper12,2022-10-04 09:46:15.036464,-2.306124,Glow plugs preheating,Engine Heater Glow Plugs Status,Engine Heater Glow Plugs,"rgb(255,255,51)"
140,2022-10-04 09:46:17.342588,can_tapper12,2022-10-04 09:46:18.859887,1.517299,Engine running command,Engine Status,status,"rgb(255,255,51)"
141,2022-10-13 11:45:14.859579,can_tapper12,2022-10-13 11:45:14.859579,0.0,Engine starting command,Engine Status,status,"rgb(166,86,40)"
141,2022-10-13 11:45:14.859579,can_tapper12,2022-10-13 11:45:15.227105,0.367526,Glow plugs preheating,Engine Heater Glow Plugs Status,Engine Heater Glow Plugs,"rgb(166,86,40)"
141,2022-10-13 11:45:14.859579,can_tapper12,2022-10-13 11:45:16.456199,1.59662,Engine running command,Engine Status,status,"rgb(166,86,40)"
142,2022-10-13 13:47:59.572303,can_tapper12,2022-10-13 13:47:59.572303,0.0,Engine starting command,Engine Status,status,"rgb(247,129,191)"
142,2022-10-13 13:47:59.572303,can_tapper12,2022-10-13 13:47:57.266005,-2.306298,Glow plugs preheating,Engine Heater Glow Plugs Status,Engine Heater Glow Plugs,"rgb(247,129,191)"
142,2022-10-13 13:47:59.572303,can_tapper12,2022-10-13 13:48:01.169870,1.597567,Engine running command,Engine Status,status,"rgb(247,129,191)"
143,2022-11-03 11:45:53.615230,can_tapper12,2022-11-03 11:45:53.615230,0.0,Engine starting command,Engine Status,status,"rgb(153,153,153)"
143,2022-11-03 11:45:53.615230,can_tapper12,2022-11-03 11:45:52.732429,-0.882801,Glow plugs preheating,Engine Heater Glow Plugs Status,Engine Heater Glow Plugs,"rgb(153,153,153)"
143,2022-11-03 11:45:53.615230,can_tapper12,2022-11-03 11:45:55.363908,1.748678,Engine running command,Engine Status,status,"rgb(153,153,153)"
144,2022-11-03 11:55:07.554665,can_tapper12,2022-11-03 11:55:07.554665,0.0,Engine starting command,Engine Status,status,"rgb(228,26,28)"
144,2022-11-03 11:55:07.554665,can_tapper12,2022-11-03 11:55:05.249458,-2.305207,Glow plugs preheating,Engine Heater Glow Plugs Status,Engine Heater Glow Plugs,"rgb(228,26,28)"
144,2022-11-03 11:55:07.554665,can_tapper12,2022-11-03 11:55:09.081909,1.527244,Engine running command,Engine Status,status,"rgb(228,26,28)"
145,2022-11-03 22:02:00.244780,can_tapper12,2022-11-03 22:02:00.244780,0.0,Engine starting command,Engine Status,status,"rgb(55,126,184)"
145,2022-11-03 22:02:00.244780,can_tapper12,2022-11-03 22:01:58.139204,-2.105576,Glow plugs preheating,Engine Heater Glow Plugs Status,Engine Heater Glow Plugs,"rgb(55,126,184)"
145,2022-11-03 22:02:00.244780,can_tapper12,2022-11-03 22:02:01.940803,1.696023,Engine running command,Engine Status,status,"rgb(55,126,184)"
146,2022-11-04 09:09:43.343540,can_tapper12,2022-11-04 09:09:43.343540,0.0,Engine starting command,Engine Status,status,"rgb(77,175,74)"
146,2022-11-04 09:09:43.343540,can_tapper12,2022-11-04 09:09:41.038628,-2.304912,Glow plugs preheating,Engine Heater Glow Plugs Status,Engine Heater Glow Plugs,"rgb(77,175,74)"
146,2022-11-04 09:09:43.343540,can_tapper12,2022-11-04 09:09:45.106740,1.7632,Engine running command,Engine Status,status,"rgb(77,175,74)"
147,2022-11-06 08:23:23.759324,can_tapper12,2022-11-06 08:23:23.759324,0.0,Engine starting command,Engine Status,status,"rgb(152,78,163)"
147,2022-11-06 08:23:23.759324,can_tapper12,2022-11-06 08:23:24.105624,0.3463,Glow plugs preheating,Engine Heater Glow Plugs Status,Engine Heater Glow Plugs,"rgb(152,78,163)"
147,2022-11-06 08:23:23.759324,can_tapper12,2022-11-06 08:23:25.148773,1.389449,Engine running command,Engine Status,status,"rgb(152,78,163)"
148,2022-11-06 13:05:12.145628,can_tapper12,2022-11-06 13:05:12.145628,0.0,Engine starting command,Engine Status,status,"rgb(255,127,0)"
148,2022-11-06 13:05:12.145628,can_tapper12,2022-11-06 13:05:12.515968,0.37034,Glow plugs preheating,Engine Heater Glow Plugs Status,Engine Heater Glow Plugs,"rgb(255,127,0)"
148,2022-11-06 13:05:12.145628,can_tapper12,2022-11-06 13:05:13.641656,1.496028,Engine running command,Engine Status,status,"rgb(255,127,0)"
149,2022-11-06 15:14:00.171638,can_tapper12,2022-11-06 15:14:00.171638,0.0,Engine starting command,Engine Status,status,"rgb(255,255,51)"
149,2022-11-06 15:14:00.171638,can_tapper12,2022-11-06 15:13:58.065364,-2.106274,Glow plugs preheating,Engine Heater Glow Plugs Status,Engine Heater Glow Plugs,"rgb(255,255,51)"
149,2022-11-06 15:14:00.171638,can_tapper12,2022-11-06 15:14:01.674325,1.502687,Engine running command,Engine Status,status,"rgb(255,255,51)"
150,2022-11-07 12:59:11.735561,can_tapper12,2022-11-07 12:59:11.735561,0.0,Engine starting command,Engine Status,status,"rgb(166,86,40)"
150,2022-11-07 12:59:11.735561,can_tapper12,2022-11-07 12:59:09.431113,-2.304448,Glow plugs preheating,Engine Heater Glow Plugs Status,Engine Heater Glow Plugs,"rgb(166,86,40)"
150,2022-11-07 12:59:11.735561,can_tapper12,2022-11-07 12:59:13.341184,1.605623,Engine running command,Engine Status,status,"rgb(166,86,40)"
151,2022-11-08 15:08:07.938673,can_tapper12,2022-11-08 15:08:07.938673,0.0,Engine starting command,Engine Status,status,"rgb(247,129,191)"
151,2022-11-08 15:08:07.938673,can_tapper12,2022-11-08 15:08:03.933822,-4.004851,Glow plugs preheating,Engine Heater Glow Plugs Status,Engine Heater Glow Plugs,"rgb(247,129,191)"
151,2022-11-08 15:08:07.938673,can_tapper12,2022-11-08 15:08:05.633874,-2.304799,Glow plugs preheating,Engine Heater Glow Plugs Status,Engine Heater Glow Plugs,"rgb(247,129,191)"
151,2022-11-08 15:08:07.938673,can_tapper12,2022-11-08 15:08:09.572780,1.634107,Engine running command,Engine Status,status,"rgb(247,129,191)"
152,2022-11-09 10:11:37.525145,can_tapper12,2022-11-09 10:11:37.525145,0.0,Engine starting command,Engine Status,status,"rgb(153,153,153)"
152,2022-11-09 10:11:37.525145,can_tapper12,2022-11-09 10:11:35.418688,-2.106457,Glow plugs preheating,Engine Heater Glow Plugs Status,Engine Heater Glow Plugs,"rgb(153,153,153)"
152,2022-11-09 10:11:37.525145,can_tapper12,2022-11-09 10:11:39.181279,1.656134,Engine running command,Engine Status,status,"rgb(153,153,153)"
153,2022-11-09 10:56:02.062844,can_tapper12,2022-11-09 10:56:02.062844,0.0,Engine starting command,Engine Status,status,"rgb(228,26,28)"
153,2022-11-09 10:56:02.062844,can_tapper12,2022-11-09 10:56:00.057209,-2.005635,Glow plugs preheating,Engine Heater Glow Plugs Status,Engine Heater Glow Plugs,"rgb(228,26,28)"
153,2022-11-09 10:56:02.062844,can_tapper12,2022-11-09 10:56:03.764669,1.701825,Engine running command,Engine Status,status,"rgb(228,26,28)"
154,2022-11-09 12:09:40.805251,can_tapper12,2022-11-09 12:09:40.805251,0.0,Engine starting command,Engine Status,status,"rgb(55,126,184)"
154,2022-11-09 12:09:40.805251,can_tapper12,2022-11-09 12:09:38.599726,-2.205525,Glow plugs preheating,Engine Heater Glow Plugs Status,Engine Heater Glow Plugs,"rgb(55,126,184)"
154,2022-11-09 12:09:40.805251,can_tapper12,2022-11-09 12:09:42.237026,1.431775,Engine running command,Engine Status,status,"rgb(55,126,184)"
155,2022-11-09 14:27:50.656351,can_tapper12,2022-11-09 14:27:50.656351,0.0,Engine starting command,Engine Status,status,"rgb(77,175,74)"
155,2022-11-09 14:27:50.656351,can_tapper12,2022-11-09 14:27:48.348308,-2.308043,Glow plugs preheating,Engine Heater Glow Plugs Status,Engine Heater Glow Plugs,"rgb(77,175,74)"
155,2022-11-09 14:27:50.656351,can_tapper12,2022-11-09 14:27:52.081339,1.424988,Engine running command,Engine Status,status,"rgb(77,175,74)"
156,2022-11-09 17:02:53.779084,can_tapper12,2022-11-09 17:02:53.779084,0.0,Engine starting command,Engine Status,status,"rgb(152,78,163)"
156,2022-11-09 17:02:53.779084,can_tapper12,2022-11-09 17:02:51.575584,-2.2035,Glow plugs preheating,Engine Heater Glow Plugs Status,Engine Heater Glow Plugs,"rgb(152,78,163)"
156,2022-11-09 17:02:53.779084,can_tapper12,2022-11-09 17:02:55.487704,1.70862,Engine running command,Engine Status,status,"rgb(152,78,163)"
157,2022-11-10 08:07:32.047454,can_tapper12,2022-11-10 08:07:32.047454,0.0,Engine starting command,Engine Status,status,"rgb(255,127,0)"
157,2022-11-10 08:07:32.047454,can_tapper12,2022-11-10 08:07:29.942987,-2.104467,Glow plugs preheating,Engine Heater Glow Plugs Status,Engine Heater Glow Plugs,"rgb(255,127,0)"
157,2022-11-10 08:07:32.047454,can_tapper12,2022-11-10 08:07:34.028424,1.98097,Engine running command,Engine Status,status,"rgb(255,127,0)"
158,2022-11-10 09:15:27.037172,can_tapper12,2022-11-10 09:15:27.037172,0.0,Engine starting command,Engine Status,status,"rgb(255,255,51)"
158,2022-11-10 09:15:27.037172,can_tapper12,2022-11-10 09:15:25.026247,-2.010925,Glow plugs preheating,Engine Heater Glow Plugs Status,Engine Heater Glow Plugs,"rgb(255,255,51)"
158,2022-11-10 09:15:27.037172,can_tapper12,2022-11-10 09:15:28.576091,1.538919,Engine running command,Engine Status,status,"rgb(255,255,51)"
159,2022-11-10 09:28:52.111336,can_tapper12,2022-11-10 09:28:52.111336,0.0,Engine starting command,Engine Status,status,"rgb(166,86,40)"
159,2022-11-10 09:28:52.111336,can_tapper12,2022-11-10 09:28:49.899858,-2.211478,Glow plugs preheating,Engine Heater Glow Plugs Status,Engine Heater Glow Plugs,"rgb(166,86,40)"
159,2022-11-10 09:28:52.111336,can_tapper12,2022-11-10 09:28:54.093868,1.982532,Engine running command,Engine Status,status,"rgb(166,86,40)"
160,2022-11-10 10:05:23.626368,can_tapper12,2022-11-10 10:05:23.626368,0.0,Engine starting command,Engine Status,status,"rgb(247,129,191)"
160,2022-11-10 10:05:23.626368,can_tapper12,2022-11-10 10:05:21.321081,-2.305287,Glow plugs preheating,Engine Heater Glow Plugs Status,Engine Heater Glow Plugs,"rgb(247,129,191)"
160,2022-11-10 10:05:23.626368,can_tapper12,2022-11-10 10:05:25.155935,1.529567,Engine running command,Engine Status,status,"rgb(247,129,191)"
161,2022-11-10 11:10:55.096846,can_tapper12,2022-11-10 11:10:55.096846,0.0,Engine starting command,Engine Status,status,"rgb(153,153,153)"
161,2022-11-10 11:10:55.096846,can_tapper12,2022-11-10 11:10:52.792641,-2.304205,Glow plugs preheating,Engine Heater Glow Plugs Status,Engine Heater Glow Plugs,"rgb(153,153,153)"
161,2022-11-10 11:10:55.096846,can_tapper12,2022-11-10 11:10:56.488046,1.3912,Engine running command,Engine Status,status,"rgb(153,153,153)"
162,2022-11-10 13:37:24.915413,can_tapper12,2022-11-10 13:37:24.915413,0.0,Engine starting command,Engine Status,status,"rgb(228,26,28)"
162,2022-11-10 13:37:24.915413,can_tapper12,2022-11-10 13:37:22.610329,-2.305084,Glow plugs preheating,Engine Heater Glow Plugs Status,Engine Heater Glow Plugs,"rgb(228,26,28)"
162,2022-11-10 13:37:24.915413,can_tapper12,2022-11-10 13:37:26.555661,1.640248,Engine running command,Engine Status,status,"rgb(228,26,28)"
163,2022-11-10 16:03:38.035434,can_tapper12,2022-11-10 16:03:38.035434,0.0,Engine starting command,Engine Status,status,"rgb(55,126,184)"
163,2022-11-10 16:03:38.035434,can_tapper12,2022-11-10 16:03:35.830104,-2.20533,Glow plugs preheating,Engine Heater Glow Plugs Status,Engine Heater Glow Plugs,"rgb(55,126,184)"
163,2022-11-10 16:03:38.035434,can_tapper12,2022-11-10 16:03:39.808481,1.773047,Engine running command,Engine Status,status,"rgb(55,126,184)"
164,2022-11-11 07:43:21.249512,can_tapper12,2022-11-11 07:43:21.249512,0.0,Engine starting command,Engine Status,status,"rgb(77,175,74)"
164,2022-11-11 07:43:21.249512,can_tapper12,2022-11-11 07:43:18.945067,-2.304445,Glow plugs preheating,Engine Heater Glow Plugs Status,Engine Heater Glow Plugs,"rgb(77,175,74)"
164,2022-11-11 07:43:21.249512,can_tapper12,2022-11-11 07:43:23.127016,1.877504,Engine running command,Engine Status,status,"rgb(77,175,74)"
165,2022-11-11 11:42:28.112907,can_tapper12,2022-11-11 11:42:28.112907,0.0,Engine starting command,Engine Status,status,"rgb(152,78,163)"
165,2022-11-11 11:42:28.112907,can_tapper12,2022-11-11 11:42:25.808956,-2.303951,Glow plugs preheating,Engine Heater Glow Plugs Status,Engine Heater Glow Plugs,"rgb(152,78,163)"
165,2022-11-11 11:42:28.112907,can_tapper12,2022-11-11 11:42:29.551653,1.438746,Engine running command,Engine Status,status,"rgb(152,78,163)"
166,2022-11-11 13:00:10.237243,can_tapper12,2022-11-11 13:00:10.237243,0.0,Engine starting command,Engine Status,status,"rgb(255,127,0)"
166,2022-11-11 13:00:10.237243,can_tapper12,2022-11-11 13:00:07.933160,-2.304083,Glow plugs preheating,Engine Heater Glow Plugs Status,Engine Heater Glow Plugs,"rgb(255,127,0)"
166,2022-11-11 13:00:10.237243,can_tapper12,2022-11-11 13:00:12.167219,1.929976,Engine running command,Engine Status,status,"rgb(255,127,0)"
167,2022-11-11 19:19:27.584060,can_tapper12,2022-11-11 19:19:27.584060,0.0,Engine starting command,Engine Status,status,"rgb(255,255,51)"
167,2022-11-11 19:19:27.584060,can_tapper12,2022-11-11 19:19:25.378880,-2.20518,Glow plugs preheating,Engine Heater Glow Plugs Status,Engine Heater Glow Plugs,"rgb(255,255,51)"
167,2022-11-11 19:19:27.584060,can_tapper12,2022-11-11 19:19:29.470278,1.886218,Engine running command,Engine Status,status,"rgb(255,255,51)"
168,2022-11-12 07:55:11.469894,can_tapper12,2022-11-12 07:55:11.469894,0.0,Engine starting command,Engine Status,status,"rgb(166,86,40)"
168,2022-11-12 07:55:11.469894,can_tapper12,2022-11-12 07:55:09.165446,-2.304448,Glow plugs preheating,Engine Heater Glow Plugs Status,Engine Heater Glow Plugs,"rgb(166,86,40)"
168,2022-11-12 07:55:11.469894,can_tapper12,2022-11-12 07:55:13.074846,1.604952,Engine running command,Engine Status,status,"rgb(166,86,40)"
169,2022-11-12 11:46:43.904766,can_tapper12,2022-11-12 11:46:43.904766,0.0,Engine starting command,Engine Status,status,"rgb(247,129,191)"
169,2022-11-12 11:46:43.904766,can_tapper12,2022-11-12 11:46:41.603488,-2.301278,Glow plugs preheating,Engine Heater Glow Plugs Status,Engine Heater Glow Plugs,"rgb(247,129,191)"
169,2022-11-12 11:46:43.904766,can_tapper12,2022-11-12 11:46:45.610016,1.70525,Engine running command,Engine Status,status,"rgb(247,129,191)"
170,2022-11-12 14:19:44.453080,can_tapper12,2022-11-12 14:19:44.453080,0.0,Engine starting command,Engine Status,status,"rgb(153,153,153)"
170,2022-11-12 14:19:44.453080,can_tapper12,2022-11-12 14:19:42.348312,-2.104768,Glow plugs preheating,Engine Heater Glow Plugs Status,Engine Heater Glow Plugs,"rgb(153,153,153)"
170,2022-11-12 14:19:44.453080,can_tapper12,2022-11-12 14:19:46.263575,1.810495,Engine running command,Engine Status,status,"rgb(153,153,153)"
171,2022-11-12 15:41:34.973712,can_tapper12,2022-11-12 15:41:34.973712,0.0,Engine starting command,Engine Status,status,"rgb(228,26,28)"
171,2022-11-12 15:41:34.973712,can_tapper12,2022-11-12 15:41:32.768955,-2.204757,Glow plugs preheating,Engine Heater Glow Plugs Status,Engine Heater Glow Plugs,"rgb(228,26,28)"
171,2022-11-12 15:41:34.973712,can_tapper12,2022-11-12 15:41:36.590811,1.617099,Engine running command,Engine Status,status,"rgb(228,26,28)"
172,2022-11-12 19:21:56.674137,can_tapper12,2022-11-12 19:21:56.674137,0.0,Engine starting command,Engine Status,status,"rgb(55,126,184)"
172,2022-11-12 19:21:56.674137,can_tapper12,2022-11-12 19:21:54.470732,-2.203405,Glow plugs preheating,Engine Heater Glow Plugs Status,Engine Heater Glow Plugs,"rgb(55,126,184)"
172,2022-11-12 19:21:56.674137,can_tapper12,2022-11-12 19:21:58.377138,1.703001,Engine running command,Engine Status,status,"rgb(55,126,184)"
173,2022-11-13 07:37:32.721191,can_tapper12,2022-11-13 07:37:32.721191,0.0,Engine starting command,Engine Status,status,"rgb(77,175,74)"
173,2022-11-13 07:37:32.721191,can_tapper12,2022-11-13 07:37:33.019215,0.298024,Glow plugs preheating,Engine Heater Glow Plugs Status,Engine Heater Glow Plugs,"rgb(77,175,74)"
173,2022-11-13 07:37:32.721191,can_tapper12,2022-11-13 07:37:34.514735,1.793544,Engine running command,Engine Status,status,"rgb(77,175,74)"
174,2022-11-13 11:35:03.106678,can_tapper12,2022-11-13 11:35:03.106678,0.0,Engine starting command,Engine Status,status,"rgb(152,78,163)"
174,2022-11-13 11:35:03.106678,can_tapper12,2022-11-13 11:35:04.615326,1.508648,Engine running command,Engine Status,status,"rgb(152,78,163)"
175,2022-11-13 15:18:26.736413,can_tapper12,2022-11-13 15:18:26.736413,0.0,Engine starting command,Engine Status,status,"rgb(255,127,0)"
175,2022-11-13 15:18:26.736413,can_tapper12,2022-11-13 15:18:24.629638,-2.106775,Glow plugs preheating,Engine Heater Glow Plugs Status,Engine Heater Glow Plugs,"rgb(255,127,0)"
175,2022-11-13 15:18:26.736413,can_tapper12,2022-11-13 15:18:28.180781,1.444368,Engine running command,Engine Status,status,"rgb(255,127,0)"
176,2022-11-13 17:20:34.807210,can_tapper12,2022-11-13 17:20:34.807210,0.0,Engine starting command,Engine Status,status,"rgb(255,255,51)"
176,2022-11-13 17:20:34.807210,can_tapper12,2022-11-13 17:20:32.704335,-2.102875,Glow plugs preheating,Engine Heater Glow Plugs Status,Engine Heater Glow Plugs,"rgb(255,255,51)"
176,2022-11-13 17:20:34.807210,can_tapper12,2022-11-13 17:20:36.210935,1.403725,Engine running command,Engine Status,status,"rgb(255,255,51)"
177,2022-11-14 07:37:56.009098,can_tapper12,2022-11-14 07:37:56.009098,0.0,Engine starting command,Engine Status,status,"rgb(166,86,40)"
177,2022-11-14 07:37:56.009098,can_tapper12,2022-11-14 07:37:53.704372,-2.304726,Glow plugs preheating,Engine Heater Glow Plugs Status,Engine Heater Glow Plugs,"rgb(166,86,40)"
177,2022-11-14 07:37:56.009098,can_tapper12,2022-11-14 07:37:57.657409,1.648311,Engine running command,Engine Status,status,"rgb(166,86,40)"
178,2022-11-14 09:44:11.486262,can_tapper12,2022-11-14 09:44:11.486262,0.0,Engine starting command,Engine Status,status,"rgb(247,129,191)"
178,2022-11-14 09:44:11.486262,can_tapper12,2022-11-14 09:44:09.178218,-2.308044,Glow plugs preheating,Engine Heater Glow Plugs Status,Engine Heater Glow Plugs,"rgb(247,129,191)"
178,2022-11-14 09:44:11.486262,can_tapper12,2022-11-14 09:44:13.159347,1.673085,Engine running command,Engine Status,status,"rgb(247,129,191)"
179,2022-11-14 12:37:20.373900,can_tapper12,2022-11-14 12:37:20.373900,0.0,Engine starting command,Engine Status,status,"rgb(153,153,153)"
179,2022-11-14 12:37:20.373900,can_tapper12,2022-11-14 12:37:20.571525,0.197625,Glow plugs preheating,Engine Heater Glow Plugs Status,Engine Heater Glow Plugs,"rgb(153,153,153)"
179,2022-11-14 12:37:20.373900,can_tapper12,2022-11-14 12:37:21.909375,1.535475,Engine running command,Engine Status,status,"rgb(153,153,153)"
180,2022-11-14 15:26:46.233212,can_tapper12,2022-11-14 15:26:46.233212,0.0,Engine starting command,Engine Status,status,"rgb(228,26,28)"
180,2022-11-14 15:26:46.233212,can_tapper12,2022-11-14 15:26:44.228781,-2.004431,Glow plugs preheating,Engine Heater Glow Plugs Status,Engine Heater Glow Plugs,"rgb(228,26,28)"
180,2022-11-14 15:26:46.233212,can_tapper12,2022-11-14 15:26:47.761932,1.52872,Engine running command,Engine Status,status,"rgb(228,26,28)"
181,2022-11-14 15:43:59.249935,can_tapper12,2022-11-14 15:43:59.249935,0.0,Engine starting command,Engine Status,status,"rgb(55,126,184)"
181,2022-11-14 15:43:59.249935,can_tapper12,2022-11-14 15:43:57.142158,-2.107777,Glow plugs preheating,Engine Heater Glow Plugs Status,Engine Heater Glow Plugs,"rgb(55,126,184)"
181,2022-11-14 15:43:59.249935,can_tapper12,2022-11-14 15:44:00.751308,1.501373,Engine running command,Engine Status,status,"rgb(55,126,184)"
182,2022-11-14 16:36:34.437448,can_tapper12,2022-11-14 16:36:34.437448,0.0,Engine starting command,Engine Status,status,"rgb(77,175,74)"
182,2022-11-14 16:36:34.437448,can_tapper12,2022-11-14 16:36:32.334052,-2.103396,Glow plugs preheating,Engine Heater Glow Plugs Status,Engine Heater Glow Plugs,"rgb(77,175,74)"
182,2022-11-14 16:36:34.437448,can_tapper12,2022-11-14 16:36:36.004988,1.56754,Engine running command,Engine Status,status,"rgb(77,175,74)"
183,2022-11-15 07:39:31.423193,can_tapper12,2022-11-15 07:39:31.423193,0.0,Engine starting command,Engine Status,status,"rgb(152,78,163)"
183,2022-11-15 07:39:31.423193,can_tapper12,2022-11-15 07:39:29.219368,-2.203825,Glow plugs preheating,Engine Heater Glow Plugs Status,Engine Heater Glow Plugs,"rgb(152,78,163)"
183,2022-11-15 07:39:31.423193,can_tapper12,2022-11-15 07:39:32.948388,1.525195,Engine running command,Engine Status,status,"rgb(152,78,163)"
184,2022-11-15 12:33:47.362626,can_tapper12,2022-11-15 12:33:47.362626,0.0,Engine starting command,Engine Status,status,"rgb(255,127,0)"
184,2022-11-15 12:33:47.362626,can_tapper12,2022-11-15 12:33:45.157294,-2.205332,Glow plugs preheating,Engine Heater Glow Plugs Status,Engine Heater Glow Plugs,"rgb(255,127,0)"
184,2022-11-15 12:33:47.362626,can_tapper12,2022-11-15 12:33:48.737438,1.374812,Engine running command,Engine Status,status,"rgb(255,127,0)"
185,2022-11-15 15:20:46.320038,can_tapper12,2022-11-15 15:20:46.320038,0.0,Engine starting command,Engine Status,status,"rgb(255,255,51)"
185,2022-11-15 15:20:46.320038,can_tapper12,2022-11-15 15:20:44.116063,-2.203975,Glow plugs preheating,Engine Heater Glow Plugs Status,Engine Heater Glow Plugs,"rgb(255,255,51)"
185,2022-11-15 15:20:46.320038,can_tapper12,2022-11-15 15:20:48.196400,1.876362,Engine running command,Engine Status,status,"rgb(255,255,51)"
186,2022-11-15 17:53:40.047403,can_tapper12,2022-11-15 17:53:40.047403,0.0,Engine starting command,Engine Status,status,"rgb(166,86,40)"
186,2022-11-15 17:53:40.047403,can_tapper12,2022-11-15 17:53:37.941952,-2.105451,Glow plugs preheating,Engine Heater Glow Plugs Status,Engine Heater Glow Plugs,"rgb(166,86,40)"
186,2022-11-15 17:53:40.047403,can_tapper12,2022-11-15 17:53:41.552946,1.505543,Engine running command,Engine Status,status,"rgb(166,86,40)"
187,2022-11-15 19:22:16.224207,can_tapper12,2022-11-15 19:22:16.224207,0.0,Engine starting command,Engine Status,status,"rgb(247,129,191)"
187,2022-11-15 19:22:16.224207,can_tapper12,2022-11-15 19:22:13.916246,-2.307961,Glow plugs preheating,Engine Heater Glow Plugs Status,Engine Heater Glow Plugs,"rgb(247,129,191)"
187,2022-11-15 19:22:16.224207,can_tapper12,2022-11-15 19:22:17.764406,1.540199,Engine running command,Engine Status,status,"rgb(247,129,191)"
188,2022-11-15 21:09:54.053177,can_tapper12,2022-11-15 21:09:54.053177,0.0,Engine starting command,Engine Status,status,"rgb(153,153,153)"
188,2022-11-15 21:09:54.053177,can_tapper12,2022-11-15 21:09:54.452401,0.399224,Glow plugs preheating,Engine Heater Glow Plugs Status,Engine Heater Glow Plugs,"rgb(153,153,153)"
188,2022-11-15 21:09:54.053177,can_tapper12,2022-11-15 21:09:55.974482,1.921305,Engine running command,Engine Status,status,"rgb(153,153,153)"
189,2022-11-15 23:14:06.438504,can_tapper12,2022-11-15 23:14:06.438504,0.0,Engine starting command,Engine Status,status,"rgb(228,26,28)"
189,2022-11-15 23:14:06.438504,can_tapper12,2022-11-15 23:13:59.927329,-6.511175,Glow plugs preheating,Engine Heater Glow Plugs Status,Engine Heater Glow Plugs,"rgb(228,26,28)"
189,2022-11-15 23:14:06.438504,can_tapper12,2022-11-15 23:14:04.329678,-2.108826,Glow plugs preheating,Engine Heater Glow Plugs Status,Engine Heater Glow Plugs,"rgb(228,26,28)"
189,2022-11-15 23:14:06.438504,can_tapper12,2022-11-15 23:14:08.141124,1.70262,Engine running command,Engine Status,status,"rgb(228,26,28)"
190,2022-11-16 01:01:46.231204,can_tapper12,2022-11-16 01:01:46.231204,0.0,Engine starting command,Engine Status,status,"rgb(55,126,184)"
190,2022-11-16 01:01:46.231204,can_tapper12,2022-11-16 01:01:44.227329,-2.003875,Glow plugs preheating,Engine Heater Glow Plugs Status,Engine Heater Glow Plugs,"rgb(55,126,184)"
190,2022-11-16 01:01:46.231204,can_tapper12,2022-11-16 01:01:47.702430,1.471226,Engine running command,Engine Status,status,"rgb(55,126,184)"
191,2022-11-16 03:04:39.810701,can_tapper12,2022-11-16 03:04:39.810701,0.0,Engine starting command,Engine Status,status,"rgb(77,175,74)"
191,2022-11-16 03:04:39.810701,can_tapper12,2022-11-16 03:04:37.700828,-2.109873,Glow plugs preheating,Engine Heater Glow Plugs Status,Engine Heater Glow Plugs,"rgb(77,175,74)"
191,2022-11-16 03:04:39.810701,can_tapper12,2022-11-16 03:04:41.620851,1.81015,Engine running command,Engine Status,status,"rgb(77,175,74)"
192,2022-11-16 06:37:04.852138,can_tapper12,2022-11-16 06:37:04.852138,0.0,Engine starting command,Engine Status,status,"rgb(152,78,163)"
192,2022-11-16 06:37:04.852138,can_tapper12,2022-11-16 06:37:05.244078,0.39194,Glow plugs preheating,Engine Heater Glow Plugs Status,Engine Heater Glow Plugs,"rgb(152,78,163)"
192,2022-11-16 06:37:04.852138,can_tapper12,2022-11-16 06:37:06.631020,1.778882,Engine running command,Engine Status,status,"rgb(152,78,163)"
193,2022-11-16 09:30:15.645063,can_tapper12,2022-11-16 09:30:15.645063,0.0,Engine starting command,Engine Status,status,"rgb(255,127,0)"
193,2022-11-16 09:30:15.645063,can_tapper12,2022-11-16 09:30:13.540864,-2.104199,Glow plugs preheating,Engine Heater Glow Plugs Status,Engine Heater Glow Plugs,"rgb(255,127,0)"
193,2022-11-16 09:30:15.645063,can_tapper12,2022-11-16 09:30:17.466788,1.821725,Engine running command,Engine Status,status,"rgb(255,127,0)"
194,2022-11-16 12:44:59.513794,can_tapper12,2022-11-16 12:44:59.513794,0.0,Engine starting command,Engine Status,status,"rgb(255,255,51)"
194,2022-11-16 12:44:59.513794,can_tapper12,2022-11-16 12:44:57.307570,-2.206224,Glow plugs preheating,Engine Heater Glow Plugs Status,Engine Heater Glow Plugs,"rgb(255,255,51)"
194,2022-11-16 12:44:59.513794,can_tapper12,2022-11-16 12:45:00.949545,1.435751,Engine running command,Engine Status,status,"rgb(255,255,51)"
195,2022-11-16 15:18:36.689979,can_tapper12,2022-11-16 15:18:36.689979,0.0,Engine starting command,Engine Status,status,"rgb(166,86,40)"
195,2022-11-16 15:18:36.689979,can_tapper12,2022-11-16 15:18:34.383388,-2.306591,Glow plugs preheating,Engine Heater Glow Plugs Status,Engine Heater Glow Plugs,"rgb(166,86,40)"
195,2022-11-16 15:18:36.689979,can_tapper12,2022-11-16 15:18:38.228258,1.538279,Engine running command,Engine Status,status,"rgb(166,86,40)"
196,2022-11-17 08:23:05.882646,can_tapper12,2022-11-17 08:23:05.882646,0.0,Engine starting command,Engine Status,status,"rgb(247,129,191)"
196,2022-11-17 08:23:05.882646,can_tapper12,2022-11-17 08:23:07.202706,1.32006,Engine running command,Engine Status,status,"rgb(247,129,191)"
197,2022-11-17 10:01:36.954850,can_tapper12,2022-11-17 10:01:36.954850,0.0,Engine starting command,Engine Status,status,"rgb(153,153,153)"
197,2022-11-17 10:01:36.954850,can_tapper12,2022-11-17 10:01:34.851046,-2.103804,Glow plugs preheating,Engine Heater Glow Plugs Status,Engine Heater Glow Plugs,"rgb(153,153,153)"
197,2022-11-17 10:01:36.954850,can_tapper12,2022-11-17 10:01:38.478031,1.523181,Engine running command,Engine Status,status,"rgb(153,153,153)"
198,2022-11-17 10:28:41.335239,can_tapper12,2022-11-17 10:28:41.335239,0.0,Engine starting command,Engine Status,status,"rgb(228,26,28)"
198,2022-11-17 10:28:41.335239,can_tapper12,2022-11-17 10:28:39.223612,-2.111627,Glow plugs preheating,Engine Heater Glow Plugs Status,Engine Heater Glow Plugs,"rgb(228,26,28)"
198,2022-11-17 10:28:41.335239,can_tapper12,2022-11-17 10:28:42.732019,1.39678,Engine running command,Engine Status,status,"rgb(228,26,28)"
199,2022-11-17 10:38:16.914107,can_tapper12,2022-11-17 10:38:16.914107,0.0,Engine starting command,Engine Status,status,"rgb(55,126,184)"
199,2022-11-17 10:38:16.914107,can_tapper12,2022-11-17 10:38:14.609143,-2.304964,Glow plugs preheating,Engine Heater Glow Plugs Status,Engine Heater Glow Plugs,"rgb(55,126,184)"
199,2022-11-17 10:38:16.914107,can_tapper12,2022-11-17 10:38:18.339537,1.42543,Engine running command,Engine Status,status,"rgb(55,126,184)"
200,2022-11-17 10:54:33.220957,can_tapper12,2022-11-17 10:54:33.220957,0.0,Engine starting command,Engine Status,status,"rgb(77,175,74)"
200,2022-11-17 10:54:33.220957,can_tapper12,2022-11-17 10:54:31.115452,-2.105505,Glow plugs preheating,Engine Heater Glow Plugs Status,Engine Heater Glow Plugs,"rgb(77,175,74)"
200,2022-11-17 10:54:33.220957,can_tapper12,2022-11-17 10:54:34.609806,1.388849,Engine running command,Engine Status,status,"rgb(77,175,74)"
201,2022-11-18 08:48:26.022480,can_tapper12,2022-11-18 08:48:26.022480,0.0,Engine starting command,Engine Status,status,"rgb(152,78,163)"
201,2022-11-18 08:48:26.022480,can_tapper12,2022-11-18 08:48:26.326343,0.303863,Glow plugs preheating,Engine Heater Glow Plugs Status,Engine Heater Glow Plugs,"rgb(152,78,163)"
201,2022-11-18 08:48:26.022480,can_tapper12,2022-11-18 08:48:27.559578,1.537098,Engine running command,Engine Status,status,"rgb(152,78,163)"
202,2022-11-19 10:08:29.799530,can_tapper12,2022-11-19 10:08:29.799530,0.0,Engine starting command,Engine Status,status,"rgb(255,127,0)"
202,2022-11-19 10:08:29.799530,can_tapper12,2022-11-19 10:08:27.492128,-2.307402,Glow plugs preheating,Engine Heater Glow Plugs Status,Engine Heater Glow Plugs,"rgb(255,127,0)"
202,2022-11-19 10:08:29.799530,can_tapper12,2022-11-19 10:08:31.356841,1.557311,Engine running command,Engine Status,status,"rgb(255,127,0)"
203,2022-11-19 10:10:39.998689,can_tapper12,2022-11-19 10:10:39.998689,0.0,Engine starting command,Engine Status,status,"rgb(255,255,51)"
203,2022-11-19 10:10:39.998689,can_tapper12,2022-11-19 10:10:41.838959,1.84027,Engine running command,Engine Status,status,"rgb(255,255,51)"
204,2022-11-19 10:10:39.998689,can_tapper12,2022-11-19 10:10:39.998689,0.0,Engine starting command,Engine Status,status,"rgb(166,86,40)"
204,2022-11-19 10:10:39.998689,can_tapper12,2022-11-19 10:10:41.838959,1.84027,Engine running command,Engine Status,status,"rgb(166,86,40)"
205,2022-11-19 10:13:48.121772,can_tapper12,2022-11-19 10:13:48.121772,0.0,Engine starting command,Engine Status,status,"rgb(247,129,191)"
205,2022-11-19 10:13:48.121772,can_tapper12,2022-11-19 10:13:46.015369,-2.106403,Glow plugs preheating,Engine Heater Glow Plugs Status,Engine Heater Glow Plugs,"rgb(247,129,191)"
205,2022-11-19 10:13:48.121772,can_tapper12,2022-11-19 10:13:49.623772,1.502,Engine running command,Engine Status,status,"rgb(247,129,191)"
206,2022-11-21 09:22:07.108023,can_tapper12,2022-11-21 09:22:07.108023,0.0,Engine starting command,Engine Status,status,"rgb(153,153,153)"
206,2022-11-21 09:22:07.108023,can_tapper12,2022-11-21 09:22:07.427702,0.319679,Glow plugs preheating,Engine Heater Glow Plugs Status,Engine Heater Glow Plugs,"rgb(153,153,153)"
206,2022-11-21 09:22:07.108023,can_tapper12,2022-11-21 09:22:09.323922,2.215899,Engine running command,Engine Status,status,"rgb(153,153,153)"
207,2022-11-21 09:24:52.538717,can_tapper12,2022-11-21 09:24:52.538717,0.0,Engine starting command,Engine Status,status,"rgb(228,26,28)"
207,2022-11-21 09:24:52.538717,can_tapper12,2022-11-21 09:24:52.987646,0.448929,Glow plugs preheating,Engine Heater Glow Plugs Status,Engine Heater Glow Plugs,"rgb(228,26,28)"
207,2022-11-21 09:24:52.538717,can_tapper12,2022-11-21 09:24:54.193922,1.655205,Engine running command,Engine Status,status,"rgb(228,26,28)"
208,2022-11-22 09:14:15.443820,can_tapper12,2022-11-22 09:14:15.443820,0.0,Engine starting command,Engine Status,status,"rgb(55,126,184)"
208,2022-11-22 09:14:15.443820,can_tapper12,2022-11-22 09:14:15.666570,0.22275,Glow plugs preheating,Engine Heater Glow Plugs Status,Engine Heater Glow Plugs,"rgb(55,126,184)"
208,2022-11-22 09:14:15.443820,can_tapper12,2022-11-22 09:14:17.180196,1.736376,Engine running command,Engine Status,status,"rgb(55,126,184)"
209,2022-11-22 09:32:49.690791,can_tapper12,2022-11-22 09:32:49.690791,0.0,Engine starting command,Engine Status,status,"rgb(77,175,74)"
209,2022-11-22 09:32:49.690791,can_tapper12,2022-11-22 09:32:41.375607,-8.315184,Glow plugs preheating,Engine Heater Glow Plugs Status,Engine Heater Glow Plugs,"rgb(77,175,74)"
209,2022-11-22 09:32:49.690791,can_tapper12,2022-11-22 09:32:47.481216,-2.209575,Glow plugs preheating,Engine Heater Glow Plugs Status,Engine Heater Glow Plugs,"rgb(77,175,74)"
209,2022-11-22 09:32:49.690791,can_tapper12,2022-11-22 09:32:51.574564,1.883773,Engine running command,Engine Status,status,"rgb(77,175,74)"
210,2022-11-22 09:35:10.744439,can_tapper12,2022-11-22 09:35:10.744439,0.0,Engine starting command,Engine Status,status,"rgb(152,78,163)"
210,2022-11-22 09:35:10.744439,can_tapper12,2022-11-22 09:35:11.049810,0.305371,Glow plugs preheating,Engine Heater Glow Plugs Status,Engine Heater Glow Plugs,"rgb(152,78,163)"
210,2022-11-22 09:35:10.744439,can_tapper12,2022-11-22 09:35:12.272608,1.528169,Engine running command,Engine Status,status,"rgb(152,78,163)"
211,2022-11-28 08:29:05.097943,can_tapper12,2022-11-28 08:29:05.097943,0.0,Engine starting command,Engine Status,status,"rgb(255,127,0)"
211,2022-11-28 08:29:05.097943,can_tapper12,2022-11-28 08:29:05.503660,0.405717,Glow plugs preheating,Engine Heater Glow Plugs Status,Engine Heater Glow Plugs,"rgb(255,127,0)"
211,2022-11-28 08:29:05.097943,can_tapper12,2022-11-28 08:29:06.967720,1.869777,Engine running command,Engine Status,status,"rgb(255,127,0)"
212,2022-11-28 08:32:14.796913,can_tapper12,2022-11-28 08:32:14.796913,0.0,Engine starting command,Engine Status,status,"rgb(255,255,51)"
212,2022-11-28 08:32:14.796913,can_tapper12,2022-11-28 08:32:15.194143,0.39723,Glow plugs preheating,Engine Heater Glow Plugs Status,Engine Heater Glow Plugs,"rgb(255,255,51)"
212,2022-11-28 08:32:14.796913,can_tapper12,2022-11-28 08:32:16.629342,1.832429,Engine running command,Engine Status,status,"rgb(255,255,51)"
213,2022-11-28 08:40:14.881116,can_tapper12,2022-11-28 08:40:14.881116,0.0,Engine starting command,Engine Status,status,"rgb(166,86,40)"
213,2022-11-28 08:40:14.881116,can_tapper12,2022-11-28 08:40:12.872516,-2.0086,Glow plugs preheating,Engine Heater Glow Plugs Status,Engine Heater Glow Plugs,"rgb(166,86,40)"
213,2022-11-28 08:40:14.881116,can_tapper12,2022-11-28 08:40:16.779832,1.898716,Engine running command,Engine Status,status,"rgb(166,86,40)"
214,2022-11-29 14:04:22.911718,can_tapper12,2022-11-29 14:04:22.911718,0.0,Engine starting command,Engine Status,status,"rgb(247,129,191)"
214,2022-11-29 14:04:22.911718,can_tapper12,2022-11-29 14:04:20.807313,-2.104405,Glow plugs preheating,Engine Heater Glow Plugs Status,Engine Heater Glow Plugs,"rgb(247,129,191)"
214,2022-11-29 14:04:22.911718,can_tapper12,2022-11-29 14:04:24.677088,1.76537,Engine running command,Engine Status,status,"rgb(247,129,191)"
215,2022-11-30 11:27:11.706086,can_tapper12,2022-11-30 11:27:11.706086,0.0,Engine starting command,Engine Status,status,"rgb(153,153,153)"
215,2022-11-30 11:27:11.706086,can_tapper12,2022-11-30 11:27:12.017960,0.311874,Glow plugs preheating,Engine Heater Glow Plugs Status,Engine Heater Glow Plugs,"rgb(153,153,153)"
215,2022-11-30 11:27:11.706086,can_tapper12,2022-11-30 11:27:13.392299,1.686213,Engine running command,Engine Status,status,"rgb(153,153,153)"
216,2022-11-30 12:29:20.910325,can_tapper12,2022-11-30 12:29:20.910325,0.0,Engine starting command,Engine Status,status,"rgb(228,26,28)"
216,2022-11-30 12:29:20.910325,can_tapper12,2022-11-30 12:29:21.209026,0.298701,Glow plugs preheating,Engine Heater Glow Plugs Status,Engine Heater Glow Plugs,"rgb(228,26,28)"
216,2022-11-30 12:29:20.910325,can_tapper12,2022-11-30 12:29:22.812122,1.901797,Engine running command,Engine Status,status,"rgb(228,26,28)"
217,2022-11-30 13:31:30.316599,can_tapper12,2022-11-30 13:31:30.316599,0.0,Engine starting command,Engine Status,status,"rgb(55,126,184)"
217,2022-11-30 13:31:30.316599,can_tapper12,2022-11-30 13:31:30.613695,0.297096,Glow plugs preheating,Engine Heater Glow Plugs Status,Engine Heater Glow Plugs,"rgb(55,126,184)"
217,2022-11-30 13:31:30.316599,can_tapper12,2022-11-30 13:31:31.936293,1.619694,Engine running command,Engine Status,status,"rgb(55,126,184)"
218,2022-11-30 13:31:30.316599,can_tapper12,2022-11-30 13:31:30.316599,0.0,Engine starting command,Engine Status,status,"rgb(77,175,74)"
218,2022-11-30 13:31:30.316599,can_tapper12,2022-11-30 13:31:30.613695,0.297096,Glow plugs preheating,Engine Heater Glow Plugs Status,Engine Heater Glow Plugs,"rgb(77,175,74)"
218,2022-11-30 13:31:30.316599,can_tapper12,2022-11-30 13:31:31.936293,1.619694,Engine running command,Engine Status,status,"rgb(77,175,74)"
219,2022-12-01 10:06:22.097688,can_tapper12,2022-12-01 10:06:22.097688,0.0,Engine starting command,Engine Status,status,"rgb(152,78,163)"
219,2022-12-01 10:06:22.097688,can_tapper12,2022-12-01 10:06:22.507157,0.409469,Glow plugs preheating,Engine Heater Glow Plugs Status,Engine Heater Glow Plugs,"rgb(152,78,163)"
219,2022-12-01 10:06:22.097688,can_tapper12,2022-12-01 10:06:23.844387,1.746699,Engine running command,Engine Status,status,"rgb(152,78,163)"
219,2022-12-01 10:06:22.097688,can_tapper12,2022-12-01 10:08:09.677760,107.580072,Glow plugs preheating,Engine Heater Glow Plugs Status,Engine Heater Glow Plugs,"rgb(152,78,163)"
219,2022-12-01 10:06:22.097688,can_tapper12,2022-12-01 10:08:11.020133,108.922445,Engine running command,Engine Status,status,"rgb(152,78,163)"
220,2022-12-01 10:08:09.319114,can_tapper12,2022-12-01 10:08:09.319114,0.0,Engine starting command,Engine Status,status,"rgb(255,127,0)"
220,2022-12-01 10:08:09.319114,can_tapper12,2022-12-01 10:08:09.677760,0.358646,Glow plugs preheating,Engine Heater Glow Plugs Status,Engine Heater Glow Plugs,"rgb(255,127,0)"
220,2022-12-01 10:08:09.319114,can_tapper12,2022-12-01 10:08:11.020133,1.701019,Engine running command,Engine Status,status,"rgb(255,127,0)"
221,2022-12-01 13:28:15.728021,can_tapper12,2022-12-01 13:28:15.728021,0.0,Engine starting command,Engine Status,status,"rgb(255,255,51)"
221,2022-12-01 13:28:15.728021,can_tapper12,2022-12-01 13:28:13.514670,-2.213351,Glow plugs preheating,Engine Heater Glow Plugs Status,Engine Heater Glow Plugs,"rgb(255,255,51)"
221,2022-12-01 13:28:15.728021,can_tapper12,2022-12-01 13:28:17.396326,1.668305,Engine running command,Engine Status,status,"rgb(255,255,51)"
222,2022-12-01 14:45:33.302721,can_tapper12,2022-12-01 14:45:33.302721,0.0,Engine starting command,Engine Status,status,"rgb(166,86,40)"
222,2022-12-01 14:45:33.302721,can_tapper12,2022-12-01 14:45:33.521473,0.218752,Glow plugs preheating,Engine Heater Glow Plugs Status,Engine Heater Glow Plugs,"rgb(166,86,40)"
222,2022-12-01 14:45:33.302721,can_tapper12,2022-12-01 14:45:34.995246,1.692525,Engine running command,Engine Status,status,"rgb(166,86,40)"
223,2022-12-07 08:43:19.660556,can_tapper12,2022-12-07 08:43:19.660556,0.0,Engine starting command,Engine Status,status,"rgb(247,129,191)"
223,2022-12-07 08:43:19.660556,can_tapper12,2022-12-07 08:43:17.351683,-2.308873,Glow plugs preheating,Engine Heater Glow Plugs Status,Engine Heater Glow Plugs,"rgb(247,129,191)"
223,2022-12-07 08:43:19.660556,can_tapper12,2022-12-07 08:43:21.455406,1.79485,Engine running command,Engine Status,status,"rgb(247,129,191)"
224,2022-12-07 09:35:00.668347,can_tapper12,2022-12-07 09:35:00.668347,0.0,Engine starting command,Engine Status,status,"rgb(153,153,153)"
224,2022-12-07 09:35:00.668347,can_tapper12,2022-12-07 09:34:58.561349,-2.106998,Glow plugs preheating,Engine Heater Glow Plugs Status,Engine Heater Glow Plugs,"rgb(153,153,153)"
224,2022-12-07 09:35:00.668347,can_tapper12,2022-12-07 09:35:02.363201,1.694854,Engine running command,Engine Status,status,"rgb(153,153,153)"
225,2022-12-07 09:48:26.590592,can_tapper12,2022-12-07 09:48:26.590592,0.0,Engine starting command,Engine Status,status,"rgb(228,26,28)"
225,2022-12-07 09:48:26.590592,can_tapper12,2022-12-07 09:48:27.005914,0.415322,Glow plugs preheating,Engine Heater Glow Plugs Status,Engine Heater Glow Plugs,"rgb(228,26,28)"
225,2022-12-07 09:48:26.590592,can_tapper12,2022-12-07 09:48:28.189123,1.598531,Engine running command,Engine Status,status,"rgb(228,26,28)"
226,2022-12-07 09:56:52.423794,can_tapper12,2022-12-07 09:56:52.423794,0.0,Engine starting command,Engine Status,status,"rgb(55,126,184)"
226,2022-12-07 09:56:52.423794,can_tapper12,2022-12-07 09:56:52.752070,0.328276,Glow plugs preheating,Engine Heater Glow Plugs Status,Engine Heater Glow Plugs,"rgb(55,126,184)"
226,2022-12-07 09:56:52.423794,can_tapper12,2022-12-07 09:56:54.087739,1.663945,Engine running command,Engine Status,status,"rgb(55,126,184)"
227,2022-12-07 10:08:00.876870,can_tapper12,2022-12-07 10:08:00.876870,0.0,Engine starting command,Engine Status,status,"rgb(77,175,74)"
227,2022-12-07 10:08:00.876870,can_tapper12,2022-12-07 10:08:01.170969,0.294099,Glow plugs preheating,Engine Heater Glow Plugs Status,Engine Heater Glow Plugs,"rgb(77,175,74)"
227,2022-12-07 10:08:00.876870,can_tapper12,2022-12-07 10:08:02.477844,1.600974,Engine running command,Engine Status,status,"rgb(77,175,74)"
228,2022-12-07 10:16:53.022682,can_tapper12,2022-12-07 10:16:53.022682,0.0,Engine starting command,Engine Status,status,"rgb(152,78,163)"
228,2022-12-07 10:16:53.022682,can_tapper12,2022-12-07 10:16:53.233066,0.210384,Glow plugs preheating,Engine Heater Glow Plugs Status,Engine Heater Glow Plugs,"rgb(152,78,163)"
228,2022-12-07 10:16:53.022682,can_tapper12,2022-12-07 10:16:55.017458,1.994776,Engine running command,Engine Status,status,"rgb(152,78,163)"
229,2022-12-07 11:04:29.090327,can_tapper12,2022-12-07 11:04:29.090327,0.0,Engine starting command,Engine Status,status,"rgb(255,127,0)"
229,2022-12-07 11:04:29.090327,can_tapper12,2022-12-07 11:04:27.086378,-2.003949,Glow plugs preheating,Engine Heater Glow Plugs Status,Engine Heater Glow Plugs,"rgb(255,127,0)"
229,2022-12-07 11:04:29.090327,can_tapper12,2022-12-07 11:04:30.806796,1.716469,Engine running command,Engine Status,status,"rgb(255,127,0)"
230,2022-12-07 11:12:32.770196,can_tapper12,2022-12-07 11:12:32.770196,0.0,Engine starting command,Engine Status,status,"rgb(255,255,51)"
230,2022-12-07 11:12:32.770196,can_tapper12,2022-12-07 11:12:30.466351,-2.303845,Glow plugs preheating,Engine Heater Glow Plugs Status,Engine Heater Glow Plugs,"rgb(255,255,51)"
230,2022-12-07 11:12:32.770196,can_tapper12,2022-12-07 11:12:34.388152,1.617956,Engine running command,Engine Status,status,"rgb(255,255,51)"
231,2022-12-07 11:20:43.298902,can_tapper12,2022-12-07 11:20:43.298902,0.0,Engine starting command,Engine Status,status,"rgb(166,86,40)"
231,2022-12-07 11:20:43.298902,can_tapper12,2022-12-07 11:20:40.994027,-2.304875,Glow plugs preheating,Engine Heater Glow Plugs Status,Engine Heater Glow Plugs,"rgb(166,86,40)"
231,2022-12-07 11:20:43.298902,can_tapper12,2022-12-07 11:20:44.800520,1.501618,Engine running command,Engine Status,status,"rgb(166,86,40)"
232,2022-12-07 11:32:09.215649,can_tapper12,2022-12-07 11:32:09.215649,0.0,Engine starting command,Engine Status,status,"rgb(247,129,191)"
232,2022-12-07 11:32:09.215649,can_tapper12,2022-12-07 11:32:07.112372,-2.103277,Glow plugs preheating,Engine Heater Glow Plugs Status,Engine Heater Glow Plugs,"rgb(247,129,191)"
232,2022-12-07 11:32:09.215649,can_tapper12,2022-12-07 11:32:10.625822,1.410173,Engine running command,Engine Status,status,"rgb(247,129,191)"
233,2022-12-07 11:42:22.710469,can_tapper12,2022-12-07 11:42:22.710469,0.0,Engine starting command,Engine Status,status,"rgb(153,153,153)"
233,2022-12-07 11:42:22.710469,can_tapper12,2022-12-07 11:41:49.497847,-33.212622,Glow plugs preheating,Engine Heater Glow Plugs Status,Engine Heater Glow Plugs,"rgb(153,153,153)"
233,2022-12-07 11:42:22.710469,can_tapper12,2022-12-07 11:42:20.405393,-2.305076,Glow plugs preheating,Engine Heater Glow Plugs Status,Engine Heater Glow Plugs,"rgb(153,153,153)"
233,2022-12-07 11:42:22.710469,can_tapper12,2022-12-07 11:42:24.455823,1.745354,Engine running command,Engine Status,status,"rgb(153,153,153)"
234,2022-12-07 14:59:27.598367,can_tapper12,2022-12-07 14:59:27.598367,0.0,Engine starting command,Engine Status,status,"rgb(228,26,28)"
234,2022-12-07 14:59:27.598367,can_tapper12,2022-12-07 14:59:25.292342,-2.306025,Glow plugs preheating,Engine Heater Glow Plugs Status,Engine Heater Glow Plugs,"rgb(228,26,28)"
234,2022-12-07 14:59:27.598367,can_tapper12,2022-12-07 14:59:29.004182,1.405815,Engine running command,Engine Status,status,"rgb(228,26,28)"
235,2022-12-07 15:14:12.590181,can_tapper12,2022-12-07 15:14:12.590181,0.0,Engine starting command,Engine Status,status,"rgb(55,126,184)"
235,2022-12-07 15:14:12.590181,can_tapper12,2022-12-07 15:14:10.386183,-2.203998,Glow plugs preheating,Engine Heater Glow Plugs Status,Engine Heater Glow Plugs,"rgb(55,126,184)"
235,2022-12-07 15:14:12.590181,can_tapper12,2022-12-07 15:14:14.329904,1.739723,Engine running command,Engine Status,status,"rgb(55,126,184)"
236,2022-12-07 16:02:16.846171,can_tapper12,2022-12-07 16:02:16.846171,0.0,Engine starting command,Engine Status,status,"rgb(77,175,74)"
236,2022-12-07 16:02:16.846171,can_tapper12,2022-12-07 16:02:14.742503,-2.103668,Glow plugs preheating,Engine Heater Glow Plugs Status,Engine Heater Glow Plugs,"rgb(77,175,74)"
236,2022-12-07 16:02:16.846171,can_tapper12,2022-12-07 16:02:18.638448,1.792277,Engine running command,Engine Status,status,"rgb(77,175,74)"
237,2022-12-08 12:07:57.839915,can_tapper12,2022-12-08 12:07:57.839915,0.0,Engine starting command,Engine Status,status,"rgb(152,78,163)"
237,2022-12-08 12:07:57.839915,can_tapper12,2022-12-08 12:07:55.735869,-2.104046,Glow plugs preheating,Engine Heater Glow Plugs Status,Engine Heater Glow Plugs,"rgb(152,78,163)"
237,2022-12-08 12:07:57.839915,can_tapper12,2022-12-08 12:07:59.378342,1.538427,Engine running command,Engine Status,status,"rgb(152,78,163)"
238,2022-12-08 12:19:50.505100,can_tapper12,2022-12-08 12:19:50.505100,0.0,Engine starting command,Engine Status,status,"rgb(255,127,0)"
238,2022-12-08 12:19:50.505100,can_tapper12,2022-12-08 12:19:48.200661,-2.304439,Glow plugs preheating,Engine Heater Glow Plugs Status,Engine Heater Glow Plugs,"rgb(255,127,0)"
238,2022-12-08 12:19:50.505100,can_tapper12,2022-12-08 12:19:52.461364,1.956264,Engine running command,Engine Status,status,"rgb(255,127,0)"
239,2022-12-08 12:23:57.119438,can_tapper12,2022-12-08 12:23:57.119438,0.0,Engine starting command,Engine Status,status,"rgb(255,255,51)"
239,2022-12-08 12:23:57.119438,can_tapper12,2022-12-08 12:23:54.912436,-2.207002,Glow plugs preheating,Engine Heater Glow Plugs Status,Engine Heater Glow Plugs,"rgb(255,255,51)"
239,2022-12-08 12:23:57.119438,can_tapper12,2022-12-08 12:23:58.859508,1.74007,Engine running command,Engine Status,status,"rgb(255,255,51)"
240,2022-12-08 12:55:54.090005,can_tapper12,2022-12-08 12:55:54.090005,0.0,Engine starting command,Engine Status,status,"rgb(166,86,40)"
240,2022-12-08 12:55:54.090005,can_tapper12,2022-12-08 12:55:51.781218,-2.308787,Glow plugs preheating,Engine Heater Glow Plugs Status,Engine Heater Glow Plugs,"rgb(166,86,40)"
240,2022-12-08 12:55:54.090005,can_tapper12,2022-12-08 12:55:55.580093,1.490088,Engine running command,Engine Status,status,"rgb(166,86,40)"
241,2022-12-12 09:05:24.372469,can_tapper12,2022-12-12 09:05:24.372469,0.0,Engine starting command,Engine Status,status,"rgb(247,129,191)"
241,2022-12-12 09:05:24.372469,can_tapper12,2022-12-12 09:05:24.673424,0.300955,Glow plugs preheating,Engine Heater Glow Plugs Status,Engine Heater Glow Plugs,"rgb(247,129,191)"
241,2022-12-12 09:05:24.372469,can_tapper12,2022-12-12 09:05:26.209607,1.837138,Engine running command,Engine Status,status,"rgb(247,129,191)"
241,2022-12-12 09:05:24.372469,can_tapper12,2022-12-12 09:06:22.885811,58.513342,Glow plugs preheating,Engine Heater Glow Plugs Status,Engine Heater Glow Plugs,"rgb(247,129,191)"
241,2022-12-12 09:05:24.372469,can_tapper12,2022-12-12 09:06:24.289220,59.916751,Engine running command,Engine Status,status,"rgb(247,129,191)"
242,2022-12-12 09:06:22.590441,can_tapper12,2022-12-12 09:06:22.590441,0.0,Engine starting command,Engine Status,status,"rgb(153,153,153)"
242,2022-12-12 09:06:22.590441,can_tapper12,2022-12-12 09:05:24.673424,-57.917017,Glow plugs preheating,Engine Heater Glow Plugs Status,Engine Heater Glow Plugs,"rgb(153,153,153)"
242,2022-12-12 09:06:22.590441,can_tapper12,2022-12-12 09:05:26.209607,-56.380834,Engine running command,Engine Status,status,"rgb(153,153,153)"
242,2022-12-12 09:06:22.590441,can_tapper12,2022-12-12 09:06:22.885811,0.29537,Glow plugs preheating,Engine Heater Glow Plugs Status,Engine Heater Glow Plugs,"rgb(153,153,153)"
242,2022-12-12 09:06:22.590441,can_tapper12,2022-12-12 09:06:24.289220,1.698779,Engine running command,Engine Status,status,"rgb(153,153,153)"
243,2022-12-12 09:39:40.826607,can_tapper12,2022-12-12 09:39:40.826607,0.0,Engine starting command,Engine Status,status,"rgb(228,26,28)"
243,2022-12-12 09:39:40.826607,can_tapper12,2022-12-12 09:39:41.116410,0.289803,Glow plugs preheating,Engine Heater Glow Plugs Status,Engine Heater Glow Plugs,"rgb(228,26,28)"
243,2022-12-12 09:39:40.826607,can_tapper12,2022-12-12 09:39:42.315354,1.488747,Engine running command,Engine Status,status,"rgb(228,26,28)"
244,2022-12-12 10:22:37.419598,can_tapper12,2022-12-12 10:22:37.419598,0.0,Engine starting command,Engine Status,status,"rgb(55,126,184)"
244,2022-12-12 10:22:37.419598,can_tapper12,2022-12-12 10:22:37.738868,0.31927,Glow plugs preheating,Engine Heater Glow Plugs Status,Engine Heater Glow Plugs,"rgb(55,126,184)"
244,2022-12-12 10:22:37.419598,can_tapper12,2022-12-12 10:22:38.874520,1.454922,Engine running command,Engine Status,status,"rgb(55,126,184)"
245,2022-12-12 10:52:04.049746,can_tapper12,2022-12-12 10:52:04.049746,0.0,Engine starting command,Engine Status,status,"rgb(77,175,74)"
245,2022-12-12 10:52:04.049746,can_tapper12,2022-12-12 10:52:04.264764,0.215018,Glow plugs preheating,Engine Heater Glow Plugs Status,Engine Heater Glow Plugs,"rgb(77,175,74)"
245,2022-12-12 10:52:04.049746,can_tapper12,2022-12-12 10:52:05.587971,1.538225,Engine running command,Engine Status,status,"rgb(77,175,74)"
245,2022-12-12 10:52:04.049746,can_tapper12,2022-12-12 10:53:06.061872,62.012126,Glow plugs preheating,Engine Heater Glow Plugs Status,Engine Heater Glow Plugs,"rgb(77,175,74)"
245,2022-12-12 10:52:04.049746,can_tapper12,2022-12-12 10:53:07.340153,63.290407,Engine running command,Engine Status,status,"rgb(77,175,74)"
246,2022-12-12 10:53:05.756784,can_tapper12,2022-12-12 10:53:05.756784,0.0,Engine starting command,Engine Status,status,"rgb(152,78,163)"
246,2022-12-12 10:53:05.756784,can_tapper12,2022-12-12 10:53:06.061872,0.305088,Glow plugs preheating,Engine Heater Glow Plugs Status,Engine Heater Glow Plugs,"rgb(152,78,163)"
246,2022-12-12 10:53:05.756784,can_tapper12,2022-12-12 10:53:07.340153,1.583369,Engine running command,Engine Status,status,"rgb(152,78,163)"
247,2023-01-09 09:09:42.974065,can_tapper12,2023-01-09 09:09:42.974065,0.0,Engine starting command,Engine Status,status,"rgb(255,127,0)"
247,2023-01-09 09:09:42.974065,can_tapper12,2023-01-09 09:09:40.768145,-2.20592,Glow plugs preheating,Engine Heater Glow Plugs Status,Engine Heater Glow Plugs,"rgb(255,127,0)"
247,2023-01-09 09:09:42.974065,can_tapper12,2023-01-09 09:09:44.566888,1.592823,Engine running command,Engine Status,status,"rgb(255,127,0)"
248,2023-01-11 16:56:59.120927,can_tapper12,2023-01-11 16:56:59.120927,0.0,Engine starting command,Engine Status,status,"rgb(255,255,51)"
248,2023-01-11 16:56:59.120927,can_tapper12,2023-01-11 16:56:56.915101,-2.205826,Glow plugs preheating,Engine Heater Glow Plugs Status,Engine Heater Glow Plugs,"rgb(255,255,51)"
248,2023-01-11 16:56:59.120927,can_tapper12,2023-01-11 16:57:01.190295,2.069368,Engine running command,Engine Status,status,"rgb(255,255,51)"
249,2023-01-13 08:30:05.354527,can_tapper12,2023-01-13 08:30:05.354527,0.0,Engine starting command,Engine Status,status,"rgb(166,86,40)"
249,2023-01-13 08:30:05.354527,can_tapper12,2023-01-13 08:30:05.577678,0.223151,Glow plugs preheating,Engine Heater Glow Plugs Status,Engine Heater Glow Plugs,"rgb(166,86,40)"
249,2023-01-13 08:30:05.354527,can_tapper12,2023-01-13 08:30:07.135467,1.78094,Engine running command,Engine Status,status,"rgb(166,86,40)"
250,2023-01-13 11:36:17.895217,can_tapper12,2023-01-13 11:36:17.895217,0.0,Engine starting command,Engine Status,status,"rgb(247,129,191)"
250,2023-01-13 11:36:17.895217,can_tapper12,2023-01-13 11:36:18.166308,0.271091,Glow plugs preheating,Engine Heater Glow Plugs Status,Engine Heater Glow Plugs,"rgb(247,129,191)"
250,2023-01-13 11:36:17.895217,can_tapper12,2023-01-13 11:36:19.233599,1.338382,Engine running command,Engine Status,status,"rgb(247,129,191)"
251,2023-01-18 13:40:29.038267,can_tapper12,2023-01-18 13:40:29.038267,0.0,Engine starting command,Engine Status,status,"rgb(153,153,153)"
251,2023-01-18 13:40:29.038267,can_tapper12,2023-01-18 13:40:29.251610,0.213343,Glow plugs preheating,Engine Heater Glow Plugs Status,Engine Heater Glow Plugs,"rgb(153,153,153)"
251,2023-01-18 13:40:29.038267,can_tapper12,2023-01-18 13:40:30.861284,1.823017,Engine running command,Engine Status,status,"rgb(153,153,153)"
252,2023-01-18 13:43:04.174334,can_tapper12,2023-01-18 13:43:04.174334,0.0,Engine starting command,Engine Status,status,"rgb(228,26,28)"
252,2023-01-18 13:43:04.174334,can_tapper12,2023-01-18 13:43:04.514793,0.340459,Glow plugs preheating,Engine Heater Glow Plugs Status,Engine Heater Glow Plugs,"rgb(228,26,28)"
252,2023-01-18 13:43:04.174334,can_tapper12,2023-01-18 13:43:06.417705,2.243371,Engine running command,Engine Status,status,"rgb(228,26,28)"
253,2023-01-23 08:56:54.985150,can_tapper12,2023-01-23 08:56:54.985150,0.0,Engine starting command,Engine Status,status,"rgb(55,126,184)"
253,2023-01-23 08:56:54.985150,can_tapper12,2023-01-23 08:56:52.980007,-2.005143,Glow plugs preheating,Engine Heater Glow Plugs Status,Engine Heater Glow Plugs,"rgb(55,126,184)"
253,2023-01-23 08:56:54.985150,can_tapper12,2023-01-23 08:56:57.495378,2.510228,Engine running command,Engine Status,status,"rgb(55,126,184)"
253,2023-01-23 08:56:54.985150,can_tapper12,2023-01-23 08:58:43.434048,108.448898,Glow plugs preheating,Engine Heater Glow Plugs Status,Engine Heater Glow Plugs,"rgb(55,126,184)"
253,2023-01-23 08:56:54.985150,can_tapper12,2023-01-23 08:58:44.880302,109.895152,Engine running command,Engine Status,status,"rgb(55,126,184)"
254,2023-01-23 08:58:43.101377,can_tapper12,2023-01-23 08:58:43.101377,0.0,Engine starting command,Engine Status,status,"rgb(77,175,74)"
254,2023-01-23 08:58:43.101377,can_tapper12,2023-01-23 08:58:43.434048,0.332671,Glow plugs preheating,Engine Heater Glow Plugs Status,Engine Heater Glow Plugs,"rgb(77,175,74)"
254,2023-01-23 08:58:43.101377,can_tapper12,2023-01-23 08:58:44.880302,1.778925,Engine running command,Engine Status,status,"rgb(77,175,74)"
255,2023-01-23 14:21:56.452047,can_tapper12,2023-01-23 14:21:56.452047,0.0,Engine starting command,Engine Status,status,"rgb(152,78,163)"
255,2023-01-23 14:21:56.452047,can_tapper12,2023-01-23 14:21:56.784953,0.332906,Glow plugs preheating,Engine Heater Glow Plugs Status,Engine Heater Glow Plugs,"rgb(152,78,163)"
255,2023-01-23 14:21:56.452047,can_tapper12,2023-01-23 14:21:58.118935,1.666888,Engine running command,Engine Status,status,"rgb(152,78,163)"
256,2023-01-23 15:36:20.241230,can_tapper12,2023-01-23 15:36:20.241230,0.0,Engine starting command,Engine Status,status,"rgb(255,127,0)"
256,2023-01-23 15:36:20.241230,can_tapper12,2023-01-23 15:36:20.603785,0.362555,Glow plugs preheating,Engine Heater Glow Plugs Status,Engine Heater Glow Plugs,"rgb(255,127,0)"
256,2023-01-23 15:36:20.241230,can_tapper12,2023-01-23 15:36:22.070380,1.82915,Engine running command,Engine Status,status,"rgb(255,127,0)"
257,2023-01-23 15:55:44.881986,can_tapper12,2023-01-23 15:55:44.881986,0.0,Engine starting command,Engine Status,status,"rgb(255,255,51)"
257,2023-01-23 15:55:44.881986,can_tapper12,2023-01-23 15:55:45.280035,0.398049,Glow plugs preheating,Engine Heater Glow Plugs Status,Engine Heater Glow Plugs,"rgb(255,255,51)"
257,2023-01-23 15:55:44.881986,can_tapper12,2023-01-23 15:55:46.913111,2.031125,Engine running command,Engine Status,status,"rgb(255,255,51)"
258,2023-01-31 14:06:56.076118,can_tapper12,2023-01-31 14:06:56.076118,0.0,Engine starting command,Engine Status,status,"rgb(166,86,40)"
258,2023-01-31 14:06:56.076118,can_tapper12,2023-01-31 14:06:53.869473,-2.206645,Glow plugs preheating,Engine Heater Glow Plugs Status,Engine Heater Glow Plugs,"rgb(166,86,40)"
258,2023-01-31 14:06:56.076118,can_tapper12,2023-01-31 14:06:57.629329,1.553211,Engine running command,Engine Status,status,"rgb(166,86,40)"
258,2023-01-31 14:06:56.076118,can_tapper12,2023-01-31 14:08:49.907630,113.831512,Glow plugs preheating,Engine Heater Glow Plugs Status,Engine Heater Glow Plugs,"rgb(166,86,40)"
258,2023-01-31 14:06:56.076118,can_tapper12,2023-01-31 14:08:53.996279,117.920161,Engine running command,Engine Status,status,"rgb(166,86,40)"
259,2023-01-31 14:08:52.214129,can_tapper12,2023-01-31 14:08:52.214129,0.0,Engine starting command,Engine Status,status,"rgb(247,129,191)"
259,2023-01-31 14:08:52.214129,can_tapper12,2023-01-31 14:08:49.907630,-2.306499,Glow plugs preheating,Engine Heater Glow Plugs Status,Engine Heater Glow Plugs,"rgb(247,129,191)"
259,2023-01-31 14:08:52.214129,can_tapper12,2023-01-31 14:08:53.996279,1.78215,Engine running command,Engine Status,status,"rgb(247,129,191)"
260,2023-02-01 09:16:48.485610,can_tapper12,2023-02-01 09:16:48.485610,0.0,Engine starting command,Engine Status,status,"rgb(153,153,153)"
260,2023-02-01 09:16:48.485610,can_tapper12,2023-02-01 09:16:46.480193,-2.005417,Glow plugs preheating,Engine Heater Glow Plugs Status,Engine Heater Glow Plugs,"rgb(153,153,153)"
260,2023-02-01 09:16:48.485610,can_tapper12,2023-02-01 09:16:50.294270,1.80866,Engine running command,Engine Status,status,"rgb(153,153,153)"
261,2023-02-01 09:26:01.906710,can_tapper12,2023-02-01 09:26:01.906710,0.0,Engine starting command,Engine Status,status,"rgb(228,26,28)"
261,2023-02-01 09:26:01.906710,can_tapper12,2023-02-01 09:25:59.801256,-2.105454,Glow plugs preheating,Engine Heater Glow Plugs Status,Engine Heater Glow Plugs,"rgb(228,26,28)"
261,2023-02-01 09:26:01.906710,can_tapper12,2023-02-01 09:26:03.681129,1.774419,Engine running command,Engine Status,status,"rgb(228,26,28)"
262,2023-02-01 13:36:09.958691,can_tapper12,2023-02-01 13:36:09.958691,0.0,Engine starting command,Engine Status,status,"rgb(55,126,184)"
262,2023-02-01 13:36:09.958691,can_tapper12,2023-02-01 13:36:10.271040,0.312349,Glow plugs preheating,Engine Heater Glow Plugs Status,Engine Heater Glow Plugs,"rgb(55,126,184)"
262,2023-02-01 13:36:09.958691,can_tapper12,2023-02-01 13:36:11.845797,1.887106,Engine running command,Engine Status,status,"rgb(55,126,184)"
263,2023-02-01 14:10:41.594499,can_tapper12,2023-02-01 14:10:41.594499,0.0,Engine starting command,Engine Status,status,"rgb(77,175,74)"
263,2023-02-01 14:10:41.594499,can_tapper12,2023-02-01 14:10:41.899151,0.304652,Glow plugs preheating,Engine Heater Glow Plugs Status,Engine Heater Glow Plugs,"rgb(77,175,74)"
263,2023-02-01 14:10:41.594499,can_tapper12,2023-02-01 14:10:43.254395,1.659896,Engine running command,Engine Status,status,"rgb(77,175,74)"
264,2023-02-01 14:20:24.184220,can_tapper12,2023-02-01 14:20:24.184220,0.0,Engine starting command,Engine Status,status,"rgb(152,78,163)"
264,2023-02-01 14:20:24.184220,can_tapper12,2023-02-01 14:20:24.490245,0.306025,Glow plugs preheating,Engine Heater Glow Plugs Status,Engine Heater Glow Plugs,"rgb(152,78,163)"
264,2023-02-01 14:20:24.184220,can_tapper12,2023-02-01 14:20:25.654872,1.470652,Engine running command,Engine Status,status,"rgb(152,78,163)"
265,2023-02-07 13:39:37.515907,can_tapper12,2023-02-07 13:39:37.515907,0.0,Engine starting command,Engine Status,status,"rgb(255,127,0)"
265,2023-02-07 13:39:37.515907,can_tapper12,2023-02-07 13:39:37.840015,0.324108,Glow plugs preheating,Engine Heater Glow Plugs Status,Engine Heater Glow Plugs,"rgb(255,127,0)"
265,2023-02-07 13:39:37.515907,can_tapper12,2023-02-07 13:39:39.395956,1.880049,Engine running command,Engine Status,status,"rgb(255,127,0)"
266,2023-02-13 08:29:25.821859,can_tapper12,2023-02-13 08:29:25.821859,0.0,Engine starting command,Engine Status,status,"rgb(255,255,51)"
266,2023-02-13 08:29:25.821859,can_tapper12,2023-02-13 08:29:23.717476,-2.104383,Glow plugs preheating,Engine Heater Glow Plugs Status,Engine Heater Glow Plugs,"rgb(255,255,51)"
266,2023-02-13 08:29:25.821859,can_tapper12,2023-02-13 08:29:27.908761,2.086902,Engine running command,Engine Status,status,"rgb(255,255,51)"
267,2023-03-07 17:07:20.679919,can_tapper12,2023-03-07 17:07:20.679919,0.0,Engine starting command,Engine Status,status,"rgb(166,86,40)"
267,2023-03-07 17:07:20.679919,can_tapper12,2023-03-07 17:07:20.989193,0.309274,Glow plugs preheating,Engine Heater Glow Plugs Status,Engine Heater Glow Plugs,"rgb(166,86,40)"
267,2023-03-07 17:07:20.679919,can_tapper12,2023-03-07 17:07:22.491651,1.811732,Engine running command,Engine Status,status,"rgb(166,86,40)"
268,2023-03-08 16:27:39.527899,can_tapper12,2023-03-08 16:27:39.527899,0.0,Engine starting command,Engine Status,status,"rgb(247,129,191)"
268,2023-03-08 16:27:39.527899,can_tapper12,2023-03-08 16:27:39.872315,0.344416,Glow plugs preheating,Engine Heater Glow Plugs Status,Engine Heater Glow Plugs,"rgb(247,129,191)"
268,2023-03-08 16:27:39.527899,can_tapper12,2023-03-08 16:27:41.363359,1.83546,Engine running command,Engine Status,status,"rgb(247,129,191)"
269,2023-03-08 16:39:28.963675,can_tapper12,2023-03-08 16:39:28.963675,0.0,Engine starting command,Engine Status,status,"rgb(153,153,153)"
269,2023-03-08 16:39:28.963675,can_tapper12,2023-03-08 16:39:29.362851,0.399176,Glow plugs preheating,Engine Heater Glow Plugs Status,Engine Heater Glow Plugs,"rgb(153,153,153)"
269,2023-03-08 16:39:28.963675,can_tapper12,2023-03-08 16:39:30.441775,1.4781,Engine running command,Engine Status,status,"rgb(153,153,153)"
270,2023-03-09 10:08:54.933736,can_tapper12,2023-03-09 10:08:54.933736,0.0,Engine starting command,Engine Status,status,"rgb(228,26,28)"
270,2023-03-09 10:08:54.933736,can_tapper12,2023-03-09 10:08:55.142461,0.208725,Glow plugs preheating,Engine Heater Glow Plugs Status,Engine Heater Glow Plugs,"rgb(228,26,28)"
270,2023-03-09 10:08:54.933736,can_tapper12,2023-03-09 10:08:56.886079,1.952343,Engine running command,Engine Status,status,"rgb(228,26,28)"
271,2023-03-09 11:28:58.236110,can_tapper12,2023-03-09 11:28:58.236110,0.0,Engine starting command,Engine Status,status,"rgb(55,126,184)"
271,2023-03-09 11:28:58.236110,can_tapper12,2023-03-09 11:28:58.611942,0.375832,Glow plugs preheating,Engine Heater Glow Plugs Status,Engine Heater Glow Plugs,"rgb(55,126,184)"
271,2023-03-09 11:28:58.236110,can_tapper12,2023-03-09 11:28:59.661736,1.425626,Engine running command,Engine Status,status,"rgb(55,126,184)"
272,2023-03-09 11:28:58.236110,can_tapper12,2023-03-09 11:28:58.236110,0.0,Engine starting command,Engine Status,status,"rgb(77,175,74)"
272,2023-03-09 11:28:58.236110,can_tapper12,2023-03-09 11:28:58.611942,0.375832,Glow plugs preheating,Engine Heater Glow Plugs Status,Engine Heater Glow Plugs,"rgb(77,175,74)"
272,2023-03-09 11:28:58.236110,can_tapper12,2023-03-09 11:28:59.661736,1.425626,Engine running command,Engine Status,status,"rgb(77,175,74)"
273,2023-03-09 14:13:40.943456,can_tapper12,2023-03-09 14:13:40.943456,0.0,Engine starting command,Engine Status,status,"rgb(152,78,163)"
273,2023-03-09 14:13:40.943456,can_tapper12,2023-03-09 14:13:41.346904,0.403448,Glow plugs preheating,Engine Heater Glow Plugs Status,Engine Heater Glow Plugs,"rgb(152,78,163)"
273,2023-03-09 14:13:40.943456,can_tapper12,2023-03-09 14:13:42.794149,1.850693,Engine running command,Engine Status,status,"rgb(152,78,163)"
273,2023-03-09 14:13:40.943456,can_tapper12,2023-03-09 14:13:54.550905,13.607449,Glow plugs preheating,Engine Heater Glow Plugs Status,Engine Heater Glow Plugs,"rgb(152,78,163)"
273,2023-03-09 14:13:40.943456,can_tapper12,2023-03-09 14:13:55.852829,14.909373,Engine running command,Engine Status,status,"rgb(152,78,163)"
274,2023-03-09 14:13:54.146679,can_tapper12,2023-03-09 14:13:54.146679,0.0,Engine starting command,Engine Status,status,"rgb(255,127,0)"
274,2023-03-09 14:13:54.146679,can_tapper12,2023-03-09 14:13:41.346904,-12.799775,Glow plugs preheating,Engine Heater Glow Plugs Status,Engine Heater Glow Plugs,"rgb(255,127,0)"
274,2023-03-09 14:13:54.146679,can_tapper12,2023-03-09 14:13:42.794149,-11.35253,Engine running command,Engine Status,status,"rgb(255,127,0)"
274,2023-03-09 14:13:54.146679,can_tapper12,2023-03-09 14:13:54.550905,0.404226,Glow plugs preheating,Engine Heater Glow Plugs Status,Engine Heater Glow Plugs,"rgb(255,127,0)"
274,2023-03-09 14:13:54.146679,can_tapper12,2023-03-09 14:13:55.852829,1.70615,Engine running command,Engine Status,status,"rgb(255,127,0)"
275,2023-03-16 08:14:38.077455,can_tapper12,2023-03-16 08:14:38.077455,0.0,Engine starting command,Engine Status,status,"rgb(255,255,51)"
275,2023-03-16 08:14:38.077455,can_tapper12,2023-03-16 08:14:38.395207,0.317752,Glow plugs preheating,Engine Heater Glow Plugs Status,Engine Heater Glow Plugs,"rgb(255,255,51)"
275,2023-03-16 08:14:38.077455,can_tapper12,2023-03-16 08:14:40.035317,1.957862,Engine running command,Engine Status,status,"rgb(255,255,51)"
276,2023-03-16 13:00:21.494712,can_tapper12,2023-03-16 13:00:21.494712,0.0,Engine starting command,Engine Status,status,"rgb(166,86,40)"
276,2023-03-16 13:00:21.494712,can_tapper12,2023-03-16 13:00:21.904138,0.409426,Glow plugs preheating,Engine Heater Glow Plugs Status,Engine Heater Glow Plugs,"rgb(166,86,40)"
276,2023-03-16 13:00:21.494712,can_tapper12,2023-03-16 13:00:23.096006,1.601294,Engine running command,Engine Status,status,"rgb(166,86,40)"
277,2023-04-04 09:17:20.201335,can_tapper12,2023-04-04 09:17:20.201335,0.0,Engine starting command,Engine Status,status,"rgb(247,129,191)"
277,2023-04-04 09:17:20.201335,can_tapper12,2023-04-04 09:17:20.586833,0.385498,Glow plugs preheating,Engine Heater Glow Plugs Status,Engine Heater Glow Plugs,"rgb(247,129,191)"
277,2023-04-04 09:17:20.201335,can_tapper12,2023-04-04 09:17:22.020114,1.818779,Engine running command,Engine Status,status,"rgb(247,129,191)"
278,2023-04-05 09:18:36.978728,can_tapper12,2023-04-05 09:18:36.978728,0.0,Engine starting command,Engine Status,status,"rgb(153,153,153)"
278,2023-04-05 09:18:36.978728,can_tapper12,2023-04-05 09:18:37.386278,0.40755,Glow plugs preheating,Engine Heater Glow Plugs Status,Engine Heater Glow Plugs,"rgb(153,153,153)"
278,2023-04-05 09:18:36.978728,can_tapper12,2023-04-05 09:18:38.624052,1.645324,Engine running command,Engine Status,status,"rgb(153,153,153)"
279,2023-04-06 07:45:16.381370,can_tapper12,2023-04-06 07:45:16.381370,0.0,Engine starting command,Engine Status,status,"rgb(228,26,28)"
279,2023-04-06 07:45:16.381370,can_tapper12,2023-04-06 07:45:16.799476,0.418106,Glow plugs preheating,Engine Heater Glow Plugs Status,Engine Heater Glow Plugs,"rgb(228,26,28)"
279,2023-04-06 07:45:16.381370,can_tapper12,2023-04-06 07:45:17.995914,1.614544,Engine running command,Engine Status,status,"rgb(228,26,28)"
280,2023-04-11 10:18:44.095691,can_tapper12,2023-04-11 10:18:44.095691,0.0,Engine starting command,Engine Status,status,"rgb(55,126,184)"
280,2023-04-11 10:18:44.095691,can_tapper12,2023-04-11 10:18:44.409341,0.31365,Glow plugs preheating,Engine Heater Glow Plugs Status,Engine Heater Glow Plugs,"rgb(55,126,184)"
280,2023-04-11 10:18:44.095691,can_tapper12,2023-04-11 10:18:45.953644,1.857953,Engine running command,Engine Status,status,"rgb(55,126,184)"
281,2023-04-11 10:28:36.813980,can_tapper12,2023-04-11 10:28:36.813980,0.0,Engine starting command,Engine Status,status,"rgb(77,175,74)"
281,2023-04-11 10:28:36.813980,can_tapper12,2023-04-11 10:28:37.176218,0.362238,Glow plugs preheating,Engine Heater Glow Plugs Status,Engine Heater Glow Plugs,"rgb(77,175,74)"
281,2023-04-11 10:28:36.813980,can_tapper12,2023-04-11 10:28:38.423976,1.609996,Engine running command,Engine Status,status,"rgb(77,175,74)"
282,2023-04-13 09:04:33.329138,can_tapper12,2023-04-13 09:04:33.329138,0.0,Engine starting command,Engine Status,status,"rgb(152,78,163)"
282,2023-04-13 09:04:33.329138,can_tapper12,2023-04-13 09:04:33.667169,0.338031,Glow plugs preheating,Engine Heater Glow Plugs Status,Engine Heater Glow Plugs,"rgb(152,78,163)"
282,2023-04-13 09:04:33.329138,can_tapper12,2023-04-13 09:04:35.010143,1.681005,Engine running command,Engine Status,status,"rgb(152,78,163)"
283,2023-04-13 09:06:35.885649,can_tapper12,2023-04-13 09:06:35.885649,0.0,Engine starting command,Engine Status,status,"rgb(255,127,0)"
283,2023-04-13 09:06:35.885649,can_tapper12,2023-04-13 09:06:36.217466,0.331817,Glow plugs preheating,Engine Heater Glow Plugs Status,Engine Heater Glow Plugs,"rgb(255,127,0)"
283,2023-04-13 09:06:35.885649,can_tapper12,2023-04-13 09:06:37.479043,1.593394,Engine running command,Engine Status,status,"rgb(255,127,0)"
284,2023-04-13 09:22:30.980920,can_tapper12,2023-04-13 09:22:30.980920,0.0,Engine starting command,Engine Status,status,"rgb(255,255,51)"
284,2023-04-13 09:22:30.980920,can_tapper12,2023-04-13 09:22:31.359845,0.378925,Glow plugs preheating,Engine Heater Glow Plugs Status,Engine Heater Glow Plugs,"rgb(255,255,51)"
284,2023-04-13 09:22:30.980920,can_tapper12,2023-04-13 09:22:32.692151,1.711231,Engine running command,Engine Status,status,"rgb(255,255,51)"
285,2023-04-13 09:32:14.785541,can_tapper12,2023-04-13 09:32:14.785541,0.0,Engine starting command,Engine Status,status,"rgb(166,86,40)"
285,2023-04-13 09:32:14.785541,can_tapper12,2023-04-13 09:32:15.077368,0.291827,Glow plugs preheating,Engine Heater Glow Plugs Status,Engine Heater Glow Plugs,"rgb(166,86,40)"
285,2023-04-13 09:32:14.785541,can_tapper12,2023-04-13 09:32:16.445561,1.66002,Engine running command,Engine Status,status,"rgb(166,86,40)"
286,2023-04-17 08:24:30.375167,can_tapper12,2023-04-17 08:24:30.375167,0.0,Engine starting command,Engine Status,status,"rgb(247,129,191)"
286,2023-04-17 08:24:30.375167,can_tapper12,2023-04-17 08:24:30.668520,0.293353,Glow plugs preheating,Engine Heater Glow Plugs Status,Engine Heater Glow Plugs,"rgb(247,129,191)"
286,2023-04-17 08:24:30.375167,can_tapper12,2023-04-17 08:24:32.219624,1.844457,Engine running command,Engine Status,status,"rgb(247,129,191)"
287,2023-04-17 08:26:49.106817,can_tapper12,2023-04-17 08:26:49.106817,0.0,Engine starting command,Engine Status,status,"rgb(153,153,153)"
287,2023-04-17 08:26:49.106817,can_tapper12,2023-04-17 08:26:48.158240,-0.948577,Glow plugs preheating,Engine Heater Glow Plugs Status,Engine Heater Glow Plugs,"rgb(153,153,153)"
287,2023-04-17 08:26:49.106817,can_tapper12,2023-04-17 08:26:50.699535,1.592718,Engine running command,Engine Status,status,"rgb(153,153,153)"
288,2023-04-17 11:03:03.067036,can_tapper12,2023-04-17 11:03:03.067036,0.0,Engine starting command,Engine Status,status,"rgb(228,26,28)"
288,2023-04-17 11:03:03.067036,can_tapper12,2023-04-17 11:03:00.962358,-2.104678,Glow plugs preheating,Engine Heater Glow Plugs Status,Engine Heater Glow Plugs,"rgb(228,26,28)"
288,2023-04-17 11:03:03.067036,can_tapper12,2023-04-17 11:03:04.666551,1.599515,Engine running command,Engine Status,status,"rgb(228,26,28)"
289,2023-04-17 12:22:50.488815,can_tapper12,2023-04-17 12:22:50.488815,0.0,Engine starting command,Engine Status,status,"rgb(55,126,184)"
289,2023-04-17 12:22:50.488815,can_tapper12,2023-04-17 12:22:48.384864,-2.103951,Glow plugs preheating,Engine Heater Glow Plugs Status,Engine Heater Glow Plugs,"rgb(55,126,184)"
289,2023-04-17 12:22:50.488815,can_tapper12,2023-04-17 12:22:52.215333,1.726518,Engine running command,Engine Status,status,"rgb(55,126,184)"
290,2023-04-17 13:15:51.849405,can_tapper12,2023-04-17 13:15:51.849405,0.0,Engine starting command,Engine Status,status,"rgb(77,175,74)"
290,2023-04-17 13:15:51.849405,can_tapper12,2023-04-17 13:15:49.743349,-2.106056,Glow plugs preheating,Engine Heater Glow Plugs Status,Engine Heater Glow Plugs,"rgb(77,175,74)"
290,2023-04-17 13:15:51.849405,can_tapper12,2023-04-17 13:15:53.389902,1.540497,Engine running command,Engine Status,status,"rgb(77,175,74)"
291,2023-04-17 13:56:48.242394,can_tapper12,2023-04-17 13:56:48.242394,0.0,Engine starting command,Engine Status,status,"rgb(152,78,163)"
291,2023-04-17 13:56:48.242394,can_tapper12,2023-04-17 13:56:46.038283,-2.204111,Glow plugs preheating,Engine Heater Glow Plugs Status,Engine Heater Glow Plugs,"rgb(152,78,163)"
291,2023-04-17 13:56:48.242394,can_tapper12,2023-04-17 13:56:49.935042,1.692648,Engine running command,Engine Status,status,"rgb(152,78,163)"
292,2023-04-17 15:25:18.421947,can_tapper12,2023-04-17 15:25:18.421947,0.0,Engine starting command,Engine Status,status,"rgb(255,127,0)"
292,2023-04-17 15:25:18.421947,can_tapper12,2023-04-17 15:25:18.752121,0.330174,Glow plugs preheating,Engine Heater Glow Plugs Status,Engine Heater Glow Plugs,"rgb(255,127,0)"
292,2023-04-17 15:25:18.421947,can_tapper12,2023-04-17 15:25:19.974680,1.552733,Engine running command,Engine Status,status,"rgb(255,127,0)"
293,2023-04-17 20:21:43.863913,can_tapper12,2023-04-17 20:21:43.863913,0.0,Engine starting command,Engine Status,status,"rgb(255,255,51)"
293,2023-04-17 20:21:43.863913,can_tapper12,2023-04-17 20:21:41.659862,-2.204051,Glow plugs preheating,Engine Heater Glow Plugs Status,Engine Heater Glow Plugs,"rgb(255,255,51)"
293,2023-04-17 20:21:43.863913,can_tapper12,2023-04-17 20:21:45.637465,1.773552,Engine running command,Engine Status,status,"rgb(255,255,51)"
294,2023-04-19 07:06:49.093651,can_tapper12,2023-04-19 07:06:49.093651,0.0,Engine starting command,Engine Status,status,"rgb(166,86,40)"
294,2023-04-19 07:06:49.093651,can_tapper12,2023-04-19 07:06:46.988851,-2.1048,Glow plugs preheating,Engine Heater Glow Plugs Status,Engine Heater Glow Plugs,"rgb(166,86,40)"
294,2023-04-19 07:06:49.093651,can_tapper12,2023-04-19 07:06:50.557021,1.46337,Engine running command,Engine Status,status,"rgb(166,86,40)"
295,2023-04-19 15:05:39.691915,can_tapper12,2023-04-19 15:05:39.691915,0.0,Engine starting command,Engine Status,status,"rgb(247,129,191)"
295,2023-04-19 15:05:39.691915,can_tapper12,2023-04-19 15:05:39.930738,0.238823,Glow plugs preheating,Engine Heater Glow Plugs Status,Engine Heater Glow Plugs,"rgb(247,129,191)"
295,2023-04-19 15:05:39.691915,can_tapper12,2023-04-19 15:05:41.500541,1.808626,Engine running command,Engine Status,status,"rgb(247,129,191)"
296,2023-04-19 19:00:24.406590,can_tapper12,2023-04-19 19:00:24.406590,0.0,Engine starting command,Engine Status,status,"rgb(153,153,153)"
296,2023-04-19 19:00:24.406590,can_tapper12,2023-04-19 19:00:24.799690,0.3931,Glow plugs preheating,Engine Heater Glow Plugs Status,Engine Heater Glow Plugs,"rgb(153,153,153)"
296,2023-04-19 19:00:24.406590,can_tapper12,2023-04-19 19:00:25.942916,1.536326,Engine running command,Engine Status,status,"rgb(153,153,153)"
297,2023-04-20 07:08:47.404547,can_tapper12,2023-04-20 07:08:47.404547,0.0,Engine starting command,Engine Status,status,"rgb(228,26,28)"
297,2023-04-20 07:08:47.404547,can_tapper12,2023-04-20 07:08:45.108837,-2.29571,Glow plugs preheating,Engine Heater Glow Plugs Status,Engine Heater Glow Plugs,"rgb(228,26,28)"
297,2023-04-20 07:08:47.404547,can_tapper12,2023-04-20 07:08:48.969761,1.565214,Engine running command,Engine Status,status,"rgb(228,26,28)"
298,2023-04-20 09:44:28.805094,can_tapper12,2023-04-20 09:44:28.805094,0.0,Engine starting command,Engine Status,status,"rgb(55,126,184)"
298,2023-04-20 09:44:28.805094,can_tapper12,2023-04-20 09:44:16.092551,-12.712543,Glow plugs preheating,Engine Heater Glow Plugs Status,Engine Heater Glow Plugs,"rgb(55,126,184)"
298,2023-04-20 09:44:28.805094,can_tapper12,2023-04-20 09:44:20.996576,-7.808518,Glow plugs preheating,Engine Heater Glow Plugs Status,Engine Heater Glow Plugs,"rgb(55,126,184)"
298,2023-04-20 09:44:28.805094,can_tapper12,2023-04-20 09:44:26.600626,-2.204468,Glow plugs preheating,Engine Heater Glow Plugs Status,Engine Heater Glow Plugs,"rgb(55,126,184)"
298,2023-04-20 09:44:28.805094,can_tapper12,2023-04-20 09:44:30.345519,1.540425,Engine running command,Engine Status,status,"rgb(55,126,184)"
299,2023-04-22 07:50:34.084764,can_tapper12,2023-04-22 07:50:34.084764,0.0,Engine starting command,Engine Status,status,"rgb(77,175,74)"
299,2023-04-22 07:50:34.084764,can_tapper12,2023-04-22 07:50:34.500066,0.415302,Glow plugs preheating,Engine Heater Glow Plugs Status,Engine Heater Glow Plugs,"rgb(77,175,74)"
299,2023-04-22 07:50:34.084764,can_tapper12,2023-04-22 07:50:35.761131,1.676367,Engine running command,Engine Status,status,"rgb(77,175,74)"
300,2023-04-22 15:33:39.250059,can_tapper12,2023-04-22 15:33:39.250059,0.0,Engine starting command,Engine Status,status,"rgb(152,78,163)"
300,2023-04-22 15:33:39.250059,can_tapper12,2023-04-22 15:33:39.569881,0.319822,Glow plugs preheating,Engine Heater Glow Plugs Status,Engine Heater Glow Plugs,"rgb(152,78,163)"
300,2023-04-22 15:33:39.250059,can_tapper12,2023-04-22 15:33:40.970397,1.720338,Engine running command,Engine Status,status,"rgb(152,78,163)"
301,2023-04-22 19:26:59.060823,can_tapper12,2023-04-22 19:26:59.060823,0.0,Engine starting command,Engine Status,status,"rgb(255,127,0)"
301,2023-04-22 19:26:59.060823,can_tapper12,2023-04-22 19:26:56.954091,-2.106732,Glow plugs preheating,Engine Heater Glow Plugs Status,Engine Heater Glow Plugs,"rgb(255,127,0)"
301,2023-04-22 19:26:59.060823,can_tapper12,2023-04-22 19:27:00.535850,1.475027,Engine running command,Engine Status,status,"rgb(255,127,0)"
302,2023-04-23 07:36:39.098293,can_tapper12,2023-04-23 07:36:39.098293,0.0,Engine starting command,Engine Status,status,"rgb(255,255,51)"
302,2023-04-23 07:36:39.098293,can_tapper12,2023-04-23 07:36:36.995357,-2.102936,Glow plugs preheating,Engine Heater Glow Plugs Status,Engine Heater Glow Plugs,"rgb(255,255,51)"
302,2023-04-23 07:36:39.098293,can_tapper12,2023-04-23 07:36:40.758287,1.659994,Engine running command,Engine Status,status,"rgb(255,255,51)"
303,2023-04-24 07:30:21.374353,can_tapper12,2023-04-24 07:30:21.374353,0.0,Engine starting command,Engine Status,status,"rgb(166,86,40)"
303,2023-04-24 07:30:21.374353,can_tapper12,2023-04-24 07:30:21.606704,0.232351,Glow plugs preheating,Engine Heater Glow Plugs Status,Engine Heater Glow Plugs,"rgb(166,86,40)"
303,2023-04-24 07:30:21.374353,can_tapper12,2023-04-24 07:30:23.407553,2.0332,Engine running command,Engine Status,status,"rgb(166,86,40)"
304,2023-04-24 11:44:11.177113,can_tapper12,2023-04-24 11:44:11.177113,0.0,Engine starting command,Engine Status,status,"rgb(247,129,191)"
304,2023-04-24 11:44:11.177113,can_tapper12,2023-04-24 11:44:09.168495,-2.008618,Glow plugs preheating,Engine Heater Glow Plugs Status,Engine Heater Glow Plugs,"rgb(247,129,191)"
304,2023-04-24 11:44:11.177113,can_tapper12,2023-04-24 11:44:12.993054,1.815941,Engine running command,Engine Status,status,"rgb(247,129,191)"
305,2023-04-24 14:02:14.891492,can_tapper12,2023-04-24 14:02:14.891492,0.0,Engine starting command,Engine Status,status,"rgb(153,153,153)"
305,2023-04-24 14:02:14.891492,can_tapper12,2023-04-24 14:02:05.377298,-9.514194,Glow plugs preheating,Engine Heater Glow Plugs Status,Engine Heater Glow Plugs,"rgb(153,153,153)"
305,2023-04-24 14:02:14.891492,can_tapper12,2023-04-24 14:02:10.581293,-4.310199,Glow plugs preheating,Engine Heater Glow Plugs Status,Engine Heater Glow Plugs,"rgb(153,153,153)"
305,2023-04-24 14:02:14.891492,can_tapper12,2023-04-24 14:02:12.682342,-2.20915,Glow plugs preheating,Engine Heater Glow Plugs Status,Engine Heater Glow Plugs,"rgb(153,153,153)"
305,2023-04-24 14:02:14.891492,can_tapper12,2023-04-24 14:02:16.593504,1.702012,Engine running command,Engine Status,status,"rgb(153,153,153)"
306,2023-04-24 18:20:45.769068,can_tapper12,2023-04-24 18:20:45.769068,0.0,Engine starting command,Engine Status,status,"rgb(228,26,28)"
306,2023-04-24 18:20:45.769068,can_tapper12,2023-04-24 18:20:47.479594,1.710526,Engine running command,Engine Status,status,"rgb(228,26,28)"
307,2023-04-25 17:57:25.591960,can_tapper12,2023-04-25 17:57:25.591960,0.0,Engine starting command,Engine Status,status,"rgb(55,126,184)"
307,2023-04-25 17:57:25.591960,can_tapper12,2023-04-25 17:57:25.819434,0.227474,Glow plugs preheating,Engine Heater Glow Plugs Status,Engine Heater Glow Plugs,"rgb(55,126,184)"
307,2023-04-25 17:57:25.591960,can_tapper12,2023-04-25 17:57:27.163418,1.571458,Engine running command,Engine Status,status,"rgb(55,126,184)"
308,2023-04-26 12:50:51.347897,can_tapper12,2023-04-26 12:50:51.347897,0.0,Engine starting command,Engine Status,status,"rgb(77,175,74)"
308,2023-04-26 12:50:51.347897,can_tapper12,2023-04-26 12:50:51.759221,0.411324,Glow plugs preheating,Engine Heater Glow Plugs Status,Engine Heater Glow Plugs,"rgb(77,175,74)"
308,2023-04-26 12:50:51.347897,can_tapper12,2023-04-26 12:50:53.225865,1.877968,Engine running command,Engine Status,status,"rgb(77,175,74)"
308,2023-04-26 12:50:51.347897,can_tapper12,2023-04-26 12:52:29.106150,97.758253,Glow plugs preheating,Engine Heater Glow Plugs Status,Engine Heater Glow Plugs,"rgb(77,175,74)"
308,2023-04-26 12:50:51.347897,can_tapper12,2023-04-26 12:52:32.925897,101.578,Engine running command,Engine Status,status,"rgb(77,175,74)"
309,2023-04-26 12:52:31.313448,can_tapper12,2023-04-26 12:52:31.313448,0.0,Engine starting command,Engine Status,status,"rgb(152,78,163)"
309,2023-04-26 12:52:31.313448,can_tapper12,2023-04-26 12:52:29.106150,-2.207298,Glow plugs preheating,Engine Heater Glow Plugs Status,Engine Heater Glow Plugs,"rgb(152,78,163)"
309,2023-04-26 12:52:31.313448,can_tapper12,2023-04-26 12:52:32.925897,1.612449,Engine running command,Engine Status,status,"rgb(152,78,163)"
310,2023-04-26 13:12:40.264117,can_tapper12,2023-04-26 13:12:40.264117,0.0,Engine starting command,Engine Status,status,"rgb(255,127,0)"
310,2023-04-26 13:12:40.264117,can_tapper12,2023-04-26 13:12:37.958838,-2.305279,Glow plugs preheating,Engine Heater Glow Plugs Status,Engine Heater Glow Plugs,"rgb(255,127,0)"
310,2023-04-26 13:12:40.264117,can_tapper12,2023-04-26 13:12:42.044512,1.780395,Engine running command,Engine Status,status,"rgb(255,127,0)"
311,2023-05-16 14:07:59.660638,can_tapper12,2023-05-16 14:07:59.660638,0.0,Engine starting command,Engine Status,status,"rgb(255,255,51)"
311,2023-05-16 14:07:59.660638,can_tapper12,2023-05-16 14:07:59.875662,0.215024,Glow plugs preheating,Engine Heater Glow Plugs Status,Engine Heater Glow Plugs,"rgb(255,255,51)"
311,2023-05-16 14:07:59.660638,can_tapper12,2023-05-16 14:08:01.434957,1.774319,Engine running command,Engine Status,status,"rgb(255,255,51)"
312,2023-09-19 10:13:56.489583,can_tapper12,2023-09-19 10:13:56.489583,0.0,Engine starting command,Engine Status,status,"rgb(166,86,40)"
312,2023-09-19 10:13:56.489583,can_tapper12,2023-09-19 10:13:54.385651,-2.103932,Glow plugs preheating,Engine Heater Glow Plugs Status,Engine Heater Glow Plugs,"rgb(166,86,40)"
312,2023-09-19 10:13:56.489583,can_tapper12,2023-09-19 10:13:58.116886,1.627303,Engine running command,Engine Status,status,"rgb(166,86,40)"
313,2023-09-20 10:40:58.368576,can_tapper12,2023-09-20 10:40:58.368576,0.0,Engine starting command,Engine Status,status,"rgb(247,129,191)"
313,2023-09-20 10:40:58.368576,can_tapper12,2023-09-20 10:40:56.163626,-2.20495,Glow plugs preheating,Engine Heater Glow Plugs Status,Engine Heater Glow Plugs,"rgb(247,129,191)"
313,2023-09-20 10:40:58.368576,can_tapper12,2023-09-20 10:41:00.063825,1.695249,Engine running command,Engine Status,status,"rgb(247,129,191)"
314,2023-09-20 11:19:28.970938,can_tapper12,2023-09-20 11:19:28.970938,0.0,Engine starting command,Engine Status,status,"rgb(153,153,153)"
314,2023-09-20 11:19:28.970938,can_tapper12,2023-09-20 11:19:30.704906,1.733968,Engine running command,Engine Status,status,"rgb(153,153,153)"
315,2023-10-05 08:13:09.362975,can_tapper12,2023-10-05 08:13:09.362975,0.0,Engine starting command,Engine Status,status,"rgb(228,26,28)"
315,2023-10-05 08:13:09.362975,can_tapper12,2023-10-05 08:13:09.785526,0.422551,Glow plugs preheating,Engine Heater Glow Plugs Status,Engine Heater Glow Plugs,"rgb(228,26,28)"
315,2023-10-05 08:13:09.362975,can_tapper12,2023-10-05 08:13:11.343251,1.980276,Engine running command,Engine Status,status,"rgb(228,26,28)"
316,2023-10-16 11:06:07.273439,can_tapper12,2023-10-16 11:06:07.273439,0.0,Engine starting command,Engine Status,status,"rgb(55,126,184)"
316,2023-10-16 11:06:07.273439,can_tapper12,2023-10-16 11:06:07.583862,0.310423,Glow plugs preheating,Engine Heater Glow Plugs Status,Engine Heater Glow Plugs,"rgb(55,126,184)"
316,2023-10-16 11:06:07.273439,can_tapper12,2023-10-16 11:06:08.713163,1.439724,Engine running command,Engine Status,status,"rgb(55,126,184)"
317,2023-10-17 11:17:00.578225,can_tapper12,2023-10-17 11:17:00.578225,0.0,Engine starting command,Engine Status,status,"rgb(77,175,74)"
317,2023-10-17 11:17:00.578225,can_tapper12,2023-10-17 11:17:00.961276,0.383051,Glow plugs preheating,Engine Heater Glow Plugs Status,Engine Heater Glow Plugs,"rgb(77,175,74)"
317,2023-10-17 11:17:00.578225,can_tapper12,2023-10-17 11:17:02.760200,2.181975,Engine running command,Engine Status,status,"rgb(77,175,74)"
318,2024-01-16 09:48:54.748761,can_tapper12,2024-01-16 09:48:54.748761,0.0,Engine starting command,Engine Status,status,"rgb(152,78,163)"
318,2024-01-16 09:48:54.748761,can_tapper12,2024-01-16 09:48:54.964360,0.215599,Glow plugs preheating,Engine Heater Glow Plugs Status,Engine Heater Glow Plugs,"rgb(152,78,163)"
318,2024-01-16 09:48:54.748761,can_tapper12,2024-01-16 09:48:56.629004,1.880243,Engine running command,Engine Status,status,"rgb(152,78,163)"
319,2024-01-16 10:53:16.609218,can_tapper12,2024-01-16 10:53:16.609218,0.0,Engine starting command,Engine Status,status,"rgb(255,127,0)"
319,2024-01-16 10:53:16.609218,can_tapper12,2024-01-16 10:53:09.103147,-7.506071,Glow plugs preheating,Engine Heater Glow Plugs Status,Engine Heater Glow Plugs,"rgb(255,127,0)"
319,2024-01-16 10:53:16.609218,can_tapper12,2024-01-16 10:53:14.303957,-2.305261,Glow plugs preheating,Engine Heater Glow Plugs Status,Engine Heater Glow Plugs,"rgb(255,127,0)"
319,2024-01-16 10:53:16.609218,can_tapper12,2024-01-16 10:53:18.334808,1.72559,Engine running command,Engine Status,status,"rgb(255,127,0)"
319,2024-01-16 10:53:16.609218,can_tapper12,2024-01-16 10:54:10.933891,54.324673,Glow plugs preheating,Engine Heater Glow Plugs Status,Engine Heater Glow Plugs,"rgb(255,127,0)"
319,2024-01-16 10:53:16.609218,can_tapper12,2024-01-16 10:54:15.048565,58.439347,Engine running command,Engine Status,status,"rgb(255,127,0)"
320,2024-01-16 10:54:13.239347,can_tapper12,2024-01-16 10:54:13.239347,0.0,Engine starting command,Engine Status,status,"rgb(255,255,51)"
320,2024-01-16 10:54:13.239347,can_tapper12,2024-01-16 10:53:14.303957,-58.93539,Glow plugs preheating,Engine Heater Glow Plugs Status,Engine Heater Glow Plugs,"rgb(255,255,51)"
320,2024-01-16 10:54:13.239347,can_tapper12,2024-01-16 10:53:18.334808,-54.904539,Engine running command,Engine Status,status,"rgb(255,255,51)"
320,2024-01-16 10:54:13.239347,can_tapper12,2024-01-16 10:54:10.933891,-2.305456,Glow plugs preheating,Engine Heater Glow Plugs Status,Engine Heater Glow Plugs,"rgb(255,255,51)"
320,2024-01-16 10:54:13.239347,can_tapper12,2024-01-16 10:54:15.048565,1.809218,Engine running command,Engine Status,status,"rgb(255,255,51)"
321,2024-01-16 10:58:29.895570,can_tapper12,2024-01-16 10:58:29.895570,0.0,Engine starting command,Engine Status,status,"rgb(166,86,40)"
321,2024-01-16 10:58:29.895570,can_tapper12,2024-01-16 10:58:27.686696,-2.208874,Glow plugs preheating,Engine Heater Glow Plugs Status,Engine Heater Glow Plugs,"rgb(166,86,40)"
321,2024-01-16 10:58:29.895570,can_tapper12,2024-01-16 10:58:31.592663,1.697093,Engine running command,Engine Status,status,"rgb(166,86,40)"
321,2024-01-16 10:58:29.895570,can_tapper12,2024-01-16 10:59:54.321521,84.425951,Glow plugs preheating,Engine Heater Glow Plugs Status,Engine Heater Glow Plugs,"rgb(166,86,40)"
321,2024-01-16 10:58:29.895570,can_tapper12,2024-01-16 10:59:57.921108,88.025538,Engine running command,Engine Status,status,"rgb(166,86,40)"
322,2024-01-16 10:59:56.325441,can_tapper12,2024-01-16 10:59:56.325441,0.0,Engine starting command,Engine Status,status,"rgb(247,129,191)"
322,2024-01-16 10:59:56.325441,can_tapper12,2024-01-16 10:59:54.321521,-2.00392,Glow plugs preheating,Engine Heater Glow Plugs Status,Engine Heater Glow Plugs,"rgb(247,129,191)"
322,2024-01-16 10:59:56.325441,can_tapper12,2024-01-16 10:59:57.921108,1.595667,Engine running command,Engine Status,status,"rgb(247,129,191)"
322,2024-01-16 10:59:56.325441,can_tapper12,2024-01-16 11:01:37.845850,101.520409,Glow plugs preheating,Engine Heater Glow Plugs Status,Engine Heater Glow Plugs,"rgb(247,129,191)"
322,2024-01-16 10:59:56.325441,can_tapper12,2024-01-16 11:01:39.266697,102.941256,Engine running command,Engine Status,status,"rgb(247,129,191)"
323,2024-01-16 11:01:37.438798,can_tapper12,2024-01-16 11:01:37.438798,0.0,Engine starting command,Engine Status,status,"rgb(153,153,153)"
323,2024-01-16 11:01:37.438798,can_tapper12,2024-01-16 11:01:37.845850,0.407052,Glow plugs preheating,Engine Heater Glow Plugs Status,Engine Heater Glow Plugs,"rgb(153,153,153)"
323,2024-01-16 11:01:37.438798,can_tapper12,2024-01-16 11:01:39.266697,1.827899,Engine running command,Engine Status,status,"rgb(153,153,153)"
324,2024-01-16 11:35:49.252974,can_tapper12,2024-01-16 11:35:49.252974,0.0,Engine starting command,Engine Status,status,"rgb(228,26,28)"
324,2024-01-16 11:35:49.252974,can_tapper12,2024-01-16 11:35:49.567229,0.314255,Glow plugs preheating,Engine Heater Glow Plugs Status,Engine Heater Glow Plugs,"rgb(228,26,28)"
324,2024-01-16 11:35:49.252974,can_tapper12,2024-01-16 11:35:50.547391,1.294417,Engine running command,Engine Status,status,"rgb(228,26,28)"
325,2024-01-17 10:39:25.260842,can_tapper12,2024-01-17 10:39:25.260842,0.0,Engine starting command,Engine Status,status,"rgb(55,126,184)"
325,2024-01-17 10:39:25.260842,can_tapper12,2024-01-17 10:39:25.554848,0.294006,Glow plugs preheating,Engine Heater Glow Plugs Status,Engine Heater Glow Plugs,"rgb(55,126,184)"
325,2024-01-17 10:39:25.260842,can_tapper12,2024-01-17 10:39:27.020462,1.75962,Engine running command,Engine Status,status,"rgb(55,126,184)"
326,2024-01-29 08:57:00.270731,can_tapper12,2024-01-29 08:57:00.270731,0.0,Engine starting command,Engine Status,status,"rgb(77,175,74)"
326,2024-01-29 08:57:00.270731,can_tapper12,2024-01-29 08:57:00.563744,0.293013,Glow plugs preheating,Engine Heater Glow Plugs Status,Engine Heater Glow Plugs,"rgb(77,175,74)"
326,2024-01-29 08:57:00.270731,can_tapper12,2024-01-29 08:57:01.902112,1.631381,Engine running command,Engine Status,status,"rgb(77,175,74)"
327,2024-01-31 10:02:03.374542,can_tapper12,2024-01-31 10:02:03.374542,0.0,Engine starting command,Engine Status,status,"rgb(152,78,163)"
327,2024-01-31 10:02:03.374542,can_tapper12,2024-01-31 10:02:01.368255,-2.006287,Glow plugs preheating,Engine Heater Glow Plugs Status,Engine Heater Glow Plugs,"rgb(152,78,163)"
327,2024-01-31 10:02:03.374542,can_tapper12,2024-01-31 10:02:05.039963,1.665421,Engine running command,Engine Status,status,"rgb(152,78,163)"
328,2024-01-31 12:45:52.485239,can_tapper12,2024-01-31 12:45:52.485239,0.0,Engine starting command,Engine Status,status,"rgb(255,127,0)"
328,2024-01-31 12:45:52.485239,can_tapper12,2024-01-31 12:45:52.874315,0.389076,Glow plugs preheating,Engine Heater Glow Plugs Status,Engine Heater Glow Plugs,"rgb(255,127,0)"
328,2024-01-31 12:45:52.485239,can_tapper12,2024-01-31 12:45:53.922809,1.43757,Engine running command,Engine Status,status,"rgb(255,127,0)"
329,2024-02-01 15:24:29.108322,can_tapper12,2024-02-01 15:24:29.108322,0.0,Engine starting command,Engine Status,status,"rgb(255,255,51)"
329,2024-02-01 15:24:29.108322,can_tapper12,2024-02-01 15:24:29.439652,0.33133,Glow plugs preheating,Engine Heater Glow Plugs Status,Engine Heater Glow Plugs,"rgb(255,255,51)"
329,2024-02-01 15:24:29.108322,can_tapper12,2024-02-01 15:24:30.702123,1.593801,Engine running command,Engine Status,status,"rgb(255,255,51)"
330,2024-02-13 11:01:38.242746,can_tapper12,2024-02-13 11:01:38.242746,0.0,Engine starting command,Engine Status,status,"rgb(166,86,40)"
330,2024-02-13 11:01:38.242746,can_tapper12,2024-02-13 11:01:38.650747,0.408001,Glow plugs preheating,Engine Heater Glow Plugs Status,Engine Heater Glow Plugs,"rgb(166,86,40)"
330,2024-02-13 11:01:38.242746,can_tapper12,2024-02-13 11:01:39.776165,1.533419,Engine running command,Engine Status,status,"rgb(166,86,40)"
331,2024-02-19 14:04:45.878148,can_tapper12,2024-02-19 14:04:45.878148,0.0,Engine starting command,Engine Status,status,"rgb(247,129,191)"
331,2024-02-19 14:04:45.878148,can_tapper12,2024-02-19 14:04:43.574469,-2.303679,Glow plugs preheating,Engine Heater Glow Plugs Status,Engine Heater Glow Plugs,"rgb(247,129,191)"
331,2024-02-19 14:04:45.878148,can_tapper12,2024-02-19 14:04:47.525935,1.647787,Engine running command,Engine Status,status,"rgb(247,129,191)"
332,2024-02-21 11:58:19.540969,can_tapper12,2024-02-21 11:58:19.540969,0.0,Engine starting command,Engine Status,status,"rgb(153,153,153)"
332,2024-02-21 11:58:19.540969,can_tapper12,2024-02-21 11:58:17.436868,-2.104101,Glow plugs preheating,Engine Heater Glow Plugs Status,Engine Heater Glow Plugs,"rgb(153,153,153)"
332,2024-02-21 11:58:19.540969,can_tapper12,2024-02-21 11:58:21.262093,1.721124,Engine running command,Engine Status,status,"rgb(153,153,153)"
333,2024-02-21 12:06:26.972662,can_tapper12,2024-02-21 12:06:26.972662,0.0,Engine starting command,Engine Status,status,"rgb(228,26,28)"
333,2024-02-21 12:06:26.972662,can_tapper12,2024-02-21 12:06:24.864672,-2.10799,Glow plugs preheating,Engine Heater Glow Plugs Status,Engine Heater Glow Plugs,"rgb(228,26,28)"
333,2024-02-21 12:06:26.972662,can_tapper12,2024-02-21 12:06:28.652841,1.680179,Engine running command,Engine Status,status,"rgb(228,26,28)"
334,2024-02-21 13:34:13.557279,can_tapper12,2024-02-21 13:34:13.557279,0.0,Engine starting command,Engine Status,status,"rgb(55,126,184)"
334,2024-02-21 13:34:13.557279,can_tapper12,2024-02-21 13:34:11.453761,-2.103518,Glow plugs preheating,Engine Heater Glow Plugs Status,Engine Heater Glow Plugs,"rgb(55,126,184)"
334,2024-02-21 13:34:13.557279,can_tapper12,2024-02-21 13:34:15.364682,1.807403,Engine running command,Engine Status,status,"rgb(55,126,184)"
335,2024-02-21 14:26:02.165894,can_tapper12,2024-02-21 14:26:02.165894,0.0,Engine starting command,Engine Status,status,"rgb(77,175,74)"
335,2024-02-21 14:26:02.165894,can_tapper12,2024-02-21 14:25:56.859142,-5.306752,Glow plugs preheating,Engine Heater Glow Plugs Status,Engine Heater Glow Plugs,"rgb(77,175,74)"
335,2024-02-21 14:26:02.165894,can_tapper12,2024-02-21 14:25:59.958413,-2.207481,Glow plugs preheating,Engine Heater Glow Plugs Status,Engine Heater Glow Plugs,"rgb(77,175,74)"
335,2024-02-21 14:26:02.165894,can_tapper12,2024-02-21 14:26:03.698913,1.533019,Engine running command,Engine Status,status,"rgb(77,175,74)"
335,2024-02-21 14:26:02.165894,can_tapper12,2024-02-21 14:26:49.077892,46.911998,Glow plugs preheating,Engine Heater Glow Plugs Status,Engine Heater Glow Plugs,"rgb(77,175,74)"
335,2024-02-21 14:26:02.165894,can_tapper12,2024-02-21 14:26:52.892949,50.727055,Engine running command,Engine Status,status,"rgb(77,175,74)"
336,2024-02-21 14:26:51.183259,can_tapper12,2024-02-21 14:26:51.183259,0.0,Engine starting command,Engine Status,status,"rgb(152,78,163)"
336,2024-02-21 14:26:51.183259,can_tapper12,2024-02-21 14:25:56.859142,-54.324117,Glow plugs preheating,Engine Heater Glow Plugs Status,Engine Heater Glow Plugs,"rgb(152,78,163)"
336,2024-02-21 14:26:51.183259,can_tapper12,2024-02-21 14:25:59.958413,-51.224846,Glow plugs preheating,Engine Heater Glow Plugs Status,Engine Heater Glow Plugs,"rgb(152,78,163)"
336,2024-02-21 14:26:51.183259,can_tapper12,2024-02-21 14:26:03.698913,-47.484346,Engine running command,Engine Status,status,"rgb(152,78,163)"
336,2024-02-21 14:26:51.183259,can_tapper12,2024-02-21 14:26:49.077892,-2.105367,Glow plugs preheating,Engine Heater Glow Plugs Status,Engine Heater Glow Plugs,"rgb(152,78,163)"
336,2024-02-21 14:26:51.183259,can_tapper12,2024-02-21 14:26:52.892949,1.70969,Engine running command,Engine Status,status,"rgb(152,78,163)"
337,2024-02-21 14:35:17.414892,can_tapper12,2024-02-21 14:35:17.414892,0.0,Engine starting command,Engine Status,status,"rgb(255,127,0)"
337,2024-02-21 14:35:17.414892,can_tapper12,2024-02-21 14:35:15.309690,-2.105202,Glow plugs preheating,Engine Heater Glow Plugs Status,Engine Heater Glow Plugs,"rgb(255,127,0)"
337,2024-02-21 14:35:17.414892,can_tapper12,2024-02-21 14:35:18.896791,1.481899,Engine running command,Engine Status,status,"rgb(255,127,0)"
337,2024-02-21 14:35:17.414892,can_tapper12,2024-02-21 14:36:30.142892,72.728,Glow plugs preheating,Engine Heater Glow Plugs Status,Engine Heater Glow Plugs,"rgb(255,127,0)"
337,2024-02-21 14:35:17.414892,can_tapper12,2024-02-21 14:36:34.215055,76.800163,Engine running command,Engine Status,status,"rgb(255,127,0)"
338,2024-02-21 14:36:32.251365,can_tapper12,2024-02-21 14:36:32.251365,0.0,Engine starting command,Engine Status,status,"rgb(255,255,51)"
338,2024-02-21 14:36:32.251365,can_tapper12,2024-02-21 14:36:30.142892,-2.108473,Glow plugs preheating,Engine Heater Glow Plugs Status,Engine Heater Glow Plugs,"rgb(255,255,51)"
338,2024-02-21 14:36:32.251365,can_tapper12,2024-02-21 14:36:34.215055,1.96369,Engine running command,Engine Status,status,"rgb(255,255,51)"
338,2024-02-21 14:36:32.251365,can_tapper12,2024-02-21 14:37:20.896619,48.645254,Glow plugs preheating,Engine Heater Glow Plugs Status,Engine Heater Glow Plugs,"rgb(255,255,51)"
338,2024-02-21 14:36:32.251365,can_tapper12,2024-02-21 14:37:24.806264,52.554899,Engine running command,Engine Status,status,"rgb(255,255,51)"
339,2024-02-21 14:37:23.005239,can_tapper12,2024-02-21 14:37:23.005239,0.0,Engine starting command,Engine Status,status,"rgb(166,86,40)"
339,2024-02-21 14:37:23.005239,can_tapper12,2024-02-21 14:36:30.142892,-52.862347,Glow plugs preheating,Engine Heater Glow Plugs Status,Engine Heater Glow Plugs,"rgb(166,86,40)"
339,2024-02-21 14:37:23.005239,can_tapper12,2024-02-21 14:36:34.215055,-48.790184,Engine running command,Engine Status,status,"rgb(166,86,40)"
339,2024-02-21 14:37:23.005239,can_tapper12,2024-02-21 14:37:20.896619,-2.10862,Glow plugs preheating,Engine Heater Glow Plugs Status,Engine Heater Glow Plugs,"rgb(166,86,40)"
339,2024-02-21 14:37:23.005239,can_tapper12,2024-02-21 14:37:24.806264,1.801025,Engine running command,Engine Status,status,"rgb(166,86,40)"
340,2024-02-21 14:42:29.150192,can_tapper12,2024-02-21 14:42:29.150192,0.0,Engine starting command,Engine Status,status,"rgb(247,129,191)"
340,2024-02-21 14:42:29.150192,can_tapper12,2024-02-21 14:42:27.042527,-2.107665,Glow plugs preheating,Engine Heater Glow Plugs Status,Engine Heater Glow Plugs,"rgb(247,129,191)"
340,2024-02-21 14:42:29.150192,can_tapper12,2024-02-21 14:42:30.583849,1.433657,Engine running command,Engine Status,status,"rgb(247,129,191)"
341,2024-02-21 15:28:11.366926,can_tapper12,2024-02-21 15:28:11.366926,0.0,Engine starting command,Engine Status,status,"rgb(153,153,153)"
341,2024-02-21 15:28:11.366926,can_tapper12,2024-02-21 15:28:09.059775,-2.307151,Glow plugs preheating,Engine Heater Glow Plugs Status,Engine Heater Glow Plugs,"rgb(153,153,153)"
341,2024-02-21 15:28:11.366926,can_tapper12,2024-02-21 15:28:12.770480,1.403554,Engine running command,Engine Status,status,"rgb(153,153,153)"
342,2024-02-22 10:54:41.154000,can_tapper12,2024-02-22 10:54:41.154000,0.0,Engine starting command,Engine Status,status,"rgb(228,26,28)"
342,2024-02-22 10:54:41.154000,can_tapper12,2024-02-22 10:54:39.142225,-2.011775,Glow plugs preheating,Engine Heater Glow Plugs Status,Engine Heater Glow Plugs,"rgb(228,26,28)"
342,2024-02-22 10:54:41.154000,can_tapper12,2024-02-22 10:54:42.777335,1.623335,Engine running command,Engine Status,status,"rgb(228,26,28)"
343,2024-02-23 07:30:22.845626,can_tapper12,2024-02-23 07:30:22.845626,0.0,Engine starting command,Engine Status,status,"rgb(55,126,184)"
343,2024-02-23 07:30:22.845626,can_tapper12,2024-02-23 07:30:23.242333,0.396707,Glow plugs preheating,Engine Heater Glow Plugs Status,Engine Heater Glow Plugs,"rgb(55,126,184)"
343,2024-02-23 07:30:22.845626,can_tapper12,2024-02-23 07:30:24.600397,1.754771,Engine running command,Engine Status,status,"rgb(55,126,184)"
344,2024-02-23 07:41:10.927710,can_tapper12,2024-02-23 07:41:10.927710,0.0,Engine starting command,Engine Status,status,"rgb(77,175,74)"
344,2024-02-23 07:41:10.927710,can_tapper12,2024-02-23 07:41:11.307294,0.379584,Glow plugs preheating,Engine Heater Glow Plugs Status,Engine Heater Glow Plugs,"rgb(77,175,74)"
344,2024-02-23 07:41:10.927710,can_tapper12,2024-02-23 07:41:12.383738,1.456028,Engine running command,Engine Status,status,"rgb(77,175,74)"
344,2024-02-23 07:41:10.927710,can_tapper12,2024-02-23 07:41:15.310443,4.382733,Glow plugs preheating,Engine Heater Glow Plugs Status,Engine Heater Glow Plugs,"rgb(77,175,74)"
345,2024-02-23 07:47:57.196766,can_tapper12,2024-02-23 07:47:57.196766,0.0,Engine starting command,Engine Status,status,"rgb(152,78,163)"
345,2024-02-23 07:47:57.196766,can_tapper12,2024-02-23 07:47:57.433866,0.2371,Glow plugs preheating,Engine Heater Glow Plugs Status,Engine Heater Glow Plugs,"rgb(152,78,163)"
345,2024-02-23 07:47:57.196766,can_tapper12,2024-02-23 07:47:59.171385,1.974619,Engine running command,Engine Status,status,"rgb(152,78,163)"
346,2024-02-23 07:55:34.069888,can_tapper12,2024-02-23 07:55:34.069888,0.0,Engine starting command,Engine Status,status,"rgb(255,127,0)"
346,2024-02-23 07:55:34.069888,can_tapper12,2024-02-23 07:55:34.433065,0.363177,Glow plugs preheating,Engine Heater Glow Plugs Status,Engine Heater Glow Plugs,"rgb(255,127,0)"
346,2024-02-23 07:55:34.069888,can_tapper12,2024-02-23 07:55:35.853189,1.783301,Engine running command,Engine Status,status,"rgb(255,127,0)"
347,2024-02-23 08:01:03.871826,can_tapper12,2024-02-23 08:01:03.871826,0.0,Engine starting command,Engine Status,status,"rgb(255,255,51)"
347,2024-02-23 08:01:03.871826,can_tapper12,2024-02-23 08:01:04.229388,0.357562,Glow plugs preheating,Engine Heater Glow Plugs Status,Engine Heater Glow Plugs,"rgb(255,255,51)"
347,2024-02-23 08:01:03.871826,can_tapper12,2024-02-23 08:01:05.273087,1.401261,Engine running command,Engine Status,status,"rgb(255,255,51)"
348,2024-02-23 08:30:40.634400,can_tapper12,2024-02-23 08:30:40.634400,0.0,Engine starting command,Engine Status,status,"rgb(166,86,40)"
348,2024-02-23 08:30:40.634400,can_tapper12,2024-02-23 08:30:41.010026,0.375626,Glow plugs preheating,Engine Heater Glow Plugs Status,Engine Heater Glow Plugs,"rgb(166,86,40)"
348,2024-02-23 08:30:40.634400,can_tapper12,2024-02-23 08:30:42.532831,1.898431,Engine running command,Engine Status,status,"rgb(166,86,40)"
349,2024-02-23 08:34:15.948357,can_tapper12,2024-02-23 08:34:15.948357,0.0,Engine starting command,Engine Status,status,"rgb(247,129,191)"
349,2024-02-23 08:34:15.948357,can_tapper12,2024-02-23 08:34:16.257550,0.309193,Glow plugs preheating,Engine Heater Glow Plugs Status,Engine Heater Glow Plugs,"rgb(247,129,191)"
349,2024-02-23 08:34:15.948357,can_tapper12,2024-02-23 08:34:17.480180,1.531823,Engine running command,Engine Status,status,"rgb(247,129,191)"
350,2024-02-23 08:37:09.917297,can_tapper12,2024-02-23 08:37:09.917297,0.0,Engine starting command,Engine Status,status,"rgb(153,153,153)"
350,2024-02-23 08:37:09.917297,can_tapper12,2024-02-23 08:37:10.315614,0.398317,Glow plugs preheating,Engine Heater Glow Plugs Status,Engine Heater Glow Plugs,"rgb(153,153,153)"
350,2024-02-23 08:37:09.917297,can_tapper12,2024-02-23 08:37:11.882681,1.965384,Engine running command,Engine Status,status,"rgb(153,153,153)"
351,2024-02-23 08:42:43.533326,can_tapper12,2024-02-23 08:42:43.533326,0.0,Engine starting command,Engine Status,status,"rgb(228,26,28)"
351,2024-02-23 08:42:43.533326,can_tapper12,2024-02-23 08:42:41.328819,-2.204507,Glow plugs preheating,Engine Heater Glow Plugs Status,Engine Heater Glow Plugs,"rgb(228,26,28)"
351,2024-02-23 08:42:43.533326,can_tapper12,2024-02-23 08:42:45.164677,1.631351,Engine running command,Engine Status,status,"rgb(228,26,28)"
352,2024-02-23 08:46:02.934736,can_tapper12,2024-02-23 08:46:02.934736,0.0,Engine starting command,Engine Status,status,"rgb(55,126,184)"
352,2024-02-23 08:46:02.934736,can_tapper12,2024-02-23 08:46:03.250302,0.315566,Glow plugs preheating,Engine Heater Glow Plugs Status,Engine Heater Glow Plugs,"rgb(55,126,184)"
352,2024-02-23 08:46:02.934736,can_tapper12,2024-02-23 08:46:04.705576,1.77084,Engine running command,Engine Status,status,"rgb(55,126,184)"
353,2024-02-23 08:51:20.968449,can_tapper12,2024-02-23 08:51:20.968449,0.0,Engine starting command,Engine Status,status,"rgb(77,175,74)"
353,2024-02-23 08:51:20.968449,can_tapper12,2024-02-23 08:51:21.403873,0.435424,Glow plugs preheating,Engine Heater Glow Plugs Status,Engine Heater Glow Plugs,"rgb(77,175,74)"
353,2024-02-23 08:51:20.968449,can_tapper12,2024-02-23 08:51:22.628624,1.660175,Engine running command,Engine Status,status,"rgb(77,175,74)"
353,2024-02-23 08:51:20.968449,can_tapper12,2024-02-23 08:52:19.052026,58.083577,Glow plugs preheating,Engine Heater Glow Plugs Status,Engine Heater Glow Plugs,"rgb(77,175,74)"
353,2024-02-23 08:51:20.968449,can_tapper12,2024-02-23 08:52:20.577200,59.608751,Engine running command,Engine Status,status,"rgb(77,175,74)"
354,2024-02-23 08:52:18.682476,can_tapper12,2024-02-23 08:52:18.682476,0.0,Engine starting command,Engine Status,status,"rgb(152,78,163)"
354,2024-02-23 08:52:18.682476,can_tapper12,2024-02-23 08:51:21.403873,-57.278603,Glow plugs preheating,Engine Heater Glow Plugs Status,Engine Heater Glow Plugs,"rgb(152,78,163)"
354,2024-02-23 08:52:18.682476,can_tapper12,2024-02-23 08:51:22.628624,-56.053852,Engine running command,Engine Status,status,"rgb(152,78,163)"
354,2024-02-23 08:52:18.682476,can_tapper12,2024-02-23 08:52:19.052026,0.36955,Glow plugs preheating,Engine Heater Glow Plugs Status,Engine Heater Glow Plugs,"rgb(152,78,163)"
354,2024-02-23 08:52:18.682476,can_tapper12,2024-02-23 08:52:20.577200,1.894724,Engine running command,Engine Status,status,"rgb(152,78,163)"
355,2024-02-23 08:56:08.813000,can_tapper12,2024-02-23 08:56:08.813000,0.0,Engine starting command,Engine Status,status,"rgb(255,127,0)"
355,2024-02-23 08:56:08.813000,can_tapper12,2024-02-23 08:56:09.093145,0.280145,Glow plugs preheating,Engine Heater Glow Plugs Status,Engine Heater Glow Plugs,"rgb(255,127,0)"
355,2024-02-23 08:56:08.813000,can_tapper12,2024-02-23 08:56:10.519223,1.706223,Engine running command,Engine Status,status,"rgb(255,127,0)"
356,2024-02-23 09:28:16.177191,can_tapper12,2024-02-23 09:28:16.177191,0.0,Engine starting command,Engine Status,status,"rgb(255,255,51)"
356,2024-02-23 09:28:16.177191,can_tapper12,2024-02-23 09:28:16.404044,0.226853,Glow plugs preheating,Engine Heater Glow Plugs Status,Engine Heater Glow Plugs,"rgb(255,255,51)"
356,2024-02-23 09:28:16.177191,can_tapper12,2024-02-23 09:28:18.107692,1.930501,Engine running command,Engine Status,status,"rgb(255,255,51)"
357,2024-02-23 09:37:17.577165,can_tapper12,2024-02-23 09:37:17.577165,0.0,Engine starting command,Engine Status,status,"rgb(166,86,40)"
357,2024-02-23 09:37:17.577165,can_tapper12,2024-02-23 09:37:17.981940,0.404775,Glow plugs preheating,Engine Heater Glow Plugs Status,Engine Heater Glow Plugs,"rgb(166,86,40)"
357,2024-02-23 09:37:17.577165,can_tapper12,2024-02-23 09:37:19.768814,2.191649,Engine running command,Engine Status,status,"rgb(166,86,40)"
358,2024-02-27 09:48:17.233327,can_tapper12,2024-02-27 09:48:17.233327,0.0,Engine starting command,Engine Status,status,"rgb(247,129,191)"
358,2024-02-27 09:48:17.233327,can_tapper12,2024-02-27 09:48:17.547449,0.314122,Glow plugs preheating,Engine Heater Glow Plugs Status,Engine Heater Glow Plugs,"rgb(247,129,191)"
358,2024-02-27 09:48:17.233327,can_tapper12,2024-02-27 09:48:19.192682,1.959355,Engine running command,Engine Status,status,"rgb(247,129,191)"
359,2024-02-27 11:08:53.437513,can_tapper12,2024-02-27 11:08:53.437513,0.0,Engine starting command,Engine Status,status,"rgb(153,153,153)"
359,2024-02-27 11:08:53.437513,can_tapper12,2024-02-27 11:08:53.742319,0.304806,Glow plugs preheating,Engine Heater Glow Plugs Status,Engine Heater Glow Plugs,"rgb(153,153,153)"
359,2024-02-27 11:08:53.437513,can_tapper12,2024-02-27 11:08:55.202312,1.764799,Engine running command,Engine Status,status,"rgb(153,153,153)"
360,2024-02-27 11:16:40.045540,can_tapper12,2024-02-27 11:16:40.045540,0.0,Engine starting command,Engine Status,status,"rgb(228,26,28)"
360,2024-02-27 11:16:40.045540,can_tapper12,2024-02-27 11:16:39.346417,-0.699123,Glow plugs preheating,Engine Heater Glow Plugs Status,Engine Heater Glow Plugs,"rgb(228,26,28)"
360,2024-02-27 11:16:40.045540,can_tapper12,2024-02-27 11:16:41.763313,1.717773,Engine running command,Engine Status,status,"rgb(228,26,28)"
361,2024-03-07 10:50:31.138050,can_tapper12,2024-03-07 10:50:31.138050,0.0,Engine starting command,Engine Status,status,"rgb(55,126,184)"
361,2024-03-07 10:50:31.138050,can_tapper12,2024-03-07 10:50:28.832396,-2.305654,Glow plugs preheating,Engine Heater Glow Plugs Status,Engine Heater Glow Plugs,"rgb(55,126,184)"
361,2024-03-07 10:50:31.138050,can_tapper12,2024-03-07 10:50:32.844399,1.706349,Engine running command,Engine Status,status,"rgb(55,126,184)"
362,2024-03-08 09:18:48.339290,can_tapper12,2024-03-08 09:18:48.339290,0.0,Engine starting command,Engine Status,status,"rgb(77,175,74)"
362,2024-03-08 09:18:48.339290,can_tapper12,2024-03-08 09:18:46.232189,-2.107101,Glow plugs preheating,Engine Heater Glow Plugs Status,Engine Heater Glow Plugs,"rgb(77,175,74)"
362,2024-03-08 09:18:48.339290,can_tapper12,2024-03-08 09:18:49.942699,1.603409,Engine running command,Engine Status,status,"rgb(77,175,74)"
363,2024-03-08 09:27:05.765084,can_tapper12,2024-03-08 09:27:05.765084,0.0,Engine starting command,Engine Status,status,"rgb(152,78,163)"
363,2024-03-08 09:27:05.765084,can_tapper12,2024-03-08 09:27:03.459086,-2.305998,Glow plugs preheating,Engine Heater Glow Plugs Status,Engine Heater Glow Plugs,"rgb(152,78,163)"
363,2024-03-08 09:27:05.765084,can_tapper12,2024-03-08 09:27:07.425205,1.660121,Engine running command,Engine Status,status,"rgb(152,78,163)"
364,2024-03-08 09:42:14.656198,can_tapper12,2024-03-08 09:42:14.656198,0.0,Engine starting command,Engine Status,status,"rgb(255,127,0)"
364,2024-03-08 09:42:14.656198,can_tapper12,2024-03-08 09:42:12.550924,-2.105274,Glow plugs preheating,Engine Heater Glow Plugs Status,Engine Heater Glow Plugs,"rgb(255,127,0)"
364,2024-03-08 09:42:14.656198,can_tapper12,2024-03-08 09:42:16.675573,2.019375,Engine running command,Engine Status,status,"rgb(255,127,0)"
365,2024-03-08 10:46:53.909895,can_tapper12,2024-03-08 10:46:53.909895,0.0,Engine starting command,Engine Status,status,"rgb(255,255,51)"
365,2024-03-08 10:46:53.909895,can_tapper12,2024-03-08 10:46:51.601873,-2.308022,Glow plugs preheating,Engine Heater Glow Plugs Status,Engine Heater Glow Plugs,"rgb(255,255,51)"
365,2024-03-08 10:46:53.909895,can_tapper12,2024-03-08 10:46:55.545997,1.636102,Engine running command,Engine Status,status,"rgb(255,255,51)"
366,2024-03-08 11:32:45.238825,can_tapper12,2024-03-08 11:32:45.238825,0.0,Engine starting command,Engine Status,status,"rgb(166,86,40)"
366,2024-03-08 11:32:45.238825,can_tapper12,2024-03-08 11:32:42.930651,-2.308174,Glow plugs preheating,Engine Heater Glow Plugs Status,Engine Heater Glow Plugs,"rgb(166,86,40)"
366,2024-03-08 11:32:45.238825,can_tapper12,2024-03-08 11:32:46.974147,1.735322,Engine running command,Engine Status,status,"rgb(166,86,40)"
367,2024-03-08 13:27:53.656175,can_tapper12,2024-03-08 13:27:53.656175,0.0,Engine starting command,Engine Status,status,"rgb(247,129,191)"
367,2024-03-08 13:27:53.656175,can_tapper12,2024-03-08 13:27:48.250601,-5.405574,Glow plugs preheating,Engine Heater Glow Plugs Status,Engine Heater Glow Plugs,"rgb(247,129,191)"
367,2024-03-08 13:27:53.656175,can_tapper12,2024-03-08 13:27:51.551932,-2.104243,Glow plugs preheating,Engine Heater Glow Plugs Status,Engine Heater Glow Plugs,"rgb(247,129,191)"
367,2024-03-08 13:27:53.656175,can_tapper12,2024-03-08 13:27:55.322310,1.666135,Engine running command,Engine Status,status,"rgb(247,129,191)"
367,2024-03-08 13:27:53.656175,can_tapper12,2024-03-08 13:28:44.867425,51.21125,Glow plugs preheating,Engine Heater Glow Plugs Status,Engine Heater Glow Plugs,"rgb(247,129,191)"
367,2024-03-08 13:27:53.656175,can_tapper12,2024-03-08 13:28:48.516575,54.8604,Engine running command,Engine Status,status,"rgb(247,129,191)"
368,2024-03-08 13:28:46.972953,can_tapper12,2024-03-08 13:28:46.972953,0.0,Engine starting command,Engine Status,status,"rgb(153,153,153)"
368,2024-03-08 13:28:46.972953,can_tapper12,2024-03-08 13:27:48.250601,-58.722352,Glow plugs preheating,Engine Heater Glow Plugs Status,Engine Heater Glow Plugs,"rgb(153,153,153)"
368,2024-03-08 13:28:46.972953,can_tapper12,2024-03-08 13:27:51.551932,-55.421021,Glow plugs preheating,Engine Heater Glow Plugs Status,Engine Heater Glow Plugs,"rgb(153,153,153)"
368,2024-03-08 13:28:46.972953,can_tapper12,2024-03-08 13:27:55.322310,-51.650643,Engine running command,Engine Status,status,"rgb(153,153,153)"
368,2024-03-08 13:28:46.972953,can_tapper12,2024-03-08 13:28:44.867425,-2.105528,Glow plugs preheating,Engine Heater Glow Plugs Status,Engine Heater Glow Plugs,"rgb(153,153,153)"
368,2024-03-08 13:28:46.972953,can_tapper12,2024-03-08 13:28:48.516575,1.543622,Engine running command,Engine Status,status,"rgb(153,153,153)"
369,2024-03-08 13:32:28.553349,can_tapper12,2024-03-08 13:32:28.553349,0.0,Engine starting command,Engine Status,status,"rgb(228,26,28)"
369,2024-03-08 13:32:28.553349,can_tapper12,2024-03-08 13:32:26.347573,-2.205776,Glow plugs preheating,Engine Heater Glow Plugs Status,Engine Heater Glow Plugs,"rgb(228,26,28)"
369,2024-03-08 13:32:28.553349,can_tapper12,2024-03-08 13:32:30.389918,1.836569,Engine running command,Engine Status,status,"rgb(228,26,28)"
369,2024-03-08 13:32:28.553349,can_tapper12,2024-03-08 13:33:37.693848,69.140499,Glow plugs preheating,Engine Heater Glow Plugs Status,Engine Heater Glow Plugs,"rgb(228,26,28)"
369,2024-03-08 13:32:28.553349,can_tapper12,2024-03-08 13:33:41.409380,72.856031,Engine running command,Engine Status,status,"rgb(228,26,28)"
369,2024-03-08 13:32:28.553349,can_tapper12,2024-03-08 13:34:26.641723,118.088374,Glow plugs preheating,Engine Heater Glow Plugs Status,Engine Heater Glow Plugs,"rgb(228,26,28)"
370,2024-03-08 13:33:39.998930,can_tapper12,2024-03-08 13:33:39.998930,0.0,Engine starting command,Engine Status,status,"rgb(55,126,184)"
370,2024-03-08 13:33:39.998930,can_tapper12,2024-03-08 13:33:37.693848,-2.305082,Glow plugs preheating,Engine Heater Glow Plugs Status,Engine Heater Glow Plugs,"rgb(55,126,184)"
370,2024-03-08 13:33:39.998930,can_tapper12,2024-03-08 13:33:41.409380,1.41045,Engine running command,Engine Status,status,"rgb(55,126,184)"
370,2024-03-08 13:33:39.998930,can_tapper12,2024-03-08 13:34:26.641723,46.642793,Glow plugs preheating,Engine Heater Glow Plugs Status,Engine Heater Glow Plugs,"rgb(55,126,184)"
370,2024-03-08 13:33:39.998930,can_tapper12,2024-03-08 13:34:30.258573,50.259643,Engine running command,Engine Status,status,"rgb(55,126,184)"
371,2024-03-08 13:34:28.746058,can_tapper12,2024-03-08 13:34:28.746058,0.0,Engine starting command,Engine Status,status,"rgb(77,175,74)"
371,2024-03-08 13:34:28.746058,can_tapper12,2024-03-08 13:33:37.693848,-51.05221,Glow plugs preheating,Engine Heater Glow Plugs Status,Engine Heater Glow Plugs,"rgb(77,175,74)"
371,2024-03-08 13:34:28.746058,can_tapper12,2024-03-08 13:33:41.409380,-47.336678,Engine running command,Engine Status,status,"rgb(77,175,74)"
371,2024-03-08 13:34:28.746058,can_tapper12,2024-03-08 13:34:26.641723,-2.104335,Glow plugs preheating,Engine Heater Glow Plugs Status,Engine Heater Glow Plugs,"rgb(77,175,74)"
371,2024-03-08 13:34:28.746058,can_tapper12,2024-03-08 13:34:30.258573,1.512515,Engine running command,Engine Status,status,"rgb(77,175,74)"
372,2024-03-08 13:58:39.850719,can_tapper12,2024-03-08 13:58:39.850719,0.0,Engine starting command,Engine Status,status,"rgb(152,78,163)"
372,2024-03-08 13:58:39.850719,can_tapper12,2024-03-08 13:58:37.645595,-2.205124,Glow plugs preheating,Engine Heater Glow Plugs Status,Engine Heater Glow Plugs,"rgb(152,78,163)"
372,2024-03-08 13:58:39.850719,can_tapper12,2024-03-08 13:58:41.551343,1.700624,Engine running command,Engine Status,status,"rgb(152,78,163)"
373,2024-03-08 14:19:26.880142,can_tapper12,2024-03-08 14:19:26.880142,0.0,Engine starting command,Engine Status,status,"rgb(255,127,0)"
373,2024-03-08 14:19:26.880142,can_tapper12,2024-03-08 14:19:24.671517,-2.208625,Glow plugs preheating,Engine Heater Glow Plugs Status,Engine Heater Glow Plugs,"rgb(255,127,0)"
373,2024-03-08 14:19:26.880142,can_tapper12,2024-03-08 14:19:28.858537,1.978395,Engine running command,Engine Status,status,"rgb(255,127,0)"
374,2024-03-08 14:49:40.805526,can_tapper12,2024-03-08 14:49:40.805526,0.0,Engine starting command,Engine Status,status,"rgb(255,255,51)"
374,2024-03-08 14:49:40.805526,can_tapper12,2024-03-08 14:49:38.700810,-2.104716,Glow plugs preheating,Engine Heater Glow Plugs Status,Engine Heater Glow Plugs,"rgb(255,255,51)"
374,2024-03-08 14:49:40.805526,can_tapper12,2024-03-08 14:49:42.702811,1.897285,Engine running command,Engine Status,status,"rgb(255,255,51)"
375,2024-03-11 08:47:33.578769,can_tapper12,2024-03-11 08:47:33.578769,0.0,Engine starting command,Engine Status,status,"rgb(166,86,40)"
375,2024-03-11 08:47:33.578769,can_tapper12,2024-03-11 08:47:33.833663,0.254894,Glow plugs preheating,Engine Heater Glow Plugs Status,Engine Heater Glow Plugs,"rgb(166,86,40)"
375,2024-03-11 08:47:33.578769,can_tapper12,2024-03-11 08:47:35.168466,1.589697,Engine running command,Engine Status,status,"rgb(166,86,40)"
