start_index,start_time,can_tapper_id,start_color,V_pre_total_1_10V,V_min_total_1_10V,V_ocv_total_1_10V,V_drop_total_pct,soc_pct_est_pack,soc_pct_est_ocv_pack,V_ocv_slope_mV_per_s_max,n_ocv_samples_min,temp_avg_start_C,I_pre_A,I_load_A,delta_I_A,t_load_s,I_mean_post_A,I_max_post_A,t_charge_onset_s,R_internal_est_ohm_pack,R_internal_est_ohm_min_voltage_method_pack,R_internal_est_ohm_from_ocv_pack,max_abs_imbalance_pct_pack,mean_abs_imbalance_pct_pack,t_recovery_s_max,tau_relax_s_median,relax_fit_r2_min,pre_data_duration_s,post_data_duration_s,t_since_previous_start_s,n_voltage_samples,n_current_samples,n_temperature_samples,t_before_s,t_after_s
0,2021-12-14 08:17:36.075181,can_tapper12,"rgb(228,26,28)",487.0,410.0,488.0,15.811088295687886,70.0,68.21428571428571,26.20318367088427,494,6.875,0.0,56.0,56.0,0.616262,-34.493975903614455,-7.0,,0.13749999999999998,0.13749999999999998,0.13928571428571426,27.804878048780488,8.09951013535251,1.7600000000002751,3.2620894576029285,0.7879853635648466,12.906279,119.924222,,3192,544,660,60.0,120.0
1,2021-12-14 08:17:36.075181,can_tapper12,"rgb(55,126,184)",487.0,410.0,488.0,15.811088295687886,70.0,68.21428571428571,26.20318367088427,494,6.875,0.0,56.0,56.0,0.616262,-34.493975903614455,-7.0,,0.13749999999999998,0.13749999999999998,0.13928571428571426,27.804878048780488,8.09951013535251,1.7600000000002751,3.2620894576029285,0.7879853635648466,12.906279,119.924222,0.0,3192,544,660,60.0,120.0
2,2021-12-14 08:31:17.620369,can_tapper12,"rgb(77,175,74)",479.0,365.0,569.0,23.799582463465555,52.62499999999999,100.0,102.7405523291182,1500,7.1833333333333345,23.0,283.0,260.0,1.361744,-35.203821656050955,35.0,2.361075,0.03192307692307692,0.04384615384615384,0.065,37.34335839598997,8.122626220380898,3.000000000000469,106.41227629404169,0.16137805819566498,59.842393,102.040807,821.545188,3886,630,752,60.0,120.0
3,2021-12-14 08:31:17.620369,can_tapper12,"rgb(152,78,163)",479.0,365.0,569.0,23.799582463465555,52.62499999999999,100.0,102.7405523291182,1500,7.1833333333333345,23.0,283.0,260.0,1.361744,-35.203821656050955,35.0,2.361075,0.03192307692307692,0.04384615384615384,0.065,37.34335839598997,8.122626220380898,3.000000000000469,106.41227629404169,0.16137805819566498,59.842393,102.040807,0.0,3886,630,752,60.0,120.0
4,2021-12-14 09:21:19.585390,can_tapper12,"rgb(255,127,0)",483.0,368.0,484.0,23.809523809523807,53.51190476190476,52.99107142857141,34.750252638828336,395,6.35,0.0,383.0,383.0,0.506653,-57.053639846743295,14.0,2.008094,0.014360313315926888,0.03002610966057441,0.014621409921671016,34.09610983981693,7.485310776719476,1.5000000000002345,3.2620894576029285,0.4475458575963146,10.914812,119.934905,3001.965021,3144,574,848,60.0,120.0
5,2021-12-14 09:21:19.585390,can_tapper12,"rgb(255,255,51)",483.0,368.0,484.0,23.809523809523807,53.51190476190476,52.99107142857141,34.750252638828336,395,6.35,0.0,383.0,383.0,0.506653,-57.053639846743295,14.0,2.008094,0.014360313315926888,0.03002610966057441,0.014621409921671016,34.09610983981693,7.485310776719476,1.5000000000002345,3.2620894576029285,0.4475458575963146,10.914812,119.934905,0.0,3144,574,848,60.0,120.0
6,2021-12-15 14:27:46.719508,can_tapper12,"rgb(166,86,40)",480.0,403.0,478.0,16.041666666666668,47.99107142857141,44.68749999999998,12.316325547114555,851,16.975,0.0,85.0,85.0,0.796801,-51.52049180327869,-2.0,,0.03411764705882353,0.09058823529411765,0.03176470588235294,25.17321016166282,6.823789420572684,1.5000000000002345,3.678623825607137,0.24391883258787606,20.029554,119.795439,104787.134118,3360,538,1146,60.0,120.0
7,2021-12-15 14:27:46.719508,can_tapper12,"rgb(247,129,191)",480.0,403.0,478.0,16.041666666666668,47.99107142857141,44.68749999999998,12.316325547114555,851,16.975,0.0,85.0,85.0,0.796801,-51.52049180327869,-2.0,,0.03411764705882353,0.09058823529411765,0.03176470588235294,25.17321016166282,6.823789420572684,1.5000000000002345,3.678623825607137,0.24391883258787606,20.029554,119.795439,0.0,3360,538,1146,60.0,120.0
8,2021-12-23 15:42:33.204687,can_tapper12,"rgb(153,153,153)",484.0,419.0,483.0,13.429752066115702,62.21428571428574,55.729166666666686,17.094123152940753,1500,-0.65,0.0,23.0,23.0,0.925508,-14.271493212669684,-1.0,,0.22608695652173913,0.28260869565217395,0.2217391304347826,27.272727272727273,7.693696333508317,1.0000000000001563,3.678623825607137,0.6791243319660192,35.357345,119.962003,695686.485179,3732,540,964,60.0,120.0
9,2021-12-23 15:42:33.204687,can_tapper12,"rgb(228,26,28)",484.0,419.0,483.0,13.429752066115702,62.21428571428574,55.729166666666686,17.094123152940753,1500,-0.65,0.0,23.0,23.0,0.925508,-14.271493212669684,-1.0,,0.22608695652173913,0.28260869565217395,0.2217391304347826,27.272727272727273,7.693696333508317,1.0000000000001563,3.678623825607137,0.6791243319660192,35.357345,119.962003,0.0,3732,540,964,60.0,120.0
10,2021-12-27 11:11:57.243397,can_tapper12,"rgb(55,126,184)",466.0,412.0,461.0,11.587982832618025,55.0,55.0,12.429605524267327,1500,16.488636363636363,0.0,62.0,62.0,0.857901,-93.52631578947368,-37.0,,0.08709677419354839,0.08709677419354839,0.07903225806451614,33.0188679245283,10.585048510757597,1.5000000000002345,5.275382050040925,0.6296234512775519,34.324838,88.786145,329364.03871,2956,474,845,60.0,120.0
11,2021-12-27 11:11:57.243397,can_tapper12,"rgb(77,175,74)",466.0,412.0,461.0,11.587982832618025,55.0,55.0,12.429605524267327,1500,16.488636363636363,0.0,62.0,62.0,0.857901,-93.52631578947368,-37.0,,0.08709677419354839,0.08709677419354839,0.07903225806451614,33.0188679245283,10.585048510757597,1.5000000000002345,5.275382050040925,0.6296234512775519,34.324838,88.786145,0.0,2956,474,845,60.0,120.0
12,2021-12-27 11:14:36.856477,can_tapper12,"rgb(152,78,163)",478.0,424.0,478.0,11.297071129707113,47.08333333333334,47.08333333333334,9.596672593082076,746,16.6,0.0,19.0,19.0,1.135575,-100.74893617021277,-12.0,,0.17894736842105263,0.28421052631578947,0.17894736842105263,18.181818181818183,4.485695231038628,1.0000000000001563,4.67804510221319,0.9191703405371572,17.943702,119.905672,159.61308,3312,528,1118,60.0,120.0
13,2021-12-27 11:14:36.856477,can_tapper12,"rgb(255,127,0)",478.0,424.0,478.0,11.297071129707113,47.08333333333334,47.08333333333334,9.596672593082076,746,16.6,0.0,19.0,19.0,1.135575,-100.74893617021277,-12.0,,0.17894736842105263,0.28421052631578947,0.17894736842105263,18.181818181818183,4.485695231038628,1.0000000000001563,4.67804510221319,0.9191703405371572,17.943702,119.905672,0.0,3312,528,1118,60.0,120.0
14,2021-12-27 11:42:58.968797,can_tapper12,"rgb(255,255,51)",488.0,439.0,488.0,10.040983606557377,60.720238095238074,60.92857142857143,43.737326105471624,1500,19.93333333333333,0.0,127.0,127.0,0.992966,-52.57222222222222,-31.0,,0.029921259842519685,0.03858267716535433,0.029921259842519685,12.173913043478262,3.8305336802347645,1.0000000000001563,2.892719705486028,0.2646455509148009,59.941534,119.857744,1702.11232,4318,578,1054,60.0,120.0
15,2021-12-27 11:42:58.968797,can_tapper12,"rgb(166,86,40)",488.0,439.0,488.0,10.040983606557377,60.720238095238074,60.92857142857143,43.737326105471624,1500,19.93333333333333,0.0,127.0,127.0,0.992966,-52.57222222222222,-31.0,,0.029921259842519685,0.03858267716535433,0.029921259842519685,12.173913043478262,3.8305336802347645,1.0000000000001563,2.892719705486028,0.2646455509148009,59.941534,119.857744,0.0,4318,578,1054,60.0,120.0
16,2021-12-27 12:05:07.233816,can_tapper12,"rgb(247,129,191)",467.0,360.0,466.0,22.91220556745182,45.0,45.0,1.4577695367858323,1500,21.275,0.0,491.0,491.0,1.05902,-49.382716049382715,274.0,2.060276,0.01405295315682281,0.021792260692464354,0.01384928716904277,28.535980148883375,8.899962889109112,1.5000000000002345,119.99999999999996,0.06308812730992597,59.998601,119.975553,1328.265019,4318,730,1422,60.0,120.0
17,2021-12-27 12:05:07.233816,can_tapper12,"rgb(153,153,153)",467.0,360.0,466.0,22.91220556745182,45.0,45.0,1.4577695367858323,1500,21.275,0.0,491.0,491.0,1.05902,-49.382716049382715,274.0,2.060276,0.01405295315682281,0.021792260692464354,0.01384928716904277,28.535980148883375,8.899962889109112,1.5000000000002345,119.99999999999996,0.06308812730992597,59.998601,119.975553,0.0,4318,730,1422,60.0,120.0
18,2021-12-27 12:06:20.567741,can_tapper12,"rgb(228,26,28)",471.0,380.0,479.0,19.32059447983015,45.0,48.124999999999986,172.08917870627488,1500,21.28690476190476,12.0,274.0,262.0,1.364392,2.139194139194139,489.0,2.359826,0.023282442748091603,0.034732824427480914,0.02633587786259542,33.18681318681319,8.064468863033076,1.0000000000001563,119.99999999999996,0.04675719104223108,59.913332,119.900966,73.333925,4316,766,1444,60.0,120.0
19,2021-12-27 12:06:20.567741,can_tapper12,"rgb(55,126,184)",471.0,380.0,479.0,19.32059447983015,45.0,48.124999999999986,172.08917870627488,1500,21.28690476190476,12.0,274.0,262.0,1.364392,2.139194139194139,489.0,2.359826,0.023282442748091603,0.034732824427480914,0.02633587786259542,33.18681318681319,8.064468863033076,1.0000000000001563,119.99999999999996,0.04675719104223108,59.913332,119.900966,0.0,4316,766,1444,60.0,120.0
20,2021-12-27 12:07:17.277114,can_tapper12,"rgb(77,175,74)",471.0,386.0,479.0,18.046709129511676,45.0,48.124999999999986,150.35780015899874,1500,21.275,12.0,357.0,345.0,1.498895,20.924603174603174,489.0,2.115571,0.019420289855072465,0.02463768115942029,0.021739130434782608,24.623115577889447,7.477549181148177,1.5000000000002345,70.00223799572439,0.05109320604605794,59.988825,119.943776,56.709373,4318,760,1030,60.0,120.0
21,2021-12-27 12:07:17.277114,can_tapper12,"rgb(152,78,163)",471.0,386.0,479.0,18.046709129511676,45.0,48.124999999999986,150.35780015899874,1500,21.275,12.0,357.0,345.0,1.498895,20.924603174603174,489.0,2.115571,0.019420289855072465,0.02463768115942029,0.021739130434782608,24.623115577889447,7.477549181148177,1.5000000000002345,70.00223799572439,0.05109320604605794,59.988825,119.943776,0.0,4318,760,1030,60.0,120.0
22,2021-12-27 12:19:24.863273,can_tapper12,"rgb(255,127,0)",487.0,417.0,486.0,14.37371663244353,58.51190476190476,56.72619047619047,2.6924149348203024,1471,21.8625,-13.0,222.0,235.0,0.654624,-76.40969162995594,6.0,2.151769,0.011063829787234043,0.029787234042553196,0.011063829787234043,18.01801801801802,4.145360282047744,1.5000000000002345,3.2620894576029285,0.15915008765526328,32.431637,119.935848,727.586159,3660,550,1054,60.0,120.0
23,2021-12-27 12:19:24.863273,can_tapper12,"rgb(255,255,51)",487.0,417.0,486.0,14.37371663244353,58.51190476190476,56.72619047619047,2.6924149348203024,1471,21.8625,-13.0,222.0,235.0,0.654624,-76.40969162995594,6.0,2.151769,0.011063829787234043,0.029787234042553196,0.011063829787234043,18.01801801801802,4.145360282047744,1.5000000000002345,3.2620894576029285,0.15915008765526328,32.431637,119.935848,0.0,3660,550,1054,60.0,120.0
24,2021-12-28 10:43:34.660309,can_tapper12,"rgb(166,86,40)",499.0,464.0,500.0,7.014028056112225,87.00000000000001,90.0,1.5399493214676082e-13,204,17.72,23.0,335.0,312.0,1.152999,-17.706451612903226,105.0,2.150315,0.008012820512820512,0.011217948717948716,0.008333333333333333,4.878048780487805,0.6183169802378693,0.5000000000000782,3.678623825607137,0.8387157015152182,7.091294,119.971951,80649.797036,3054,648,902,60.0,120.0
25,2021-12-28 10:43:34.660309,can_tapper12,"rgb(247,129,191)",499.0,464.0,500.0,7.014028056112225,87.00000000000001,90.0,1.5399493214676082e-13,204,17.72,23.0,335.0,312.0,1.152999,-17.706451612903226,105.0,2.150315,0.008012820512820512,0.011217948717948716,0.008333333333333333,4.878048780487805,0.6183169802378693,0.5000000000000782,3.678623825607137,0.8387157015152182,7.091294,119.971951,0.0,3054,648,902,60.0,120.0
26,2021-12-28 10:57:56.466054,can_tapper12,"rgb(153,153,153)",497.0,472.0,500.0,5.030181086519115,81.00000000000004,90.0,4.547767015174674,739,16.89166666666667,0.0,470.0,470.0,0.923321,-17.0431654676259,125.0,2.325956,0.005319148936170213,0.005319148936170213,0.005957446808510638,1.4198782961460445,0.36628221671628675,1.0000000000001563,3.2620894576029285,0.23344815734349167,59.861331,119.78925,861.805745,3378,646,962,60.0,120.0
27,2021-12-28 10:57:56.466054,can_tapper12,"rgb(228,26,28)",497.0,472.0,500.0,5.030181086519115,81.00000000000004,90.0,4.547767015174674,739,16.89166666666667,0.0,470.0,470.0,0.923321,-17.0431654676259,125.0,2.325956,0.005319148936170213,0.005319148936170213,0.005957446808510638,1.4198782961460445,0.36628221671628675,1.0000000000001563,3.2620894576029285,0.23344815734349167,59.861331,119.78925,0.0,3378,646,962,60.0,120.0
28,2021-12-28 11:03:28.295712,can_tapper12,"rgb(55,126,184)",500.0,473.0,500.0,5.4,90.0,90.0,4.859113270716373,1500,16.78333333333333,0.0,453.0,453.0,0.940062,-20.26950354609929,27.0,2.340299,0.004635761589403974,0.005960264900662251,0.004635761589403974,5.0,0.48640456300072915,0.5000000000000782,8.164600563057025,0.7416678882892687,49.859265,119.979815,331.829658,4080,700,1400,60.0,120.0
29,2021-12-28 11:03:28.295712,can_tapper12,"rgb(77,175,74)",500.0,473.0,500.0,5.4,90.0,90.0,4.859113270716373,1500,16.78333333333333,0.0,453.0,453.0,0.940062,-20.26950354609929,27.0,2.340299,0.004635761589403974,0.005960264900662251,0.004635761589403974,5.0,0.48640456300072915,0.5000000000000782,8.164600563057025,0.7416678882892687,49.859265,119.979815,0.0,4080,700,1400,60.0,120.0
30,2021-12-28 11:27:11.505351,can_tapper12,"rgb(152,78,163)",499.0,455.0,503.0,8.817635270541082,87.00000000000001,93.75,3.6537705127861684,1500,16.085,29.0,377.0,348.0,1.287053,-12.867088607594937,486.0,2.284547,0.009482758620689655,0.01264367816091954,0.010632183908045977,6.666666666666667,0.8639065840863613,1.0000000000001563,1.5862030873085784,0.07170290229782372,59.950554,119.914945,1423.209639,4318,818,1003,60.0,120.0
31,2021-12-28 11:27:11.505351,can_tapper12,"rgb(255,127,0)",499.0,455.0,503.0,8.817635270541082,87.00000000000001,93.75,3.6537705127861684,1500,16.085,29.0,377.0,348.0,1.287053,-12.867088607594937,486.0,2.284547,0.009482758620689655,0.01264367816091954,0.010632183908045977,6.666666666666667,0.8639065840863613,1.0000000000001563,1.5862030873085784,0.07170290229782372,59.950554,119.914945,0.0,4318,818,1003,60.0,120.0
32,2021-12-28 11:27:45.720153,can_tapper12,"rgb(255,255,51)",515.0,465.0,557.0,9.70873786407767,100.0,100.0,81.47290732128121,1500,16.05,0.0,407.0,407.0,0.985169,-15.84641638225256,486.0,2.081896,0.009582309582309581,0.012285012285012284,0.0199017199017199,12.03155818540434,1.6014345092762539,1.5000000000002345,1.406595676542853,0.08826366434802535,59.9068,119.969052,34.214802,4318,848,1237,60.0,120.0
33,2021-12-28 11:27:45.720153,can_tapper12,"rgb(166,86,40)",515.0,465.0,557.0,9.70873786407767,100.0,100.0,81.47290732128121,1500,16.05,0.0,407.0,407.0,0.985169,-15.84641638225256,486.0,2.081896,0.009582309582309581,0.012285012285012284,0.0199017199017199,12.03155818540434,1.6014345092762539,1.5000000000002345,1.406595676542853,0.08826366434802535,59.9068,119.969052,0.0,4318,848,1237,60.0,120.0
34,2021-12-28 11:28:54.549078,can_tapper12,"rgb(247,129,191)",508.0,444.0,516.0,12.598425196850393,100.0,100.0,73.55277935677898,1500,16.175,0.0,486.0,486.0,0.484525,-24.424028268551236,16.0,2.08632,0.006790123456790123,0.01316872427983539,0.008436213991769548,14.105263157894736,2.0849599720826415,1.5000000000002345,9.909770944064913,0.6595477584126503,59.9683,119.917649,68.828925,4318,890,1422,60.0,120.0
35,2021-12-28 11:28:54.549078,can_tapper12,"rgb(153,153,153)",508.0,444.0,516.0,12.598425196850393,100.0,100.0,73.55277935677898,1500,16.175,0.0,486.0,486.0,0.484525,-24.424028268551236,16.0,2.08632,0.006790123456790123,0.01316872427983539,0.008436213991769548,14.105263157894736,2.0849599720826415,1.5000000000002345,9.909770944064913,0.6595477584126503,59.9683,119.917649,0.0,4318,890,1422,60.0,120.0
36,2021-12-28 11:35:39.715205,can_tapper12,"rgb(228,26,28)",517.0,463.0,521.0,10.444874274661508,100.0,100.0,9.07945292419987,1500,16.05,15.5,358.0,342.5,1.117816,-17.565916398713828,125.0,2.124796,0.011678832116788322,0.015766423357664237,0.012846715328467154,15.10204081632653,1.1637603704373776,1.5000000000002345,3.233394784771929,0.5010917650661235,59.983802,119.918173,405.166127,4320,888,1124,60.0,120.0
37,2021-12-28 11:35:39.715205,can_tapper12,"rgb(55,126,184)",517.0,463.0,521.0,10.444874274661508,100.0,100.0,9.07945292419987,1500,16.05,15.5,358.0,342.5,1.117816,-17.565916398713828,125.0,2.124796,0.011678832116788322,0.015766423357664237,0.012846715328467154,15.10204081632653,1.1637603704373776,1.5000000000002345,3.233394784771929,0.5010917650661235,59.983802,119.918173,0.0,4320,888,1124,60.0,120.0
38,2021-12-28 11:48:05.163353,can_tapper12,"rgb(77,175,74)",520.0,470.0,527.0,9.615384615384617,100.0,100.0,36.4483273103619,1500,16.15833333333333,13.0,424.0,411.0,1.042623,-14.298305084745763,17.0,2.042973,0.009975669099756692,0.0121654501216545,0.01167883211678832,7.8838174273858925,1.1115269147728832,1.5000000000002345,4.148345232772487,0.7044409930604947,59.925849,119.99504,745.448148,4318,828,1716,60.0,120.0
39,2021-12-28 11:48:05.163353,can_tapper12,"rgb(152,78,163)",520.0,470.0,527.0,9.615384615384617,100.0,100.0,36.4483273103619,1500,16.15833333333333,13.0,424.0,411.0,1.042623,-14.298305084745763,17.0,2.042973,0.009975669099756692,0.0121654501216545,0.01167883211678832,7.8838174273858925,1.1115269147728832,1.5000000000002345,4.148345232772487,0.7044409930604947,59.925849,119.99504,0.0,4318,828,1716,60.0,120.0
40,2021-12-28 12:02:16.636348,can_tapper12,"rgb(255,127,0)",521.0,474.0,529.0,9.021113243761997,100.0,100.0,52.85839682594593,1500,15.69142857142857,15.0,470.0,455.0,1.267923,51.08372093023256,495.0,2.268323,0.009450549450549451,0.01032967032967033,0.01120879120879121,8.19672131147541,0.7862740834829145,1.5000000000002345,17.544825121425337,0.17950625695299283,59.91605,119.973999,851.472995,4240,688,946,60.0,120.0
41,2021-12-28 12:02:16.636348,can_tapper12,"rgb(255,255,51)",521.0,474.0,529.0,9.021113243761997,100.0,100.0,52.85839682594593,1500,15.69142857142857,15.0,470.0,455.0,1.267923,51.08372093023256,495.0,2.268323,0.009450549450549451,0.01032967032967033,0.01120879120879121,8.19672131147541,0.7862740834829145,1.5000000000002345,17.544825121425337,0.17950625695299283,59.91605,119.973999,0.0,4240,688,946,60.0,120.0
42,2021-12-28 12:05:06.851487,can_tapper12,"rgb(166,86,40)",509.0,456.0,512.0,10.412573673870334,100.0,100.0,0.39200017422222944,1500,15.843333333333334,0.0,323.0,323.0,1.123479,-31.041984732824428,13.0,2.117333,0.011455108359133126,0.016408668730650156,0.01238390092879257,15.113871635610765,1.068481723738434,1.0000000000001563,2.27471676670449,0.47527714674956445,59.990984,119.949284,170.215139,4318,714,990,60.0,120.0
43,2021-12-28 12:05:06.851487,can_tapper12,"rgb(247,129,191)",509.0,456.0,512.0,10.412573673870334,100.0,100.0,0.39200017422222944,1500,15.843333333333334,0.0,323.0,323.0,1.123479,-31.041984732824428,13.0,2.117333,0.011455108359133126,0.016408668730650156,0.01238390092879257,15.113871635610765,1.068481723738434,1.0000000000001563,2.27471676670449,0.47527714674956445,59.990984,119.949284,0.0,4318,714,990,60.0,120.0
44,2021-12-29 14:09:35.315527,can_tapper12,"rgb(153,153,153)",501.0,455.0,504.0,9.181636726546905,91.25,95.0,4.741045251440861,1336,17.85,17.5,327.0,309.5,1.014382,-25.87125748502994,18.0,3.711602,0.011631663974151859,0.014862681744749596,0.01260096930533118,6.122448979591836,0.45997782533147435,1.0000000000001563,2.7289468883321724,0.7860028387740315,29.727605,119.870477,93868.46404,3594,776,1330,60.0,120.0
45,2021-12-29 14:09:35.315527,can_tapper12,"rgb(228,26,28)",501.0,455.0,504.0,9.181636726546905,91.25,95.0,4.741045251440861,1336,17.85,17.5,327.0,309.5,1.014382,-25.87125748502994,18.0,3.711602,0.011631663974151859,0.014862681744749596,0.01260096930533118,6.122448979591836,0.45997782533147435,1.0000000000001563,2.7289468883321724,0.7860028387740315,29.727605,119.870477,0.0,3594,776,1330,60.0,120.0
46,2022-01-06 09:39:46.165138,can_tapper12,"rgb(55,126,184)",499.0,461.0,500.0,7.615230460921844,87.00000000000001,90.0,3.5962593761147437,1500,17.316666666666666,0.0,326.0,326.0,1.1214,-8.894904458598726,104.0,2.123993,0.0098159509202454,0.011656441717791411,0.010122699386503068,5.2854122621564485,0.5600618615587678,1.0200000000001594,58.772271920860355,0.36563886275147417,39.270357,119.85049,675010.849611,3822,764,1416,60.0,120.0
47,2022-01-06 09:39:46.165138,can_tapper12,"rgb(77,175,74)",499.0,461.0,500.0,7.615230460921844,87.00000000000001,90.0,3.5962593761147437,1500,17.316666666666666,0.0,326.0,326.0,1.1214,-8.894904458598726,104.0,2.123993,0.0098159509202454,0.011656441717791411,0.010122699386503068,5.2854122621564485,0.5600618615587678,1.0200000000001594,58.772271920860355,0.36563886275147417,39.270357,119.85049,0.0,3822,764,1416,60.0,120.0
48,2022-01-06 13:29:50.056964,can_tapper12,"rgb(152,78,163)",497.0,469.0,500.0,5.633802816901409,81.00000000000004,90.0,9.180159934106992,707,17.25,20.0,416.0,396.0,0.824751,-8.719653179190752,23.0,2.226323,0.00707070707070707,0.00707070707070707,0.007828282828282828,1.8329938900203666,0.40389789422030736,0.5000000000000782,3.470356641605033,0.8116119955487546,17.157869,119.968044,13803.891826,3294,762,922,60.0,120.0
49,2022-01-06 13:29:50.056964,can_tapper12,"rgb(255,127,0)",497.0,469.0,500.0,5.633802816901409,81.00000000000004,90.0,9.180159934106992,707,17.25,20.0,416.0,396.0,0.824751,-8.719653179190752,23.0,2.226323,0.00707070707070707,0.00707070707070707,0.007828282828282828,1.8329938900203666,0.40389789422030736,0.5000000000000782,3.470356641605033,0.8116119955487546,17.157869,119.968044,0.0,3294,762,922,60.0,120.0
50,2022-01-06 14:05:14.611506,can_tapper12,"rgb(255,255,51)",496.0,447.0,496.0,9.879032258064516,78.00000000000004,78.00000000000004,1.791520796231128,1500,14.66,0.0,306.0,306.0,1.242591,-20.88719512195122,23.0,2.24077,0.009477124183006535,0.016013071895424835,0.009477124183006535,8.533916849015318,0.4466799099101609,1.0000000000001563,1.5862030873085784,0.4974150471218459,59.984373,119.920824,2124.554542,4316,880,1680,60.0,120.0
51,2022-01-06 14:05:14.611506,can_tapper12,"rgb(166,86,40)",496.0,447.0,496.0,9.879032258064516,78.00000000000004,78.00000000000004,1.791520796231128,1500,14.66,0.0,306.0,306.0,1.242591,-20.88719512195122,23.0,2.24077,0.009477124183006535,0.016013071895424835,0.009477124183006535,8.533916849015318,0.4466799099101609,1.0000000000001563,1.5862030873085784,0.4974150471218459,59.984373,119.920824,0.0,4316,880,1680,60.0,120.0
52,2022-01-13 11:47:41.098926,can_tapper12,"rgb(247,129,191)",488.0,451.0,492.0,7.581967213114754,60.0,68.33333333333339,8.87784308075892,987,1.25,0.0,380.0,380.0,1.007107,-3.8948863636363638,205.0,2.007275,0.008157894736842105,0.009736842105263158,0.009210526315789473,5.032822757111598,0.4325679960605528,1.0000000000001563,3.077404581544478,0.7250536183151146,22.760773,119.823406,596546.48742,3426,782,1122,60.0,120.0
53,2022-01-13 11:47:41.098926,can_tapper12,"rgb(153,153,153)",488.0,451.0,492.0,7.581967213114754,60.0,68.33333333333339,8.87784308075892,987,1.25,0.0,380.0,380.0,1.007107,-3.8948863636363638,205.0,2.007275,0.008157894736842105,0.009736842105263158,0.009210526315789473,5.032822757111598,0.4325679960605528,1.0000000000001563,3.077404581544478,0.7250536183151146,22.760773,119.823406,0.0,3426,782,1122,60.0,120.0
54,2022-01-20 09:03:34.882644,can_tapper12,"rgb(228,26,28)",497.0,465.0,501.0,6.438631790744467,81.00000000000004,91.25,12.543714835094452,560,2.2916666666666665,22.0,446.0,424.0,0.811783,-1.003125,99.0,2.307694,0.00589622641509434,0.007547169811320755,0.006603773584905661,5.708245243128964,0.6527960008272418,1.0000000000001563,3.077404581544478,0.5634436126431512,14.210564,119.875924,594953.783718,3222,710,876,60.0,120.0
55,2022-01-20 09:03:34.882644,can_tapper12,"rgb(55,126,184)",497.0,465.0,501.0,6.438631790744467,81.00000000000004,91.25,12.543714835094452,560,2.2916666666666665,22.0,446.0,424.0,0.811783,-1.003125,99.0,2.307694,0.00589622641509434,0.007547169811320755,0.006603773584905661,5.708245243128964,0.6527960008272418,1.0000000000001563,3.077404581544478,0.5634436126431512,14.210564,119.875924,0.0,3222,710,876,60.0,120.0
56,2022-01-25 11:39:09.026367,can_tapper12,"rgb(77,175,74)",484.0,437.0,488.0,9.710743801652892,52.857142857142826,60.0,0.5945247086773184,1500,2.525,19.5,316.0,296.5,1.373186,-48.01449275362319,128.0,2.372032,0.011467116357504217,0.015851602023608767,0.01281618887015177,6.382978723404255,0.8611783725069129,1.0200000000001594,4.413195167492838,0.8632828400661468,59.864951,119.933332,441334.143723,4316,882,932,60.0,120.0
57,2022-01-25 11:39:09.026367,can_tapper12,"rgb(152,78,163)",484.0,437.0,488.0,9.710743801652892,52.857142857142826,60.0,0.5945247086773184,1500,2.525,19.5,316.0,296.5,1.373186,-48.01449275362319,128.0,2.372032,0.011467116357504217,0.015851602023608767,0.01281618887015177,6.382978723404255,0.8611783725069129,1.0200000000001594,4.413195167492838,0.8632828400661468,59.864951,119.933332,0.0,4316,882,932,60.0,120.0
58,2022-01-25 12:35:55.661564,can_tapper12,"rgb(255,127,0)",485.0,444.0,488.0,8.45360824742268,54.642857142857125,60.0,2.238667661629538,1500,2.966666666666667,0.0,461.0,461.0,1.015546,-39.0414201183432,20.0,2.016895,0.007375271149674621,0.008893709327548807,0.008026030368763558,5.5432372505543235,0.9387879859558349,1.0000000000001563,2.4199454189414036,0.7385905446806775,59.970973,119.869247,3406.635197,4318,992,1036,60.0,120.0
59,2022-01-25 12:35:55.661564,can_tapper12,"rgb(255,255,51)",485.0,444.0,488.0,8.45360824742268,54.642857142857125,60.0,2.238667661629538,1500,2.966666666666667,0.0,461.0,461.0,1.015546,-39.0414201183432,20.0,2.016895,0.007375271149674621,0.008893709327548807,0.008026030368763558,5.5432372505543235,0.9387879859558349,1.0000000000001563,2.4199454189414036,0.7385905446806775,59.970973,119.869247,0.0,4318,992,1036,60.0,120.0
60,2022-01-26 07:47:22.645710,can_tapper12,"rgb(166,86,40)",481.0,445.0,484.0,7.484407484407485,47.90178571428569,52.857142857142826,6.8900531108907845,1386,3.35,28.0,469.0,441.0,0.845007,-37.561349693251536,42.0,2.348204,0.0054421768707483,0.00816326530612245,0.006122448979591837,3.34075723830735,0.5209640008208554,0.7600000000001188,3.9134845291898115,0.8438339794586098,30.737329,119.847458,69086.984146,3618,762,865,60.0,120.0
61,2022-01-26 07:47:22.645710,can_tapper12,"rgb(247,129,191)",481.0,445.0,484.0,7.484407484407485,47.90178571428569,52.857142857142826,6.8900531108907845,1386,3.35,28.0,469.0,441.0,0.845007,-37.561349693251536,42.0,2.348204,0.0054421768707483,0.00816326530612245,0.006122448979591837,3.34075723830735,0.5209640008208554,0.7600000000001188,3.9134845291898115,0.8438339794586098,30.737329,119.847458,0.0,3618,762,865,60.0,120.0
62,2022-01-26 09:14:28.856923,can_tapper12,"rgb(153,153,153)",499.0,455.0,500.0,8.817635270541082,87.00000000000001,90.0,4.9526333122806845,1500,4.4642857142857135,0.0,311.0,311.0,1.506775,-35.7939393939394,165.0,2.00705,0.011254019292604502,0.014147909967845658,0.01157556270096463,7.23404255319149,0.7549513671263188,1.0000000000001563,1.7887444673306678,0.7446412948666372,59.894975,119.989774,5226.211213,4318,928,1035,60.0,120.0
63,2022-01-26 09:14:28.856923,can_tapper12,"rgb(228,26,28)",499.0,455.0,500.0,8.817635270541082,87.00000000000001,90.0,4.9526333122806845,1500,4.4642857142857135,0.0,311.0,311.0,1.506775,-35.7939393939394,165.0,2.00705,0.011254019292604502,0.014147909967845658,0.01157556270096463,7.23404255319149,0.7549513671263188,1.0000000000001563,1.7887444673306678,0.7446412948666372,59.894975,119.989774,0.0,4318,928,1035,60.0,120.0
64,2022-01-27 07:57:31.578628,can_tapper12,"rgb(55,126,184)",485.0,448.0,487.0,7.628865979381444,54.642857142857125,58.21428571428571,2.339633336925887e-13,86,4.65,0.0,350.0,350.0,1.027821,-24.924342105263158,100.0,2.134235,0.01057142857142857,0.01057142857142857,0.011142857142857144,2.736842105263158,0.6210292087885162,1.0000000000001563,3.678623825607137,0.8718878682091746,4.745916,119.85059,81782.721705,2994,628,944,60.0,120.0
65,2022-01-27 07:57:31.578628,can_tapper12,"rgb(77,175,74)",485.0,448.0,487.0,7.628865979381444,54.642857142857125,58.21428571428571,2.339633336925887e-13,86,4.65,0.0,350.0,350.0,1.027821,-24.924342105263158,100.0,2.134235,0.01057142857142857,0.01057142857142857,0.011142857142857144,2.736842105263158,0.6210292087885162,1.0000000000001563,3.678623825607137,0.8718878682091746,4.745916,119.85059,0.0,2994,628,944,60.0,120.0
66,2022-01-27 09:41:44.446270,can_tapper12,"rgb(152,78,163)",496.0,458.0,497.0,7.661290322580645,78.00000000000004,81.00000000000004,8.843540243896139e-14,1500,5.716666666666667,16.0,441.0,425.0,1.094674,-34.846645367412144,17.0,2.097771,0.0075294117647058826,0.008941176470588235,0.00776470588235294,4.564315352697095,1.0021935593238493,0.5000000000000782,1.9029463547871976,0.7594074399996751,59.975909,119.967653,6252.867642,4320,930,827,60.0,120.0
67,2022-01-27 09:41:44.446270,can_tapper12,"rgb(255,127,0)",496.0,458.0,497.0,7.661290322580645,78.00000000000004,81.00000000000004,8.843540243896139e-14,1500,5.716666666666667,16.0,441.0,425.0,1.094674,-34.846645367412144,17.0,2.097771,0.0075294117647058826,0.008941176470588235,0.00776470588235294,4.564315352697095,1.0021935593238493,0.5000000000000782,1.9029463547871976,0.7594074399996751,59.975909,119.967653,0.0,4320,930,827,60.0,120.0
68,2022-01-27 10:29:27.977188,can_tapper12,"rgb(255,255,51)",508.0,472.0,508.0,7.086614173228346,100.0,100.0,1.3495561819685566,439,7.033333333333333,22.0,207.0,185.0,1.122812,-26.592436974789916,25.0,2.123521,0.011891891891891892,0.019459459459459462,0.011891891891891892,5.833333333333333,0.7064654330069989,0.5200000000000813,3.077404581544478,0.6606681512535431,11.808652,96.016018,2863.530918,2592,522,650,60.0,120.0
69,2022-01-27 10:29:27.977188,can_tapper12,"rgb(166,86,40)",508.0,472.0,508.0,7.086614173228346,100.0,100.0,1.3495561819685566,439,7.033333333333333,22.0,207.0,185.0,1.122812,-26.592436974789916,25.0,2.123521,0.011891891891891892,0.019459459459459462,0.011891891891891892,5.833333333333333,0.7064654330069989,0.5200000000000813,3.077404581544478,0.6606681512535431,11.808652,96.016018,0.0,2592,522,650,60.0,120.0
70,2022-03-14 08:48:46.963280,can_tapper12,"rgb(247,129,191)",496.0,462.0,499.0,6.854838709677419,78.00000000000004,87.00000000000001,4.945762198115577,1500,10.258333333333335,0.0,447.0,447.0,0.824544,-4.464285714285714,19.0,2.228026,0.004921700223713647,0.007606263982102908,0.005592841163310961,4.641350210970464,0.3823778621411991,0.5000000000000782,38.940238484831866,0.6312576791624751,50.567013,119.987071,3968358.986092,4094,766,896,60.0,120.0
71,2022-03-14 08:48:46.963280,can_tapper12,"rgb(153,153,153)",496.0,462.0,499.0,6.854838709677419,78.00000000000004,87.00000000000001,4.945762198115577,1500,10.258333333333335,0.0,447.0,447.0,0.824544,-4.464285714285714,19.0,2.228026,0.004921700223713647,0.007606263982102908,0.005592841163310961,4.641350210970464,0.3823778621411991,0.5000000000000782,38.940238484831866,0.6312576791624751,50.567013,119.987071,0.0,4094,766,896,60.0,120.0
72,2022-03-14 09:51:03.866291,can_tapper12,"rgb(228,26,28)",496.0,442.0,500.0,10.887096774193548,78.00000000000004,90.0,1.7957785759012252,1500,10.225,16.0,426.0,410.0,1.013976,-21.0,349.0,2.017275,0.008048780487804878,0.013170731707317074,0.00902439024390244,14.893617021276595,1.6724308842554945,1.0000000000001563,1.3269605372976037,0.1259246720557171,59.953646,119.924698,3736.903011,4320,752,1074,60.0,120.0
73,2022-03-14 09:51:03.866291,can_tapper12,"rgb(55,126,184)",496.0,442.0,500.0,10.887096774193548,78.00000000000004,90.0,1.7957785759012252,1500,10.225,16.0,426.0,410.0,1.013976,-21.0,349.0,2.017275,0.008048780487804878,0.013170731707317074,0.00902439024390244,14.893617021276595,1.6724308842554945,1.0000000000001563,1.3269605372976037,0.1259246720557171,59.953646,119.924698,0.0,4320,752,1074,60.0,120.0
74,2022-03-14 09:51:54.700216,can_tapper12,"rgb(77,175,74)",504.0,456.0,513.0,9.523809523809524,95.0,100.0,103.26688145193121,1500,10.225,0.0,349.0,349.0,1.219028,-29.292834890965732,147.0,2.325395,0.010601719197707735,0.01375358166189112,0.013180515759312322,3.640256959314775,0.7565162368523688,1.5000000000002345,1.7887444673306678,0.6566080247424344,59.963149,119.85985,50.833925,4316,894,1320,60.0,120.0
75,2022-03-14 09:51:54.700216,can_tapper12,"rgb(152,78,163)",504.0,456.0,513.0,9.523809523809524,95.0,100.0,103.26688145193121,1500,10.225,0.0,349.0,349.0,1.219028,-29.292834890965732,147.0,2.325395,0.010601719197707735,0.01375358166189112,0.013180515759312322,3.640256959314775,0.7565162368523688,1.5000000000002345,1.7887444673306678,0.6566080247424344,59.963149,119.85985,0.0,4316,894,1320,60.0,120.0
76,2022-03-14 10:16:26.270570,can_tapper12,"rgb(255,127,0)",508.0,458.0,508.0,9.84251968503937,100.0,100.0,11.675394447836252,630,10.441666666666666,0.0,381.0,381.0,0.519801,-16.861027190332326,12.0,2.026618,0.0015748031496062992,0.013123359580052493,0.0015748031496062992,13.807531380753138,1.2159316010283534,0.7400000000001157,2.565174071178317,0.6782855466835095,15.608717,119.970199,1471.570354,3258,718,1012,60.0,120.0
77,2022-03-14 10:16:26.270570,can_tapper12,"rgb(255,255,51)",508.0,458.0,508.0,9.84251968503937,100.0,100.0,11.675394447836252,630,10.441666666666666,0.0,381.0,381.0,0.519801,-16.861027190332326,12.0,2.026618,0.0015748031496062992,0.013123359580052493,0.0015748031496062992,13.807531380753138,1.2159316010283534,0.7400000000001157,2.565174071178317,0.6782855466835095,15.608717,119.970199,0.0,3258,718,1012,60.0,120.0
78,2022-03-14 10:53:16.530187,can_tapper12,"rgb(166,86,40)",495.0,449.0,496.0,9.292929292929292,75.58333333333339,78.00000000000004,2.1522231787653716,1500,9.35,25.0,367.0,342.0,1.289569,-35.99410029498525,29.0,2.295795,0.01023391812865497,0.01345029239766082,0.010526315789473682,7.359307359307359,0.9843425103105812,1.0000000000001563,2.0171482422437275,0.6431365379002137,59.95613,119.946425,2210.259617,4318,1122,1034,60.0,120.0
79,2022-03-14 10:53:16.530187,can_tapper12,"rgb(247,129,191)",495.0,449.0,496.0,9.292929292929292,75.58333333333339,78.00000000000004,2.1522231787653716,1500,9.35,25.0,367.0,342.0,1.289569,-35.99410029498525,29.0,2.295795,0.01023391812865497,0.01345029239766082,0.010526315789473682,7.359307359307359,0.9843425103105812,1.0000000000001563,2.0171482422437275,0.6431365379002137,59.95613,119.946425,0.0,4318,1122,1034,60.0,120.0
80,2022-03-15 08:33:34.907053,can_tapper12,"rgb(153,153,153)",496.0,437.0,499.0,11.895161290322582,78.58333333333337,87.00000000000001,0.2637601172266385,1500,9.615,0.0,313.0,313.0,0.486748,-20.074534161490682,19.0,2.086028,0.010543130990415334,0.018849840255591055,0.011501597444089455,17.77301927194861,1.5166617680216468,1.5000000000002345,2.4199454189414036,0.7460510271480458,59.974867,119.913509,78018.376866,4320,832,1220,60.0,120.0
81,2022-03-15 08:33:34.907053,can_tapper12,"rgb(228,26,28)",496.0,437.0,499.0,11.895161290322582,78.58333333333337,87.00000000000001,0.2637601172266385,1500,9.615,0.0,313.0,313.0,0.486748,-20.074534161490682,19.0,2.086028,0.010543130990415334,0.018849840255591055,0.011501597444089455,17.77301927194861,1.5166617680216468,1.5000000000002345,2.4199454189414036,0.7460510271480458,59.974867,119.913509,0.0,4320,832,1220,60.0,120.0
82,2022-03-15 08:40:47.076275,can_tapper12,"rgb(55,126,184)",523.0,485.0,525.0,7.265774378585086,100.0,100.0,24.251662971170994,274,9.55,2.5,372.0,369.5,0.827019,-46.44479495268139,5.0,2.421974,0.007036535859269284,0.010284167794316646,0.007577807848443844,4.8732943469785575,0.6014561215368848,0.7600000000001188,2.4199454189414036,0.7291703899351348,8.7458,119.836972,432.169222,3088,668,910,60.0,120.0
83,2022-03-15 08:40:47.076275,can_tapper12,"rgb(77,175,74)",523.0,485.0,525.0,7.265774378585086,100.0,100.0,24.251662971170994,274,9.55,2.5,372.0,369.5,0.827019,-46.44479495268139,5.0,2.421974,0.007036535859269284,0.010284167794316646,0.007577807848443844,4.8732943469785575,0.6014561215368848,0.7600000000001188,2.4199454189414036,0.7291703899351348,8.7458,119.836972,0.0,3088,668,910,60.0,120.0
84,2022-03-15 09:47:13.890835,can_tapper12,"rgb(152,78,163)",504.0,458.0,507.0,9.126984126984127,95.0,98.75,1.2627738945653815,1500,9.74,0.0,311.0,311.0,1.268717,-6.561497326203209,362.0,2.261375,0.011575562700964631,0.014790996784565916,0.012540192926045017,6.609808102345416,0.7342007072155432,1.0000000000001563,40.68887031186959,0.10265143543454314,59.92679,119.821544,3986.81456,3452,592,934,60.0,120.0
85,2022-03-15 09:47:13.890835,can_tapper12,"rgb(255,127,0)",504.0,458.0,507.0,9.126984126984127,95.0,98.75,1.2627738945653815,1500,9.74,0.0,311.0,311.0,1.268717,-6.561497326203209,362.0,2.261375,0.011575562700964631,0.014790996784565916,0.012540192926045017,6.609808102345416,0.7342007072155432,1.0000000000001563,40.68887031186959,0.10265143543454314,59.92679,119.821544,0.0,3452,592,934,60.0,120.0
86,2022-03-15 09:48:57.005514,can_tapper12,"rgb(255,255,51)",508.0,475.0,512.0,6.496062992125983,100.0,100.0,9.59753168419633,765,9.775,14.0,362.0,348.0,0.926616,-19.50485436893204,13.0,2.031065,0.008045977011494253,0.009482758620689655,0.009195402298850575,6.882591093117409,0.3577434828096574,0.5000000000000782,2.565174071178317,0.6882869442873163,59.986536,119.76572,103.114679,3452,708,800,60.0,120.0
87,2022-03-15 09:48:57.005514,can_tapper12,"rgb(166,86,40)",508.0,475.0,512.0,6.496062992125983,100.0,100.0,9.59753168419633,765,9.775,14.0,362.0,348.0,0.926616,-19.50485436893204,13.0,2.031065,0.008045977011494253,0.009482758620689655,0.009195402298850575,6.882591093117409,0.3577434828096574,0.5000000000000782,2.565174071178317,0.6882869442873163,59.986536,119.76572,0.0,3452,708,800,60.0,120.0
88,2022-03-15 09:53:07.908805,can_tapper12,"rgb(247,129,191)",503.0,445.0,508.0,11.530815109343937,93.75,100.0,7.499843333261899,1500,9.817499999999999,16.5,456.0,439.5,1.131659,-39.15360501567398,118.0,2.134485,0.008873720136518772,0.013196814562002276,0.010011376564277589,10.284463894967177,0.6889162303019654,1.5000000000002345,1.9029463547871976,0.6880075493747692,59.87344,119.96676,250.903291,4316,836,996,60.0,120.0
89,2022-03-15 09:53:07.908805,can_tapper12,"rgb(153,153,153)",503.0,445.0,508.0,11.530815109343937,93.75,100.0,7.499843333261899,1500,9.817499999999999,16.5,456.0,439.5,1.131659,-39.15360501567398,118.0,2.134485,0.008873720136518772,0.013196814562002276,0.010011376564277589,10.284463894967177,0.6889162303019654,1.5000000000002345,1.9029463547871976,0.6880075493747692,59.87344,119.96676,0.0,4316,836,996,60.0,120.0
90,2022-03-17 08:34:15.669160,can_tapper12,"rgb(228,26,28)",496.0,425.0,501.0,14.31451612903226,78.00000000000004,91.25,5.76033144903501,1500,9.266666666666666,19.0,445.0,426.0,0.445366,-9.734375,19.0,2.048874,0.009389671361502348,0.016666666666666666,0.01056338028169014,21.05263157894737,1.8890582344275368,1.5000000000002345,2.565174071178317,0.6394143506473575,59.992904,119.827631,168067.760355,4316,828,1098,60.0,120.0
91,2022-03-17 08:34:15.669160,can_tapper12,"rgb(55,126,184)",496.0,425.0,501.0,14.31451612903226,78.00000000000004,91.25,5.76033144903501,1500,9.266666666666666,19.0,445.0,426.0,0.445366,-9.734375,19.0,2.048874,0.009389671361502348,0.016666666666666666,0.01056338028169014,21.05263157894737,1.8890582344275368,1.5000000000002345,2.565174071178317,0.6394143506473575,59.992904,119.827631,0.0,4316,828,1098,60.0,120.0
92,2022-03-17 08:58:46.071681,can_tapper12,"rgb(77,175,74)",500.0,457.0,,8.6,90.0,,,0,9.1,0.0,412.0,412.0,0.62238,-3.5611510791366907,299.0,2.030894,0.003640776699029126,0.010436893203883496,,9.513742071881607,0.8967861175519845,0.7400000000001157,119.99999999999996,0.19962740882864616,1.394081,119.90406,1470.402521,2916,570,748,60.0,120.0
93,2022-03-17 08:58:46.071681,can_tapper12,"rgb(152,78,163)",500.0,457.0,,8.6,90.0,,,0,9.1,0.0,412.0,412.0,0.62238,-3.5611510791366907,299.0,2.030894,0.003640776699029126,0.010436893203883496,,9.513742071881607,0.8967861175519845,0.7400000000001157,119.99999999999996,0.19962740882864616,1.394081,119.90406,0.0,2916,570,748,60.0,120.0
94,2022-03-17 09:00:38.425417,can_tapper12,"rgb(255,127,0)",508.0,457.0,513.0,10.039370078740157,100.0,100.0,5.269495675330573,1500,9.183333333333334,0.0,299.0,299.0,1.421355,-17.060606060606062,158.0,2.02128,0.011705685618729096,0.01705685618729097,0.013377926421404682,6.666666666666667,0.5831755227964615,1.0000000000001563,1.406595676542853,0.5410051330905495,59.978039,39.319674,112.353736,2388,456,600,60.0,120.0
95,2022-03-17 09:00:38.425417,can_tapper12,"rgb(255,255,51)",508.0,457.0,513.0,10.039370078740157,100.0,100.0,5.269495675330573,1500,9.183333333333334,0.0,299.0,299.0,1.421355,-17.060606060606062,158.0,2.02128,0.011705685618729096,0.01705685618729097,0.013377926421404682,6.666666666666667,0.5831755227964615,1.0000000000001563,1.406595676542853,0.5410051330905495,59.978039,39.319674,0.0,2388,456,600,60.0,120.0
96,2022-03-21 08:49:39.985066,can_tapper12,"rgb(166,86,40)",493.0,440.0,497.0,10.75050709939148,70.75000000000004,81.00000000000004,0.41756463002865596,1500,3.458333333333333,23.5,297.0,273.5,1.647002,-4.148484848484848,161.0,2.1452,0.011334552102376601,0.019378427787934187,0.012797074954296161,1.5452538631346577,0.48797887342644397,1.5000000000002345,2.27471676670449,0.7031855915612175,59.799775,119.767199,344941.559649,4314,800,1236,60.0,120.0
97,2022-03-21 08:49:39.985066,can_tapper12,"rgb(247,129,191)",493.0,440.0,497.0,10.75050709939148,70.75000000000004,81.00000000000004,0.41756463002865596,1500,3.458333333333333,23.5,297.0,273.5,1.647002,-4.148484848484848,161.0,2.1452,0.011334552102376601,0.019378427787934187,0.012797074954296161,1.5452538631346577,0.48797887342644397,1.5000000000002345,2.27471676670449,0.7031855915612175,59.799775,119.767199,0.0,4314,800,1236,60.0,120.0
98,2022-03-22 08:23:51.663460,can_tapper12,"rgb(153,153,153)",500.0,457.0,501.0,8.6,90.0,91.25,4.759655448734904,1500,16.825,0.0,318.0,318.0,1.136025,-25.413333333333334,99.0,2.242351,0.011006289308176102,0.013522012578616353,0.011320754716981133,7.526881720430108,0.5531669119260608,0.5000000000000782,2.892719705486028,0.7767989055615272,53.741042,75.817025,84851.678394,3114,602,596,60.0,120.0
99,2022-03-22 08:23:51.663460,can_tapper12,"rgb(228,26,28)",500.0,457.0,501.0,8.6,90.0,91.25,4.759655448734904,1500,16.825,0.0,318.0,318.0,1.136025,-25.413333333333334,99.0,2.242351,0.011006289308176102,0.013522012578616353,0.011320754716981133,7.526881720430108,0.5531669119260608,0.5000000000000782,2.892719705486028,0.7767989055615272,53.741042,75.817025,0.0,3114,602,596,60.0,120.0
100,2022-03-22 08:26:07.762775,can_tapper12,"rgb(55,126,184)",520.0,486.0,,6.538461538461539,100.0,,,0,18.419999999999998,0.0,372.0,372.0,0.907612,-21.032362459546924,23.0,2.418518,0.006720430107526882,0.00913978494623656,,2.6262626262626263,0.4902375381878961,1.260000000000197,2.892719705486028,0.7011425986575676,1.608649,119.995544,136.099315,2922,642,784,60.0,120.0
101,2022-03-22 08:26:07.762775,can_tapper12,"rgb(77,175,74)",520.0,486.0,,6.538461538461539,100.0,,,0,18.419999999999998,0.0,372.0,372.0,0.907612,-21.032362459546924,23.0,2.418518,0.006720430107526882,0.00913978494623656,,2.6262626262626263,0.4902375381878961,1.260000000000197,2.892719705486028,0.7011425986575676,1.608649,119.995544,0.0,2922,642,784,60.0,120.0
102,2022-03-22 09:11:57.220085,can_tapper12,"rgb(152,78,163)",496.0,446.0,499.0,10.080645161290322,78.00000000000004,87.00000000000001,2.063174250299121,1500,16.7775,27.0,345.0,318.0,0.991439,-30.37037037037037,151.0,2.085369,0.011006289308176102,0.015723270440251572,0.011949685534591196,9.70464135021097,0.7708867488427201,0.5000000000000782,1.406595676542853,0.2822726162071192,59.9094,119.906174,2749.45731,4316,690,1164,60.0,120.0
103,2022-03-22 09:11:57.220085,can_tapper12,"rgb(255,127,0)",496.0,446.0,499.0,10.080645161290322,78.00000000000004,87.00000000000001,2.063174250299121,1500,16.7775,27.0,345.0,318.0,0.991439,-30.37037037037037,151.0,2.085369,0.011006289308176102,0.015723270440251572,0.011949685534591196,9.70464135021097,0.7708867488427201,0.5000000000000782,1.406595676542853,0.2822726162071192,59.9094,119.906174,0.0,4316,690,1164,60.0,120.0
104,2022-03-22 10:39:49.151826,can_tapper12,"rgb(255,255,51)",500.0,464.0,500.0,7.199999999999999,90.0,90.0,4.975753322556082,1500,17.4,15.0,257.0,242.0,1.126081,-39.491408934707906,16.0,2.129756,0.012396694214876033,0.014876033057851241,0.012396694214876033,3.4188034188034186,0.29461163153985515,0.5000000000000782,3.678623825607137,0.7819384649274124,52.746152,119.83781,5271.931741,4146,750,1064,60.0,120.0
105,2022-03-22 10:39:49.151826,can_tapper12,"rgb(166,86,40)",500.0,464.0,500.0,7.199999999999999,90.0,90.0,4.975753322556082,1500,17.4,15.0,257.0,242.0,1.126081,-39.491408934707906,16.0,2.129756,0.012396694214876033,0.014876033057851241,0.012396694214876033,3.4188034188034186,0.29461163153985515,0.5000000000000782,3.678623825607137,0.7819384649274124,52.746152,119.83781,0.0,4146,750,1064,60.0,120.0
106,2022-03-22 11:43:40.272526,can_tapper12,"rgb(247,129,191)",499.0,454.0,500.0,9.01803607214429,87.00000000000001,90.0,4.002446223308776,1500,18.45,13.5,294.0,280.5,1.563592,-43.68852459016394,155.0,2.164198,0.00926916221033868,0.016042780748663103,0.00962566844919786,0.6342494714587738,0.26406793712412013,1.5200000000002376,3.2620894576029285,0.837440582330743,59.846077,119.973892,3831.1207,4320,808,1162,60.0,120.0
107,2022-03-22 11:43:40.272526,can_tapper12,"rgb(153,153,153)",499.0,454.0,500.0,9.01803607214429,87.00000000000001,90.0,4.002446223308776,1500,18.45,13.5,294.0,280.5,1.563592,-43.68852459016394,155.0,2.164198,0.00926916221033868,0.016042780748663103,0.00962566844919786,0.6342494714587738,0.26406793712412013,1.5200000000002376,3.2620894576029285,0.837440582330743,59.846077,119.973892,0.0,4320,808,1162,60.0,120.0
108,2022-03-22 12:52:28.522236,can_tapper12,"rgb(228,26,28)",507.0,457.0,509.0,9.861932938856016,98.75,100.0,2.2268158053650222e-13,1500,20.438333333333333,0.0,470.0,470.0,0.54454,-29.104100946372238,16.0,2.053822,0.008085106382978723,0.010638297872340425,0.00851063829787234,6.976744186046512,1.5851002715462987,1.5200000000002376,2.565174071178317,0.8047106932244753,59.907879,119.908013,4128.24971,4320,814,978,60.0,120.0
109,2022-03-22 12:52:28.522236,can_tapper12,"rgb(55,126,184)",507.0,457.0,509.0,9.861932938856016,98.75,100.0,2.2268158053650222e-13,1500,20.438333333333333,0.0,470.0,470.0,0.54454,-29.104100946372238,16.0,2.053822,0.008085106382978723,0.010638297872340425,0.00851063829787234,6.976744186046512,1.5851002715462987,1.5200000000002376,2.565174071178317,0.8047106932244753,59.907879,119.908013,0.0,4320,814,978,60.0,120.0
110,2022-03-22 13:18:54.426500,can_tapper12,"rgb(77,175,74)",512.0,465.0,515.0,9.1796875,100.0,100.0,0.005555558024526543,1500,21.125,12.0,496.0,484.0,1.216776,-18.607142857142858,159.0,2.224375,0.008264462809917356,0.009710743801652894,0.00888429752066116,8.571428571428571,0.7283623695953555,1.5000000000002345,2.0171482422437275,0.7467352060563253,59.990728,119.979276,1585.904264,4318,904,940,60.0,120.0
111,2022-03-22 13:18:54.426500,can_tapper12,"rgb(152,78,163)",512.0,465.0,515.0,9.1796875,100.0,100.0,0.005555558024526543,1500,21.125,12.0,496.0,484.0,1.216776,-18.607142857142858,159.0,2.224375,0.008264462809917356,0.009710743801652894,0.00888429752066116,8.571428571428571,0.7283623695953555,1.5000000000002345,2.0171482422437275,0.7467352060563253,59.990728,119.979276,0.0,4318,904,940,60.0,120.0
112,2022-03-22 13:50:16.579319,can_tapper12,"rgb(255,127,0)",512.0,457.0,513.0,10.7421875,100.0,100.0,3.412277072122542,1500,21.925,12.0,338.0,326.0,1.14815,-15.808441558441558,24.0,2.251945,0.015030674846625767,0.016871165644171782,0.015337423312883437,7.2,0.9570573471096954,1.5000000000002345,2.27471676670449,0.7102573513422547,59.936883,119.9489,1882.152819,4320,900,846,60.0,120.0
113,2022-03-22 13:50:16.579319,can_tapper12,"rgb(255,255,51)",512.0,457.0,513.0,10.7421875,100.0,100.0,3.412277072122542,1500,21.925,12.0,338.0,326.0,1.14815,-15.808441558441558,24.0,2.251945,0.015030674846625767,0.016871165644171782,0.015337423312883437,7.2,0.9570573471096954,1.5000000000002345,2.27471676670449,0.7102573513422547,59.936883,119.9489,0.0,4320,900,846,60.0,120.0
114,2022-03-22 14:45:33.101842,can_tapper12,"rgb(166,86,40)",505.0,464.0,508.0,8.118811881188119,96.25,100.0,2.220445431308362,1500,22.25,21.0,289.0,268.0,1.254889,-31.606164383561644,18.0,2.345139,0.013059701492537313,0.015298507462686569,0.014179104477611941,5.645161290322581,0.7534742365110862,0.7600000000001188,2.892719705486028,0.8041614321179306,59.831054,119.989771,3316.522523,4316,810,1704,60.0,120.0
115,2022-03-22 14:45:33.101842,can_tapper12,"rgb(247,129,191)",505.0,464.0,508.0,8.118811881188119,96.25,100.0,2.220445431308362,1500,22.25,21.0,289.0,268.0,1.254889,-31.606164383561644,18.0,2.345139,0.013059701492537313,0.015298507462686569,0.014179104477611941,5.645161290322581,0.7534742365110862,0.7600000000001188,2.892719705486028,0.8041614321179306,59.831054,119.989771,0.0,4316,810,1704,60.0,120.0
116,2022-03-22 14:58:26.179778,can_tapper12,"rgb(153,153,153)",505.0,466.0,508.0,7.7227722772277225,96.25,100.0,5.902011512003273,1500,23.5,19.0,309.0,290.0,1.365381,-26.56088560885609,25.0,2.456777,0.009655172413793102,0.013448275862068966,0.010689655172413791,6.722689075630252,0.8369099509328719,1.0000000000001563,2.0171482422437275,0.7255002018787531,59.994569,119.942631,773.077936,4320,736,1144,60.0,120.0
117,2022-03-22 14:58:26.179778,can_tapper12,"rgb(228,26,28)",505.0,466.0,508.0,7.7227722772277225,96.25,100.0,5.902011512003273,1500,23.5,19.0,309.0,290.0,1.365381,-26.56088560885609,25.0,2.456777,0.009655172413793102,0.013448275862068966,0.010689655172413791,6.722689075630252,0.8369099509328719,1.0000000000001563,2.0171482422437275,0.7255002018787531,59.994569,119.942631,0.0,4320,736,1144,60.0,120.0
118,2022-03-22 15:10:01.900602,can_tapper12,"rgb(55,126,184)",504.0,447.0,507.0,11.30952380952381,95.0,98.75,4.921459965092106,1500,22.2,17.0,492.0,475.0,1.09013,-26.487272727272728,143.0,2.191129,0.010947368421052633,0.012000000000000002,0.011578947368421053,10.434782608695652,1.3280820535956461,1.0000000000001563,2.145932504474109,0.752254801292849,59.97834,119.952829,695.720824,4318,726,1164,60.0,120.0
119,2022-03-22 15:10:01.900602,can_tapper12,"rgb(77,175,74)",504.0,447.0,507.0,11.30952380952381,95.0,98.75,4.921459965092106,1500,22.2,17.0,492.0,475.0,1.09013,-26.487272727272728,143.0,2.191129,0.010947368421052633,0.012000000000000002,0.011578947368421053,10.434782608695652,1.3280820535956461,1.0000000000001563,2.145932504474109,0.752254801292849,59.97834,119.952829,0.0,4318,726,1164,60.0,120.0
120,2022-03-22 15:22:00.551529,can_tapper12,"rgb(152,78,163)",505.0,444.0,508.0,12.07920792079208,96.25,100.0,1.5095828931473554,1500,22.14166666666667,18.5,488.0,469.5,1.032025,-17.728706624605678,148.0,2.1354,0.008306709265175719,0.012992545260915868,0.008945686900958465,7.535641547861507,1.0410900670383099,1.0000000000001563,2.27471676670449,0.6114426945676075,59.9311,119.952775,718.650927,4320,782,1564,60.0,120.0
121,2022-03-22 15:22:00.551529,can_tapper12,"rgb(255,127,0)",505.0,444.0,508.0,12.07920792079208,96.25,100.0,1.5095828931473554,1500,22.14166666666667,18.5,488.0,469.5,1.032025,-17.728706624605678,148.0,2.1354,0.008306709265175719,0.012992545260915868,0.008945686900958465,7.535641547861507,1.0410900670383099,1.0000000000001563,2.27471676670449,0.6114426945676075,59.9311,119.952775,0.0,4320,782,1564,60.0,120.0
122,2022-06-20 13:46:40.142747,can_tapper12,"rgb(255,255,51)",501.0,465.0,504.0,7.18562874251497,91.25,95.0,7.950530035334646,849,13.75,0.0,428.0,428.0,0.837401,-4.862928348909658,12.0,2.237219,0.005607476635514019,0.008411214953271028,0.006308411214953271,5.070993914807302,0.5288286144697253,0.5000000000000782,30.236992142280027,0.5814827117519308,19.991097,119.880666,7770279.591218,1680,354,420,60.0,120.0
123,2022-06-20 14:02:41.061938,can_tapper12,"rgb(166,86,40)",516.0,478.0,,7.3643410852713185,100.0,,,0,16.5,8.0,498.0,490.0,0.61205,-3.675595238095238,8.0,2.117315,0.005918367346938776,0.007755102040816328,,2.6694045174537986,0.5847255111388028,1.0000000000001563,22.958972543142877,0.4556031428441849,1.65564,119.955442,960.919191,1461,345,395,60.0,120.0
124,2022-06-21 08:05:28.946097,can_tapper12,"rgb(247,129,191)",504.0,467.0,,7.341269841269842,95.0,,,0,13.133333333333335,14.0,308.0,294.0,1.115455,-4.5,77.0,2.117641,0.009863945578231293,0.012585034013605443,,4.838709677419355,0.45970031758398455,1.0000000000001563,14.510040092554025,0.7185535086270811,0.801399,120.000529,64967.884159,1451,328,400,60.0,120.0
125,2022-06-22 07:12:54.887684,can_tapper12,"rgb(153,153,153)",500.0,456.0,504.0,8.799999999999999,90.0,95.0,9.150160006200094,977,18.1,14.0,299.0,285.0,1.025695,-6.961764705882353,89.0,2.017548,0.011228070175438597,0.015438596491228071,0.01263157894736842,8.016877637130802,0.4824980612783756,1.0000000000001563,19.611076019486205,0.6410981103022175,22.563596,119.770675,83245.941587,1710,372,456,60.0,120.0
126,2022-06-22 07:47:10.467146,can_tapper12,"rgb(228,26,28)",516.0,467.0,517.0,9.496124031007753,100.0,100.0,16.281689796825827,340,18.0,0.0,264.0,264.0,1.013895,-5.484429065743945,20.0,2.013247,0.013636363636363637,0.01856060606060606,0.014015151515151515,9.01639344262295,0.6644946211862516,1.0000000000001563,20.35930441406865,0.5509184210858974,9.809525,119.993602,2055.579462,1558,308,440,60.0,120.0
127,2022-06-22 08:59:39.960373,can_tapper12,"rgb(55,126,184)",504.0,473.0,509.0,6.15079365079365,95.0,100.0,7.456424974844361,1289,16.15,12.0,369.0,357.0,0.834669,-5.2972136222910216,12.0,2.335202,0.003081232492997199,0.008683473389355744,0.004201680672268907,4.032258064516129,0.5150499230781272,0.26000000000004064,30.62101496143257,0.4696370782684466,28.798218,119.81975,4349.493227,1785,378,537,60.0,120.0
128,2022-06-23 10:22:08.268103,can_tapper12,"rgb(77,175,74)",501.0,473.0,504.0,5.588822355289421,91.25,95.0,9.577979006385819,597,20.45,14.0,349.0,335.0,0.918738,-8.15105740181269,12.0,2.019606,0.004179104477611941,0.00835820895522388,0.005074626865671642,3.4482758620689653,0.44664104910179403,0.26000000000004064,18.697370609620418,0.589327350991556,14.955365,119.907687,91348.30773,1620,361,437,60.0,120.0
129,2022-06-23 10:52:17.860098,can_tapper12,"rgb(152,78,163)",516.0,481.0,,6.782945736434108,100.0,,,0,20.85,0.0,361.0,361.0,0.812625,-5.979094076655052,8.0,2.407008,0.006371191135734072,0.009695290858725763,,3.917525773195876,0.47178319570728877,0.5000000000000782,14.889581999396757,0.5133456160223409,1.711912,119.88187,1809.591995,1461,297,388,60.0,120.0
130,2022-06-23 12:10:21.534219,can_tapper12,"rgb(255,127,0)",508.0,480.0,509.0,5.511811023622047,100.0,100.0,22.425049473816145,269,22.583333333333332,0.0,343.0,343.0,0.931731,-6.916890080428955,10.0,2.026049,0.004373177842565598,0.008163265306122448,0.004664723032069971,3.8076152304609217,0.4009952766008594,0.26000000000004064,16.009726425029317,0.5115619923733616,8.397006,119.97423,4683.674121,1542,397,382,60.0,120.0
131,2022-09-13 15:35:52.527624,can_tapper12,"rgb(255,255,51)",504.0,473.0,508.0,6.15079365079365,95.0,100.0,10.181595017168766,732,21.25,0.0,415.0,415.0,0.825599,-9.137724550898204,7.0,2.333448,0.0074698795180722895,0.0074698795180722895,0.008433734939759036,3.476482617586912,0.23284818467348156,1.0000000000001563,31.24939496251093,0.6274448395215055,17.642806,119.969317,7097130.993405,1653,365,426,60.0,120.0
132,2022-09-14 15:10:18.650223,can_tapper12,"rgb(166,86,40)",493.0,436.0,495.0,11.561866125760648,70.75000000000004,75.58333333333339,3.3016192451635984,1500,17.405,13.5,427.0,413.5,1.330757,-75.96603773584906,142.0,2.323873,0.008706166868198308,0.013784764207980651,0.009189842805320435,11.304347826086957,0.7905560442952417,1.5000000000002345,5.948992616750902,0.9069796344443501,59.869003,119.856724,84866.122599,2157,354,755,60.0,120.0
133,2022-09-19 16:22:44.350023,can_tapper12,"rgb(247,129,191)",492.0,446.0,493.0,9.34959349593496,68.33333333333339,70.75000000000004,0.3080001368890675,1500,11.407142857142857,16.0,321.0,305.0,1.351223,-60.4969512195122,18.0,2.450474,0.012131147540983607,0.015081967213114753,0.012459016393442624,8.855291576673865,0.8795946190113977,1.0000000000001563,4.413195167492838,0.8556252943852518,59.990174,119.894836,436345.6998,2158,413,792,60.0,120.0
134,2022-09-23 07:54:28.937423,can_tapper12,"rgb(153,153,153)",497.0,458.0,500.0,7.847082494969819,81.00000000000004,90.0,3.202463645538741,1500,11.983333333333333,18.0,247.0,229.0,1.072773,-8.246290801186944,18.0,2.067335,0.013973799126637557,0.01703056768558952,0.015283842794759826,6.13107822410148,0.5315825955066985,0.5000000000000782,22.183747068738366,0.6014630803612997,52.034916,119.841726,315104.5874,2064,398,598,60.0,120.0
135,2022-09-26 14:47:49.305267,can_tapper12,"rgb(228,26,28)",497.0,429.0,500.0,13.682092555331993,81.00000000000004,90.0,0.6692980752434475,1500,10.95,18.0,291.0,273.0,1.613726,-14.519354838709678,154.0,2.116401,0.012454212454212453,0.024908424908424907,0.013553113553113554,13.174946004319654,1.5440327113711703,1.5000000000002345,2.565174071178317,0.7658974439307106,59.925124,119.889761,284000.367844,2160,386,564,60.0,120.0
136,2022-09-27 14:40:39.803288,can_tapper12,"rgb(55,126,184)",496.0,432.0,500.0,12.903225806451612,78.00000000000004,90.0,4.156167692041187e-14,1500,9.545,0.0,434.0,434.0,1.143155,-12.592948717948717,218.0,2.143089,0.009216589861751152,0.014746543778801843,0.010138248847926268,15.254237288135593,0.6366703798083164,1.5000000000002345,2.7289468883321724,0.7153013370656043,59.834265,105.984684,85970.498021,1992,379,472,60.0,120.0
137,2022-09-27 15:13:13.042330,can_tapper12,"rgb(77,175,74)",529.0,488.0,,7.750472589792061,100.0,,,0,10.966666666666667,0.0,313.0,313.0,1.022506,0.8968609865470852,86.0,2.018338,0.010543130990415334,0.013099041533546326,,6.827309236947791,0.7640292700891309,1.5000000000002345,119.99999999999996,0.3873469123216725,1.151275,119.915438,1953.239042,1455,226,263,60.0,120.0
138,2022-09-27 15:41:51.071870,can_tapper12,"rgb(152,78,163)",497.0,434.0,500.0,12.676056338028168,81.00000000000004,90.0,0.10609782493221098,1500,9.65,15.0,326.0,311.0,1.094598,-20.300884955752213,25.0,2.186541,0.011575562700964631,0.0202572347266881,0.012540192926045015,12.364425162689805,1.1860911012185134,1.0000000000001563,1.406595676542853,0.44362199126550095,59.937918,43.347774,1718.02954,1240,184,255,60.0,120.0
139,2022-10-03 12:46:04.770896,can_tapper12,"rgb(255,127,0)",495.0,438.0,499.0,11.515151515151516,75.58333333333339,87.00000000000001,2.9411035293786343,1500,10.55,0.0,348.0,348.0,1.123147,-9.664615384615384,141.0,2.123197,0.010632183908045977,0.016379310344827584,0.011781609195402299,6.067415730337078,0.6527126836762194,1.5200000000002376,2.27471676670449,0.6798624547781977,59.87538,119.994076,507853.699026,2159,440,406,60.0,120.0
140,2022-10-04 09:46:17.342588,can_tapper12,"rgb(255,255,51)",500.0,470.0,504.0,6.0,90.0,95.0,10.515390076810933,535,17.466666666666665,0.0,392.0,392.0,0.815101,-17.711409395973153,20.0,2.218952,0.00586734693877551,0.007653061224489796,0.006887755102040817,4.821802935010482,0.5117825622967256,0.5000000000000782,2.892719705486028,0.6904236839944033,13.711449,119.886817,75612.571692,1605,329,447,60.0,120.0
141,2022-10-13 11:45:14.859579,can_tapper12,"rgb(166,86,40)",496.0,447.0,497.0,9.879032258064516,78.00000000000004,81.00000000000004,0.5204446757529492,1500,11.35,0.0,274.0,274.0,1.485344,-29.164596273291924,17.0,2.085519,0.011313868613138687,0.017883211678832115,0.011678832116788322,6.0344827586206895,1.0004718362898681,1.0200000000001594,3.077404581544478,0.7850763061634944,59.981224,119.884651,784737.516991,2160,428,578,60.0,120.0
142,2022-10-13 13:47:59.572303,can_tapper12,"rgb(247,129,191)",495.0,442.0,496.0,10.707070707070706,75.58333333333339,78.00000000000004,4.89682884303423,1500,10.6,0.0,490.0,490.0,1.03923,-30.901898734177216,145.0,2.143316,0.01,0.010816326530612246,0.010204081632653062,15.991471215351812,1.0752628853374184,1.5000000000002345,2.4199454189414036,0.6640909417155024,59.988781,119.991297,7364.712724,2160,449,606,60.0,120.0
143,2022-11-03 11:45:53.615230,can_tapper12,"rgb(153,153,153)",503.0,458.0,505.0,8.946322067594433,93.75,96.25,10.964594493622405,623,9.9,0.0,424.0,424.0,0.742624,-3.1704918032786886,81.0,2.24308,0.008490566037735849,0.01061320754716981,0.008962264150943396,7.922912205567452,0.38358351652822903,1.2400000000001938,85.87168184363262,0.5383750822003199,15.486031,119.84508,1807074.042927,1626,336,423,60.0,120.0
144,2022-11-03 11:55:07.554665,can_tapper12,"rgb(228,26,28)",504.0,451.0,511.0,10.515873015873016,95.0,100.0,12.760005671111388,1500,11.45,0.0,293.0,293.0,1.366568,-7.724489795918367,17.0,3.054044,0.013993174061433447,0.018088737201365186,0.016382252559726963,10.0,1.0239033167539082,1.0000000000001563,119.99999999999996,0.5352646917260264,59.920656,119.919824,553.939435,2160,411,511,60.0,120.0
145,2022-11-03 22:02:00.244780,can_tapper12,"rgb(55,126,184)",496.0,461.0,500.0,7.056451612903227,78.58333333333337,90.0,7.401004102766167,847,12.633333333333333,0.0,292.0,292.0,1.015149,-6.031948881789138,85.0,2.016418,0.00958904109589041,0.011986301369863013,0.010958904109589041,2.760084925690021,0.5725627494441302,1.0000000000001563,2.892719705486028,0.7252639540612369,19.958266,119.875488,36412.690115,1680,353,369,60.0,120.0
146,2022-11-04 09:09:43.343540,can_tapper12,"rgb(77,175,74)",496.0,467.0,500.0,5.846774193548387,78.00000000000004,90.0,4.755132559375593,1347,8.091666666666665,0.0,344.0,344.0,0.92055,-5.412607449856734,18.0,2.025695,0.0034883720930232558,0.008430232558139534,0.004651162790697674,2.3157894736842106,0.4850630441750151,0.5000000000000782,2.892719705486028,0.6934839147236154,29.966017,119.873819,40063.09876,1800,416,538,60.0,120.0
147,2022-11-06 08:23:23.759324,can_tapper12,"rgb(152,78,163)",492.0,434.0,492.0,11.788617886178862,68.33333333333339,68.33333333333339,0.5012180005415453,1500,5.515,0.0,287.0,287.0,1.37634,-18.35430463576159,18.0,2.565305,0.014285714285714285,0.020209059233449476,0.014285714285714285,13.91304347826087,1.136662162234625,1.0000000000001563,3.2620894576029285,0.8363503897296244,59.942066,119.965124,170020.415784,2160,396,623,60.0,120.0
148,2022-11-06 13:05:12.145628,can_tapper12,"rgb(255,127,0)",492.0,424.0,492.0,13.821138211382115,68.33333333333339,68.33333333333339,5.687905153615099e-14,1500,7.55,14.0,322.0,308.0,1.097361,-33.482394366197184,43.0,2.099419,0.012987012987012986,0.02207792207792208,0.012987012987012986,13.465783664459162,1.091710186592598,1.5000000000002345,3.9134845291898115,0.87202200784347,59.84926,119.993924,16908.386304,2158,397,730,60.0,120.0
149,2022-11-06 15:14:00.171638,can_tapper12,"rgb(255,255,51)",497.0,440.0,500.0,11.468812877263582,81.00000000000004,90.0,1.7126763167446495,1500,8.725,13.0,286.0,273.0,1.23826,-32.25170068027211,13.0,2.23523,0.015384615384615384,0.02087912087912088,0.016483516483516484,14.105263157894736,0.878420347790837,1.0000000000001563,2.27471676670449,0.7660201673016416,59.987981,119.938328,7728.02601,2159,412,746,60.0,120.0
150,2022-11-07 12:59:11.735561,can_tapper12,"rgb(166,86,40)",495.0,449.0,497.0,9.292929292929292,75.58333333333339,81.00000000000004,0.1849245266328983,1500,7.383333333333333,0.0,284.0,284.0,1.384596,-24.13765182186235,12.0,3.07424,0.015140845070422536,0.016197183098591552,0.01584507042253521,5.95482546201232,0.8302771335597525,1.0000000000001563,2.145932504474109,0.7549852609116217,59.935054,119.900333,78311.563923,2160,406,511,60.0,120.0
151,2022-11-08 15:08:07.938673,can_tapper12,"rgb(247,129,191)",492.0,433.0,495.0,11.991869918699187,68.33333333333339,75.58333333333339,3.6060816027023836,1500,9.079166666666666,0.0,499.0,499.0,1.033626,-38.4222972972973,143.0,2.030018,0.009619238476953909,0.011823647294589177,0.010220440881763528,10.729613733905579,1.0438259990207752,1.5000000000002345,3.678623825607137,0.864910706021212,59.981026,119.819601,94136.203112,2159,403,565,60.0,120.0
152,2022-11-09 10:11:37.525145,can_tapper12,"rgb(153,153,153)",491.0,449.0,492.0,8.55397148676171,66.25000000000003,68.33333333333339,3.027814679028058,1500,10.15,0.0,281.0,281.0,1.372763,-51.190140845070424,18.0,3.068608,0.013523131672597865,0.01494661921708185,0.013879003558718862,2.396514161220044,0.579624613523402,1.0000000000001563,4.413195167492838,0.8054152092445496,59.914466,119.91643,68609.586472,2160,377,777,60.0,120.0
153,2022-11-09 10:56:02.062844,can_tapper12,"rgb(228,26,28)",508.0,467.0,509.0,8.070866141732283,100.0,100.0,0.22333343259255573,1500,11.195,0.0,289.0,289.0,1.439143,-3.007142857142857,27.0,2.036504,0.010726643598615915,0.014186851211072667,0.011072664359861591,5.454545454545454,0.8098986961298229,1.0200000000001594,58.350444692249376,0.5162464922358521,59.988856,119.864103,2664.537699,2159,358,488,60.0,120.0
154,2022-11-09 12:09:40.805251,can_tapper12,"rgb(55,126,184)",500.0,439.0,503.0,12.2,90.0,93.75,1.5903473734879474,1500,11.675,0.0,315.0,315.0,1.064677,-39.37234042553192,15.0,2.068999,0.013333333333333332,0.019365079365079363,0.014285714285714284,13.793103448275861,0.7235596198812758,1.0000000000001563,2.27471676670449,0.6297033412152943,59.8224,119.986126,4418.742407,2158,391,852,60.0,120.0
155,2022-11-09 14:27:50.656351,can_tapper12,"rgb(77,175,74)",500.0,461.0,500.0,7.8,90.0,90.0,1.5514140228501656,1500,12.725,11.0,458.0,447.0,0.973348,-35.6401384083045,76.0,3.072038,0.006040268456375839,0.0087248322147651,0.006040268456375839,4.862579281183932,1.0249435390109927,0.5000000000000782,2.565174071178317,0.6337174470952254,59.89258,119.973895,8289.8511,2160,429,618,60.0,120.0
156,2022-11-09 17:02:53.779084,can_tapper12,"rgb(152,78,163)",497.0,441.0,499.0,11.267605633802818,81.00000000000004,87.00000000000001,0.5367469052204976,1500,13.975,0.0,448.0,448.0,1.074446,-54.86011904761905,137.0,2.176329,0.011383928571428573,0.0125,0.011830357142857146,10.13215859030837,1.3084919318296857,1.0000000000001563,2.0171482422437275,0.40606284215441024,59.945326,119.902624,9303.122733,2158,468,788,60.0,120.0
157,2022-11-10 08:07:32.047454,can_tapper12,"rgb(255,127,0)",497.0,447.0,500.0,10.06036217303823,81.00000000000004,90.0,2.9703479868207436,1500,11.141666666666666,16.0,466.0,450.0,1.213277,-25.8371335504886,144.0,2.219004,0.00977777777777778,0.011111111111111113,0.010444444444444444,7.956989247311828,0.7961923903643617,1.5000000000002345,2.892719705486028,0.8830623073669678,59.830099,119.984636,54278.26837,2159,389,589,60.0,120.0
158,2022-11-10 09:15:27.037172,can_tapper12,"rgb(255,255,51)",505.0,458.0,511.0,9.306930693069306,96.25,100.0,6.233140548061154,1500,11.425,0.0,287.0,287.0,1.503044,-19.805755395683452,37.0,2.095509,0.010801393728222997,0.01637630662020906,0.01289198606271777,5.882352941176471,0.9571490741351143,1.0000000000001563,2.4199454189414036,0.799535526198825,59.799798,119.848129,4074.989718,2157,437,413,60.0,120.0
159,2022-11-10 09:28:52.111336,can_tapper12,"rgb(166,86,40)",513.0,467.0,516.0,8.966861598440545,100.0,100.0,9.343275263676555,1500,11.45,0.0,367.0,367.0,1.485652,-18.055944055944057,25.0,2.086908,0.010899182561307903,0.012534059945504088,0.011716621253405996,7.6923076923076925,0.6795834343223949,1.5000000000002345,2.145932504474109,0.7196079102736601,59.990576,119.920092,805.074164,2159,428,569,60.0,120.0
160,2022-11-10 10:05:23.626368,can_tapper12,"rgb(247,129,191)",505.0,452.0,511.0,10.495049504950495,96.25,100.0,6.030758235891157,1500,11.591666666666665,15.5,281.0,265.5,1.275216,-16.05,20.0,2.365893,0.013182674199623353,0.019962335216572504,0.01544256120527307,10.548523206751055,0.9380852094907222,1.0000000000001563,2.4199454189414036,0.7698543524301532,59.983508,119.979765,2191.515032,2160,450,642,60.0,120.0
161,2022-11-10 11:10:55.096846,can_tapper12,"rgb(153,153,153)",503.0,437.0,503.0,13.12127236580517,93.75,93.75,3.195930309301273,1500,11.816666666666666,12.0,319.0,307.0,0.997,-20.40268456375839,13.0,2.595499,0.017263843648208467,0.021498371335504883,0.017263843648208467,15.0,0.8959774511513936,1.0000000000001563,2.27471676670449,0.7367151824321132,59.864855,119.962625,3931.470478,2158,451,516,60.0,120.0
162,2022-11-10 13:37:24.915413,can_tapper12,"rgb(228,26,28)",496.0,438.0,499.0,11.693548387096774,78.00000000000004,87.00000000000001,0.3148801399466057,1500,11.975,13.5,315.0,301.5,1.268698,-42.166666666666664,15.0,2.762124,0.013266998341625206,0.019237147595356552,0.014262023217247097,13.263157894736842,0.42660062827339096,1.0000000000001563,3.2620894576029285,0.7206260536258197,59.888832,119.948424,8789.818567,2160,446,588,60.0,120.0
163,2022-11-10 16:03:38.035434,can_tapper12,"rgb(55,126,184)",500.0,448.0,504.0,10.4,90.0,95.0,1.3248983666211163,1500,12.959999999999999,18.0,321.0,303.0,1.277663,-31.75465838509317,24.0,2.276945,0.01254125412541254,0.017161716171617162,0.013861386138613862,9.170305676855895,0.5585671064933899,1.0000000000001563,2.4199454189414036,0.5760412784564756,59.790655,119.836495,8773.120021,2157,457,680,60.0,120.0
164,2022-11-11 07:43:21.249512,can_tapper12,"rgb(77,175,74)",497.0,466.0,499.0,6.237424547283702,80.87499999999999,87.00000000000001,15.924507729202078,1147,9.575,13.0,315.0,302.0,0.91938,-9.87202380952381,10.0,2.01943,0.003311258278145696,0.010264900662251655,0.003973509933774834,4.40251572327044,0.5023137983722555,0.5000000000000782,3.2620894576029285,0.7192566166603842,25.962061,119.883731,56383.214078,1752,402,552,60.0,120.0
165,2022-11-11 11:42:28.112907,can_tapper12,"rgb(152,78,163)",493.0,438.0,497.0,11.156186612576064,70.75000000000004,81.00000000000004,2.8918323963696344,1500,10.042857142857143,15.0,347.0,332.0,1.070599,-11.49811320754717,22.0,2.074969,0.010542168674698794,0.01656626506024096,0.01174698795180723,6.306306306306307,1.0196342248591457,1.0000000000001563,119.99999999999996,0.3905920771106256,59.896325,119.893798,14346.863395,2160,343,316,60.0,120.0
166,2022-11-11 13:00:10.237243,can_tapper12,"rgb(255,127,0)",492.0,445.0,487.0,9.552845528455284,68.33333333333339,58.21428571428571,11.257751912173635,630,10.4,0.0,314.0,314.0,1.014241,-26.878136200716845,105.0,2.112751,0.011146496815286625,0.014968152866242038,0.009554140127388536,8.817204301075268,0.7569965445145936,0.5000000000000782,3.678623825607137,0.8525780621500021,15.615525,119.96232,4662.124336,1628,313,467,60.0,120.0
167,2022-11-11 19:19:27.584060,can_tapper12,"rgb(255,255,51)",495.0,449.0,497.0,9.292929292929292,75.58333333333339,81.00000000000004,2.6705434091300497,1500,10.775,0.0,341.0,341.0,1.280645,-30.373737373737374,118.0,2.277719,0.011143695014662756,0.013489736070381233,0.011730205278592375,6.956521739130435,1.0315397700303737,1.5000000000002345,3.2620894576029285,0.8746009037782719,59.909149,119.983749,22757.346817,2160,457,475,60.0,120.0
168,2022-11-12 07:55:11.469894,can_tapper12,"rgb(166,86,40)",492.0,439.0,496.0,10.772357723577237,68.33333333333339,78.00000000000004,2.1018587119365733,1500,8.075,0.0,300.0,300.0,1.233277,-21.713333333333335,20.0,2.237025,0.010666666666666666,0.017666666666666667,0.012,6.067415730337078,0.6203339244204016,1.0000000000001563,3.2620894576029285,0.8684358500099277,59.986904,119.837988,45343.885834,2160,377,494,60.0,120.0
169,2022-11-12 11:46:43.904766,can_tapper12,"rgb(247,129,191)",503.0,453.0,505.0,9.940357852882704,93.75,96.25,2.5871922609734432,1500,11.24,0.0,326.0,326.0,1.178249,-23.893382352941178,22.0,2.274274,0.012269938650306747,0.015337423312883434,0.012883435582822086,14.405010438413361,0.9305962133305736,1.5000000000002345,2.145932504474109,0.8049959566528746,59.982634,119.935567,13892.434872,2160,392,583,60.0,120.0
170,2022-11-12 14:19:44.453080,can_tapper12,"rgb(153,153,153)",493.0,448.0,497.0,9.127789046653144,70.75000000000004,81.00000000000004,0.3260001448888371,1500,12.658333333333333,0.0,336.0,336.0,1.191904,-38.42490842490842,137.0,2.288323,0.01011904761904762,0.013392857142857144,0.011309523809523811,7.826086956521739,0.9927896232451159,1.0000000000001563,2.565174071178317,0.7250389199979775,59.986451,119.840594,9180.548314,2160,424,655,60.0,120.0
171,2022-11-12 15:41:34.973712,can_tapper12,"rgb(228,26,28)",508.0,458.0,509.0,9.84251968503937,100.0,100.0,1.6619474053093355,1500,13.958333333333332,15.5,499.0,483.5,0.639793,-20.815436241610737,148.0,2.046793,0.007859358841778697,0.010341261633919338,0.008066184074457083,8.085106382978724,0.8383240180251084,1.5000000000002345,2.565174071178317,0.7506600589243451,59.929399,119.953711,4910.520632,2159,358,587,60.0,120.0
172,2022-11-12 19:21:56.674137,can_tapper12,"rgb(55,126,184)",504.0,453.0,505.0,10.119047619047619,95.0,96.25,0.21105787158113856,1500,14.73,0.0,296.0,296.0,1.3123,-25.543795620437955,15.0,2.413714,0.013175675675675676,0.01722972972972973,0.013513513513513514,7.317073170731708,0.8957250011344211,1.0000000000001563,3.470356641605033,0.843996332552617,59.973975,119.854894,13221.700425,2160,356,732,60.0,120.0
173,2022-11-13 07:37:32.721191,can_tapper12,"rgb(77,175,74)",497.0,459.0,500.0,7.645875251509055,81.00000000000004,90.0,4.156167692041187e-14,1500,12.434999999999999,0.0,297.0,297.0,1.524699,-21.959183673469386,157.0,2.023099,0.010437710437710437,0.012794612794612796,0.011447811447811448,4.721030042918455,0.752254441635674,1.0000000000001563,2.892719705486028,0.8340556170334703,59.962331,119.87601,44136.047054,2160,384,438,60.0,120.0
174,2022-11-13 11:35:03.106678,can_tapper12,"rgb(152,78,163)",496.0,469.0,,5.443548387096774,78.00000000000004,,,0,12.675,16.0,317.0,301.0,1.017429,-26.15463917525773,13.0,2.022012,0.007308970099667774,0.008970099667774087,,2.9535864978902953,0.4308295255335838,0.5000000000000782,4.148345232772487,0.8857399318003233,0.749851,119.825635,14250.385487,1449,301,423,60.0,120.0
175,2022-11-13 15:18:26.736413,can_tapper12,"rgb(255,127,0)",495.0,448.0,496.0,9.494949494949495,75.58333333333339,78.00000000000004,4.780188791194363,1500,14.25,15.5,275.0,259.5,1.178374,-42.32666666666667,166.0,58.987075,0.01464354527938343,0.01811175337186898,0.015028901734104046,6.391752577319588,0.8951594874706946,0.7600000000001188,2.7289468883321724,0.5843959526977235,59.85962,119.981318,13403.629735,2159,424,465,60.0,120.0
176,2022-11-13 17:20:34.807210,can_tapper12,"rgb(255,255,51)",501.0,450.0,504.0,10.179640718562874,91.25,95.0,1.8068541363792379,1500,15.025,10.0,308.0,298.0,1.093175,-32.00355871886121,12.0,2.183394,0.012416107382550334,0.017114093959731545,0.013422818791946308,7.991360691144709,1.1561567784611142,1.0000000000001563,2.7289468883321724,0.7666317107173006,59.932057,119.907494,7328.070797,2160,406,713,60.0,120.0
177,2022-11-14 07:37:56.009098,can_tapper12,"rgb(166,86,40)",496.0,460.0,489.0,7.258064516129033,78.00000000000004,62.08333333333334,59.740096607315685,419,9.85,0.0,495.0,495.0,0.620567,-7.8519736842105265,12.0,2.126099,0.0052525252525252525,0.007272727272727273,0.004242424242424242,5.531914893617022,0.8117215094231822,0.5000000000000782,3.2620894576029285,0.7859208177375059,11.403357,119.946148,51441.201888,1578,335,467,60.0,120.0
178,2022-11-14 09:44:11.486262,can_tapper12,"rgb(247,129,191)",489.0,450.0,493.0,7.975460122699387,62.08333333333334,70.75000000000004,2.9089968484422886,1500,10.1,21.0,316.0,295.0,1.374129,-50.86037735849057,-24.0,,0.010847457627118645,0.013220338983050847,0.012203389830508475,4.641350210970464,0.41042885496813586,0.7600000000001188,3.7052173451877075,0.7116388336538395,59.85602,119.997054,7575.477164,2158,334,782,60.0,120.0
179,2022-11-14 12:37:20.373900,can_tapper12,"rgb(153,153,153)",493.0,455.0,496.0,7.707910750507099,70.75000000000004,78.00000000000004,8.843540243896139e-14,1500,12.375,16.0,461.0,445.0,1.013371,-52.77617328519855,140.0,2.014776,0.00853932584269663,0.00853932584269663,0.009213483146067417,3.389830508474576,0.8347984409537744,1.0000000000001563,4.67804510221319,0.8593987126426487,59.97698,119.852643,10388.887638,2160,346,801,60.0,120.0
180,2022-11-14 15:26:46.233212,can_tapper12,"rgb(228,26,28)",503.0,444.0,505.0,11.72962226640159,93.75,96.25,1.346560598471295,1500,14.15,14.5,357.0,342.5,1.098576,-34.38013698630137,135.0,2.096796,0.012554744525547445,0.017226277372262774,0.013138686131386862,10.526315789473685,0.6640343928508049,1.5200000000002376,3.678623825607137,0.7525548132881759,59.778299,119.820025,10165.859312,2157,416,584,60.0,120.0
181,2022-11-14 15:43:59.249935,can_tapper12,"rgb(55,126,184)",512.0,459.0,516.0,10.3515625,100.0,100.0,4.774419899741523,1500,14.35,0.0,333.0,333.0,1.054241,-18.511326860841425,29.0,2.044349,0.011711711711711712,0.01591591591591592,0.012912912912912914,15.702479338842975,1.2082991652712,1.5000000000002345,3.2620894576029285,0.5862755555019696,59.969059,119.982123,1033.016723,2160,428,480,60.0,120.0
182,2022-11-14 16:36:34.437448,can_tapper12,"rgb(77,175,74)",500.0,442.0,504.0,11.600000000000001,90.0,95.0,5.8526870456373965,1500,14.466666666666669,0.0,321.0,321.0,1.094942,-31.944237918215613,130.0,2.091075,0.009345794392523366,0.01806853582554517,0.010591900311526481,10.375275938189846,0.47277723877677214,1.260000000000197,2.27471676670449,0.8278814295109328,59.852457,119.771874,3155.187513,2157,336,559,60.0,120.0
183,2022-11-15 07:39:31.423193,can_tapper12,"rgb(152,78,163)",496.0,466.0,499.0,6.048387096774194,78.00000000000004,87.00000000000001,16.713463778334912,1165,12.1,0.0,357.0,357.0,0.820399,-25.71875,17.0,2.314695,0.004201680672268908,0.008403361344537816,0.005042016806722689,1.8404907975460123,0.26908341275538106,0.26000000000004064,3.077404581544478,0.8440441519531484,26.552649,119.8086,54176.985745,1757,339,404,60.0,120.0
184,2022-11-15 12:33:47.362626,can_tapper12,"rgb(255,127,0)",495.0,439.0,497.0,11.313131313131313,75.58333333333339,81.00000000000004,1.8567208252088467,1500,12.35,15.0,306.0,291.0,1.072141,-44.46402877697842,14.0,2.668744,0.012027491408934709,0.019243986254295534,0.012714776632302407,7.246376811594203,0.7153904726928696,1.0000000000001563,2.4199454189414036,0.6891767971872153,59.904725,119.994525,17655.939433,2160,437,468,60.0,120.0
185,2022-11-15 15:20:46.320038,can_tapper12,"rgb(255,255,51)",499.0,442.0,500.0,11.422845691382765,87.00000000000001,90.0,0.9725515433561195,1500,13.525,13.5,333.0,319.5,1.270199,-40.725352112676056,167.0,2.36758,0.014397496087636935,0.017840375586854463,0.014710485133020344,12.258064516129032,0.7838690945652378,1.5000000000002345,2.565174071178317,0.7298285870869714,59.82265,119.824818,10018.957412,2157,385,795,60.0,120.0
186,2022-11-15 17:53:40.047403,can_tapper12,"rgb(166,86,40)",493.0,451.0,496.0,8.519269776876268,70.75000000000004,78.00000000000004,2.72078343145872,1500,14.041666666666668,0.0,272.0,272.0,1.384799,-45.784511784511785,13.0,2.382791,0.009191176470588236,0.015441176470588236,0.010294117647058823,5.579399141630901,0.8538517668435621,0.7400000000001157,3.2620894576029285,0.6493689874898038,59.821351,119.986499,9173.727365,2159,429,479,60.0,120.0
187,2022-11-15 19:22:16.224207,can_tapper12,"rgb(247,129,191)",492.0,449.0,495.0,8.739837398373984,68.33333333333339,75.58333333333339,2.193547641576291,1500,14.95,17.0,291.0,274.0,1.241546,-57.182119205298015,19.0,2.733966,0.014233576642335767,0.015693430656934307,0.015328467153284668,2.819956616052061,0.3286979896711301,1.0000000000001563,8.673475476797655,0.5164893950621906,59.888032,119.984121,5316.176804,2160,363,570,60.0,120.0
188,2022-11-15 21:09:54.053177,can_tapper12,"rgb(153,153,153)",501.0,456.0,504.0,8.982035928143713,91.25,95.0,0.13400005955492877,1500,16.2,0.0,286.0,286.0,1.460856,-37.04382470119522,13.0,2.058255,0.012237762237762238,0.015734265734265736,0.013286713286713287,6.779661016949152,0.6329275619275736,1.0000000000001563,4.148345232772487,0.6723415485490474,59.86595,119.980979,6457.82897,2158,352,566,60.0,120.0
189,2022-11-15 23:14:06.438504,can_tapper12,"rgb(228,26,28)",496.0,441.0,497.0,11.088709677419354,78.00000000000004,81.00000000000004,3.483832659480689,1500,14.266666666666666,11.0,327.0,316.0,1.196725,-48.639405204460964,130.0,2.194692,0.012658227848101266,0.017405063291139243,0.012974683544303797,12.068965517241379,0.6442478218030517,1.0200000000001594,4.148345232772487,0.7075825947904391,59.911924,119.948717,7452.385327,2160,396,484,60.0,120.0
190,2022-11-16 01:01:46.231204,can_tapper12,"rgb(55,126,184)",496.0,444.0,497.0,10.483870967741936,78.00000000000004,81.00000000000004,0.325111255604772,1500,17.125,0.0,272.0,272.0,1.293244,-43.54607508532423,13.0,2.391976,0.013970588235294118,0.019117647058823527,0.014338235294117648,9.251101321585903,0.6147736361058106,1.0000000000001563,4.976713576127057,0.6938400754290246,59.767525,119.806093,6459.7927,2157,413,541,60.0,120.0
191,2022-11-16 03:04:39.810701,can_tapper12,"rgb(77,175,74)",495.0,443.0,497.0,10.505050505050505,75.58333333333339,81.00000000000004,2.5282233458765404,1500,17.11,0.0,484.0,484.0,0.980076,-47.41059602649007,13.0,3.076549,0.009297520661157025,0.010743801652892564,0.009710743801652892,10.272536687631026,1.8314547369293386,1.5000000000002345,4.148345232772487,0.6873674883530871,59.803356,119.992975,7373.579497,2158,434,566,60.0,120.0
192,2022-11-16 06:37:04.852138,can_tapper12,"rgb(152,78,163)",488.0,447.0,488.0,8.401639344262295,60.0,60.0,6.288687239415261,1500,17.59166666666667,0.0,300.0,300.0,1.451234,-84.86850152905198,25.0,2.049785,0.009666666666666667,0.013666666666666667,0.009666666666666667,5.042016806722689,0.8754898512472439,1.0000000000001563,2.291161156711022,0.5514273994172456,59.778509,119.847246,12745.041437,2157,430,548,60.0,120.0
193,2022-11-16 09:30:15.645063,can_tapper12,"rgb(255,127,0)",493.0,443.0,496.0,10.141987829614605,70.75000000000004,78.00000000000004,0.04155557402487239,1500,18.825,15.0,385.0,370.0,1.139557,-71.07784431137725,144.0,2.238575,0.0075675675675675675,0.013513513513513514,0.00837837837837838,9.492273730684326,0.4042034507791062,1.0000000000001563,1.4963993819257158,0.450166535589821,59.786052,119.85795,10390.792925,2157,433,801,60.0,120.0
194,2022-11-16 12:44:59.513794,can_tapper12,"rgb(255,255,51)",501.0,457.0,501.0,8.78243512974052,91.25,91.25,13.76574910769762,957,18.625,0.0,378.0,378.0,0.520092,-22.537366548042705,21.0,2.026375,0.0068783068783068784,0.011640211640211642,0.0068783068783068784,13.626834381551364,1.3079966638371738,0.5000000000000782,4.413195167492838,0.8542670484538752,22.16566,119.938399,11683.868731,1707,336,554,60.0,120.0
195,2022-11-16 15:18:36.689979,can_tapper12,"rgb(166,86,40)",504.0,450.0,505.0,10.714285714285714,95.0,96.25,2.1018587119365764,1500,17.95,0.0,308.0,308.0,1.180148,-28.60553633217993,29.0,2.774656,0.010064935064935065,0.017532467532467535,0.01038961038961039,13.043478260869565,0.37904176273740364,1.0000000000001563,7.240114424554271,0.6811818658239088,59.995695,119.868951,9217.176185,2160,442,693,60.0,120.0
196,2022-11-17 08:23:05.882646,can_tapper12,"rgb(247,129,191)",500.0,453.0,,9.4,90.0,,,0,10.358333333333334,0.0,184.0,184.0,1.01145,-7.655270655270655,16.0,2.010001,0.013043478260869565,0.025543478260869567,,5.676855895196507,0.728920883266782,0.5000000000000782,3.2620894576029285,0.7836528183819743,0.158675,119.893227,61469.192667,1443,354,472,60.0,120.0
197,2022-11-17 10:01:36.954850,can_tapper12,"rgb(153,153,153)",499.0,438.0,501.0,12.224448897795591,87.00000000000001,91.25,0.1710134093387309,1500,10.0,22.0,325.0,303.0,1.08662,-25.93233082706767,38.0,2.088735,0.011221122112211221,0.02013201320132013,0.011881188118811881,11.11111111111111,0.9545494431753458,1.0000000000001563,1.9029463547871976,0.7568864270728477,59.899755,119.980586,5911.072204,2159,328,557,60.0,120.0
198,2022-11-17 10:28:41.335239,can_tapper12,"rgb(228,26,28)",493.0,443.0,496.0,10.141987829614605,70.75000000000004,78.00000000000004,4.2264463228643,1500,11.685714285714287,16.0,321.0,305.0,1.0739,-38.05102040816327,17.0,2.6741,0.014426229508196723,0.01639344262295082,0.015409836065573768,9.649122807017545,1.2608259946078675,1.0000000000001563,2.0171482422437275,0.7786526772913407,59.996242,119.892837,1624.380389,2159,382,379,60.0,120.0
199,2022-11-17 10:38:16.914107,can_tapper12,"rgb(55,126,184)",504.0,453.0,511.0,10.119047619047619,95.0,100.0,5.908678181633538,1500,8.4,21.5,316.0,294.5,1.231398,-24.603846153846153,22.0,2.230445,0.013242784380305603,0.01731748726655348,0.015619694397283532,8.71369294605809,1.2193633583297332,1.0000000000001563,2.0171482422437275,0.7715368719988855,59.944396,119.99526,575.578868,2159,378,478,60.0,120.0
200,2022-11-17 10:54:33.220957,can_tapper12,"rgb(77,175,74)",504.0,451.0,508.0,10.515873015873016,95.0,100.0,3.7028994235097783,1500,10.158333333333335,16.5,283.0,266.5,1.196346,-19.30075187969925,17.0,2.289146,0.013883677298311446,0.019887429643527205,0.015384615384615385,7.462686567164179,0.707961459623493,1.0000000000001563,2.0171482422437275,0.7585970886316478,59.996618,119.8575,976.30685,2159,378,438,60.0,120.0
201,2022-11-18 08:48:26.022480,can_tapper12,"rgb(152,78,163)",496.0,454.0,497.0,8.46774193548387,78.00000000000004,81.00000000000004,9.325303913042253,1019,7.05,17.0,315.0,298.0,1.030798,-7.12962962962963,89.0,2.036655,0.010067114093959731,0.014093959731543624,0.010402684563758388,1.3215859030837005,0.4410067180318502,1.0000000000001563,3.678623825607137,0.8184754811786799,23.395233,119.979967,78832.801523,1722,358,544,60.0,120.0
202,2022-11-19 10:08:29.799530,can_tapper12,"rgb(255,127,0)",497.0,466.0,499.0,6.237424547283702,81.00000000000004,87.00000000000001,1.6452331980153595e-12,72,4.65,12.0,333.0,321.0,1.0243,-5.561643835616438,26.0,2.025717,0.009657320872274144,0.009657320872274144,0.010280373831775703,1.0224948875255624,0.33627121479767247,0.5000000000000782,3.2620894576029285,0.4604965238124007,4.452944,99.655439,91203.77705,1251,314,390,60.0,120.0
203,2022-11-19 10:10:39.998689,can_tapper12,"rgb(255,255,51)",501.0,463.0,568.0,7.584830339321358,91.25,100.0,44.953966646200236,1500,,0.0,305.0,305.0,1.022853,-6.763636363636364,91.0,2.022341,0.009836065573770491,0.012459016393442622,0.03180327868852459,5.691056910569106,0.5657408764314594,1.260000000000197,4.148345232772487,0.7372334237118949,59.867469,119.953046,130.199159,3276,754,941,60.0,120.0
204,2022-11-19 10:10:39.998689,can_tapper12,"rgb(166,86,40)",501.0,463.0,568.0,7.584830339321358,91.25,100.0,44.953966646200236,1500,,0.0,305.0,305.0,1.022853,-6.763636363636364,91.0,2.022341,0.009836065573770491,0.012459016393442622,0.03180327868852459,5.691056910569106,0.5657408764314594,1.260000000000197,4.148345232772487,0.7372334237118949,59.867469,119.953046,0.0,3276,754,941,60.0,120.0
205,2022-11-19 10:13:48.121772,can_tapper12,"rgb(247,129,191)",501.0,460.0,504.0,8.183632734530939,91.25,95.0,1.8545857759806877e-13,87,3.7,20.0,201.0,181.0,1.025429,-7.777777777777778,46.0,2.111575,0.017679558011049725,0.02265193370165746,0.019337016574585638,6.832298136645963,0.9571659526993278,0.7600000000001188,3.9134845291898115,0.7728731413051713,59.977432,119.855151,188.123083,1619,362,428,60.0,120.0
206,2022-11-21 09:22:07.108023,can_tapper12,"rgb(153,153,153)",492.0,459.0,493.0,6.707317073170732,68.33333333333339,70.75000000000004,7.829278887592987,925,3.825,0.0,370.0,370.0,1.014888,-4.166666666666667,167.0,2.017274,0.007297297297297297,0.00891891891891892,0.007567567567567568,4.086021505376344,0.5520237664617261,1.260000000000197,3.2620894576029285,0.6617884070115141,21.514937,119.803842,169698.986251,1698,303,465,60.0,120.0
207,2022-11-21 09:24:52.538717,can_tapper12,"rgb(228,26,28)",499.0,417.0,504.0,16.432865731462925,87.00000000000001,95.0,21.367645052283237,1500,3.7833333333333328,13.0,398.0,385.0,0.531286,-1.3562231759656653,72.0,2.034154,0.011688311688311689,0.0212987012987013,0.012987012987012988,24.017467248908297,2.227197406080379,1.5000000000002345,1.9304599270065341,0.5817256867693255,59.902577,119.984729,165.430694,2160,354,544,60.0,120.0
208,2022-11-22 09:14:15.443820,can_tapper12,"rgb(55,126,184)",503.0,454.0,504.0,9.74155069582505,93.75,95.0,6.230393880173752,1500,6.935,0.0,257.0,257.0,1.082995,-0.6341463414634146,12.0,2.086525,0.014396887159533075,0.01906614785992218,0.014785992217898832,3.930131004366812,0.7339831322496376,1.0000000000001563,1.406595676542853,0.6342990066716134,59.996731,119.886124,85762.905103,2160,305,589,60.0,120.0
209,2022-11-22 09:32:49.690791,can_tapper12,"rgb(77,175,74)",500.0,453.0,499.0,9.4,90.0,87.00000000000001,3.2859125715159005,1500,6.928571428571428,0.0,244.0,244.0,0.986379,-7.385245901639344,15.0,2.079627,0.012704918032786887,0.019262295081967213,0.012295081967213115,6.183368869936034,0.8858262931487577,1.260000000000197,1.7887444673306678,0.26423556707409845,59.938709,119.947898,1114.246971,2159,384,548,60.0,120.0
210,2022-11-22 09:35:10.744439,can_tapper12,"rgb(152,78,163)",524.0,489.0,531.0,6.679389312977099,100.0,100.0,11.886645282951747,1500,6.911111111111111,2.0,166.0,164.0,0.977774,-7.312903225806451,3.0,2.975876,0.01951219512195122,0.021341463414634148,0.02378048780487805,4.572564612326044,0.8331939714659042,0.5000000000000782,1.7887444673306678,0.4717241633297862,59.919223,119.960501,141.053648,2159,400,583,60.0,120.0
211,2022-11-28 08:29:05.097943,can_tapper12,"rgb(255,127,0)",500.0,465.0,503.0,7.000000000000001,90.0,93.75,10.178570591515355,800,6.125,17.0,439.0,422.0,0.825014,-1.8047945205479452,81.0,2.325681,0.0037914691943127963,0.00829383886255924,0.004502369668246446,1.0660980810234542,0.18769289477568127,0.5000000000000782,61.839311912803545,0.6036991494306212,19.011765,119.825801,514434.353504,1668,325,458,60.0,120.0
212,2022-11-28 08:32:14.796913,can_tapper12,"rgb(255,255,51)",496.0,446.0,504.0,10.080645161290322,78.00000000000004,95.0,41.179991635545456,1500,6.15,0.0,278.0,278.0,0.987455,-1.0909090909090908,18.0,2.09025,0.006834532374100719,0.017985611510791366,0.00935251798561151,5.627705627705628,0.7493731233363037,1.0000000000001563,1.4963993819257158,0.5419814512332863,59.890077,119.992128,189.69897,2160,445,564,60.0,120.0
213,2022-11-28 08:40:14.881116,can_tapper12,"rgb(166,86,40)",508.0,429.0,517.0,15.551181102362206,98.75,100.0,55.01011333781938,1500,6.058333333333333,0.0,487.0,487.0,0.537301,-3.579310344827586,76.0,2.037791,0.009034907597535934,0.0162217659137577,0.010882956878850103,22.88135593220339,2.1083892084188958,1.7600000000002751,1.5976700719367605,0.6223183444439442,59.955806,58.870241,480.084203,1428,265,409,60.0,120.0
214,2022-11-29 14:04:22.911718,can_tapper12,"rgb(247,129,191)",496.0,452.0,497.0,8.870967741935484,78.00000000000004,81.00000000000004,4.691246529441873,1500,13.4,17.0,316.0,299.0,1.454401,-29.994269340974213,20.0,2.053645,0.011036789297658865,0.014715719063545149,0.01137123745819398,3.508771929824561,0.6134262663279905,1.0000000000001563,3.470356641605033,0.8189194045329721,59.79515,119.800488,105848.030602,2157,443,523,60.0,120.0
215,2022-11-30 11:27:11.706086,can_tapper12,"rgb(153,153,153)",495.5,462.0,497.0,6.760847628657922,76.75000000000003,81.00000000000004,7.2998747684247,984,7.35,24.0,451.0,427.0,0.738851,-12.77258566978193,127.0,2.23926,0.00784543325526932,0.00784543325526932,0.008196721311475409,1.4553014553014554,0.24068317421829394,0.7400000000001157,3.077404581544478,0.781574324288236,22.699795,119.909832,76968.794368,1713,361,420,60.0,120.0
216,2022-11-30 12:29:20.910325,can_tapper12,"rgb(228,26,28)",504.0,450.0,508.0,10.714285714285714,95.0,100.0,4.088410705958889,1500,10.4,15.0,491.0,476.0,1.171346,-16.38872403560831,167.0,2.167573,0.010294117647058823,0.011344537815126052,0.011134453781512607,16.317991631799163,0.9413841303107209,1.5200000000002376,2.0171482422437275,0.6997682921154014,59.941645,119.984706,3729.204239,2160,475,431,60.0,120.0
217,2022-11-30 13:31:30.316599,can_tapper12,"rgb(55,126,184)",504.0,470.0,507.0,6.746031746031746,95.0,98.75,6.461609173211522,1134,7.75,0.0,370.0,370.0,0.917396,-6.2593856655290105,18.0,2.018464,0.006216216216216217,0.00918918918918919,0.007027027027027026,3.7974683544303796,0.4676326958393447,0.5000000000000782,2.7289468883321724,0.7860190647889449,25.705,119.891271,3729.406274,3498,648,1133,60.0,120.0
218,2022-11-30 13:31:30.316599,can_tapper12,"rgb(77,175,74)",504.0,470.0,507.0,6.746031746031746,95.0,98.75,6.461609173211522,1134,7.75,0.0,370.0,370.0,0.917396,-6.2593856655290105,18.0,2.018464,0.006216216216216217,0.00918918918918919,0.007027027027027026,3.7974683544303796,0.4676326958393447,0.5000000000000782,2.7289468883321724,0.7860190647889449,25.705,119.891271,0.0,3498,648,1133,60.0,120.0
219,2022-12-01 10:06:22.097688,can_tapper12,"rgb(152,78,163)",496.0,455.0,499.0,8.266129032258064,78.00000000000004,87.00000000000001,7.665849074134788,1275,6.833333333333334,14.0,188.0,174.0,1.124649,-5.420560747663552,287.0,2.124075,0.020114942528735632,0.023563218390804597,0.021839080459770115,4.40251572327044,0.2976294799240545,0.5200000000000813,2.4199454189414036,0.2489506786589144,28.511407,119.83342,74091.781089,1782,358,500,60.0,120.0
220,2022-12-01 10:08:09.319114,can_tapper12,"rgb(255,127,0)",508.0,458.0,558.0,9.84251968503937,98.75,100.0,51.522920676845466,1500,6.791666666666667,19.0,287.0,268.0,1.356374,-10.94888178913738,20.0,2.050599,0.01567164179104478,0.01865671641791045,0.034328358208955224,4.489795918367347,0.7471891849642407,1.0000000000001563,1.6874737773196231,0.688356583285866,59.945833,119.917788,107.221426,2160,481,708,60.0,120.0
221,2022-12-01 13:28:15.728021,can_tapper12,"rgb(255,255,51)",496.0,451.0,500.0,9.07258064516129,78.00000000000004,90.0,5.767611431306709,1010,6.866666666666665,0.0,309.0,309.0,1.1088,-6.363076923076923,87.0,2.110249,0.011003236245954694,0.014563106796116505,0.012297734627831715,9.787234042553191,0.4546678652869352,1.0000000000001563,3.077404581544478,0.7796122398288772,23.224345,119.880712,12006.408907,1719,364,466,60.0,120.0
222,2022-12-01 14:45:33.302721,can_tapper12,"rgb(166,86,40)",492.0,443.0,492.0,9.959349593495935,68.33333333333339,68.33333333333339,4.642704285645541,1500,6.775,22.0,292.0,270.0,1.538134,-10.483383685800604,157.0,2.04263,0.012592592592592593,0.01814814814814815,0.012592592592592593,9.978768577494693,0.7232751238612534,1.0000000000001563,2.7289468883321724,0.7605375434571587,59.944999,119.912545,4637.5747,2160,431,378,60.0,120.0
223,2022-12-07 08:43:19.660556,can_tapper12,"rgb(247,129,191)",496.0,448.0,500.0,9.67741935483871,78.00000000000004,90.0,4.446339753928073,1500,14.9,0.0,463.0,463.0,1.329854,-20.45994065281899,270.0,2.029636,0.008639308855291577,0.010367170626349892,0.009503239740820735,10.169491525423728,0.6183715793992931,1.5000000000002345,2.892719705486028,0.6844337203453974,59.979122,119.847796,496666.357835,2159,430,556,60.0,120.0
224,2022-12-07 09:35:00.668347,can_tapper12,"rgb(153,153,153)",497.0,446.0,500.0,10.261569416498995,81.00000000000004,90.0,0.10609782493221098,1500,14.1,0.0,487.0,487.0,0.985192,-25.962962962962962,145.0,2.084728,0.010061601642710472,0.010472279260780287,0.010677618069815195,9.456740442655935,0.5012701452060839,1.5000000000002345,2.0171482422437275,0.642009354338481,59.83628,119.9697,3101.007791,2158,413,528,60.0,120.0
225,2022-12-07 09:48:26.590592,can_tapper12,"rgb(228,26,28)",508.0,459.0,511.0,9.645669291338582,98.75,100.0,7.70812787027774,1500,13.883333333333331,15.5,294.0,278.5,1.333927,-16.815533980582526,17.0,2.33202,0.013285457809694793,0.01759425493716337,0.014362657091561936,8.016877637130802,0.90553223209793,1.0000000000001563,1.5862030873085784,0.5750169815710116,59.97497,119.965027,805.922245,2159,407,626,60.0,120.0
226,2022-12-07 09:56:52.423794,can_tapper12,"rgb(55,126,184)",508.0,464.0,508.0,8.661417322834646,100.0,100.0,3.564570473141817,1500,14.0125,15.0,287.0,272.0,1.373848,-17.16614420062696,17.0,2.068453,0.014705882352941176,0.016176470588235296,0.014705882352941176,5.084745762711864,0.8651083159547924,1.0000000000001563,1.5862030873085784,0.626688870316449,59.894276,119.977775,505.833202,2159,423,659,60.0,120.0
227,2022-12-07 10:08:00.876870,can_tapper12,"rgb(77,175,74)",508.0,449.0,511.0,11.614173228346457,100.0,100.0,4.408970848430704,1500,13.76,17.0,495.0,478.0,0.997903,-13.76751592356688,150.0,2.093695,0.011506276150627617,0.012343096234309625,0.012133891213389123,10.583153347732182,1.1718260640933695,1.5200000000002376,2.031730617017579,0.6580808953274407,59.984405,119.934795,668.453076,2159,404,683,60.0,120.0
228,2022-12-07 10:16:53.022682,can_tapper12,"rgb(152,78,163)",508.0,452.0,508.0,11.023622047244094,100.0,100.0,6.464891762172672,1500,13.823809523809524,11.5,280.0,268.5,1.694025,-15.245733788395905,148.0,2.193953,0.013780260707635009,0.02085661080074488,0.013780260707635009,9.24731182795699,1.041033243374619,1.5200000000002376,2.031730617017579,0.6944501394331264,59.976516,119.949049,532.145812,2159,420,620,60.0,120.0
229,2022-12-07 11:04:29.090327,can_tapper12,"rgb(255,127,0)",492.0,456.0,497.0,7.317073170731707,68.33333333333339,81.00000000000004,3.907992847996325,1500,13.525,40.0,314.0,274.0,1.48983,-27.128048780487806,45.0,2.085755,0.010583941605839416,0.013138686131386862,0.012408759124087591,3.896103896103896,0.6788841736872631,1.0000000000001563,2.145932504474109,0.6747758710409213,59.993346,119.8727,2856.067645,2160,462,703,60.0,120.0
230,2022-12-07 11:12:32.770196,can_tapper12,"rgb(255,255,51)",491.0,442.0,496.0,9.979633401221996,66.25000000000003,78.00000000000004,3.7831127924939993,1500,13.5,34.0,313.0,279.0,1.436707,-31.28527607361963,38.0,2.036713,0.01003584229390681,0.01756272401433692,0.011827956989247311,14.042553191489361,1.3395681268240687,1.0000000000001563,2.031730617017579,0.6690712452752627,59.979469,119.831005,483.679869,2159,427,667,60.0,120.0
231,2022-12-07 11:20:43.298902,can_tapper12,"rgb(166,86,40)",492.0,437.0,495.0,11.178861788617885,68.33333333333339,75.58333333333339,1.8068896919503536,1500,13.459999999999999,0.0,405.0,405.0,0.963414,-33.53003533568904,30.0,2.058275,0.005925925925925926,0.013580246913580247,0.006666666666666666,12.087912087912088,2.027707487190354,0.7600000000001188,2.0171482422437275,0.7224887062120207,59.948005,119.970749,490.528706,2160,404,706,60.0,120.0
232,2022-12-07 11:32:09.215649,can_tapper12,"rgb(247,129,191)",496.0,442.0,499.0,10.887096774193548,78.00000000000004,87.00000000000001,4.985042215573409,1500,13.575,28.0,339.0,311.0,0.990452,-29.66457680250784,30.0,2.184124,0.010932475884244373,0.017363344051446943,0.011897106109324759,7.43801652892562,1.0374400152450867,0.7600000000001188,2.0171482422437275,0.7769255173484233,59.89683,119.941927,685.916747,2158,414,493,60.0,120.0
233,2022-12-07 11:42:22.710469,can_tapper12,"rgb(153,153,153)",496.0,456.0,496.0,8.064516129032258,78.00000000000004,78.00000000000004,1.129067168473766,1500,13.6625,0.0,309.0,309.0,1.429525,-29.60655737704918,33.0,2.026754,0.009708737864077669,0.012944983818770227,0.009708737864077669,5.590062111801243,0.9236580935344552,1.0000000000001563,2.0171482422437275,0.6175507310928187,59.985025,119.927453,613.49482,2159,441,589,60.0,120.0
234,2022-12-07 14:59:27.598367,can_tapper12,"rgb(228,26,28)",499.0,464.0,500.0,7.014028056112225,87.00000000000001,90.0,4.706702364655779,1263,15.4,0.0,424.0,424.0,0.816048,-17.855384615384615,14.0,2.221212,0.005424528301886793,0.008254716981132075,0.0056603773584905665,4.878048780487805,0.4833142534663702,0.5000000000000782,2.565174071178317,0.7411738323315371,28.276935,119.835345,11824.887898,1779,355,462,60.0,120.0
235,2022-12-07 15:14:12.590181,can_tapper12,"rgb(55,126,184)",496.0,442.0,496.0,10.887096774193548,78.00000000000004,78.00000000000004,2.832685703415687,1500,13.55,0.0,485.0,485.0,1.078853,-25.14748201438849,147.0,2.174078,0.009278350515463918,0.0111340206185567,0.009278350515463918,5.531914893617022,0.8003295692730366,1.5000000000002345,2.145932504474109,0.8083213192433496,59.996325,119.967772,884.991814,2160,371,766,60.0,120.0
236,2022-12-07 16:02:16.846171,can_tapper12,"rgb(77,175,74)",496.0,447.0,497.0,9.879032258064516,78.00000000000004,81.00000000000004,2.8941523974004766,1500,12.98333333333333,0.0,497.0,497.0,1.057146,-28.938983050847458,147.0,2.152157,0.007847082494969819,0.009859154929577466,0.008048289738430584,8.061002178649238,0.9091860743911822,1.5000000000002345,2.27471676670449,0.8408988031125091,59.876498,119.996582,2884.25599,2160,399,721,60.0,120.0
237,2022-12-08 12:07:57.839915,can_tapper12,"rgb(152,78,163)",492.0,447.0,496.0,9.146341463414634,68.33333333333339,78.00000000000004,5.307975692432588,1500,13.0,0.0,307.0,307.0,1.233247,-26.427586206896553,19.0,3.429502,0.010749185667752443,0.014657980456026062,0.012052117263843648,1.7094017094017093,0.4811816005437986,1.0200000000001594,3.2620894576029285,0.8144438393855148,59.973347,119.856329,72340.993744,2160,371,449,60.0,120.0
238,2022-12-08 12:19:50.505100,can_tapper12,"rgb(255,127,0)",493.0,448.0,496.0,9.127789046653144,70.75000000000004,78.00000000000004,4.663273183676003,1500,12.966666666666669,16.5,436.0,419.5,1.377137,-26.533546325878593,267.0,2.000942,0.009058402860548272,0.010727056019070322,0.009773539928486293,6.813186813186813,0.7071377060608227,1.5000000000002345,2.0171482422437275,0.7099908137901705,59.959159,119.905966,712.665185,2160,535,468,60.0,120.0
239,2022-12-08 12:23:57.119438,can_tapper12,"rgb(255,255,51)",520.0,469.0,532.0,9.807692307692308,100.0,100.0,16.045571575806683,1500,12.975,15.0,353.0,338.0,1.432668,-19.677018633540374,22.0,2.034803,0.011834319526627219,0.015088757396449704,0.015384615384615385,9.01639344262295,0.6116640826722872,1.0000000000001563,1.5862030873085784,0.21074646209667802,59.984345,69.106332,246.614338,1551,277,378,60.0,120.0
240,2022-12-08 12:55:54.090005,can_tapper12,"rgb(166,86,40)",504.0,464.0,506.0,7.936507936507936,95.0,97.5,15.693739187877453,475,12.941666666666668,9.0,296.0,287.0,0.415667,-17.066202090592334,3.0,2.026683,0.008013937282229966,0.013937282229965157,0.008710801393728224,11.75257731958763,0.9886680592305216,0.7400000000001157,2.7289468883321724,0.701112531830081,12.520101,119.847459,1916.970567,1590,320,427,60.0,120.0
241,2022-12-12 09:05:24.372469,can_tapper12,"rgb(247,129,191)",503.0,450.0,508.0,10.536779324055665,93.75,100.0,3.897423954409638,1500,13.6,19.0,288.0,269.0,1.519469,-6.663934426229508,445.0,2.01993,0.01486988847583643,0.01970260223048327,0.016728624535315983,3.4482758620689653,0.6478510445074647,1.5000000000002345,1.9029463547871976,0.22040222357021377,59.321249,119.987717,331770.282464,1784,341,352,60.0,120.0
242,2022-12-12 09:06:22.590441,can_tapper12,"rgb(153,153,153)",504.0,472.0,508.0,6.349206349206349,95.0,100.0,24.45610561914593,262,12.3,9.0,445.0,436.0,0.822601,-7.54356846473029,73.0,2.23195,0.005504587155963303,0.007339449541284404,0.006422018348623854,4.838709677419355,0.32269316740045684,1.0000000000001563,119.99999999999996,0.25353076559151033,59.781797,119.809179,58.217972,1788,317,451,60.0,120.0
243,2022-12-12 09:39:40.826607,can_tapper12,"rgb(228,26,28)",496.0,432.0,499.0,12.903225806451612,78.00000000000004,87.00000000000001,5.104028935123152,1500,13.475,17.0,370.0,353.0,1.013452,-20.046242774566473,30.0,2.110551,0.013031161473087818,0.018130311614730877,0.013881019830028329,11.711711711711711,1.2861983519346154,1.5000000000002345,1.7887444673306678,0.6354453885665169,59.800749,119.795252,1998.236166,2157,445,484,60.0,120.0
244,2022-12-12 10:22:37.419598,can_tapper12,"rgb(55,126,184)",496.0,441.0,500.0,11.088709677419354,78.00000000000004,90.0,5.158820070585857,1500,13.191666666666668,16.0,306.0,290.0,1.23632,-23.883333333333333,206.0,2.326805,0.01517241379310345,0.018965517241379314,0.016551724137931035,12.068965517241379,0.507932234146602,1.0000000000001563,1.3269605372976037,0.26564058396912515,59.859223,90.45127,2576.592991,1248,262,179,60.0,120.0
245,2022-12-12 10:52:04.049746,can_tapper12,"rgb(77,175,74)",501.0,469.0,503.0,6.387225548902195,91.25,93.75,24.039864425037436,299,13.025,12.0,431.0,419.0,0.946126,-13.162162162162161,372.0,3.447099,0.0076372315035799524,0.0076372315035799524,0.0081145584725537,1.6260162601626016,0.442814826298786,0.5000000000000782,2.0171482422437275,0.2116875857474514,8.985222,119.822216,1766.630148,1137,244,301,60.0,120.0
246,2022-12-12 10:53:05.756784,can_tapper12,"rgb(152,78,163)",505.0,472.0,508.0,6.534653465346535,96.25,100.0,1.2021757160866176e-12,84,13.075,0.0,372.0,372.0,0.92367,-12.838926174496644,27.0,2.422176,0.005376344086021506,0.008870967741935484,0.0059139784946236566,5.737704918032787,0.6768871607026611,0.7400000000001157,2.27471676670449,0.21630670633634463,59.927468,119.877591,61.707038,1749,362,421,60.0,120.0
247,2023-01-09 09:09:42.974065,can_tapper12,"rgb(255,127,0)",497.0,451.0,500.0,9.25553319919517,81.00000000000004,90.0,8.052179743738437,1212,14.025,17.0,245.0,228.0,1.115473,-6.306709265175719,65.0,2.116258,0.014473684210526317,0.02017543859649123,0.015789473684210527,8.936170212765957,0.6468497482890551,0.5000000000000782,35.52240580873782,0.6239133324567204,27.254675,119.818325,2412997.217281,1767,360,417,60.0,120.0
248,2023-01-11 16:56:59.120927,can_tapper12,"rgb(255,255,51)",501.0,451.0,503.0,9.980039920159681,91.25,93.75,1.607342936596349,1500,15.985,15.0,476.0,461.0,1.226196,-28.5777027027027,150.0,2.335293,0.008676789587852495,0.010845986984815618,0.00911062906724512,6.938775510204081,0.5694503562926131,1.5000000000002345,3.2620894576029285,0.7393371728910783,59.784207,119.8124,200836.146862,2157,406,597,60.0,120.0
249,2023-01-13 08:30:05.354527,can_tapper12,"rgb(166,86,40)",496.0,450.0,497.0,9.274193548387096,78.00000000000004,81.00000000000004,9.677999995068468,230,8.666666666666668,16.0,447.0,431.0,0.849122,-10.802507836990596,88.0,2.355069,0.008584686774941995,0.010672853828306265,0.008816705336426913,10.647181628392484,0.43825761517084416,1.0000000000001563,2.892719705486028,0.7562337754800561,7.625306,119.961996,142386.2336,1533,340,377,60.0,120.0
250,2023-01-13 11:36:17.895217,can_tapper12,"rgb(247,129,191)",501.0,442.0,505.0,11.776447105788424,91.25,96.25,1.2559916693293176,1500,8.2,18.0,291.0,273.0,1.168401,-12.3690036900369,25.0,2.1672,0.015384615384615385,0.02161172161172161,0.016849816849816852,12.258064516129032,0.6782144226271362,1.0200000000001594,1.406595676542853,0.19732955834811716,59.956279,109.386245,11172.54069,2033,411,345,60.0,120.0
251,2023-01-18 13:40:29.038267,can_tapper12,"rgb(153,153,153)",484.0,438.0,485.0,9.50413223140496,52.857142857142826,54.642857142857125,8.081806004696487,848,-1.0,0.0,465.0,465.0,0.936769,-7.838815789473684,100.0,2.341022,0.007956989247311828,0.00989247311827957,0.008172043010752689,10.722100656455142,0.4800619546818915,0.5000000000000782,2.7289468883321724,0.5996356109809875,19.989181,119.850692,439451.14305,1680,335,378,60.0,120.0
252,2023-01-18 13:43:04.174334,can_tapper12,"rgb(228,26,28)",492.0,428.0,504.0,13.008130081300814,68.33333333333339,95.0,18.02217689874246,1500,-0.475,23.5,340.0,316.5,1.77825,-13.082111436950147,306.0,2.275673,0.014849921011058451,0.02022116903633491,0.01864139020537125,8.786610878661088,0.500769616337537,2.0000000000003126,2.27471676670449,0.7359290861948262,59.851283,119.814225,155.136067,2157,552,421,60.0,120.0
253,2023-01-23 08:56:54.985150,can_tapper12,"rgb(55,126,184)",496.0,431.0,497.0,13.104838709677418,78.00000000000004,81.00000000000004,0.5567202474311221,1500,-0.9,0.0,421.0,421.0,1.329951,4.824561403508772,373.0,2.328203,0.00997624703087886,0.015439429928741092,0.010213776722090263,15.56503198294243,0.5305489071004282,2.0000000000003126,2.0171482422437275,0.14513786038804288,59.922694,119.938883,414830.810816,2160,377,373,60.0,120.0
254,2023-01-23 08:58:43.101377,can_tapper12,"rgb(77,175,74)",497.0,460.0,505.0,7.44466800804829,81.00000000000004,96.25,71.6659429626299,1500,,0.0,373.0,373.0,1.040361,-5.377643504531722,17.0,2.043205,0.008310991957104559,0.00991957104557641,0.010455764075067025,7.8838174273858925,0.5760034882984386,0.5000000000000782,1.5976700719367605,0.5437800003605038,59.989826,119.914723,108.116227,2160,459,321,60.0,120.0
255,2023-01-23 14:21:56.452047,can_tapper12,"rgb(152,78,163)",493.0,431.0,496.0,12.57606490872211,70.75000000000004,78.00000000000004,4.189557417580375,1500,0.7958333333333334,22.5,296.0,273.5,1.245612,-3.8765822784810124,22.0,2.74275,0.016087751371115174,0.022669104204753196,0.017184643510054845,13.347921225382931,0.920387362488734,1.0000000000001563,2.145932504474109,0.7366363312199457,59.895406,119.9815,19393.35067,2160,428,844,60.0,120.0
256,2023-01-23 15:36:20.241230,can_tapper12,"rgb(255,127,0)",491.0,446.0,492.0,9.164969450101832,66.25000000000003,68.33333333333339,1.9815564362468465,1500,2.1041666666666665,33.0,319.0,286.0,1.45528,-11.455384615384615,35.0,2.053544,0.012237762237762238,0.015734265734265736,0.012587412587412588,5.399568034557236,1.0268376311874596,1.0000000000001563,1.7887444673306678,0.7157606887399065,59.980704,119.984675,4463.789183,2160,447,586,60.0,120.0
257,2023-01-23 15:55:44.881986,can_tapper12,"rgb(255,255,51)",492.0,462.0,496.0,6.097560975609756,68.33333333333339,78.00000000000004,4.401655289623836,1500,2.55,0.0,353.0,353.0,1.013514,-10.571428571428571,199.0,2.006829,0.00481586402266289,0.0084985835694051,0.005949008498583569,3.9337474120082816,0.4266578615757857,0.5000000000000782,2.7289468883321724,0.8177115116605078,43.58042,119.983176,1164.640756,1963,354,583,60.0,120.0
258,2023-01-31 14:06:56.076118,can_tapper12,"rgb(166,86,40)",499.0,436.0,500.0,12.625250501002002,87.00000000000001,90.0,4.156167692041187e-14,1500,17.0,18.0,456.0,438.0,1.128863,6.101960784313725,323.0,2.127031,0.0091324200913242,0.014383561643835618,0.009360730593607307,15.433403805496829,0.5066735556456246,1.0000000000001563,43.28663979373629,0.25645872477601184,59.864311,119.982386,684671.194132,2160,368,761,60.0,120.0
259,2023-01-31 14:08:52.214129,can_tapper12,"rgb(247,129,191)",499.0,457.0,500.0,8.41683366733467,87.00000000000001,90.0,0.028888901728216215,1500,17.003333333333334,0.0,323.0,323.0,1.229151,-16.320809248554912,37.0,2.33,0.010216718266253871,0.013003095975232198,0.010526315789473686,6.748466257668712,0.7711663582204622,1.5000000000002345,1.6874737773196231,0.5444830982989535,59.955606,119.868869,116.138011,2160,466,786,60.0,120.0
260,2023-02-01 09:16:48.485610,can_tapper12,"rgb(153,153,153)",501.0,461.0,503.0,7.984031936127744,91.25,93.75,0.9245604109160322,1500,16.975,18.0,296.0,278.0,1.514128,-12.354107648725213,157.0,2.020261,0.011870503597122302,0.014388489208633094,0.012589928057553957,3.7656903765690375,0.7146344975082373,1.2400000000001938,85.87168184363262,0.6442000169078688,56.267606,119.811984,68876.271481,2115,434,738,60.0,120.0
261,2023-02-01 09:26:01.906710,can_tapper12,"rgb(228,26,28)",508.0,460.0,512.0,9.448818897637794,100.0,100.0,26.734890014898966,387,16.975,0.0,333.0,333.0,0.520374,-11.334615384615384,18.0,2.021777,0.005705705705705707,0.014414414414414415,0.006906906906906907,6.748466257668712,1.3023278513980705,1.5200000000002376,42.793147063572945,0.6430562411485812,10.745273,88.79866,553.4211,1197,280,404,60.0,120.0
262,2023-02-01 13:36:09.958691,can_tapper12,"rgb(55,126,184)",506.0,457.0,512.0,9.683794466403162,97.5,100.0,6.249193888529546,1500,17.291666666666668,0.0,475.0,475.0,1.238775,-8.669753086419753,148.0,2.236046,0.008210526315789474,0.01031578947368421,0.009473684210526315,5.590062111801243,0.34942833438598697,1.5000000000002345,47.21603613662093,0.6110557590393211,59.989275,119.842355,15008.051981,2160,427,496,60.0,120.0
263,2023-02-01 14:10:41.594499,can_tapper12,"rgb(77,175,74)",499.0,456.0,501.0,8.617234468937877,87.00000000000001,91.25,4.930411080181927,1500,17.21666666666667,0.0,294.0,294.0,1.027594,-14.604294478527608,93.0,2.127325,0.011564625850340137,0.014625850340136056,0.012244897959183675,10.559006211180124,0.3371553849033604,1.0000000000001563,2.892719705486028,0.6890738238801444,41.363956,119.995404,2071.635808,1938,384,584,60.0,120.0
264,2023-02-01 14:20:24.184220,can_tapper12,"rgb(152,78,163)",520.0,478.0,525.0,8.076923076923077,100.0,100.0,16.484199059043696,247,19.033333333333335,0.0,167.0,167.0,1.025266,-6.193220338983051,1.0,2.617474,0.017964071856287425,0.025149700598802394,0.020958083832335328,4.3478260869565215,0.6222490911279949,0.7600000000001188,18.6649695470579,0.5607576269510048,59.998997,119.97138,582.589721,1778,354,477,60.0,120.0
265,2023-02-07 13:39:37.515907,can_tapper12,"rgb(255,127,0)",495.0,449.0,496.0,9.292929292929292,75.58333333333339,78.00000000000004,4.731975436432574,1500,16.85,22.0,353.0,331.0,1.262978,-20.37380191693291,146.0,2.263699,0.01268882175226586,0.013897280966767372,0.012990936555891237,2.691511387163561,0.587829239663638,1.5000000000002345,2.892719705486028,0.8039571846511943,59.090286,119.984491,515953.331687,2150,398,594,60.0,120.0
266,2023-02-13 08:29:25.821859,can_tapper12,"rgb(255,255,51)",491.0,458.0,492.0,6.720977596741344,66.25000000000003,68.33333333333339,5.417300024928434,1340,4.258333333333333,0.0,371.0,371.0,1.012476,-6.298507462686567,169.0,2.013651,0.007277628032345013,0.00889487870619946,0.007547169811320755,5.042016806722689,0.6307960924036771,1.0000000000001563,3.077404581544478,0.7725702011200287,30.061185,119.991076,499788.305952,1801,376,408,60.0,120.0
267,2023-03-07 17:07:20.679919,can_tapper12,"rgb(166,86,40)",500.0,464.0,,7.199999999999999,90.0,,,0,3.2,14.0,427.0,413.0,0.837972,-0.526984126984127,31.0,2.243762,0.006537530266343825,0.008716707021791767,,6.329113924050633,0.6321295132458278,1.0000000000001563,61.63104472880144,0.5671151242560362,0.177623,119.928039,1931874.85806,1443,323,360,60.0,120.0
268,2023-03-08 16:27:39.527899,can_tapper12,"rgb(247,129,191)",496.0,460.0,,7.258064516129033,78.00000000000004,,,0,0.3,24.0,456.0,432.0,0.866085,-1.5387205387205387,89.0,2.26751,0.00625,0.008333333333333333,,2.345415778251599,0.35476966563846546,1.0000000000001563,2.565174071178317,0.556680954579228,0.906233,119.929903,84018.84798,1452,304,354,60.0,120.0
269,2023-03-08 16:39:28.963675,can_tapper12,"rgb(153,153,153)",489.0,440.0,493.0,10.020449897750511,62.08333333333334,70.75000000000004,0.17800007911108087,1500,0.23333333333333334,18.5,314.0,295.5,1.296841,-6.4176829268292686,32.0,2.301278,0.013197969543147208,0.01658206429780034,0.014551607445008462,8.771929824561404,1.0354849709189464,1.0000000000001563,1.406595676542853,0.4684122546737468,59.985578,119.963018,709.435776,2160,402,310,60.0,120.0
270,2023-03-09 10:08:54.933736,can_tapper12,"rgb(228,26,28)",492.0,445.0,495.0,9.552845528455284,68.33333333333339,75.58333333333339,2.711778983012416,1500,1.325,19.0,333.0,314.0,1.486979,-2.769911504424779,270.0,2.084493,0.013694267515923567,0.014968152866242038,0.01464968152866242,1.6528925619834711,0.5094971366849205,1.5000000000002345,2.0171482422437275,0.6757935269104154,59.876,119.790228,62965.970061,2157,461,543,60.0,120.0
271,2023-03-09 11:28:58.236110,can_tapper12,"rgb(55,126,184)",488.0,452.0,490.0,7.377049180327869,60.0,64.16666666666669,7.993327997033221,1500,1.55,19.0,443.0,424.0,0.813743,-8.662379421221864,21.0,2.308607,0.0056603773584905665,0.008490566037735849,0.006132075471698114,5.172413793103448,0.6606568873555924,0.5000000000000782,1.406595676542853,0.44588602384708254,59.965665,119.945231,4803.302374,4318,860,1168,60.0,120.0
272,2023-03-09 11:28:58.236110,can_tapper12,"rgb(77,175,74)",488.0,452.0,490.0,7.377049180327869,60.0,64.16666666666669,7.993327997033221,1500,1.55,19.0,443.0,424.0,0.813743,-8.662379421221864,21.0,2.308607,0.0056603773584905665,0.008490566037735849,0.006132075471698114,5.172413793103448,0.6606568873555924,0.5000000000000782,1.406595676542853,0.44588602384708254,59.965665,119.945231,0.0,4318,860,1168,60.0,120.0
273,2023-03-09 14:13:40.943456,can_tapper12,"rgb(152,78,163)",489.0,438.0,492.0,10.429447852760736,62.08333333333334,68.33333333333339,4.796926576410883,1500,2.95,16.0,287.0,271.0,1.437425,7.96969696969697,428.0,2.039721,0.01623616236162362,0.01881918819188192,0.017343173431734315,10.920770877944326,0.6805700976614085,1.0000000000001563,119.99999999999996,0.1761485578302857,59.940429,119.922916,9882.707346,2160,331,569,60.0,120.0
274,2023-03-09 14:13:54.146679,can_tapper12,"rgb(255,127,0)",488.0,448.0,491.0,8.19672131147541,60.0,66.25000000000003,41.78995635108501,1500,2.15,18.0,428.0,410.0,0.840827,1.395121951219512,84.0,2.339969,0.007804878048780489,0.009756097560975611,0.00853658536585366,10.169491525423728,0.25119814977093957,0.5000000000000782,30.18459382946058,0.4082861898786482,59.892254,119.974769,13.203223,2160,329,527,60.0,120.0
275,2023-03-16 08:14:38.077455,can_tapper12,"rgb(255,255,51)",496.0,454.0,499.0,8.46774193548387,78.00000000000004,87.00000000000001,21.99262171298118,341,4.791666666666667,19.0,445.0,426.0,0.450822,-1.5361842105263157,20.0,2.44914,0.003990610328638498,0.009859154929577466,0.004694835680751173,8.074534161490684,1.456516973078454,1.0000000000001563,2.9136317643906224,0.5041269252734254,9.826714,119.985674,583243.930776,1558,325,393,60.0,120.0
276,2023-03-16 13:00:21.494712,can_tapper12,"rgb(166,86,40)",493.0,457.0,497.0,7.302231237322515,70.75000000000004,81.00000000000004,4.451948645309808,1500,9.175,0.0,242.0,242.0,1.103601,-11.855421686746988,83.0,2.104027,0.011983471074380164,0.014876033057851241,0.013636363636363637,5.579399141630901,0.6689769394614256,1.0000000000001563,1.6874737773196231,0.6080240419139029,59.840326,119.836,17143.417257,2157,483,570,60.0,120.0
277,2023-04-04 09:17:20.201335,can_tapper12,"rgb(247,129,191)",501.0,467.0,503.0,6.786427145708583,91.25,93.75,8.872316945241389e-12,22,3.883333333333333,0.0,321.0,321.0,1.095023,0.5270758122743683,86.0,2.005594,0.010280373831775701,0.01059190031152648,0.01090342679127726,3.5343035343035343,0.941513964785468,1.5000000000002345,61.839311912803545,0.5588588043686682,3.45497,119.873892,1628218.706623,1482,291,410,60.0,120.0
278,2023-04-05 09:18:36.978728,can_tapper12,"rgb(153,153,153)",505.0,449.0,,11.08910891089109,96.25,,,0,8.05,0.0,465.0,465.0,0.525327,-0.16339869281045752,15.0,2.028582,0.0008602150537634409,0.012043010752688172,,15.789473684210526,1.3423870176085417,1.5000000000002345,61.839311912803545,0.6986430957513075,2.090872,119.968695,86476.777393,1466,315,435,60.0,120.0
279,2023-04-06 07:45:16.381370,can_tapper12,"rgb(228,26,28)",520.0,481.0,,7.5,100.0,,,0,9.133333333333333,3.0,199.0,196.0,1.138619,-0.2392638036809816,73.0,2.142614,0.017857142857142856,0.01989795918367347,,4.0,0.7078156792647687,1.5000000000002345,21.015310098871694,0.6674210576678221,1.126456,119.956501,80799.402642,1455,332,417,60.0,120.0
280,2023-04-11 10:18:44.095691,can_tapper12,"rgb(55,126,184)",493.0,457.0,497.0,7.302231237322515,70.75000000000004,81.00000000000004,11.889785854459914,834,9.008333333333335,24.0,341.0,317.0,1.033272,-6.011363636363637,113.0,2.133392,0.010094637223974764,0.011356466876971609,0.011356466876971609,4.958677685950414,0.5335740841835545,1.0000000000001563,61.839311912803545,0.5679458736174525,19.693553,119.890489,441207.714321,1677,387,607,60.0,120.0
281,2023-04-11 10:28:36.813980,can_tapper12,"rgb(77,175,74)",496.0,465.0,500.0,6.25,78.00000000000004,90.0,4.462588650038663,1500,9.0,14.0,373.0,359.0,0.872809,-7.89776357827476,14.0,2.273123,0.006406685236768803,0.008635097493036212,0.0075208913649025076,4.862579281183932,0.6783962694878642,0.5000000000000782,1.6874737773196231,0.4427923010504683,59.905018,119.958806,592.718289,2159,475,383,60.0,120.0
282,2023-04-13 09:04:33.329138,can_tapper12,"rgb(152,78,163)",492.0,444.0,495.0,9.75609756097561,68.33333333333339,75.58333333333339,7.130529142723524,893,6.55,0.0,400.0,400.0,0.551606,-0.698005698005698,34.0,2.056911,0.007250000000000001,0.012,0.008,10.53763440860215,1.5258265431219202,1.0000000000001563,2.4549339738648777,0.2899952271655303,20.87175,119.988913,167756.515158,1692,388,366,60.0,120.0
283,2023-04-13 09:06:35.885649,can_tapper12,"rgb(255,127,0)",501.0,429.0,558.0,14.37125748502994,91.25,100.0,92.74132121835017,1500,6.55,21.5,478.0,456.5,0.457917,-7.508982035928144,23.0,2.357397,0.005914567360350493,0.015772179627601315,0.018400876232201532,14.725274725274724,1.6917620826783468,1.260000000000197,1.6874737773196231,0.4989463197708611,59.8912,119.981874,122.556511,2160,530,425,60.0,120.0
284,2023-04-13 09:22:30.980920,can_tapper12,"rgb(255,255,51)",488.0,424.0,492.0,13.114754098360656,60.0,68.33333333333339,3.852161712071341,1500,6.5,0.0,364.0,364.0,1.155096,-12.747875354107649,199.0,2.155574,0.00989010989010989,0.017582417582417582,0.01098901098901099,15.517241379310345,0.8949000081632623,1.0000000000001563,1.4963993819257158,0.653680517002551,60.00008,119.845896,955.095271,2159,573,517,60.0,120.0
285,2023-04-13 09:32:14.785541,can_tapper12,"rgb(166,86,40)",513.0,476.0,516.0,7.212475633528265,100.0,100.0,9.67660313342598,752,6.584999999999999,0.0,322.0,322.0,0.923202,-4.67948717948718,29.0,2.017925,0.009937888198757764,0.011490683229813666,0.010869565217391304,4.781704781704781,0.47505308710065874,1.0000000000001563,2.0171482422437275,0.2786633772825078,18.301564,60.226269,583.804621,943,185,267,60.0,120.0
286,2023-04-17 08:24:30.375167,can_tapper12,"rgb(247,129,191)",492.0,446.0,493.0,9.34959349593496,68.33333333333339,70.75000000000004,8.201546871206347,1337,8.95,25.5,304.0,278.5,1.223752,6.63563829787234,95.0,2.230877,0.0118491921005386,0.01651705565529623,0.012208258527827648,12.050739957716702,0.2819329441135629,1.0000000000001563,119.99999999999996,0.3396893341596674,29.754571,119.823302,341535.589626,1797,418,396,60.0,120.0
287,2023-04-17 08:26:49.106817,can_tapper12,"rgb(153,153,153)",488.0,440.0,488.0,9.836065573770492,60.0,60.0,1.9036808460798926,1500,7.825,23.0,283.0,260.0,1.471344,-13.122699386503067,28.0,2.079624,0.011538461538461537,0.018461538461538463,0.011538461538461537,9.594882729211088,0.6883012783224255,1.0000000000001563,1.6874737773196231,0.6704906696489965,59.955973,119.926528,138.73165,2160,550,568,60.0,120.0
288,2023-04-17 11:03:03.067036,can_tapper12,"rgb(228,26,28)",493.0,451.0,496.0,8.519269776876268,70.75000000000004,78.00000000000004,13.378855194986292,397,9.15,0.0,429.0,429.0,0.7228,-6.554016620498615,17.0,2.221941,0.007692307692307693,0.00979020979020979,0.008391608391608392,7.826086956521739,0.40782931381418364,0.5000000000000782,2.583718236095259,0.739192903208785,10.95259,119.898675,9373.960219,1572,382,446,60.0,120.0
289,2023-04-17 12:22:50.488815,can_tapper12,"rgb(55,126,184)",489.0,447.0,492.0,8.588957055214724,62.08333333333334,68.33333333333339,0.6683914081738033,1500,8.575,0.0,400.0,400.0,1.373792,-17.55663430420712,20.0,2.372899,0.009000000000000001,0.010500000000000002,0.009750000000000002,5.726872246696035,1.1082866317551947,1.0000000000001563,2.892719705486028,0.7719694479617686,59.893637,119.97402,4787.421779,2159,411,585,60.0,120.0
290,2023-04-17 13:15:51.849405,can_tapper12,"rgb(77,175,74)",488.0,436.0,491.0,10.655737704918032,60.0,66.25000000000003,2.9263213005865563,1500,9.24,23.5,468.0,444.5,1.064101,-25.520408163265305,149.0,2.057723,0.011023622047244094,0.011698537682789653,0.011698537682789651,7.964601769911504,0.7979827988509586,1.5200000000002376,2.0171482422437275,0.7031857011625678,59.996036,119.863696,3181.36059,2160,381,608,60.0,120.0
291,2023-04-17 13:56:48.242394,can_tapper12,"rgb(152,78,163)",488.0,435.0,491.0,10.860655737704917,60.0,66.25000000000003,5.045220020096673,1500,10.183333333333334,16.0,495.0,479.0,0.983574,-32.024734982332156,16.0,2.97885,0.007724425887265136,0.01106471816283925,0.008350730688935281,7.8838174273858925,1.8207544981799577,1.2400000000001938,2.0171482422437275,0.796456553624094,59.892475,110.185269,2456.392989,2042,371,429,60.0,120.0
292,2023-04-17 15:25:18.421947,can_tapper12,"rgb(255,127,0)",496.0,458.0,,7.661290322580645,78.00000000000004,,,0,12.175,16.0,241.0,225.0,1.051052,-15.321192052980132,90.0,2.05466,0.01511111111111111,0.01688888888888889,,3.9665970772442587,0.5320660324194625,0.7400000000001157,2.892719705486028,0.7394855737390411,2.223331,119.864423,5310.179553,1467,308,545,60.0,120.0
293,2023-04-17 20:21:43.863913,can_tapper12,"rgb(255,255,51)",491.0,432.0,493.0,12.016293279022404,66.25000000000003,70.75000000000004,2.112000938666434,1500,15.6375,0.0,469.0,469.0,1.077801,-52.751773049645394,141.0,2.179194,0.010021321961620469,0.012579957356076758,0.010447761194029851,13.157894736842104,0.6734450175523019,1.5000000000002345,3.077404581544478,0.7806961615759641,59.791347,119.821075,17785.441966,2157,428,480,60.0,120.0
294,2023-04-19 07:06:49.093651,can_tapper12,"rgb(166,86,40)",504.0,454.0,,9.920634920634921,95.0,,,0,11.575,0.0,468.0,468.0,0.509072,-6.194805194805195,14.0,2.012094,0.00042735042735042735,0.010683760683760686,,15.30398322851153,1.4253726330592098,0.5000000000000782,2.892719705486028,0.7473657408052178,2.609988,119.964199,125105.229738,1473,317,455,60.0,120.0
295,2023-04-19 15:05:39.691915,can_tapper12,"rgb(247,129,191)",497.0,447.0,500.0,10.06036217303823,81.00000000000004,90.0,3.007014669783884,1500,15.087142857142856,13.5,275.0,261.5,1.703801,-41.53691275167785,145.0,2.204382,0.01147227533460803,0.019120458891013385,0.012619502868068833,1.1185682326621924,0.32229225721797017,1.5000000000002345,2.565174071178317,0.8619911173164537,59.7782,119.787797,28730.598264,2157,449,557,60.0,120.0
296,2023-04-19 19:00:24.406590,can_tapper12,"rgb(153,153,153)",507.0,478.0,508.0,5.719921104536489,98.75,100.0,6.377182433593132e-13,499,17.1,0.0,335.0,335.0,1.029943,-11.161585365853659,81.0,2.026107,0.006567164179104476,0.008656716417910446,0.006865671641791044,4.259634888438134,0.5916658074552724,0.5000000000000782,2.892719705486028,0.8443014080049087,13.003393,119.834423,14084.714675,1596,344,468,60.0,120.0
297,2023-04-20 07:08:47.404547,can_tapper12,"rgb(228,26,28)",504.0,476.0,504.0,5.555555555555555,95.0,95.0,17.024901908675165,425,13.62,0.0,347.0,347.0,1.006465,-4.7250755287009065,10.0,2.005365,0.006628242074927953,0.008069164265129682,0.006628242074927953,3.1185031185031185,0.6074393908820654,0.5000000000000782,2.7289468883321724,0.7251112011422234,11.521193,119.827009,43702.997957,1578,353,312,60.0,120.0
298,2023-04-20 09:44:28.805094,can_tapper12,"rgb(55,126,184)",496.0,453.0,500.0,8.669354838709678,78.00000000000004,90.0,5.126784500792415,1500,11.155,14.0,324.0,310.0,1.302078,-29.739436619718308,14.0,2.890057,0.012580645161290323,0.013870967741935483,0.013870967741935483,6.172839506172839,0.37146644992839506,1.0000000000001563,2.27471676670449,0.8174384566043871,59.789125,119.823156,9341.400547,2157,455,461,60.0,120.0
299,2023-04-22 07:50:34.084764,can_tapper12,"rgb(77,175,74)",499.0,462.0,500.0,7.414829659318638,87.00000000000001,90.0,2.3958477831267337e-12,153,10.491666666666665,13.0,277.0,264.0,1.13936,-5.053221288515406,84.0,2.141193,0.010606060606060605,0.014015151515151515,0.010984848484848484,3.7344398340248963,0.34495435195397633,1.0000000000001563,2.892719705486028,0.713986926465068,6.079813,119.977991,165965.27967,1514,371,461,60.0,120.0
300,2023-04-22 15:33:39.250059,can_tapper12,"rgb(152,78,163)",497.0,468.0,,5.8350100603621735,81.00000000000004,,,0,13.8,0.0,425.0,425.0,0.826426,-20.37459283387622,77.0,2.234699,0.0032941176470588232,0.006823529411764706,,3.5196687370600412,0.5941609047413634,0.5000000000000782,3.2620894576029285,0.8068645908490989,2.034955,119.796147,27785.165295,1464,316,485,60.0,120.0
301,2023-04-22 19:26:59.060823,can_tapper12,"rgb(255,127,0)",505.0,480.0,,4.9504950495049505,96.25,,,0,13.35,0.0,314.0,314.0,0.913756,-6.474006116207951,8.0,2.015946,0.006687898089171975,0.007961783439490446,,3.225806451612903,0.5753305471560938,0.5000000000000782,2.7289468883321724,0.6745758125256927,2.353625,119.96938,13999.810764,1470,335,382,60.0,120.0
302,2023-04-23 07:36:39.098293,can_tapper12,"rgb(255,255,51)",501.0,463.0,504.0,7.584830339321358,91.25,95.0,10.185169724999682,272,9.95,14.0,314.0,300.0,1.033752,-3.334405144694534,79.0,2.03865,0.01,0.012666666666666668,0.011000000000000003,3.389830508474576,0.5347110543129945,1.0000000000001563,2.9136317643906224,0.6576736100203691,8.448602,119.868871,43780.03747,1542,327,382,60.0,120.0
303,2023-04-24 07:30:21.374353,can_tapper12,"rgb(166,86,40)",499.0,469.0,,6.012024048096192,87.00000000000001,,,0,10.4,13.0,339.0,326.0,1.037155,-2.894160583941606,126.0,2.049915,0.007668711656441719,0.009202453987730062,,3.673469387755102,0.587282334880945,1.0200000000001594,2.892719705486028,0.7494349463917367,0.478615,119.868005,86022.27606,1446,282,376,60.0,120.0
304,2023-04-24 11:44:11.177113,can_tapper12,"rgb(247,129,191)",500.0,462.0,,7.6,89.0625,,,0,9.716666666666665,0.0,421.0,421.0,0.821162,-2.9522292993630574,75.0,2.326736,0.006175771971496437,0.009026128266033254,,4.742268041237113,0.5161531304113631,1.0000000000001563,2.892719705486028,0.7688329153512964,2.448464,119.902253,15229.80276,1470,325,461,60.0,120.0
305,2023-04-24 14:02:14.891492,can_tapper12,"rgb(153,153,153)",493.0,438.0,496.0,11.156186612576064,70.75000000000004,78.00000000000004,5.581531369568311,1500,11.833333333333332,15.0,345.0,330.0,1.088026,-18.095709570957094,117.0,2.185451,0.01090909090909091,0.016666666666666666,0.011818181818181818,6.860706860706861,1.1489419039145403,1.5200000000002376,2.0171482422437275,0.8138026657039068,59.871853,119.979275,8283.714379,2158,450,381,60.0,120.0
306,2023-04-24 18:20:45.769068,can_tapper12,"rgb(228,26,28)",507.0,462.0,,8.875739644970414,98.75,,,0,13.0,0.0,187.0,187.0,1.122633,-5.015625,70.0,2.130802,0.01390374331550802,0.02406417112299465,,6.024096385542169,0.6828370120207157,0.5000000000000782,2.892719705486028,0.8338724728712497,1.051719,119.987411,15510.877576,1454,324,344,60.0,120.0
307,2023-04-25 17:57:25.591960,can_tapper12,"rgb(55,126,184)",496.0,466.0,499.0,6.048387096774194,78.00000000000004,87.00000000000001,23.653406090473496,208,10.1,0.0,238.0,238.0,1.04281,-7.33235294117647,13.0,2.049713,0.010924369747899159,0.012605042016806723,0.012184873949579832,5.785123966942149,0.6788100490347808,0.5000000000000782,2.583718236095259,0.6707696548208208,7.180351,119.92203,84999.822892,1527,355,356,60.0,120.0
308,2023-04-26 12:50:51.347897,can_tapper12,"rgb(77,175,74)",504.0,447.0,504.0,11.30952380952381,95.0,95.0,20.56366385929998,344,7.325,15.0,433.0,418.0,0.529624,-6.959302325581396,218.0,2.033336,0.007894736842105263,0.013636363636363637,0.007894736842105263,16.63157894736842,1.3478170982976874,1.0000000000001563,38.11022203961853,0.11021872948728206,9.890656,119.8492,68005.755937,1120,195,296,60.0,120.0
309,2023-04-26 12:52:31.313448,can_tapper12,"rgb(152,78,163)",503.0,463.0,505.0,7.952286282306163,93.75,96.25,9.127777296952255,1121,7.35,0.0,218.0,218.0,1.092243,-10.725,16.0,2.200899,0.015137614678899083,0.01834862385321101,0.016055045871559634,6.0728744939271255,0.888331275635079,1.260000000000197,3.077404581544478,0.7811265780201881,25.425774,119.93775,99.965551,1746,352,441,60.0,120.0
310,2023-04-26 13:12:40.264117,can_tapper12,"rgb(255,127,0)",492.0,434.0,496.0,11.788617886178862,68.33333333333339,78.00000000000004,6.030047124464375,1500,7.55,0.0,281.0,281.0,1.56995,-19.07079646017699,149.0,2.070476,0.012811387900355872,0.020640569395017794,0.014234875444839859,7.949790794979079,0.856472878019547,1.5000000000002345,2.0171482422437275,0.8086773139868219,59.823439,119.99805,1208.950669,2158,556,542,60.0,120.0
311,2023-05-16 14:07:59.660638,can_tapper12,"rgb(255,255,51)",507.0,463.0,,8.678500986193294,98.75,,,0,,0.0,446.0,446.0,0.929249,-2.2614107883817427,12.0,2.526398,0.002242152466367713,0.009865470852017937,,9.166666666666666,0.5005585625554939,0.5000000000000782,3.9134845291898115,0.6780745007515752,2.440563,119.876934,1731319.396521,1470,250,319,60.0,120.0
312,2023-09-19 10:13:56.489583,can_tapper12,"rgb(166,86,40)",465.0,427.0,468.0,8.172043010752688,40.0,40.0,6.542234952858844,779,15.45,28.5,500.0,471.5,0.623948,-54.112426035502956,32.0,2.121196,0.008059384941675504,0.008059384941675504,0.008695652173913045,2.6315789473684212,0.45032699719083835,1.0000000000001563,3.678623825607137,0.8432147630293025,18.598116,119.990175,10872356.828945,1665,381,504,60.0,120.0
313,2023-09-20 10:40:58.368576,can_tapper12,"rgb(247,129,191)",468.0,422.0,472.0,9.82905982905983,40.0,40.0,2.0000808889250163,1500,17.98333333333333,0.0,321.0,321.0,1.2197,-59.79003558718861,58.0,2.3189,0.014330218068535825,0.014330218068535825,0.015576323987538943,2.6315789473684212,0.728829028016635,1.5000000000002345,3.2620894576029285,0.8728158477100771,59.838486,119.995533,88021.878993,2159,394,379,60.0,120.0
314,2023-09-20 11:19:28.970938,can_tapper12,"rgb(153,153,153)",480.0,449.0,,6.458333333333334,46.24999999999997,,,0,18.633333333333333,0.0,334.0,334.0,1.021475,-94.67231638418079,16.0,2.020936,0.007784431137724551,0.009281437125748502,,3.7974683544303796,0.43249527094703083,0.5000000000000782,3.678623825607137,0.8839995345774267,1.50761,67.813524,2310.602362,834,185,243,60.0,120.0
315,2023-10-05 08:13:09.362975,can_tapper12,"rgb(228,26,28)",464.0,422.0,464.0,9.051724137931034,40.0,40.0,5.3821377971591655,1131,,17.0,484.0,467.0,0.640543,-50.49240121580547,106.0,2.141043,0.006852248394004282,0.008993576017130621,0.006852248394004282,8.083140877598153,0.821175964804055,1.5000000000002345,4.148345232772487,0.8801567178353933,25.635906,119.938717,1284820.392037,1749,373,373,60.0,120.0
316,2023-10-16 11:06:07.273439,can_tapper12,"rgb(55,126,184)",465.0,413.0,465.0,11.182795698924732,40.0,40.0,0.382337947705733,1500,,0.0,275.0,275.0,1.39628,-45.06267029972752,22.0,3.087574,0.015272727272727273,0.01890909090909091,0.015272727272727271,6.75990675990676,1.2043695415683524,0.7600000000001188,3.2620894576029285,0.8458660864889549,59.997,119.898271,960777.910464,2158,476,462,60.0,120.0
317,2023-10-17 11:17:00.578225,can_tapper12,"rgb(77,175,74)",465.0,417.0,466.0,10.32258064516129,40.0,40.0,7.711967871984681,1500,,0.0,473.0,473.0,1.452052,-51.41823056300268,273.0,2.032251,0.00930232558139535,0.010147991543340382,0.009513742071881607,6.422018348623853,1.0057299546650562,1.5200000000002376,3.470356641605033,0.881903668014285,59.868374,119.944997,87053.304786,2158,459,431,60.0,120.0
318,2024-01-16 09:48:54.748761,can_tapper12,"rgb(152,78,163)",490.0,429.0,496.0,12.448979591836734,64.16666666666669,78.00000000000004,9.954305215197747,914,-0.3,39.0,320.0,281.0,1.532619,-7.796511627906977,184.0,2.050294,0.01779359430604982,0.02170818505338078,0.0199288256227758,8.035714285714286,0.9285699224314986,1.5000000000002345,3.470356641605033,0.8847537824453477,21.282572,119.785788,7857114.170536,1695,374,402,60.0,120.0
319,2024-01-16 10:53:16.609218,can_tapper12,"rgb(255,127,0)",484.0,416.0,484.0,14.049586776859504,52.857142857142826,52.857142857142826,3.424277077455885,1500,-0.2625,0.0,472.0,472.0,1.062034,-16.984326018808776,295.0,2.058893,0.009110169491525424,0.01440677966101695,0.009110169491525424,12.638580931263858,1.0800133674347923,1.5000000000002345,1.9029463547871976,0.17118315979017773,59.962703,119.966928,3861.860457,2160,432,663,60.0,120.0
320,2024-01-16 10:54:13.239347,can_tapper12,"rgb(255,255,51)",491.0,429.0,572.0,12.627291242362526,66.25000000000003,100.0,96.54686957637132,1500,0.32,0.0,295.0,295.0,1.373316,-19.40809968847352,23.0,2.563914,0.017288135593220337,0.021016949152542375,0.0447457627118644,14.285714285714286,1.8313412235901665,1.5000000000002345,2.0171482422437275,0.8159320082318852,59.966606,119.87262,56.630129,2158,477,718,60.0,120.0
321,2024-01-16 10:58:29.895570,can_tapper12,"rgb(166,86,40)",523.0,449.0,532.0,14.149139579349903,100.0,100.0,60.22353787711842,1500,-0.21000000000000002,0.0,306.0,306.0,1.434595,26.361842105263158,483.0,2.030894,0.01633986928104575,0.024183006535947713,0.019281045751633988,8.932461873638344,1.616269903539321,1.2400000000001938,119.99999999999996,0.2655538401122405,59.84062,119.9857,256.656223,2158,436,618,60.0,120.0
322,2024-01-16 10:59:56.325441,can_tapper12,"rgb(247,129,191)",522.0,443.0,572.0,15.134099616858238,100.0,100.0,62.77041900906505,1500,-0.3291666666666667,0.0,308.0,308.0,1.336528,59.43979057591623,491.0,2.336716,0.014285714285714287,0.025649350649350647,0.030519480519480516,13.457556935817806,1.2709523317982954,1.0000000000001563,12.234338877368176,0.08577738445302696,59.987001,119.906333,86.429871,1703,339,424,60.0,120.0
323,2024-01-16 11:01:37.438798,can_tapper12,"rgb(153,153,153)",482.0,439.0,484.0,8.921161825726141,49.5535714285714,52.857142857142826,6.182365291301197,936,-0.05,38.0,491.0,453.0,0.836814,-28.39329268292683,123.0,2.344301,0.004635761589403974,0.009492273730684326,0.0050772626931567325,2.335456475583864,0.38038861806572744,0.7600000000001188,3.2620894576029285,0.8585100580435501,59.807313,119.83302,101.113357,1742,379,455,60.0,120.0
324,2024-01-16 11:35:49.252974,can_tapper12,"rgb(228,26,28)",490.0,446.0,495.0,8.979591836734693,64.16666666666669,75.58333333333339,12.205081755571026,1064,0.0,43.0,465.0,422.0,0.738025,-15.473684210526315,54.0,2.235,0.006872037914691944,0.01042654028436019,0.008056872037914692,6.029106029106029,0.7658895068449104,0.5000000000000782,2.565174071178317,0.32932652622201775,24.301391,62.746775,2051.814176,1046,200,308,60.0,120.0
325,2024-01-17 10:39:25.260842,can_tapper12,"rgb(55,126,184)",511.0,467.0,515.0,8.610567514677104,100.0,100.0,25.475824444225548,489,0.08333333333333334,27.0,194.0,167.0,1.125769,-9.534653465346535,28.0,2.721407,0.01976047904191617,0.02634730538922156,0.02215568862275449,5.3061224489795915,0.7897627562653522,0.5000000000000782,2.565174071178317,0.4509572332366639,12.804932,39.242727,83016.007868,627,121,165,60.0,120.0
326,2024-01-29 08:57:00.270731,can_tapper12,"rgb(77,175,74)",510.0,469.0,,8.03921568627451,98.75,,,0,3.375,16.0,331.0,315.0,1.019653,-0.9927536231884058,92.0,2.13057,0.01111111111111111,0.013015873015873017,,4.990019960079841,0.753184126456432,1.0000000000001563,3.470356641605033,0.8538171641324092,0.900306,119.925932,1030655.009889,1452,282,405,60.0,120.0
327,2024-01-31 10:02:03.374542,can_tapper12,"rgb(152,78,163)",498.0,447.0,502.0,10.240963855421686,84.58333333333334,90.75000000000001,4.444446419753245,1500,6.758333333333333,23.0,313.0,290.0,1.120746,-7.5092592592592595,94.0,2.123671,0.011379310344827585,0.017586206896551725,0.012758620689655173,7.658643326039387,1.3032477621679102,1.0000000000001563,3.9134845291898115,0.8582467112503864,39.4097,119.900697,176703.103811,1914,382,428,60.0,120.0
328,2024-01-31 12:45:52.485239,can_tapper12,"rgb(255,127,0)",497.0,454.0,501.0,8.651911468812877,81.58333333333336,89.50000000000001,6.647939046799733,1392,6.933333333333333,17.0,496.0,479.0,0.61927,-9.487730061349692,29.0,3.118021,0.00709812108559499,0.008977035490605429,0.007933194154488517,11.482254697286013,0.8371963225903778,0.5000000000000782,3.470356641605033,0.8064795621454441,30.857828,117.480799,9829.110697,1782,372,472,60.0,120.0
329,2024-02-01 15:24:29.108322,can_tapper12,"rgb(255,255,51)",503.0,457.0,504.0,9.145129224652088,92.00000000000001,93.25000000000001,3.31202030043317e-12,32,15.25,0.0,365.0,365.0,0.443651,-19.9864406779661,-12.0,,0.005205479452054795,0.012602739726027398,0.005479452054794521,9.836065573770492,2.9465194472186895,1.0000000000001563,3.2620894576029285,0.8584561381181495,3.665014,119.914893,95916.623083,1485,303,380,60.0,120.0
330,2024-02-13 11:01:38.242746,can_tapper12,"rgb(166,86,40)",495.0,460.0,495.0,7.07070707070707,83.75,83.75,9.914957216398669,676,14.6,2.0,196.0,194.0,1.040365,-2.14,33.0,2.038774,0.01134020618556701,0.01804123711340206,0.01134020618556701,19.313304721030043,7.253603018680875,1.0000000000001563,28.36672067485749,0.5151261564211427,16.540786,119.997868,1021029.134424,1639,165,316,60.0,120.0
331,2024-02-19 14:04:45.878148,can_tapper12,"rgb(247,129,191)",490.0,441.0,490.0,10.0,82.5,79.50000000000001,4.770402755157519,1099,17.175,2.0,282.0,280.0,0.623326,-18.004405286343612,31.0,2.029567,0.005,0.0175,0.005357142857142857,27.191011235955056,8.75171891150384,1.5000000000002345,3.2620894576029285,0.6620654229593466,25.001178,119.833647,529387.635402,1740,275,351,60.0,120.0
332,2024-02-21 11:58:19.540969,can_tapper12,"rgb(153,153,153)",503.0,460.0,504.0,8.548707753479125,86.5625,88.21428571428571,2.4667922074629383,1500,21.291666666666668,0.0,411.0,411.0,0.667245,-12.801652892561984,46.0,2.168289,0.010462287104622872,0.010462287104622872,0.010705596107055963,13.043478260869565,4.336315723507236,1.5000000000002345,22.958972543142877,0.646142266842427,59.995693,119.867046,165213.662821,2160,316,405,60.0,120.0
333,2024-02-21 12:06:26.972662,can_tapper12,"rgb(228,26,28)",526.0,488.0,,7.224334600760455,100.0,,,0,18.95,0.0,176.0,176.0,1.009419,-14.848484848484848,36.0,2.009183,0.014772727272727274,0.021590909090909095,,11.201629327902241,3.9543436282146747,1.0200000000001594,10.849032074111987,0.6827287876453496,2.605211,33.202008,487.431693,432,74,92,60.0,120.0
334,2024-02-21 13:34:13.557279,can_tapper12,"rgb(55,126,184)",508.0,462.0,509.0,9.05511811023622,97.5,98.75,17.875431864422332,129,17.95,2.0,323.0,321.0,0.618276,-6.011152416356877,32.0,2.022502,0.014330218068535825,0.014330218068535825,0.014641744548286604,16.595744680851062,5.138659522015844,1.5000000000002345,12.234338877368176,0.6522063369522355,5.603755,119.965376,5266.584617,1509,278,563,60.0,120.0
335,2024-02-21 14:26:02.165894,can_tapper12,"rgb(77,175,74)",478.0,421.0,475.0,11.92468619246862,77.5,68.50000000000003,9.772893232395399,1500,19.695833333333333,14.5,375.0,360.5,1.149075,-28.99245283018868,286.0,2.149975,0.012205270457697643,0.015811373092926493,0.011373092926490984,22.727272727272727,7.9894398511928095,1.0000000000001563,119.99999999999996,0.15871647177206516,59.902525,119.989177,3108.608615,2160,394,483,60.0,120.0
336,2024-02-21 14:26:51.183259,can_tapper12,"rgb(152,78,163)",491.0,422.0,549.0,14.052953156822811,85.0,100.0,175.90854040376814,1500,19.64166666666667,12.0,286.0,274.0,1.2418,-29.20689655172414,15.0,2.238151,0.013138686131386862,0.025182481751824817,0.033941605839416064,22.608695652173914,7.720309461991617,1.0000000000001563,30.236992142280027,0.64830834074636,59.908749,119.984695,49.017365,2160,384,565,60.0,120.0
337,2024-02-21 14:35:17.414892,can_tapper12,"rgb(255,127,0)",523.0,453.0,590.0,13.38432122370937,88.21428571428571,100.0,79.65939540416346,1500,19.72,12.0,301.0,289.0,1.121648,26.305263157894736,487.0,2.118593,0.015916955017301036,0.024221453287197228,0.03910034602076125,23.492723492723492,7.164895619032463,1.2400000000001938,119.99999999999996,0.28845440550345147,59.963025,119.885799,506.231633,2119,422,538,60.0,120.0
338,2024-02-21 14:36:32.251365,can_tapper12,"rgb(255,255,51)",519.0,460.0,585.0,11.368015414258188,85.0,100.0,90.73863588382395,1500,19.753333333333334,13.0,487.0,474.0,1.323701,5.962962962962963,456.0,2.031311,0.011392405063291141,0.012447257383966247,0.02531645569620253,20.496894409937887,7.747290009426695,3.7400000000005846,119.99999999999996,0.2996544899097656,59.863791,119.98747,74.836473,2120,422,555,60.0,120.0
339,2024-02-21 14:37:23.005239,can_tapper12,"rgb(166,86,40)",484.0,423.0,492.0,12.603305785123966,80.0,80.0,84.71670431852235,1500,20.0,5.5,436.0,430.5,1.192529,-37.465384615384615,123.0,2.291375,0.008826945412311266,0.014169570267131244,0.010685249709639954,21.478060046189377,8.08660000359712,1.5000000000002345,46.994204904841894,0.6923069738347293,59.979673,119.859503,50.753874,2119,397,553,60.0,120.0
340,2024-02-21 14:42:29.150192,can_tapper12,"rgb(247,129,191)",514.0,463.0,516.0,9.922178988326849,86.5625,88.21428571428571,19.94098803301934,272,19.875,-2.0,373.0,375.0,0.614916,-11.3125,0.0,,0.007466666666666667,0.013600000000000001,0.008,16.317991631799163,5.1177214290863295,1.0000000000001563,60.04385255629816,0.5927697242505415,59.855677,119.863998,306.144953,1560,241,376,60.0,120.0
341,2024-02-21 15:28:11.366926,can_tapper12,"rgb(153,153,153)",514.0,483.0,518.0,6.031128404669261,90.0,98.75,22.850360477133446,895,19.708333333333332,-1.0,142.0,143.0,0.914074,-7.068783068783069,0.0,,0.013986013986013984,0.021678321678321677,0.016783216783216783,13.114754098360656,4.801047598219469,0.5000000000000782,9.620584988277706,0.30725033985913075,20.908062,119.921543,2742.216734,1692,213,373,60.0,120.0
342,2024-02-22 10:54:41.154000,can_tapper12,"rgb(228,26,28)",482.0,438.0,487.0,9.12863070539419,80.0,85.0,19.796145040759512,147,18.4,0.0,275.0,275.0,1.408039,-26.47222222222222,147.0,2.010388,0.016,0.016,0.017818181818181816,20.512820512820515,8.490454725161793,1.0000000000001563,5.275382050040925,0.7756731699333332,5.95341,25.572429,69989.787074,381,83,148,60.0,120.0
343,2024-02-23 07:30:22.845626,can_tapper12,"rgb(55,126,184)",478.0,423.0,481.0,11.506276150627615,77.5,80.0,36.36069812539884,169,17.10833333333333,18.0,389.0,371.0,1.313445,-18.025547445255473,20.0,2.427945,0.011590296495956873,0.01482479784366577,0.012398921832884097,25.29550827423168,9.32042281297762,1.260000000000197,5.856790395916995,0.812609584593269,6.400022,119.90972,74141.691626,1518,294,573,60.0,120.0
344,2024-02-23 07:41:10.927710,can_tapper12,"rgb(77,175,74)",474.0,422.0,475.0,10.970464135021098,68.50000000000003,68.50000000000003,0.033173348077106216,1500,17.125,0.0,340.0,340.0,1.098083,-16.645390070921987,20.0,2.101858,0.01088235294117647,0.015294117647058823,0.011176470588235293,22.274881516587676,8.144341188418121,1.0200000000001594,1.7887444673306678,0.2429632481549523,59.90124,119.886208,648.082084,2160,371,246,60.0,120.0
345,2024-02-23 07:47:57.196766,can_tapper12,"rgb(152,78,163)",475.0,422.0,478.0,11.157894736842106,68.50000000000003,77.5,1.7498408862079748e-13,1500,17.15,14.5,274.0,259.5,1.873119,-25.514950166112957,145.0,2.36925,0.012331406551059729,0.020423892100192676,0.013487475915221578,30.131004366812228,9.451574058438203,1.7600000000002751,7.563529291427102,0.7216687720301418,59.88385,119.931324,406.269056,2160,446,515,60.0,120.0
346,2024-02-23 07:55:34.069888,can_tapper12,"rgb(255,127,0)",482.0,413.0,484.0,14.315352697095435,81.25,82.5,4.833166592517127,1500,17.31666666666667,14.0,311.0,297.0,1.376501,-23.2901023890785,17.0,2.070651,0.01245791245791246,0.02323232323232323,0.013131313131313133,31.376975169300227,10.16690029221169,1.5000000000002345,14.654373787322573,0.8332729083975629,59.874824,119.94302,456.873122,2160,401,720,60.0,120.0
347,2024-02-23 08:01:03.871826,can_tapper12,"rgb(255,255,51)",491.0,421.0,497.0,14.25661914460285,85.0,85.0,5.375077944478212,1500,15.15,14.5,283.0,268.5,1.234737,-17.25830258302583,18.0,2.233881,0.017504655493482308,0.0260707635009311,0.01973929236499069,23.85120350109409,8.054532684442986,1.0000000000001563,12.234338877368176,0.23487451124026903,59.863195,119.992611,329.801938,2160,386,468,60.0,120.0
348,2024-02-23 08:30:40.634400,can_tapper12,"rgb(166,86,40)",475.0,419.0,478.0,11.789473684210526,68.50000000000003,74.50000000000001,0.6816980807544988,1500,17.56,13.0,355.0,342.0,1.311058,-32.337704918032784,134.0,2.312932,0.012865497076023392,0.01637426900584795,0.013742690058479529,21.513002364066192,8.321248963319734,1.5000000000002345,2.583718236095259,0.32546656032183663,59.960943,119.873397,1776.762574,2160,417,562,60.0,120.0
349,2024-02-23 08:34:15.948357,can_tapper12,"rgb(247,129,191)",498.0,442.0,503.0,11.244979919678714,85.0,85.0,4.64983317770254,1500,17.59166666666667,0.0,284.0,284.0,1.453124,-24.185328185328185,20.0,2.051972,0.013732394366197182,0.019718309859154928,0.015492957746478873,20.0,8.316677113379217,1.0000000000001563,5.275382050040925,0.21601533249040983,59.950796,119.915374,215.313957,2160,316,552,60.0,120.0
350,2024-02-23 08:37:09.917297,can_tapper12,"rgb(153,153,153)",503.0,440.0,510.0,12.524850894632205,85.0,85.0,5.525273566787135,1500,17.59166666666667,12.0,500.0,488.0,1.142559,-18.24454148471616,148.0,2.147133,0.009836065573770491,0.01290983606557377,0.011270491803278689,22.494432071269486,8.546530130052508,1.5000000000002345,2.27471676670449,0.2756979697722114,59.840379,119.984585,173.96894,2159,326,281,60.0,120.0
351,2024-02-23 08:42:43.533326,can_tapper12,"rgb(228,26,28)",483.0,406.0,487.0,15.942028985507244,81.25,85.0,0.29339820319010995,1055,17.7,0.0,470.0,470.0,0.507652,-20.56578947368421,19.0,2.006826,0.005106382978723404,0.016382978723404256,0.005744680851063831,36.44859813084112,10.657645993452388,1.5200000000002376,2.892719705486028,0.25823463873531016,24.109351,119.927626,333.616029,1731,285,312,60.0,120.0
352,2024-02-23 08:46:02.934736,can_tapper12,"rgb(55,126,184)",487.0,432.0,491.0,11.293634496919918,85.0,85.0,2.8994501775330783,1500,17.8,0.0,315.0,315.0,1.452717,-24.37735849056604,15.0,2.048115,0.012380952380952381,0.017460317460317457,0.01365079365079365,20.72072072072072,8.611077274807435,1.2400000000001938,7.563529291427102,0.7407907486397796,59.98136,119.828858,199.40141,2160,396,585,60.0,120.0
353,2024-02-23 08:51:20.968449,can_tapper12,"rgb(77,175,74)",497.0,429.0,502.0,13.682092555331993,85.0,85.0,4.65503318001376,1500,17.875,0.0,325.0,325.0,1.151327,-23.012,281.0,2.154427,0.016615384615384615,0.020923076923076923,0.018153846153846152,28.77846790890269,7.906550892945936,1.5000000000002345,2.0171482422437275,0.13783244136105433,59.946274,119.866878,318.033713,2160,352,568,60.0,120.0
354,2024-02-23 08:52:18.682476,can_tapper12,"rgb(152,78,163)",503.0,428.0,562.0,14.910536779324055,85.0,100.0,109.11779960789391,1500,17.833333333333336,13.0,281.0,268.0,1.652618,-15.005681818181818,147.0,2.156941,0.016044776119402984,0.02798507462686567,0.03805970149253731,25.49889135254989,9.031027678769437,1.5000000000002345,119.99999999999996,0.32648989789609284,59.909326,119.906199,57.714027,2160,311,432,60.0,120.0
355,2024-02-23 08:56:08.813000,can_tapper12,"rgb(255,127,0)",484.0,422.0,489.0,12.8099173553719,82.5,85.0,5.186482305102176,1500,17.953333333333333,13.0,289.0,276.0,1.35015,-25.595070422535212,15.0,2.344315,0.016666666666666666,0.02246376811594203,0.01847826086956522,23.555555555555557,8.289366826889959,1.0000000000001563,14.211245899737794,0.8050175458305326,59.972526,119.853289,230.130524,2158,360,606,60.0,120.0
356,2024-02-23 09:28:16.177191,can_tapper12,"rgb(255,255,51)",475.0,422.0,479.0,11.157894736842106,68.50000000000003,77.5,2.622829615365249e-13,1500,18.240000000000002,12.0,360.0,348.0,1.324403,-28.937282229965156,17.0,2.430201,0.011206896551724138,0.015229885057471264,0.01235632183908046,23.80952380952381,8.225058236233409,1.0200000000001594,4.605541037176915,0.6649265776721108,59.859799,119.961626,1927.364191,2158,369,642,60.0,120.0
357,2024-02-23 09:37:17.577165,can_tapper12,"rgb(166,86,40)",483.0,413.0,487.0,14.492753623188406,82.5,85.0,2.357272158786959,1500,18.35833333333333,0.0,485.0,485.0,1.149125,-23.6875,232.0,2.149644,0.009896907216494845,0.01443298969072165,0.010721649484536081,25.85812356979405,9.08174404721658,2.0000000000003126,9.410147971933785,0.3392737938577314,59.867875,119.999873,541.399974,2159,391,657,60.0,120.0
358,2024-02-27 09:48:17.233327,can_tapper12,"rgb(247,129,191)",474.0,406.0,,14.345991561181433,68.50000000000003,,,0,18.033333333333335,18.0,476.0,458.0,1.23643,-25.809248554913296,146.0,2.335682,0.010480349344978166,0.014847161572052401,,25.358851674641148,9.257237859391438,1.5000000000002345,4.81380822117902,0.4743409044830925,2.525246,66.513474,346259.656162,831,184,295,60.0,120.0
359,2024-02-27 11:08:53.437513,can_tapper12,"rgb(153,153,153)",477.0,421.0,477.0,11.740041928721174,74.50000000000001,74.50000000000001,9.36270653029075,124,16.508333333333333,19.0,418.0,399.0,1.123211,-24.609375,142.0,2.225232,0.014035087719298244,0.014035087719298244,0.014035087719298244,25.890736342042754,9.44301513535282,1.740000000000272,2.892719705486028,0.3618031868713407,5.493394,26.037562,4836.204186,381,79,130,60.0,120.0
360,2024-02-27 11:16:40.045540,can_tapper12,"rgb(228,26,28)",475.0,387.0,473.0,18.526315789473685,68.50000000000003,74.50000000000001,184.82117223498796,142,16.5375,0.0,272.0,272.0,1.525791,-20.116129032258065,144.0,2.027314,0.016176470588235292,0.032352941176470584,0.015441176470588236,29.466357308584687,9.668779877129385,1.5000000000002345,4.976713576127057,0.8895423827632334,5.851997,119.934072,466.608027,1512,322,561,60.0,120.0
361,2024-03-07 10:50:31.138050,can_tapper12,"rgb(55,126,184)",491.0,454.0,494.0,7.535641547861507,67.5,73.75000000000003,11.771991637761491,297,17.46666666666667,28.0,386.0,358.0,1.036117,-33.296875,128.0,2.03477,0.007262569832402234,0.010335195530726256,0.008100558659217875,5.676855895196507,1.106485108825509,0.7400000000001157,2.892719705486028,0.5105541853055644,8.947185,23.340453,776031.09251,390,74,141,60.0,120.0
362,2024-03-08 09:18:48.339290,can_tapper12,"rgb(77,175,74)",491.0,462.0,493.0,5.906313645621181,67.5,71.66666666666669,2.332631674612238e-12,95,17.175,0.0,495.0,495.0,0.810472,-58.098591549295776,29.0,2.308347,0.005858585858585858,0.005858585858585858,0.006262626262626263,3.0927835051546393,0.8138762837800507,0.5000000000000782,3.2620894576029285,0.8010709674455243,4.908672,27.358885,80897.20124,388,85,116,60.0,120.0
363,2024-03-08 09:27:05.765084,can_tapper12,"rgb(152,78,163)",493.0,455.0,494.0,7.707910750507099,71.66666666666669,73.75000000000003,4.800002133333593,1500,17.133333333333333,21.0,391.0,370.0,0.509429,-42.55351681957187,26.0,2.0221,0.007027027027027026,0.01027027027027027,0.007297297297297297,5.781584582441114,1.5645402608945487,1.0000000000001563,2.4199454189414036,0.5042258089802106,43.404864,119.905582,497.425794,1962,402,443,60.0,120.0
364,2024-03-08 09:42:14.656198,can_tapper12,"rgb(255,127,0)",495.0,458.0,497.0,7.474747474747474,75.54166666666669,79.83333333333337,4.415776317947208,1460,15.25,20.0,370.0,350.0,1.118325,-39.120253164556964,115.0,2.119349,0.009428571428571429,0.01057142857142857,0.01,3.917525773195876,1.0715783058775439,1.0000000000001563,2.9136317643906224,0.6873869851851293,32.206376,119.877875,908.891114,1827,374,450,60.0,120.0
365,2024-03-08 10:46:53.909895,can_tapper12,"rgb(255,255,51)",494.0,451.0,494.0,8.704453441295547,73.75000000000003,72.91666666666669,2.2543385854312248e-12,36,17.366666666666667,19.5,348.0,328.5,1.124174,-12.714285714285714,106.0,2.130298,0.010045662100456623,0.013089802130898023,0.010045662100456623,9.594882729211088,0.8824884475292366,1.0000000000001563,119.99999999999996,0.2888101101704226,3.743583,119.792197,3879.253697,1485,304,200,60.0,120.0
366,2024-03-08 11:32:45.238825,can_tapper12,"rgb(166,86,40)",490.0,457.0,490.0,6.73469387755102,64.50000000000001,64.50000000000001,4.875713239417688e-13,227,17.325,0.0,371.0,371.0,1.007875,-51.6144578313253,32.0,2.013571,0.007277628032345013,0.00889487870619946,0.007277628032345013,8.59538784067086,1.2433390322228508,1.0000000000001563,3.2620894576029285,0.839074458248218,59.866768,119.771906,2751.32893,1761,390,438,60.0,120.0
367,2024-03-08 13:27:53.656175,can_tapper12,"rgb(247,129,191)",502.0,437.0,501.0,12.94820717131474,92.5,89.50000000000001,7.487629994500879,1500,18.035,15.0,283.0,268.0,1.520702,-29.907692307692308,410.0,2.118763,0.011940298507462687,0.024253731343283583,0.011567164179104477,13.118279569892474,1.5252632583246988,1.5200000000002376,2.27471676670449,0.22619458060421194,59.880974,119.978056,6908.41735,2160,457,542,60.0,120.0
368,2024-03-08 13:28:46.972953,can_tapper12,"rgb(153,153,153)",511.0,459.0,559.0,10.176125244618394,100.0,100.0,92.07389869949772,1500,18.05,0.0,410.0,410.0,1.018349,-31.684848484848484,41.0,2.124072,0.01,0.012682926829268292,0.021707317073170734,7.014028056112225,1.4731785690643024,1.5000000000002345,2.0171482422437275,0.7102002198928679,59.940052,119.935441,53.316778,2160,487,630,60.0,120.0
369,2024-03-08 13:32:28.553349,can_tapper12,"rgb(228,26,28)",525.0,466.0,562.0,11.238095238095239,100.0,100.0,62.82331681035298,1500,17.991666666666667,12.0,353.0,341.0,1.272944,17.218309859154928,500.0,2.275976,0.011143695014662756,0.017302052785923755,0.021994134897360705,11.83673469387755,0.7909234134773325,1.5000000000002345,119.99999999999996,0.4189072378372276,59.883374,119.997517,221.580396,2120,420,533,60.0,120.0
370,2024-03-08 13:33:39.998930,can_tapper12,"rgb(55,126,184)",525.0,468.0,563.0,10.857142857142858,100.0,100.0,55.572033587561776,1500,17.925,12.0,331.0,319.0,0.47572,2.4584717607973423,500.0,3.071643,0.00909090909090909,0.017868338557993732,0.021003134796238245,12.8,1.1312625701340515,1.0000000000001563,119.99999999999996,0.25362226790437103,59.796961,119.846144,71.445581,2118,448,567,60.0,120.0
371,2024-03-08 13:34:28.746058,can_tapper12,"rgb(77,175,74)",506.0,462.0,506.0,8.695652173913043,95.62500000000001,95.0,19.165617406937898,1500,18.366666666666667,0.0,499.0,499.0,0.773321,-40.11963190184049,15.0,2.267834,0.006513026052104209,0.008817635270541083,0.0066132264529058125,6.451612903225806,1.3150975620875396,1.0000000000001563,1.9029463547871976,0.6180445710064812,59.973389,119.869022,48.747128,2120,467,601,60.0,120.0
372,2024-03-08 13:58:39.850719,can_tapper12,"rgb(152,78,163)",502.0,450.0,506.0,10.358565737051793,92.5,96.25,5.150775622565595,1500,18.005000000000003,0.0,326.0,326.0,1.241549,-25.475694444444443,24.0,2.435075,0.011042944785276076,0.015950920245398775,0.012269938650306749,12.863070539419088,0.824085825018863,1.0000000000001563,2.27471676670449,0.25596291426524964,59.898801,119.921676,1451.104661,2160,394,490,60.0,120.0
373,2024-03-08 14:19:26.880142,can_tapper12,"rgb(255,127,0)",502.0,453.0,503.0,9.760956175298805,92.5,92.5,0.46511131782686743,1500,18.075,0.0,492.0,492.0,1.476599,-33.67845659163987,34.0,2.068974,0.007317073170731708,0.009959349593495934,0.007520325203252033,10.187110187110187,0.8321934071873711,1.5000000000002345,1.7887444673306678,0.6222874787804106,59.95205,119.905725,1247.029423,2160,403,451,60.0,120.0
374,2024-03-08 14:49:40.805526,can_tapper12,"rgb(255,255,51)",499.0,460.0,503.0,7.8156312625250495,83.50000000000004,92.5,0.9933248859220272,1500,17.958333333333332,0.0,304.0,304.0,1.488086,-32.52614379084967,13.0,2.081953,0.011513157894736841,0.012828947368421053,0.012828947368421054,2.608695652173913,0.8540679018001041,1.0000000000001563,1.7887444673306678,0.6415472060070405,59.887514,119.957921,1813.925384,2160,450,532,60.0,120.0
375,2024-03-11 08:47:33.578769,can_tapper12,"rgb(166,86,40)",493.0,452.0,495.0,8.316430020283976,71.66666666666669,75.00000000000003,0.020000008889113702,1500,17.46666666666667,0.0,284.0,284.0,1.498871,-6.449477351916376,22.0,2.105025,0.011971830985915493,0.01443661971830986,0.01267605633802817,5.353319057815845,1.1334262830087847,1.0000000000001563,40.68887031186959,0.31649120549520504,59.969302,119.990774,237472.773243,2160,389,332,60.0,120.0
