start_index,start_time,can_tapper_id,window_start,window_end,temp_avg_start_C,pre_data_duration_s,post_data_duration_s,t_since_previous_start_s,n_voltage_samples,n_current_samples,n_temperature_samples,FILE_NAME_ORIGIN
0,2020-11-02 10:23:38.241481,can_tapper16,2020-11-02 10:22:38.241481,2020-11-02 10:25:38.241481,13.583333333333334,59.919731,119.944524,,2160,389,178,//qar7000185/GP0_UPLOAD/BOXER/CYLOM\KZ-04-76_CP-14\20201103\can_Tapper16-11-02-09-56-29.pcap.gz
1,2020-11-02 13:46:18.276979,can_tapper16,2020-11-02 13:45:18.276979,2020-11-02 13:48:18.276979,14.383333333333335,59.863369,119.98598,12160.035498,2158,378,549,//qar7000185/GP0_UPLOAD/BOXER/CYLOM\KZ-04-76_CP-14\20201103\can_Tapper16-11-02-12-56-29.pcap.gz
2,2020-11-02 13:48:08.994860,can_tapper16,2020-11-02 13:47:08.994860,2020-11-02 13:50:08.994860,14.475,59.990782,119.912623,110.717881,2159,348,629,//qar7000185/GP0_UPLOAD/BOXER/CYLOM\KZ-04-76_CP-14\20201103\can_Tapper16-11-02-12-56-29.pcap.gz
3,2020-11-03 08:57:01.148757,can_tapper16,2020-11-03 08:56:01.148757,2020-11-03 08:59:01.148757,14.09,59.994197,119.966068,68932.153897,2159,402,523,//qar7000185/GP0_UPLOAD/BOXER/CYLOM\KZ-04-76_CP-14\20201103\can_Tapper16-11-03-08-16-59.pcap.gz
4,2020-11-03 12:09:45.776112,can_tapper16,2020-11-03 12:08:45.776112,2020-11-03 12:11:45.776112,14.233333333333334,59.987406,119.997402,11564.627355,2159,350,758,//qar7000185/GP0_UPLOAD/BOXER/CYLOM\KZ-04-76_CP-14\20201103\can_Tapper16-11-03-11-16-59.pcap.gz
5,2020-11-03 15:18:21.706696,can_tapper16,2020-11-03 15:17:21.706696,2020-11-03 15:20:21.706696,16.3,59.908951,119.980319,11315.930584,2159,386,669,//qar7000185/GP0_UPLOAD/BOXER/CYLOM\KZ-04-76_CP-14\20201103\can_Tapper16-11-03-15-16-59.pcap.gz
6,2020-11-04 08:49:58.662012,can_tapper16,2020-11-04 08:48:58.662012,2020-11-04 08:51:58.662012,,59.958844,119.963329,63096.955316,2160,401,398,//qar7000185/GP0_UPLOAD/BOXER/CYLOM\KZ-04-76_CP-14\20201103\can_Tapper16-11-04-08-02-45.pcap.gz
7,2020-11-04 10:39:59.057213,can_tapper16,2020-11-04 10:38:59.057213,2020-11-04 10:41:59.057213,,59.924724,119.964303,6600.395201,2159,354,400,//qar7000185/GP0_UPLOAD/BOXER/CYLOM\KZ-04-76_CP-14\20201103\can_Tapper16-11-04-10-02-45.pcap.gz
8,2020-11-04 13:19:58.831526,can_tapper16,2020-11-04 13:18:58.831526,2020-11-04 13:21:58.831526,12.0,59.896093,119.981494,9599.774313,1787,286,403,//qar7000185/GP0_UPLOAD/BOXER/CYLOM\KZ-04-76_CP-14\20201103\can_Tapper16-11-04-13-19-48.pcap.gz
9,2020-11-05 08:37:19.736817,can_tapper16,2020-11-05 08:36:19.736817,2020-11-05 08:39:19.736817,10.379999999999999,59.997527,119.972622,69440.905291,2159,409,381,//qar7000185/GP0_UPLOAD/BOXER/CYLOM\KZ-04-76_CP-14\20201103\can_Tapper16-11-05-08-05-08.pcap.gz
10,2020-11-05 10:05:57.886520,can_tapper16,2020-11-05 10:04:57.886520,2020-11-05 10:07:57.886520,12.608333333333333,59.857747,119.994705,5318.149703,2158,415,417,//qar7000185/GP0_UPLOAD/BOXER/CYLOM\KZ-04-76_CP-14\20201103\can_Tapper16-11-05-10-05-08.pcap.gz
11,2021-01-12 14:11:49.177654,can_tapper16,2021-01-12 14:10:49.177654,2021-01-12 14:13:49.177654,3.8416666666666663,4.736263,119.873959,5889951.291134,1495,349,424,//qar7000185/GP0_UPLOAD/BOXER/CYLOM\KZ-04-75_CP-11\20220117\can_Tapper16-01-12-14-11-44.pcap.gz
12,2021-01-12 14:14:03.526514,can_tapper16,2021-01-12 14:13:03.526514,2021-01-12 14:16:03.526514,3.85,59.779533,119.888569,134.34886,2157,484,626,//qar7000185/GP0_UPLOAD/BOXER/CYLOM\KZ-04-75_CP-11\20220117\can_Tapper16-01-12-14-11-44.pcap.gz
13,2021-01-14 12:00:16.917310,can_tapper16,2021-01-14 11:59:16.917310,2021-01-14 12:02:16.917310,16.125,9.306602,119.803646,164773.390796,1551,279,439,//qar7000185/GP0_UPLOAD/BOXER/CYLOM\KZ-04-75_CP-11\20220117\can_Tapper16-01-14-12-00-07.pcap.gz
14,2021-02-03 10:15:39.704841,can_tapper16,2021-02-03 10:14:39.704841,2021-02-03 10:17:39.704841,4.1,3.979702,119.920487,1721722.787531,1488,340,347,//qar7000185/GP0_UPLOAD/BOXER/CYLOM\KZ-04-75_CP-11\20220117\can_Tapper16-02-03-10-15-35.pcap.gz
15,2021-02-03 13:01:28.913155,can_tapper16,2021-02-03 13:00:28.913155,2021-02-03 13:03:28.913155,6.7,8.286887,119.844516,9949.208314,1014,208,126,//qar7000185/GP0_UPLOAD/BOXER/CYLOM\KZ-04-75_CP-11\20220117\can_Tapper16-02-03-13-01-20.pcap.gz
16,2021-02-23 08:06:52.920851,can_tapper16,2021-02-23 08:05:52.920851,2021-02-23 08:08:52.920851,9.125,59.995691,119.842152,1710324.007696,2159,426,683,//qar7000185/GP0_UPLOAD/BOXER/CYLOM\KZ-04-75_CP-11\20220117\can_Tapper16-02-23-08-05-15.pcap.gz
17,2021-02-23 10:13:40.226651,can_tapper16,2021-02-23 10:12:40.226651,2021-02-23 10:15:40.226651,11.2,59.987556,119.838278,7607.3058,2158,373,330,//qar7000185/GP0_UPLOAD/BOXER/CYLOM\KZ-04-75_CP-11\20220117\can_Tapper16-02-23-10-05-15.pcap.gz
18,2021-03-05 08:55:19.366387,can_tapper16,2021-03-05 08:54:19.366387,2021-03-05 08:57:19.366387,3.0,59.892349,119.98452,859299.139736,2160,399,373,//qar7000185/GP0_UPLOAD/BOXER/CYLOM\KZ-04-75_CP-11\20220117\can_Tapper16-03-05-08-51-35.pcap.gz
19,2021-03-05 14:00:27.390996,can_tapper16,2021-03-05 13:59:27.390996,2021-03-05 14:02:27.390996,4.0,59.882546,119.982371,18308.024609,2160,200,489,//qar7000185/GP0_UPLOAD/BOXER/CYLOM\KZ-04-75_CP-11\20220117\can_Tapper16-03-05-13-51-35.pcap.gz
20,2021-03-18 09:18:52.695744,can_tapper16,2021-03-18 09:17:52.695744,2021-03-18 09:20:52.695744,1.25,59.95003,119.97722,1106305.304748,2160,394,415,//qar7000185/GP0_UPLOAD/BOXER/CYLOM\KZ-04-75_CP-11\20220117\can_Tapper16-03-18-09-03-58.pcap.gz
21,2021-04-01 14:17:58.038599,can_tapper16,2021-04-01 14:16:58.038599,2021-04-01 14:19:58.038599,11.225,59.99158,119.957474,1227545.342855,2159,357,493,//qar7000185/GP0_UPLOAD/BOXER/CYLOM\KZ-04-75_CP-11\20220117\can_Tapper16-04-01-14-00-38.pcap.gz
22,2021-04-20 10:09:06.313987,can_tapper16,2021-04-20 10:08:06.313987,2021-04-20 10:11:06.313987,10.266666666666667,2.863978,119.982086,1626668.275388,1524,361,292,//qar7000185/GP0_UPLOAD/BOXER/CYLOM\KZ-04-75_CP-11\20220117\can_Tapper16-04-20-10-09-03.pcap.gz
23,2021-04-20 10:09:06.313987,can_tapper16,2021-04-20 10:08:06.313987,2021-04-20 10:11:06.313987,10.266666666666667,2.863978,119.982086,0.0,1524,361,292,//qar7000185/GP0_UPLOAD/BOXER/CYLOM\KZ-04-75_CP-11\20220117\can_Tapper16-04-20-10-09-03.pcap.gz
24,2021-04-20 11:17:39.232866,can_tapper16,2021-04-20 11:16:39.232866,2021-04-20 11:19:39.232866,9.45,23.007375,119.770119,4112.918879,1152,211,171,//qar7000185/GP0_UPLOAD/BOXER/CYLOM\KZ-04-75_CP-11\20220117\can_Tapper16-04-20-11-17-16.pcap.gz
25,2021-05-04 16:11:14.725708,can_tapper16,2021-05-04 16:10:14.725708,2021-05-04 16:13:14.725708,8.2,7.406283,119.930253,1227215.492842,1530,273,412,//qar7000185/GP0_UPLOAD/BOXER/CYLOM\KZ-04-75_CP-11\20220117\can_Tapper16-05-04-16-11-07.pcap.gz
26,2021-05-06 08:15:57.486628,can_tapper16,2021-05-06 08:14:57.486628,2021-05-06 08:17:57.486628,12.05,23.880454,119.937832,144282.76092,1728,311,322,//qar7000185/GP0_UPLOAD/BOXER/CYLOM\KZ-04-75_CP-11\20220117\can_Tapper16-05-06-08-15-33.pcap.gz
27,2021-05-06 08:18:08.751136,can_tapper16,2021-05-06 08:17:08.751136,2021-05-06 08:20:08.751136,14.258333333333331,59.851649,36.483945,131.264508,1158,222,204,//qar7000185/GP0_UPLOAD/BOXER/CYLOM\KZ-04-75_CP-11\20220117\can_Tapper16-05-06-08-15-33.pcap.gz
28,2021-05-06 10:02:23.710311,can_tapper16,2021-05-06 10:01:23.710311,2021-05-06 10:04:23.710311,15.9,7.376748,119.937888,6254.959175,1530,272,270,//qar7000185/GP0_UPLOAD/BOXER/CYLOM\KZ-04-75_CP-11\20220117\can_Tapper16-05-06-10-02-16.pcap.gz
29,2021-05-06 10:24:23.387672,can_tapper16,2021-05-06 10:23:23.387672,2021-05-06 10:26:23.387672,13.7,59.891927,119.982122,1319.677361,2160,338,420,//qar7000185/GP0_UPLOAD/BOXER/CYLOM\KZ-04-75_CP-11\20220117\can_Tapper16-05-06-10-02-16.pcap.gz
30,2021-05-06 10:27:09.031530,can_tapper16,2021-05-06 10:26:09.031530,2021-05-06 10:29:09.031530,13.65,59.991394,119.870964,165.643858,2160,358,600,//qar7000185/GP0_UPLOAD/BOXER/CYLOM\KZ-04-75_CP-11\20220117\can_Tapper16-05-06-10-02-16.pcap.gz
31,2021-05-06 11:12:31.773441,can_tapper16,2021-05-06 11:11:31.773441,2021-05-06 11:14:31.773441,13.675,59.894693,119.932004,2722.741911,2160,298,373,//qar7000185/GP0_UPLOAD/BOXER/CYLOM\KZ-04-75_CP-11\20220117\can_Tapper16-05-06-11-07-40.pcap.gz
32,2021-05-06 11:14:43.496588,can_tapper16,2021-05-06 11:13:43.496588,2021-05-06 11:16:43.496588,13.790000000000001,59.827929,119.984892,131.723147,2160,353,345,//qar7000185/GP0_UPLOAD/BOXER/CYLOM\KZ-04-75_CP-11\20220117\can_Tapper16-05-06-11-07-40.pcap.gz
33,2021-05-06 11:16:39.211858,can_tapper16,2021-05-06 11:15:39.211858,2021-05-06 11:18:39.211858,13.8,59.994846,119.798293,115.71527,2159,373,167,//qar7000185/GP0_UPLOAD/BOXER/CYLOM\KZ-04-75_CP-11\20220117\can_Tapper16-05-06-11-07-40.pcap.gz
34,2021-05-06 11:21:34.365335,can_tapper16,2021-05-06 11:20:34.365335,2021-05-06 11:23:34.365335,13.735,59.885797,119.983245,295.153477,2160,394,419,//qar7000185/GP0_UPLOAD/BOXER/CYLOM\KZ-04-75_CP-11\20220117\can_Tapper16-05-06-11-07-40.pcap.gz
35,2021-05-06 11:24:20.699496,can_tapper16,2021-05-06 11:23:20.699496,2021-05-06 11:26:20.699496,13.925,59.925237,119.936363,166.334161,2160,359,453,//qar7000185/GP0_UPLOAD/BOXER/CYLOM\KZ-04-75_CP-11\20220117\can_Tapper16-05-06-11-07-40.pcap.gz
36,2021-05-06 11:28:05.410672,can_tapper16,2021-05-06 11:27:05.410672,2021-05-06 11:30:05.410672,13.9,59.819763,119.970236,224.711176,2158,352,338,//qar7000185/GP0_UPLOAD/BOXER/CYLOM\KZ-04-75_CP-11\20220117\can_Tapper16-05-06-11-07-40.pcap.gz
37,2021-05-06 11:46:12.777480,can_tapper16,2021-05-06 11:45:12.777480,2021-05-06 11:48:12.777480,13.655000000000001,59.990973,119.939778,1087.366808,2160,368,353,//qar7000185/GP0_UPLOAD/BOXER/CYLOM\KZ-04-75_CP-11\20220117\can_Tapper16-05-06-11-07-40.pcap.gz
38,2021-05-06 12:10:01.097901,can_tapper16,2021-05-06 12:09:01.097901,2021-05-06 12:12:01.097901,13.73,59.977757,119.840952,1428.320421,2159,398,334,//qar7000185/GP0_UPLOAD/BOXER/CYLOM\KZ-04-75_CP-11\20220117\can_Tapper16-05-06-12-07-40.pcap.gz
39,2021-05-17 09:24:16.975151,can_tapper16,2021-05-17 09:23:16.975151,2021-05-17 09:26:16.975151,7.433333333333333,17.711083,119.885255,940455.87725,1653,347,326,//qar7000185/GP0_UPLOAD/BOXER/CYLOM\KZ-04-75_CP-11\20220117\can_Tapper16-05-17-09-23-59.pcap.gz
40,2021-05-17 09:27:54.922387,can_tapper16,2021-05-17 09:26:54.922387,2021-05-17 09:29:54.922387,7.45,59.812583,119.968383,217.947236,1536,309,241,//qar7000185/GP0_UPLOAD/BOXER/CYLOM\KZ-04-75_CP-11\20220117\can_Tapper16-05-17-09-27-53.pcap.gz
41,2021-05-18 08:49:16.223672,can_tapper16,2021-05-18 08:48:16.223672,2021-05-18 08:51:16.223672,14.075,14.146829,119.985271,84081.301285,1611,289,288,//qar7000185/GP0_UPLOAD/BOXER/CYLOM\KZ-04-75_CP-11\20220117\can_Tapper16-05-18-08-49-01.pcap.gz
42,2021-05-19 10:10:42.829254,can_tapper16,2021-05-19 10:09:42.829254,2021-05-19 10:12:42.829254,11.758333333333333,12.761602,119.860401,91286.605582,1593,305,395,//qar7000185/GP0_UPLOAD/BOXER/CYLOM\KZ-04-75_CP-11\20220117\can_Tapper16-05-19-10-10-29.pcap.gz
43,2021-05-19 11:00:06.652823,can_tapper16,2021-05-19 10:59:06.652823,2021-05-19 11:02:06.652823,12.75,46.325506,119.999487,2963.823569,1997,331,573,//qar7000185/GP0_UPLOAD/BOXER/CYLOM\KZ-04-75_CP-11\20220117\can_Tapper16-05-19-10-59-20.pcap.gz
44,2021-07-07 15:08:29.828176,can_tapper16,2021-07-07 15:07:29.828176,2021-07-07 15:10:29.828176,19.75,12.259536,119.843939,4248503.175353,1587,310,379,//qar7000185/GP0_UPLOAD/BOXER/CYLOM\KZ-04-75_CP-11\20220117\can_Tapper16-07-07-15-08-17.pcap.gz
45,2021-07-08 08:58:22.484070,can_tapper16,2021-07-08 08:57:22.484070,2021-07-08 09:00:22.484070,20.45,59.885405,119.857716,64192.655894,1767,238,404,//qar7000185/GP0_UPLOAD/BOXER/CYLOM\KZ-04-75_CP-11\20220117\can_Tapper16-07-08-08-56-36.pcap.gz
46,2021-07-08 09:00:08.293659,can_tapper16,2021-07-08 08:59:08.293659,2021-07-08 09:02:08.293659,20.39166666666667,39.000354,119.923704,105.809589,1908,363,495,//qar7000185/GP0_UPLOAD/BOXER/CYLOM\KZ-04-75_CP-11\20220117\can_Tapper16-07-08-08-59-29.pcap.gz
47,2021-07-08 09:27:52.324153,can_tapper16,2021-07-08 09:26:52.324153,2021-07-08 09:29:52.324153,23.25,59.954001,119.917195,1664.030494,1554,267,387,//qar7000185/GP0_UPLOAD/BOXER/CYLOM\KZ-04-75_CP-11\20220117\can_Tapper16-07-08-09-27-44.pcap.gz
48,2021-07-08 10:36:59.561821,can_tapper16,2021-07-08 10:35:59.561821,2021-07-08 10:38:59.561821,17.85,4.550069,103.030701,4147.237668,1293,240,257,//qar7000185/GP0_UPLOAD/BOXER/CYLOM\KZ-04-75_CP-11\20220117\can_Tapper16-07-08-10-36-54.pcap.gz
49,2021-07-08 10:38:36.000361,can_tapper16,2021-07-08 10:37:36.000361,2021-07-08 10:40:36.000361,20.066666666666666,59.961534,6.592161,96.43854,801,135,165,//qar7000185/GP0_UPLOAD/BOXER/CYLOM\KZ-04-75_CP-11\20220117\can_Tapper16-07-08-10-36-54.pcap.gz
50,2021-08-31 08:13:43.822139,can_tapper16,2021-08-31 08:12:43.822139,2021-08-31 08:15:43.822139,18.975,20.507635,98.066644,4656907.821778,1424,275,193,//qar7000185/GP0_UPLOAD/BOXER/CYLOM\KZ-04-75_CP-11\20220117\can_Tapper16-08-31-08-13-23.pcap.gz
51,2021-08-31 08:15:48.999792,can_tapper16,2021-08-31 08:14:48.999792,2021-08-31 08:17:48.999792,,59.903813,119.956849,125.177653,1856,361,269,//qar7000185/GP0_UPLOAD/BOXER/CYLOM\KZ-04-75_CP-11\20220117\can_Tapper16-08-31-08-15-47.pcap.gz
52,2021-08-31 09:44:08.532302,can_tapper16,2021-08-31 09:43:08.532302,2021-08-31 09:46:08.532302,18.4,11.444491,79.650848,5299.53251,1095,219,356,//qar7000185/GP0_UPLOAD/BOXER/CYLOM\KZ-04-75_CP-11\20220117\can_Tapper16-08-31-09-43-56.pcap.gz
53,2021-08-31 13:19:40.519487,can_tapper16,2021-08-31 13:18:40.519487,2021-08-31 13:21:40.519487,20.125,3.203774,119.916351,12931.987185,1479,285,239,//qar7000185/GP0_UPLOAD/BOXER/CYLOM\KZ-04-75_CP-11\20220117\can_Tapper16-08-31-13-19-37.pcap.gz
54,2021-09-13 09:23:44.886631,can_tapper16,2021-09-13 09:22:44.886631,2021-09-13 09:25:44.886631,19.98333333333333,59.988957,119.919075,1109044.367144,2159,380,518,//qar7000185/GP0_UPLOAD/BOXER/CYLOM\KZ-04-75_CP-11\20220117\can_Tapper16-09-13-09-19-31.pcap.gz
55,2021-09-13 09:25:23.846981,can_tapper16,2021-09-13 09:24:23.846981,2021-09-13 09:27:23.846981,20.01666666666667,59.925774,119.970525,98.96035,2159,380,479,//qar7000185/GP0_UPLOAD/BOXER/CYLOM\KZ-04-75_CP-11\20220117\can_Tapper16-09-13-09-19-31.pcap.gz
56,2021-09-13 11:46:03.727857,can_tapper16,2021-09-13 11:45:03.727857,2021-09-13 11:48:03.727857,19.4,42.657843,119.961479,8439.880876,1953,360,468,//qar7000185/GP0_UPLOAD/BOXER/CYLOM\KZ-04-75_CP-11\20220117\can_Tapper16-09-13-11-45-20.pcap.gz
57,2021-09-14 09:04:28.194984,can_tapper16,2021-09-14 09:03:28.194984,2021-09-14 09:06:28.194984,15.433333333333332,59.936428,119.877127,76704.467127,2158,417,430,//qar7000185/GP0_UPLOAD/BOXER/CYLOM\KZ-04-75_CP-11\20220117\can_Tapper16-09-14-08-51-00.pcap.gz
58,2021-09-14 11:38:22.938409,can_tapper16,2021-09-14 11:37:22.938409,2021-09-14 11:40:22.938409,16.80833333333333,33.625914,119.99199,9234.743425,1845,343,367,//qar7000185/GP0_UPLOAD/BOXER/CYLOM\KZ-04-75_CP-11\20220117\can_Tapper16-09-14-11-37-49.pcap.gz
59,2021-09-16 09:47:30.979513,can_tapper16,2021-09-16 09:46:30.979513,2021-09-16 09:49:30.979513,21.98,59.889338,119.9035,166148.041104,1646,292,230,//qar7000185/GP0_UPLOAD/BOXER/CYLOM\KZ-04-75_CP-11\20220117\can_Tapper16-09-16-09-46-24.pcap.gz
60,2021-09-16 13:22:00.174366,can_tapper16,2021-09-16 13:21:00.174366,2021-09-16 13:24:00.174366,,15.411578,119.932229,12869.194853,1302,250,248,//qar7000185/GP0_UPLOAD/BOXER/CYLOM\KZ-04-75_CP-11\20220117\can_Tapper16-09-16-13-21-44.pcap.gz
61,2021-09-16 13:23:29.806945,can_tapper16,2021-09-16 13:22:29.806945,2021-09-16 13:25:29.806945,28.75,59.994352,119.85409,89.632579,1834,363,383,//qar7000185/GP0_UPLOAD/BOXER/CYLOM\KZ-04-75_CP-11\20220117\can_Tapper16-09-16-13-23-21.pcap.gz
62,2021-09-24 08:58:50.731242,can_tapper16,2021-09-24 08:57:50.731242,2021-09-24 09:00:50.731242,,0.906456,119.956296,675320.924297,1452,275,294,//qar7000185/GP0_UPLOAD/BOXER/CYLOM\KZ-04-75_CP-11\20220117\can_Tapper16-09-24-08-58-49.pcap.gz
63,2021-09-24 10:51:52.236986,can_tapper16,2021-09-24 10:50:52.236986,2021-09-24 10:53:52.236986,17.525,22.922126,119.828464,6781.505744,1287,259,207,//qar7000185/GP0_UPLOAD/BOXER/CYLOM\KZ-04-75_CP-11\20220117\can_Tapper16-09-24-10-51-29.pcap.gz
64,2021-09-24 10:53:24.972583,can_tapper16,2021-09-24 10:52:24.972583,2021-09-24 10:55:24.972583,17.575,59.868474,119.90004,92.735597,1731,363,386,//qar7000185/GP0_UPLOAD/BOXER/CYLOM\KZ-04-75_CP-11\20220117\can_Tapper16-09-24-10-53-23.pcap.gz
65,2021-09-27 11:36:02.542455,can_tapper16,2021-09-27 11:35:02.542455,2021-09-27 11:38:02.542455,15.525,59.999574,119.87165,261757.569872,2160,270,298,//qar7000185/GP0_UPLOAD/BOXER/CYLOM\KZ-04-75_CP-11\20220117\can_Tapper16-09-27-10-45-44.pcap.gz
66,2021-10-04 08:04:32.204257,can_tapper16,2021-10-04 08:03:32.204257,2021-10-04 08:06:32.204257,7.8,19.885032,119.982774,592109.661802,1680,363,526,//qar7000185/GP0_UPLOAD/BOXER/CYLOM\KZ-04-75_CP-11\20220117\can_Tapper16-10-04-08-04-12.pcap.gz
67,2022-03-07 10:34:56.720991,can_tapper16,2022-03-07 10:33:56.720991,2022-03-07 10:36:56.720991,-0.1,46.91418,0.3734,13314624.516734,570,61,82,//qar7000185/GP0_UPLOAD/BOXER/CYLOM\KZ-04-75_CP-11\20221011\can_Tapper16-03-07-10-34-09.pcap.gz
68,2022-03-07 13:15:12.689207,can_tapper16,2022-03-07 13:14:12.689207,2022-03-07 13:17:12.689207,,7.161704,4.608935,9615.968216,91,8,16,//qar7000185/GP0_UPLOAD/BOXER/CYLOM\KZ-04-75_CP-11\20221011\can_Tapper16-03-07-13-15-05.pcap.gz
69,2022-03-10 13:57:21.003021,can_tapper16,2022-03-10 13:56:21.003021,2022-03-10 13:59:21.003021,8.7,40.972868,119.797257,261728.313814,1410,256,88,//qar7000185/GP0_UPLOAD/BOXER/CYLOM\KZ-04-75_CP-11\20221011\can_Tapper16-03-10-13-56-39.pcap.gz
70,2022-03-10 13:59:21.296378,can_tapper16,2022-03-10 13:58:21.296378,2022-03-10 14:01:21.296378,,24.26998,119.77119,120.293357,1058,201,150,//qar7000185/GP0_UPLOAD/BOXER/CYLOM\KZ-04-75_CP-11\20221011\can_Tapper16-03-10-13-58-56.pcap.gz
71,2022-03-10 14:00:52.296176,can_tapper16,2022-03-10 13:59:52.296176,2022-03-10 14:02:52.296176,7.65,6.012602,119.863765,90.999798,1512,333,229,//qar7000185/GP0_UPLOAD/BOXER/CYLOM\KZ-04-75_CP-11\20221011\can_Tapper16-03-10-14-00-46.pcap.gz
72,2022-03-10 15:20:44.778304,can_tapper16,2022-03-10 15:19:44.778304,2022-03-10 15:22:44.778304,9.05,59.972874,119.849051,4792.482128,2158,539,413,//qar7000185/GP0_UPLOAD/BOXER/CYLOM\KZ-04-75_CP-11\20221011\can_Tapper16-03-10-15-00-46.pcap.gz
73,2022-04-21 09:26:14.075542,can_tapper16,2022-04-21 09:25:14.075542,2022-04-21 09:28:14.075542,18.004761904761903,19.561711,119.995296,3607529.297238,1675,328,414,//qar7000185/GP0_UPLOAD/BOXER/CYLOM\KZ-04-75_CP-11\20221011\can_Tapper16-04-21-09-25-54.pcap.gz
74,2022-04-21 11:10:37.263048,can_tapper16,2022-04-21 11:09:37.263048,2022-04-21 11:12:37.263048,17.6,19.244886,60.826199,6263.187506,963,191,153,//qar7000185/GP0_UPLOAD/BOXER/CYLOM\KZ-04-75_CP-11\20221011\can_Tapper16-04-21-11-10-17.pcap.gz
75,2022-04-21 16:09:28.721276,can_tapper16,2022-04-21 16:08:28.721276,2022-04-21 16:11:28.721276,20.3,10.260568,119.852208,17931.458228,1563,305,328,//qar7000185/GP0_UPLOAD/BOXER/CYLOM\KZ-04-75_CP-11\20221011\can_Tapper16-04-21-16-09-18.pcap.gz
76,2022-05-16 09:09:27.219936,can_tapper16,2022-05-16 09:08:27.219936,2022-05-16 09:11:27.219936,17.45,13.012736,119.846041,2134798.49866,1596,333,292,//qar7000185/GP0_UPLOAD/BOXER/CYLOM\KZ-04-75_CP-11\20221011\can_Tapper16-05-16-09-09-14.pcap.gz
77,2022-05-17 08:19:46.939291,can_tapper16,2022-05-17 08:18:46.939291,2022-05-17 08:21:46.939291,22.275,50.065629,119.787195,83419.719355,2040,337,350,//qar7000185/GP0_UPLOAD/BOXER/CYLOM\KZ-04-75_CP-11\20221011\can_Tapper16-05-17-08-18-56.pcap.gz
78,2022-05-17 08:38:40.216007,can_tapper16,2022-05-17 08:37:40.216007,2022-05-17 08:40:40.216007,22.271428571428572,59.896445,119.994727,1133.276716,2160,378,383,//qar7000185/GP0_UPLOAD/BOXER/CYLOM\KZ-04-75_CP-11\20221011\can_Tapper16-05-17-08-18-56.pcap.gz
79,2022-05-17 11:22:19.132873,can_tapper16,2022-05-17 11:21:19.132873,2022-05-17 11:24:19.132873,18.8,21.668875,119.869644,9818.916866,1701,293,276,//qar7000185/GP0_UPLOAD/BOXER/CYLOM\KZ-04-75_CP-11\20221011\can_Tapper16-05-17-11-21-57.pcap.gz
80,2022-05-17 11:24:34.044773,can_tapper16,2022-05-17 11:23:34.044773,2022-05-17 11:26:34.044773,21.9,59.804497,119.997549,134.9119,2159,407,557,//qar7000185/GP0_UPLOAD/BOXER/CYLOM\KZ-04-75_CP-11\20221011\can_Tapper16-05-17-11-21-57.pcap.gz
81,2022-05-17 11:36:58.392520,can_tapper16,2022-05-17 11:35:58.392520,2022-05-17 11:38:58.392520,,59.915855,14.147925,744.347747,891,66,57,//qar7000185/GP0_UPLOAD/BOXER/CYLOM\KZ-04-75_CP-11\20221011\can_Tapper16-05-17-11-21-57.pcap.gz
82,2022-05-17 13:50:58.410762,can_tapper16,2022-05-17 13:49:58.410762,2022-05-17 13:52:58.410762,21.6875,21.698419,119.873974,8040.018242,1701,349,614,//qar7000185/GP0_UPLOAD/BOXER/CYLOM\KZ-04-75_CP-11\20221011\can_Tapper16-05-17-13-50-36.pcap.gz
83,2022-05-17 14:38:38.994352,can_tapper16,2022-05-17 14:37:38.994352,2022-05-17 14:40:38.994352,21.708333333333332,28.547519,119.998861,2860.58359,1785,349,569,//qar7000185/GP0_UPLOAD/BOXER/CYLOM\KZ-04-75_CP-11\20221011\can_Tapper16-05-17-14-38-10.pcap.gz
84,2022-05-17 15:15:02.051905,can_tapper16,2022-05-17 15:14:02.051905,2022-05-17 15:17:02.051905,21.675,59.939818,119.946004,2183.057553,2160,346,506,//qar7000185/GP0_UPLOAD/BOXER/CYLOM\KZ-04-75_CP-11\20221011\can_Tapper16-05-17-14-38-10.pcap.gz
85,2022-05-17 15:19:28.721360,can_tapper16,2022-05-17 15:18:28.721360,2022-05-17 15:21:28.721360,21.7,59.9556,119.99305,266.669455,2159,270,520,//qar7000185/GP0_UPLOAD/BOXER/CYLOM\KZ-04-75_CP-11\20221011\can_Tapper16-05-17-14-38-10.pcap.gz
86,2022-05-17 15:22:31.464513,can_tapper16,2022-05-17 15:21:31.464513,2022-05-17 15:24:31.464513,18.6,59.998728,119.875001,182.743153,2160,149,339,//qar7000185/GP0_UPLOAD/BOXER/CYLOM\KZ-04-75_CP-11\20221011\can_Tapper16-05-17-14-38-10.pcap.gz
87,2022-05-17 15:25:14.000243,can_tapper16,2022-05-17 15:24:14.000243,2022-05-17 15:27:14.000243,21.78333333333333,59.989715,119.885798,162.53573,2160,180,480,//qar7000185/GP0_UPLOAD/BOXER/CYLOM\KZ-04-75_CP-11\20221011\can_Tapper16-05-17-14-38-10.pcap.gz
88,2022-05-17 15:29:19.820908,can_tapper16,2022-05-17 15:28:19.820908,2022-05-17 15:31:19.820908,21.816666666666666,59.98455,119.892975,245.820665,2159,273,481,//qar7000185/GP0_UPLOAD/BOXER/CYLOM\KZ-04-75_CP-11\20221011\can_Tapper16-05-17-14-38-10.pcap.gz
89,2022-05-17 15:36:31.474706,can_tapper16,2022-05-17 15:35:31.474706,2022-05-17 15:38:31.474706,21.85,59.989799,119.985845,431.653798,2160,239,294,//qar7000185/GP0_UPLOAD/BOXER/CYLOM\KZ-04-75_CP-11\20221011\can_Tapper16-05-17-14-38-10.pcap.gz
90,2022-05-17 15:45:26.342691,can_tapper16,2022-05-17 15:44:26.342691,2022-05-17 15:47:26.342691,21.990000000000002,59.999736,119.979464,534.867985,2159,339,552,//qar7000185/GP0_UPLOAD/BOXER/CYLOM\KZ-04-75_CP-11\20221011\can_Tapper16-05-17-15-38-10.pcap.gz
91,2022-05-17 16:09:47.230299,can_tapper16,2022-05-17 16:08:47.230299,2022-05-17 16:11:47.230299,25.15,59.952148,89.203451,1460.887608,1790,330,334,//qar7000185/GP0_UPLOAD/BOXER/CYLOM\KZ-04-75_CP-11\20221011\can_Tapper16-05-17-15-38-10.pcap.gz
92,2022-05-18 07:27:45.529891,can_tapper16,2022-05-18 07:26:45.529891,2022-05-18 07:29:45.529891,21.05,17.664636,119.893243,55078.299592,1653,234,390,//qar7000185/GP0_UPLOAD/BOXER/CYLOM\KZ-04-75_CP-11\20221011\can_Tapper16-05-18-07-27-27.pcap.gz
93,2022-05-18 07:40:33.208457,can_tapper16,2022-05-18 07:39:33.208457,2022-05-18 07:42:33.208457,21.075,59.778725,119.988305,767.678566,2158,219,461,//qar7000185/GP0_UPLOAD/BOXER/CYLOM\KZ-04-75_CP-11\20221011\can_Tapper16-05-18-07-27-27.pcap.gz
94,2022-05-18 07:44:39.661081,can_tapper16,2022-05-18 07:43:39.661081,2022-05-18 07:46:39.661081,21.05,59.959849,119.888125,246.452624,2160,225,576,//qar7000185/GP0_UPLOAD/BOXER/CYLOM\KZ-04-75_CP-11\20221011\can_Tapper16-05-18-07-27-27.pcap.gz
95,2022-05-18 07:49:56.204178,can_tapper16,2022-05-18 07:48:56.204178,2022-05-18 07:51:56.204178,21.125,59.96773,119.920027,316.543097,2160,205,393,//qar7000185/GP0_UPLOAD/BOXER/CYLOM\KZ-04-75_CP-11\20221011\can_Tapper16-05-18-07-27-27.pcap.gz
96,2022-05-18 08:12:18.739725,can_tapper16,2022-05-18 08:11:18.739725,2022-05-18 08:14:18.739725,21.175,59.897676,119.986751,1342.535547,2160,371,231,//qar7000185/GP0_UPLOAD/BOXER/CYLOM\KZ-04-75_CP-11\20221011\can_Tapper16-05-18-07-27-27.pcap.gz
97,2022-05-18 08:21:08.790073,can_tapper16,2022-05-18 08:20:08.790073,2022-05-18 08:23:08.790073,21.15,59.887676,119.954523,530.050348,2159,230,370,//qar7000185/GP0_UPLOAD/BOXER/CYLOM\KZ-04-75_CP-11\20221011\can_Tapper16-05-18-07-27-27.pcap.gz
98,2022-05-18 08:25:33.530847,can_tapper16,2022-05-18 08:24:33.530847,2022-05-18 08:27:33.530847,21.166666666666668,59.9843,119.974599,264.740774,2159,199,356,//qar7000185/GP0_UPLOAD/BOXER/CYLOM\KZ-04-75_CP-11\20221011\can_Tapper16-05-18-07-27-27.pcap.gz
99,2022-05-18 08:27:48.042546,can_tapper16,2022-05-18 08:26:48.042546,2022-05-18 08:29:48.042546,21.225,59.941651,119.866298,134.511699,2158,279,491,//qar7000185/GP0_UPLOAD/BOXER/CYLOM\KZ-04-75_CP-11\20221011\can_Tapper16-05-18-08-27-28.pcap.gz
100,2022-05-18 08:33:54.186120,can_tapper16,2022-05-18 08:32:54.186120,2022-05-18 08:35:54.186120,21.235,59.997751,119.985048,366.143574,2160,234,367,//qar7000185/GP0_UPLOAD/BOXER/CYLOM\KZ-04-75_CP-11\20221011\can_Tapper16-05-18-08-27-28.pcap.gz
101,2022-05-18 08:38:32.260737,can_tapper16,2022-05-18 08:37:32.260737,2022-05-18 08:40:32.260737,21.325,59.984819,119.830705,278.074617,2158,331,457,//qar7000185/GP0_UPLOAD/BOXER/CYLOM\KZ-04-75_CP-11\20221011\can_Tapper16-05-18-08-27-28.pcap.gz
102,2022-05-18 08:44:11.721416,can_tapper16,2022-05-18 08:43:11.721416,2022-05-18 08:46:11.721416,21.35,59.888547,119.952896,339.460679,2158,327,409,//qar7000185/GP0_UPLOAD/BOXER/CYLOM\KZ-04-75_CP-11\20221011\can_Tapper16-05-18-08-27-28.pcap.gz
103,2022-05-18 09:42:53.824182,can_tapper16,2022-05-18 09:41:53.824182,2022-05-18 09:44:53.824182,21.525,59.927627,119.926722,3522.102766,2158,339,502,//qar7000185/GP0_UPLOAD/BOXER/CYLOM\KZ-04-75_CP-11\20221011\can_Tapper16-05-18-09-27-28.pcap.gz
104,2022-05-18 10:17:09.316196,can_tapper16,2022-05-18 10:16:09.316196,2022-05-18 10:19:09.316196,21.7,59.980324,119.987175,2055.492014,2159,333,480,//qar7000185/GP0_UPLOAD/BOXER/CYLOM\KZ-04-75_CP-11\20221011\can_Tapper16-05-18-09-27-28.pcap.gz
105,2022-05-20 12:53:53.685078,can_tapper16,2022-05-20 12:52:53.685078,2022-05-20 12:55:53.685078,23.0,22.768292,119.787133,182204.368882,1713,352,447,//qar7000185/GP0_UPLOAD/BOXER/CYLOM\KZ-04-75_CP-11\20221011\can_Tapper16-05-20-12-53-30.pcap.gz
106,2022-05-20 13:02:38.271879,can_tapper16,2022-05-20 13:01:38.271879,2022-05-20 13:04:38.271879,20.325,59.787679,119.996429,524.586801,2158,330,457,//qar7000185/GP0_UPLOAD/BOXER/CYLOM\KZ-04-75_CP-11\20221011\can_Tapper16-05-20-12-53-30.pcap.gz
107,2022-05-20 13:11:32.140181,can_tapper16,2022-05-20 13:10:32.140181,2022-05-20 13:13:32.140181,20.416666666666668,59.855921,119.978101,533.868302,2160,451,489,//qar7000185/GP0_UPLOAD/BOXER/CYLOM\KZ-04-75_CP-11\20221011\can_Tapper16-05-20-12-53-30.pcap.gz
108,2022-05-20 13:51:31.526307,can_tapper16,2022-05-20 13:50:31.526307,2022-05-20 13:53:31.526307,20.64166666666667,15.902374,119.902279,2399.386126,1632,352,390,//qar7000185/GP0_UPLOAD/BOXER/CYLOM\KZ-04-75_CP-11\20221011\can_Tapper16-05-20-13-51-15.pcap.gz
109,2022-05-20 14:40:32.898654,can_tapper16,2022-05-20 14:39:32.898654,2022-05-20 14:42:32.898654,20.73333333333333,22.453332,119.839079,2941.372347,1710,365,436,//qar7000185/GP0_UPLOAD/BOXER/CYLOM\KZ-04-75_CP-11\20221011\can_Tapper16-05-20-14-40-10.pcap.gz
110,2022-05-23 07:30:31.022428,can_tapper16,2022-05-23 07:29:31.022428,2022-05-23 07:32:31.022428,20.325,21.56792,119.768607,233398.123774,1698,346,536,//qar7000185/GP0_UPLOAD/BOXER/CYLOM\KZ-04-75_CP-11\20221011\can_Tapper16-05-23-07-30-09.pcap.gz
111,2022-06-07 11:04:42.398817,can_tapper16,2022-06-07 11:03:42.398817,2022-06-07 11:06:42.398817,21.65,23.450893,119.841256,1308851.376389,1722,317,218,//qar7000185/GP0_UPLOAD/BOXER/CYLOM\KZ-04-75_CP-11\20221011\can_Tapper16-06-07-11-04-18.pcap.gz
112,2022-06-08 10:26:18.100560,can_tapper16,2022-06-08 10:25:18.100560,2022-06-08 10:28:18.100560,19.1,6.653715,119.941191,84095.701743,1521,307,347,//qar7000185/GP0_UPLOAD/BOXER/CYLOM\KZ-04-75_CP-11\20221011\can_Tapper16-06-08-10-26-11.pcap.gz
113,2022-06-08 11:14:47.583287,can_tapper16,2022-06-08 11:13:47.583287,2022-06-08 11:16:47.583287,19.05833333333333,59.990174,119.83565,2909.482727,2158,376,305,//qar7000185/GP0_UPLOAD/BOXER/CYLOM\KZ-04-75_CP-11\20221011\can_Tapper16-06-08-10-26-11.pcap.gz
114,2022-06-08 14:38:50.276852,can_tapper16,2022-06-08 14:37:50.276852,2022-06-08 14:40:50.276852,19.458333333333332,37.835911,119.775604,12242.693565,1893,313,474,//qar7000185/GP0_UPLOAD/BOXER/CYLOM\KZ-04-75_CP-11\20221011\can_Tapper16-06-08-14-38-12.pcap.gz
115,2022-06-08 14:49:50.360838,can_tapper16,2022-06-08 14:48:50.360838,2022-06-08 14:51:50.360838,19.416666666666668,59.847381,119.956663,660.083986,2158,292,362,//qar7000185/GP0_UPLOAD/BOXER/CYLOM\KZ-04-75_CP-11\20221011\can_Tapper16-06-08-14-43-04.pcap.gz
116,2022-06-08 16:11:29.251289,can_tapper16,2022-06-08 16:10:29.251289,2022-06-08 16:13:29.251289,19.15,59.894819,39.177486,4898.890451,1189,224,183,//qar7000185/GP0_UPLOAD/BOXER/CYLOM\KZ-04-75_CP-11\20221011\can_Tapper16-06-08-15-43-04.pcap.gz
117,2022-06-09 07:24:59.047731,can_tapper16,2022-06-09 07:23:59.047731,2022-06-09 07:26:59.047731,18.866666666666667,59.890545,76.726064,54809.796442,1641,240,423,//qar7000185/GP0_UPLOAD/BOXER/CYLOM\KZ-04-75_CP-11\20221011\can_Tapper16-06-09-07-23-48.pcap.gz
118,2022-06-09 07:42:16.223985,can_tapper16,2022-06-09 07:41:16.223985,2022-06-09 07:44:16.223985,,8.270668,119.859181,1037.176254,1539,259,357,//qar7000185/GP0_UPLOAD/BOXER/CYLOM\KZ-04-75_CP-11\20221011\can_Tapper16-06-09-07-42-07.pcap.gz
119,2022-06-09 07:55:18.284681,can_tapper16,2022-06-09 07:54:18.284681,2022-06-09 07:57:18.284681,19.041666666666668,59.865291,119.974782,782.060696,2158,426,505,//qar7000185/GP0_UPLOAD/BOXER/CYLOM\KZ-04-75_CP-11\20221011\can_Tapper16-06-09-07-42-07.pcap.gz
120,2022-06-09 07:56:09.816866,can_tapper16,2022-06-09 07:55:09.816866,2022-06-09 07:58:09.816866,19.008333333333333,59.879307,119.989913,51.532185,2158,433,607,//qar7000185/GP0_UPLOAD/BOXER/CYLOM\KZ-04-75_CP-11\20221011\can_Tapper16-06-09-07-42-07.pcap.gz
121,2022-06-09 08:23:05.451973,can_tapper16,2022-06-09 08:22:05.451973,2022-06-09 08:25:05.451973,19.775,59.980891,119.982301,1615.635107,2160,406,522,//qar7000185/GP0_UPLOAD/BOXER/CYLOM\KZ-04-75_CP-11\20221011\can_Tapper16-06-09-07-42-07.pcap.gz
122,2022-06-09 08:24:37.201831,can_tapper16,2022-06-09 08:23:37.201831,2022-06-09 08:26:37.201831,19.708333333333332,59.928949,119.910312,91.749858,2120,384,350,//qar7000185/GP0_UPLOAD/BOXER/CYLOM\KZ-04-75_CP-11\20221011\can_Tapper16-06-09-07-42-07.pcap.gz
123,2022-06-09 08:36:28.117354,can_tapper16,2022-06-09 08:35:28.117354,2022-06-09 08:38:28.117354,20.05,59.896474,119.764018,710.915523,1745,253,261,//qar7000185/GP0_UPLOAD/BOXER/CYLOM\KZ-04-75_CP-11\20221011\can_Tapper16-06-09-07-42-07.pcap.gz
124,2022-06-09 08:39:34.614660,can_tapper16,2022-06-09 08:38:34.614660,2022-06-09 08:41:34.614660,20.125,59.989131,119.94695,186.497306,2160,360,384,//qar7000185/GP0_UPLOAD/BOXER/CYLOM\KZ-04-75_CP-11\20221011\can_Tapper16-06-09-08-38-18.pcap.gz
125,2022-06-09 13:44:31.064890,can_tapper16,2022-06-09 13:43:31.064890,2022-06-09 13:46:31.064890,21.60833333333333,20.840173,119.9896,18296.45023,1690,302,340,//qar7000185/GP0_UPLOAD/BOXER/CYLOM\KZ-04-75_CP-11\20221011\can_Tapper16-06-09-13-44-10.pcap.gz
126,2022-06-09 13:48:32.934014,can_tapper16,2022-06-09 13:47:32.934014,2022-06-09 13:50:32.934014,21.55,59.861059,119.842097,241.869124,2157,411,584,//qar7000185/GP0_UPLOAD/BOXER/CYLOM\KZ-04-75_CP-11\20221011\can_Tapper16-06-09-13-44-10.pcap.gz
127,2022-06-09 13:49:30.982206,can_tapper16,2022-06-09 13:48:30.982206,2022-06-09 13:51:30.982206,21.616666666666667,59.874018,119.823106,58.048192,2157,413,604,//qar7000185/GP0_UPLOAD/BOXER/CYLOM\KZ-04-75_CP-11\20221011\can_Tapper16-06-09-13-44-10.pcap.gz
128,2022-06-09 15:56:17.588804,can_tapper16,2022-06-09 15:55:17.588804,2022-06-09 15:58:17.588804,22.9,7.643788,119.950168,7606.606598,1533,303,351,//qar7000185/GP0_UPLOAD/BOXER/CYLOM\KZ-04-75_CP-11\20221011\can_Tapper16-06-09-15-56-09.pcap.gz
129,2022-06-13 07:32:48.598518,can_tapper16,2022-06-13 07:31:48.598518,2022-06-13 07:34:48.598518,20.991666666666667,7.644905,119.981174,315391.009714,1533,312,323,//qar7000185/GP0_UPLOAD/BOXER/CYLOM\KZ-04-75_CP-11\20221011\can_Tapper16-06-13-07-32-40.pcap.gz
130,2022-06-13 08:58:54.436410,can_tapper16,2022-06-13 08:57:54.436410,2022-06-13 09:00:54.436410,20.6,30.046701,119.85028,5165.837892,1800,313,270,//qar7000185/GP0_UPLOAD/BOXER/CYLOM\KZ-04-75_CP-11\20221011\can_Tapper16-06-13-08-58-24.pcap.gz
131,2022-06-13 10:04:10.183224,can_tapper16,2022-06-13 10:03:10.183224,2022-06-13 10:06:10.183224,22.125,59.993049,119.941276,3915.746814,2160,343,582,//qar7000185/GP0_UPLOAD/BOXER/CYLOM\KZ-04-75_CP-11\20221011\can_Tapper16-06-13-09-58-24.pcap.gz
132,2022-06-13 10:06:28.942548,can_tapper16,2022-06-13 10:05:28.942548,2022-06-13 10:08:28.942548,22.25,59.937275,119.966725,138.759324,2159,385,547,//qar7000185/GP0_UPLOAD/BOXER/CYLOM\KZ-04-75_CP-11\20221011\can_Tapper16-06-13-09-58-24.pcap.gz
133,2022-06-13 10:29:59.881695,can_tapper16,2022-06-13 10:28:59.881695,2022-06-13 10:31:59.881695,22.633333333333333,59.903526,119.949723,1410.939147,2158,320,459,//qar7000185/GP0_UPLOAD/BOXER/CYLOM\KZ-04-75_CP-11\20221011\can_Tapper16-06-13-09-58-24.pcap.gz
134,2022-06-13 12:02:24.900481,can_tapper16,2022-06-13 12:01:24.900481,2022-06-13 12:04:24.900481,20.333333333333336,34.206674,119.931444,5545.018786,1851,335,450,//qar7000185/GP0_UPLOAD/BOXER/CYLOM\KZ-04-75_CP-11\20221011\can_Tapper16-06-13-12-01-50.pcap.gz
135,2022-06-13 13:50:53.088085,can_tapper16,2022-06-13 13:49:53.088085,2022-06-13 13:52:53.088085,23.375,9.118785,119.78562,6508.187604,1548,245,250,//qar7000185/GP0_UPLOAD/BOXER/CYLOM\KZ-04-75_CP-11\20221011\can_Tapper16-06-13-13-50-43.pcap.gz
136,2022-06-13 15:34:58.681263,can_tapper16,2022-06-13 15:33:58.681263,2022-06-13 15:36:58.681263,23.25,59.9111,119.898243,6245.593178,2158,332,495,//qar7000185/GP0_UPLOAD/BOXER/CYLOM\KZ-04-75_CP-11\20221011\can_Tapper16-06-13-15-11-18.pcap.gz
137,2022-06-24 07:13:31.741227,can_tapper16,2022-06-24 07:12:31.741227,2022-06-24 07:15:31.741227,22.875,6.107616,119.958779,920313.059964,1513,283,476,//qar7000185/GP0_UPLOAD/BOXER/CYLOM\KZ-04-75_CP-11\20221011\can_Tapper16-06-24-07-13-25.pcap.gz
138,2022-06-24 09:43:26.360626,can_tapper16,2022-06-24 09:42:26.360626,2022-06-24 09:45:26.360626,21.475,25.920241,119.928295,8994.619399,1752,323,338,//qar7000185/GP0_UPLOAD/BOXER/CYLOM\KZ-04-75_CP-11\20221011\can_Tapper16-06-24-09-43-00.pcap.gz
139,2022-06-30 08:36:51.721799,can_tapper16,2022-06-30 08:35:51.721799,2022-06-30 08:38:51.721799,20.525,15.006997,119.866267,514405.361173,1620,364,415,//qar7000185/GP0_UPLOAD/BOXER/CYLOM\KZ-04-75_CP-11\20221011\can_Tapper16-06-30-08-36-36.pcap.gz
140,2022-06-30 11:28:53.393104,can_tapper16,2022-06-30 11:27:53.393104,2022-06-30 11:30:53.393104,24.05,53.753365,119.878355,10321.671305,2085,358,452,//qar7000185/GP0_UPLOAD/BOXER/CYLOM\KZ-04-75_CP-11\20221011\can_Tapper16-06-30-11-27-59.pcap.gz
141,2022-06-30 11:38:14.148251,can_tapper16,2022-06-30 11:37:14.148251,2022-06-30 11:40:14.148251,22.025,59.970818,119.898377,560.755147,2160,402,436,//qar7000185/GP0_UPLOAD/BOXER/CYLOM\KZ-04-75_CP-11\20221011\can_Tapper16-06-30-11-27-59.pcap.gz
142,2022-07-04 09:13:58.823952,can_tapper16,2022-07-04 09:12:58.823952,2022-07-04 09:15:58.823952,16.85833333333333,47.87186,111.483403,336944.675701,1914,317,297,//qar7000185/GP0_UPLOAD/BOXER/CYLOM\KZ-04-75_CP-11\20221011\can_Tapper16-07-04-09-13-10.pcap.gz
143,2022-07-04 09:16:28.931524,can_tapper16,2022-07-04 09:15:28.931524,2022-07-04 09:18:28.931524,14.4,59.92258,119.916499,150.107572,1740,338,365,//qar7000185/GP0_UPLOAD/BOXER/CYLOM\KZ-04-75_CP-11\20221011\can_Tapper16-07-04-09-16-25.pcap.gz
144,2022-07-04 09:27:28.414317,can_tapper16,2022-07-04 09:26:28.414317,2022-07-04 09:29:28.414317,16.975,5.195295,37.359989,659.482793,513,113,120,//qar7000185/GP0_UPLOAD/BOXER/CYLOM\KZ-04-75_CP-11\20221011\can_Tapper16-07-04-09-27-22.pcap.gz
145,2022-07-05 08:07:51.707178,can_tapper16,2022-07-05 08:06:51.707178,2022-07-05 08:09:51.707178,15.791666666666668,38.75764,119.861605,81623.292861,1905,331,322,//qar7000185/GP0_UPLOAD/BOXER/CYLOM\KZ-04-75_CP-11\20221011\can_Tapper16-07-05-08-07-12.pcap.gz
146,2022-07-05 09:05:15.069859,can_tapper16,2022-07-05 09:04:15.069859,2022-07-05 09:07:15.069859,16.4,59.938135,119.969462,3443.362681,2160,501,460,//qar7000185/GP0_UPLOAD/BOXER/CYLOM\KZ-04-75_CP-11\20221011\can_Tapper16-07-05-08-07-12.pcap.gz
147,2022-07-05 09:26:51.682746,can_tapper16,2022-07-05 09:25:51.682746,2022-07-05 09:28:51.682746,16.84166666666667,59.975174,119.896126,1296.612887,2159,345,571,//qar7000185/GP0_UPLOAD/BOXER/CYLOM\KZ-04-75_CP-11\20221011\can_Tapper16-07-05-09-07-12.pcap.gz
148,2022-07-05 09:59:23.209989,can_tapper16,2022-07-05 09:58:23.209989,2022-07-05 10:01:23.209989,17.515,59.951798,119.966575,1951.527243,2159,348,479,//qar7000185/GP0_UPLOAD/BOXER/CYLOM\KZ-04-75_CP-11\20221011\can_Tapper16-07-05-09-07-12.pcap.gz
149,2022-07-05 10:15:38.868460,can_tapper16,2022-07-05 10:14:38.868460,2022-07-05 10:17:38.868460,17.925,59.981708,119.958526,975.658471,2159,328,492,//qar7000185/GP0_UPLOAD/BOXER/CYLOM\KZ-04-75_CP-11\20221011\can_Tapper16-07-05-10-07-12.pcap.gz
150,2022-07-05 10:39:17.772336,can_tapper16,2022-07-05 10:38:17.772336,2022-07-05 10:41:17.772336,18.46666666666667,59.881304,119.97329,1418.903876,2158,378,388,//qar7000185/GP0_UPLOAD/BOXER/CYLOM\KZ-04-75_CP-11\20221011\can_Tapper16-07-05-10-07-12.pcap.gz
151,2022-07-06 07:46:27.445454,can_tapper16,2022-07-06 07:45:27.445454,2022-07-06 07:48:27.445454,20.35,2.799258,119.807298,76029.673118,1473,286,391,//qar7000185/GP0_UPLOAD/BOXER/CYLOM\KZ-04-75_CP-11\20221011\can_Tapper16-07-06-07-46-24.pcap.gz
152,2022-07-06 12:51:12.501958,can_tapper16,2022-07-06 12:50:12.501958,2022-07-06 12:53:12.501958,20.7,59.981318,119.991184,18285.056504,2159,401,533,//qar7000185/GP0_UPLOAD/BOXER/CYLOM\KZ-04-75_CP-11\20221011\can_Tapper16-07-06-12-46-24.pcap.gz
153,2022-07-07 07:02:51.334829,can_tapper16,2022-07-07 07:01:51.334829,2022-07-07 07:04:51.334829,,16.373521,119.985707,65498.832871,1638,292,370,//qar7000185/GP0_UPLOAD/BOXER/CYLOM\KZ-04-75_CP-11\20221011\can_Tapper16-07-07-07-02-34.pcap.gz
154,2022-07-07 09:50:05.660662,can_tapper16,2022-07-07 09:49:05.660662,2022-07-07 09:52:05.660662,31.141666666666662,59.977644,119.858456,10034.325833,2158,329,497,//qar7000185/GP0_UPLOAD/BOXER/CYLOM\KZ-04-75_CP-11\20221011\can_Tapper16-07-07-09-02-34.pcap.gz
155,2022-07-07 12:33:34.555756,can_tapper16,2022-07-07 12:32:34.555756,2022-07-07 12:35:34.555756,30.0,59.997726,119.871025,9808.895094,2159,380,443,//qar7000185/GP0_UPLOAD/BOXER/CYLOM\KZ-04-75_CP-11\20221011\can_Tapper16-07-07-12-02-34.pcap.gz
156,2022-07-11 08:14:53.714330,can_tapper16,2022-07-11 08:13:53.714330,2022-07-11 08:16:53.714330,14.533333333333335,2.986837,119.872775,330079.158574,1474,339,325,//qar7000185/GP0_UPLOAD/BOXER/CYLOM\KZ-04-75_CP-11\20221011\can_Tapper16-07-11-08-14-50.pcap.gz
157,2022-07-12 10:02:03.146144,can_tapper16,2022-07-12 10:01:03.146144,2022-07-12 10:04:03.146144,23.68,59.828915,119.798482,92829.431814,2157,394,494,//qar7000185/GP0_UPLOAD/BOXER/CYLOM\KZ-04-75_CP-11\20221011\can_Tapper16-07-12-09-14-50.pcap.gz
158,2022-07-12 10:34:40.935364,can_tapper16,2022-07-12 10:33:40.935364,2022-07-12 10:36:40.935364,21.51666666666667,59.954971,119.954581,1957.78922,2158,334,382,//qar7000185/GP0_UPLOAD/BOXER/CYLOM\KZ-04-75_CP-11\20221011\can_Tapper16-07-12-10-14-50.pcap.gz
159,2022-07-12 12:43:55.932058,can_tapper16,2022-07-12 12:42:55.932058,2022-07-12 12:45:55.932058,23.285,59.97272,119.90966,7754.996694,2159,356,480,//qar7000185/GP0_UPLOAD/BOXER/CYLOM\KZ-04-75_CP-11\20221011\can_Tapper16-07-12-12-14-50.pcap.gz
160,2022-07-12 13:39:12.027225,can_tapper16,2022-07-12 13:38:12.027225,2022-07-12 13:41:12.027225,25.4,59.878006,119.979818,3316.095167,2158,434,560,//qar7000185/GP0_UPLOAD/BOXER/CYLOM\KZ-04-75_CP-11\20221011\can_Tapper16-07-12-13-14-50.pcap.gz
161,2022-07-12 15:09:13.840323,can_tapper16,2022-07-12 15:08:13.840323,2022-07-12 15:11:13.840323,27.74666666666667,59.989568,119.941106,5401.813098,2160,354,119,//qar7000185/GP0_UPLOAD/BOXER/CYLOM\KZ-04-75_CP-11\20221011\can_Tapper16-07-12-14-14-50.pcap.gz
162,2022-07-12 15:37:06.559468,can_tapper16,2022-07-12 15:36:06.559468,2022-07-12 15:39:06.559468,27.96666666666666,59.99407,119.993825,1672.719145,2159,381,469,//qar7000185/GP0_UPLOAD/BOXER/CYLOM\KZ-04-75_CP-11\20221011\can_Tapper16-07-12-15-14-50.pcap.gz
163,2022-07-12 17:07:24.456028,can_tapper16,2022-07-12 17:06:24.456028,2022-07-12 17:09:24.456028,31.2,59.931371,119.896242,5417.89656,2158,400,544,//qar7000185/GP0_UPLOAD/BOXER/CYLOM\KZ-04-75_CP-11\20221011\can_Tapper16-07-12-16-14-50.pcap.gz
164,2022-07-13 08:32:39.005083,can_tapper16,2022-07-13 08:31:39.005083,2022-07-13 08:34:39.005083,28.1,59.866692,119.998023,55514.549055,2159,280,438,//qar7000185/GP0_UPLOAD/BOXER/CYLOM\KZ-04-75_CP-11\20221011\can_Tapper16-07-13-08-14-50.pcap.gz
165,2022-07-13 09:44:28.420524,can_tapper16,2022-07-13 09:43:28.420524,2022-07-13 09:46:28.420524,27.875,59.976749,119.974665,4309.415441,2160,433,546,//qar7000185/GP0_UPLOAD/BOXER/CYLOM\KZ-04-75_CP-11\20221011\can_Tapper16-07-13-09-14-50.pcap.gz
166,2022-07-13 13:56:18.522416,can_tapper16,2022-07-13 13:55:18.522416,2022-07-13 13:58:18.522416,28.55,59.973424,119.940574,15110.101892,2159,380,461,//qar7000185/GP0_UPLOAD/BOXER/CYLOM\KZ-04-75_CP-11\20221011\can_Tapper16-07-13-13-14-50.pcap.gz
167,2022-07-13 14:27:40.376984,can_tapper16,2022-07-13 14:26:40.376984,2022-07-13 14:29:40.376984,30.53333333333334,59.909698,119.976993,1881.854568,2158,360,390,//qar7000185/GP0_UPLOAD/BOXER/CYLOM\KZ-04-75_CP-11\20221011\can_Tapper16-07-13-14-14-50.pcap.gz
168,2022-07-13 15:21:58.791852,can_tapper16,2022-07-13 15:20:58.791852,2022-07-13 15:23:58.791852,34.7,59.979379,119.966594,3258.414868,2160,364,421,//qar7000185/GP0_UPLOAD/BOXER/CYLOM\KZ-04-75_CP-11\20221011\can_Tapper16-07-13-15-14-50.pcap.gz
169,2022-07-13 15:42:10.455818,can_tapper16,2022-07-13 15:41:10.455818,2022-07-13 15:44:10.455818,29.05,59.936351,119.899399,1211.663966,2158,419,348,//qar7000185/GP0_UPLOAD/BOXER/CYLOM\KZ-04-75_CP-11\20221011\can_Tapper16-07-13-15-14-50.pcap.gz
170,2022-07-13 17:24:26.162509,can_tapper16,2022-07-13 17:23:26.162509,2022-07-13 17:26:26.162509,33.35,59.90921,119.969628,6135.706691,2159,374,605,//qar7000185/GP0_UPLOAD/BOXER/CYLOM\KZ-04-75_CP-11\20221011\can_Tapper16-07-13-17-14-50.pcap.gz
171,2022-07-13 17:53:28.729142,can_tapper16,2022-07-13 17:52:28.729142,2022-07-13 17:55:28.729142,33.75,59.859205,119.826096,1742.566633,2157,388,412,//qar7000185/GP0_UPLOAD/BOXER/CYLOM\KZ-04-75_CP-11\20221011\can_Tapper16-07-13-17-14-50.pcap.gz
172,2022-07-14 08:59:41.672804,can_tapper16,2022-07-14 08:58:41.672804,2022-07-14 09:01:41.672804,27.55,59.960928,119.884275,54372.943662,2158,378,325,//qar7000185/GP0_UPLOAD/BOXER/CYLOM\KZ-04-75_CP-11\20221011\can_Tapper16-07-14-08-14-50.pcap.gz
173,2022-07-14 10:50:19.000982,can_tapper16,2022-07-14 10:49:19.000982,2022-07-14 10:52:19.000982,24.5,59.963276,84.20971,6637.328178,1730,269,268,//qar7000185/GP0_UPLOAD/BOXER/CYLOM\KZ-04-75_CP-11\20221011\can_Tapper16-07-14-10-14-50.pcap.gz
174,2022-07-15 08:57:00.440706,can_tapper16,2022-07-15 08:56:00.440706,2022-07-15 08:59:00.440706,18.258333333333333,3.711458,119.896946,79601.439724,1485,325,343,//qar7000185/GP0_UPLOAD/BOXER/CYLOM\KZ-04-75_CP-11\20221011\can_Tapper16-07-15-08-56-56.pcap.gz
175,2022-07-15 11:31:21.475668,can_tapper16,2022-07-15 11:30:21.475668,2022-07-15 11:33:21.475668,18.833333333333332,23.913561,119.944773,9261.034962,1728,350,376,//qar7000185/GP0_UPLOAD/BOXER/CYLOM\KZ-04-75_CP-11\20221011\can_Tapper16-07-15-11-30-57.pcap.gz
176,2022-07-18 09:43:39.492639,can_tapper16,2022-07-18 09:42:39.492639,2022-07-18 09:45:39.492639,14.95,16.057778,119.861223,252738.016971,1632,278,256,//qar7000185/GP0_UPLOAD/BOXER/CYLOM\KZ-04-75_CP-11\20221011\can_Tapper16-07-18-09-43-23.pcap.gz
177,2022-08-25 13:15:52.017736,can_tapper16,2022-08-25 13:14:52.017736,2022-08-25 13:17:52.017736,25.45,59.914288,18.123082,3295932.525097,937,114,222,//qar7000185/GP0_UPLOAD/BOXER/CYLOM\KZ-04-75_CP-11\20221011\can_Tapper16-08-25-13-09-29.pcap.gz
178,2022-09-28 09:41:51.729274,can_tapper16,2022-09-28 09:40:51.729274,2022-09-28 09:43:51.729274,9.125,58.032814,119.855059,2924759.711538,2136,433,373,//qar7000185/GP0_UPLOAD/BOXER/CYLOM\KZ-04-75_CP-11\20221011\can_Tapper16-09-28-09-40-53.pcap.gz
179,2022-09-28 10:44:50.023026,can_tapper16,2022-09-28 10:43:50.023026,2022-09-28 10:46:50.023026,11.15,26.820779,119.845305,3778.293752,1761,316,400,//qar7000185/GP0_UPLOAD/BOXER/CYLOM\KZ-04-75_CP-11\20221011\can_Tapper16-09-28-10-44-22.pcap.gz
180,2022-09-28 12:32:37.302306,can_tapper16,2022-09-28 12:31:37.302306,2022-09-28 12:34:37.302306,11.253333333333334,59.899478,119.963897,6467.27928,2158,524,516,//qar7000185/GP0_UPLOAD/BOXER/CYLOM\KZ-04-75_CP-11\20221011\can_Tapper16-09-28-11-45-55.pcap.gz
181,2022-09-28 13:25:35.644395,can_tapper16,2022-09-28 13:24:35.644395,2022-09-28 13:27:35.644395,12.475,59.961703,119.820229,3178.342089,1713,301,522,//qar7000185/GP0_UPLOAD/BOXER/CYLOM\KZ-04-75_CP-11\20221011\can_Tapper16-09-28-13-25-29.pcap.gz
182,2022-09-28 14:47:41.725752,can_tapper16,2022-09-28 14:46:41.725752,2022-09-28 14:49:41.725752,,59.912178,119.9767,4926.081357,1792,358,400,//qar7000185/GP0_UPLOAD/BOXER/CYLOM\KZ-04-75_CP-11\20221011\can_Tapper16-09-28-14-47-21.pcap.gz
183,2022-09-28 15:27:30.713704,can_tapper16,2022-09-28 15:26:30.713704,2022-09-28 15:29:30.713704,13.575,59.962086,119.812139,2388.987952,1724,311,424,//qar7000185/GP0_UPLOAD/BOXER/CYLOM\KZ-04-75_CP-11\20221011\can_Tapper16-09-28-15-27-26.pcap.gz
184,2022-09-29 10:35:29.334308,can_tapper16,2022-09-29 10:34:29.334308,2022-09-29 10:37:29.334308,12.658333333333335,33.61137,119.992187,68878.620604,1845,341,603,//qar7000185/GP0_UPLOAD/BOXER/CYLOM\KZ-04-75_CP-11\20221011\can_Tapper16-09-29-10-34-55.pcap.gz
185,2022-09-29 11:02:28.631679,can_tapper16,2022-09-29 11:01:28.631679,2022-09-29 11:04:28.631679,12.225,30.928282,119.928689,1619.297371,1812,304,460,//qar7000185/GP0_UPLOAD/BOXER/CYLOM\KZ-04-75_CP-11\20221011\can_Tapper16-09-29-11-01-57.pcap.gz
186,2022-09-29 11:29:08.614073,can_tapper16,2022-09-29 11:28:08.614073,2022-09-29 11:31:08.614073,12.275,59.893881,119.945174,1599.982394,2158,342,489,//qar7000185/GP0_UPLOAD/BOXER/CYLOM\KZ-04-75_CP-11\20221011\can_Tapper16-09-29-11-18-08.pcap.gz
187,2022-09-29 11:29:57.625398,can_tapper16,2022-09-29 11:28:57.625398,2022-09-29 11:31:57.625398,12.355,59.900099,119.956024,49.011325,2158,386,518,//qar7000185/GP0_UPLOAD/BOXER/CYLOM\KZ-04-75_CP-11\20221011\can_Tapper16-09-29-11-18-08.pcap.gz
188,2022-09-29 11:33:45.836014,can_tapper16,2022-09-29 11:32:45.836014,2022-09-29 11:35:45.836014,12.35,59.993644,91.807208,228.210616,1822,295,386,//qar7000185/GP0_UPLOAD/BOXER/CYLOM\KZ-04-75_CP-11\20221011\can_Tapper16-09-29-11-18-08.pcap.gz
189,2023-02-07 08:25:51.141609,can_tapper16,2023-02-07 08:24:51.141609,2023-02-07 08:27:51.141609,3.4333333333333336,36.511373,119.840555,11307125.305595,1878,345,373,//qar7000185/GP0_UPLOAD/BOXER/CYLOM\KZ-04-75_CP-11\20230523\can_Tapper16-02-07-08-25-14.pcap.gz
190,2023-02-07 09:29:03.818470,can_tapper16,2023-02-07 09:28:03.818470,2023-02-07 09:31:03.818470,1.6149999999999998,59.95245,119.9048,3792.676861,2159,574,609,//qar7000185/GP0_UPLOAD/BOXER/CYLOM\KZ-04-75_CP-11\20230523\can_Tapper16-02-07-08-54-36.pcap.gz
191,2023-02-07 09:30:00.133022,can_tapper16,2023-02-07 09:29:00.133022,2023-02-07 09:32:00.133022,1.625,59.969925,119.875458,56.314552,2158,525,647,//qar7000185/GP0_UPLOAD/BOXER/CYLOM\KZ-04-75_CP-11\20230523\can_Tapper16-02-07-08-54-36.pcap.gz
192,2023-02-07 09:33:30.643213,can_tapper16,2023-02-07 09:32:30.643213,2023-02-07 09:35:30.643213,1.6416666666666668,59.883493,119.990981,210.510191,2160,504,592,//qar7000185/GP0_UPLOAD/BOXER/CYLOM\KZ-04-75_CP-11\20230523\can_Tapper16-02-07-08-54-36.pcap.gz
193,2023-02-07 10:57:34.977687,can_tapper16,2023-02-07 10:56:34.977687,2023-02-07 10:59:34.977687,,13.045272,119.996621,5044.334474,1597,320,343,//qar7000185/GP0_UPLOAD/BOXER/CYLOM\KZ-04-75_CP-11\20230523\can_Tapper16-02-07-10-57-21.pcap.gz
194,2023-02-15 08:08:41.416377,can_tapper16,2023-02-15 08:07:41.416377,2023-02-15 08:10:41.416377,14.196666666666667,8.194836,59.088749,681066.43869,810,179,284,//qar7000185/GP0_UPLOAD/BOXER/CYLOM\KZ-04-75_CP-11\20230523\can_Tapper16-02-15-08-08-33.pcap.gz
195,2023-02-15 08:59:02.399210,can_tapper16,2023-02-15 08:58:02.399210,2023-02-15 09:01:02.399210,14.375,6.935321,119.890744,3020.982833,1524,361,613,//qar7000185/GP0_UPLOAD/BOXER/CYLOM\KZ-04-75_CP-11\20230523\can_Tapper16-02-15-08-58-55.pcap.gz
196,2023-02-20 11:26:07.493984,can_tapper16,2023-02-20 11:25:07.493984,2023-02-20 11:28:07.493984,12.533333333333335,15.794823,97.749165,440825.094774,1365,313,349,//qar7000185/GP0_UPLOAD/BOXER/CYLOM\KZ-04-75_CP-11\20230523\can_Tapper16-02-20-11-25-51.pcap.gz
197,2023-02-20 12:42:15.122645,can_tapper16,2023-02-20 12:41:15.122645,2023-02-20 12:44:15.122645,12.708333333333332,15.634314,110.890475,4567.628661,1519,327,422,//qar7000185/GP0_UPLOAD/BOXER/CYLOM\KZ-04-75_CP-11\20230523\can_Tapper16-02-20-12-41-59.pcap.gz
198,2023-02-21 08:11:41.248076,can_tapper16,2023-02-21 08:10:41.248076,2023-02-21 08:13:41.248076,10.85,59.871805,109.445196,70166.125431,2034,439,474,//qar7000185/GP0_UPLOAD/BOXER/CYLOM\KZ-04-75_CP-11\20230523\can_Tapper16-02-21-08-10-11.pcap.gz
199,2023-02-21 08:26:44.987470,can_tapper16,2023-02-21 08:25:44.987470,2023-02-21 08:28:44.987470,13.040000000000001,59.768976,119.776126,903.739394,2157,357,624,//qar7000185/GP0_UPLOAD/BOXER/CYLOM\KZ-04-75_CP-11\20230523\can_Tapper16-02-21-08-18-06.pcap.gz
200,2023-02-21 09:02:54.323279,can_tapper16,2023-02-21 09:01:54.323279,2023-02-21 09:04:54.323279,13.25,6.857441,55.181972,2169.335809,747,161,195,//qar7000185/GP0_UPLOAD/BOXER/CYLOM\KZ-04-75_CP-11\20230523\can_Tapper16-02-21-09-02-47.pcap.gz
201,2023-02-21 09:13:55.207582,can_tapper16,2023-02-21 09:12:55.207582,2023-02-21 09:15:55.207582,13.25,59.9106,119.930325,660.884303,2160,481,504,//qar7000185/GP0_UPLOAD/BOXER/CYLOM\KZ-04-75_CP-11\20230523\can_Tapper16-02-21-09-05-21.pcap.gz
202,2023-02-21 09:29:51.025010,can_tapper16,2023-02-21 09:28:51.025010,2023-02-21 09:31:51.025010,13.375,59.803523,119.992204,955.817428,2160,439,466,//qar7000185/GP0_UPLOAD/BOXER/CYLOM\KZ-04-75_CP-11\20230523\can_Tapper16-02-21-09-23-57.pcap.gz
203,2023-02-21 10:34:06.828370,can_tapper16,2023-02-21 10:33:06.828370,2023-02-21 10:36:06.828370,13.775,59.805482,119.979336,3855.80336,2160,430,522,//qar7000185/GP0_UPLOAD/BOXER/CYLOM\KZ-04-75_CP-11\20230523\can_Tapper16-02-21-10-24-43.pcap.gz
204,2023-02-21 10:42:07.780168,can_tapper16,2023-02-21 10:41:07.780168,2023-02-21 10:44:07.780168,15.983333333333334,59.960225,119.84955,480.951798,2160,358,538,//qar7000185/GP0_UPLOAD/BOXER/CYLOM\KZ-04-75_CP-11\20230523\can_Tapper16-02-21-10-24-43.pcap.gz
205,2023-02-21 10:42:11.085644,can_tapper16,2023-02-21 10:41:11.085644,2023-02-21 10:44:11.085644,13.9,59.765182,119.794174,3.305476,2157,364,547,//qar7000185/GP0_UPLOAD/BOXER/CYLOM\KZ-04-75_CP-11\20230523\can_Tapper16-02-21-10-24-43.pcap.gz
206,2023-02-21 11:34:41.324942,can_tapper16,2023-02-21 11:33:41.324942,2023-02-21 11:36:41.324942,14.158333333333335,36.120741,112.445099,3150.239298,1785,367,482,//qar7000185/GP0_UPLOAD/BOXER/CYLOM\KZ-04-75_CP-11\20230523\can_Tapper16-02-21-11-34-05.pcap.gz
207,2023-02-21 12:50:41.259380,can_tapper16,2023-02-21 12:49:41.259380,2023-02-21 12:52:41.259380,14.475,4.099067,119.938716,4559.934438,1491,195,250,//qar7000185/GP0_UPLOAD/BOXER/CYLOM\KZ-04-75_CP-11\20230523\can_Tapper16-02-21-12-50-37.pcap.gz
208,2023-02-21 13:01:47.471482,can_tapper16,2023-02-21 13:00:47.471482,2023-02-21 13:03:47.471482,14.525,59.757131,119.804968,666.212102,2157,377,501,//qar7000185/GP0_UPLOAD/BOXER/CYLOM\KZ-04-75_CP-11\20230523\can_Tapper16-02-21-12-50-37.pcap.gz
209,2023-02-21 13:08:14.344576,can_tapper16,2023-02-21 13:07:14.344576,2023-02-21 13:10:14.344576,14.616666666666669,59.998977,119.837416,386.873094,2159,404,495,//qar7000185/GP0_UPLOAD/BOXER/CYLOM\KZ-04-75_CP-11\20230523\can_Tapper16-02-21-12-50-37.pcap.gz
210,2023-02-21 13:29:15.040293,can_tapper16,2023-02-21 13:28:15.040293,2023-02-21 13:31:15.040293,15.075,59.809517,119.99735,1260.695717,2158,365,606,//qar7000185/GP0_UPLOAD/BOXER/CYLOM\KZ-04-75_CP-11\20230523\can_Tapper16-02-21-12-50-37.pcap.gz
211,2023-02-22 10:20:57.134075,can_tapper16,2023-02-22 10:19:57.134075,2023-02-22 10:22:57.134075,14.216666666666669,18.500041,119.83037,75102.093782,1662,367,486,//qar7000185/GP0_UPLOAD/BOXER/CYLOM\KZ-04-75_CP-11\20230523\can_Tapper16-02-22-10-20-38.pcap.gz
212,2023-02-22 10:25:37.702151,can_tapper16,2023-02-22 10:24:37.702151,2023-02-22 10:27:37.702151,14.225,59.976606,119.81306,280.568076,2158,304,381,//qar7000185/GP0_UPLOAD/BOXER/CYLOM\KZ-04-75_CP-11\20230523\can_Tapper16-02-22-10-20-38.pcap.gz
213,2023-02-22 10:54:48.506530,can_tapper16,2023-02-22 10:53:48.506530,2023-02-22 10:56:48.506530,14.383333333333335,59.949516,119.93268,1750.804379,2160,407,624,//qar7000185/GP0_UPLOAD/BOXER/CYLOM\KZ-04-75_CP-11\20230523\can_Tapper16-02-22-10-20-38.pcap.gz
214,2023-02-28 07:49:07.488019,can_tapper16,2023-02-28 07:48:07.488019,2023-02-28 07:51:07.488019,14.8,0.025724,57.746346,507258.981489,694,146,270,//qar7000185/GP0_UPLOAD/BOXER/CYLOM\KZ-04-75_CP-11\20230523\can_Tapper16-02-28-07-49-07.pcap.gz
215,2023-02-28 09:31:40.287869,can_tapper16,2023-02-28 09:30:40.287869,2023-02-28 09:33:40.287869,15.2,14.85971,119.961476,6152.79985,1620,355,492,//qar7000185/GP0_UPLOAD/BOXER/CYLOM\KZ-04-75_CP-11\20230523\can_Tapper16-02-28-09-31-25.pcap.gz
216,2023-02-28 10:22:06.293552,can_tapper16,2023-02-28 10:21:06.293552,2023-02-28 10:24:06.293552,16.4,57.353688,119.956645,3026.005683,2130,503,398,//qar7000185/GP0_UPLOAD/BOXER/CYLOM\KZ-04-75_CP-11\20230523\can_Tapper16-02-28-10-21-08.pcap.gz
217,2023-02-28 11:26:01.422959,can_tapper16,2023-02-28 11:25:01.422959,2023-02-28 11:28:01.422959,18.475,2.051296,119.996284,3835.129407,1467,349,460,//qar7000185/GP0_UPLOAD/BOXER/CYLOM\KZ-04-75_CP-11\20230523\can_Tapper16-02-28-11-25-59.pcap.gz
218,2023-02-28 14:04:13.219296,can_tapper16,2023-02-28 14:03:13.219296,2023-02-28 14:06:13.219296,19.475,59.780849,118.791944,9491.796337,2145,423,354,//qar7000185/GP0_UPLOAD/BOXER/CYLOM\KZ-04-75_CP-11\20230523\can_Tapper16-02-28-14-01-55.pcap.gz
219,2023-03-02 08:13:46.982622,can_tapper16,2023-03-02 08:12:46.982622,2023-03-02 08:15:46.982622,16.65,17.289478,119.816222,151773.763326,1647,362,442,//qar7000185/GP0_UPLOAD/BOXER/CYLOM\KZ-04-75_CP-11\20230523\can_Tapper16-03-02-08-13-29.pcap.gz
220,2023-03-02 08:46:16.525324,can_tapper16,2023-03-02 08:45:16.525324,2023-03-02 08:48:16.525324,12.45,48.156507,119.960648,1949.542702,2019,395,210,//qar7000185/GP0_UPLOAD/BOXER/CYLOM\KZ-04-75_CP-11\20230523\can_Tapper16-03-02-08-45-28.pcap.gz
221,2023-03-02 09:37:01.055682,can_tapper16,2023-03-02 09:36:01.055682,2023-03-02 09:39:01.055682,13.925,59.976652,119.855377,3044.530358,2158,399,666,//qar7000185/GP0_UPLOAD/BOXER/CYLOM\KZ-04-75_CP-11\20230523\can_Tapper16-03-02-09-19-07.pcap.gz
222,2023-03-02 09:37:54.468980,can_tapper16,2023-03-02 09:36:54.468980,2023-03-02 09:39:54.468980,16.3,59.901006,119.975144,53.413298,2160,459,661,//qar7000185/GP0_UPLOAD/BOXER/CYLOM\KZ-04-75_CP-11\20230523\can_Tapper16-03-02-09-19-07.pcap.gz
223,2023-03-02 10:03:50.794799,can_tapper16,2023-03-02 10:02:50.794799,2023-03-02 10:05:50.794799,14.425,59.9738,119.975451,1556.325819,2159,370,445,//qar7000185/GP0_UPLOAD/BOXER/CYLOM\KZ-04-75_CP-11\20230523\can_Tapper16-03-02-09-19-07.pcap.gz
224,2023-03-02 10:05:55.049978,can_tapper16,2023-03-02 10:04:55.049978,2023-03-02 10:07:55.049978,14.4125,59.924154,119.89677,124.255179,2118,318,268,//qar7000185/GP0_UPLOAD/BOXER/CYLOM\KZ-04-75_CP-11\20230523\can_Tapper16-03-02-09-19-07.pcap.gz
225,2023-03-02 10:10:32.352122,can_tapper16,2023-03-02 10:09:32.352122,2023-03-02 10:12:32.352122,17.35,59.990724,119.949525,277.302144,2159,383,391,//qar7000185/GP0_UPLOAD/BOXER/CYLOM\KZ-04-75_CP-11\20230523\can_Tapper16-03-02-09-19-07.pcap.gz
226,2023-03-02 12:35:27.821220,can_tapper16,2023-03-02 12:34:27.821220,2023-03-02 12:37:27.821220,13.275,55.466336,119.857651,8695.469098,2106,346,459,//qar7000185/GP0_UPLOAD/BOXER/CYLOM\KZ-04-75_CP-11\20230523\can_Tapper16-03-02-12-34-32.pcap.gz
227,2023-03-06 10:37:30.368707,can_tapper16,2023-03-06 10:36:30.368707,2023-03-06 10:39:30.368707,12.9,2.424951,119.917837,338522.547487,1470,306,310,//qar7000185/GP0_UPLOAD/BOXER/CYLOM\KZ-04-75_CP-11\20230523\can_Tapper16-03-06-10-37-27.pcap.gz
228,2023-05-23 09:00:51.071903,can_tapper16,2023-05-23 08:59:51.071903,2023-05-23 09:02:51.071903,12.1,10.382359,119.935388,6733400.703196,1565,315,326,//qar7000185/GP0_UPLOAD/BOXER/CYLOM\KZ-04-75_CP-11\20230523\can_Tapper16-05-23-09-00-40.pcap.gz
229,2023-05-23 09:05:56.827367,can_tapper16,2023-05-23 09:04:56.827367,2023-05-23 09:07:56.827367,16.55,0.895172,119.931687,305.755464,1450,289,279,//qar7000185/GP0_UPLOAD/BOXER/CYLOM\KZ-04-75_CP-11\20230919\can_Tapper16-05-23-09-05-55.pcap.gz
230,2023-06-06 09:51:26.897983,can_tapper16,2023-06-06 09:50:26.897983,2023-06-06 09:53:26.897983,12.75,7.050402,12.97461,1212330.070616,243,57,49,//qar7000185/GP0_UPLOAD/BOXER/CYLOM\KZ-04-75_CP-11\20230919\can_Tapper16-06-06-09-51-19.pcap.gz
231,2023-08-28 13:27:50.173995,can_tapper16,2023-08-28 13:26:50.173995,2023-08-28 13:29:50.173995,16.0,11.502853,119.823004,7184183.276012,1578,321,466,//qar7000185/GP0_UPLOAD/BOXER/CYLOM\KZ-04-75_CP-11\20230919\can_Tapper16-08-28-13-27-38.pcap.gz
232,2023-08-28 13:40:35.877216,can_tapper16,2023-08-28 13:39:35.877216,2023-08-28 13:42:35.877216,19.25,59.809568,118.147675,765.703221,1755,318,429,//qar7000185/GP0_UPLOAD/BOXER/CYLOM\KZ-04-75_CP-11\20230919\can_Tapper16-08-28-13-40-30.pcap.gz
233,2023-09-19 11:11:07.598500,can_tapper16,2023-09-19 11:10:07.598500,2023-09-19 11:13:07.598500,18.225,1.982928,119.852669,1891831.721284,1464,330,501,//qar7000185/GP0_UPLOAD/BOXER/CYLOM\KZ-04-75_CP-11\20240402\can_Tapper16-09-19-11-11-05.pcap.gz
234,2023-10-26 13:35:58.218382,can_tapper16,2023-10-26 13:34:58.218382,2023-10-26 13:37:58.218382,14.55,10.103456,119.976908,3205490.619882,1109,251,323,//qar7000185/GP0_UPLOAD/BOXER/CYLOM\KZ-04-75_CP-11\20240402\can_Tapper16-10-26-13-35-47.pcap.gz
235,2023-10-26 13:37:37.457245,can_tapper16,2023-10-26 13:36:37.457245,2023-10-26 13:39:37.457245,14.55,59.805275,119.800394,99.238863,1703,375,541,//qar7000185/GP0_UPLOAD/BOXER/CYLOM\KZ-04-75_CP-11\20240402\can_Tapper16-10-26-13-37-32.pcap.gz
236,2023-11-14 14:09:20.389864,can_tapper16,2023-11-14 14:08:20.389864,2023-11-14 14:11:20.389864,17.1,30.974693,119.861093,1643502.932619,1812,326,326,//qar7000185/GP0_UPLOAD/BOXER/CYLOM\KZ-04-75_CP-11\20240402\can_Tapper16-11-14-14-08-49.pcap.gz
237,2023-11-17 09:30:57.973525,can_tapper16,2023-11-17 09:29:57.973525,2023-11-17 09:32:57.973525,11.625,1.547864,119.998222,242497.583661,1492,326,276,//qar7000185/GP0_UPLOAD/BOXER/CYLOM\KZ-04-75_CP-11\20240402\can_Tapper16-11-17-09-30-56.pcap.gz
238,2023-11-17 09:30:57.973525,can_tapper16,2023-11-17 09:29:57.973525,2023-11-17 09:32:57.973525,11.625,1.547864,119.998222,0.0,1492,326,276,//qar7000185/GP0_UPLOAD/BOXER/CYLOM\KZ-04-75_CP-11\20240402\can_Tapper16-11-17-09-30-56.pcap.gz
239,2023-11-17 09:48:46.987222,can_tapper16,2023-11-17 09:47:46.987222,2023-11-17 09:50:46.987222,11.205,59.970209,116.961425,1069.013697,2123,391,526,//qar7000185/GP0_UPLOAD/BOXER/CYLOM\KZ-04-75_CP-11\20240402\can_Tapper16-11-17-09-30-56.pcap.gz
240,2023-11-22 08:54:16.181133,can_tapper16,2023-11-22 08:53:16.181133,2023-11-22 08:56:16.181133,,35.348043,119.988582,428729.193911,1507,322,142,//qar7000185/GP0_UPLOAD/BOXER/CYLOM\KZ-04-75_CP-11\20240402\can_Tapper16-11-22-08-53-40.pcap.gz
241,2023-11-22 08:55:56.246071,can_tapper16,2023-11-22 08:54:56.246071,2023-11-22 08:57:56.246071,7.4,59.895688,119.954795,100.064938,1799,423,291,//qar7000185/GP0_UPLOAD/BOXER/CYLOM\KZ-04-75_CP-11\20240402\can_Tapper16-11-22-08-55-52.pcap.gz
242,2023-11-22 14:17:11.879099,can_tapper16,2023-11-22 14:16:11.879099,2023-11-22 14:19:11.879099,6.2,12.466067,119.903677,19275.633028,1590,321,256,//qar7000185/GP0_UPLOAD/BOXER/CYLOM\KZ-04-75_CP-11\20240402\can_Tapper16-11-22-14-16-59.pcap.gz
243,2023-11-23 13:28:48.267673,can_tapper16,2023-11-23 13:27:48.267673,2023-11-23 13:30:48.267673,9.89,59.899474,119.930277,83496.388574,2158,411,372,//qar7000185/GP0_UPLOAD/BOXER/CYLOM\KZ-04-75_CP-11\20240402\can_Tapper16-11-23-13-07-09.pcap.gz
244,2023-11-23 14:23:51.898111,can_tapper16,2023-11-23 14:22:51.898111,2023-11-23 14:25:51.898111,10.02,59.905551,119.977676,3303.630438,2159,404,533,//qar7000185/GP0_UPLOAD/BOXER/CYLOM\KZ-04-75_CP-11\20240402\can_Tapper16-11-23-14-07-09.pcap.gz
245,2023-12-01 14:26:42.250871,can_tapper16,2023-12-01 14:25:42.250871,2023-12-01 14:28:42.250871,1.7,59.961074,119.997778,691370.35276,2160,368,443,//qar7000185/GP0_UPLOAD/BOXER/CYLOM\KZ-04-75_CP-11\20240402\can_Tapper16-12-01-13-55-40.pcap.gz
246,2023-12-15 10:41:54.031525,can_tapper16,2023-12-15 10:40:54.031525,2023-12-15 10:43:54.031525,,1.142249,119.954434,1196111.780654,1455,297,306,//qar7000185/GP0_UPLOAD/BOXER/CYLOM\KZ-04-75_CP-11\20240402\can_Tapper16-12-15-10-41-52.pcap.gz
247,2024-01-09 09:56:24.281431,can_tapper16,2024-01-09 09:55:24.281431,2024-01-09 09:58:24.281431,-1.05,21.607933,119.947782,2157270.249906,1699,315,365,//qar7000185/GP0_UPLOAD/BOXER/CYLOM\KZ-04-75_CP-11\20240402\can_Tapper16-01-09-09-56-02.pcap.gz
248,2024-01-09 10:52:17.462359,can_tapper16,2024-01-09 10:51:17.462359,2024-01-09 10:54:17.462359,-1.85,59.973467,119.894476,3353.180928,2158,423,439,//qar7000185/GP0_UPLOAD/BOXER/CYLOM\KZ-04-75_CP-11\20240402\can_Tapper16-01-09-09-56-02.pcap.gz
249,2024-01-11 14:31:53.626846,can_tapper16,2024-01-11 14:30:53.626846,2024-01-11 14:33:53.626846,-2.8,51.544591,119.869882,185976.164487,2058,371,485,//qar7000185/GP0_UPLOAD/BOXER/CYLOM\KZ-04-75_CP-11\20240402\can_Tapper16-01-11-14-31-01.pcap.gz
250,2024-01-16 14:12:29.993689,can_tapper16,2024-01-16 14:11:29.993689,2024-01-16 14:14:29.993689,11.8,9.407247,119.996078,430836.366843,1554,274,212,//qar7000185/GP0_UPLOAD/BOXER/CYLOM\KZ-04-75_CP-11\20240402\can_Tapper16-01-16-14-12-20.pcap.gz
251,2024-01-16 14:25:23.304640,can_tapper16,2024-01-16 14:24:23.304640,2024-01-16 14:27:23.304640,11.725,59.965355,119.876701,773.310951,2159,477,442,//qar7000185/GP0_UPLOAD/BOXER/CYLOM\KZ-04-75_CP-11\20240402\can_Tapper16-01-16-14-12-20.pcap.gz
252,2024-01-16 14:26:20.441339,can_tapper16,2024-01-16 14:25:20.441339,2024-01-16 14:28:20.441339,9.466666666666667,59.881724,119.957925,57.136699,2158,461,504,//qar7000185/GP0_UPLOAD/BOXER/CYLOM\KZ-04-75_CP-11\20240402\can_Tapper16-01-16-14-12-20.pcap.gz
253,2024-01-16 15:10:53.489497,can_tapper16,2024-01-16 15:09:53.489497,2024-01-16 15:12:53.489497,11.85,59.760065,119.868008,2673.048158,2118,343,397,//qar7000185/GP0_UPLOAD/BOXER/CYLOM\KZ-04-75_CP-11\20240402\can_Tapper16-01-16-14-12-20.pcap.gz
254,2024-01-16 15:11:22.133304,can_tapper16,2024-01-16 15:10:22.133304,2024-01-16 15:13:22.133304,11.793333333333333,59.886948,119.981199,28.643807,2121,318,329,//qar7000185/GP0_UPLOAD/BOXER/CYLOM\KZ-04-75_CP-11\20240402\can_Tapper16-01-16-14-12-20.pcap.gz
255,2024-01-16 15:15:24.883343,can_tapper16,2024-01-16 15:14:24.883343,2024-01-16 15:17:24.883343,12.125,37.234545,119.962323,242.750039,1887,331,452,//qar7000185/GP0_UPLOAD/BOXER/CYLOM\KZ-04-75_CP-11\20240402\can_Tapper16-01-16-15-14-47.pcap.gz
256,2024-01-16 15:16:13.102536,can_tapper16,2024-01-16 15:15:13.102536,2024-01-16 15:18:13.102536,12.175,59.943294,119.955174,48.219193,2159,400,594,//qar7000185/GP0_UPLOAD/BOXER/CYLOM\KZ-04-75_CP-11\20240402\can_Tapper16-01-16-15-14-47.pcap.gz
257,2024-01-16 15:17:38.296170,can_tapper16,2024-01-16 15:16:38.296170,2024-01-16 15:19:38.296170,12.125,59.825078,119.850821,85.193634,2157,345,474,//qar7000185/GP0_UPLOAD/BOXER/CYLOM\KZ-04-75_CP-11\20240402\can_Tapper16-01-16-15-14-47.pcap.gz
258,2024-01-16 15:19:45.244716,can_tapper16,2024-01-16 15:18:45.244716,2024-01-16 15:21:45.244716,12.15,59.952949,119.92907,126.948546,2159,376,437,//qar7000185/GP0_UPLOAD/BOXER/CYLOM\KZ-04-75_CP-11\20240402\can_Tapper16-01-16-15-14-47.pcap.gz
259,2024-01-23 09:25:03.523012,can_tapper16,2024-01-23 09:24:03.523012,2024-01-23 09:27:03.523012,5.3916666666666675,59.856046,119.996945,583518.278296,2159,405,526,//qar7000185/GP0_UPLOAD/BOXER/CYLOM\KZ-04-75_CP-11\20240402\can_Tapper16-01-23-09-23-31.pcap.gz
260,2024-01-31 14:45:53.735419,can_tapper16,2024-01-31 14:44:53.735419,2024-01-31 14:47:53.735419,9.95,59.869824,119.93895,710450.212407,2158,331,297,//qar7000185/GP0_UPLOAD/BOXER/CYLOM\KZ-04-75_CP-11\20240402\can_Tapper16-01-31-14-30-59.pcap.gz
261,2024-02-13 08:11:09.006474,can_tapper16,2024-02-13 08:10:09.006474,2024-02-13 08:13:09.006474,9.625,0.647252,119.954949,1099515.271055,1449,260,411,//qar7000185/GP0_UPLOAD/BOXER/CYLOM\KZ-04-75_CP-11\20240402\can_Tapper16-02-13-08-11-08.pcap.gz
262,2024-02-13 08:45:55.899158,can_tapper16,2024-02-13 08:44:55.899158,2024-02-13 08:47:55.899158,10.65,1.055717,119.801538,2086.892684,1452,280,374,//qar7000185/GP0_UPLOAD/BOXER/CYLOM\KZ-04-75_CP-11\20240402\can_Tapper16-02-13-08-45-54.pcap.gz
263,2024-02-13 11:54:47.286768,can_tapper16,2024-02-13 11:53:47.286768,2024-02-13 11:56:47.286768,12.25,10.365555,119.849031,11331.38761,1563,216,276,//qar7000185/GP0_UPLOAD/BOXER/CYLOM\KZ-04-75_CP-11\20240402\can_Tapper16-02-13-11-54-36.pcap.gz
264,2024-02-13 11:54:52.289142,can_tapper16,2024-02-13 11:53:52.289142,2024-02-13 11:56:52.289142,11.225,15.367929,119.847025,5.002374,1623,223,284,//qar7000185/GP0_UPLOAD/BOXER/CYLOM\KZ-04-75_CP-11\20240402\can_Tapper16-02-13-11-54-36.pcap.gz
265,2024-02-27 12:06:54.774091,can_tapper16,2024-02-27 12:05:54.774091,2024-02-27 12:08:54.774091,9.55,4.599318,120.000639,1210322.484949,1496,246,417,//qar7000185/GP0_UPLOAD/BOXER/CYLOM\KZ-04-75_CP-11\20240402\can_Tapper16-02-27-12-06-49.pcap.gz
266,2024-03-02 06:44:59.078607,can_tapper16,2024-03-02 06:43:59.078607,2024-03-02 06:46:59.078607,10.783333333333333,21.417732,119.963299,326284.304516,1698,296,450,//qar7000185/GP0_UPLOAD/BOXER/CYLOM\KZ-04-75_CP-11\20240402\can_Tapper16-03-02-06-44-37.pcap.gz
267,2024-03-02 08:37:39.575255,can_tapper16,2024-03-02 08:36:39.575255,2024-03-02 08:39:39.575255,11.3,59.924803,119.874401,6760.496648,2158,396,346,//qar7000185/GP0_UPLOAD/BOXER/CYLOM\KZ-04-75_CP-11\20240402\can_Tapper16-03-02-07-44-37.pcap.gz
268,2024-03-02 10:51:44.278050,can_tapper16,2024-03-02 10:50:44.278050,2024-03-02 10:53:44.278050,11.433333333333334,59.9562,119.91575,8044.702795,2159,395,515,//qar7000185/GP0_UPLOAD/BOXER/CYLOM\KZ-04-75_CP-11\20240402\can_Tapper16-03-02-10-44-37.pcap.gz
269,2024-03-02 13:32:56.486737,can_tapper16,2024-03-02 13:31:56.486737,2024-03-02 13:34:56.486737,12.0,59.917423,119.933352,9672.208687,2158,340,487,//qar7000185/GP0_UPLOAD/BOXER/CYLOM\KZ-04-75_CP-11\20240402\can_Tapper16-03-02-12-44-37.pcap.gz
270,2024-03-02 17:01:22.255045,can_tapper16,2024-03-02 17:00:22.255045,2024-03-02 17:03:22.255045,15.35,59.971355,119.909989,12505.768308,2159,377,320,//qar7000185/GP0_UPLOAD/BOXER/CYLOM\KZ-04-75_CP-11\20240402\can_Tapper16-03-02-16-44-37.pcap.gz
271,2024-03-04 07:27:13.419108,can_tapper16,2024-03-04 07:26:13.419108,2024-03-04 07:29:13.419108,8.25,40.322325,119.808226,138351.164063,1923,319,445,//qar7000185/GP0_UPLOAD/BOXER/CYLOM\KZ-04-75_CP-11\20240402\can_Tapper16-03-04-07-26-32.pcap.gz
272,2024-03-04 11:13:58.315531,can_tapper16,2024-03-04 11:12:58.315531,2024-03-04 11:15:58.315531,10.75,59.93848,119.929999,13604.896423,2159,296,377,//qar7000185/GP0_UPLOAD/BOXER/CYLOM\KZ-04-75_CP-11\20240402\can_Tapper16-03-04-10-26-32.pcap.gz
273,2024-03-04 12:53:36.331503,can_tapper16,2024-03-04 12:52:36.331503,2024-03-04 12:55:36.331503,13.408333333333335,59.957098,119.974005,5978.015972,2159,371,307,//qar7000185/GP0_UPLOAD/BOXER/CYLOM\KZ-04-75_CP-11\20240402\can_Tapper16-03-04-12-26-32.pcap.gz
274,2024-03-04 13:03:19.218895,can_tapper16,2024-03-04 13:02:19.218895,2024-03-04 13:05:19.218895,12.7,59.921024,119.824502,582.887392,2157,396,491,//qar7000185/GP0_UPLOAD/BOXER/CYLOM\KZ-04-75_CP-11\20240402\can_Tapper16-03-04-12-26-32.pcap.gz
275,2024-03-04 13:36:29.994115,can_tapper16,2024-03-04 13:35:29.994115,2024-03-04 13:38:29.994115,14.083333333333332,12.567779,119.9747,1990.77522,1591,290,326,//qar7000185/GP0_UPLOAD/BOXER/CYLOM\KZ-04-75_CP-11\20240402\can_Tapper16-03-04-13-36-17.pcap.gz
276,2024-03-05 08:36:42.276520,can_tapper16,2024-03-05 08:35:42.276520,2024-03-05 08:38:42.276520,10.433333333333334,59.928226,119.938475,68412.282405,2157,391,357,//qar7000185/GP0_UPLOAD/BOXER/CYLOM\KZ-04-75_CP-11\20240402\can_Tapper16-03-05-08-31-27.pcap.gz
277,2024-03-05 12:43:56.624912,can_tapper16,2024-03-05 12:42:56.624912,2024-03-05 12:45:56.624912,14.316666666666668,59.97792,119.962045,14834.348392,2160,377,636,//qar7000185/GP0_UPLOAD/BOXER/CYLOM\KZ-04-75_CP-11\20240402\can_Tapper16-03-05-12-31-27.pcap.gz
278,2024-03-07 08:21:43.955509,can_tapper16,2024-03-07 08:20:43.955509,2024-03-07 08:23:43.955509,10.133333333333335,59.915122,119.965125,157067.330597,2159,408,572,//qar7000185/GP0_UPLOAD/BOXER/CYLOM\KZ-04-75_CP-11\20240402\can_Tapper16-03-07-07-36-54.pcap.gz
279,2024-03-07 11:07:59.562889,can_tapper16,2024-03-07 11:06:59.562889,2024-03-07 11:09:59.562889,11.95,19.655387,119.989511,9975.60738,1671,308,373,//qar7000185/GP0_UPLOAD/BOXER/CYLOM\KZ-04-75_CP-11\20240402\can_Tapper16-03-07-11-07-39.pcap.gz
280,2024-03-07 16:22:11.824276,can_tapper16,2024-03-07 16:21:11.824276,2024-03-07 16:24:11.824276,21.05,59.999618,119.949224,18852.261387,1586,257,418,//qar7000185/GP0_UPLOAD/BOXER/CYLOM\KZ-04-75_CP-11\20240402\can_Tapper16-03-07-16-22-08.pcap.gz
281,2024-03-07 16:28:02.149893,can_tapper16,2024-03-07 16:27:02.149893,2024-03-07 16:30:02.149893,18.35,59.980357,119.901399,350.325617,1778,305,392,//qar7000185/GP0_UPLOAD/BOXER/CYLOM\KZ-04-75_CP-11\20240402\can_Tapper16-03-07-16-27-59.pcap.gz
282,2024-03-07 16:35:55.629861,can_tapper16,2024-03-07 16:34:55.629861,2024-03-07 16:37:55.629861,21.492857142857144,59.830245,119.780402,473.479968,2157,294,283,//qar7000185/GP0_UPLOAD/BOXER/CYLOM\KZ-04-75_CP-11\20240402\can_Tapper16-03-07-16-27-59.pcap.gz
283,2024-03-07 17:22:00.494632,can_tapper16,2024-03-07 17:21:00.494632,2024-03-07 17:24:00.494632,24.866666666666667,59.96088,119.872967,2764.864771,2144,451,388,//qar7000185/GP0_UPLOAD/BOXER/CYLOM\KZ-04-75_CP-11\20240402\can_Tapper16-03-07-17-15-10.pcap.gz
284,2024-03-08 07:59:25.793774,can_tapper16,2024-03-08 07:58:25.793774,2024-03-08 08:01:25.793774,10.85,5.452423,119.884895,52645.299142,1506,342,487,//qar7000185/GP0_UPLOAD/BOXER/CYLOM\KZ-04-75_CP-11\20240402\can_Tapper16-03-08-07-59-20.pcap.gz
285,2024-03-08 09:12:44.637592,can_tapper16,2024-03-08 09:11:44.637592,2024-03-08 09:14:44.637592,7.683333333333333,59.851397,119.971725,4398.843818,4318,668,992,//qar7000185/GP0_UPLOAD/BOXER/CYLOM\KZ-04-75_CP-11\20240402\can_Tapper16-03-08-08-59-20.pcap.gz
286,2024-03-08 09:12:44.637592,can_tapper16,2024-03-08 09:11:44.637592,2024-03-08 09:14:44.637592,7.683333333333333,59.851397,119.971725,0.0,4318,668,992,//qar7000185/GP0_UPLOAD/BOXER/CYLOM\KZ-04-75_CP-11\20240402\can_Tapper16-03-08-08-59-20.pcap.gz
287,2024-03-08 10:50:51.023403,can_tapper16,2024-03-08 10:49:51.023403,2024-03-08 10:52:51.023403,11.275,59.940692,119.924636,5886.385811,2160,390,576,//qar7000185/GP0_UPLOAD/BOXER/CYLOM\KZ-04-75_CP-11\20240402\can_Tapper16-03-08-10-20-31.pcap.gz
288,2024-03-08 13:00:16.592885,can_tapper16,2024-03-08 12:59:16.592885,2024-03-08 13:02:16.592885,14.625,59.984211,119.875343,7765.569482,2158,330,423,//qar7000185/GP0_UPLOAD/BOXER/CYLOM\KZ-04-75_CP-11\20240402\can_Tapper16-03-08-12-20-31.pcap.gz
289,2024-03-08 18:09:21.871785,can_tapper16,2024-03-08 18:08:21.871785,2024-03-08 18:11:21.871785,18.583333333333332,28.21703,119.89045,18545.2789,1779,279,498,//qar7000185/GP0_UPLOAD/BOXER/CYLOM\KZ-04-75_CP-11\20240402\can_Tapper16-03-08-18-08-53.pcap.gz
290,2024-03-09 06:09:57.989690,can_tapper16,2024-03-09 06:08:57.989690,2024-03-09 06:11:57.989690,11.091666666666667,0.649222,119.950531,43236.117905,1449,307,446,//qar7000185/GP0_UPLOAD/BOXER/CYLOM\KZ-04-75_CP-11\20240402\can_Tapper16-03-09-06-09-57.pcap.gz
291,2024-03-09 13:55:31.281941,can_tapper16,2024-03-09 13:54:31.281941,2024-03-09 13:57:31.281941,22.066666666666666,59.967325,119.939644,27933.292251,2158,295,534,//qar7000185/GP0_UPLOAD/BOXER/CYLOM\KZ-04-75_CP-11\20240402\can_Tapper16-03-09-13-09-57.pcap.gz
292,2024-03-09 14:46:44.480904,can_tapper16,2024-03-09 14:45:44.480904,2024-03-09 14:48:44.480904,18.35,59.950982,119.982999,3073.198963,2159,279,471,//qar7000185/GP0_UPLOAD/BOXER/CYLOM\KZ-04-75_CP-11\20240402\can_Tapper16-03-09-14-09-57.pcap.gz
293,2024-03-09 20:03:07.808106,can_tapper16,2024-03-09 20:02:07.808106,2024-03-09 20:05:07.808106,21.15,59.941198,119.997405,18983.327202,2159,347,499,//qar7000185/GP0_UPLOAD/BOXER/CYLOM\KZ-04-75_CP-11\20240402\can_Tapper16-03-09-19-09-57.pcap.gz
294,2024-03-09 23:45:32.382110,can_tapper16,2024-03-09 23:44:32.382110,2024-03-09 23:47:32.382110,21.288333333333334,59.949132,119.951868,13344.574004,2159,327,626,//qar7000185/GP0_UPLOAD/BOXER/CYLOM\KZ-04-75_CP-11\20240402\can_Tapper16-03-09-23-09-57.pcap.gz
295,2024-03-10 06:07:50.881647,can_tapper16,2024-03-10 06:06:50.881647,2024-03-10 06:09:50.881647,17.95,59.891904,119.979318,22938.499537,2160,308,494,//qar7000185/GP0_UPLOAD/BOXER/CYLOM\KZ-04-75_CP-11\20240402\can_Tapper16-03-10-05-09-57.pcap.gz
296,2024-03-10 11:00:32.429139,can_tapper16,2024-03-10 10:59:32.429139,2024-03-10 11:02:32.429139,20.375,59.958991,119.890712,17561.547492,2159,366,456,//qar7000185/GP0_UPLOAD/BOXER/CYLOM\KZ-04-75_CP-11\20240402\can_Tapper16-03-10-10-09-57.pcap.gz
297,2024-03-10 16:01:41.038630,can_tapper16,2024-03-10 16:00:41.038630,2024-03-10 16:03:41.038630,35.75,59.956503,119.860125,18068.609491,2158,473,597,//qar7000185/GP0_UPLOAD/BOXER/CYLOM\KZ-04-75_CP-11\20240402\can_Tapper16-03-10-15-09-57.pcap.gz
298,2024-03-10 16:34:38.402799,can_tapper16,2024-03-10 16:33:38.402799,2024-03-10 16:36:38.402799,36.95,59.815331,119.801024,1977.364169,2157,389,377,//qar7000185/GP0_UPLOAD/BOXER/CYLOM\KZ-04-75_CP-11\20240402\can_Tapper16-03-10-16-09-57.pcap.gz
299,2024-03-10 19:53:02.862020,can_tapper16,2024-03-10 19:52:02.862020,2024-03-10 19:55:02.862020,33.96666666666667,59.936161,119.950552,11904.459221,2158,381,494,//qar7000185/GP0_UPLOAD/BOXER/CYLOM\KZ-04-75_CP-11\20240402\can_Tapper16-03-10-19-09-57.pcap.gz
300,2024-03-10 22:42:39.862663,can_tapper16,2024-03-10 22:41:39.862663,2024-03-10 22:44:39.862663,33.95,59.965243,119.977731,10177.000643,2160,390,490,//qar7000185/GP0_UPLOAD/BOXER/CYLOM\KZ-04-75_CP-11\20240402\can_Tapper16-03-10-22-09-57.pcap.gz
301,2024-03-11 01:51:59.388020,can_tapper16,2024-03-11 01:50:59.388020,2024-03-11 01:53:59.388020,29.025,59.951497,119.94473,11359.525357,2159,378,601,//qar7000185/GP0_UPLOAD/BOXER/CYLOM\KZ-04-75_CP-11\20240402\can_Tapper16-03-11-01-09-57.pcap.gz
302,2024-03-11 05:53:04.459442,can_tapper16,2024-03-11 05:52:04.459442,2024-03-11 05:55:04.459442,30.1,59.956575,119.944896,14465.071422,2159,372,480,//qar7000185/GP0_UPLOAD/BOXER/CYLOM\KZ-04-75_CP-11\20240402\can_Tapper16-03-11-05-09-57.pcap.gz
303,2024-03-11 11:31:55.414289,can_tapper16,2024-03-11 11:30:55.414289,2024-03-11 11:33:55.414289,34.15,59.98795,119.928304,20330.954847,4318,784,810,//qar7000185/GP0_UPLOAD/BOXER/CYLOM\KZ-04-75_CP-11\20240402\can_Tapper16-03-11-11-09-57.pcap.gz
304,2024-03-11 11:31:55.414289,can_tapper16,2024-03-11 11:30:55.414289,2024-03-11 11:33:55.414289,34.15,59.98795,119.928304,0.0,4318,784,810,//qar7000185/GP0_UPLOAD/BOXER/CYLOM\KZ-04-75_CP-11\20240402\can_Tapper16-03-11-11-09-57.pcap.gz
305,2024-03-11 13:27:50.674362,can_tapper16,2024-03-11 13:26:50.674362,2024-03-11 13:29:50.674362,33.0,59.828269,119.826225,6955.260073,2157,297,539,//qar7000185/GP0_UPLOAD/BOXER/CYLOM\KZ-04-75_CP-11\20240402\can_Tapper16-03-11-13-09-57.pcap.gz
306,2024-03-11 15:25:22.683752,can_tapper16,2024-03-11 15:24:22.683752,2024-03-11 15:27:22.683752,42.25,59.804958,119.830682,7052.00939,2157,312,256,//qar7000185/GP0_UPLOAD/BOXER/CYLOM\KZ-04-75_CP-11\20240402\can_Tapper16-03-11-15-09-57.pcap.gz
307,2024-03-11 18:31:29.297056,can_tapper16,2024-03-11 18:30:29.297056,2024-03-11 18:33:29.297056,27.45,59.875387,119.953636,11166.613304,2158,376,400,//qar7000185/GP0_UPLOAD/BOXER/CYLOM\KZ-04-75_CP-11\20240402\can_Tapper16-03-11-18-09-57.pcap.gz
308,2024-03-11 23:49:32.928602,can_tapper16,2024-03-11 23:48:32.928602,2024-03-11 23:51:32.928602,26.15,59.990906,119.991292,19083.631546,2159,378,381,//qar7000185/GP0_UPLOAD/BOXER/CYLOM\KZ-04-75_CP-11\20240402\can_Tapper16-03-11-23-09-57.pcap.gz
309,2024-03-12 02:51:01.900428,can_tapper16,2024-03-12 02:50:01.900428,2024-03-12 02:53:01.900428,26.0,59.972349,119.867954,10888.971826,2160,382,336,//qar7000185/GP0_UPLOAD/BOXER/CYLOM\KZ-04-75_CP-11\20240402\can_Tapper16-03-12-02-09-57.pcap.gz
310,2024-03-12 15:00:14.524860,can_tapper16,2024-03-12 14:59:14.524860,2024-03-12 15:02:14.524860,33.49166666666666,59.959422,119.931056,43752.624432,2159,379,488,//qar7000185/GP0_UPLOAD/BOXER/CYLOM\KZ-04-75_CP-11\20240402\can_Tapper16-03-12-14-09-57.pcap.gz
311,2024-03-12 20:02:13.299522,can_tapper16,2024-03-12 20:01:13.299522,2024-03-12 20:04:13.299522,30.108333333333338,59.989709,119.889932,18118.774662,2158,359,512,//qar7000185/GP0_UPLOAD/BOXER/CYLOM\KZ-04-75_CP-11\20240402\can_Tapper16-03-12-19-09-57.pcap.gz
312,2024-03-12 22:40:01.315473,can_tapper16,2024-03-12 22:39:01.315473,2024-03-12 22:42:01.315473,28.182142857142857,59.903791,119.95465,9468.015951,2158,386,553,//qar7000185/GP0_UPLOAD/BOXER/CYLOM\KZ-04-75_CP-11\20240402\can_Tapper16-03-12-22-09-57.pcap.gz
313,2024-03-13 01:40:30.698595,can_tapper16,2024-03-13 01:39:30.698595,2024-03-13 01:42:30.698595,26.166666666666664,59.934975,119.947394,10829.383122,2159,336,580,//qar7000185/GP0_UPLOAD/BOXER/CYLOM\KZ-04-75_CP-11\20240402\can_Tapper16-03-13-01-09-57.pcap.gz
314,2024-03-13 05:36:50.127010,can_tapper16,2024-03-13 05:35:50.127010,2024-03-13 05:38:50.127010,23.7,59.996919,119.956357,14179.428415,2160,382,519,//qar7000185/GP0_UPLOAD/BOXER/CYLOM\KZ-04-75_CP-11\20240402\can_Tapper16-03-13-05-09-57.pcap.gz
315,2024-03-13 09:20:26.867964,can_tapper16,2024-03-13 09:19:26.867964,2024-03-13 09:22:26.867964,20.791666666666668,59.92981,119.922889,13416.740954,2159,404,537,//qar7000185/GP0_UPLOAD/BOXER/CYLOM\KZ-04-75_CP-11\20240402\can_Tapper16-03-13-09-09-57.pcap.gz
316,2024-03-13 11:13:13.615509,can_tapper16,2024-03-13 11:12:13.615509,2024-03-13 11:15:13.615509,23.05,59.852683,119.828793,6766.747545,2157,349,521,//qar7000185/GP0_UPLOAD/BOXER/CYLOM\KZ-04-75_CP-11\20240402\can_Tapper16-03-13-11-09-57.pcap.gz
317,2024-03-13 16:38:12.827618,can_tapper16,2024-03-13 16:37:12.827618,2024-03-13 16:40:12.827618,22.4,59.933811,119.882135,19499.212109,2158,407,403,//qar7000185/GP0_UPLOAD/BOXER/CYLOM\KZ-04-75_CP-11\20240402\can_Tapper16-03-13-16-09-57.pcap.gz
318,2024-03-13 23:09:40.015661,can_tapper16,2024-03-13 23:08:40.015661,2024-03-13 23:11:40.015661,24.285,59.999298,119.983889,23487.188043,2160,384,684,//qar7000185/GP0_UPLOAD/BOXER/CYLOM\KZ-04-75_CP-11\20240402\can_Tapper16-03-13-22-09-57.pcap.gz
319,2024-03-14 01:53:06.925363,can_tapper16,2024-03-14 01:52:06.925363,2024-03-14 01:55:06.925363,24.5,59.853156,119.992173,9806.909702,2158,333,513,//qar7000185/GP0_UPLOAD/BOXER/CYLOM\KZ-04-75_CP-11\20240402\can_Tapper16-03-14-01-09-57.pcap.gz
320,2024-03-14 03:50:37.438206,can_tapper16,2024-03-14 03:49:37.438206,2024-03-14 03:52:37.438206,26.8,59.9789,119.902054,7050.512843,2159,390,379,//qar7000185/GP0_UPLOAD/BOXER/CYLOM\KZ-04-75_CP-11\20240402\can_Tapper16-03-14-03-09-57.pcap.gz
321,2024-03-14 03:50:42.964830,can_tapper16,2024-03-14 03:49:42.964830,2024-03-14 03:52:42.964830,23.45714285714286,59.962482,119.875925,5.526624,2158,388,397,//qar7000185/GP0_UPLOAD/BOXER/CYLOM\KZ-04-75_CP-11\20240402\can_Tapper16-03-14-03-09-57.pcap.gz
322,2024-03-14 04:46:48.446193,can_tapper16,2024-03-14 04:45:48.446193,2024-03-14 04:48:48.446193,25.35,59.962431,119.978223,3365.481363,2159,348,486,//qar7000185/GP0_UPLOAD/BOXER/CYLOM\KZ-04-75_CP-11\20240402\can_Tapper16-03-14-04-09-57.pcap.gz
323,2024-03-14 05:57:24.931756,can_tapper16,2024-03-14 05:56:24.931756,2024-03-14 05:59:24.931756,23.4,59.972899,119.94245,4236.485563,2159,391,427,//qar7000185/GP0_UPLOAD/BOXER/CYLOM\KZ-04-75_CP-11\20240402\can_Tapper16-03-14-05-09-57.pcap.gz
324,2024-03-14 13:07:26.067029,can_tapper16,2024-03-14 13:06:26.067029,2024-03-14 13:09:26.067029,21.65,59.943308,119.899449,25801.135273,2159,367,475,//qar7000185/GP0_UPLOAD/BOXER/CYLOM\KZ-04-75_CP-11\20240402\can_Tapper16-03-14-12-09-57.pcap.gz
325,2024-03-14 15:26:20.096045,can_tapper16,2024-03-14 15:25:20.096045,2024-03-14 15:28:20.096045,,59.942072,119.96298,8334.029016,2159,347,454,//qar7000185/GP0_UPLOAD/BOXER/CYLOM\KZ-04-75_CP-11\20240402\can_Tapper16-03-14-15-09-57.pcap.gz
326,2024-03-14 18:51:24.454729,can_tapper16,2024-03-14 18:50:24.454729,2024-03-14 18:53:24.454729,35.56666666666667,59.937749,119.98905,12304.358684,2159,411,558,//qar7000185/GP0_UPLOAD/BOXER/CYLOM\KZ-04-75_CP-11\20240402\can_Tapper16-03-14-18-09-57.pcap.gz
327,2024-03-14 21:37:14.154437,can_tapper16,2024-03-14 21:36:14.154437,2024-03-14 21:39:14.154437,31.5,60.000407,119.934054,9949.699708,2159,463,488,//qar7000185/GP0_UPLOAD/BOXER/CYLOM\KZ-04-75_CP-11\20240402\can_Tapper16-03-14-21-09-57.pcap.gz
328,2024-03-15 00:47:46.408518,can_tapper16,2024-03-15 00:46:46.408518,2024-03-15 00:49:46.408518,30.125,59.988,119.902799,11432.254081,2160,385,438,//qar7000185/GP0_UPLOAD/BOXER/CYLOM\KZ-04-75_CP-11\20240402\can_Tapper16-03-15-00-09-57.pcap.gz
329,2024-03-15 04:01:32.794273,can_tapper16,2024-03-15 04:00:32.794273,2024-03-15 04:03:32.794273,23.866666666666667,59.837824,119.835452,11626.385755,2157,353,443,//qar7000185/GP0_UPLOAD/BOXER/CYLOM\KZ-04-75_CP-11\20240402\can_Tapper16-03-15-03-09-57.pcap.gz
330,2024-03-15 05:56:05.584047,can_tapper16,2024-03-15 05:55:05.584047,2024-03-15 05:58:05.584047,24.65,59.985946,119.99578,6872.789774,2159,434,485,//qar7000185/GP0_UPLOAD/BOXER/CYLOM\KZ-04-75_CP-11\20240402\can_Tapper16-03-15-05-09-57.pcap.gz
331,2024-03-15 12:32:30.608028,can_tapper16,2024-03-15 12:31:30.608028,2024-03-15 12:34:30.608028,38.45,59.848816,119.833126,23785.023981,2157,362,443,//qar7000185/GP0_UPLOAD/BOXER/CYLOM\KZ-04-75_CP-11\20240402\can_Tapper16-03-15-12-09-57.pcap.gz
332,2024-03-15 15:30:41.551866,can_tapper16,2024-03-15 15:29:41.551866,2024-03-15 15:32:41.551866,42.416666666666664,59.958943,119.926825,10690.943838,2159,402,554,//qar7000185/GP0_UPLOAD/BOXER/CYLOM\KZ-04-75_CP-11\20240402\can_Tapper16-03-15-15-09-57.pcap.gz
333,2024-03-15 20:16:07.397130,can_tapper16,2024-03-15 20:15:07.397130,2024-03-15 20:18:07.397130,37.910000000000004,59.953505,119.968527,17125.845264,2159,364,596,//qar7000185/GP0_UPLOAD/BOXER/CYLOM\KZ-04-75_CP-11\20240402\can_Tapper16-03-15-20-09-57.pcap.gz
334,2024-03-16 00:10:58.607095,can_tapper16,2024-03-16 00:09:58.607095,2024-03-16 00:12:58.607095,34.775,59.983251,119.902976,14091.209965,2159,458,486,//qar7000185/GP0_UPLOAD/BOXER/CYLOM\KZ-04-75_CP-11\20240402\can_Tapper16-03-16-00-09-57.pcap.gz
335,2024-03-16 05:12:28.240283,can_tapper16,2024-03-16 05:11:28.240283,2024-03-16 05:14:28.240283,31.8,59.860105,119.827299,18089.633188,2157,459,495,//qar7000185/GP0_UPLOAD/BOXER/CYLOM\KZ-04-75_CP-11\20240402\can_Tapper16-03-16-05-09-57.pcap.gz
336,2024-03-16 10:55:37.585849,can_tapper16,2024-03-16 10:54:37.585849,2024-03-16 10:57:37.585849,24.45,59.986645,119.95263,20589.345566,2160,392,480,//qar7000185/GP0_UPLOAD/BOXER/CYLOM\KZ-04-75_CP-11\20240402\can_Tapper16-03-16-10-09-57.pcap.gz
337,2024-03-16 14:41:52.180052,can_tapper16,2024-03-16 14:40:52.180052,2024-03-16 14:43:52.180052,23.55,59.956255,120.000851,13574.594203,2160,396,563,//qar7000185/GP0_UPLOAD/BOXER/CYLOM\KZ-04-75_CP-11\20240402\can_Tapper16-03-16-14-09-57.pcap.gz
338,2024-03-16 19:24:41.681082,can_tapper16,2024-03-16 19:23:41.681082,2024-03-16 19:26:41.681082,,59.999793,119.870776,16969.50103,2159,342,396,//qar7000185/GP0_UPLOAD/BOXER/CYLOM\KZ-04-75_CP-11\20240402\can_Tapper16-03-16-19-09-57.pcap.gz
339,2024-03-17 03:01:22.092758,can_tapper16,2024-03-17 03:00:22.092758,2024-03-17 03:03:22.092758,20.9,59.981976,119.8556,27400.411676,2158,399,280,//qar7000185/GP0_UPLOAD/BOXER/CYLOM\KZ-04-75_CP-11\20240402\can_Tapper16-03-17-02-09-57.pcap.gz
340,2024-03-17 03:02:31.423297,can_tapper16,2024-03-17 03:01:31.423297,2024-03-17 03:04:31.423297,20.925,59.856583,119.816555,69.330539,2157,427,442,//qar7000185/GP0_UPLOAD/BOXER/CYLOM\KZ-04-75_CP-11\20240402\can_Tapper16-03-17-02-09-57.pcap.gz
341,2024-03-17 05:18:17.399495,can_tapper16,2024-03-17 05:17:17.399495,2024-03-17 05:20:17.399495,22.98333333333333,59.826473,119.813877,8145.976198,2157,467,464,//qar7000185/GP0_UPLOAD/BOXER/CYLOM\KZ-04-75_CP-11\20240402\can_Tapper16-03-17-05-09-57.pcap.gz
342,2024-03-17 08:00:22.225039,can_tapper16,2024-03-17 07:59:22.225039,2024-03-17 08:02:22.225039,22.05,59.962463,119.97075,9724.825544,2159,369,626,//qar7000185/GP0_UPLOAD/BOXER/CYLOM\KZ-04-75_CP-11\20240402\can_Tapper16-03-17-07-09-57.pcap.gz
343,2024-03-17 10:08:03.077335,can_tapper16,2024-03-17 10:07:03.077335,2024-03-17 10:10:03.077335,24.59166666666667,59.942933,119.981939,7660.852296,2159,325,376,//qar7000185/GP0_UPLOAD/BOXER/CYLOM\KZ-04-75_CP-11\20240402\can_Tapper16-03-17-09-09-57.pcap.gz
344,2024-03-17 13:50:32.213637,can_tapper16,2024-03-17 13:49:32.213637,2024-03-17 13:52:32.213637,35.45,59.971931,119.926565,13349.136302,2159,487,449,//qar7000185/GP0_UPLOAD/BOXER/CYLOM\KZ-04-75_CP-11\20240402\can_Tapper16-03-17-13-09-57.pcap.gz
345,2024-03-17 16:10:55.937091,can_tapper16,2024-03-17 16:09:55.937091,2024-03-17 16:12:55.937091,42.66666666666667,59.953213,119.922856,8423.723454,2160,270,351,//qar7000185/GP0_UPLOAD/BOXER/CYLOM\KZ-04-75_CP-11\20240402\can_Tapper16-03-17-16-09-57.pcap.gz
346,2024-03-18 13:00:02.454690,can_tapper16,2024-03-18 12:59:02.454690,2024-03-18 13:02:02.454690,27.7,13.335077,119.998218,74946.517599,1600,302,460,//qar7000185/GP0_UPLOAD/BOXER/CYLOM\KZ-04-75_CP-11\20240402\can_Tapper16-03-18-12-59-48.pcap.gz
347,2024-03-19 06:39:16.067324,can_tapper16,2024-03-19 06:38:16.067324,2024-03-19 06:41:16.067324,21.25,0.995094,119.850015,63553.612634,1452,316,300,//qar7000185/GP0_UPLOAD/BOXER/CYLOM\KZ-04-75_CP-11\20240402\can_Tapper16-03-19-06-39-14.pcap.gz
348,2024-03-19 07:25:20.495178,can_tapper16,2024-03-19 07:24:20.495178,2024-03-19 07:27:20.495178,17.60833333333333,59.989316,119.96535,2764.427854,2159,330,436,//qar7000185/GP0_UPLOAD/BOXER/CYLOM\KZ-04-75_CP-11\20240402\can_Tapper16-03-19-06-39-14.pcap.gz
349,2024-03-19 09:11:30.482463,can_tapper16,2024-03-19 09:10:30.482463,2024-03-19 09:13:30.482463,16.5,59.991759,119.894434,6369.987285,2158,351,617,//qar7000185/GP0_UPLOAD/BOXER/CYLOM\KZ-04-75_CP-11\20240402\can_Tapper16-03-19-08-39-14.pcap.gz
350,2024-03-19 11:52:15.673146,can_tapper16,2024-03-19 11:51:15.673146,2024-03-19 11:54:15.673146,27.18,59.997679,119.995805,9645.190683,2159,399,249,//qar7000185/GP0_UPLOAD/BOXER/CYLOM\KZ-04-75_CP-11\20240402\can_Tapper16-03-19-11-39-14.pcap.gz
351,2024-03-19 12:00:37.085869,can_tapper16,2024-03-19 11:59:37.085869,2024-03-19 12:02:37.085869,27.74,59.819348,119.864834,501.412723,2157,477,410,//qar7000185/GP0_UPLOAD/BOXER/CYLOM\KZ-04-75_CP-11\20240402\can_Tapper16-03-19-11-39-14.pcap.gz
352,2024-03-27 08:06:04.658784,can_tapper16,2024-03-27 08:05:04.658784,2024-03-27 08:08:04.658784,12.75,59.771332,119.839445,677127.572915,2157,353,420,//qar7000185/GP0_UPLOAD/BOXER/CYLOM\KZ-04-75_CP-11\20240402\can_Tapper16-03-27-08-05-00.pcap.gz
353,2024-04-09 08:53:42.251772,can_tapper16,2024-04-09 08:52:42.251772,2024-04-09 08:55:42.251772,15.475,10.865687,119.961261,1126057.592988,1572,300,326,//qar7000185/GP0_UPLOAD/BOXER/CYLOM\KZ-04-75_CP-11\20250123\can_Tapper16-04-09-08-53-31.pcap.gz
354,2024-04-11 08:34:22.073982,can_tapper16,2024-04-11 08:33:22.073982,2024-04-11 08:36:22.073982,13.75,24.257363,119.878707,171639.82221,1731,287,242,//qar7000185/GP0_UPLOAD/BOXER/CYLOM\KZ-04-75_CP-11\20250123\can_Tapper16-04-11-08-33-57.pcap.gz
355,2024-04-11 08:56:51.983655,can_tapper16,2024-04-11 08:55:51.983655,2024-04-11 08:58:51.983655,16.6,59.983453,119.919946,1349.909673,2160,351,377,//qar7000185/GP0_UPLOAD/BOXER/CYLOM\KZ-04-75_CP-11\20250123\can_Tapper16-04-11-08-33-57.pcap.gz
356,2024-04-11 08:58:15.137500,can_tapper16,2024-04-11 08:57:15.137500,2024-04-11 09:00:15.137500,18.7,59.845919,119.996251,83.153845,2158,337,449,//qar7000185/GP0_UPLOAD/BOXER/CYLOM\KZ-04-75_CP-11\20250123\can_Tapper16-04-11-08-33-57.pcap.gz
357,2024-04-11 09:00:13.098373,can_tapper16,2024-04-11 08:59:13.098373,2024-04-11 09:02:13.098373,16.68333333333333,60.000224,103.629001,117.960873,1965,289,375,//qar7000185/GP0_UPLOAD/BOXER/CYLOM\KZ-04-75_CP-11\20250123\can_Tapper16-04-11-08-33-57.pcap.gz
358,2024-04-11 09:03:03.730790,can_tapper16,2024-04-11 09:02:03.730790,2024-04-11 09:05:03.730790,17.075,26.593686,119.961625,170.632417,1759,291,431,//qar7000185/GP0_UPLOAD/BOXER/CYLOM\KZ-04-75_CP-11\20250123\can_Tapper16-04-11-09-02-36.pcap.gz
359,2024-04-11 09:23:24.359479,can_tapper16,2024-04-11 09:22:24.359479,2024-04-11 09:25:24.359479,17.3,13.202932,119.892717,1220.628689,1599,233,371,//qar7000185/GP0_UPLOAD/BOXER/CYLOM\KZ-04-75_CP-11\20250123\can_Tapper16-04-11-09-23-10.pcap.gz
360,2024-04-11 09:27:35.764660,can_tapper16,2024-04-11 09:26:35.764660,2024-04-11 09:29:35.764660,17.241666666666667,59.999832,84.121775,251.405181,1730,185,235,//qar7000185/GP0_UPLOAD/BOXER/CYLOM\KZ-04-75_CP-11\20250123\can_Tapper16-04-11-09-23-10.pcap.gz
361,2024-06-11 07:24:25.556716,can_tapper16,2024-06-11 07:23:25.556716,2024-06-11 07:26:25.556716,15.05,22.248168,119.801152,5263009.792056,1707,384,451,//qar7000185/GP0_UPLOAD/BOXER/CYLOM\KZ-04-75_CP-11\20250123\can_Tapper16-06-11-07-24-03.pcap.gz
362,2024-06-11 07:28:14.303414,can_tapper16,2024-06-11 07:27:14.303414,2024-06-11 07:30:14.303414,15.0,59.949617,119.868777,228.746698,2160,395,302,//qar7000185/GP0_UPLOAD/BOXER/CYLOM\KZ-04-75_CP-11\20250123\can_Tapper16-06-11-07-24-03.pcap.gz
363,2024-06-11 07:39:11.899837,can_tapper16,2024-06-11 07:38:11.899837,2024-06-11 07:41:11.899837,15.058333333333334,59.978949,119.860225,657.596423,2160,471,382,//qar7000185/GP0_UPLOAD/BOXER/CYLOM\KZ-04-75_CP-11\20250123\can_Tapper16-06-11-07-24-03.pcap.gz
364,2024-06-13 08:34:24.298017,can_tapper16,2024-06-13 08:33:24.298017,2024-06-13 08:36:24.298017,14.683333333333334,3.924588,119.872235,176112.39818,1488,286,320,//qar7000185/GP0_UPLOAD/BOXER/CYLOM\KZ-04-75_CP-11\20250123\can_Tapper16-06-13-08-34-20.pcap.gz
365,2024-06-13 08:38:34.750199,can_tapper16,2024-06-13 08:37:34.750199,2024-06-13 08:40:34.750199,14.65,59.843723,119.999075,250.452182,2160,435,399,//qar7000185/GP0_UPLOAD/BOXER/CYLOM\KZ-04-75_CP-11\20250123\can_Tapper16-06-13-08-34-20.pcap.gz
366,2024-06-13 08:42:57.497382,can_tapper16,2024-06-13 08:41:57.497382,2024-06-13 08:44:57.497382,14.65,59.975072,119.858101,262.747183,2159,399,509,//qar7000185/GP0_UPLOAD/BOXER/CYLOM\KZ-04-75_CP-11\20250123\can_Tapper16-06-13-08-34-20.pcap.gz
367,2024-06-13 08:55:51.393882,can_tapper16,2024-06-13 08:54:51.393882,2024-06-13 08:57:51.393882,14.741666666666665,59.922149,119.899592,773.8965,2159,310,350,//qar7000185/GP0_UPLOAD/BOXER/CYLOM\KZ-04-75_CP-11\20250123\can_Tapper16-06-13-08-34-20.pcap.gz
368,2024-06-13 09:09:04.450502,can_tapper16,2024-06-13 09:08:04.450502,2024-06-13 09:11:04.450502,14.84,59.910911,119.91405,793.05662,2159,250,195,//qar7000185/GP0_UPLOAD/BOXER/CYLOM\KZ-04-75_CP-11\20250123\can_Tapper16-06-13-08-34-20.pcap.gz
369,2024-06-13 10:06:59.150840,can_tapper16,2024-06-13 10:05:59.150840,2024-06-13 10:08:59.150840,14.975,59.995073,119.796075,3474.700338,2159,469,452,//qar7000185/GP0_UPLOAD/BOXER/CYLOM\KZ-04-75_CP-11\20250123\can_Tapper16-06-13-10-04-23.pcap.gz
370,2024-06-13 10:20:22.643215,can_tapper16,2024-06-13 10:19:22.643215,2024-06-13 10:22:22.643215,17.25,59.912296,119.882673,803.492375,2160,366,415,//qar7000185/GP0_UPLOAD/BOXER/CYLOM\KZ-04-75_CP-11\20250123\can_Tapper16-06-13-10-04-23.pcap.gz
371,2024-06-13 10:34:45.056517,can_tapper16,2024-06-13 10:33:45.056517,2024-06-13 10:36:45.056517,15.1,59.982901,119.814098,862.413302,2160,203,273,//qar7000185/GP0_UPLOAD/BOXER/CYLOM\KZ-04-75_CP-11\20250123\can_Tapper16-06-13-10-04-23.pcap.gz
372,2024-06-13 10:43:31.631291,can_tapper16,2024-06-13 10:42:31.631291,2024-06-13 10:45:31.631291,15.05,59.988713,119.877915,526.574774,2159,298,419,//qar7000185/GP0_UPLOAD/BOXER/CYLOM\KZ-04-75_CP-11\20250123\can_Tapper16-06-13-10-04-23.pcap.gz
373,2024-06-13 10:49:59.783088,can_tapper16,2024-06-13 10:48:59.783088,2024-06-13 10:51:59.783088,15.183333333333332,59.800645,119.864456,388.151797,2157,325,666,//qar7000185/GP0_UPLOAD/BOXER/CYLOM\KZ-04-75_CP-11\20250123\can_Tapper16-06-13-10-04-23.pcap.gz
374,2024-06-13 10:57:54.895986,can_tapper16,2024-06-13 10:56:54.895986,2024-06-13 10:59:54.895986,15.226190476190476,59.979425,119.833989,475.112898,2158,288,580,//qar7000185/GP0_UPLOAD/BOXER/CYLOM\KZ-04-75_CP-11\20250123\can_Tapper16-06-13-10-04-23.pcap.gz
375,2024-06-13 11:12:20.332106,can_tapper16,2024-06-13 11:11:20.332106,2024-06-13 11:14:20.332106,15.3,59.836397,119.995795,865.43612,2159,243,225,//qar7000185/GP0_UPLOAD/BOXER/CYLOM\KZ-04-75_CP-11\20250123\can_Tapper16-06-13-11-04-23.pcap.gz
376,2024-06-13 11:16:45.584157,can_tapper16,2024-06-13 11:15:45.584157,2024-06-13 11:18:45.584157,15.3,59.997126,119.813293,265.252051,2159,193,190,//qar7000185/GP0_UPLOAD/BOXER/CYLOM\KZ-04-75_CP-11\20250123\can_Tapper16-06-13-11-04-23.pcap.gz
377,2024-06-13 11:24:39.537948,can_tapper16,2024-06-13 11:23:39.537948,2024-06-13 11:26:39.537948,15.36,59.915244,119.966052,473.953791,2160,225,364,//qar7000185/GP0_UPLOAD/BOXER/CYLOM\KZ-04-75_CP-11\20250123\can_Tapper16-06-13-11-04-23.pcap.gz
378,2024-06-13 11:28:41.776732,can_tapper16,2024-06-13 11:27:41.776732,2024-06-13 11:30:41.776732,15.35,59.783528,119.839735,242.238784,2157,336,382,//qar7000185/GP0_UPLOAD/BOXER/CYLOM\KZ-04-75_CP-11\20250123\can_Tapper16-06-13-11-04-23.pcap.gz
379,2024-06-13 11:30:19.022342,can_tapper16,2024-06-13 11:29:19.022342,2024-06-13 11:32:19.022342,15.375,59.948291,119.956788,97.24561,2159,397,550,//qar7000185/GP0_UPLOAD/BOXER/CYLOM\KZ-04-75_CP-11\20250123\can_Tapper16-06-13-11-04-23.pcap.gz
380,2024-06-13 12:12:24.129312,can_tapper16,2024-06-13 12:11:24.129312,2024-06-13 12:14:24.129312,15.559999999999999,59.995821,119.838203,2525.10697,2160,383,661,//qar7000185/GP0_UPLOAD/BOXER/CYLOM\KZ-04-75_CP-11\20250123\can_Tapper16-06-13-12-11-13.pcap.gz
381,2024-06-13 12:28:40.874937,can_tapper16,2024-06-13 12:27:40.874937,2024-06-13 12:30:40.874937,15.65,59.880249,119.94718,976.745625,2160,141,254,//qar7000185/GP0_UPLOAD/BOXER/CYLOM\KZ-04-75_CP-11\20250123\can_Tapper16-06-13-12-11-13.pcap.gz
382,2024-06-13 12:30:17.703611,can_tapper16,2024-06-13 12:29:17.703611,2024-06-13 12:32:17.703611,15.65,59.946222,119.925244,96.828674,2160,225,342,//qar7000185/GP0_UPLOAD/BOXER/CYLOM\KZ-04-75_CP-11\20250123\can_Tapper16-06-13-12-11-13.pcap.gz
383,2024-06-13 12:38:48.729810,can_tapper16,2024-06-13 12:37:48.729810,2024-06-13 12:40:48.729810,15.7125,59.906978,119.984674,511.026199,2159,295,405,//qar7000185/GP0_UPLOAD/BOXER/CYLOM\KZ-04-75_CP-11\20250123\can_Tapper16-06-13-12-11-13.pcap.gz
384,2024-06-19 10:36:57.625000,can_tapper16,2024-06-19 10:35:57.625000,2024-06-19 10:38:57.625000,16.55833333333333,14.254471,65.31015,511088.89519,957,207,288,//qar7000185/GP0_UPLOAD/BOXER/CYLOM\KZ-04-75_CP-11\20250123\can_Tapper16-06-19-10-36-43.pcap.gz
385,2024-06-20 10:11:25.123713,can_tapper16,2024-06-20 10:10:25.123713,2024-06-20 10:13:25.123713,16.6,10.769255,91.031398,84867.498713,1224,256,334,//qar7000185/GP0_UPLOAD/BOXER/CYLOM\KZ-04-75_CP-11\20250123\can_Tapper16-06-20-10-11-14.pcap.gz
386,2024-06-20 10:15:47.961735,can_tapper16,2024-06-20 10:14:47.961735,2024-06-20 10:17:47.961735,16.6,21.584628,119.76705,262.838022,1698,315,500,//qar7000185/GP0_UPLOAD/BOXER/CYLOM\KZ-04-75_CP-11\20250123\can_Tapper16-06-20-10-15-26.pcap.gz
387,2024-06-20 10:38:47.066038,can_tapper16,2024-06-20 10:37:47.066038,2024-06-20 10:40:47.066038,16.575,59.909664,119.969335,1379.104303,2160,421,418,//qar7000185/GP0_UPLOAD/BOXER/CYLOM\KZ-04-75_CP-11\20250123\can_Tapper16-06-20-10-36-27.pcap.gz
388,2024-06-20 11:12:42.252477,can_tapper16,2024-06-20 11:11:42.252477,2024-06-20 11:14:42.252477,,6.608601,119.974917,2035.186439,1521,313,312,//qar7000185/GP0_UPLOAD/BOXER/CYLOM\KZ-04-75_CP-11\20250123\can_Tapper16-06-20-11-12-35.pcap.gz
389,2024-06-20 11:22:52.874993,can_tapper16,2024-06-20 11:21:52.874993,2024-06-20 11:24:52.874993,17.09166666666667,1.551037,119.999914,610.622516,1459,259,472,//qar7000185/GP0_UPLOAD/BOXER/CYLOM\KZ-04-75_CP-11\20250123\can_Tapper16-06-20-11-22-51.pcap.gz
390,2024-06-21 08:01:40.092894,can_tapper16,2024-06-21 08:00:40.092894,2024-06-21 08:03:40.092894,18.416666666666668,59.941962,119.955161,74327.217901,2159,424,372,//qar7000185/GP0_UPLOAD/BOXER/CYLOM\KZ-04-75_CP-11\20250123\can_Tapper16-06-21-07-26-27.pcap.gz
391,2024-06-21 08:18:28.565294,can_tapper16,2024-06-21 08:17:28.565294,2024-06-21 08:20:28.565294,18.40833333333333,11.026406,119.987787,1008.4724,1560,283,414,//qar7000185/GP0_UPLOAD/BOXER/CYLOM\KZ-04-75_CP-11\20250123\can_Tapper16-06-21-08-18-17.pcap.gz
392,2024-06-24 08:12:21.364879,can_tapper16,2024-06-24 08:11:21.364879,2024-06-24 08:14:21.364879,15.5,59.970583,119.918882,258832.799585,2160,338,392,//qar7000185/GP0_UPLOAD/BOXER/CYLOM\KZ-04-75_CP-11\20250123\can_Tapper16-06-24-08-02-21.pcap.gz
393,2024-06-24 10:34:19.623127,can_tapper16,2024-06-24 10:33:19.623127,2024-06-24 10:36:19.623127,18.509999999999998,59.994636,119.908072,8518.258248,2160,431,475,//qar7000185/GP0_UPLOAD/BOXER/CYLOM\KZ-04-75_CP-11\20250123\can_Tapper16-06-24-10-32-37.pcap.gz
394,2024-06-24 12:26:34.082852,can_tapper16,2024-06-24 12:25:34.082852,2024-06-24 12:28:34.082852,21.35,47.046745,119.888913,6734.459725,2004,337,367,//qar7000185/GP0_UPLOAD/BOXER/CYLOM\KZ-04-75_CP-11\20250123\can_Tapper16-06-24-12-25-46.pcap.gz
395,2024-06-24 12:48:07.862512,can_tapper16,2024-06-24 12:47:07.862512,2024-06-24 12:50:07.862512,18.95,59.942491,119.860628,1293.77966,2158,395,509,//qar7000185/GP0_UPLOAD/BOXER/CYLOM\KZ-04-75_CP-11\20250123\can_Tapper16-06-24-12-25-46.pcap.gz
396,2024-06-24 12:49:09.192335,can_tapper16,2024-06-24 12:48:09.192335,2024-06-24 12:51:09.192335,18.95,59.887304,119.987198,61.329823,2158,409,565,//qar7000185/GP0_UPLOAD/BOXER/CYLOM\KZ-04-75_CP-11\20250123\can_Tapper16-06-24-12-25-46.pcap.gz
397,2024-06-24 13:08:40.297837,can_tapper16,2024-06-24 13:07:40.297837,2024-06-24 13:10:40.297837,19.508333333333333,59.965707,119.883026,1171.105502,2158,398,459,//qar7000185/GP0_UPLOAD/BOXER/CYLOM\KZ-04-75_CP-11\20250123\can_Tapper16-06-24-12-25-46.pcap.gz
398,2024-06-24 13:15:16.424455,can_tapper16,2024-06-24 13:14:16.424455,2024-06-24 13:17:16.424455,19.625,59.80666,119.801644,396.126618,2157,385,484,//qar7000185/GP0_UPLOAD/BOXER/CYLOM\KZ-04-75_CP-11\20250123\can_Tapper16-06-24-13-13-43.pcap.gz
399,2024-07-08 08:16:52.140129,can_tapper16,2024-07-08 08:15:52.140129,2024-07-08 08:18:52.140129,16.45,3.326579,119.986916,1191695.715674,1480,371,420,//qar7000185/GP0_UPLOAD/BOXER/CYLOM\KZ-04-75_CP-11\20250123\can_Tapper16-07-08-08-16-48.pcap.gz
400,2024-07-08 08:53:57.561694,can_tapper16,2024-07-08 08:52:57.561694,2024-07-08 08:55:57.561694,16.458333333333332,59.78565,119.879874,2225.421565,2157,438,517,//qar7000185/GP0_UPLOAD/BOXER/CYLOM\KZ-04-75_CP-11\20250123\can_Tapper16-07-08-08-16-48.pcap.gz
401,2024-08-27 14:49:17.004790,can_tapper16,2024-08-27 14:48:17.004790,2024-08-27 14:51:17.004790,16.6,0.663463,56.65017,4341319.443096,690,159,126,//qar7000185/GP0_UPLOAD/BOXER/CYLOM\KZ-04-75_CP-11\20250123\can_Tapper16-08-27-14-49-16.pcap.gz
402,2024-08-29 10:59:31.215290,can_tapper16,2024-08-29 10:58:31.215290,2024-08-29 11:01:31.215290,18.55,7.862638,119.980845,159014.2105,1534,319,243,//qar7000185/GP0_UPLOAD/BOXER/CYLOM\KZ-04-75_CP-11\20250123\can_Tapper16-08-29-10-59-23.pcap.gz
403,2024-09-11 10:51:30.237567,can_tapper16,2024-09-11 10:50:30.237567,2024-09-11 10:53:30.237567,,20.132038,119.927894,1122719.022277,1344,233,203,//qar7000185/GP0_UPLOAD/BOXER/CYLOM\KZ-04-75_CP-11\20250123\can_Tapper16-09-11-10-51-09.pcap.gz
404,2024-09-11 10:53:23.343089,can_tapper16,2024-09-11 10:52:23.343089,2024-09-11 10:55:23.343089,12.233333333333333,59.946097,119.907675,113.105522,1821,342,197,//qar7000185/GP0_UPLOAD/BOXER/CYLOM\KZ-04-75_CP-11\20250123\can_Tapper16-09-11-10-53-12.pcap.gz
405,2024-09-11 11:20:17.239062,can_tapper16,2024-09-11 11:19:17.239062,2024-09-11 11:22:17.239062,12.15,59.985523,119.93342,1613.895973,2160,448,531,//qar7000185/GP0_UPLOAD/BOXER/CYLOM\KZ-04-75_CP-11\20250123\can_Tapper16-09-11-10-53-12.pcap.gz
406,2024-09-11 12:04:50.594551,can_tapper16,2024-09-11 12:03:50.594551,2024-09-11 12:06:50.594551,12.225,59.992877,119.845221,2673.355489,2160,416,465,//qar7000185/GP0_UPLOAD/BOXER/CYLOM\KZ-04-75_CP-11\20250123\can_Tapper16-09-11-11-53-12.pcap.gz
407,2024-09-11 12:18:51.045522,can_tapper16,2024-09-11 12:17:51.045522,2024-09-11 12:20:51.045522,12.283333333333335,59.977057,119.878742,840.450971,2159,325,401,//qar7000185/GP0_UPLOAD/BOXER/CYLOM\KZ-04-75_CP-11\20250123\can_Tapper16-09-11-11-53-12.pcap.gz
408,2024-09-11 12:22:55.146308,can_tapper16,2024-09-11 12:21:55.146308,2024-09-11 12:24:55.146308,10.15,59.987447,119.890322,244.100786,2159,367,378,//qar7000185/GP0_UPLOAD/BOXER/CYLOM\KZ-04-75_CP-11\20250123\can_Tapper16-09-11-11-53-12.pcap.gz
409,2024-09-11 12:29:37.370616,can_tapper16,2024-09-11 12:28:37.370616,2024-09-11 12:31:37.370616,12.325,59.896195,119.924972,402.224308,2158,418,387,//qar7000185/GP0_UPLOAD/BOXER/CYLOM\KZ-04-75_CP-11\20250123\can_Tapper16-09-11-11-53-12.pcap.gz
410,2024-09-11 15:01:23.626823,can_tapper16,2024-09-11 15:00:23.626823,2024-09-11 15:03:23.626823,15.05,35.526468,119.910002,9106.256207,1272,220,197,//qar7000185/GP0_UPLOAD/BOXER/CYLOM\KZ-04-75_CP-11\20250123\can_Tapper16-09-11-15-00-47.pcap.gz
411,2024-09-11 15:03:24.540894,can_tapper16,2024-09-11 15:02:24.540894,2024-09-11 15:05:24.540894,11.4,59.907464,119.866126,120.914071,1563,335,275,//qar7000185/GP0_UPLOAD/BOXER/CYLOM\KZ-04-75_CP-11\20250123\can_Tapper16-09-11-15-03-18.pcap.gz
412,2024-09-30 13:59:52.539454,can_tapper16,2024-09-30 13:58:52.539454,2024-09-30 14:01:52.539454,9.783333333333335,41.740324,119.880073,1637787.99856,1940,395,472,//qar7000185/GP0_UPLOAD/BOXER/CYLOM\KZ-04-75_CP-11\20250123\can_Tapper16-09-30-13-59-10.pcap.gz
413,2024-10-01 10:52:27.865535,can_tapper16,2024-10-01 10:51:27.865535,2024-10-01 10:54:27.865535,14.070833333333335,59.833173,119.992001,75155.326081,2158,371,379,//qar7000185/GP0_UPLOAD/BOXER/CYLOM\KZ-04-75_CP-11\20250123\can_Tapper16-10-01-10-25-50.pcap.gz
414,2024-10-14 08:39:11.101794,can_tapper16,2024-10-14 08:38:11.101794,2024-10-14 08:41:11.101794,8.133333333333333,0.265683,119.836214,1115203.236259,1443,302,367,//qar7000185/GP0_UPLOAD/BOXER/CYLOM\KZ-04-75_CP-11\20250123\can_Tapper16-10-14-08-39-10.pcap.gz
415,2024-10-16 15:24:01.497298,can_tapper16,2024-10-16 15:23:01.497298,2024-10-16 15:26:01.497298,7.85,14.414727,119.944277,197090.395504,1614,355,391,//qar7000185/GP0_UPLOAD/BOXER/CYLOM\KZ-04-75_CP-11\20250123\can_Tapper16-10-16-15-23-46.pcap.gz
416,2024-10-21 09:44:14.443295,can_tapper16,2024-10-21 09:43:14.443295,2024-10-21 09:46:14.443295,15.45,44.580155,119.789427,411612.945997,1974,342,330,//qar7000185/GP0_UPLOAD/BOXER/CYLOM\KZ-04-75_CP-11\20250123\can_Tapper16-10-21-09-43-29.pcap.gz
417,2024-10-21 09:58:31.229459,can_tapper16,2024-10-21 09:57:31.229459,2024-10-21 10:00:31.229459,13.2,59.888141,119.891004,856.786164,1515,294,281,//qar7000185/GP0_UPLOAD/BOXER/CYLOM\KZ-04-75_CP-11\20250123\can_Tapper16-10-21-09-58-25.pcap.gz
418,2025-01-14 09:04:43.392118,can_tapper16,2025-01-14 09:03:43.392118,2025-01-14 09:06:43.392118,0.275,7.801321,119.783691,7340772.162659,1533,343,389,//qar7000185/GP0_UPLOAD/BOXER/CYLOM\KZ-04-75_CP-11\20250123\can_Tapper16-01-14-09-04-35.pcap.gz
