start_index,start_time,can_tapper_id,event_time,t_rel,event_label,source_subfunction,source_subsub,event_color
0,2025-11-06 14:12:46.431860,can_tapper31,2025-11-06 14:12:46.431860,0.0,Engine starting command,Engine Status,status,"rgb(228,26,28)"
0,2025-11-06 14:12:46.431860,can_tapper31,2025-11-06 14:12:48.241635,1.809775,Engine running command,Engine Status,status,"rgb(228,26,28)"
0,2025-11-06 14:12:46.431860,can_tapper31,2025-11-06 14:12:48.526364,2.094504,Glow plugs preheating,Engine Heater Glow Plugs Status,Engine Heater Glow Plugs,"rgb(228,26,28)"
0,2025-11-06 14:12:46.431860,can_tapper31,2025-11-06 14:14:10.126668,83.694808,Engine running command,Engine Status,status,"rgb(228,26,28)"
0,2025-11-06 14:12:46.431860,can_tapper31,2025-11-06 14:14:10.575546,84.143686,Glow plugs preheating,Engine Heater Glow Plugs Status,Engine Heater Glow Plugs,"rgb(228,26,28)"
1,2025-11-06 14:14:08.552028,can_tapper31,2025-11-06 14:14:08.552028,0.0,Engine starting command,Engine Status,status,"rgb(55,126,184)"
1,2025-11-06 14:14:08.552028,can_tapper31,2025-11-06 14:14:10.126668,1.57464,Engine running command,Engine Status,status,"rgb(55,126,184)"
1,2025-11-06 14:14:08.552028,can_tapper31,2025-11-06 14:14:10.575546,2.023518,Glow plugs preheating,Engine Heater Glow Plugs Status,Engine Heater Glow Plugs,"rgb(55,126,184)"
2,2025-11-20 08:14:06.445153,can_tapper31,2025-11-20 08:14:06.445153,0.0,Engine starting command,Engine Status,status,"rgb(77,175,74)"
2,2025-11-20 08:14:06.445153,can_tapper31,2025-11-20 08:14:08.343328,1.898175,Engine running command,Engine Status,status,"rgb(77,175,74)"
2,2025-11-20 08:14:06.445153,can_tapper31,2025-11-20 08:14:08.552627,2.107474,Glow plugs preheating,Engine Heater Glow Plugs Status,Engine Heater Glow Plugs,"rgb(77,175,74)"
3,2025-11-20 10:57:23.914498,can_tapper31,2025-11-20 10:57:23.914498,0.0,Engine starting command,Engine Status,status,"rgb(152,78,163)"
3,2025-11-20 10:57:23.914498,can_tapper31,2025-11-20 10:57:25.898837,1.984339,Engine running command,Engine Status,status,"rgb(152,78,163)"
3,2025-11-20 10:57:23.914498,can_tapper31,2025-11-20 10:57:26.219396,2.304898,Glow plugs preheating,Engine Heater Glow Plugs Status,Engine Heater Glow Plugs,"rgb(152,78,163)"
3,2025-11-20 10:57:23.914498,can_tapper31,2025-11-20 10:58:28.384672,64.470174,Engine running command,Engine Status,status,"rgb(152,78,163)"
3,2025-11-20 10:57:23.914498,can_tapper31,2025-11-20 10:58:30.451166,66.536668,Glow plugs preheating,Engine Heater Glow Plugs Status,Engine Heater Glow Plugs,"rgb(152,78,163)"
4,2025-11-20 10:58:26.723365,can_tapper31,2025-11-20 10:58:26.723365,0.0,Engine starting command,Engine Status,status,"rgb(255,127,0)"
4,2025-11-20 10:58:26.723365,can_tapper31,2025-11-20 10:58:28.384672,1.661307,Engine running command,Engine Status,status,"rgb(255,127,0)"
4,2025-11-20 10:58:26.723365,can_tapper31,2025-11-20 10:58:30.451166,3.727801,Glow plugs preheating,Engine Heater Glow Plugs Status,Engine Heater Glow Plugs,"rgb(255,127,0)"
5,2025-11-20 11:16:59.947622,can_tapper31,2025-11-20 11:16:59.947622,0.0,Engine starting command,Engine Status,status,"rgb(255,255,51)"
5,2025-11-20 11:16:59.947622,can_tapper31,2025-11-20 11:17:01.723853,1.776231,Engine running command,Engine Status,status,"rgb(255,255,51)"
5,2025-11-20 11:16:59.947622,can_tapper31,2025-11-20 11:17:01.970448,2.022826,Glow plugs preheating,Engine Heater Glow Plugs Status,Engine Heater Glow Plugs,"rgb(255,255,51)"
6,2025-11-20 11:20:24.319996,can_tapper31,2025-11-20 11:20:24.319996,0.0,Engine starting command,Engine Status,status,"rgb(166,86,40)"
6,2025-11-20 11:20:24.319996,can_tapper31,2025-11-20 11:20:26.035150,1.715154,Engine running command,Engine Status,status,"rgb(166,86,40)"
6,2025-11-20 11:20:24.319996,can_tapper31,2025-11-20 11:20:26.371321,2.051325,Glow plugs preheating,Engine Heater Glow Plugs Status,Engine Heater Glow Plugs,"rgb(166,86,40)"
7,2025-11-20 11:23:08.330320,can_tapper31,2025-11-20 11:23:08.330320,0.0,Engine starting command,Engine Status,status,"rgb(247,129,191)"
7,2025-11-20 11:23:08.330320,can_tapper31,2025-11-20 11:23:09.693569,1.363249,Engine running command,Engine Status,status,"rgb(247,129,191)"
7,2025-11-20 11:23:08.330320,can_tapper31,2025-11-20 11:23:10.362772,2.032452,Glow plugs preheating,Engine Heater Glow Plugs Status,Engine Heater Glow Plugs,"rgb(247,129,191)"
7,2025-11-20 11:23:08.330320,can_tapper31,2025-11-20 11:24:16.055371,67.725051,Engine running command,Engine Status,status,"rgb(247,129,191)"
7,2025-11-20 11:23:08.330320,can_tapper31,2025-11-20 11:24:16.289869,67.959549,Glow plugs preheating,Engine Heater Glow Plugs Status,Engine Heater Glow Plugs,"rgb(247,129,191)"
8,2025-11-20 11:24:14.388589,can_tapper31,2025-11-20 11:24:14.388589,0.0,Engine starting command,Engine Status,status,"rgb(153,153,153)"
8,2025-11-20 11:24:14.388589,can_tapper31,2025-11-20 11:24:16.055371,1.666782,Engine running command,Engine Status,status,"rgb(153,153,153)"
8,2025-11-20 11:24:14.388589,can_tapper31,2025-11-20 11:24:16.289869,1.90128,Glow plugs preheating,Engine Heater Glow Plugs Status,Engine Heater Glow Plugs,"rgb(153,153,153)"
9,2025-11-27 15:08:16.519270,can_tapper31,2025-11-27 15:08:16.519270,0.0,Engine starting command,Engine Status,status,"rgb(228,26,28)"
9,2025-11-27 15:08:16.519270,can_tapper31,2025-11-27 15:08:14.414099,-2.105171,Glow plugs preheating,Engine Heater Glow Plugs Status,Engine Heater Glow Plugs,"rgb(228,26,28)"
9,2025-11-27 15:08:16.519270,can_tapper31,2025-11-27 15:08:18.223974,1.704704,Engine running command,Engine Status,status,"rgb(228,26,28)"
10,2025-11-28 09:04:01.793514,can_tapper31,2025-11-28 09:04:01.793514,0.0,Engine starting command,Engine Status,status,"rgb(55,126,184)"
10,2025-11-28 09:04:01.793514,can_tapper31,2025-11-28 09:03:59.687496,-2.106018,Glow plugs preheating,Engine Heater Glow Plugs Status,Engine Heater Glow Plugs,"rgb(55,126,184)"
10,2025-11-28 09:04:01.793514,can_tapper31,2025-11-28 09:04:03.541588,1.748074,Engine running command,Engine Status,status,"rgb(55,126,184)"
11,2025-12-16 12:47:37.947398,can_tapper31,2025-12-16 12:47:37.947398,0.0,Engine starting command,Engine Status,status,"rgb(77,175,74)"
11,2025-12-16 12:47:37.947398,can_tapper31,2025-12-16 12:47:39.379087,1.431689,Engine running command,Engine Status,status,"rgb(77,175,74)"
12,2025-12-17 10:47:07.005753,can_tapper31,2025-12-17 10:47:07.005753,0.0,Engine starting command,Engine Status,status,"rgb(152,78,163)"
12,2025-12-17 10:47:07.005753,can_tapper31,2025-12-17 10:47:05.101655,-1.904098,Glow plugs preheating,Engine Heater Glow Plugs Status,Engine Heater Glow Plugs,"rgb(152,78,163)"
12,2025-12-17 10:47:07.005753,can_tapper31,2025-12-17 10:47:08.605201,1.599448,Engine running command,Engine Status,status,"rgb(152,78,163)"
12,2025-12-17 10:47:07.005753,can_tapper31,2025-12-17 10:48:28.486683,81.48093,Glow plugs preheating,Engine Heater Glow Plugs Status,Engine Heater Glow Plugs,"rgb(152,78,163)"
12,2025-12-17 10:47:07.005753,can_tapper31,2025-12-17 10:48:31.698684,84.692931,Engine running command,Engine Status,status,"rgb(152,78,163)"
13,2025-12-17 10:48:30.392632,can_tapper31,2025-12-17 10:48:30.392632,0.0,Engine starting command,Engine Status,status,"rgb(255,127,0)"
13,2025-12-17 10:48:30.392632,can_tapper31,2025-12-17 10:48:28.486683,-1.905949,Glow plugs preheating,Engine Heater Glow Plugs Status,Engine Heater Glow Plugs,"rgb(255,127,0)"
13,2025-12-17 10:48:30.392632,can_tapper31,2025-12-17 10:48:31.698684,1.306052,Engine running command,Engine Status,status,"rgb(255,127,0)"
14,2026-02-12 10:52:33.295564,can_tapper31,2026-02-12 10:52:33.295564,0.0,Engine starting command,Engine Status,status,"rgb(255,255,51)"
14,2026-02-12 10:52:33.295564,can_tapper31,2026-02-12 10:52:35.121461,1.825897,Engine running command,Engine Status,status,"rgb(255,255,51)"
14,2026-02-12 10:52:33.295564,can_tapper31,2026-02-12 10:52:35.439913,2.144349,Glow plugs preheating,Engine Heater Glow Plugs Status,Engine Heater Glow Plugs,"rgb(255,255,51)"
15,2026-02-12 11:30:07.625654,can_tapper31,2026-02-12 11:30:07.625654,0.0,Engine starting command,Engine Status,status,"rgb(166,86,40)"
15,2026-02-12 11:30:07.625654,can_tapper31,2026-02-12 11:30:05.721704,-1.90395,Glow plugs preheating,Engine Heater Glow Plugs Status,Engine Heater Glow Plugs,"rgb(166,86,40)"
15,2026-02-12 11:30:07.625654,can_tapper31,2026-02-12 11:30:09.006797,1.381143,Engine running command,Engine Status,status,"rgb(166,86,40)"
16,2026-02-12 11:33:07.918178,can_tapper31,2026-02-12 11:33:07.918178,0.0,Engine starting command,Engine Status,status,"rgb(247,129,191)"
16,2026-02-12 11:33:07.918178,can_tapper31,2026-02-12 11:33:06.013272,-1.904906,Glow plugs preheating,Engine Heater Glow Plugs Status,Engine Heater Glow Plugs,"rgb(247,129,191)"
16,2026-02-12 11:33:07.918178,can_tapper31,2026-02-12 11:33:09.338072,1.419894,Engine running command,Engine Status,status,"rgb(247,129,191)"
16,2026-02-12 11:33:07.918178,can_tapper31,2026-02-12 11:34:52.938678,105.0205,Glow plugs preheating,Engine Heater Glow Plugs Status,Engine Heater Glow Plugs,"rgb(247,129,191)"
16,2026-02-12 11:33:07.918178,can_tapper31,2026-02-12 11:34:56.670603,108.752425,Engine running command,Engine Status,status,"rgb(247,129,191)"
17,2026-02-12 11:34:54.843683,can_tapper31,2026-02-12 11:34:54.843683,0.0,Engine starting command,Engine Status,status,"rgb(153,153,153)"
17,2026-02-12 11:34:54.843683,can_tapper31,2026-02-12 11:34:52.938678,-1.905005,Glow plugs preheating,Engine Heater Glow Plugs Status,Engine Heater Glow Plugs,"rgb(153,153,153)"
17,2026-02-12 11:34:54.843683,can_tapper31,2026-02-12 11:34:56.670603,1.82692,Engine running command,Engine Status,status,"rgb(153,153,153)"
18,2026-02-12 11:38:36.182152,can_tapper31,2026-02-12 11:38:36.182152,0.0,Engine starting command,Engine Status,status,"rgb(228,26,28)"
18,2026-02-12 11:38:36.182152,can_tapper31,2026-02-12 11:38:34.078151,-2.104001,Glow plugs preheating,Engine Heater Glow Plugs Status,Engine Heater Glow Plugs,"rgb(228,26,28)"
18,2026-02-12 11:38:36.182152,can_tapper31,2026-02-12 11:38:37.855801,1.673649,Engine running command,Engine Status,status,"rgb(228,26,28)"
19,2026-02-13 07:55:00.512894,can_tapper31,2026-02-13 07:55:00.512894,0.0,Engine starting command,Engine Status,status,"rgb(55,126,184)"
19,2026-02-13 07:55:00.512894,can_tapper31,2026-02-13 07:54:58.407344,-2.10555,Glow plugs preheating,Engine Heater Glow Plugs Status,Engine Heater Glow Plugs,"rgb(55,126,184)"
19,2026-02-13 07:55:00.512894,can_tapper31,2026-02-13 07:55:01.954334,1.44144,Engine running command,Engine Status,status,"rgb(55,126,184)"
20,2026-02-13 09:14:53.473661,can_tapper31,2026-02-13 09:14:53.473661,0.0,Engine starting command,Engine Status,status,"rgb(77,175,74)"
20,2026-02-13 09:14:53.473661,can_tapper31,2026-02-13 09:14:55.094381,1.62072,Engine running command,Engine Status,status,"rgb(77,175,74)"
20,2026-02-13 09:14:53.473661,can_tapper31,2026-02-13 09:14:57.115557,3.641896,Glow plugs preheating,Engine Heater Glow Plugs Status,Engine Heater Glow Plugs,"rgb(77,175,74)"
21,2026-02-13 09:25:47.177556,can_tapper31,2026-02-13 09:25:47.177556,0.0,Engine starting command,Engine Status,status,"rgb(152,78,163)"
21,2026-02-13 09:25:47.177556,can_tapper31,2026-02-13 09:25:48.729197,1.551641,Engine running command,Engine Status,status,"rgb(152,78,163)"
21,2026-02-13 09:25:47.177556,can_tapper31,2026-02-13 09:25:49.238910,2.061354,Glow plugs preheating,Engine Heater Glow Plugs Status,Engine Heater Glow Plugs,"rgb(152,78,163)"
22,2026-02-19 11:15:57.834741,can_tapper31,2026-02-19 11:15:57.834741,0.0,Engine starting command,Engine Status,status,"rgb(255,127,0)"
22,2026-02-19 11:15:57.834741,can_tapper31,2026-02-19 11:15:55.931776,-1.902965,Glow plugs preheating,Engine Heater Glow Plugs Status,Engine Heater Glow Plugs,"rgb(255,127,0)"
22,2026-02-19 11:15:57.834741,can_tapper31,2026-02-19 11:15:59.697141,1.8624,Engine running command,Engine Status,status,"rgb(255,127,0)"
22,2026-02-19 11:15:57.834741,can_tapper31,2026-02-19 11:17:16.075439,78.240698,Glow plugs preheating,Engine Heater Glow Plugs Status,Engine Heater Glow Plugs,"rgb(255,127,0)"
22,2026-02-19 11:15:57.834741,can_tapper31,2026-02-19 11:17:19.814791,81.98005,Engine running command,Engine Status,status,"rgb(255,127,0)"
23,2026-02-19 11:17:17.980689,can_tapper31,2026-02-19 11:17:17.980689,0.0,Engine starting command,Engine Status,status,"rgb(255,255,51)"
23,2026-02-19 11:17:17.980689,can_tapper31,2026-02-19 11:17:16.075439,-1.90525,Glow plugs preheating,Engine Heater Glow Plugs Status,Engine Heater Glow Plugs,"rgb(255,255,51)"
23,2026-02-19 11:17:17.980689,can_tapper31,2026-02-19 11:17:19.814791,1.834102,Engine running command,Engine Status,status,"rgb(255,255,51)"
23,2026-02-19 11:17:17.980689,can_tapper31,2026-02-19 11:19:07.005630,109.024941,Glow plugs preheating,Engine Heater Glow Plugs Status,Engine Heater Glow Plugs,"rgb(255,255,51)"
23,2026-02-19 11:17:17.980689,can_tapper31,2026-02-19 11:19:10.576877,112.596188,Engine running command,Engine Status,status,"rgb(255,255,51)"
24,2026-02-19 11:19:08.909431,can_tapper31,2026-02-19 11:19:08.909431,0.0,Engine starting command,Engine Status,status,"rgb(166,86,40)"
24,2026-02-19 11:19:08.909431,can_tapper31,2026-02-19 11:19:07.005630,-1.903801,Glow plugs preheating,Engine Heater Glow Plugs Status,Engine Heater Glow Plugs,"rgb(166,86,40)"
24,2026-02-19 11:19:08.909431,can_tapper31,2026-02-19 11:19:10.576877,1.667446,Engine running command,Engine Status,status,"rgb(166,86,40)"
25,2026-02-19 13:28:30.487137,can_tapper31,2026-02-19 13:28:30.487137,0.0,Engine starting command,Engine Status,status,"rgb(247,129,191)"
25,2026-02-19 13:28:30.487137,can_tapper31,2026-02-19 13:28:28.380280,-2.106857,Glow plugs preheating,Engine Heater Glow Plugs Status,Engine Heater Glow Plugs,"rgb(247,129,191)"
25,2026-02-19 13:28:30.487137,can_tapper31,2026-02-19 13:28:32.084639,1.597502,Engine running command,Engine Status,status,"rgb(247,129,191)"
25,2026-02-19 13:28:30.487137,can_tapper31,2026-02-19 13:29:51.277824,80.790687,Glow plugs preheating,Engine Heater Glow Plugs Status,Engine Heater Glow Plugs,"rgb(247,129,191)"
25,2026-02-19 13:28:30.487137,can_tapper31,2026-02-19 13:29:55.034227,84.54709,Engine running command,Engine Status,status,"rgb(247,129,191)"
25,2026-02-19 13:28:30.487137,can_tapper31,2026-02-19 13:30:19.990296,109.503159,Glow plugs preheating,Engine Heater Glow Plugs Status,Engine Heater Glow Plugs,"rgb(247,129,191)"
25,2026-02-19 13:28:30.487137,can_tapper31,2026-02-19 13:30:23.640508,113.153371,Engine running command,Engine Status,status,"rgb(247,129,191)"
26,2026-02-19 13:29:53.382121,can_tapper31,2026-02-19 13:29:53.382121,0.0,Engine starting command,Engine Status,status,"rgb(153,153,153)"
26,2026-02-19 13:29:53.382121,can_tapper31,2026-02-19 13:29:51.277824,-2.104297,Glow plugs preheating,Engine Heater Glow Plugs Status,Engine Heater Glow Plugs,"rgb(153,153,153)"
26,2026-02-19 13:29:53.382121,can_tapper31,2026-02-19 13:29:55.034227,1.652106,Engine running command,Engine Status,status,"rgb(153,153,153)"
26,2026-02-19 13:29:53.382121,can_tapper31,2026-02-19 13:30:19.990296,26.608175,Glow plugs preheating,Engine Heater Glow Plugs Status,Engine Heater Glow Plugs,"rgb(153,153,153)"
26,2026-02-19 13:29:53.382121,can_tapper31,2026-02-19 13:30:23.640508,30.258387,Engine running command,Engine Status,status,"rgb(153,153,153)"
27,2026-02-19 13:30:21.994951,can_tapper31,2026-02-19 13:30:21.994951,0.0,Engine starting command,Engine Status,status,"rgb(228,26,28)"
27,2026-02-19 13:30:21.994951,can_tapper31,2026-02-19 13:29:51.277824,-30.717127,Glow plugs preheating,Engine Heater Glow Plugs Status,Engine Heater Glow Plugs,"rgb(228,26,28)"
27,2026-02-19 13:30:21.994951,can_tapper31,2026-02-19 13:29:55.034227,-26.960724,Engine running command,Engine Status,status,"rgb(228,26,28)"
27,2026-02-19 13:30:21.994951,can_tapper31,2026-02-19 13:30:19.990296,-2.004655,Glow plugs preheating,Engine Heater Glow Plugs Status,Engine Heater Glow Plugs,"rgb(228,26,28)"
27,2026-02-19 13:30:21.994951,can_tapper31,2026-02-19 13:30:23.640508,1.645557,Engine running command,Engine Status,status,"rgb(228,26,28)"
28,2026-02-24 12:22:49.134334,can_tapper31,2026-02-24 12:22:49.134334,0.0,Engine starting command,Engine Status,status,"rgb(55,126,184)"
28,2026-02-24 12:22:49.134334,can_tapper31,2026-02-24 12:22:50.982460,1.848126,Engine running command,Engine Status,status,"rgb(55,126,184)"
28,2026-02-24 12:22:49.134334,can_tapper31,2026-02-24 12:22:51.163761,2.029427,Glow plugs preheating,Engine Heater Glow Plugs Status,Engine Heater Glow Plugs,"rgb(55,126,184)"
29,2026-02-24 14:02:44.238836,can_tapper31,2026-02-24 14:02:44.238836,0.0,Engine starting command,Engine Status,status,"rgb(77,175,74)"
29,2026-02-24 14:02:44.238836,can_tapper31,2026-02-24 14:02:45.635716,1.39688,Engine running command,Engine Status,status,"rgb(77,175,74)"
29,2026-02-24 14:02:44.238836,can_tapper31,2026-02-24 14:02:47.572792,3.333956,Glow plugs preheating,Engine Heater Glow Plugs Status,Engine Heater Glow Plugs,"rgb(77,175,74)"
30,2026-02-27 07:13:10.630812,can_tapper31,2026-02-27 07:13:10.630812,0.0,Engine starting command,Engine Status,status,"rgb(152,78,163)"
30,2026-02-27 07:13:10.630812,can_tapper31,2026-02-27 07:13:08.526661,-2.104151,Glow plugs preheating,Engine Heater Glow Plugs Status,Engine Heater Glow Plugs,"rgb(152,78,163)"
30,2026-02-27 07:13:10.630812,can_tapper31,2026-02-27 07:13:12.122784,1.491972,Engine running command,Engine Status,status,"rgb(152,78,163)"
30,2026-02-27 07:13:10.630812,can_tapper31,2026-02-27 07:14:00.939232,50.30842,Glow plugs preheating,Engine Heater Glow Plugs Status,Engine Heater Glow Plugs,"rgb(152,78,163)"
30,2026-02-27 07:13:10.630812,can_tapper31,2026-02-27 07:14:04.832087,54.201275,Engine running command,Engine Status,status,"rgb(152,78,163)"
31,2026-02-27 07:14:03.044279,can_tapper31,2026-02-27 07:14:03.044279,0.0,Engine starting command,Engine Status,status,"rgb(255,127,0)"
31,2026-02-27 07:14:03.044279,can_tapper31,2026-02-27 07:13:08.526661,-54.517618,Glow plugs preheating,Engine Heater Glow Plugs Status,Engine Heater Glow Plugs,"rgb(255,127,0)"
31,2026-02-27 07:14:03.044279,can_tapper31,2026-02-27 07:13:12.122784,-50.921495,Engine running command,Engine Status,status,"rgb(255,127,0)"
31,2026-02-27 07:14:03.044279,can_tapper31,2026-02-27 07:14:00.939232,-2.105047,Glow plugs preheating,Engine Heater Glow Plugs Status,Engine Heater Glow Plugs,"rgb(255,127,0)"
31,2026-02-27 07:14:03.044279,can_tapper31,2026-02-27 07:14:04.832087,1.787808,Engine running command,Engine Status,status,"rgb(255,127,0)"
31,2026-02-27 07:14:03.044279,can_tapper31,2026-02-27 07:15:25.689759,82.64548,Glow plugs preheating,Engine Heater Glow Plugs Status,Engine Heater Glow Plugs,"rgb(255,127,0)"
31,2026-02-27 07:14:03.044279,can_tapper31,2026-02-27 07:15:29.405912,86.361633,Engine running command,Engine Status,status,"rgb(255,127,0)"
32,2026-02-27 07:15:27.593761,can_tapper31,2026-02-27 07:15:27.593761,0.0,Engine starting command,Engine Status,status,"rgb(255,255,51)"
32,2026-02-27 07:15:27.593761,can_tapper31,2026-02-27 07:15:25.689759,-1.904002,Glow plugs preheating,Engine Heater Glow Plugs Status,Engine Heater Glow Plugs,"rgb(255,255,51)"
32,2026-02-27 07:15:27.593761,can_tapper31,2026-02-27 07:15:29.405912,1.812151,Engine running command,Engine Status,status,"rgb(255,255,51)"
33,2026-02-27 07:33:42.710905,can_tapper31,2026-02-27 07:33:42.710905,0.0,Engine starting command,Engine Status,status,"rgb(166,86,40)"
33,2026-02-27 07:33:42.710905,can_tapper31,2026-02-27 07:33:40.607399,-2.103506,Glow plugs preheating,Engine Heater Glow Plugs Status,Engine Heater Glow Plugs,"rgb(166,86,40)"
33,2026-02-27 07:33:42.710905,can_tapper31,2026-02-27 07:33:44.377780,1.666875,Engine running command,Engine Status,status,"rgb(166,86,40)"
34,2026-02-27 08:28:00.477943,can_tapper31,2026-02-27 08:28:00.477943,0.0,Engine starting command,Engine Status,status,"rgb(247,129,191)"
34,2026-02-27 08:28:00.477943,can_tapper31,2026-02-27 08:27:58.470740,-2.007203,Glow plugs preheating,Engine Heater Glow Plugs Status,Engine Heater Glow Plugs,"rgb(247,129,191)"
34,2026-02-27 08:28:00.477943,can_tapper31,2026-02-27 08:28:02.135267,1.657324,Engine running command,Engine Status,status,"rgb(247,129,191)"
35,2026-03-03 19:58:07.668580,can_tapper31,2026-03-03 19:58:07.668580,0.0,Engine starting command,Engine Status,status,"rgb(153,153,153)"
35,2026-03-03 19:58:07.668580,can_tapper31,2026-03-03 19:58:09.275688,1.607108,Engine running command,Engine Status,status,"rgb(153,153,153)"
35,2026-03-03 19:58:07.668580,can_tapper31,2026-03-03 19:58:09.775459,2.106879,Glow plugs preheating,Engine Heater Glow Plugs Status,Engine Heater Glow Plugs,"rgb(153,153,153)"
36,2026-03-04 07:02:48.894225,can_tapper31,2026-03-04 07:02:48.894225,0.0,Engine starting command,Engine Status,status,"rgb(228,26,28)"
36,2026-03-04 07:02:48.894225,can_tapper31,2026-03-04 07:02:50.516345,1.62212,Engine running command,Engine Status,status,"rgb(228,26,28)"
36,2026-03-04 07:02:48.894225,can_tapper31,2026-03-04 07:02:50.884750,1.990525,Glow plugs preheating,Engine Heater Glow Plugs Status,Engine Heater Glow Plugs,"rgb(228,26,28)"
37,2026-03-04 13:35:12.967953,can_tapper31,2026-03-04 13:35:12.967953,0.0,Engine starting command,Engine Status,status,"rgb(55,126,184)"
37,2026-03-04 13:35:12.967953,can_tapper31,2026-03-04 13:35:14.893812,1.925859,Glow plugs preheating,Engine Heater Glow Plugs Status,Engine Heater Glow Plugs,"rgb(55,126,184)"
37,2026-03-04 13:35:12.967953,can_tapper31,2026-03-04 13:35:14.925915,1.957962,Engine running command,Engine Status,status,"rgb(55,126,184)"
38,2026-03-04 14:35:35.636799,can_tapper31,2026-03-04 14:35:35.636799,0.0,Engine starting command,Engine Status,status,"rgb(77,175,74)"
38,2026-03-04 14:35:35.636799,can_tapper31,2026-03-04 14:35:37.590898,1.954099,Engine running command,Engine Status,status,"rgb(77,175,74)"
38,2026-03-04 14:35:35.636799,can_tapper31,2026-03-04 14:35:37.647896,2.011097,Glow plugs preheating,Engine Heater Glow Plugs Status,Engine Heater Glow Plugs,"rgb(77,175,74)"
39,2026-03-04 17:03:07.037285,can_tapper31,2026-03-04 17:03:07.037285,0.0,Engine starting command,Engine Status,status,"rgb(152,78,163)"
39,2026-03-04 17:03:07.037285,can_tapper31,2026-03-04 17:03:09.001202,1.963917,Engine running command,Engine Status,status,"rgb(152,78,163)"
39,2026-03-04 17:03:07.037285,can_tapper31,2026-03-04 17:03:09.056752,2.019467,Glow plugs preheating,Engine Heater Glow Plugs Status,Engine Heater Glow Plugs,"rgb(152,78,163)"
40,2026-03-04 22:50:36.680623,can_tapper31,2026-03-04 22:50:36.680623,0.0,Engine starting command,Engine Status,status,"rgb(255,127,0)"
40,2026-03-04 22:50:36.680623,can_tapper31,2026-03-04 22:50:38.150051,1.469428,Engine running command,Engine Status,status,"rgb(255,127,0)"
40,2026-03-04 22:50:36.680623,can_tapper31,2026-03-04 22:50:38.722690,2.042067,Glow plugs preheating,Engine Heater Glow Plugs Status,Engine Heater Glow Plugs,"rgb(255,127,0)"
41,2026-03-05 06:41:36.132870,can_tapper31,2026-03-05 06:41:36.132870,0.0,Engine starting command,Engine Status,status,"rgb(255,255,51)"
41,2026-03-05 06:41:36.132870,can_tapper31,2026-03-05 06:41:37.710860,1.57799,Engine running command,Engine Status,status,"rgb(255,255,51)"
41,2026-03-05 06:41:36.132870,can_tapper31,2026-03-05 06:41:38.249933,2.117063,Glow plugs preheating,Engine Heater Glow Plugs Status,Engine Heater Glow Plugs,"rgb(255,255,51)"
42,2026-03-05 16:34:50.482639,can_tapper31,2026-03-05 16:34:50.482639,0.0,Engine starting command,Engine Status,status,"rgb(166,86,40)"
42,2026-03-05 16:34:50.482639,can_tapper31,2026-03-05 16:34:52.162333,1.679694,Engine running command,Engine Status,status,"rgb(166,86,40)"
42,2026-03-05 16:34:50.482639,can_tapper31,2026-03-05 16:34:52.479439,1.9968,Glow plugs preheating,Engine Heater Glow Plugs Status,Engine Heater Glow Plugs,"rgb(166,86,40)"
43,2026-03-06 06:34:33.231922,can_tapper31,2026-03-06 06:34:33.231922,0.0,Engine starting command,Engine Status,status,"rgb(247,129,191)"
43,2026-03-06 06:34:33.231922,can_tapper31,2026-03-06 06:34:34.878440,1.646518,Engine running command,Engine Status,status,"rgb(247,129,191)"
43,2026-03-06 06:34:33.231922,can_tapper31,2026-03-06 06:34:35.328095,2.096173,Glow plugs preheating,Engine Heater Glow Plugs Status,Engine Heater Glow Plugs,"rgb(247,129,191)"
43,2026-03-06 06:34:33.231922,can_tapper31,2026-03-06 06:35:30.829847,57.597925,Engine running command,Engine Status,status,"rgb(247,129,191)"
43,2026-03-06 06:34:33.231922,can_tapper31,2026-03-06 06:35:31.050971,57.819049,Glow plugs preheating,Engine Heater Glow Plugs Status,Engine Heater Glow Plugs,"rgb(247,129,191)"
44,2026-03-06 06:35:29.044916,can_tapper31,2026-03-06 06:35:29.044916,0.0,Engine starting command,Engine Status,status,"rgb(153,153,153)"
44,2026-03-06 06:35:29.044916,can_tapper31,2026-03-06 06:34:34.878440,-54.166476,Engine running command,Engine Status,status,"rgb(153,153,153)"
44,2026-03-06 06:35:29.044916,can_tapper31,2026-03-06 06:34:35.328095,-53.716821,Glow plugs preheating,Engine Heater Glow Plugs Status,Engine Heater Glow Plugs,"rgb(153,153,153)"
44,2026-03-06 06:35:29.044916,can_tapper31,2026-03-06 06:35:30.829847,1.784931,Engine running command,Engine Status,status,"rgb(153,153,153)"
44,2026-03-06 06:35:29.044916,can_tapper31,2026-03-06 06:35:31.050971,2.006055,Glow plugs preheating,Engine Heater Glow Plugs Status,Engine Heater Glow Plugs,"rgb(153,153,153)"
44,2026-03-06 06:35:29.044916,can_tapper31,2026-03-06 06:36:52.884290,83.839374,Engine running command,Engine Status,status,"rgb(153,153,153)"
44,2026-03-06 06:35:29.044916,can_tapper31,2026-03-06 06:36:53.421195,84.376279,Glow plugs preheating,Engine Heater Glow Plugs Status,Engine Heater Glow Plugs,"rgb(153,153,153)"
45,2026-03-06 06:36:51.375672,can_tapper31,2026-03-06 06:36:51.375672,0.0,Engine starting command,Engine Status,status,"rgb(228,26,28)"
45,2026-03-06 06:36:51.375672,can_tapper31,2026-03-06 06:36:52.884290,1.508618,Engine running command,Engine Status,status,"rgb(228,26,28)"
45,2026-03-06 06:36:51.375672,can_tapper31,2026-03-06 06:36:53.421195,2.045523,Glow plugs preheating,Engine Heater Glow Plugs Status,Engine Heater Glow Plugs,"rgb(228,26,28)"
46,2026-03-06 06:55:43.593292,can_tapper31,2026-03-06 06:55:43.593292,0.0,Engine starting command,Engine Status,status,"rgb(55,126,184)"
46,2026-03-06 06:55:43.593292,can_tapper31,2026-03-06 06:55:45.078460,1.485168,Engine running command,Engine Status,status,"rgb(55,126,184)"
46,2026-03-06 06:55:43.593292,can_tapper31,2026-03-06 06:55:45.673392,2.0801,Glow plugs preheating,Engine Heater Glow Plugs Status,Engine Heater Glow Plugs,"rgb(55,126,184)"
47,2026-03-06 17:33:10.055855,can_tapper31,2026-03-06 17:33:10.055855,0.0,Engine starting command,Engine Status,status,"rgb(77,175,74)"
47,2026-03-06 17:33:10.055855,can_tapper31,2026-03-06 17:33:11.750808,1.694953,Engine running command,Engine Status,status,"rgb(77,175,74)"
47,2026-03-06 17:33:10.055855,can_tapper31,2026-03-06 17:33:11.945085,1.88923,Glow plugs preheating,Engine Heater Glow Plugs Status,Engine Heater Glow Plugs,"rgb(77,175,74)"
48,2026-03-07 06:46:33.875046,can_tapper31,2026-03-07 06:46:33.875046,0.0,Engine starting command,Engine Status,status,"rgb(152,78,163)"
48,2026-03-07 06:46:33.875046,can_tapper31,2026-03-07 06:46:35.627397,1.752351,Engine running command,Engine Status,status,"rgb(152,78,163)"
48,2026-03-07 06:46:33.875046,can_tapper31,2026-03-07 06:46:35.899146,2.0241,Glow plugs preheating,Engine Heater Glow Plugs Status,Engine Heater Glow Plugs,"rgb(152,78,163)"
49,2026-03-07 10:12:21.588126,can_tapper31,2026-03-07 10:12:21.588126,0.0,Engine starting command,Engine Status,status,"rgb(255,127,0)"
49,2026-03-07 10:12:21.588126,can_tapper31,2026-03-07 10:12:23.334217,1.746091,Engine running command,Engine Status,status,"rgb(255,127,0)"
49,2026-03-07 10:12:21.588126,can_tapper31,2026-03-07 10:12:23.568918,1.980792,Glow plugs preheating,Engine Heater Glow Plugs Status,Engine Heater Glow Plugs,"rgb(255,127,0)"
50,2026-03-07 11:44:47.638697,can_tapper31,2026-03-07 11:44:47.638697,0.0,Engine starting command,Engine Status,status,"rgb(255,255,51)"
50,2026-03-07 11:44:47.638697,can_tapper31,2026-03-07 11:44:49.258222,1.619525,Engine running command,Engine Status,status,"rgb(255,255,51)"
50,2026-03-07 11:44:47.638697,can_tapper31,2026-03-07 11:44:49.762453,2.123756,Glow plugs preheating,Engine Heater Glow Plugs Status,Engine Heater Glow Plugs,"rgb(255,255,51)"
51,2026-03-07 11:48:34.977587,can_tapper31,2026-03-07 11:48:34.977587,0.0,Engine starting command,Engine Status,status,"rgb(166,86,40)"
51,2026-03-07 11:48:34.977587,can_tapper31,2026-03-07 11:48:36.478321,1.500734,Engine running command,Engine Status,status,"rgb(166,86,40)"
51,2026-03-07 11:48:34.977587,can_tapper31,2026-03-07 11:48:36.896877,1.91929,Glow plugs preheating,Engine Heater Glow Plugs Status,Engine Heater Glow Plugs,"rgb(166,86,40)"
52,2026-03-07 13:00:47.821405,can_tapper31,2026-03-07 13:00:47.821405,0.0,Engine starting command,Engine Status,status,"rgb(247,129,191)"
52,2026-03-07 13:00:47.821405,can_tapper31,2026-03-07 13:00:49.597807,1.776402,Engine running command,Engine Status,status,"rgb(247,129,191)"
52,2026-03-07 13:00:47.821405,can_tapper31,2026-03-07 13:00:49.820891,1.999486,Glow plugs preheating,Engine Heater Glow Plugs Status,Engine Heater Glow Plugs,"rgb(247,129,191)"
53,2026-03-07 14:35:45.938740,can_tapper31,2026-03-07 14:35:45.938740,0.0,Engine starting command,Engine Status,status,"rgb(153,153,153)"
53,2026-03-07 14:35:45.938740,can_tapper31,2026-03-07 14:35:47.598065,1.659325,Engine running command,Engine Status,status,"rgb(153,153,153)"
53,2026-03-07 14:35:45.938740,can_tapper31,2026-03-07 14:35:48.043965,2.105225,Glow plugs preheating,Engine Heater Glow Plugs Status,Engine Heater Glow Plugs,"rgb(153,153,153)"
54,2026-03-08 12:15:11.106253,can_tapper31,2026-03-08 12:15:11.106253,0.0,Engine starting command,Engine Status,status,"rgb(228,26,28)"
54,2026-03-08 12:15:11.106253,can_tapper31,2026-03-08 12:15:12.717630,1.611377,Engine running command,Engine Status,status,"rgb(228,26,28)"
54,2026-03-08 12:15:11.106253,can_tapper31,2026-03-08 12:15:13.104602,1.998349,Glow plugs preheating,Engine Heater Glow Plugs Status,Engine Heater Glow Plugs,"rgb(228,26,28)"
55,2026-03-10 12:55:09.399390,can_tapper31,2026-03-10 12:55:09.399390,0.0,Engine starting command,Engine Status,status,"rgb(55,126,184)"
55,2026-03-10 12:55:09.399390,can_tapper31,2026-03-10 12:55:11.290558,1.891168,Engine running command,Engine Status,status,"rgb(55,126,184)"
55,2026-03-10 12:55:09.399390,can_tapper31,2026-03-10 12:55:11.328787,1.929397,Glow plugs preheating,Engine Heater Glow Plugs Status,Engine Heater Glow Plugs,"rgb(55,126,184)"
56,2026-03-10 13:51:49.262774,can_tapper31,2026-03-10 13:51:49.262774,0.0,Engine starting command,Engine Status,status,"rgb(77,175,74)"
56,2026-03-10 13:51:49.262774,can_tapper31,2026-03-10 13:51:51.171969,1.909195,Engine running command,Engine Status,status,"rgb(77,175,74)"
56,2026-03-10 13:51:49.262774,can_tapper31,2026-03-10 13:51:51.260074,1.9973,Glow plugs preheating,Engine Heater Glow Plugs Status,Engine Heater Glow Plugs,"rgb(77,175,74)"
57,2026-03-11 06:47:25.542860,can_tapper31,2026-03-11 06:47:25.542860,0.0,Engine starting command,Engine Status,status,"rgb(152,78,163)"
57,2026-03-11 06:47:25.542860,can_tapper31,2026-03-11 06:47:27.397958,1.855098,Engine running command,Engine Status,status,"rgb(152,78,163)"
57,2026-03-11 06:47:25.542860,can_tapper31,2026-03-11 06:47:27.548058,2.005198,Glow plugs preheating,Engine Heater Glow Plugs Status,Engine Heater Glow Plugs,"rgb(152,78,163)"
57,2026-03-11 06:47:25.542860,can_tapper31,2026-03-11 06:48:22.606280,57.06342,Engine running command,Engine Status,status,"rgb(152,78,163)"
57,2026-03-11 06:47:25.542860,can_tapper31,2026-03-11 06:48:22.970855,57.427995,Glow plugs preheating,Engine Heater Glow Plugs Status,Engine Heater Glow Plugs,"rgb(152,78,163)"
58,2026-03-11 06:48:21.062608,can_tapper31,2026-03-11 06:48:21.062608,0.0,Engine starting command,Engine Status,status,"rgb(255,127,0)"
58,2026-03-11 06:48:21.062608,can_tapper31,2026-03-11 06:47:27.397958,-53.66465,Engine running command,Engine Status,status,"rgb(255,127,0)"
58,2026-03-11 06:48:21.062608,can_tapper31,2026-03-11 06:47:27.548058,-53.51455,Glow plugs preheating,Engine Heater Glow Plugs Status,Engine Heater Glow Plugs,"rgb(255,127,0)"
58,2026-03-11 06:48:21.062608,can_tapper31,2026-03-11 06:48:22.606280,1.543672,Engine running command,Engine Status,status,"rgb(255,127,0)"
58,2026-03-11 06:48:21.062608,can_tapper31,2026-03-11 06:48:22.970855,1.908247,Glow plugs preheating,Engine Heater Glow Plugs Status,Engine Heater Glow Plugs,"rgb(255,127,0)"
58,2026-03-11 06:48:21.062608,can_tapper31,2026-03-11 06:49:35.405013,74.342405,Glow plugs preheating,Engine Heater Glow Plugs Status,Engine Heater Glow Plugs,"rgb(255,127,0)"
58,2026-03-11 06:48:21.062608,can_tapper31,2026-03-11 06:49:36.627404,75.564796,Engine running command,Engine Status,status,"rgb(255,127,0)"
59,2026-03-11 06:49:35.184007,can_tapper31,2026-03-11 06:49:35.184007,0.0,Engine starting command,Engine Status,status,"rgb(255,255,51)"
59,2026-03-11 06:49:35.184007,can_tapper31,2026-03-11 06:49:35.405013,0.221006,Glow plugs preheating,Engine Heater Glow Plugs Status,Engine Heater Glow Plugs,"rgb(255,255,51)"
59,2026-03-11 06:49:35.184007,can_tapper31,2026-03-11 06:49:36.627404,1.443397,Engine running command,Engine Status,status,"rgb(255,255,51)"
60,2026-03-11 07:07:01.489255,can_tapper31,2026-03-11 07:07:01.489255,0.0,Engine starting command,Engine Status,status,"rgb(166,86,40)"
60,2026-03-11 07:07:01.489255,can_tapper31,2026-03-11 07:07:03.372953,1.883698,Engine running command,Engine Status,status,"rgb(166,86,40)"
60,2026-03-11 07:07:01.489255,can_tapper31,2026-03-11 07:07:03.525578,2.036323,Glow plugs preheating,Engine Heater Glow Plugs Status,Engine Heater Glow Plugs,"rgb(166,86,40)"
61,2026-03-11 08:23:22.284237,can_tapper31,2026-03-11 08:23:22.284237,0.0,Engine starting command,Engine Status,status,"rgb(247,129,191)"
61,2026-03-11 08:23:22.284237,can_tapper31,2026-03-11 08:23:23.904090,1.619853,Engine running command,Engine Status,status,"rgb(247,129,191)"
61,2026-03-11 08:23:22.284237,can_tapper31,2026-03-11 08:23:24.239991,1.955754,Glow plugs preheating,Engine Heater Glow Plugs Status,Engine Heater Glow Plugs,"rgb(247,129,191)"
62,2026-03-11 09:16:10.685152,can_tapper31,2026-03-11 09:16:10.685152,0.0,Engine starting command,Engine Status,status,"rgb(153,153,153)"
62,2026-03-11 09:16:10.685152,can_tapper31,2026-03-11 09:16:12.180468,1.495316,Engine running command,Engine Status,status,"rgb(153,153,153)"
62,2026-03-11 09:16:10.685152,can_tapper31,2026-03-11 09:16:12.788924,2.103772,Glow plugs preheating,Engine Heater Glow Plugs Status,Engine Heater Glow Plugs,"rgb(153,153,153)"
63,2026-03-11 09:58:43.784384,can_tapper31,2026-03-11 09:58:43.784384,0.0,Engine starting command,Engine Status,status,"rgb(228,26,28)"
63,2026-03-11 09:58:43.784384,can_tapper31,2026-03-11 09:58:45.724789,1.940405,Engine running command,Engine Status,status,"rgb(228,26,28)"
63,2026-03-11 09:58:43.784384,can_tapper31,2026-03-11 09:58:45.783390,1.999006,Glow plugs preheating,Engine Heater Glow Plugs Status,Engine Heater Glow Plugs,"rgb(228,26,28)"
64,2026-03-11 10:57:15.162275,can_tapper31,2026-03-11 10:57:15.162275,0.0,Engine starting command,Engine Status,status,"rgb(55,126,184)"
64,2026-03-11 10:57:15.162275,can_tapper31,2026-03-11 10:57:16.712919,1.550644,Engine running command,Engine Status,status,"rgb(55,126,184)"
64,2026-03-11 10:57:15.162275,can_tapper31,2026-03-11 10:57:17.265678,2.103403,Glow plugs preheating,Engine Heater Glow Plugs Status,Engine Heater Glow Plugs,"rgb(55,126,184)"
65,2026-03-11 12:17:32.664883,can_tapper31,2026-03-11 12:17:32.664883,0.0,Engine starting command,Engine Status,status,"rgb(77,175,74)"
65,2026-03-11 12:17:32.664883,can_tapper31,2026-03-11 12:17:34.066982,1.402099,Engine running command,Engine Status,status,"rgb(77,175,74)"
65,2026-03-11 12:17:32.664883,can_tapper31,2026-03-11 12:17:34.778308,2.113425,Glow plugs preheating,Engine Heater Glow Plugs Status,Engine Heater Glow Plugs,"rgb(77,175,74)"
66,2026-03-11 12:40:27.624377,can_tapper31,2026-03-11 12:40:27.624377,0.0,Engine starting command,Engine Status,status,"rgb(152,78,163)"
66,2026-03-11 12:40:27.624377,can_tapper31,2026-03-11 12:40:29.302652,1.678275,Engine running command,Engine Status,status,"rgb(152,78,163)"
66,2026-03-11 12:40:27.624377,can_tapper31,2026-03-11 12:40:29.623202,1.998825,Glow plugs preheating,Engine Heater Glow Plugs Status,Engine Heater Glow Plugs,"rgb(152,78,163)"
67,2026-03-11 13:03:53.491472,can_tapper31,2026-03-11 13:03:53.491472,0.0,Engine starting command,Engine Status,status,"rgb(255,127,0)"
67,2026-03-11 13:03:53.491472,can_tapper31,2026-03-11 13:03:55.200471,1.708999,Engine running command,Engine Status,status,"rgb(255,127,0)"
67,2026-03-11 13:03:53.491472,can_tapper31,2026-03-11 13:03:55.491099,1.999627,Glow plugs preheating,Engine Heater Glow Plugs Status,Engine Heater Glow Plugs,"rgb(255,127,0)"
68,2026-03-11 14:11:14.264980,can_tapper31,2026-03-11 14:11:14.264980,0.0,Engine starting command,Engine Status,status,"rgb(255,255,51)"
68,2026-03-11 14:11:14.264980,can_tapper31,2026-03-11 14:11:16.090582,1.825602,Engine running command,Engine Status,status,"rgb(255,255,51)"
68,2026-03-11 14:11:14.264980,can_tapper31,2026-03-11 14:11:16.177284,1.912304,Glow plugs preheating,Engine Heater Glow Plugs Status,Engine Heater Glow Plugs,"rgb(255,255,51)"
69,2026-03-11 15:13:15.640425,can_tapper31,2026-03-11 15:13:15.640425,0.0,Engine starting command,Engine Status,status,"rgb(166,86,40)"
69,2026-03-11 15:13:15.640425,can_tapper31,2026-03-11 15:13:13.731250,-1.909175,Glow plugs preheating,Engine Heater Glow Plugs Status,Engine Heater Glow Plugs,"rgb(166,86,40)"
69,2026-03-11 15:13:15.640425,can_tapper31,2026-03-11 15:13:17.121600,1.481175,Engine running command,Engine Status,status,"rgb(166,86,40)"
70,2026-03-12 07:03:20.019751,can_tapper31,2026-03-12 07:03:20.019751,0.0,Engine starting command,Engine Status,status,"rgb(247,129,191)"
70,2026-03-12 07:03:20.019751,can_tapper31,2026-03-12 07:03:17.916357,-2.103394,Glow plugs preheating,Engine Heater Glow Plugs Status,Engine Heater Glow Plugs,"rgb(247,129,191)"
70,2026-03-12 07:03:20.019751,can_tapper31,2026-03-12 07:03:21.757877,1.738126,Engine running command,Engine Status,status,"rgb(247,129,191)"
70,2026-03-12 07:03:20.019751,can_tapper31,2026-03-12 07:04:11.131482,51.111731,Glow plugs preheating,Engine Heater Glow Plugs Status,Engine Heater Glow Plugs,"rgb(247,129,191)"
70,2026-03-12 07:03:20.019751,can_tapper31,2026-03-12 07:04:14.708481,54.68873,Engine running command,Engine Status,status,"rgb(247,129,191)"
70,2026-03-12 07:03:20.019751,can_tapper31,2026-03-12 07:05:18.057457,118.037706,Glow plugs preheating,Engine Heater Glow Plugs Status,Engine Heater Glow Plugs,"rgb(247,129,191)"
71,2026-03-12 07:04:13.237131,can_tapper31,2026-03-12 07:04:13.237131,0.0,Engine starting command,Engine Status,status,"rgb(153,153,153)"
71,2026-03-12 07:04:13.237131,can_tapper31,2026-03-12 07:03:17.916357,-55.320774,Glow plugs preheating,Engine Heater Glow Plugs Status,Engine Heater Glow Plugs,"rgb(153,153,153)"
71,2026-03-12 07:04:13.237131,can_tapper31,2026-03-12 07:03:21.757877,-51.479254,Engine running command,Engine Status,status,"rgb(153,153,153)"
71,2026-03-12 07:04:13.237131,can_tapper31,2026-03-12 07:04:11.131482,-2.105649,Glow plugs preheating,Engine Heater Glow Plugs Status,Engine Heater Glow Plugs,"rgb(153,153,153)"
71,2026-03-12 07:04:13.237131,can_tapper31,2026-03-12 07:04:14.708481,1.47135,Engine running command,Engine Status,status,"rgb(153,153,153)"
71,2026-03-12 07:04:13.237131,can_tapper31,2026-03-12 07:05:18.057457,64.820326,Glow plugs preheating,Engine Heater Glow Plugs Status,Engine Heater Glow Plugs,"rgb(153,153,153)"
71,2026-03-12 07:04:13.237131,can_tapper31,2026-03-12 07:05:21.966217,68.729086,Engine running command,Engine Status,status,"rgb(153,153,153)"
72,2026-03-12 07:05:20.161830,can_tapper31,2026-03-12 07:05:20.161830,0.0,Engine starting command,Engine Status,status,"rgb(228,26,28)"
72,2026-03-12 07:05:20.161830,can_tapper31,2026-03-12 07:05:18.057457,-2.104373,Glow plugs preheating,Engine Heater Glow Plugs Status,Engine Heater Glow Plugs,"rgb(228,26,28)"
72,2026-03-12 07:05:20.161830,can_tapper31,2026-03-12 07:05:21.966217,1.804387,Engine running command,Engine Status,status,"rgb(228,26,28)"
73,2026-03-12 10:42:16.151853,can_tapper31,2026-03-12 10:42:16.151853,0.0,Engine starting command,Engine Status,status,"rgb(55,126,184)"
73,2026-03-12 10:42:16.151853,can_tapper31,2026-03-12 10:42:14.144963,-2.00689,Glow plugs preheating,Engine Heater Glow Plugs Status,Engine Heater Glow Plugs,"rgb(55,126,184)"
73,2026-03-12 10:42:16.151853,can_tapper31,2026-03-12 10:42:17.548886,1.397033,Engine running command,Engine Status,status,"rgb(55,126,184)"
74,2026-03-12 11:40:53.994596,can_tapper31,2026-03-12 11:40:53.994596,0.0,Engine starting command,Engine Status,status,"rgb(77,175,74)"
74,2026-03-12 11:40:53.994596,can_tapper31,2026-03-12 11:40:51.888496,-2.1061,Glow plugs preheating,Engine Heater Glow Plugs Status,Engine Heater Glow Plugs,"rgb(77,175,74)"
74,2026-03-12 11:40:53.994596,can_tapper31,2026-03-12 11:40:55.551249,1.556653,Engine running command,Engine Status,status,"rgb(77,175,74)"
75,2026-03-12 15:09:22.409793,can_tapper31,2026-03-12 15:09:22.409793,0.0,Engine starting command,Engine Status,status,"rgb(152,78,163)"
75,2026-03-12 15:09:22.409793,can_tapper31,2026-03-12 15:09:20.405301,-2.004492,Glow plugs preheating,Engine Heater Glow Plugs Status,Engine Heater Glow Plugs,"rgb(152,78,163)"
75,2026-03-12 15:09:22.409793,can_tapper31,2026-03-12 15:09:24.008145,1.598352,Engine running command,Engine Status,status,"rgb(152,78,163)"
76,2026-03-12 16:10:47.506960,can_tapper31,2026-03-12 16:10:47.506960,0.0,Engine starting command,Engine Status,status,"rgb(255,127,0)"
76,2026-03-12 16:10:47.506960,can_tapper31,2026-03-12 16:10:45.399560,-2.1074,Glow plugs preheating,Engine Heater Glow Plugs Status,Engine Heater Glow Plugs,"rgb(255,127,0)"
76,2026-03-12 16:10:47.506960,can_tapper31,2026-03-12 16:10:49.321139,1.814179,Engine running command,Engine Status,status,"rgb(255,127,0)"
77,2026-03-12 17:43:44.649703,can_tapper31,2026-03-12 17:43:44.649703,0.0,Engine starting command,Engine Status,status,"rgb(255,255,51)"
77,2026-03-12 17:43:44.649703,can_tapper31,2026-03-12 17:43:42.542083,-2.10762,Glow plugs preheating,Engine Heater Glow Plugs Status,Engine Heater Glow Plugs,"rgb(255,255,51)"
77,2026-03-12 17:43:44.649703,can_tapper31,2026-03-12 17:43:46.102734,1.453031,Engine running command,Engine Status,status,"rgb(255,255,51)"
78,2026-03-13 09:48:51.055912,can_tapper31,2026-03-13 09:48:51.055912,0.0,Engine starting command,Engine Status,status,"rgb(166,86,40)"
78,2026-03-13 09:48:51.055912,can_tapper31,2026-03-13 09:48:48.952112,-2.1038,Glow plugs preheating,Engine Heater Glow Plugs Status,Engine Heater Glow Plugs,"rgb(166,86,40)"
78,2026-03-13 09:48:51.055912,can_tapper31,2026-03-13 09:48:52.728684,1.672772,Engine running command,Engine Status,status,"rgb(166,86,40)"
79,2026-03-13 09:56:56.007903,can_tapper31,2026-03-13 09:56:56.007903,0.0,Engine starting command,Engine Status,status,"rgb(247,129,191)"
79,2026-03-13 09:56:56.007903,can_tapper31,2026-03-13 09:56:53.897384,-2.110519,Glow plugs preheating,Engine Heater Glow Plugs Status,Engine Heater Glow Plugs,"rgb(247,129,191)"
79,2026-03-13 09:56:56.007903,can_tapper31,2026-03-13 09:56:57.809903,1.802,Engine running command,Engine Status,status,"rgb(247,129,191)"
80,2026-03-13 10:23:32.813995,can_tapper31,2026-03-13 10:23:32.813995,0.0,Engine starting command,Engine Status,status,"rgb(153,153,153)"
80,2026-03-13 10:23:32.813995,can_tapper31,2026-03-13 10:23:30.709765,-2.10423,Glow plugs preheating,Engine Heater Glow Plugs Status,Engine Heater Glow Plugs,"rgb(153,153,153)"
80,2026-03-13 10:23:32.813995,can_tapper31,2026-03-13 10:23:34.689320,1.875325,Engine running command,Engine Status,status,"rgb(153,153,153)"
81,2026-03-13 10:28:47.894144,can_tapper31,2026-03-13 10:28:47.894144,0.0,Engine starting command,Engine Status,status,"rgb(228,26,28)"
81,2026-03-13 10:28:47.894144,can_tapper31,2026-03-13 10:28:45.989068,-1.905076,Glow plugs preheating,Engine Heater Glow Plugs Status,Engine Heater Glow Plugs,"rgb(228,26,28)"
81,2026-03-13 10:28:47.894144,can_tapper31,2026-03-13 10:28:49.500568,1.606424,Engine running command,Engine Status,status,"rgb(228,26,28)"
82,2026-03-13 19:03:27.012419,can_tapper31,2026-03-13 19:03:27.012419,0.0,Engine starting command,Engine Status,status,"rgb(55,126,184)"
82,2026-03-13 19:03:27.012419,can_tapper31,2026-03-13 19:03:28.566026,1.553607,Engine running command,Engine Status,status,"rgb(55,126,184)"
82,2026-03-13 19:03:27.012419,can_tapper31,2026-03-13 19:03:29.119753,2.107334,Glow plugs preheating,Engine Heater Glow Plugs Status,Engine Heater Glow Plugs,"rgb(55,126,184)"
83,2026-03-13 20:05:18.299822,can_tapper31,2026-03-13 20:05:18.299822,0.0,Engine starting command,Engine Status,status,"rgb(77,175,74)"
83,2026-03-13 20:05:18.299822,can_tapper31,2026-03-13 20:05:19.842323,1.542501,Engine running command,Engine Status,status,"rgb(77,175,74)"
83,2026-03-13 20:05:18.299822,can_tapper31,2026-03-13 20:05:20.335067,2.035245,Glow plugs preheating,Engine Heater Glow Plugs Status,Engine Heater Glow Plugs,"rgb(77,175,74)"
84,2026-03-17 08:17:24.036524,can_tapper31,2026-03-17 08:17:24.036524,0.0,Engine starting command,Engine Status,status,"rgb(152,78,163)"
84,2026-03-17 08:17:24.036524,can_tapper31,2026-03-17 08:17:22.132624,-1.9039,Glow plugs preheating,Engine Heater Glow Plugs Status,Engine Heater Glow Plugs,"rgb(152,78,163)"
84,2026-03-17 08:17:24.036524,can_tapper31,2026-03-17 08:17:25.900300,1.863776,Engine running command,Engine Status,status,"rgb(152,78,163)"
85,2026-03-17 08:45:31.811693,can_tapper31,2026-03-17 08:45:31.811693,0.0,Engine starting command,Engine Status,status,"rgb(255,127,0)"
85,2026-03-17 08:45:31.811693,can_tapper31,2026-03-17 08:45:29.705525,-2.106168,Glow plugs preheating,Engine Heater Glow Plugs Status,Engine Heater Glow Plugs,"rgb(255,127,0)"
85,2026-03-17 08:45:31.811693,can_tapper31,2026-03-17 08:45:33.305218,1.493525,Engine running command,Engine Status,status,"rgb(255,127,0)"
86,2026-03-17 10:18:37.296516,can_tapper31,2026-03-17 10:18:37.296516,0.0,Engine starting command,Engine Status,status,"rgb(255,255,51)"
86,2026-03-17 10:18:37.296516,can_tapper31,2026-03-17 10:18:35.189747,-2.106769,Glow plugs preheating,Engine Heater Glow Plugs Status,Engine Heater Glow Plugs,"rgb(255,255,51)"
86,2026-03-17 10:18:37.296516,can_tapper31,2026-03-17 10:18:38.894146,1.59763,Engine running command,Engine Status,status,"rgb(255,255,51)"
87,2026-03-17 10:44:48.732566,can_tapper31,2026-03-17 10:44:48.732566,0.0,Engine starting command,Engine Status,status,"rgb(166,86,40)"
87,2026-03-17 10:44:48.732566,can_tapper31,2026-03-17 10:44:46.623484,-2.109082,Glow plugs preheating,Engine Heater Glow Plugs Status,Engine Heater Glow Plugs,"rgb(166,86,40)"
87,2026-03-17 10:44:48.732566,can_tapper31,2026-03-17 10:44:50.361812,1.629246,Engine running command,Engine Status,status,"rgb(166,86,40)"
88,2026-03-17 10:55:05.838737,can_tapper31,2026-03-17 10:55:05.838737,0.0,Engine starting command,Engine Status,status,"rgb(247,129,191)"
88,2026-03-17 10:55:05.838737,can_tapper31,2026-03-17 10:55:03.829232,-2.009505,Glow plugs preheating,Engine Heater Glow Plugs Status,Engine Heater Glow Plugs,"rgb(247,129,191)"
88,2026-03-17 10:55:05.838737,can_tapper31,2026-03-17 10:55:07.339038,1.500301,Engine running command,Engine Status,status,"rgb(247,129,191)"
89,2026-03-18 10:25:05.591122,can_tapper31,2026-03-18 10:25:05.591122,0.0,Engine starting command,Engine Status,status,"rgb(153,153,153)"
89,2026-03-18 10:25:05.591122,can_tapper31,2026-03-18 10:25:07.351277,1.760155,Engine running command,Engine Status,status,"rgb(153,153,153)"
89,2026-03-18 10:25:05.591122,can_tapper31,2026-03-18 10:25:07.488951,1.897829,Glow plugs preheating,Engine Heater Glow Plugs Status,Engine Heater Glow Plugs,"rgb(153,153,153)"
90,2026-03-18 12:58:55.434614,can_tapper31,2026-03-18 12:58:55.434614,0.0,Engine starting command,Engine Status,status,"rgb(228,26,28)"
90,2026-03-18 12:58:55.434614,can_tapper31,2026-03-18 12:58:53.528595,-1.906019,Glow plugs preheating,Engine Heater Glow Plugs Status,Engine Heater Glow Plugs,"rgb(228,26,28)"
90,2026-03-18 12:58:55.434614,can_tapper31,2026-03-18 12:58:56.898939,1.464325,Engine running command,Engine Status,status,"rgb(228,26,28)"
91,2026-03-18 14:23:09.716869,can_tapper31,2026-03-18 14:23:09.716869,0.0,Engine starting command,Engine Status,status,"rgb(55,126,184)"
91,2026-03-18 14:23:09.716869,can_tapper31,2026-03-18 14:23:07.612749,-2.10412,Glow plugs preheating,Engine Heater Glow Plugs Status,Engine Heater Glow Plugs,"rgb(55,126,184)"
91,2026-03-18 14:23:09.716869,can_tapper31,2026-03-18 14:23:11.449317,1.732448,Engine running command,Engine Status,status,"rgb(55,126,184)"
92,2026-03-18 14:38:38.591346,can_tapper31,2026-03-18 14:38:38.591346,0.0,Engine starting command,Engine Status,status,"rgb(77,175,74)"
92,2026-03-18 14:38:38.591346,can_tapper31,2026-03-18 14:38:36.687720,-1.903626,Glow plugs preheating,Engine Heater Glow Plugs Status,Engine Heater Glow Plugs,"rgb(77,175,74)"
92,2026-03-18 14:38:38.591346,can_tapper31,2026-03-18 14:38:40.160035,1.568689,Engine running command,Engine Status,status,"rgb(77,175,74)"
93,2026-03-18 14:50:10.117523,can_tapper31,2026-03-18 14:50:10.117523,0.0,Engine starting command,Engine Status,status,"rgb(152,78,163)"
93,2026-03-18 14:50:10.117523,can_tapper31,2026-03-18 14:50:08.212030,-1.905493,Glow plugs preheating,Engine Heater Glow Plugs Status,Engine Heater Glow Plugs,"rgb(152,78,163)"
93,2026-03-18 14:50:10.117523,can_tapper31,2026-03-18 14:50:11.483435,1.365912,Engine running command,Engine Status,status,"rgb(152,78,163)"
94,2026-03-18 15:05:58.871435,can_tapper31,2026-03-18 15:05:58.871435,0.0,Engine starting command,Engine Status,status,"rgb(255,127,0)"
94,2026-03-18 15:05:58.871435,can_tapper31,2026-03-18 15:05:56.766940,-2.104495,Glow plugs preheating,Engine Heater Glow Plugs Status,Engine Heater Glow Plugs,"rgb(255,127,0)"
94,2026-03-18 15:05:58.871435,can_tapper31,2026-03-18 15:06:00.385709,1.514274,Engine running command,Engine Status,status,"rgb(255,127,0)"
95,2026-03-18 15:25:58.448278,can_tapper31,2026-03-18 15:25:58.448278,0.0,Engine starting command,Engine Status,status,"rgb(255,255,51)"
95,2026-03-18 15:25:58.448278,can_tapper31,2026-03-18 15:25:56.339916,-2.108362,Glow plugs preheating,Engine Heater Glow Plugs Status,Engine Heater Glow Plugs,"rgb(255,255,51)"
95,2026-03-18 15:25:58.448278,can_tapper31,2026-03-18 15:26:00.011389,1.563111,Engine running command,Engine Status,status,"rgb(255,255,51)"
95,2026-03-18 15:25:58.448278,can_tapper31,2026-03-18 15:26:58.772035,60.323757,Glow plugs preheating,Engine Heater Glow Plugs Status,Engine Heater Glow Plugs,"rgb(255,255,51)"
95,2026-03-18 15:25:58.448278,can_tapper31,2026-03-18 15:27:02.255625,63.807347,Engine running command,Engine Status,status,"rgb(255,255,51)"
96,2026-03-18 15:27:00.684373,can_tapper31,2026-03-18 15:27:00.684373,0.0,Engine starting command,Engine Status,status,"rgb(166,86,40)"
96,2026-03-18 15:27:00.684373,can_tapper31,2026-03-18 15:26:58.772035,-1.912338,Glow plugs preheating,Engine Heater Glow Plugs Status,Engine Heater Glow Plugs,"rgb(166,86,40)"
96,2026-03-18 15:27:00.684373,can_tapper31,2026-03-18 15:27:02.255625,1.571252,Engine running command,Engine Status,status,"rgb(166,86,40)"
97,2026-03-18 15:32:01.589252,can_tapper31,2026-03-18 15:32:01.589252,0.0,Engine starting command,Engine Status,status,"rgb(247,129,191)"
97,2026-03-18 15:32:01.589252,can_tapper31,2026-03-18 15:31:59.459580,-2.129672,Glow plugs preheating,Engine Heater Glow Plugs Status,Engine Heater Glow Plugs,"rgb(247,129,191)"
97,2026-03-18 15:32:01.589252,can_tapper31,2026-03-18 15:32:03.236522,1.64727,Engine running command,Engine Status,status,"rgb(247,129,191)"
98,2026-03-18 15:35:08.887628,can_tapper31,2026-03-18 15:35:08.887628,0.0,Engine starting command,Engine Status,status,"rgb(153,153,153)"
98,2026-03-18 15:35:08.887628,can_tapper31,2026-03-18 15:35:06.983027,-1.904601,Glow plugs preheating,Engine Heater Glow Plugs Status,Engine Heater Glow Plugs,"rgb(153,153,153)"
98,2026-03-18 15:35:08.887628,can_tapper31,2026-03-18 15:35:10.471291,1.583663,Engine running command,Engine Status,status,"rgb(153,153,153)"
98,2026-03-18 15:35:08.887628,can_tapper31,2026-03-18 15:36:29.307107,80.419479,Glow plugs preheating,Engine Heater Glow Plugs Status,Engine Heater Glow Plugs,"rgb(153,153,153)"
98,2026-03-18 15:35:08.887628,can_tapper31,2026-03-18 15:36:33.070408,84.18278,Engine running command,Engine Status,status,"rgb(153,153,153)"
99,2026-03-18 15:36:31.410025,can_tapper31,2026-03-18 15:36:31.410025,0.0,Engine starting command,Engine Status,status,"rgb(228,26,28)"
99,2026-03-18 15:36:31.410025,can_tapper31,2026-03-18 15:36:29.307107,-2.102918,Glow plugs preheating,Engine Heater Glow Plugs Status,Engine Heater Glow Plugs,"rgb(228,26,28)"
99,2026-03-18 15:36:31.410025,can_tapper31,2026-03-18 15:36:33.070408,1.660383,Engine running command,Engine Status,status,"rgb(228,26,28)"
100,2026-03-19 09:18:23.151107,can_tapper31,2026-03-19 09:18:23.151107,0.0,Engine starting command,Engine Status,status,"rgb(55,126,184)"
100,2026-03-19 09:18:23.151107,can_tapper31,2026-03-19 09:18:21.046016,-2.105091,Glow plugs preheating,Engine Heater Glow Plugs Status,Engine Heater Glow Plugs,"rgb(55,126,184)"
100,2026-03-19 09:18:23.151107,can_tapper31,2026-03-19 09:18:24.808386,1.657279,Engine running command,Engine Status,status,"rgb(55,126,184)"
101,2026-03-19 09:26:57.342036,can_tapper31,2026-03-19 09:26:57.342036,0.0,Engine starting command,Engine Status,status,"rgb(77,175,74)"
101,2026-03-19 09:26:57.342036,can_tapper31,2026-03-19 09:26:55.235461,-2.106575,Glow plugs preheating,Engine Heater Glow Plugs Status,Engine Heater Glow Plugs,"rgb(77,175,74)"
101,2026-03-19 09:26:57.342036,can_tapper31,2026-03-19 09:26:59.231906,1.88987,Engine running command,Engine Status,status,"rgb(77,175,74)"
102,2026-03-19 12:24:25.729594,can_tapper31,2026-03-19 12:24:25.729594,0.0,Engine starting command,Engine Status,status,"rgb(152,78,163)"
102,2026-03-19 12:24:25.729594,can_tapper31,2026-03-19 12:24:23.623572,-2.106022,Glow plugs preheating,Engine Heater Glow Plugs Status,Engine Heater Glow Plugs,"rgb(152,78,163)"
102,2026-03-19 12:24:25.729594,can_tapper31,2026-03-19 12:24:27.378871,1.649277,Engine running command,Engine Status,status,"rgb(152,78,163)"
103,2026-03-19 12:27:08.439915,can_tapper31,2026-03-19 12:27:08.439915,0.0,Engine starting command,Engine Status,status,"rgb(255,127,0)"
103,2026-03-19 12:27:08.439915,can_tapper31,2026-03-19 12:27:06.434841,-2.005074,Glow plugs preheating,Engine Heater Glow Plugs Status,Engine Heater Glow Plugs,"rgb(255,127,0)"
103,2026-03-19 12:27:08.439915,can_tapper31,2026-03-19 12:27:10.081764,1.641849,Engine running command,Engine Status,status,"rgb(255,127,0)"
104,2026-03-25 07:32:11.408183,can_tapper31,2026-03-25 07:32:11.408183,0.0,Engine starting command,Engine Status,status,"rgb(255,255,51)"
104,2026-03-25 07:32:11.408183,can_tapper31,2026-03-25 07:32:12.878552,1.470369,Engine running command,Engine Status,status,"rgb(255,255,51)"
104,2026-03-25 07:32:11.408183,can_tapper31,2026-03-25 07:32:13.473984,2.065801,Glow plugs preheating,Engine Heater Glow Plugs Status,Engine Heater Glow Plugs,"rgb(255,255,51)"
105,2026-03-25 08:03:37.358350,can_tapper31,2026-03-25 08:03:37.358350,0.0,Engine starting command,Engine Status,status,"rgb(166,86,40)"
105,2026-03-25 08:03:37.358350,can_tapper31,2026-03-25 08:03:39.095398,1.737048,Engine running command,Engine Status,status,"rgb(166,86,40)"
105,2026-03-25 08:03:37.358350,can_tapper31,2026-03-25 08:03:39.369232,2.010882,Glow plugs preheating,Engine Heater Glow Plugs Status,Engine Heater Glow Plugs,"rgb(166,86,40)"
106,2026-03-25 09:01:03.692617,can_tapper31,2026-03-25 09:01:03.692617,0.0,Engine starting command,Engine Status,status,"rgb(247,129,191)"
106,2026-03-25 09:01:03.692617,can_tapper31,2026-03-25 09:01:05.545567,1.85295,Engine running command,Engine Status,status,"rgb(247,129,191)"
106,2026-03-25 09:01:03.692617,can_tapper31,2026-03-25 09:01:05.599815,1.907198,Glow plugs preheating,Engine Heater Glow Plugs Status,Engine Heater Glow Plugs,"rgb(247,129,191)"
107,2026-03-25 09:43:56.012603,can_tapper31,2026-03-25 09:43:56.012603,0.0,Engine starting command,Engine Status,status,"rgb(153,153,153)"
107,2026-03-25 09:43:56.012603,can_tapper31,2026-03-25 09:43:57.683655,1.671052,Engine running command,Engine Status,status,"rgb(153,153,153)"
107,2026-03-25 09:43:56.012603,can_tapper31,2026-03-25 09:43:57.910461,1.897858,Glow plugs preheating,Engine Heater Glow Plugs Status,Engine Heater Glow Plugs,"rgb(153,153,153)"
108,2026-03-25 10:19:39.196323,can_tapper31,2026-03-25 10:19:39.196323,0.0,Engine starting command,Engine Status,status,"rgb(228,26,28)"
108,2026-03-25 10:19:39.196323,can_tapper31,2026-03-25 10:19:40.855495,1.659172,Engine running command,Engine Status,status,"rgb(228,26,28)"
108,2026-03-25 10:19:39.196323,can_tapper31,2026-03-25 10:19:41.194922,1.998599,Glow plugs preheating,Engine Heater Glow Plugs Status,Engine Heater Glow Plugs,"rgb(228,26,28)"
109,2026-03-25 10:51:55.238311,can_tapper31,2026-03-25 10:51:55.238311,0.0,Engine starting command,Engine Status,status,"rgb(55,126,184)"
109,2026-03-25 10:51:55.238311,can_tapper31,2026-03-25 10:51:57.138793,1.900482,Engine running command,Engine Status,status,"rgb(55,126,184)"
109,2026-03-25 10:51:55.238311,can_tapper31,2026-03-25 10:51:57.178874,1.940563,Glow plugs preheating,Engine Heater Glow Plugs Status,Engine Heater Glow Plugs,"rgb(55,126,184)"
110,2026-03-25 13:18:45.819854,can_tapper31,2026-03-25 13:18:45.819854,0.0,Engine starting command,Engine Status,status,"rgb(77,175,74)"
110,2026-03-25 13:18:45.819854,can_tapper31,2026-03-25 13:18:43.715052,-2.104802,Glow plugs preheating,Engine Heater Glow Plugs Status,Engine Heater Glow Plugs,"rgb(77,175,74)"
110,2026-03-25 13:18:45.819854,can_tapper31,2026-03-25 13:18:47.530324,1.71047,Engine running command,Engine Status,status,"rgb(77,175,74)"
111,2026-03-25 13:49:52.594914,can_tapper31,2026-03-25 13:49:52.594914,0.0,Engine starting command,Engine Status,status,"rgb(152,78,163)"
111,2026-03-25 13:49:52.594914,can_tapper31,2026-03-25 13:49:54.371815,1.776901,Engine running command,Engine Status,status,"rgb(152,78,163)"
111,2026-03-25 13:49:52.594914,can_tapper31,2026-03-25 13:49:54.629795,2.034881,Glow plugs preheating,Engine Heater Glow Plugs Status,Engine Heater Glow Plugs,"rgb(152,78,163)"
112,2026-03-25 14:21:29.320488,can_tapper31,2026-03-25 14:21:29.320488,0.0,Engine starting command,Engine Status,status,"rgb(255,127,0)"
112,2026-03-25 14:21:29.320488,can_tapper31,2026-03-25 14:21:27.416839,-1.903649,Glow plugs preheating,Engine Heater Glow Plugs Status,Engine Heater Glow Plugs,"rgb(255,127,0)"
112,2026-03-25 14:21:29.320488,can_tapper31,2026-03-25 14:21:30.911235,1.590747,Engine running command,Engine Status,status,"rgb(255,127,0)"
113,2026-03-25 15:17:30.568675,can_tapper31,2026-03-25 15:17:30.568675,0.0,Engine starting command,Engine Status,status,"rgb(255,255,51)"
113,2026-03-25 15:17:30.568675,can_tapper31,2026-03-25 15:17:28.659772,-1.908903,Glow plugs preheating,Engine Heater Glow Plugs Status,Engine Heater Glow Plugs,"rgb(255,255,51)"
113,2026-03-25 15:17:30.568675,can_tapper31,2026-03-25 15:17:32.165718,1.597043,Engine running command,Engine Status,status,"rgb(255,255,51)"
114,2026-03-25 15:45:52.505118,can_tapper31,2026-03-25 15:45:52.505118,0.0,Engine starting command,Engine Status,status,"rgb(166,86,40)"
114,2026-03-25 15:45:52.505118,can_tapper31,2026-03-25 15:45:50.398469,-2.106649,Glow plugs preheating,Engine Heater Glow Plugs Status,Engine Heater Glow Plugs,"rgb(166,86,40)"
114,2026-03-25 15:45:52.505118,can_tapper31,2026-03-25 15:45:54.142864,1.637746,Engine running command,Engine Status,status,"rgb(166,86,40)"
115,2026-03-25 17:06:16.208455,can_tapper31,2026-03-25 17:06:16.208455,0.0,Engine starting command,Engine Status,status,"rgb(247,129,191)"
115,2026-03-25 17:06:16.208455,can_tapper31,2026-03-25 17:06:17.709718,1.501263,Engine running command,Engine Status,status,"rgb(247,129,191)"
115,2026-03-25 17:06:16.208455,can_tapper31,2026-03-25 17:06:18.231899,2.023444,Glow plugs preheating,Engine Heater Glow Plugs Status,Engine Heater Glow Plugs,"rgb(247,129,191)"
116,2026-03-26 08:14:14.242987,can_tapper31,2026-03-26 08:14:14.242987,0.0,Engine starting command,Engine Status,status,"rgb(153,153,153)"
116,2026-03-26 08:14:14.242987,can_tapper31,2026-03-26 08:14:12.237683,-2.005304,Glow plugs preheating,Engine Heater Glow Plugs Status,Engine Heater Glow Plugs,"rgb(153,153,153)"
116,2026-03-26 08:14:14.242987,can_tapper31,2026-03-26 08:14:15.975879,1.732892,Engine running command,Engine Status,status,"rgb(153,153,153)"
117,2026-03-26 11:14:41.992917,can_tapper31,2026-03-26 11:14:41.992917,0.0,Engine starting command,Engine Status,status,"rgb(228,26,28)"
117,2026-03-26 11:14:41.992917,can_tapper31,2026-03-26 11:14:43.702485,1.709568,Engine running command,Engine Status,status,"rgb(228,26,28)"
117,2026-03-26 11:14:41.992917,can_tapper31,2026-03-26 11:14:44.094137,2.10122,Glow plugs preheating,Engine Heater Glow Plugs Status,Engine Heater Glow Plugs,"rgb(228,26,28)"
118,2026-03-26 11:46:43.069760,can_tapper31,2026-03-26 11:46:43.069760,0.0,Engine starting command,Engine Status,status,"rgb(55,126,184)"
118,2026-03-26 11:46:43.069760,can_tapper31,2026-03-26 11:46:44.573332,1.503572,Engine running command,Engine Status,status,"rgb(55,126,184)"
118,2026-03-26 11:46:43.069760,can_tapper31,2026-03-26 11:46:45.162003,2.092243,Glow plugs preheating,Engine Heater Glow Plugs Status,Engine Heater Glow Plugs,"rgb(55,126,184)"
119,2026-03-26 12:50:16.925370,can_tapper31,2026-03-26 12:50:16.925370,0.0,Engine starting command,Engine Status,status,"rgb(77,175,74)"
119,2026-03-26 12:50:16.925370,can_tapper31,2026-03-26 12:50:18.548663,1.623293,Engine running command,Engine Status,status,"rgb(77,175,74)"
119,2026-03-26 12:50:16.925370,can_tapper31,2026-03-26 12:50:18.930796,2.005426,Glow plugs preheating,Engine Heater Glow Plugs Status,Engine Heater Glow Plugs,"rgb(77,175,74)"
120,2026-03-26 13:38:52.286316,can_tapper31,2026-03-26 13:38:52.286316,0.0,Engine starting command,Engine Status,status,"rgb(152,78,163)"
120,2026-03-26 13:38:52.286316,can_tapper31,2026-03-26 13:38:54.121706,1.83539,Engine running command,Engine Status,status,"rgb(152,78,163)"
120,2026-03-26 13:38:52.286316,can_tapper31,2026-03-26 13:38:54.288780,2.002464,Glow plugs preheating,Engine Heater Glow Plugs Status,Engine Heater Glow Plugs,"rgb(152,78,163)"
121,2026-03-26 15:14:21.732062,can_tapper31,2026-03-26 15:14:21.732062,0.0,Engine starting command,Engine Status,status,"rgb(255,127,0)"
121,2026-03-26 15:14:21.732062,can_tapper31,2026-03-26 15:14:23.255810,1.523748,Engine running command,Engine Status,status,"rgb(255,127,0)"
121,2026-03-26 15:14:21.732062,can_tapper31,2026-03-26 15:14:23.660338,1.928276,Glow plugs preheating,Engine Heater Glow Plugs Status,Engine Heater Glow Plugs,"rgb(255,127,0)"
122,2026-03-27 09:49:16.021059,can_tapper31,2026-03-27 09:49:16.021059,0.0,Engine starting command,Engine Status,status,"rgb(255,255,51)"
122,2026-03-27 09:49:16.021059,can_tapper31,2026-03-27 09:49:17.789609,1.76855,Engine running command,Engine Status,status,"rgb(255,255,51)"
122,2026-03-27 09:49:16.021059,can_tapper31,2026-03-27 09:49:17.948616,1.927557,Glow plugs preheating,Engine Heater Glow Plugs Status,Engine Heater Glow Plugs,"rgb(255,255,51)"
123,2026-03-27 10:25:29.917649,can_tapper31,2026-03-27 10:25:29.917649,0.0,Engine starting command,Engine Status,status,"rgb(166,86,40)"
123,2026-03-27 10:25:29.917649,can_tapper31,2026-03-27 10:25:31.647734,1.730085,Engine running command,Engine Status,status,"rgb(166,86,40)"
123,2026-03-27 10:25:29.917649,can_tapper31,2026-03-27 10:25:31.815886,1.898237,Glow plugs preheating,Engine Heater Glow Plugs Status,Engine Heater Glow Plugs,"rgb(166,86,40)"
124,2026-03-27 10:43:53.158730,can_tapper31,2026-03-27 10:43:53.158730,0.0,Engine starting command,Engine Status,status,"rgb(247,129,191)"
124,2026-03-27 10:43:53.158730,can_tapper31,2026-03-27 10:43:54.829080,1.67035,Engine running command,Engine Status,status,"rgb(247,129,191)"
124,2026-03-27 10:43:53.158730,can_tapper31,2026-03-27 10:43:55.056306,1.897576,Glow plugs preheating,Engine Heater Glow Plugs Status,Engine Heater Glow Plugs,"rgb(247,129,191)"
125,2026-03-27 11:39:33.957611,can_tapper31,2026-03-27 11:39:33.957611,0.0,Engine starting command,Engine Status,status,"rgb(153,153,153)"
125,2026-03-27 11:39:33.957611,can_tapper31,2026-03-27 11:39:35.443288,1.485677,Engine running command,Engine Status,status,"rgb(153,153,153)"
125,2026-03-27 11:39:33.957611,can_tapper31,2026-03-27 11:39:36.059042,2.101431,Glow plugs preheating,Engine Heater Glow Plugs Status,Engine Heater Glow Plugs,"rgb(153,153,153)"
126,2026-03-27 12:56:11.811895,can_tapper31,2026-03-27 12:56:11.811895,0.0,Engine starting command,Engine Status,status,"rgb(228,26,28)"
126,2026-03-27 12:56:11.811895,can_tapper31,2026-03-27 12:56:09.908125,-1.90377,Glow plugs preheating,Engine Heater Glow Plugs Status,Engine Heater Glow Plugs,"rgb(228,26,28)"
126,2026-03-27 12:56:11.811895,can_tapper31,2026-03-27 12:56:13.232699,1.420804,Engine running command,Engine Status,status,"rgb(228,26,28)"
127,2026-03-27 13:44:42.182408,can_tapper31,2026-03-27 13:44:42.182408,0.0,Engine starting command,Engine Status,status,"rgb(55,126,184)"
127,2026-03-27 13:44:42.182408,can_tapper31,2026-03-27 13:44:44.108939,1.926531,Engine running command,Engine Status,status,"rgb(55,126,184)"
127,2026-03-27 13:44:42.182408,can_tapper31,2026-03-27 13:44:44.145771,1.963363,Glow plugs preheating,Engine Heater Glow Plugs Status,Engine Heater Glow Plugs,"rgb(55,126,184)"
128,2026-03-27 13:50:20.933788,can_tapper31,2026-03-27 13:50:20.933788,0.0,Engine starting command,Engine Status,status,"rgb(77,175,74)"
128,2026-03-27 13:50:20.933788,can_tapper31,2026-03-27 13:50:22.633088,1.6993,Engine running command,Engine Status,status,"rgb(77,175,74)"
128,2026-03-27 13:50:20.933788,can_tapper31,2026-03-27 13:50:22.832560,1.898772,Glow plugs preheating,Engine Heater Glow Plugs Status,Engine Heater Glow Plugs,"rgb(77,175,74)"
129,2026-03-27 15:27:37.864734,can_tapper31,2026-03-27 15:27:37.864734,0.0,Engine starting command,Engine Status,status,"rgb(152,78,163)"
129,2026-03-27 15:27:37.864734,can_tapper31,2026-03-27 15:27:39.501085,1.636351,Engine running command,Engine Status,status,"rgb(152,78,163)"
129,2026-03-27 15:27:37.864734,can_tapper31,2026-03-27 15:27:39.963860,2.099126,Glow plugs preheating,Engine Heater Glow Plugs Status,Engine Heater Glow Plugs,"rgb(152,78,163)"
130,2026-03-27 15:45:59.727835,can_tapper31,2026-03-27 15:45:59.727835,0.0,Engine starting command,Engine Status,status,"rgb(255,127,0)"
130,2026-03-27 15:45:59.727835,can_tapper31,2026-03-27 15:46:01.466288,1.738453,Engine running command,Engine Status,status,"rgb(255,127,0)"
130,2026-03-27 15:45:59.727835,can_tapper31,2026-03-27 15:46:01.749130,2.021295,Glow plugs preheating,Engine Heater Glow Plugs Status,Engine Heater Glow Plugs,"rgb(255,127,0)"
131,2026-03-28 07:48:25.264460,can_tapper31,2026-03-28 07:48:25.264460,0.0,Engine starting command,Engine Status,status,"rgb(255,255,51)"
131,2026-03-28 07:48:25.264460,can_tapper31,2026-03-28 07:48:26.917635,1.653175,Engine running command,Engine Status,status,"rgb(255,255,51)"
131,2026-03-28 07:48:25.264460,can_tapper31,2026-03-28 07:48:27.361634,2.097174,Glow plugs preheating,Engine Heater Glow Plugs Status,Engine Heater Glow Plugs,"rgb(255,255,51)"
132,2026-03-31 07:30:53.910809,can_tapper31,2026-03-31 07:30:53.910809,0.0,Engine starting command,Engine Status,status,"rgb(166,86,40)"
132,2026-03-31 07:30:53.910809,can_tapper31,2026-03-31 07:30:51.906891,-2.003918,Glow plugs preheating,Engine Heater Glow Plugs Status,Engine Heater Glow Plugs,"rgb(166,86,40)"
132,2026-03-31 07:30:53.910809,can_tapper31,2026-03-31 07:30:55.394991,1.484182,Engine running command,Engine Status,status,"rgb(166,86,40)"
133,2026-03-31 09:24:42.142035,can_tapper31,2026-03-31 09:24:42.142035,0.0,Engine starting command,Engine Status,status,"rgb(247,129,191)"
133,2026-03-31 09:24:42.142035,can_tapper31,2026-03-31 09:24:43.743585,1.60155,Engine running command,Engine Status,status,"rgb(247,129,191)"
133,2026-03-31 09:24:42.142035,can_tapper31,2026-03-31 09:24:44.263153,2.121118,Glow plugs preheating,Engine Heater Glow Plugs Status,Engine Heater Glow Plugs,"rgb(247,129,191)"
134,2026-03-31 10:13:43.508128,can_tapper31,2026-03-31 10:13:43.508128,0.0,Engine starting command,Engine Status,status,"rgb(153,153,153)"
134,2026-03-31 10:13:43.508128,can_tapper31,2026-03-31 10:13:45.490823,1.982695,Engine running command,Engine Status,status,"rgb(153,153,153)"
134,2026-03-31 10:13:43.508128,can_tapper31,2026-03-31 10:13:45.530529,2.022401,Glow plugs preheating,Engine Heater Glow Plugs Status,Engine Heater Glow Plugs,"rgb(153,153,153)"
135,2026-03-31 10:50:59.988145,can_tapper31,2026-03-31 10:50:59.988145,0.0,Engine starting command,Engine Status,status,"rgb(228,26,28)"
135,2026-03-31 10:50:59.988145,can_tapper31,2026-03-31 10:51:01.651735,1.66359,Engine running command,Engine Status,status,"rgb(228,26,28)"
135,2026-03-31 10:50:59.988145,can_tapper31,2026-03-31 10:51:02.008191,2.020046,Glow plugs preheating,Engine Heater Glow Plugs Status,Engine Heater Glow Plugs,"rgb(228,26,28)"
136,2026-03-31 14:08:05.392694,can_tapper31,2026-03-31 14:08:05.392694,0.0,Engine starting command,Engine Status,status,"rgb(55,126,184)"
136,2026-03-31 14:08:05.392694,can_tapper31,2026-03-31 14:08:06.988849,1.596155,Engine running command,Engine Status,status,"rgb(55,126,184)"
136,2026-03-31 14:08:05.392694,can_tapper31,2026-03-31 14:08:07.294895,1.902201,Glow plugs preheating,Engine Heater Glow Plugs Status,Engine Heater Glow Plugs,"rgb(55,126,184)"
137,2026-03-31 14:49:04.496516,can_tapper31,2026-03-31 14:49:04.496516,0.0,Engine starting command,Engine Status,status,"rgb(77,175,74)"
137,2026-03-31 14:49:04.496516,can_tapper31,2026-03-31 14:49:06.262308,1.765792,Engine running command,Engine Status,status,"rgb(77,175,74)"
137,2026-03-31 14:49:04.496516,can_tapper31,2026-03-31 14:49:06.394909,1.898393,Glow plugs preheating,Engine Heater Glow Plugs Status,Engine Heater Glow Plugs,"rgb(77,175,74)"
138,2026-03-31 15:10:09.066304,can_tapper31,2026-03-31 15:10:09.066304,0.0,Engine starting command,Engine Status,status,"rgb(152,78,163)"
138,2026-03-31 15:10:09.066304,can_tapper31,2026-03-31 15:10:10.852312,1.786008,Engine running command,Engine Status,status,"rgb(152,78,163)"
138,2026-03-31 15:10:09.066304,can_tapper31,2026-03-31 15:10:11.167123,2.100819,Glow plugs preheating,Engine Heater Glow Plugs Status,Engine Heater Glow Plugs,"rgb(152,78,163)"
139,2026-03-31 15:21:04.286253,can_tapper31,2026-03-31 15:21:04.286253,0.0,Engine starting command,Engine Status,status,"rgb(255,127,0)"
139,2026-03-31 15:21:04.286253,can_tapper31,2026-03-31 15:21:06.062106,1.775853,Engine running command,Engine Status,status,"rgb(255,127,0)"
139,2026-03-31 15:21:04.286253,can_tapper31,2026-03-31 15:21:06.384052,2.097799,Glow plugs preheating,Engine Heater Glow Plugs Status,Engine Heater Glow Plugs,"rgb(255,127,0)"
140,2026-03-31 15:51:27.894995,can_tapper31,2026-03-31 15:51:27.894995,0.0,Engine starting command,Engine Status,status,"rgb(255,255,51)"
140,2026-03-31 15:51:27.894995,can_tapper31,2026-03-31 15:51:29.651569,1.756574,Engine running command,Engine Status,status,"rgb(255,255,51)"
140,2026-03-31 15:51:27.894995,can_tapper31,2026-03-31 15:51:29.825145,1.93015,Glow plugs preheating,Engine Heater Glow Plugs Status,Engine Heater Glow Plugs,"rgb(255,255,51)"
141,2026-04-01 07:39:19.641433,can_tapper31,2026-04-01 07:39:19.641433,0.0,Engine starting command,Engine Status,status,"rgb(166,86,40)"
141,2026-04-01 07:39:19.641433,can_tapper31,2026-04-01 07:39:21.265008,1.623575,Engine running command,Engine Status,status,"rgb(166,86,40)"
141,2026-04-01 07:39:19.641433,can_tapper31,2026-04-01 07:39:21.740004,2.098571,Glow plugs preheating,Engine Heater Glow Plugs Status,Engine Heater Glow Plugs,"rgb(166,86,40)"
142,2026-04-01 08:30:34.422823,can_tapper31,2026-04-01 08:30:34.422823,0.0,Engine starting command,Engine Status,status,"rgb(247,129,191)"
142,2026-04-01 08:30:34.422823,can_tapper31,2026-04-01 08:30:32.519247,-1.903576,Glow plugs preheating,Engine Heater Glow Plugs Status,Engine Heater Glow Plugs,"rgb(247,129,191)"
142,2026-04-01 08:30:34.422823,can_tapper31,2026-04-01 08:30:35.982996,1.560173,Engine running command,Engine Status,status,"rgb(247,129,191)"
143,2026-04-01 09:07:49.293981,can_tapper31,2026-04-01 09:07:49.293981,0.0,Engine starting command,Engine Status,status,"rgb(153,153,153)"
143,2026-04-01 09:07:49.293981,can_tapper31,2026-04-01 09:07:47.187665,-2.106316,Glow plugs preheating,Engine Heater Glow Plugs Status,Engine Heater Glow Plugs,"rgb(153,153,153)"
143,2026-04-01 09:07:49.293981,can_tapper31,2026-04-01 09:07:50.568010,1.274029,Engine running command,Engine Status,status,"rgb(153,153,153)"
144,2026-04-01 09:56:45.151473,can_tapper31,2026-04-01 09:56:45.151473,0.0,Engine starting command,Engine Status,status,"rgb(228,26,28)"
144,2026-04-01 09:56:45.151473,can_tapper31,2026-04-01 09:56:43.246822,-1.904651,Glow plugs preheating,Engine Heater Glow Plugs Status,Engine Heater Glow Plugs,"rgb(228,26,28)"
144,2026-04-01 09:56:45.151473,can_tapper31,2026-04-01 09:56:46.743974,1.592501,Engine running command,Engine Status,status,"rgb(228,26,28)"
145,2026-04-01 10:20:57.068598,can_tapper31,2026-04-01 10:20:57.068598,0.0,Engine starting command,Engine Status,status,"rgb(55,126,184)"
145,2026-04-01 10:20:57.068598,can_tapper31,2026-04-01 10:20:54.963548,-2.10505,Glow plugs preheating,Engine Heater Glow Plugs Status,Engine Heater Glow Plugs,"rgb(55,126,184)"
145,2026-04-01 10:20:57.068598,can_tapper31,2026-04-01 10:20:58.841398,1.7728,Engine running command,Engine Status,status,"rgb(55,126,184)"
146,2026-04-01 11:08:43.320173,can_tapper31,2026-04-01 11:08:43.320173,0.0,Engine starting command,Engine Status,status,"rgb(77,175,74)"
146,2026-04-01 11:08:43.320173,can_tapper31,2026-04-01 11:08:41.312960,-2.007213,Glow plugs preheating,Engine Heater Glow Plugs Status,Engine Heater Glow Plugs,"rgb(77,175,74)"
146,2026-04-01 11:08:43.320173,can_tapper31,2026-04-01 11:08:45.071584,1.751411,Engine running command,Engine Status,status,"rgb(77,175,74)"
147,2026-04-01 11:54:51.125950,can_tapper31,2026-04-01 11:54:51.125950,0.0,Engine starting command,Engine Status,status,"rgb(152,78,163)"
147,2026-04-01 11:54:51.125950,can_tapper31,2026-04-01 11:54:49.118056,-2.007894,Glow plugs preheating,Engine Heater Glow Plugs Status,Engine Heater Glow Plugs,"rgb(152,78,163)"
147,2026-04-01 11:54:51.125950,can_tapper31,2026-04-01 11:54:52.753471,1.627521,Engine running command,Engine Status,status,"rgb(152,78,163)"
148,2026-04-01 12:13:08.600198,can_tapper31,2026-04-01 12:13:08.600198,0.0,Engine starting command,Engine Status,status,"rgb(255,127,0)"
148,2026-04-01 12:13:08.600198,can_tapper31,2026-04-01 12:13:06.493991,-2.106207,Glow plugs preheating,Engine Heater Glow Plugs Status,Engine Heater Glow Plugs,"rgb(255,127,0)"
148,2026-04-01 12:13:08.600198,can_tapper31,2026-04-01 12:13:10.151094,1.550896,Engine running command,Engine Status,status,"rgb(255,127,0)"
148,2026-04-01 12:13:08.600198,can_tapper31,2026-04-01 12:15:00.851428,112.25123,Glow plugs preheating,Engine Heater Glow Plugs Status,Engine Heater Glow Plugs,"rgb(255,127,0)"
148,2026-04-01 12:13:08.600198,can_tapper31,2026-04-01 12:15:04.510441,115.910243,Engine running command,Engine Status,status,"rgb(255,127,0)"
149,2026-04-01 12:15:02.959065,can_tapper31,2026-04-01 12:15:02.959065,0.0,Engine starting command,Engine Status,status,"rgb(255,255,51)"
149,2026-04-01 12:15:02.959065,can_tapper31,2026-04-01 12:15:00.851428,-2.107637,Glow plugs preheating,Engine Heater Glow Plugs Status,Engine Heater Glow Plugs,"rgb(255,255,51)"
149,2026-04-01 12:15:02.959065,can_tapper31,2026-04-01 12:15:04.510441,1.551376,Engine running command,Engine Status,status,"rgb(255,255,51)"
150,2026-04-01 13:11:45.167359,can_tapper31,2026-04-01 13:11:45.167359,0.0,Engine starting command,Engine Status,status,"rgb(166,86,40)"
150,2026-04-01 13:11:45.167359,can_tapper31,2026-04-01 13:11:46.857559,1.6902,Engine running command,Engine Status,status,"rgb(166,86,40)"
150,2026-04-01 13:11:45.167359,can_tapper31,2026-04-01 13:11:47.169633,2.002274,Glow plugs preheating,Engine Heater Glow Plugs Status,Engine Heater Glow Plugs,"rgb(166,86,40)"
151,2026-04-01 14:21:28.348270,can_tapper31,2026-04-01 14:21:28.348270,0.0,Engine starting command,Engine Status,status,"rgb(247,129,191)"
151,2026-04-01 14:21:28.348270,can_tapper31,2026-04-01 14:21:29.950960,1.60269,Engine running command,Engine Status,status,"rgb(247,129,191)"
151,2026-04-01 14:21:28.348270,can_tapper31,2026-04-01 14:21:30.256594,1.908324,Glow plugs preheating,Engine Heater Glow Plugs Status,Engine Heater Glow Plugs,"rgb(247,129,191)"
152,2026-04-01 15:09:05.957099,can_tapper31,2026-04-01 15:09:05.957099,0.0,Engine starting command,Engine Status,status,"rgb(153,153,153)"
152,2026-04-01 15:09:05.957099,can_tapper31,2026-04-01 15:09:06.164632,0.207533,Glow plugs preheating,Engine Heater Glow Plugs Status,Engine Heater Glow Plugs,"rgb(153,153,153)"
152,2026-04-01 15:09:05.957099,can_tapper31,2026-04-01 15:09:07.783356,1.826257,Engine running command,Engine Status,status,"rgb(153,153,153)"
153,2026-04-01 15:29:54.965724,can_tapper31,2026-04-01 15:29:54.965724,0.0,Engine starting command,Engine Status,status,"rgb(228,26,28)"
153,2026-04-01 15:29:54.965724,can_tapper31,2026-04-01 15:29:56.564378,1.598654,Engine running command,Engine Status,status,"rgb(228,26,28)"
153,2026-04-01 15:29:54.965724,can_tapper31,2026-04-01 15:29:57.064893,2.099169,Glow plugs preheating,Engine Heater Glow Plugs Status,Engine Heater Glow Plugs,"rgb(228,26,28)"
154,2026-04-02 07:44:04.006219,can_tapper31,2026-04-02 07:44:04.006219,0.0,Engine starting command,Engine Status,status,"rgb(55,126,184)"
154,2026-04-02 07:44:04.006219,can_tapper31,2026-04-02 07:44:05.378817,1.372598,Engine running command,Engine Status,status,"rgb(55,126,184)"
154,2026-04-02 07:44:04.006219,can_tapper31,2026-04-02 07:44:05.905189,1.89897,Glow plugs preheating,Engine Heater Glow Plugs Status,Engine Heater Glow Plugs,"rgb(55,126,184)"
155,2026-04-02 08:05:19.952578,can_tapper31,2026-04-02 08:05:19.952578,0.0,Engine starting command,Engine Status,status,"rgb(77,175,74)"
155,2026-04-02 08:05:19.952578,can_tapper31,2026-04-02 08:05:21.436173,1.483595,Engine running command,Engine Status,status,"rgb(77,175,74)"
155,2026-04-02 08:05:19.952578,can_tapper31,2026-04-02 08:05:22.055503,2.102925,Glow plugs preheating,Engine Heater Glow Plugs Status,Engine Heater Glow Plugs,"rgb(77,175,74)"
156,2026-04-02 09:26:06.962110,can_tapper31,2026-04-02 09:26:06.962110,0.0,Engine starting command,Engine Status,status,"rgb(152,78,163)"
156,2026-04-02 09:26:06.962110,can_tapper31,2026-04-02 09:26:08.718336,1.756226,Engine running command,Engine Status,status,"rgb(152,78,163)"
156,2026-04-02 09:26:06.962110,can_tapper31,2026-04-02 09:26:08.960211,1.998101,Glow plugs preheating,Engine Heater Glow Plugs Status,Engine Heater Glow Plugs,"rgb(152,78,163)"
157,2026-04-02 09:46:09.328531,can_tapper31,2026-04-02 09:46:09.328531,0.0,Engine starting command,Engine Status,status,"rgb(255,127,0)"
157,2026-04-02 09:46:09.328531,can_tapper31,2026-04-02 09:46:10.864131,1.5356,Engine running command,Engine Status,status,"rgb(255,127,0)"
157,2026-04-02 09:46:09.328531,can_tapper31,2026-04-02 09:46:11.225474,1.896943,Glow plugs preheating,Engine Heater Glow Plugs Status,Engine Heater Glow Plugs,"rgb(255,127,0)"
158,2026-04-02 10:17:30.035824,can_tapper31,2026-04-02 10:17:30.035824,0.0,Engine starting command,Engine Status,status,"rgb(255,255,51)"
158,2026-04-02 10:17:30.035824,can_tapper31,2026-04-02 10:17:31.695099,1.659275,Engine running command,Engine Status,status,"rgb(255,255,51)"
158,2026-04-02 10:17:30.035824,can_tapper31,2026-04-02 10:17:32.012317,1.976493,Glow plugs preheating,Engine Heater Glow Plugs Status,Engine Heater Glow Plugs,"rgb(255,255,51)"
159,2026-04-02 11:39:27.648304,can_tapper31,2026-04-02 11:39:27.648304,0.0,Engine starting command,Engine Status,status,"rgb(166,86,40)"
159,2026-04-02 11:39:27.648304,can_tapper31,2026-04-02 11:39:27.575856,-0.072448,Glow plugs preheating,Engine Heater Glow Plugs Status,Engine Heater Glow Plugs,"rgb(166,86,40)"
159,2026-04-02 11:39:27.648304,can_tapper31,2026-04-02 11:39:29.323130,1.674826,Engine running command,Engine Status,status,"rgb(166,86,40)"
160,2026-04-02 11:57:32.876901,can_tapper31,2026-04-02 11:57:32.876901,0.0,Engine starting command,Engine Status,status,"rgb(247,129,191)"
160,2026-04-02 11:57:32.876901,can_tapper31,2026-04-02 11:57:34.623001,1.7461,Engine running command,Engine Status,status,"rgb(247,129,191)"
160,2026-04-02 11:57:32.876901,can_tapper31,2026-04-02 11:57:34.875854,1.998953,Glow plugs preheating,Engine Heater Glow Plugs Status,Engine Heater Glow Plugs,"rgb(247,129,191)"
161,2026-04-02 13:21:23.590581,can_tapper31,2026-04-02 13:21:23.590581,0.0,Engine starting command,Engine Status,status,"rgb(153,153,153)"
161,2026-04-02 13:21:23.590581,can_tapper31,2026-04-02 13:21:25.304957,1.714376,Engine running command,Engine Status,status,"rgb(153,153,153)"
161,2026-04-02 13:21:23.590581,can_tapper31,2026-04-02 13:21:25.588957,1.998376,Glow plugs preheating,Engine Heater Glow Plugs Status,Engine Heater Glow Plugs,"rgb(153,153,153)"
162,2026-04-02 14:11:09.861339,can_tapper31,2026-04-02 14:11:09.861339,0.0,Engine starting command,Engine Status,status,"rgb(228,26,28)"
162,2026-04-02 14:11:09.861339,can_tapper31,2026-04-02 14:11:11.457843,1.596504,Engine running command,Engine Status,status,"rgb(228,26,28)"
162,2026-04-02 14:11:09.861339,can_tapper31,2026-04-02 14:11:11.762395,1.901056,Glow plugs preheating,Engine Heater Glow Plugs Status,Engine Heater Glow Plugs,"rgb(228,26,28)"
163,2026-04-02 16:50:42.992232,can_tapper31,2026-04-02 16:50:42.992232,0.0,Engine starting command,Engine Status,status,"rgb(55,126,184)"
163,2026-04-02 16:50:42.992232,can_tapper31,2026-04-02 16:50:44.771434,1.779202,Engine running command,Engine Status,status,"rgb(55,126,184)"
163,2026-04-02 16:50:42.992232,can_tapper31,2026-04-02 16:50:44.893145,1.900913,Glow plugs preheating,Engine Heater Glow Plugs Status,Engine Heater Glow Plugs,"rgb(55,126,184)"
164,2026-04-02 18:22:17.356212,can_tapper31,2026-04-02 18:22:17.356212,0.0,Engine starting command,Engine Status,status,"rgb(77,175,74)"
164,2026-04-02 18:22:17.356212,can_tapper31,2026-04-02 18:22:19.035856,1.679644,Engine running command,Engine Status,status,"rgb(77,175,74)"
164,2026-04-02 18:22:17.356212,can_tapper31,2026-04-02 18:22:19.376564,2.020352,Glow plugs preheating,Engine Heater Glow Plugs Status,Engine Heater Glow Plugs,"rgb(77,175,74)"
165,2026-04-02 21:20:17.207169,can_tapper31,2026-04-02 21:20:17.207169,0.0,Engine starting command,Engine Status,status,"rgb(152,78,163)"
165,2026-04-02 21:20:17.207169,can_tapper31,2026-04-02 21:20:18.757497,1.550328,Engine running command,Engine Status,status,"rgb(152,78,163)"
165,2026-04-02 21:20:17.207169,can_tapper31,2026-04-02 21:20:19.218072,2.010903,Glow plugs preheating,Engine Heater Glow Plugs Status,Engine Heater Glow Plugs,"rgb(152,78,163)"
166,2026-04-03 07:03:44.645089,can_tapper31,2026-04-03 07:03:44.645089,0.0,Engine starting command,Engine Status,status,"rgb(255,127,0)"
166,2026-04-03 07:03:44.645089,can_tapper31,2026-04-03 07:03:42.738389,-1.9067,Glow plugs preheating,Engine Heater Glow Plugs Status,Engine Heater Glow Plugs,"rgb(255,127,0)"
166,2026-04-03 07:03:44.645089,can_tapper31,2026-04-03 07:03:46.561382,1.916293,Engine running command,Engine Status,status,"rgb(255,127,0)"
167,2026-04-03 07:56:39.804720,can_tapper31,2026-04-03 07:56:39.804720,0.0,Engine starting command,Engine Status,status,"rgb(255,255,51)"
167,2026-04-03 07:56:39.804720,can_tapper31,2026-04-03 07:56:41.404456,1.599736,Engine running command,Engine Status,status,"rgb(255,255,51)"
167,2026-04-03 07:56:39.804720,can_tapper31,2026-04-03 07:56:41.787795,1.983075,Glow plugs preheating,Engine Heater Glow Plugs Status,Engine Heater Glow Plugs,"rgb(255,255,51)"
168,2026-04-03 09:01:13.475565,can_tapper31,2026-04-03 09:01:13.475565,0.0,Engine starting command,Engine Status,status,"rgb(166,86,40)"
168,2026-04-03 09:01:13.475565,can_tapper31,2026-04-03 09:01:15.176762,1.701197,Engine running command,Engine Status,status,"rgb(166,86,40)"
168,2026-04-03 09:01:13.475565,can_tapper31,2026-04-03 09:01:15.438462,1.962897,Glow plugs preheating,Engine Heater Glow Plugs Status,Engine Heater Glow Plugs,"rgb(166,86,40)"
169,2026-04-03 09:19:51.196007,can_tapper31,2026-04-03 09:19:51.196007,0.0,Engine starting command,Engine Status,status,"rgb(247,129,191)"
169,2026-04-03 09:19:51.196007,can_tapper31,2026-04-03 09:19:52.787218,1.591211,Engine running command,Engine Status,status,"rgb(247,129,191)"
169,2026-04-03 09:19:51.196007,can_tapper31,2026-04-03 09:19:53.194082,1.998075,Glow plugs preheating,Engine Heater Glow Plugs Status,Engine Heater Glow Plugs,"rgb(247,129,191)"
170,2026-04-03 10:42:43.348715,can_tapper31,2026-04-03 10:42:43.348715,0.0,Engine starting command,Engine Status,status,"rgb(153,153,153)"
170,2026-04-03 10:42:43.348715,can_tapper31,2026-04-03 10:42:44.989340,1.640625,Engine running command,Engine Status,status,"rgb(153,153,153)"
170,2026-04-03 10:42:43.348715,can_tapper31,2026-04-03 10:42:45.329589,1.980874,Glow plugs preheating,Engine Heater Glow Plugs Status,Engine Heater Glow Plugs,"rgb(153,153,153)"
171,2026-04-03 11:45:29.884319,can_tapper31,2026-04-03 11:45:29.884319,0.0,Engine starting command,Engine Status,status,"rgb(228,26,28)"
171,2026-04-03 11:45:29.884319,can_tapper31,2026-04-03 11:45:31.381774,1.497455,Engine running command,Engine Status,status,"rgb(228,26,28)"
171,2026-04-03 11:45:29.884319,can_tapper31,2026-04-03 11:45:31.786249,1.90193,Glow plugs preheating,Engine Heater Glow Plugs Status,Engine Heater Glow Plugs,"rgb(228,26,28)"
172,2026-04-03 11:55:04.581198,can_tapper31,2026-04-03 11:55:04.581198,0.0,Engine starting command,Engine Status,status,"rgb(55,126,184)"
172,2026-04-03 11:55:04.581198,can_tapper31,2026-04-03 11:55:05.942147,1.360949,Engine running command,Engine Status,status,"rgb(55,126,184)"
172,2026-04-03 11:55:04.581198,can_tapper31,2026-04-03 11:55:06.546124,1.964926,Glow plugs preheating,Engine Heater Glow Plugs Status,Engine Heater Glow Plugs,"rgb(55,126,184)"
173,2026-04-03 12:38:31.308230,can_tapper31,2026-04-03 12:38:31.308230,0.0,Engine starting command,Engine Status,status,"rgb(77,175,74)"
173,2026-04-03 12:38:31.308230,can_tapper31,2026-04-03 12:38:33.083612,1.775382,Engine running command,Engine Status,status,"rgb(77,175,74)"
173,2026-04-03 12:38:31.308230,can_tapper31,2026-04-03 12:38:33.407663,2.099433,Glow plugs preheating,Engine Heater Glow Plugs Status,Engine Heater Glow Plugs,"rgb(77,175,74)"
174,2026-04-03 12:47:51.419185,can_tapper31,2026-04-03 12:47:51.419185,0.0,Engine starting command,Engine Status,status,"rgb(152,78,163)"
174,2026-04-03 12:47:51.419185,can_tapper31,2026-04-03 12:47:53.079235,1.66005,Engine running command,Engine Status,status,"rgb(152,78,163)"
174,2026-04-03 12:47:51.419185,can_tapper31,2026-04-03 12:47:53.518085,2.0989,Glow plugs preheating,Engine Heater Glow Plugs Status,Engine Heater Glow Plugs,"rgb(152,78,163)"
175,2026-04-03 14:03:31.582843,can_tapper31,2026-04-03 14:03:31.582843,0.0,Engine starting command,Engine Status,status,"rgb(255,127,0)"
175,2026-04-03 14:03:31.582843,can_tapper31,2026-04-03 14:03:33.325194,1.742351,Engine running command,Engine Status,status,"rgb(255,127,0)"
175,2026-04-03 14:03:31.582843,can_tapper31,2026-04-03 14:03:33.581042,1.998199,Glow plugs preheating,Engine Heater Glow Plugs Status,Engine Heater Glow Plugs,"rgb(255,127,0)"
176,2026-04-03 15:11:20.256302,can_tapper31,2026-04-03 15:11:20.256302,0.0,Engine starting command,Engine Status,status,"rgb(255,255,51)"
176,2026-04-03 15:11:20.256302,can_tapper31,2026-04-03 15:11:21.894452,1.63815,Engine running command,Engine Status,status,"rgb(255,255,51)"
176,2026-04-03 15:11:20.256302,can_tapper31,2026-04-03 15:11:22.161948,1.905646,Glow plugs preheating,Engine Heater Glow Plugs Status,Engine Heater Glow Plugs,"rgb(255,255,51)"
177,2026-04-03 15:52:51.498368,can_tapper31,2026-04-03 15:52:51.498368,0.0,Engine starting command,Engine Status,status,"rgb(166,86,40)"
177,2026-04-03 15:52:51.498368,can_tapper31,2026-04-03 15:52:53.022486,1.524118,Engine running command,Engine Status,status,"rgb(166,86,40)"
177,2026-04-03 15:52:51.498368,can_tapper31,2026-04-03 15:52:53.497217,1.998849,Glow plugs preheating,Engine Heater Glow Plugs Status,Engine Heater Glow Plugs,"rgb(166,86,40)"
178,2026-04-04 07:49:36.089447,can_tapper31,2026-04-04 07:49:36.089447,0.0,Engine starting command,Engine Status,status,"rgb(247,129,191)"
178,2026-04-04 07:49:36.089447,can_tapper31,2026-04-04 07:49:37.659239,1.569792,Engine running command,Engine Status,status,"rgb(247,129,191)"
178,2026-04-04 07:49:36.089447,can_tapper31,2026-04-04 07:49:38.087146,1.997699,Glow plugs preheating,Engine Heater Glow Plugs Status,Engine Heater Glow Plugs,"rgb(247,129,191)"
179,2026-04-04 07:54:43.299439,can_tapper31,2026-04-04 07:54:43.299439,0.0,Engine starting command,Engine Status,status,"rgb(153,153,153)"
179,2026-04-04 07:54:43.299439,can_tapper31,2026-04-04 07:54:44.845467,1.546028,Engine running command,Engine Status,status,"rgb(153,153,153)"
179,2026-04-04 07:54:43.299439,can_tapper31,2026-04-04 07:54:45.218013,1.918574,Glow plugs preheating,Engine Heater Glow Plugs Status,Engine Heater Glow Plugs,"rgb(153,153,153)"
180,2026-04-04 08:41:53.341958,can_tapper31,2026-04-04 08:41:53.341958,0.0,Engine starting command,Engine Status,status,"rgb(228,26,28)"
180,2026-04-04 08:41:53.341958,can_tapper31,2026-04-04 08:41:54.801227,1.459269,Engine running command,Engine Status,status,"rgb(228,26,28)"
180,2026-04-04 08:41:53.341958,can_tapper31,2026-04-04 08:41:55.428058,2.0861,Glow plugs preheating,Engine Heater Glow Plugs Status,Engine Heater Glow Plugs,"rgb(228,26,28)"
181,2026-04-04 08:55:24.141030,can_tapper31,2026-04-04 08:55:24.141030,0.0,Engine starting command,Engine Status,status,"rgb(55,126,184)"
181,2026-04-04 08:55:24.141030,can_tapper31,2026-04-04 08:55:25.966279,1.825249,Engine running command,Engine Status,status,"rgb(55,126,184)"
181,2026-04-04 08:55:24.141030,can_tapper31,2026-04-04 08:55:26.038430,1.8974,Glow plugs preheating,Engine Heater Glow Plugs Status,Engine Heater Glow Plugs,"rgb(55,126,184)"
182,2026-04-04 09:37:57.214162,can_tapper31,2026-04-04 09:37:57.214162,0.0,Engine starting command,Engine Status,status,"rgb(77,175,74)"
182,2026-04-04 09:37:57.214162,can_tapper31,2026-04-04 09:37:58.993826,1.779664,Engine running command,Engine Status,status,"rgb(77,175,74)"
182,2026-04-04 09:37:57.214162,can_tapper31,2026-04-04 09:37:59.212695,1.998533,Glow plugs preheating,Engine Heater Glow Plugs Status,Engine Heater Glow Plugs,"rgb(77,175,74)"
183,2026-04-04 10:33:13.355407,can_tapper31,2026-04-04 10:33:13.355407,0.0,Engine starting command,Engine Status,status,"rgb(152,78,163)"
183,2026-04-04 10:33:13.355407,can_tapper31,2026-04-04 10:33:14.853582,1.498175,Engine running command,Engine Status,status,"rgb(152,78,163)"
183,2026-04-04 10:33:13.355407,can_tapper31,2026-04-04 10:33:15.356559,2.001152,Glow plugs preheating,Engine Heater Glow Plugs Status,Engine Heater Glow Plugs,"rgb(152,78,163)"
184,2026-04-04 11:11:00.300924,can_tapper31,2026-04-04 11:11:00.300924,0.0,Engine starting command,Engine Status,status,"rgb(255,127,0)"
184,2026-04-04 11:11:00.300924,can_tapper31,2026-04-04 11:11:02.000768,1.699844,Engine running command,Engine Status,status,"rgb(255,127,0)"
184,2026-04-04 11:11:00.300924,can_tapper31,2026-04-04 11:11:02.298844,1.99792,Glow plugs preheating,Engine Heater Glow Plugs Status,Engine Heater Glow Plugs,"rgb(255,127,0)"
185,2026-04-04 11:15:56.016668,can_tapper31,2026-04-04 11:15:56.016668,0.0,Engine starting command,Engine Status,status,"rgb(255,255,51)"
185,2026-04-04 11:15:56.016668,can_tapper31,2026-04-04 11:15:57.661125,1.644457,Engine running command,Engine Status,status,"rgb(255,255,51)"
185,2026-04-04 11:15:56.016668,can_tapper31,2026-04-04 11:15:58.115966,2.099298,Glow plugs preheating,Engine Heater Glow Plugs Status,Engine Heater Glow Plugs,"rgb(255,255,51)"
186,2026-04-04 11:29:11.043670,can_tapper31,2026-04-04 11:29:11.043670,0.0,Engine starting command,Engine Status,status,"rgb(166,86,40)"
186,2026-04-04 11:29:11.043670,can_tapper31,2026-04-04 11:29:12.972193,1.928523,Engine running command,Engine Status,status,"rgb(166,86,40)"
186,2026-04-04 11:29:11.043670,can_tapper31,2026-04-04 11:29:13.094070,2.0504,Glow plugs preheating,Engine Heater Glow Plugs Status,Engine Heater Glow Plugs,"rgb(166,86,40)"
187,2026-04-09 08:12:27.970016,can_tapper31,2026-04-09 08:12:27.970016,0.0,Engine starting command,Engine Status,status,"rgb(247,129,191)"
187,2026-04-09 08:12:27.970016,can_tapper31,2026-04-09 08:12:25.865840,-2.104176,Glow plugs preheating,Engine Heater Glow Plugs Status,Engine Heater Glow Plugs,"rgb(247,129,191)"
187,2026-04-09 08:12:27.970016,can_tapper31,2026-04-09 08:12:29.482062,1.512046,Engine running command,Engine Status,status,"rgb(247,129,191)"
188,2026-04-09 09:26:07.590675,can_tapper31,2026-04-09 09:26:07.590675,0.0,Engine starting command,Engine Status,status,"rgb(153,153,153)"
188,2026-04-09 09:26:07.590675,can_tapper31,2026-04-09 09:26:05.675475,-1.9152,Glow plugs preheating,Engine Heater Glow Plugs Status,Engine Heater Glow Plugs,"rgb(153,153,153)"
188,2026-04-09 09:26:07.590675,can_tapper31,2026-04-09 09:26:09.110395,1.51972,Engine running command,Engine Status,status,"rgb(153,153,153)"
189,2026-04-10 13:14:59.617356,can_tapper31,2026-04-10 13:14:59.617356,0.0,Engine starting command,Engine Status,status,"rgb(228,26,28)"
189,2026-04-10 13:14:59.617356,can_tapper31,2026-04-10 13:15:01.315173,1.697817,Engine running command,Engine Status,status,"rgb(228,26,28)"
189,2026-04-10 13:14:59.617356,can_tapper31,2026-04-10 13:15:01.624481,2.007125,Glow plugs preheating,Engine Heater Glow Plugs Status,Engine Heater Glow Plugs,"rgb(228,26,28)"
190,2026-04-10 15:02:35.939457,can_tapper31,2026-04-10 15:02:35.939457,0.0,Engine starting command,Engine Status,status,"rgb(55,126,184)"
190,2026-04-10 15:02:35.939457,can_tapper31,2026-04-10 15:02:37.498381,1.558924,Engine running command,Engine Status,status,"rgb(55,126,184)"
190,2026-04-10 15:02:35.939457,can_tapper31,2026-04-10 15:02:37.988382,2.048925,Glow plugs preheating,Engine Heater Glow Plugs Status,Engine Heater Glow Plugs,"rgb(55,126,184)"
191,2026-04-10 15:19:20.040378,can_tapper31,2026-04-10 15:19:20.040378,0.0,Engine starting command,Engine Status,status,"rgb(77,175,74)"
191,2026-04-10 15:19:20.040378,can_tapper31,2026-04-10 15:19:21.715155,1.674777,Engine running command,Engine Status,status,"rgb(77,175,74)"
191,2026-04-10 15:19:20.040378,can_tapper31,2026-04-10 15:19:22.147753,2.107375,Glow plugs preheating,Engine Heater Glow Plugs Status,Engine Heater Glow Plugs,"rgb(77,175,74)"
192,2026-04-14 08:48:43.448990,can_tapper31,2026-04-14 08:48:43.448990,0.0,Engine starting command,Engine Status,status,"rgb(152,78,163)"
192,2026-04-14 08:48:43.448990,can_tapper31,2026-04-14 08:48:45.018808,1.569818,Engine running command,Engine Status,status,"rgb(152,78,163)"
192,2026-04-14 08:48:43.448990,can_tapper31,2026-04-14 08:48:45.553582,2.104592,Glow plugs preheating,Engine Heater Glow Plugs Status,Engine Heater Glow Plugs,"rgb(152,78,163)"
193,2026-04-14 09:04:02.140886,can_tapper31,2026-04-14 09:04:02.140886,0.0,Engine starting command,Engine Status,status,"rgb(255,127,0)"
193,2026-04-14 09:04:02.140886,can_tapper31,2026-04-14 09:04:03.870667,1.729781,Engine running command,Engine Status,status,"rgb(255,127,0)"
193,2026-04-14 09:04:02.140886,can_tapper31,2026-04-14 09:04:04.038587,1.897701,Glow plugs preheating,Engine Heater Glow Plugs Status,Engine Heater Glow Plugs,"rgb(255,127,0)"
194,2026-04-14 09:57:18.719170,can_tapper31,2026-04-14 09:57:18.719170,0.0,Engine starting command,Engine Status,status,"rgb(255,255,51)"
194,2026-04-14 09:57:18.719170,can_tapper31,2026-04-14 09:57:20.316375,1.597205,Engine running command,Engine Status,status,"rgb(255,255,51)"
194,2026-04-14 09:57:18.719170,can_tapper31,2026-04-14 09:57:20.720224,2.001054,Glow plugs preheating,Engine Heater Glow Plugs Status,Engine Heater Glow Plugs,"rgb(255,255,51)"
195,2026-04-14 11:50:22.756216,can_tapper31,2026-04-14 11:50:22.756216,0.0,Engine starting command,Engine Status,status,"rgb(166,86,40)"
195,2026-04-14 11:50:22.756216,can_tapper31,2026-04-14 11:50:24.586017,1.829801,Engine running command,Engine Status,status,"rgb(166,86,40)"
195,2026-04-14 11:50:22.756216,can_tapper31,2026-04-14 11:50:24.754470,1.998254,Glow plugs preheating,Engine Heater Glow Plugs Status,Engine Heater Glow Plugs,"rgb(166,86,40)"
196,2026-04-14 21:48:46.028805,can_tapper31,2026-04-14 21:48:46.028805,0.0,Engine starting command,Engine Status,status,"rgb(247,129,191)"
196,2026-04-14 21:48:46.028805,can_tapper31,2026-04-14 21:48:47.749710,1.720905,Engine running command,Engine Status,status,"rgb(247,129,191)"
196,2026-04-14 21:48:46.028805,can_tapper31,2026-04-14 21:48:49.533809,3.505004,Glow plugs preheating,Engine Heater Glow Plugs Status,Engine Heater Glow Plugs,"rgb(247,129,191)"
197,2026-04-14 22:47:24.966003,can_tapper31,2026-04-14 22:47:24.966003,0.0,Engine starting command,Engine Status,status,"rgb(153,153,153)"
197,2026-04-14 22:47:24.966003,can_tapper31,2026-04-14 22:47:22.859141,-2.106862,Glow plugs preheating,Engine Heater Glow Plugs Status,Engine Heater Glow Plugs,"rgb(153,153,153)"
197,2026-04-14 22:47:24.966003,can_tapper31,2026-04-14 22:47:26.284027,1.318024,Engine running command,Engine Status,status,"rgb(153,153,153)"
198,2026-04-14 22:58:52.516979,can_tapper31,2026-04-14 22:58:52.516979,0.0,Engine starting command,Engine Status,status,"rgb(228,26,28)"
198,2026-04-14 22:58:52.516979,can_tapper31,2026-04-14 22:58:50.411451,-2.105528,Glow plugs preheating,Engine Heater Glow Plugs Status,Engine Heater Glow Plugs,"rgb(228,26,28)"
198,2026-04-14 22:58:52.516979,can_tapper31,2026-04-14 22:58:54.140267,1.623288,Engine running command,Engine Status,status,"rgb(228,26,28)"
199,2026-04-15 06:23:01.409992,can_tapper31,2026-04-15 06:23:01.409992,0.0,Engine starting command,Engine Status,status,"rgb(55,126,184)"
199,2026-04-15 06:23:01.409992,can_tapper31,2026-04-15 06:22:59.505048,-1.904944,Glow plugs preheating,Engine Heater Glow Plugs Status,Engine Heater Glow Plugs,"rgb(55,126,184)"
199,2026-04-15 06:23:01.409992,can_tapper31,2026-04-15 06:23:02.741262,1.33127,Engine running command,Engine Status,status,"rgb(55,126,184)"
200,2026-04-15 07:26:17.704455,can_tapper31,2026-04-15 07:26:17.704455,0.0,Engine starting command,Engine Status,status,"rgb(77,175,74)"
200,2026-04-15 07:26:17.704455,can_tapper31,2026-04-15 07:26:19.145976,1.441521,Engine running command,Engine Status,status,"rgb(77,175,74)"
200,2026-04-15 07:26:17.704455,can_tapper31,2026-04-15 07:26:19.802434,2.097979,Glow plugs preheating,Engine Heater Glow Plugs Status,Engine Heater Glow Plugs,"rgb(77,175,74)"
201,2026-04-15 08:22:17.948665,can_tapper31,2026-04-15 08:22:17.948665,0.0,Engine starting command,Engine Status,status,"rgb(152,78,163)"
201,2026-04-15 08:22:17.948665,can_tapper31,2026-04-15 08:22:19.528260,1.579595,Engine running command,Engine Status,status,"rgb(152,78,163)"
201,2026-04-15 08:22:17.948665,can_tapper31,2026-04-15 08:22:20.047666,2.099001,Glow plugs preheating,Engine Heater Glow Plugs Status,Engine Heater Glow Plugs,"rgb(152,78,163)"
202,2026-04-15 09:21:34.585510,can_tapper31,2026-04-15 09:21:34.585510,0.0,Engine starting command,Engine Status,status,"rgb(255,127,0)"
202,2026-04-15 09:21:34.585510,can_tapper31,2026-04-15 09:21:36.093835,1.508325,Engine running command,Engine Status,status,"rgb(255,127,0)"
202,2026-04-15 09:21:34.585510,can_tapper31,2026-04-15 09:21:36.485274,1.899764,Glow plugs preheating,Engine Heater Glow Plugs Status,Engine Heater Glow Plugs,"rgb(255,127,0)"
203,2026-04-15 09:59:37.270839,can_tapper31,2026-04-15 09:59:37.270839,0.0,Engine starting command,Engine Status,status,"rgb(255,255,51)"
203,2026-04-15 09:59:37.270839,can_tapper31,2026-04-15 09:59:38.787544,1.516705,Engine running command,Engine Status,status,"rgb(255,255,51)"
203,2026-04-15 09:59:37.270839,can_tapper31,2026-04-15 09:59:39.271875,2.001036,Glow plugs preheating,Engine Heater Glow Plugs Status,Engine Heater Glow Plugs,"rgb(255,255,51)"
204,2026-04-15 10:27:04.506342,can_tapper31,2026-04-15 10:27:04.506342,0.0,Engine starting command,Engine Status,status,"rgb(166,86,40)"
204,2026-04-15 10:27:04.506342,can_tapper31,2026-04-15 10:27:06.135042,1.6287,Engine running command,Engine Status,status,"rgb(166,86,40)"
204,2026-04-15 10:27:04.506342,can_tapper31,2026-04-15 10:27:06.505787,1.999445,Glow plugs preheating,Engine Heater Glow Plugs Status,Engine Heater Glow Plugs,"rgb(166,86,40)"
205,2026-04-15 10:45:08.244786,can_tapper31,2026-04-15 10:45:08.244786,0.0,Engine starting command,Engine Status,status,"rgb(247,129,191)"
205,2026-04-15 10:45:08.244786,can_tapper31,2026-04-15 10:45:10.218253,1.973467,Engine running command,Engine Status,status,"rgb(247,129,191)"
205,2026-04-15 10:45:08.244786,can_tapper31,2026-04-15 10:45:10.286132,2.041346,Glow plugs preheating,Engine Heater Glow Plugs Status,Engine Heater Glow Plugs,"rgb(247,129,191)"
206,2026-04-15 15:27:34.541093,can_tapper31,2026-04-15 15:27:34.541093,0.0,Engine starting command,Engine Status,status,"rgb(153,153,153)"
206,2026-04-15 15:27:34.541093,can_tapper31,2026-04-15 15:27:35.866568,1.325475,Engine running command,Engine Status,status,"rgb(153,153,153)"
206,2026-04-15 15:27:34.541093,can_tapper31,2026-04-15 15:27:36.641150,2.100057,Glow plugs preheating,Engine Heater Glow Plugs Status,Engine Heater Glow Plugs,"rgb(153,153,153)"
207,2026-04-15 16:06:12.410564,can_tapper31,2026-04-15 16:06:12.410564,0.0,Engine starting command,Engine Status,status,"rgb(228,26,28)"
207,2026-04-15 16:06:12.410564,can_tapper31,2026-04-15 16:06:14.100291,1.689727,Engine running command,Engine Status,status,"rgb(228,26,28)"
207,2026-04-15 16:06:12.410564,can_tapper31,2026-04-15 16:06:14.408118,1.997554,Glow plugs preheating,Engine Heater Glow Plugs Status,Engine Heater Glow Plugs,"rgb(228,26,28)"
208,2026-04-15 17:05:22.029090,can_tapper31,2026-04-15 17:05:22.029090,0.0,Engine starting command,Engine Status,status,"rgb(55,126,184)"
208,2026-04-15 17:05:22.029090,can_tapper31,2026-04-15 17:05:23.504648,1.475558,Engine running command,Engine Status,status,"rgb(55,126,184)"
208,2026-04-15 17:05:22.029090,can_tapper31,2026-04-15 17:05:24.044396,2.015306,Glow plugs preheating,Engine Heater Glow Plugs Status,Engine Heater Glow Plugs,"rgb(55,126,184)"
208,2026-04-15 17:05:22.029090,can_tapper31,2026-04-15 17:06:28.975945,66.946855,Engine running command,Engine Status,status,"rgb(55,126,184)"
208,2026-04-15 17:05:22.029090,can_tapper31,2026-04-15 17:06:29.395955,67.366865,Glow plugs preheating,Engine Heater Glow Plugs Status,Engine Heater Glow Plugs,"rgb(55,126,184)"
209,2026-04-15 17:06:27.394754,can_tapper31,2026-04-15 17:06:27.394754,0.0,Engine starting command,Engine Status,status,"rgb(77,175,74)"
209,2026-04-15 17:06:27.394754,can_tapper31,2026-04-15 17:06:28.975945,1.581191,Engine running command,Engine Status,status,"rgb(77,175,74)"
209,2026-04-15 17:06:27.394754,can_tapper31,2026-04-15 17:06:29.395955,2.001201,Glow plugs preheating,Engine Heater Glow Plugs Status,Engine Heater Glow Plugs,"rgb(77,175,74)"
210,2026-04-15 18:39:43.198131,can_tapper31,2026-04-15 18:39:43.198131,0.0,Engine starting command,Engine Status,status,"rgb(152,78,163)"
210,2026-04-15 18:39:43.198131,can_tapper31,2026-04-15 18:39:44.743804,1.545673,Engine running command,Engine Status,status,"rgb(152,78,163)"
210,2026-04-15 18:39:43.198131,can_tapper31,2026-04-15 18:39:45.197176,1.999045,Glow plugs preheating,Engine Heater Glow Plugs Status,Engine Heater Glow Plugs,"rgb(152,78,163)"
211,2026-04-15 20:03:50.172505,can_tapper31,2026-04-15 20:03:50.172505,0.0,Engine starting command,Engine Status,status,"rgb(255,127,0)"
211,2026-04-15 20:03:50.172505,can_tapper31,2026-04-15 20:03:51.740306,1.567801,Engine running command,Engine Status,status,"rgb(255,127,0)"
211,2026-04-15 20:03:50.172505,can_tapper31,2026-04-15 20:03:52.272586,2.100081,Glow plugs preheating,Engine Heater Glow Plugs Status,Engine Heater Glow Plugs,"rgb(255,127,0)"
212,2026-04-15 21:19:17.075556,can_tapper31,2026-04-15 21:19:17.075556,0.0,Engine starting command,Engine Status,status,"rgb(255,255,51)"
212,2026-04-15 21:19:17.075556,can_tapper31,2026-04-15 21:19:18.997481,1.921925,Engine running command,Engine Status,status,"rgb(255,255,51)"
212,2026-04-15 21:19:17.075556,can_tapper31,2026-04-15 21:19:19.073619,1.998063,Glow plugs preheating,Engine Heater Glow Plugs Status,Engine Heater Glow Plugs,"rgb(255,255,51)"
213,2026-04-15 23:02:49.435993,can_tapper31,2026-04-15 23:02:49.435993,0.0,Engine starting command,Engine Status,status,"rgb(166,86,40)"
213,2026-04-15 23:02:49.435993,can_tapper31,2026-04-15 23:02:51.173309,1.737316,Engine running command,Engine Status,status,"rgb(166,86,40)"
213,2026-04-15 23:02:49.435993,can_tapper31,2026-04-15 23:02:51.436114,2.000121,Glow plugs preheating,Engine Heater Glow Plugs Status,Engine Heater Glow Plugs,"rgb(166,86,40)"
214,2026-04-16 06:30:09.630771,can_tapper31,2026-04-16 06:30:09.630771,0.0,Engine starting command,Engine Status,status,"rgb(247,129,191)"
214,2026-04-16 06:30:09.630771,can_tapper31,2026-04-16 06:30:07.521668,-2.109103,Glow plugs preheating,Engine Heater Glow Plugs Status,Engine Heater Glow Plugs,"rgb(247,129,191)"
214,2026-04-16 06:30:09.630771,can_tapper31,2026-04-16 06:30:11.258958,1.628187,Engine running command,Engine Status,status,"rgb(247,129,191)"
215,2026-04-16 09:24:50.237731,can_tapper31,2026-04-16 09:24:50.237731,0.0,Engine starting command,Engine Status,status,"rgb(153,153,153)"
215,2026-04-16 09:24:50.237731,can_tapper31,2026-04-16 09:24:51.888223,1.650492,Engine running command,Engine Status,status,"rgb(153,153,153)"
215,2026-04-16 09:24:50.237731,can_tapper31,2026-04-16 09:24:52.338944,2.101213,Glow plugs preheating,Engine Heater Glow Plugs Status,Engine Heater Glow Plugs,"rgb(153,153,153)"
216,2026-04-16 09:41:06.667419,can_tapper31,2026-04-16 09:41:06.667419,0.0,Engine starting command,Engine Status,status,"rgb(228,26,28)"
216,2026-04-16 09:41:06.667419,can_tapper31,2026-04-16 09:41:08.157223,1.489804,Engine running command,Engine Status,status,"rgb(228,26,28)"
216,2026-04-16 09:41:06.667419,can_tapper31,2026-04-16 09:41:08.665113,1.997694,Glow plugs preheating,Engine Heater Glow Plugs Status,Engine Heater Glow Plugs,"rgb(228,26,28)"
217,2026-04-16 10:00:31.031596,can_tapper31,2026-04-16 10:00:31.031596,0.0,Engine starting command,Engine Status,status,"rgb(55,126,184)"
217,2026-04-16 10:00:31.031596,can_tapper31,2026-04-16 10:00:32.613538,1.581942,Engine running command,Engine Status,status,"rgb(55,126,184)"
217,2026-04-16 10:00:31.031596,can_tapper31,2026-04-16 10:00:33.036134,2.004538,Glow plugs preheating,Engine Heater Glow Plugs Status,Engine Heater Glow Plugs,"rgb(55,126,184)"
218,2026-04-16 12:25:22.665518,can_tapper31,2026-04-16 12:25:22.665518,0.0,Engine starting command,Engine Status,status,"rgb(77,175,74)"
218,2026-04-16 12:25:22.665518,can_tapper31,2026-04-16 12:25:24.255081,1.589563,Engine running command,Engine Status,status,"rgb(77,175,74)"
218,2026-04-16 12:25:22.665518,can_tapper31,2026-04-16 12:25:24.665809,2.000291,Glow plugs preheating,Engine Heater Glow Plugs Status,Engine Heater Glow Plugs,"rgb(77,175,74)"
219,2026-04-16 12:55:39.063856,can_tapper31,2026-04-16 12:55:39.063856,0.0,Engine starting command,Engine Status,status,"rgb(152,78,163)"
219,2026-04-16 12:55:39.063856,can_tapper31,2026-04-16 12:55:40.617024,1.553168,Engine running command,Engine Status,status,"rgb(152,78,163)"
219,2026-04-16 12:55:39.063856,can_tapper31,2026-04-16 12:55:41.061750,1.997894,Glow plugs preheating,Engine Heater Glow Plugs Status,Engine Heater Glow Plugs,"rgb(152,78,163)"
220,2026-04-16 18:34:46.025192,can_tapper31,2026-04-16 18:34:46.025192,0.0,Engine starting command,Engine Status,status,"rgb(255,127,0)"
220,2026-04-16 18:34:46.025192,can_tapper31,2026-04-16 18:34:47.497973,1.472781,Engine running command,Engine Status,status,"rgb(255,127,0)"
220,2026-04-16 18:34:46.025192,can_tapper31,2026-04-16 18:34:48.020360,1.995168,Glow plugs preheating,Engine Heater Glow Plugs Status,Engine Heater Glow Plugs,"rgb(255,127,0)"
221,2026-04-16 20:06:23.711174,can_tapper31,2026-04-16 20:06:23.711174,0.0,Engine starting command,Engine Status,status,"rgb(255,255,51)"
221,2026-04-16 20:06:23.711174,can_tapper31,2026-04-16 20:06:25.362951,1.651777,Engine running command,Engine Status,status,"rgb(255,255,51)"
221,2026-04-16 20:06:23.711174,can_tapper31,2026-04-16 20:06:25.754526,2.043352,Glow plugs preheating,Engine Heater Glow Plugs Status,Engine Heater Glow Plugs,"rgb(255,255,51)"
222,2026-04-16 20:41:53.073167,can_tapper31,2026-04-16 20:41:53.073167,0.0,Engine starting command,Engine Status,status,"rgb(166,86,40)"
222,2026-04-16 20:41:53.073167,can_tapper31,2026-04-16 20:41:54.797587,1.72442,Engine running command,Engine Status,status,"rgb(166,86,40)"
222,2026-04-16 20:41:53.073167,can_tapper31,2026-04-16 20:41:55.071168,1.998001,Glow plugs preheating,Engine Heater Glow Plugs Status,Engine Heater Glow Plugs,"rgb(166,86,40)"
223,2026-04-16 20:56:19.832064,can_tapper31,2026-04-16 20:56:19.832064,0.0,Engine starting command,Engine Status,status,"rgb(247,129,191)"
223,2026-04-16 20:56:19.832064,can_tapper31,2026-04-16 20:56:21.563165,1.731101,Engine running command,Engine Status,status,"rgb(247,129,191)"
223,2026-04-16 20:56:19.832064,can_tapper31,2026-04-16 20:56:21.829558,1.997494,Glow plugs preheating,Engine Heater Glow Plugs Status,Engine Heater Glow Plugs,"rgb(247,129,191)"
224,2026-04-16 21:58:37.733417,can_tapper31,2026-04-16 21:58:37.733417,0.0,Engine starting command,Engine Status,status,"rgb(153,153,153)"
224,2026-04-16 21:58:37.733417,can_tapper31,2026-04-16 21:58:39.436644,1.703227,Engine running command,Engine Status,status,"rgb(153,153,153)"
224,2026-04-16 21:58:37.733417,can_tapper31,2026-04-16 21:58:39.732979,1.999562,Glow plugs preheating,Engine Heater Glow Plugs Status,Engine Heater Glow Plugs,"rgb(153,153,153)"
225,2026-04-17 06:06:41.363693,can_tapper31,2026-04-17 06:06:41.363693,0.0,Engine starting command,Engine Status,status,"rgb(228,26,28)"
225,2026-04-17 06:06:41.363693,can_tapper31,2026-04-17 06:06:42.795238,1.431545,Engine running command,Engine Status,status,"rgb(228,26,28)"
225,2026-04-17 06:06:41.363693,can_tapper31,2026-04-17 06:06:43.355688,1.991995,Glow plugs preheating,Engine Heater Glow Plugs Status,Engine Heater Glow Plugs,"rgb(228,26,28)"
226,2026-04-17 06:20:24.794311,can_tapper31,2026-04-17 06:20:24.794311,0.0,Engine starting command,Engine Status,status,"rgb(55,126,184)"
226,2026-04-17 06:20:24.794311,can_tapper31,2026-04-17 06:20:26.365034,1.570723,Engine running command,Engine Status,status,"rgb(55,126,184)"
226,2026-04-17 06:20:24.794311,can_tapper31,2026-04-17 06:20:26.792165,1.997854,Glow plugs preheating,Engine Heater Glow Plugs Status,Engine Heater Glow Plugs,"rgb(55,126,184)"
227,2026-04-17 06:36:40.917710,can_tapper31,2026-04-17 06:36:40.917710,0.0,Engine starting command,Engine Status,status,"rgb(77,175,74)"
227,2026-04-17 06:36:40.917710,can_tapper31,2026-04-17 06:36:42.390062,1.472352,Engine running command,Engine Status,status,"rgb(77,175,74)"
227,2026-04-17 06:36:40.917710,can_tapper31,2026-04-17 06:36:42.816024,1.898314,Glow plugs preheating,Engine Heater Glow Plugs Status,Engine Heater Glow Plugs,"rgb(77,175,74)"
228,2026-04-17 06:41:27.780080,can_tapper31,2026-04-17 06:41:27.780080,0.0,Engine starting command,Engine Status,status,"rgb(152,78,163)"
228,2026-04-17 06:41:27.780080,can_tapper31,2026-04-17 06:41:29.395851,1.615771,Engine running command,Engine Status,status,"rgb(152,78,163)"
228,2026-04-17 06:41:27.780080,can_tapper31,2026-04-17 06:41:29.679097,1.899017,Glow plugs preheating,Engine Heater Glow Plugs Status,Engine Heater Glow Plugs,"rgb(152,78,163)"
229,2026-04-17 07:01:50.699659,can_tapper31,2026-04-17 07:01:50.699659,0.0,Engine starting command,Engine Status,status,"rgb(255,127,0)"
229,2026-04-17 07:01:50.699659,can_tapper31,2026-04-17 07:01:52.341545,1.641886,Engine running command,Engine Status,status,"rgb(255,127,0)"
229,2026-04-17 07:01:50.699659,can_tapper31,2026-04-17 07:01:52.795052,2.095393,Glow plugs preheating,Engine Heater Glow Plugs Status,Engine Heater Glow Plugs,"rgb(255,127,0)"
230,2026-04-17 07:13:33.179281,can_tapper31,2026-04-17 07:13:33.179281,0.0,Engine starting command,Engine Status,status,"rgb(255,255,51)"
230,2026-04-17 07:13:33.179281,can_tapper31,2026-04-17 07:13:34.781192,1.601911,Engine running command,Engine Status,status,"rgb(255,255,51)"
230,2026-04-17 07:13:33.179281,can_tapper31,2026-04-17 07:13:35.186048,2.006767,Glow plugs preheating,Engine Heater Glow Plugs Status,Engine Heater Glow Plugs,"rgb(255,255,51)"
231,2026-04-17 07:49:26.187342,can_tapper31,2026-04-17 07:49:26.187342,0.0,Engine starting command,Engine Status,status,"rgb(166,86,40)"
231,2026-04-17 07:49:26.187342,can_tapper31,2026-04-17 07:49:27.753164,1.565822,Engine running command,Engine Status,status,"rgb(166,86,40)"
231,2026-04-17 07:49:26.187342,can_tapper31,2026-04-17 07:49:28.189469,2.002127,Glow plugs preheating,Engine Heater Glow Plugs Status,Engine Heater Glow Plugs,"rgb(166,86,40)"
232,2026-04-17 08:17:08.587290,can_tapper31,2026-04-17 08:17:08.587290,0.0,Engine starting command,Engine Status,status,"rgb(247,129,191)"
232,2026-04-17 08:17:08.587290,can_tapper31,2026-04-17 08:17:10.236534,1.649244,Engine running command,Engine Status,status,"rgb(247,129,191)"
232,2026-04-17 08:17:08.587290,can_tapper31,2026-04-17 08:17:10.585692,1.998402,Glow plugs preheating,Engine Heater Glow Plugs Status,Engine Heater Glow Plugs,"rgb(247,129,191)"
233,2026-04-17 08:58:48.955604,can_tapper31,2026-04-17 08:58:48.955604,0.0,Engine starting command,Engine Status,status,"rgb(153,153,153)"
233,2026-04-17 08:58:48.955604,can_tapper31,2026-04-17 08:58:50.557997,1.602393,Engine running command,Engine Status,status,"rgb(153,153,153)"
233,2026-04-17 08:58:48.955604,can_tapper31,2026-04-17 08:58:51.055776,2.100172,Glow plugs preheating,Engine Heater Glow Plugs Status,Engine Heater Glow Plugs,"rgb(153,153,153)"
234,2026-04-17 09:18:35.374425,can_tapper31,2026-04-17 09:18:35.374425,0.0,Engine starting command,Engine Status,status,"rgb(228,26,28)"
234,2026-04-17 09:18:35.374425,can_tapper31,2026-04-17 09:18:36.933619,1.559194,Engine running command,Engine Status,status,"rgb(228,26,28)"
234,2026-04-17 09:18:35.374425,can_tapper31,2026-04-17 09:18:37.272468,1.898043,Glow plugs preheating,Engine Heater Glow Plugs Status,Engine Heater Glow Plugs,"rgb(228,26,28)"
235,2026-04-17 09:51:03.653814,can_tapper31,2026-04-17 09:51:03.653814,0.0,Engine starting command,Engine Status,status,"rgb(55,126,184)"
235,2026-04-17 09:51:03.653814,can_tapper31,2026-04-17 09:51:05.393206,1.739392,Engine running command,Engine Status,status,"rgb(55,126,184)"
235,2026-04-17 09:51:03.653814,can_tapper31,2026-04-17 09:51:05.755120,2.101306,Glow plugs preheating,Engine Heater Glow Plugs Status,Engine Heater Glow Plugs,"rgb(55,126,184)"
236,2026-04-17 10:02:14.065410,can_tapper31,2026-04-17 10:02:14.065410,0.0,Engine starting command,Engine Status,status,"rgb(77,175,74)"
236,2026-04-17 10:02:14.065410,can_tapper31,2026-04-17 10:02:15.803091,1.737681,Engine running command,Engine Status,status,"rgb(77,175,74)"
236,2026-04-17 10:02:14.065410,can_tapper31,2026-04-17 10:02:16.063609,1.998199,Glow plugs preheating,Engine Heater Glow Plugs Status,Engine Heater Glow Plugs,"rgb(77,175,74)"
237,2026-04-17 10:21:57.434585,can_tapper31,2026-04-17 10:21:57.434585,0.0,Engine starting command,Engine Status,status,"rgb(152,78,163)"
237,2026-04-17 10:21:57.434585,can_tapper31,2026-04-17 10:21:59.229432,1.794847,Engine running command,Engine Status,status,"rgb(152,78,163)"
237,2026-04-17 10:21:57.434585,can_tapper31,2026-04-17 10:21:59.432431,1.997846,Glow plugs preheating,Engine Heater Glow Plugs Status,Engine Heater Glow Plugs,"rgb(152,78,163)"
238,2026-04-17 11:36:21.861271,can_tapper31,2026-04-17 11:36:21.861271,0.0,Engine starting command,Engine Status,status,"rgb(255,127,0)"
238,2026-04-17 11:36:21.861271,can_tapper31,2026-04-17 11:36:23.471815,1.610544,Engine running command,Engine Status,status,"rgb(255,127,0)"
238,2026-04-17 11:36:21.861271,can_tapper31,2026-04-17 11:36:23.860488,1.999217,Glow plugs preheating,Engine Heater Glow Plugs Status,Engine Heater Glow Plugs,"rgb(255,127,0)"
239,2026-04-17 11:47:33.986160,can_tapper31,2026-04-17 11:47:33.986160,0.0,Engine starting command,Engine Status,status,"rgb(255,255,51)"
239,2026-04-17 11:47:33.986160,can_tapper31,2026-04-17 11:47:35.643965,1.657805,Engine running command,Engine Status,status,"rgb(255,255,51)"
239,2026-04-17 11:47:33.986160,can_tapper31,2026-04-17 11:47:35.883414,1.897254,Glow plugs preheating,Engine Heater Glow Plugs Status,Engine Heater Glow Plugs,"rgb(255,255,51)"
240,2026-04-17 14:23:51.074625,can_tapper31,2026-04-17 14:23:51.074625,0.0,Engine starting command,Engine Status,status,"rgb(166,86,40)"
240,2026-04-17 14:23:51.074625,can_tapper31,2026-04-17 14:23:52.467467,1.392842,Engine running command,Engine Status,status,"rgb(166,86,40)"
240,2026-04-17 14:23:51.074625,can_tapper31,2026-04-17 14:23:53.056700,1.982075,Glow plugs preheating,Engine Heater Glow Plugs Status,Engine Heater Glow Plugs,"rgb(166,86,40)"
241,2026-04-22 08:37:09.391848,can_tapper31,2026-04-22 08:37:09.391848,0.0,Engine starting command,Engine Status,status,"rgb(247,129,191)"
241,2026-04-22 08:37:09.391848,can_tapper31,2026-04-22 08:37:11.048087,1.656239,Engine running command,Engine Status,status,"rgb(247,129,191)"
241,2026-04-22 08:37:09.391848,can_tapper31,2026-04-22 08:37:11.391624,1.999776,Glow plugs preheating,Engine Heater Glow Plugs Status,Engine Heater Glow Plugs,"rgb(247,129,191)"
242,2026-04-22 09:40:44.924302,can_tapper31,2026-04-22 09:40:44.924302,0.0,Engine starting command,Engine Status,status,"rgb(153,153,153)"
242,2026-04-22 09:40:44.924302,can_tapper31,2026-04-22 09:40:46.450509,1.526207,Engine running command,Engine Status,status,"rgb(153,153,153)"
242,2026-04-22 09:40:44.924302,can_tapper31,2026-04-22 09:40:46.925036,2.000734,Glow plugs preheating,Engine Heater Glow Plugs Status,Engine Heater Glow Plugs,"rgb(153,153,153)"
243,2026-04-22 09:53:44.490266,can_tapper31,2026-04-22 09:53:44.490266,0.0,Engine starting command,Engine Status,status,"rgb(228,26,28)"
243,2026-04-22 09:53:44.490266,can_tapper31,2026-04-22 09:53:46.069715,1.579449,Engine running command,Engine Status,status,"rgb(228,26,28)"
243,2026-04-22 09:53:44.490266,can_tapper31,2026-04-22 09:53:46.441411,1.951145,Glow plugs preheating,Engine Heater Glow Plugs Status,Engine Heater Glow Plugs,"rgb(228,26,28)"
244,2026-04-24 10:24:14.551647,can_tapper31,2026-04-24 10:24:14.551647,0.0,Engine starting command,Engine Status,status,"rgb(55,126,184)"
244,2026-04-24 10:24:14.551647,can_tapper31,2026-04-24 10:24:13.765353,-0.786294,Glow plugs preheating,Engine Heater Glow Plugs Status,Engine Heater Glow Plugs,"rgb(55,126,184)"
244,2026-04-24 10:24:14.551647,can_tapper31,2026-04-24 10:24:16.264743,1.713096,Engine running command,Engine Status,status,"rgb(55,126,184)"
245,2026-04-24 13:17:54.485330,can_tapper31,2026-04-24 13:17:54.485330,0.0,Engine starting command,Engine Status,status,"rgb(77,175,74)"
245,2026-04-24 13:17:54.485330,can_tapper31,2026-04-24 13:17:52.376749,-2.108581,Glow plugs preheating,Engine Heater Glow Plugs Status,Engine Heater Glow Plugs,"rgb(77,175,74)"
245,2026-04-24 13:17:54.485330,can_tapper31,2026-04-24 13:17:55.987952,1.502622,Engine running command,Engine Status,status,"rgb(77,175,74)"
246,2026-05-12 07:18:04.246575,can_tapper31,2026-05-12 07:18:04.246575,0.0,Engine starting command,Engine Status,status,"rgb(152,78,163)"
246,2026-05-12 07:18:04.246575,can_tapper31,2026-05-12 07:18:05.866626,1.620051,Engine running command,Engine Status,status,"rgb(152,78,163)"
246,2026-05-12 07:18:04.246575,can_tapper31,2026-05-12 07:18:06.264160,2.017585,Glow plugs preheating,Engine Heater Glow Plugs Status,Engine Heater Glow Plugs,"rgb(152,78,163)"
247,2026-05-12 08:14:56.083444,can_tapper31,2026-05-12 08:14:56.083444,0.0,Engine starting command,Engine Status,status,"rgb(255,127,0)"
247,2026-05-12 08:14:56.083444,can_tapper31,2026-05-12 08:14:57.576039,1.492595,Engine running command,Engine Status,status,"rgb(255,127,0)"
247,2026-05-12 08:14:56.083444,can_tapper31,2026-05-12 08:14:57.982017,1.898573,Glow plugs preheating,Engine Heater Glow Plugs Status,Engine Heater Glow Plugs,"rgb(255,127,0)"
248,2026-05-12 09:59:23.130044,can_tapper31,2026-05-12 09:59:23.130044,0.0,Engine starting command,Engine Status,status,"rgb(255,255,51)"
248,2026-05-12 09:59:23.130044,can_tapper31,2026-05-12 09:59:24.974160,1.844116,Engine running command,Engine Status,status,"rgb(255,255,51)"
248,2026-05-12 09:59:23.130044,can_tapper31,2026-05-12 09:59:25.029370,1.899326,Glow plugs preheating,Engine Heater Glow Plugs Status,Engine Heater Glow Plugs,"rgb(255,255,51)"
249,2026-05-12 11:11:25.394626,can_tapper31,2026-05-12 11:11:25.394626,0.0,Engine starting command,Engine Status,status,"rgb(166,86,40)"
249,2026-05-12 11:11:25.394626,can_tapper31,2026-05-12 11:11:27.005920,1.611294,Engine running command,Engine Status,status,"rgb(166,86,40)"
249,2026-05-12 11:11:25.394626,can_tapper31,2026-05-12 11:11:27.495853,2.101227,Glow plugs preheating,Engine Heater Glow Plugs Status,Engine Heater Glow Plugs,"rgb(166,86,40)"
250,2026-05-12 12:04:01.583115,can_tapper31,2026-05-12 12:04:01.583115,0.0,Engine starting command,Engine Status,status,"rgb(247,129,191)"
250,2026-05-12 12:04:01.583115,can_tapper31,2026-05-12 12:04:03.314210,1.731095,Engine running command,Engine Status,status,"rgb(247,129,191)"
250,2026-05-12 12:04:01.583115,can_tapper31,2026-05-12 12:04:03.531590,1.948475,Glow plugs preheating,Engine Heater Glow Plugs Status,Engine Heater Glow Plugs,"rgb(247,129,191)"
251,2026-05-12 13:47:48.773517,can_tapper31,2026-05-12 13:47:48.773517,0.0,Engine starting command,Engine Status,status,"rgb(153,153,153)"
251,2026-05-12 13:47:48.773517,can_tapper31,2026-05-12 13:47:50.530116,1.756599,Engine running command,Engine Status,status,"rgb(153,153,153)"
251,2026-05-12 13:47:48.773517,can_tapper31,2026-05-12 13:47:50.874793,2.101276,Glow plugs preheating,Engine Heater Glow Plugs Status,Engine Heater Glow Plugs,"rgb(153,153,153)"
252,2026-05-12 14:15:42.962479,can_tapper31,2026-05-12 14:15:42.962479,0.0,Engine starting command,Engine Status,status,"rgb(228,26,28)"
252,2026-05-12 14:15:42.962479,can_tapper31,2026-05-12 14:15:44.703956,1.741477,Engine running command,Engine Status,status,"rgb(228,26,28)"
252,2026-05-12 14:15:42.962479,can_tapper31,2026-05-12 14:15:44.960435,1.997956,Glow plugs preheating,Engine Heater Glow Plugs Status,Engine Heater Glow Plugs,"rgb(228,26,28)"
253,2026-05-12 14:49:04.331878,can_tapper31,2026-05-12 14:49:04.331878,0.0,Engine starting command,Engine Status,status,"rgb(55,126,184)"
253,2026-05-12 14:49:04.331878,can_tapper31,2026-05-12 14:49:05.934447,1.602569,Engine running command,Engine Status,status,"rgb(55,126,184)"
253,2026-05-12 14:49:04.331878,can_tapper31,2026-05-12 14:49:06.332154,2.000276,Glow plugs preheating,Engine Heater Glow Plugs Status,Engine Heater Glow Plugs,"rgb(55,126,184)"
254,2026-05-12 15:19:36.000883,can_tapper31,2026-05-12 15:19:36.000883,0.0,Engine starting command,Engine Status,status,"rgb(77,175,74)"
254,2026-05-12 15:19:36.000883,can_tapper31,2026-05-12 15:19:37.663772,1.662889,Engine running command,Engine Status,status,"rgb(77,175,74)"
254,2026-05-12 15:19:36.000883,can_tapper31,2026-05-12 15:19:37.897846,1.896963,Glow plugs preheating,Engine Heater Glow Plugs Status,Engine Heater Glow Plugs,"rgb(77,175,74)"
255,2026-05-14 07:25:23.404102,can_tapper31,2026-05-14 07:25:23.404102,0.0,Engine starting command,Engine Status,status,"rgb(152,78,163)"
255,2026-05-14 07:25:23.404102,can_tapper31,2026-05-14 07:25:25.566907,2.162805,Engine running command,Engine Status,status,"rgb(152,78,163)"
255,2026-05-14 07:25:23.404102,can_tapper31,2026-05-14 07:25:25.702234,2.298132,Glow plugs preheating,Engine Heater Glow Plugs Status,Engine Heater Glow Plugs,"rgb(152,78,163)"
256,2026-05-14 08:48:52.888312,can_tapper31,2026-05-14 08:48:52.888312,0.0,Engine starting command,Engine Status,status,"rgb(255,127,0)"
256,2026-05-14 08:48:52.888312,can_tapper31,2026-05-14 08:48:54.546132,1.65782,Engine running command,Engine Status,status,"rgb(255,127,0)"
256,2026-05-14 08:48:52.888312,can_tapper31,2026-05-14 08:48:54.886609,1.998297,Glow plugs preheating,Engine Heater Glow Plugs Status,Engine Heater Glow Plugs,"rgb(255,127,0)"
257,2026-05-14 10:21:05.710114,can_tapper31,2026-05-14 10:21:05.710114,0.0,Engine starting command,Engine Status,status,"rgb(255,255,51)"
257,2026-05-14 10:21:05.710114,can_tapper31,2026-05-14 10:21:07.392319,1.682205,Engine running command,Engine Status,status,"rgb(255,255,51)"
257,2026-05-14 10:21:05.710114,can_tapper31,2026-05-14 10:21:07.609342,1.899228,Glow plugs preheating,Engine Heater Glow Plugs Status,Engine Heater Glow Plugs,"rgb(255,255,51)"
258,2026-05-14 11:37:17.910701,can_tapper31,2026-05-14 11:37:17.910701,0.0,Engine starting command,Engine Status,status,"rgb(166,86,40)"
258,2026-05-14 11:37:17.910701,can_tapper31,2026-05-14 11:37:19.349693,1.438992,Engine running command,Engine Status,status,"rgb(166,86,40)"
258,2026-05-14 11:37:17.910701,can_tapper31,2026-05-14 11:37:20.010089,2.099388,Glow plugs preheating,Engine Heater Glow Plugs Status,Engine Heater Glow Plugs,"rgb(166,86,40)"
259,2026-05-14 13:09:29.304024,can_tapper31,2026-05-14 13:09:29.304024,0.0,Engine starting command,Engine Status,status,"rgb(247,129,191)"
259,2026-05-14 13:09:29.304024,can_tapper31,2026-05-14 13:09:31.088155,1.784131,Engine running command,Engine Status,status,"rgb(247,129,191)"
259,2026-05-14 13:09:29.304024,can_tapper31,2026-05-14 13:09:31.208272,1.904248,Glow plugs preheating,Engine Heater Glow Plugs Status,Engine Heater Glow Plugs,"rgb(247,129,191)"
260,2026-05-14 13:32:08.728526,can_tapper31,2026-05-14 13:32:08.728526,0.0,Engine starting command,Engine Status,status,"rgb(153,153,153)"
260,2026-05-14 13:32:08.728526,can_tapper31,2026-05-14 13:32:10.284673,1.556147,Engine running command,Engine Status,status,"rgb(153,153,153)"
260,2026-05-14 13:32:08.728526,can_tapper31,2026-05-14 13:32:10.625903,1.897377,Glow plugs preheating,Engine Heater Glow Plugs Status,Engine Heater Glow Plugs,"rgb(153,153,153)"
261,2026-05-14 14:20:09.617063,can_tapper31,2026-05-14 14:20:09.617063,0.0,Engine starting command,Engine Status,status,"rgb(228,26,28)"
261,2026-05-14 14:20:09.617063,can_tapper31,2026-05-14 14:20:11.384787,1.767724,Engine running command,Engine Status,status,"rgb(228,26,28)"
261,2026-05-14 14:20:09.617063,can_tapper31,2026-05-14 14:20:11.619012,2.001949,Glow plugs preheating,Engine Heater Glow Plugs Status,Engine Heater Glow Plugs,"rgb(228,26,28)"
262,2026-05-14 14:49:25.222131,can_tapper31,2026-05-14 14:49:25.222131,0.0,Engine starting command,Engine Status,status,"rgb(55,126,184)"
262,2026-05-14 14:49:25.222131,can_tapper31,2026-05-14 14:49:26.933807,1.711676,Engine running command,Engine Status,status,"rgb(55,126,184)"
262,2026-05-14 14:49:25.222131,can_tapper31,2026-05-14 14:49:27.319344,2.097213,Glow plugs preheating,Engine Heater Glow Plugs Status,Engine Heater Glow Plugs,"rgb(55,126,184)"
263,2026-05-14 15:33:58.388646,can_tapper31,2026-05-14 15:33:58.388646,0.0,Engine starting command,Engine Status,status,"rgb(77,175,74)"
263,2026-05-14 15:33:58.388646,can_tapper31,2026-05-14 15:34:00.169493,1.780847,Engine running command,Engine Status,status,"rgb(77,175,74)"
263,2026-05-14 15:33:58.388646,can_tapper31,2026-05-14 15:34:00.385693,1.997047,Glow plugs preheating,Engine Heater Glow Plugs Status,Engine Heater Glow Plugs,"rgb(77,175,74)"
264,2026-05-19 10:16:39.408860,can_tapper31,2026-05-19 10:16:39.408860,0.0,Engine starting command,Engine Status,status,"rgb(152,78,163)"
264,2026-05-19 10:16:39.408860,can_tapper31,2026-05-19 10:16:40.984060,1.5752,Engine running command,Engine Status,status,"rgb(152,78,163)"
264,2026-05-19 10:16:39.408860,can_tapper31,2026-05-19 10:16:41.430405,2.021545,Glow plugs preheating,Engine Heater Glow Plugs Status,Engine Heater Glow Plugs,"rgb(152,78,163)"
265,2026-05-19 10:30:39.872053,can_tapper31,2026-05-19 10:30:39.872053,0.0,Engine starting command,Engine Status,status,"rgb(255,127,0)"
265,2026-05-19 10:30:39.872053,can_tapper31,2026-05-19 10:30:41.502726,1.630673,Engine running command,Engine Status,status,"rgb(255,127,0)"
265,2026-05-19 10:30:39.872053,can_tapper31,2026-05-19 10:30:41.973582,2.101529,Glow plugs preheating,Engine Heater Glow Plugs Status,Engine Heater Glow Plugs,"rgb(255,127,0)"
266,2026-05-19 12:48:31.620752,can_tapper31,2026-05-19 12:48:31.620752,0.0,Engine starting command,Engine Status,status,"rgb(255,255,51)"
266,2026-05-19 12:48:31.620752,can_tapper31,2026-05-19 12:48:29.616902,-2.00385,Glow plugs preheating,Engine Heater Glow Plugs Status,Engine Heater Glow Plugs,"rgb(255,255,51)"
266,2026-05-19 12:48:31.620752,can_tapper31,2026-05-19 12:48:33.365027,1.744275,Engine running command,Engine Status,status,"rgb(255,255,51)"
267,2026-05-19 14:35:14.996826,can_tapper31,2026-05-19 14:35:14.996826,0.0,Engine starting command,Engine Status,status,"rgb(166,86,40)"
267,2026-05-19 14:35:14.996826,can_tapper31,2026-05-19 14:35:16.826695,1.829869,Engine running command,Engine Status,status,"rgb(166,86,40)"
267,2026-05-19 14:35:14.996826,can_tapper31,2026-05-19 14:35:17.096576,2.09975,Glow plugs preheating,Engine Heater Glow Plugs Status,Engine Heater Glow Plugs,"rgb(166,86,40)"
268,2026-05-19 14:54:45.524897,can_tapper31,2026-05-19 14:54:45.524897,0.0,Engine starting command,Engine Status,status,"rgb(247,129,191)"
268,2026-05-19 14:54:45.524897,can_tapper31,2026-05-19 14:54:47.209372,1.684475,Engine running command,Engine Status,status,"rgb(247,129,191)"
268,2026-05-19 14:54:45.524897,can_tapper31,2026-05-19 14:54:47.623869,2.098972,Glow plugs preheating,Engine Heater Glow Plugs Status,Engine Heater Glow Plugs,"rgb(247,129,191)"
269,2026-05-20 07:15:10.781346,can_tapper31,2026-05-20 07:15:10.781346,0.0,Engine starting command,Engine Status,status,"rgb(153,153,153)"
269,2026-05-20 07:15:10.781346,can_tapper31,2026-05-20 07:15:12.936791,2.155445,Engine running command,Engine Status,status,"rgb(153,153,153)"
269,2026-05-20 07:15:10.781346,can_tapper31,2026-05-20 07:15:13.011717,2.230371,Glow plugs preheating,Engine Heater Glow Plugs Status,Engine Heater Glow Plugs,"rgb(153,153,153)"
270,2026-05-20 07:24:10.648696,can_tapper31,2026-05-20 07:24:10.648696,0.0,Engine starting command,Engine Status,status,"rgb(228,26,28)"
270,2026-05-20 07:24:10.648696,can_tapper31,2026-05-20 07:24:12.227967,1.579271,Engine running command,Engine Status,status,"rgb(228,26,28)"
270,2026-05-20 07:24:10.648696,can_tapper31,2026-05-20 07:24:12.549686,1.90099,Glow plugs preheating,Engine Heater Glow Plugs Status,Engine Heater Glow Plugs,"rgb(228,26,28)"
271,2026-05-20 08:02:34.653717,can_tapper31,2026-05-20 08:02:34.653717,0.0,Engine starting command,Engine Status,status,"rgb(55,126,184)"
271,2026-05-20 08:02:34.653717,can_tapper31,2026-05-20 08:02:36.307802,1.654085,Engine running command,Engine Status,status,"rgb(55,126,184)"
271,2026-05-20 08:02:34.653717,can_tapper31,2026-05-20 08:02:36.660657,2.00694,Glow plugs preheating,Engine Heater Glow Plugs Status,Engine Heater Glow Plugs,"rgb(55,126,184)"
272,2026-05-20 08:55:25.176626,can_tapper31,2026-05-20 08:55:25.176626,0.0,Engine starting command,Engine Status,status,"rgb(77,175,74)"
272,2026-05-20 08:55:25.176626,can_tapper31,2026-05-20 08:55:26.998152,1.821526,Engine running command,Engine Status,status,"rgb(77,175,74)"
272,2026-05-20 08:55:25.176626,can_tapper31,2026-05-20 08:55:27.218449,2.041823,Glow plugs preheating,Engine Heater Glow Plugs Status,Engine Heater Glow Plugs,"rgb(77,175,74)"
273,2026-05-20 09:39:06.837941,can_tapper31,2026-05-20 09:39:06.837941,0.0,Engine starting command,Engine Status,status,"rgb(152,78,163)"
273,2026-05-20 09:39:06.837941,can_tapper31,2026-05-20 09:39:08.354883,1.516942,Engine running command,Engine Status,status,"rgb(152,78,163)"
273,2026-05-20 09:39:06.837941,can_tapper31,2026-05-20 09:39:08.939690,2.101749,Glow plugs preheating,Engine Heater Glow Plugs Status,Engine Heater Glow Plugs,"rgb(152,78,163)"
274,2026-05-20 10:16:00.065160,can_tapper31,2026-05-20 10:16:00.065160,0.0,Engine starting command,Engine Status,status,"rgb(255,127,0)"
274,2026-05-20 10:16:00.065160,can_tapper31,2026-05-20 10:16:01.748457,1.683297,Engine running command,Engine Status,status,"rgb(255,127,0)"
274,2026-05-20 10:16:00.065160,can_tapper31,2026-05-20 10:16:02.165983,2.100823,Glow plugs preheating,Engine Heater Glow Plugs Status,Engine Heater Glow Plugs,"rgb(255,127,0)"
275,2026-05-20 10:55:23.685925,can_tapper31,2026-05-20 10:55:23.685925,0.0,Engine starting command,Engine Status,status,"rgb(255,255,51)"
275,2026-05-20 10:55:23.685925,can_tapper31,2026-05-20 10:55:24.971670,1.285745,Engine running command,Engine Status,status,"rgb(255,255,51)"
275,2026-05-20 10:55:23.685925,can_tapper31,2026-05-20 10:55:25.785272,2.099347,Glow plugs preheating,Engine Heater Glow Plugs Status,Engine Heater Glow Plugs,"rgb(255,255,51)"
276,2026-05-20 11:47:54.922860,can_tapper31,2026-05-20 11:47:54.922860,0.0,Engine starting command,Engine Status,status,"rgb(166,86,40)"
276,2026-05-20 11:47:54.922860,can_tapper31,2026-05-20 11:47:56.549554,1.626694,Engine running command,Engine Status,status,"rgb(166,86,40)"
276,2026-05-20 11:47:54.922860,can_tapper31,2026-05-20 11:47:56.924086,2.001226,Glow plugs preheating,Engine Heater Glow Plugs Status,Engine Heater Glow Plugs,"rgb(166,86,40)"
277,2026-05-20 13:03:55.871693,can_tapper31,2026-05-20 13:03:55.871693,0.0,Engine starting command,Engine Status,status,"rgb(247,129,191)"
277,2026-05-20 13:03:55.871693,can_tapper31,2026-05-20 13:03:57.328173,1.45648,Engine running command,Engine Status,status,"rgb(247,129,191)"
277,2026-05-20 13:03:55.871693,can_tapper31,2026-05-20 13:03:57.860294,1.988601,Glow plugs preheating,Engine Heater Glow Plugs Status,Engine Heater Glow Plugs,"rgb(247,129,191)"
278,2026-05-20 15:36:40.721018,can_tapper31,2026-05-20 15:36:40.721018,0.0,Engine starting command,Engine Status,status,"rgb(153,153,153)"
278,2026-05-20 15:36:40.721018,can_tapper31,2026-05-20 15:36:42.498227,1.777209,Engine running command,Engine Status,status,"rgb(153,153,153)"
278,2026-05-20 15:36:40.721018,can_tapper31,2026-05-20 15:36:42.818608,2.09759,Glow plugs preheating,Engine Heater Glow Plugs Status,Engine Heater Glow Plugs,"rgb(153,153,153)"
279,2026-05-20 15:59:52.621953,can_tapper31,2026-05-20 15:59:52.621953,0.0,Engine starting command,Engine Status,status,"rgb(228,26,28)"
279,2026-05-20 15:59:52.621953,can_tapper31,2026-05-20 15:59:54.060904,1.438951,Engine running command,Engine Status,status,"rgb(228,26,28)"
279,2026-05-20 15:59:52.621953,can_tapper31,2026-05-20 15:59:54.704504,2.082551,Glow plugs preheating,Engine Heater Glow Plugs Status,Engine Heater Glow Plugs,"rgb(228,26,28)"
280,2026-05-20 16:34:29.842245,can_tapper31,2026-05-20 16:34:29.842245,0.0,Engine starting command,Engine Status,status,"rgb(55,126,184)"
280,2026-05-20 16:34:29.842245,can_tapper31,2026-05-20 16:34:31.626246,1.784001,Engine running command,Engine Status,status,"rgb(55,126,184)"
280,2026-05-20 16:34:29.842245,can_tapper31,2026-05-20 16:34:31.945520,2.103275,Glow plugs preheating,Engine Heater Glow Plugs Status,Engine Heater Glow Plugs,"rgb(55,126,184)"
281,2026-05-21 07:22:03.002389,can_tapper31,2026-05-21 07:22:03.002389,0.0,Engine starting command,Engine Status,status,"rgb(77,175,74)"
281,2026-05-21 07:22:03.002389,can_tapper31,2026-05-21 07:22:04.628615,1.626226,Engine running command,Engine Status,status,"rgb(77,175,74)"
281,2026-05-21 07:22:03.002389,can_tapper31,2026-05-21 07:22:04.904189,1.9018,Glow plugs preheating,Engine Heater Glow Plugs Status,Engine Heater Glow Plugs,"rgb(77,175,74)"
282,2026-05-21 08:48:58.267595,can_tapper31,2026-05-21 08:48:58.267595,0.0,Engine starting command,Engine Status,status,"rgb(152,78,163)"
282,2026-05-21 08:48:58.267595,can_tapper31,2026-05-21 08:48:59.980645,1.71305,Engine running command,Engine Status,status,"rgb(152,78,163)"
282,2026-05-21 08:48:58.267595,can_tapper31,2026-05-21 08:49:00.265519,1.997924,Glow plugs preheating,Engine Heater Glow Plugs Status,Engine Heater Glow Plugs,"rgb(152,78,163)"
283,2026-05-21 09:54:32.435798,can_tapper31,2026-05-21 09:54:32.435798,0.0,Engine starting command,Engine Status,status,"rgb(255,127,0)"
283,2026-05-21 09:54:32.435798,can_tapper31,2026-05-21 09:54:34.108804,1.673006,Engine running command,Engine Status,status,"rgb(255,127,0)"
283,2026-05-21 09:54:32.435798,can_tapper31,2026-05-21 09:54:34.333947,1.898149,Glow plugs preheating,Engine Heater Glow Plugs Status,Engine Heater Glow Plugs,"rgb(255,127,0)"
284,2026-05-21 10:05:42.623526,can_tapper31,2026-05-21 10:05:42.623526,0.0,Engine starting command,Engine Status,status,"rgb(255,255,51)"
284,2026-05-21 10:05:42.623526,can_tapper31,2026-05-21 10:05:44.208052,1.584526,Engine running command,Engine Status,status,"rgb(255,255,51)"
284,2026-05-21 10:05:42.623526,can_tapper31,2026-05-21 10:05:44.525249,1.901723,Glow plugs preheating,Engine Heater Glow Plugs Status,Engine Heater Glow Plugs,"rgb(255,255,51)"
285,2026-05-21 11:11:10.100716,can_tapper31,2026-05-21 11:11:10.100716,0.0,Engine starting command,Engine Status,status,"rgb(166,86,40)"
285,2026-05-21 11:11:10.100716,can_tapper31,2026-05-21 11:11:11.760362,1.659646,Engine running command,Engine Status,status,"rgb(166,86,40)"
285,2026-05-21 11:11:10.100716,can_tapper31,2026-05-21 11:11:12.032587,1.931871,Glow plugs preheating,Engine Heater Glow Plugs Status,Engine Heater Glow Plugs,"rgb(166,86,40)"
286,2026-05-21 11:51:38.158700,can_tapper31,2026-05-21 11:51:38.158700,0.0,Engine starting command,Engine Status,status,"rgb(247,129,191)"
286,2026-05-21 11:51:38.158700,can_tapper31,2026-05-21 11:51:39.570372,1.411672,Engine running command,Engine Status,status,"rgb(247,129,191)"
286,2026-05-21 11:51:38.158700,can_tapper31,2026-05-21 11:51:40.258173,2.099473,Glow plugs preheating,Engine Heater Glow Plugs Status,Engine Heater Glow Plugs,"rgb(247,129,191)"
287,2026-05-22 08:10:20.301965,can_tapper31,2026-05-22 08:10:20.301965,0.0,Engine starting command,Engine Status,status,"rgb(153,153,153)"
287,2026-05-22 08:10:20.301965,can_tapper31,2026-05-22 08:10:19.709823,-0.592142,Glow plugs preheating,Engine Heater Glow Plugs Status,Engine Heater Glow Plugs,"rgb(153,153,153)"
287,2026-05-22 08:10:20.301965,can_tapper31,2026-05-22 08:10:22.266660,1.964695,Engine running command,Engine Status,status,"rgb(153,153,153)"
288,2026-05-22 09:21:59.349854,can_tapper31,2026-05-22 09:21:59.349854,0.0,Engine starting command,Engine Status,status,"rgb(228,26,28)"
288,2026-05-22 09:21:59.349854,can_tapper31,2026-05-22 09:22:00.989097,1.639243,Engine running command,Engine Status,status,"rgb(228,26,28)"
288,2026-05-22 09:21:59.349854,can_tapper31,2026-05-22 09:22:01.348304,1.99845,Glow plugs preheating,Engine Heater Glow Plugs Status,Engine Heater Glow Plugs,"rgb(228,26,28)"
289,2026-05-22 10:05:12.563893,can_tapper31,2026-05-22 10:05:12.563893,0.0,Engine starting command,Engine Status,status,"rgb(55,126,184)"
289,2026-05-22 10:05:12.563893,can_tapper31,2026-05-22 10:05:14.429818,1.865925,Engine running command,Engine Status,status,"rgb(55,126,184)"
289,2026-05-22 10:05:12.563893,can_tapper31,2026-05-22 10:05:14.461995,1.898102,Glow plugs preheating,Engine Heater Glow Plugs Status,Engine Heater Glow Plugs,"rgb(55,126,184)"
290,2026-05-22 10:28:55.997187,can_tapper31,2026-05-22 10:28:55.997187,0.0,Engine starting command,Engine Status,status,"rgb(77,175,74)"
290,2026-05-22 10:28:55.997187,can_tapper31,2026-05-22 10:28:57.490354,1.493167,Engine running command,Engine Status,status,"rgb(77,175,74)"
290,2026-05-22 10:28:55.997187,can_tapper31,2026-05-22 10:28:57.996488,1.999301,Glow plugs preheating,Engine Heater Glow Plugs Status,Engine Heater Glow Plugs,"rgb(77,175,74)"
291,2026-05-22 10:40:45.610378,can_tapper31,2026-05-22 10:40:45.610378,0.0,Engine starting command,Engine Status,status,"rgb(152,78,163)"
291,2026-05-22 10:40:45.610378,can_tapper31,2026-05-22 10:40:47.373182,1.762804,Engine running command,Engine Status,status,"rgb(152,78,163)"
291,2026-05-22 10:40:45.610378,can_tapper31,2026-05-22 10:40:47.614324,2.003946,Glow plugs preheating,Engine Heater Glow Plugs Status,Engine Heater Glow Plugs,"rgb(152,78,163)"
292,2026-05-22 13:18:56.780911,can_tapper31,2026-05-22 13:18:56.780911,0.0,Engine starting command,Engine Status,status,"rgb(255,127,0)"
292,2026-05-22 13:18:56.780911,can_tapper31,2026-05-22 13:18:54.871015,-1.909896,Glow plugs preheating,Engine Heater Glow Plugs Status,Engine Heater Glow Plugs,"rgb(255,127,0)"
292,2026-05-22 13:18:56.780911,can_tapper31,2026-05-22 13:18:58.155861,1.37495,Engine running command,Engine Status,status,"rgb(255,127,0)"
293,2026-05-23 11:56:28.490386,can_tapper31,2026-05-23 11:56:28.490386,0.0,Engine starting command,Engine Status,status,"rgb(255,255,51)"
293,2026-05-23 11:56:28.490386,can_tapper31,2026-05-23 11:56:26.586084,-1.904302,Glow plugs preheating,Engine Heater Glow Plugs Status,Engine Heater Glow Plugs,"rgb(255,255,51)"
293,2026-05-23 11:56:28.490386,can_tapper31,2026-05-23 11:56:30.091854,1.601468,Engine running command,Engine Status,status,"rgb(255,255,51)"
294,2026-05-27 10:43:52.093918,can_tapper31,2026-05-27 10:43:52.093918,0.0,Engine starting command,Engine Status,status,"rgb(166,86,40)"
294,2026-05-27 10:43:52.093918,can_tapper31,2026-05-27 10:43:50.090344,-2.003574,Glow plugs preheating,Engine Heater Glow Plugs Status,Engine Heater Glow Plugs,"rgb(166,86,40)"
294,2026-05-27 10:43:52.093918,can_tapper31,2026-05-27 10:43:53.681673,1.587755,Engine running command,Engine Status,status,"rgb(166,86,40)"
295,2026-05-27 11:04:44.226229,can_tapper31,2026-05-27 11:04:44.226229,0.0,Engine starting command,Engine Status,status,"rgb(247,129,191)"
295,2026-05-27 11:04:44.226229,can_tapper31,2026-05-27 11:04:42.220825,-2.005404,Glow plugs preheating,Engine Heater Glow Plugs Status,Engine Heater Glow Plugs,"rgb(247,129,191)"
295,2026-05-27 11:04:44.226229,can_tapper31,2026-05-27 11:04:45.646900,1.420671,Engine running command,Engine Status,status,"rgb(247,129,191)"
296,2026-05-28 14:26:00.238375,can_tapper31,2026-05-28 14:26:00.238375,0.0,Engine starting command,Engine Status,status,"rgb(153,153,153)"
296,2026-05-28 14:26:00.238375,can_tapper31,2026-05-28 14:26:01.818190,1.579815,Engine running command,Engine Status,status,"rgb(153,153,153)"
296,2026-05-28 14:26:00.238375,can_tapper31,2026-05-28 14:26:02.258653,2.020278,Glow plugs preheating,Engine Heater Glow Plugs Status,Engine Heater Glow Plugs,"rgb(153,153,153)"
297,2026-05-28 15:18:57.045759,can_tapper31,2026-05-28 15:18:57.045759,0.0,Engine starting command,Engine Status,status,"rgb(228,26,28)"
297,2026-05-28 15:18:57.045759,can_tapper31,2026-05-28 15:18:58.753613,1.707854,Engine running command,Engine Status,status,"rgb(228,26,28)"
297,2026-05-28 15:18:57.045759,can_tapper31,2026-05-28 15:18:59.149096,2.103337,Glow plugs preheating,Engine Heater Glow Plugs Status,Engine Heater Glow Plugs,"rgb(228,26,28)"
298,2026-05-30 08:00:37.232001,can_tapper31,2026-05-30 08:00:37.232001,0.0,Engine starting command,Engine Status,status,"rgb(55,126,184)"
298,2026-05-30 08:00:37.232001,can_tapper31,2026-05-30 08:00:35.317703,-1.914298,Glow plugs preheating,Engine Heater Glow Plugs Status,Engine Heater Glow Plugs,"rgb(55,126,184)"
298,2026-05-30 08:00:37.232001,can_tapper31,2026-05-30 08:00:38.671256,1.439255,Engine running command,Engine Status,status,"rgb(55,126,184)"
299,2026-05-30 08:45:35.080270,can_tapper31,2026-05-30 08:45:35.080270,0.0,Engine starting command,Engine Status,status,"rgb(77,175,74)"
299,2026-05-30 08:45:35.080270,can_tapper31,2026-05-30 08:45:33.170602,-1.909668,Glow plugs preheating,Engine Heater Glow Plugs Status,Engine Heater Glow Plugs,"rgb(77,175,74)"
299,2026-05-30 08:45:35.080270,can_tapper31,2026-05-30 08:45:36.723247,1.642977,Engine running command,Engine Status,status,"rgb(77,175,74)"
300,2026-06-02 09:50:16.649881,can_tapper31,2026-06-02 09:50:16.649881,0.0,Engine starting command,Engine Status,status,"rgb(152,78,163)"
300,2026-06-02 09:50:16.649881,can_tapper31,2026-06-02 09:50:18.301982,1.652101,Engine running command,Engine Status,status,"rgb(152,78,163)"
300,2026-06-02 09:50:16.649881,can_tapper31,2026-06-02 09:50:18.555082,1.905201,Glow plugs preheating,Engine Heater Glow Plugs Status,Engine Heater Glow Plugs,"rgb(152,78,163)"
301,2026-06-02 09:59:12.527782,can_tapper31,2026-06-02 09:59:12.527782,0.0,Engine starting command,Engine Status,status,"rgb(255,127,0)"
301,2026-06-02 09:59:12.527782,can_tapper31,2026-06-02 09:59:14.074607,1.546825,Engine running command,Engine Status,status,"rgb(255,127,0)"
301,2026-06-02 09:59:12.527782,can_tapper31,2026-06-02 09:59:14.425707,1.897925,Glow plugs preheating,Engine Heater Glow Plugs Status,Engine Heater Glow Plugs,"rgb(255,127,0)"
302,2026-06-02 10:04:58.968832,can_tapper31,2026-06-02 10:04:58.968832,0.0,Engine starting command,Engine Status,status,"rgb(255,255,51)"
302,2026-06-02 10:04:58.968832,can_tapper31,2026-06-02 10:05:00.754783,1.785951,Engine running command,Engine Status,status,"rgb(255,255,51)"
302,2026-06-02 10:04:58.968832,can_tapper31,2026-06-02 10:05:00.911457,1.942625,Glow plugs preheating,Engine Heater Glow Plugs Status,Engine Heater Glow Plugs,"rgb(255,255,51)"
303,2026-06-04 17:15:48.272309,can_tapper31,2026-06-04 17:15:48.272309,0.0,Engine starting command,Engine Status,status,"rgb(166,86,40)"
303,2026-06-04 17:15:48.272309,can_tapper31,2026-06-04 17:15:49.872634,1.600325,Engine running command,Engine Status,status,"rgb(166,86,40)"
303,2026-06-04 17:15:48.272309,can_tapper31,2026-06-04 17:15:50.233784,1.961475,Glow plugs preheating,Engine Heater Glow Plugs Status,Engine Heater Glow Plugs,"rgb(166,86,40)"
304,2026-06-04 17:44:53.581504,can_tapper31,2026-06-04 17:44:53.581504,0.0,Engine starting command,Engine Status,status,"rgb(247,129,191)"
304,2026-06-04 17:44:53.581504,can_tapper31,2026-06-04 17:44:55.403400,1.821896,Engine running command,Engine Status,status,"rgb(247,129,191)"
304,2026-06-04 17:44:53.581504,can_tapper31,2026-06-04 17:44:55.480073,1.898569,Glow plugs preheating,Engine Heater Glow Plugs Status,Engine Heater Glow Plugs,"rgb(247,129,191)"
305,2026-06-04 19:58:28.881865,can_tapper31,2026-06-04 19:58:28.881865,0.0,Engine starting command,Engine Status,status,"rgb(153,153,153)"
305,2026-06-04 19:58:28.881865,can_tapper31,2026-06-04 19:58:30.505497,1.623632,Engine running command,Engine Status,status,"rgb(153,153,153)"
305,2026-06-04 19:58:28.881865,can_tapper31,2026-06-04 19:58:30.981128,2.099263,Glow plugs preheating,Engine Heater Glow Plugs Status,Engine Heater Glow Plugs,"rgb(153,153,153)"
306,2026-06-04 22:29:23.327884,can_tapper31,2026-06-04 22:29:23.327884,0.0,Engine starting command,Engine Status,status,"rgb(228,26,28)"
306,2026-06-04 22:29:23.327884,can_tapper31,2026-06-04 22:29:25.226469,1.898585,Glow plugs preheating,Engine Heater Glow Plugs Status,Engine Heater Glow Plugs,"rgb(228,26,28)"
306,2026-06-04 22:29:23.327884,can_tapper31,2026-06-04 22:29:25.305713,1.977829,Engine running command,Engine Status,status,"rgb(228,26,28)"
307,2026-06-05 00:27:34.809135,can_tapper31,2026-06-05 00:27:34.809135,0.0,Engine starting command,Engine Status,status,"rgb(55,126,184)"
307,2026-06-05 00:27:34.809135,can_tapper31,2026-06-05 00:27:36.543706,1.734571,Engine running command,Engine Status,status,"rgb(55,126,184)"
307,2026-06-05 00:27:34.809135,can_tapper31,2026-06-05 00:27:36.770814,1.961679,Glow plugs preheating,Engine Heater Glow Plugs Status,Engine Heater Glow Plugs,"rgb(55,126,184)"
308,2026-06-05 01:04:30.753403,can_tapper31,2026-06-05 01:04:30.753403,0.0,Engine starting command,Engine Status,status,"rgb(77,175,74)"
308,2026-06-05 01:04:30.753403,can_tapper31,2026-06-05 01:04:32.469553,1.71615,Engine running command,Engine Status,status,"rgb(77,175,74)"
308,2026-06-05 01:04:30.753403,can_tapper31,2026-06-05 01:04:32.740128,1.986725,Glow plugs preheating,Engine Heater Glow Plugs Status,Engine Heater Glow Plugs,"rgb(77,175,74)"
309,2026-06-05 04:10:31.105509,can_tapper31,2026-06-05 04:10:31.105509,0.0,Engine starting command,Engine Status,status,"rgb(152,78,163)"
309,2026-06-05 04:10:31.105509,can_tapper31,2026-06-05 04:10:28.997585,-2.107924,Glow plugs preheating,Engine Heater Glow Plugs Status,Engine Heater Glow Plugs,"rgb(152,78,163)"
309,2026-06-05 04:10:31.105509,can_tapper31,2026-06-05 04:10:32.695105,1.589596,Engine running command,Engine Status,status,"rgb(152,78,163)"
310,2026-06-05 07:51:13.110158,can_tapper31,2026-06-05 07:51:13.110158,0.0,Engine starting command,Engine Status,status,"rgb(255,127,0)"
310,2026-06-05 07:51:13.110158,can_tapper31,2026-06-05 07:51:14.910832,1.800674,Engine running command,Engine Status,status,"rgb(255,127,0)"
310,2026-06-05 07:51:13.110158,can_tapper31,2026-06-05 07:51:15.209707,2.099549,Glow plugs preheating,Engine Heater Glow Plugs Status,Engine Heater Glow Plugs,"rgb(255,127,0)"
311,2026-06-05 16:16:55.763065,can_tapper31,2026-06-05 16:16:55.763065,0.0,Engine starting command,Engine Status,status,"rgb(255,255,51)"
311,2026-06-05 16:16:55.763065,can_tapper31,2026-06-05 16:16:57.451692,1.688627,Engine running command,Engine Status,status,"rgb(255,255,51)"
311,2026-06-05 16:16:55.763065,can_tapper31,2026-06-05 16:16:57.761320,1.998255,Glow plugs preheating,Engine Heater Glow Plugs Status,Engine Heater Glow Plugs,"rgb(255,255,51)"
312,2026-06-05 16:31:59.856141,can_tapper31,2026-06-05 16:31:59.856141,0.0,Engine starting command,Engine Status,status,"rgb(166,86,40)"
312,2026-06-05 16:31:59.856141,can_tapper31,2026-06-05 16:32:01.407141,1.551,Engine running command,Engine Status,status,"rgb(166,86,40)"
312,2026-06-05 16:31:59.856141,can_tapper31,2026-06-05 16:32:01.757343,1.901202,Glow plugs preheating,Engine Heater Glow Plugs Status,Engine Heater Glow Plugs,"rgb(166,86,40)"
313,2026-06-05 17:36:57.703776,can_tapper31,2026-06-05 17:36:57.703776,0.0,Engine starting command,Engine Status,status,"rgb(247,129,191)"
313,2026-06-05 17:36:57.703776,can_tapper31,2026-06-05 17:36:59.123396,1.41962,Engine running command,Engine Status,status,"rgb(247,129,191)"
313,2026-06-05 17:36:57.703776,can_tapper31,2026-06-05 17:36:59.704454,2.000678,Glow plugs preheating,Engine Heater Glow Plugs Status,Engine Heater Glow Plugs,"rgb(247,129,191)"
314,2026-06-05 17:53:55.966472,can_tapper31,2026-06-05 17:53:55.966472,0.0,Engine starting command,Engine Status,status,"rgb(153,153,153)"
314,2026-06-05 17:53:55.966472,can_tapper31,2026-06-05 17:53:57.794868,1.828396,Engine running command,Engine Status,status,"rgb(153,153,153)"
314,2026-06-05 17:53:55.966472,can_tapper31,2026-06-05 17:53:57.864402,1.89793,Glow plugs preheating,Engine Heater Glow Plugs Status,Engine Heater Glow Plugs,"rgb(153,153,153)"
315,2026-06-06 08:51:50.166390,can_tapper31,2026-06-06 08:51:50.166390,0.0,Engine starting command,Engine Status,status,"rgb(228,26,28)"
315,2026-06-06 08:51:50.166390,can_tapper31,2026-06-06 08:51:48.061665,-2.104725,Glow plugs preheating,Engine Heater Glow Plugs Status,Engine Heater Glow Plugs,"rgb(228,26,28)"
315,2026-06-06 08:51:50.166390,can_tapper31,2026-06-06 08:51:51.979364,1.812974,Engine running command,Engine Status,status,"rgb(228,26,28)"
316,2026-06-06 12:38:32.609665,can_tapper31,2026-06-06 12:38:32.609665,0.0,Engine starting command,Engine Status,status,"rgb(55,126,184)"
316,2026-06-06 12:38:32.609665,can_tapper31,2026-06-06 12:38:33.886791,1.277126,Engine running command,Engine Status,status,"rgb(55,126,184)"
316,2026-06-06 12:38:32.609665,can_tapper31,2026-06-06 12:38:34.710639,2.100974,Glow plugs preheating,Engine Heater Glow Plugs Status,Engine Heater Glow Plugs,"rgb(55,126,184)"
317,2026-06-06 16:19:40.285639,can_tapper31,2026-06-06 16:19:40.285639,0.0,Engine starting command,Engine Status,status,"rgb(77,175,74)"
317,2026-06-06 16:19:40.285639,can_tapper31,2026-06-06 16:19:41.992886,1.707247,Engine running command,Engine Status,status,"rgb(77,175,74)"
317,2026-06-06 16:19:40.285639,can_tapper31,2026-06-06 16:19:42.283912,1.998273,Glow plugs preheating,Engine Heater Glow Plugs Status,Engine Heater Glow Plugs,"rgb(77,175,74)"
318,2026-06-06 16:54:39.729251,can_tapper31,2026-06-06 16:54:39.729251,0.0,Engine starting command,Engine Status,status,"rgb(152,78,163)"
318,2026-06-06 16:54:39.729251,can_tapper31,2026-06-06 16:54:41.192755,1.463504,Engine running command,Engine Status,status,"rgb(152,78,163)"
318,2026-06-06 16:54:39.729251,can_tapper31,2026-06-06 16:54:41.635811,1.90656,Glow plugs preheating,Engine Heater Glow Plugs Status,Engine Heater Glow Plugs,"rgb(152,78,163)"
319,2026-06-06 21:12:33.259445,can_tapper31,2026-06-06 21:12:33.259445,0.0,Engine starting command,Engine Status,status,"rgb(255,127,0)"
319,2026-06-06 21:12:33.259445,can_tapper31,2026-06-06 21:12:34.897496,1.638051,Engine running command,Engine Status,status,"rgb(255,127,0)"
319,2026-06-06 21:12:33.259445,can_tapper31,2026-06-06 21:12:35.368284,2.108839,Glow plugs preheating,Engine Heater Glow Plugs Status,Engine Heater Glow Plugs,"rgb(255,127,0)"
320,2026-06-07 07:43:33.264752,can_tapper31,2026-06-07 07:43:33.264752,0.0,Engine starting command,Engine Status,status,"rgb(255,255,51)"
320,2026-06-07 07:43:33.264752,can_tapper31,2026-06-07 07:43:31.154828,-2.109924,Glow plugs preheating,Engine Heater Glow Plugs Status,Engine Heater Glow Plugs,"rgb(255,255,51)"
320,2026-06-07 07:43:33.264752,can_tapper31,2026-06-07 07:43:34.571377,1.306625,Engine running command,Engine Status,status,"rgb(255,255,51)"
321,2026-06-07 16:12:21.862811,can_tapper31,2026-06-07 16:12:21.862811,0.0,Engine starting command,Engine Status,status,"rgb(166,86,40)"
321,2026-06-07 16:12:21.862811,can_tapper31,2026-06-07 16:12:23.337730,1.474919,Engine running command,Engine Status,status,"rgb(166,86,40)"
321,2026-06-07 16:12:21.862811,can_tapper31,2026-06-07 16:12:23.847935,1.985124,Glow plugs preheating,Engine Heater Glow Plugs Status,Engine Heater Glow Plugs,"rgb(166,86,40)"
322,2026-06-07 20:52:08.755722,can_tapper31,2026-06-07 20:52:08.755722,0.0,Engine starting command,Engine Status,status,"rgb(247,129,191)"
322,2026-06-07 20:52:08.755722,can_tapper31,2026-06-07 20:52:10.373742,1.61802,Engine running command,Engine Status,status,"rgb(247,129,191)"
322,2026-06-07 20:52:08.755722,can_tapper31,2026-06-07 20:52:10.654022,1.8983,Glow plugs preheating,Engine Heater Glow Plugs Status,Engine Heater Glow Plugs,"rgb(247,129,191)"
323,2026-06-07 22:24:05.135977,can_tapper31,2026-06-07 22:24:05.135977,0.0,Engine starting command,Engine Status,status,"rgb(153,153,153)"
323,2026-06-07 22:24:05.135977,can_tapper31,2026-06-07 22:24:06.816842,1.680865,Engine running command,Engine Status,status,"rgb(153,153,153)"
323,2026-06-07 22:24:05.135977,can_tapper31,2026-06-07 22:24:07.235405,2.099428,Glow plugs preheating,Engine Heater Glow Plugs Status,Engine Heater Glow Plugs,"rgb(153,153,153)"
324,2026-06-08 07:06:47.841531,can_tapper31,2026-06-08 07:06:47.841531,0.0,Engine starting command,Engine Status,status,"rgb(228,26,28)"
324,2026-06-08 07:06:47.841531,can_tapper31,2026-06-08 07:06:45.836729,-2.004802,Glow plugs preheating,Engine Heater Glow Plugs Status,Engine Heater Glow Plugs,"rgb(228,26,28)"
324,2026-06-08 07:06:47.841531,can_tapper31,2026-06-08 07:06:49.404631,1.5631,Engine running command,Engine Status,status,"rgb(228,26,28)"
325,2026-06-08 09:35:49.567947,can_tapper31,2026-06-08 09:35:49.567947,0.0,Engine starting command,Engine Status,status,"rgb(55,126,184)"
325,2026-06-08 09:35:49.567947,can_tapper31,2026-06-08 09:35:51.070871,1.502924,Engine running command,Engine Status,status,"rgb(55,126,184)"
325,2026-06-08 09:35:49.567947,can_tapper31,2026-06-08 09:35:51.564796,1.996849,Glow plugs preheating,Engine Heater Glow Plugs Status,Engine Heater Glow Plugs,"rgb(55,126,184)"
326,2026-06-08 10:24:05.957684,can_tapper31,2026-06-08 10:24:05.957684,0.0,Engine starting command,Engine Status,status,"rgb(77,175,74)"
326,2026-06-08 10:24:05.957684,can_tapper31,2026-06-08 10:24:07.588684,1.631,Engine running command,Engine Status,status,"rgb(77,175,74)"
326,2026-06-08 10:24:05.957684,can_tapper31,2026-06-08 10:24:07.958539,2.000855,Glow plugs preheating,Engine Heater Glow Plugs Status,Engine Heater Glow Plugs,"rgb(77,175,74)"
327,2026-06-08 10:34:05.107538,can_tapper31,2026-06-08 10:34:05.107538,0.0,Engine starting command,Engine Status,status,"rgb(152,78,163)"
327,2026-06-08 10:34:05.107538,can_tapper31,2026-06-08 10:34:06.584558,1.47702,Engine running command,Engine Status,status,"rgb(152,78,163)"
327,2026-06-08 10:34:05.107538,can_tapper31,2026-06-08 10:34:07.105383,1.997845,Glow plugs preheating,Engine Heater Glow Plugs Status,Engine Heater Glow Plugs,"rgb(152,78,163)"
328,2026-06-08 15:21:13.520091,can_tapper31,2026-06-08 15:21:13.520091,0.0,Engine starting command,Engine Status,status,"rgb(255,127,0)"
328,2026-06-08 15:21:13.520091,can_tapper31,2026-06-08 15:21:15.047342,1.527251,Engine running command,Engine Status,status,"rgb(255,127,0)"
328,2026-06-08 15:21:13.520091,can_tapper31,2026-06-08 15:21:15.418612,1.898521,Glow plugs preheating,Engine Heater Glow Plugs Status,Engine Heater Glow Plugs,"rgb(255,127,0)"
329,2026-06-08 17:09:53.133590,can_tapper31,2026-06-08 17:09:53.133590,0.0,Engine starting command,Engine Status,status,"rgb(255,255,51)"
329,2026-06-08 17:09:53.133590,can_tapper31,2026-06-08 17:09:51.029961,-2.103629,Glow plugs preheating,Engine Heater Glow Plugs Status,Engine Heater Glow Plugs,"rgb(255,255,51)"
329,2026-06-08 17:09:53.133590,can_tapper31,2026-06-08 17:09:54.713634,1.580044,Engine running command,Engine Status,status,"rgb(255,255,51)"
330,2026-06-08 18:05:43.868130,can_tapper31,2026-06-08 18:05:43.868130,0.0,Engine starting command,Engine Status,status,"rgb(166,86,40)"
330,2026-06-08 18:05:43.868130,can_tapper31,2026-06-08 18:05:41.963784,-1.904346,Glow plugs preheating,Engine Heater Glow Plugs Status,Engine Heater Glow Plugs,"rgb(166,86,40)"
330,2026-06-08 18:05:43.868130,can_tapper31,2026-06-08 18:05:45.382860,1.51473,Engine running command,Engine Status,status,"rgb(166,86,40)"
331,2026-06-08 19:25:44.357955,can_tapper31,2026-06-08 19:25:44.357955,0.0,Engine starting command,Engine Status,status,"rgb(247,129,191)"
331,2026-06-08 19:25:44.357955,can_tapper31,2026-06-08 19:25:45.871980,1.514025,Engine running command,Engine Status,status,"rgb(247,129,191)"
331,2026-06-08 19:25:44.357955,can_tapper31,2026-06-08 19:25:46.354836,1.996881,Glow plugs preheating,Engine Heater Glow Plugs Status,Engine Heater Glow Plugs,"rgb(247,129,191)"
332,2026-06-08 20:03:40.816452,can_tapper31,2026-06-08 20:03:40.816452,0.0,Engine starting command,Engine Status,status,"rgb(153,153,153)"
332,2026-06-08 20:03:40.816452,can_tapper31,2026-06-08 20:03:42.441253,1.624801,Engine running command,Engine Status,status,"rgb(153,153,153)"
332,2026-06-08 20:03:40.816452,can_tapper31,2026-06-08 20:03:42.817399,2.000947,Glow plugs preheating,Engine Heater Glow Plugs Status,Engine Heater Glow Plugs,"rgb(153,153,153)"
333,2026-06-08 21:02:21.227889,can_tapper31,2026-06-08 21:02:21.227889,0.0,Engine starting command,Engine Status,status,"rgb(228,26,28)"
333,2026-06-08 21:02:21.227889,can_tapper31,2026-06-08 21:02:22.623394,1.395505,Engine running command,Engine Status,status,"rgb(228,26,28)"
333,2026-06-08 21:02:21.227889,can_tapper31,2026-06-08 21:02:23.328158,2.100269,Glow plugs preheating,Engine Heater Glow Plugs Status,Engine Heater Glow Plugs,"rgb(228,26,28)"
334,2026-06-09 06:20:37.674611,can_tapper31,2026-06-09 06:20:37.674611,0.0,Engine starting command,Engine Status,status,"rgb(55,126,184)"
334,2026-06-09 06:20:37.674611,can_tapper31,2026-06-09 06:20:35.571061,-2.10355,Glow plugs preheating,Engine Heater Glow Plugs Status,Engine Heater Glow Plugs,"rgb(55,126,184)"
334,2026-06-09 06:20:37.674611,can_tapper31,2026-06-09 06:20:39.249730,1.575119,Engine running command,Engine Status,status,"rgb(55,126,184)"
335,2026-06-09 07:37:18.161944,can_tapper31,2026-06-09 07:37:18.161944,0.0,Engine starting command,Engine Status,status,"rgb(77,175,74)"
335,2026-06-09 07:37:18.161944,can_tapper31,2026-06-09 07:37:19.851695,1.689751,Engine running command,Engine Status,status,"rgb(77,175,74)"
335,2026-06-09 07:37:18.161944,can_tapper31,2026-06-09 07:37:20.064120,1.902176,Glow plugs preheating,Engine Heater Glow Plugs Status,Engine Heater Glow Plugs,"rgb(77,175,74)"
336,2026-06-09 08:51:59.212808,can_tapper31,2026-06-09 08:51:59.212808,0.0,Engine starting command,Engine Status,status,"rgb(152,78,163)"
336,2026-06-09 08:51:59.212808,can_tapper31,2026-06-09 08:52:01.087879,1.875071,Engine running command,Engine Status,status,"rgb(152,78,163)"
336,2026-06-09 08:51:59.212808,can_tapper31,2026-06-09 08:52:01.117720,1.904912,Glow plugs preheating,Engine Heater Glow Plugs Status,Engine Heater Glow Plugs,"rgb(152,78,163)"
337,2026-06-09 10:15:26.555382,can_tapper31,2026-06-09 10:15:26.555382,0.0,Engine starting command,Engine Status,status,"rgb(255,127,0)"
337,2026-06-09 10:15:26.555382,can_tapper31,2026-06-09 10:15:28.383133,1.827751,Engine running command,Engine Status,status,"rgb(255,127,0)"
337,2026-06-09 10:15:26.555382,can_tapper31,2026-06-09 10:15:28.554482,1.9991,Glow plugs preheating,Engine Heater Glow Plugs Status,Engine Heater Glow Plugs,"rgb(255,127,0)"
338,2026-06-09 10:35:28.332454,can_tapper31,2026-06-09 10:35:28.332454,0.0,Engine starting command,Engine Status,status,"rgb(255,255,51)"
338,2026-06-09 10:35:28.332454,can_tapper31,2026-06-09 10:35:29.767559,1.435105,Engine running command,Engine Status,status,"rgb(255,255,51)"
338,2026-06-09 10:35:28.332454,can_tapper31,2026-06-09 10:35:30.383928,2.051474,Glow plugs preheating,Engine Heater Glow Plugs Status,Engine Heater Glow Plugs,"rgb(255,255,51)"
339,2026-06-09 10:47:54.539346,can_tapper31,2026-06-09 10:47:54.539346,0.0,Engine starting command,Engine Status,status,"rgb(166,86,40)"
339,2026-06-09 10:47:54.539346,can_tapper31,2026-06-09 10:47:56.041342,1.501996,Engine running command,Engine Status,status,"rgb(166,86,40)"
339,2026-06-09 10:47:54.539346,can_tapper31,2026-06-09 10:47:56.641844,2.102498,Glow plugs preheating,Engine Heater Glow Plugs Status,Engine Heater Glow Plugs,"rgb(166,86,40)"
340,2026-06-09 11:56:56.372959,can_tapper31,2026-06-09 11:56:56.372959,0.0,Engine starting command,Engine Status,status,"rgb(247,129,191)"
340,2026-06-09 11:56:56.372959,can_tapper31,2026-06-09 11:56:58.148384,1.775425,Engine running command,Engine Status,status,"rgb(247,129,191)"
340,2026-06-09 11:56:56.372959,can_tapper31,2026-06-09 11:56:58.375135,2.002176,Glow plugs preheating,Engine Heater Glow Plugs Status,Engine Heater Glow Plugs,"rgb(247,129,191)"
341,2026-06-09 12:11:58.859881,can_tapper31,2026-06-09 12:11:58.859881,0.0,Engine starting command,Engine Status,status,"rgb(153,153,153)"
341,2026-06-09 12:11:58.859881,can_tapper31,2026-06-09 12:12:00.459330,1.599449,Engine running command,Engine Status,status,"rgb(153,153,153)"
341,2026-06-09 12:11:58.859881,can_tapper31,2026-06-09 12:12:00.758657,1.898776,Glow plugs preheating,Engine Heater Glow Plugs Status,Engine Heater Glow Plugs,"rgb(153,153,153)"
342,2026-06-09 12:41:20.906599,can_tapper31,2026-06-09 12:41:20.906599,0.0,Engine starting command,Engine Status,status,"rgb(228,26,28)"
342,2026-06-09 12:41:20.906599,can_tapper31,2026-06-09 12:41:22.624568,1.717969,Engine running command,Engine Status,status,"rgb(228,26,28)"
342,2026-06-09 12:41:20.906599,can_tapper31,2026-06-09 12:41:22.807475,1.900876,Glow plugs preheating,Engine Heater Glow Plugs Status,Engine Heater Glow Plugs,"rgb(228,26,28)"
343,2026-06-09 13:16:44.147736,can_tapper31,2026-06-09 13:16:44.147736,0.0,Engine starting command,Engine Status,status,"rgb(55,126,184)"
343,2026-06-09 13:16:44.147736,can_tapper31,2026-06-09 13:16:45.550615,1.402879,Engine running command,Engine Status,status,"rgb(55,126,184)"
343,2026-06-09 13:16:44.147736,can_tapper31,2026-06-09 13:16:46.144686,1.99695,Glow plugs preheating,Engine Heater Glow Plugs Status,Engine Heater Glow Plugs,"rgb(55,126,184)"
344,2026-06-09 14:23:37.705175,can_tapper31,2026-06-09 14:23:37.705175,0.0,Engine starting command,Engine Status,status,"rgb(77,175,74)"
344,2026-06-09 14:23:37.705175,can_tapper31,2026-06-09 14:23:39.305475,1.6003,Engine running command,Engine Status,status,"rgb(77,175,74)"
344,2026-06-09 14:23:37.705175,can_tapper31,2026-06-09 14:23:39.748674,2.043499,Glow plugs preheating,Engine Heater Glow Plugs Status,Engine Heater Glow Plugs,"rgb(77,175,74)"
345,2026-06-09 15:05:17.008792,can_tapper31,2026-06-09 15:05:17.008792,0.0,Engine starting command,Engine Status,status,"rgb(152,78,163)"
345,2026-06-09 15:05:17.008792,can_tapper31,2026-06-09 15:05:18.562062,1.55327,Engine running command,Engine Status,status,"rgb(152,78,163)"
345,2026-06-09 15:05:17.008792,can_tapper31,2026-06-09 15:05:18.906766,1.897974,Glow plugs preheating,Engine Heater Glow Plugs Status,Engine Heater Glow Plugs,"rgb(152,78,163)"
346,2026-06-09 16:27:15.311348,can_tapper31,2026-06-09 16:27:15.311348,0.0,Engine starting command,Engine Status,status,"rgb(255,127,0)"
346,2026-06-09 16:27:15.311348,can_tapper31,2026-06-09 16:27:16.955497,1.644149,Engine running command,Engine Status,status,"rgb(255,127,0)"
346,2026-06-09 16:27:15.311348,can_tapper31,2026-06-09 16:27:17.411398,2.10005,Glow plugs preheating,Engine Heater Glow Plugs Status,Engine Heater Glow Plugs,"rgb(255,127,0)"
347,2026-06-09 16:38:02.691541,can_tapper31,2026-06-09 16:38:02.691541,0.0,Engine starting command,Engine Status,status,"rgb(255,255,51)"
347,2026-06-09 16:38:02.691541,can_tapper31,2026-06-09 16:38:04.485340,1.793799,Engine running command,Engine Status,status,"rgb(255,255,51)"
347,2026-06-09 16:38:02.691541,can_tapper31,2026-06-09 16:38:04.663137,1.971596,Glow plugs preheating,Engine Heater Glow Plugs Status,Engine Heater Glow Plugs,"rgb(255,255,51)"
348,2026-06-09 17:12:10.734514,can_tapper31,2026-06-09 17:12:10.734514,0.0,Engine starting command,Engine Status,status,"rgb(166,86,40)"
348,2026-06-09 17:12:10.734514,can_tapper31,2026-06-09 17:12:12.297088,1.562574,Engine running command,Engine Status,status,"rgb(166,86,40)"
348,2026-06-09 17:12:10.734514,can_tapper31,2026-06-09 17:12:12.832586,2.098072,Glow plugs preheating,Engine Heater Glow Plugs Status,Engine Heater Glow Plugs,"rgb(166,86,40)"
349,2026-06-09 19:00:52.075116,can_tapper31,2026-06-09 19:00:52.075116,0.0,Engine starting command,Engine Status,status,"rgb(247,129,191)"
349,2026-06-09 19:00:52.075116,can_tapper31,2026-06-09 19:00:50.065385,-2.009731,Glow plugs preheating,Engine Heater Glow Plugs Status,Engine Heater Glow Plugs,"rgb(247,129,191)"
349,2026-06-09 19:00:52.075116,can_tapper31,2026-06-09 19:00:53.777566,1.70245,Engine running command,Engine Status,status,"rgb(247,129,191)"
350,2026-06-09 19:09:27.208340,can_tapper31,2026-06-09 19:09:27.208340,0.0,Engine starting command,Engine Status,status,"rgb(153,153,153)"
350,2026-06-09 19:09:27.208340,can_tapper31,2026-06-09 19:09:27.159763,-0.048577,Glow plugs preheating,Engine Heater Glow Plugs Status,Engine Heater Glow Plugs,"rgb(153,153,153)"
350,2026-06-09 19:09:27.208340,can_tapper31,2026-06-09 19:09:28.822164,1.613824,Engine running command,Engine Status,status,"rgb(153,153,153)"
351,2026-06-09 20:57:43.602291,can_tapper31,2026-06-09 20:57:43.602291,0.0,Engine starting command,Engine Status,status,"rgb(228,26,28)"
351,2026-06-09 20:57:43.602291,can_tapper31,2026-06-09 20:57:44.928557,1.326266,Engine running command,Engine Status,status,"rgb(228,26,28)"
351,2026-06-09 20:57:43.602291,can_tapper31,2026-06-09 20:57:45.654538,2.052247,Glow plugs preheating,Engine Heater Glow Plugs Status,Engine Heater Glow Plugs,"rgb(228,26,28)"
352,2026-06-09 21:56:53.751544,can_tapper31,2026-06-09 21:56:53.751544,0.0,Engine starting command,Engine Status,status,"rgb(55,126,184)"
352,2026-06-09 21:56:53.751544,can_tapper31,2026-06-09 21:56:55.205600,1.454056,Engine running command,Engine Status,status,"rgb(55,126,184)"
352,2026-06-09 21:56:53.751544,can_tapper31,2026-06-09 21:56:55.854750,2.103206,Glow plugs preheating,Engine Heater Glow Plugs Status,Engine Heater Glow Plugs,"rgb(55,126,184)"
353,2026-06-09 22:51:11.361960,can_tapper31,2026-06-09 22:51:11.361960,0.0,Engine starting command,Engine Status,status,"rgb(77,175,74)"
353,2026-06-09 22:51:11.361960,can_tapper31,2026-06-09 22:51:11.490188,0.128228,Glow plugs preheating,Engine Heater Glow Plugs Status,Engine Heater Glow Plugs,"rgb(77,175,74)"
353,2026-06-09 22:51:11.361960,can_tapper31,2026-06-09 22:51:13.121284,1.759324,Engine running command,Engine Status,status,"rgb(77,175,74)"
354,2026-06-10 05:32:16.147552,can_tapper31,2026-06-10 05:32:16.147552,0.0,Engine starting command,Engine Status,status,"rgb(152,78,163)"
354,2026-06-10 05:32:16.147552,can_tapper31,2026-06-10 05:32:17.846397,1.698845,Engine running command,Engine Status,status,"rgb(152,78,163)"
354,2026-06-10 05:32:16.147552,can_tapper31,2026-06-10 05:32:18.046443,1.898891,Glow plugs preheating,Engine Heater Glow Plugs Status,Engine Heater Glow Plugs,"rgb(152,78,163)"
355,2026-06-10 06:01:37.898093,can_tapper31,2026-06-10 06:01:37.898093,0.0,Engine starting command,Engine Status,status,"rgb(255,127,0)"
355,2026-06-10 06:01:37.898093,can_tapper31,2026-06-10 06:01:39.572534,1.674441,Engine running command,Engine Status,status,"rgb(255,127,0)"
355,2026-06-10 06:01:37.898093,can_tapper31,2026-06-10 06:01:39.998241,2.100148,Glow plugs preheating,Engine Heater Glow Plugs Status,Engine Heater Glow Plugs,"rgb(255,127,0)"
356,2026-06-10 07:09:05.706498,can_tapper31,2026-06-10 07:09:05.706498,0.0,Engine starting command,Engine Status,status,"rgb(255,255,51)"
356,2026-06-10 07:09:05.706498,can_tapper31,2026-06-10 07:09:07.194250,1.487752,Engine running command,Engine Status,status,"rgb(255,255,51)"
356,2026-06-10 07:09:05.706498,can_tapper31,2026-06-10 07:09:07.808547,2.102049,Glow plugs preheating,Engine Heater Glow Plugs Status,Engine Heater Glow Plugs,"rgb(255,255,51)"
357,2026-06-10 07:29:05.168996,can_tapper31,2026-06-10 07:29:05.168996,0.0,Engine starting command,Engine Status,status,"rgb(166,86,40)"
357,2026-06-10 07:29:05.168996,can_tapper31,2026-06-10 07:29:06.630256,1.46126,Engine running command,Engine Status,status,"rgb(166,86,40)"
357,2026-06-10 07:29:05.168996,can_tapper31,2026-06-10 07:29:07.267927,2.098931,Glow plugs preheating,Engine Heater Glow Plugs Status,Engine Heater Glow Plugs,"rgb(166,86,40)"
358,2026-06-10 07:47:23.538134,can_tapper31,2026-06-10 07:47:23.538134,0.0,Engine starting command,Engine Status,status,"rgb(247,129,191)"
358,2026-06-10 07:47:23.538134,can_tapper31,2026-06-10 07:47:25.202937,1.664803,Engine running command,Engine Status,status,"rgb(247,129,191)"
358,2026-06-10 07:47:23.538134,can_tapper31,2026-06-10 07:47:25.636865,2.098731,Glow plugs preheating,Engine Heater Glow Plugs Status,Engine Heater Glow Plugs,"rgb(247,129,191)"
359,2026-06-10 08:20:55.758629,can_tapper31,2026-06-10 08:20:55.758629,0.0,Engine starting command,Engine Status,status,"rgb(153,153,153)"
359,2026-06-10 08:20:55.758629,can_tapper31,2026-06-10 08:20:57.451557,1.692928,Engine running command,Engine Status,status,"rgb(153,153,153)"
359,2026-06-10 08:20:55.758629,can_tapper31,2026-06-10 08:20:57.759084,2.000455,Glow plugs preheating,Engine Heater Glow Plugs Status,Engine Heater Glow Plugs,"rgb(153,153,153)"
360,2026-06-10 08:25:55.480009,can_tapper31,2026-06-10 08:25:55.480009,0.0,Engine starting command,Engine Status,status,"rgb(228,26,28)"
360,2026-06-10 08:25:55.480009,can_tapper31,2026-06-10 08:25:57.265902,1.785893,Engine running command,Engine Status,status,"rgb(228,26,28)"
360,2026-06-10 08:25:55.480009,can_tapper31,2026-06-10 08:25:57.375375,1.895366,Glow plugs preheating,Engine Heater Glow Plugs Status,Engine Heater Glow Plugs,"rgb(228,26,28)"
361,2026-06-10 08:55:31.421450,can_tapper31,2026-06-10 08:55:31.421450,0.0,Engine starting command,Engine Status,status,"rgb(55,126,184)"
361,2026-06-10 08:55:31.421450,can_tapper31,2026-06-10 08:55:33.089756,1.668306,Engine running command,Engine Status,status,"rgb(55,126,184)"
361,2026-06-10 08:55:31.421450,can_tapper31,2026-06-10 08:55:33.420025,1.998575,Glow plugs preheating,Engine Heater Glow Plugs Status,Engine Heater Glow Plugs,"rgb(55,126,184)"
362,2026-06-10 09:15:21.384518,can_tapper31,2026-06-10 09:15:21.384518,0.0,Engine starting command,Engine Status,status,"rgb(77,175,74)"
362,2026-06-10 09:15:21.384518,can_tapper31,2026-06-10 09:15:22.916121,1.531603,Engine running command,Engine Status,status,"rgb(77,175,74)"
362,2026-06-10 09:15:21.384518,can_tapper31,2026-06-10 09:15:23.283387,1.898869,Glow plugs preheating,Engine Heater Glow Plugs Status,Engine Heater Glow Plugs,"rgb(77,175,74)"
363,2026-06-10 09:17:23.788914,can_tapper31,2026-06-10 09:17:23.788914,0.0,Engine starting command,Engine Status,status,"rgb(152,78,163)"
363,2026-06-10 09:17:23.788914,can_tapper31,2026-06-10 09:17:25.708343,1.919429,Engine running command,Engine Status,status,"rgb(152,78,163)"
363,2026-06-10 09:17:23.788914,can_tapper31,2026-06-10 09:17:25.820971,2.032057,Glow plugs preheating,Engine Heater Glow Plugs Status,Engine Heater Glow Plugs,"rgb(152,78,163)"
364,2026-06-10 09:21:53.783030,can_tapper31,2026-06-10 09:21:53.783030,0.0,Engine starting command,Engine Status,status,"rgb(255,127,0)"
364,2026-06-10 09:21:53.783030,can_tapper31,2026-06-10 09:21:55.383280,1.60025,Engine running command,Engine Status,status,"rgb(255,127,0)"
364,2026-06-10 09:21:53.783030,can_tapper31,2026-06-10 09:21:55.804155,2.021125,Glow plugs preheating,Engine Heater Glow Plugs Status,Engine Heater Glow Plugs,"rgb(255,127,0)"
365,2026-06-10 09:37:20.376602,can_tapper31,2026-06-10 09:37:20.376602,0.0,Engine starting command,Engine Status,status,"rgb(255,255,51)"
365,2026-06-10 09:37:20.376602,can_tapper31,2026-06-10 09:37:21.803376,1.426774,Engine running command,Engine Status,status,"rgb(255,255,51)"
365,2026-06-10 09:37:20.376602,can_tapper31,2026-06-10 09:37:22.472850,2.096248,Glow plugs preheating,Engine Heater Glow Plugs Status,Engine Heater Glow Plugs,"rgb(255,255,51)"
366,2026-06-10 10:48:47.399387,can_tapper31,2026-06-10 10:48:47.399387,0.0,Engine starting command,Engine Status,status,"rgb(166,86,40)"
366,2026-06-10 10:48:47.399387,can_tapper31,2026-06-10 10:48:48.826778,1.427391,Engine running command,Engine Status,status,"rgb(166,86,40)"
366,2026-06-10 10:48:47.399387,can_tapper31,2026-06-10 10:48:49.405266,2.005879,Glow plugs preheating,Engine Heater Glow Plugs Status,Engine Heater Glow Plugs,"rgb(166,86,40)"
367,2026-06-10 13:00:54.208750,can_tapper31,2026-06-10 13:00:54.208750,0.0,Engine starting command,Engine Status,status,"rgb(247,129,191)"
367,2026-06-10 13:00:54.208750,can_tapper31,2026-06-10 13:00:55.865781,1.657031,Engine running command,Engine Status,status,"rgb(247,129,191)"
367,2026-06-10 13:00:54.208750,can_tapper31,2026-06-10 13:00:56.207307,1.998557,Glow plugs preheating,Engine Heater Glow Plugs Status,Engine Heater Glow Plugs,"rgb(247,129,191)"
368,2026-06-10 13:59:05.459068,can_tapper31,2026-06-10 13:59:05.459068,0.0,Engine starting command,Engine Status,status,"rgb(153,153,153)"
368,2026-06-10 13:59:05.459068,can_tapper31,2026-06-10 13:59:05.059544,-0.399524,Glow plugs preheating,Engine Heater Glow Plugs Status,Engine Heater Glow Plugs,"rgb(153,153,153)"
368,2026-06-10 13:59:05.459068,can_tapper31,2026-06-10 13:59:07.303773,1.844705,Engine running command,Engine Status,status,"rgb(153,153,153)"
369,2026-06-10 15:48:11.670212,can_tapper31,2026-06-10 15:48:11.670212,0.0,Engine starting command,Engine Status,status,"rgb(228,26,28)"
369,2026-06-10 15:48:11.670212,can_tapper31,2026-06-10 15:48:13.212586,1.542374,Engine running command,Engine Status,status,"rgb(228,26,28)"
369,2026-06-10 15:48:11.670212,can_tapper31,2026-06-10 15:48:13.635368,1.965156,Glow plugs preheating,Engine Heater Glow Plugs Status,Engine Heater Glow Plugs,"rgb(228,26,28)"
370,2026-06-10 17:14:25.135498,can_tapper31,2026-06-10 17:14:25.135498,0.0,Engine starting command,Engine Status,status,"rgb(55,126,184)"
370,2026-06-10 17:14:25.135498,can_tapper31,2026-06-10 17:14:26.662896,1.527398,Engine running command,Engine Status,status,"rgb(55,126,184)"
370,2026-06-10 17:14:25.135498,can_tapper31,2026-06-10 17:14:27.232773,2.097275,Glow plugs preheating,Engine Heater Glow Plugs Status,Engine Heater Glow Plugs,"rgb(55,126,184)"
371,2026-06-10 18:53:55.884150,can_tapper31,2026-06-10 18:53:55.884150,0.0,Engine starting command,Engine Status,status,"rgb(77,175,74)"
371,2026-06-10 18:53:55.884150,can_tapper31,2026-06-10 18:53:57.134684,1.250534,Engine running command,Engine Status,status,"rgb(77,175,74)"
371,2026-06-10 18:53:55.884150,can_tapper31,2026-06-10 18:53:57.859324,1.975174,Glow plugs preheating,Engine Heater Glow Plugs Status,Engine Heater Glow Plugs,"rgb(77,175,74)"
372,2026-06-10 19:57:38.152978,can_tapper31,2026-06-10 19:57:38.152978,0.0,Engine starting command,Engine Status,status,"rgb(152,78,163)"
372,2026-06-10 19:57:38.152978,can_tapper31,2026-06-10 19:57:39.871102,1.718124,Engine running command,Engine Status,status,"rgb(152,78,163)"
372,2026-06-10 19:57:38.152978,can_tapper31,2026-06-10 19:57:40.155391,2.002413,Glow plugs preheating,Engine Heater Glow Plugs Status,Engine Heater Glow Plugs,"rgb(152,78,163)"
373,2026-06-10 20:46:33.913649,can_tapper31,2026-06-10 20:46:33.913649,0.0,Engine starting command,Engine Status,status,"rgb(255,127,0)"
373,2026-06-10 20:46:33.913649,can_tapper31,2026-06-10 20:46:35.549848,1.636199,Engine running command,Engine Status,status,"rgb(255,127,0)"
373,2026-06-10 20:46:33.913649,can_tapper31,2026-06-10 20:46:35.914050,2.000401,Glow plugs preheating,Engine Heater Glow Plugs Status,Engine Heater Glow Plugs,"rgb(255,127,0)"
374,2026-06-10 20:51:45.208649,can_tapper31,2026-06-10 20:51:45.208649,0.0,Engine starting command,Engine Status,status,"rgb(255,255,51)"
374,2026-06-10 20:51:45.208649,can_tapper31,2026-06-10 20:51:46.685141,1.476492,Engine running command,Engine Status,status,"rgb(255,255,51)"
374,2026-06-10 20:51:45.208649,can_tapper31,2026-06-10 20:51:47.207369,1.99872,Glow plugs preheating,Engine Heater Glow Plugs Status,Engine Heater Glow Plugs,"rgb(255,255,51)"
375,2026-06-10 22:35:38.383901,can_tapper31,2026-06-10 22:35:38.383901,0.0,Engine starting command,Engine Status,status,"rgb(166,86,40)"
375,2026-06-10 22:35:38.383901,can_tapper31,2026-06-10 22:35:40.246254,1.862353,Engine running command,Engine Status,status,"rgb(166,86,40)"
375,2026-06-10 22:35:38.383901,can_tapper31,2026-06-10 22:35:40.384074,2.000173,Glow plugs preheating,Engine Heater Glow Plugs Status,Engine Heater Glow Plugs,"rgb(166,86,40)"
376,2026-06-11 00:02:10.788603,can_tapper31,2026-06-11 00:02:10.788603,0.0,Engine starting command,Engine Status,status,"rgb(247,129,191)"
376,2026-06-11 00:02:10.788603,can_tapper31,2026-06-11 00:02:12.251980,1.463377,Engine running command,Engine Status,status,"rgb(247,129,191)"
376,2026-06-11 00:02:10.788603,can_tapper31,2026-06-11 00:02:12.888133,2.09953,Glow plugs preheating,Engine Heater Glow Plugs Status,Engine Heater Glow Plugs,"rgb(247,129,191)"
377,2026-06-11 05:48:17.039525,can_tapper31,2026-06-11 05:48:17.039525,0.0,Engine starting command,Engine Status,status,"rgb(153,153,153)"
377,2026-06-11 05:48:17.039525,can_tapper31,2026-06-11 05:48:18.699195,1.65967,Engine running command,Engine Status,status,"rgb(153,153,153)"
377,2026-06-11 05:48:17.039525,can_tapper31,2026-06-11 05:48:19.037624,1.998099,Glow plugs preheating,Engine Heater Glow Plugs Status,Engine Heater Glow Plugs,"rgb(153,153,153)"
378,2026-06-11 07:48:13.922497,can_tapper31,2026-06-11 07:48:13.922497,0.0,Engine starting command,Engine Status,status,"rgb(228,26,28)"
378,2026-06-11 07:48:13.922497,can_tapper31,2026-06-11 07:48:15.472596,1.550099,Engine running command,Engine Status,status,"rgb(228,26,28)"
378,2026-06-11 07:48:13.922497,can_tapper31,2026-06-11 07:48:15.954072,2.031575,Glow plugs preheating,Engine Heater Glow Plugs Status,Engine Heater Glow Plugs,"rgb(228,26,28)"
379,2026-06-11 10:31:47.140160,can_tapper31,2026-06-11 10:31:47.140160,0.0,Engine starting command,Engine Status,status,"rgb(55,126,184)"
379,2026-06-11 10:31:47.140160,can_tapper31,2026-06-11 10:31:48.978311,1.838151,Engine running command,Engine Status,status,"rgb(55,126,184)"
379,2026-06-11 10:31:47.140160,can_tapper31,2026-06-11 10:31:49.138236,1.998076,Glow plugs preheating,Engine Heater Glow Plugs Status,Engine Heater Glow Plugs,"rgb(55,126,184)"
380,2026-06-11 12:43:08.956730,can_tapper31,2026-06-11 12:43:08.956730,0.0,Engine starting command,Engine Status,status,"rgb(77,175,74)"
380,2026-06-11 12:43:08.956730,can_tapper31,2026-06-11 12:43:10.650851,1.694121,Engine running command,Engine Status,status,"rgb(77,175,74)"
380,2026-06-11 12:43:08.956730,can_tapper31,2026-06-11 12:43:11.056030,2.0993,Glow plugs preheating,Engine Heater Glow Plugs Status,Engine Heater Glow Plugs,"rgb(77,175,74)"
381,2026-06-11 13:10:48.715598,can_tapper31,2026-06-11 13:10:48.715598,0.0,Engine starting command,Engine Status,status,"rgb(152,78,163)"
381,2026-06-11 13:10:48.715598,can_tapper31,2026-06-11 13:10:50.396616,1.681018,Engine running command,Engine Status,status,"rgb(152,78,163)"
381,2026-06-11 13:10:48.715598,can_tapper31,2026-06-11 13:10:50.614999,1.899401,Glow plugs preheating,Engine Heater Glow Plugs Status,Engine Heater Glow Plugs,"rgb(152,78,163)"
382,2026-06-11 13:55:05.301413,can_tapper31,2026-06-11 13:55:05.301413,0.0,Engine starting command,Engine Status,status,"rgb(255,127,0)"
382,2026-06-11 13:55:05.301413,can_tapper31,2026-06-11 13:55:07.027813,1.7264,Engine running command,Engine Status,status,"rgb(255,127,0)"
382,2026-06-11 13:55:05.301413,can_tapper31,2026-06-11 13:55:07.300214,1.998801,Glow plugs preheating,Engine Heater Glow Plugs Status,Engine Heater Glow Plugs,"rgb(255,127,0)"
383,2026-06-11 15:41:17.525388,can_tapper31,2026-06-11 15:41:17.525388,0.0,Engine starting command,Engine Status,status,"rgb(255,255,51)"
383,2026-06-11 15:41:17.525388,can_tapper31,2026-06-11 15:41:19.089564,1.564176,Engine running command,Engine Status,status,"rgb(255,255,51)"
383,2026-06-11 15:41:17.525388,can_tapper31,2026-06-11 15:41:19.529313,2.003925,Glow plugs preheating,Engine Heater Glow Plugs Status,Engine Heater Glow Plugs,"rgb(255,255,51)"
384,2026-06-11 16:00:49.167509,can_tapper31,2026-06-11 16:00:49.167509,0.0,Engine starting command,Engine Status,status,"rgb(166,86,40)"
384,2026-06-11 16:00:49.167509,can_tapper31,2026-06-11 16:00:50.709535,1.542026,Engine running command,Engine Status,status,"rgb(166,86,40)"
384,2026-06-11 16:00:49.167509,can_tapper31,2026-06-11 16:00:51.265236,2.097727,Glow plugs preheating,Engine Heater Glow Plugs Status,Engine Heater Glow Plugs,"rgb(166,86,40)"
385,2026-06-11 16:11:35.011101,can_tapper31,2026-06-11 16:11:35.011101,0.0,Engine starting command,Engine Status,status,"rgb(247,129,191)"
385,2026-06-11 16:11:35.011101,can_tapper31,2026-06-11 16:11:36.829028,1.817927,Engine running command,Engine Status,status,"rgb(247,129,191)"
385,2026-06-11 16:11:35.011101,can_tapper31,2026-06-11 16:11:36.971385,1.960284,Glow plugs preheating,Engine Heater Glow Plugs Status,Engine Heater Glow Plugs,"rgb(247,129,191)"
386,2026-06-11 19:18:32.190916,can_tapper31,2026-06-11 19:18:32.190916,0.0,Engine starting command,Engine Status,status,"rgb(153,153,153)"
386,2026-06-11 19:18:32.190916,can_tapper31,2026-06-11 19:18:34.018633,1.827717,Engine running command,Engine Status,status,"rgb(153,153,153)"
386,2026-06-11 19:18:32.190916,can_tapper31,2026-06-11 19:18:34.088840,1.897924,Glow plugs preheating,Engine Heater Glow Plugs Status,Engine Heater Glow Plugs,"rgb(153,153,153)"
387,2026-06-11 19:36:33.178509,can_tapper31,2026-06-11 19:36:33.178509,0.0,Engine starting command,Engine Status,status,"rgb(228,26,28)"
387,2026-06-11 19:36:33.178509,can_tapper31,2026-06-11 19:36:34.652985,1.474476,Engine running command,Engine Status,status,"rgb(228,26,28)"
387,2026-06-11 19:36:33.178509,can_tapper31,2026-06-11 19:36:35.277435,2.098926,Glow plugs preheating,Engine Heater Glow Plugs Status,Engine Heater Glow Plugs,"rgb(228,26,28)"
388,2026-06-11 19:38:52.973161,can_tapper31,2026-06-11 19:38:52.973161,0.0,Engine starting command,Engine Status,status,"rgb(55,126,184)"
388,2026-06-11 19:38:52.973161,can_tapper31,2026-06-11 19:38:54.806334,1.833173,Engine running command,Engine Status,status,"rgb(55,126,184)"
388,2026-06-11 19:38:52.973161,can_tapper31,2026-06-11 19:38:54.977984,2.004823,Glow plugs preheating,Engine Heater Glow Plugs Status,Engine Heater Glow Plugs,"rgb(55,126,184)"
389,2026-06-11 20:23:09.454026,can_tapper31,2026-06-11 20:23:09.454026,0.0,Engine starting command,Engine Status,status,"rgb(77,175,74)"
389,2026-06-11 20:23:09.454026,can_tapper31,2026-06-11 20:23:11.153018,1.698992,Engine running command,Engine Status,status,"rgb(77,175,74)"
389,2026-06-11 20:23:09.454026,can_tapper31,2026-06-11 20:23:11.480376,2.02635,Glow plugs preheating,Engine Heater Glow Plugs Status,Engine Heater Glow Plugs,"rgb(77,175,74)"
390,2026-06-11 20:40:29.607747,can_tapper31,2026-06-11 20:40:29.607747,0.0,Engine starting command,Engine Status,status,"rgb(152,78,163)"
390,2026-06-11 20:40:29.607747,can_tapper31,2026-06-11 20:40:31.331795,1.724048,Engine running command,Engine Status,status,"rgb(152,78,163)"
390,2026-06-11 20:40:29.607747,can_tapper31,2026-06-11 20:40:31.605444,1.997697,Glow plugs preheating,Engine Heater Glow Plugs Status,Engine Heater Glow Plugs,"rgb(152,78,163)"
391,2026-06-11 21:10:52.466438,can_tapper31,2026-06-11 21:10:52.466438,0.0,Engine starting command,Engine Status,status,"rgb(255,127,0)"
391,2026-06-11 21:10:52.466438,can_tapper31,2026-06-11 21:10:54.321569,1.855131,Engine running command,Engine Status,status,"rgb(255,127,0)"
391,2026-06-11 21:10:52.466438,can_tapper31,2026-06-11 21:10:54.469813,2.003375,Glow plugs preheating,Engine Heater Glow Plugs Status,Engine Heater Glow Plugs,"rgb(255,127,0)"
392,2026-06-11 21:28:31.720532,can_tapper31,2026-06-11 21:28:31.720532,0.0,Engine starting command,Engine Status,status,"rgb(255,255,51)"
392,2026-06-11 21:28:31.720532,can_tapper31,2026-06-11 21:28:33.394415,1.673883,Engine running command,Engine Status,status,"rgb(255,255,51)"
392,2026-06-11 21:28:31.720532,can_tapper31,2026-06-11 21:28:33.619080,1.898548,Glow plugs preheating,Engine Heater Glow Plugs Status,Engine Heater Glow Plugs,"rgb(255,255,51)"
393,2026-06-12 05:05:51.814280,can_tapper31,2026-06-12 05:05:51.814280,0.0,Engine starting command,Engine Status,status,"rgb(166,86,40)"
393,2026-06-12 05:05:51.814280,can_tapper31,2026-06-12 05:05:53.602741,1.788461,Engine running command,Engine Status,status,"rgb(166,86,40)"
393,2026-06-12 05:05:51.814280,can_tapper31,2026-06-12 05:05:53.857364,2.043084,Glow plugs preheating,Engine Heater Glow Plugs Status,Engine Heater Glow Plugs,"rgb(166,86,40)"
394,2026-06-12 07:56:36.737491,can_tapper31,2026-06-12 07:56:36.737491,0.0,Engine starting command,Engine Status,status,"rgb(247,129,191)"
394,2026-06-12 07:56:36.737491,can_tapper31,2026-06-12 07:56:38.418561,1.68107,Engine running command,Engine Status,status,"rgb(247,129,191)"
394,2026-06-12 07:56:36.737491,can_tapper31,2026-06-12 07:56:38.846392,2.108901,Glow plugs preheating,Engine Heater Glow Plugs Status,Engine Heater Glow Plugs,"rgb(247,129,191)"
395,2026-06-12 09:53:43.790138,can_tapper31,2026-06-12 09:53:43.790138,0.0,Engine starting command,Engine Status,status,"rgb(153,153,153)"
395,2026-06-12 09:53:43.790138,can_tapper31,2026-06-12 09:53:45.475758,1.68562,Engine running command,Engine Status,status,"rgb(153,153,153)"
395,2026-06-12 09:53:43.790138,can_tapper31,2026-06-12 09:53:45.690143,1.900005,Glow plugs preheating,Engine Heater Glow Plugs Status,Engine Heater Glow Plugs,"rgb(153,153,153)"
396,2026-06-12 10:17:01.882457,can_tapper31,2026-06-12 10:17:01.882457,0.0,Engine starting command,Engine Status,status,"rgb(228,26,28)"
396,2026-06-12 10:17:01.882457,can_tapper31,2026-06-12 10:17:03.456258,1.573801,Engine running command,Engine Status,status,"rgb(228,26,28)"
396,2026-06-12 10:17:01.882457,can_tapper31,2026-06-12 10:17:03.980685,2.098228,Glow plugs preheating,Engine Heater Glow Plugs Status,Engine Heater Glow Plugs,"rgb(228,26,28)"
397,2026-06-12 13:56:21.288258,can_tapper31,2026-06-12 13:56:21.288258,0.0,Engine starting command,Engine Status,status,"rgb(55,126,184)"
397,2026-06-12 13:56:21.288258,can_tapper31,2026-06-12 13:56:22.901834,1.613576,Engine running command,Engine Status,status,"rgb(55,126,184)"
397,2026-06-12 13:56:21.288258,can_tapper31,2026-06-12 13:56:23.388784,2.100526,Glow plugs preheating,Engine Heater Glow Plugs Status,Engine Heater Glow Plugs,"rgb(55,126,184)"
398,2026-06-12 19:12:09.857535,can_tapper31,2026-06-12 19:12:09.857535,0.0,Engine starting command,Engine Status,status,"rgb(77,175,74)"
398,2026-06-12 19:12:09.857535,can_tapper31,2026-06-12 19:12:11.384911,1.527376,Engine running command,Engine Status,status,"rgb(77,175,74)"
398,2026-06-12 19:12:09.857535,can_tapper31,2026-06-12 19:12:11.757660,1.900125,Glow plugs preheating,Engine Heater Glow Plugs Status,Engine Heater Glow Plugs,"rgb(77,175,74)"
399,2026-06-12 20:25:50.606670,can_tapper31,2026-06-12 20:25:50.606670,0.0,Engine starting command,Engine Status,status,"rgb(152,78,163)"
399,2026-06-12 20:25:50.606670,can_tapper31,2026-06-12 20:25:52.266644,1.659974,Engine running command,Engine Status,status,"rgb(152,78,163)"
399,2026-06-12 20:25:50.606670,can_tapper31,2026-06-12 20:25:52.505019,1.898349,Glow plugs preheating,Engine Heater Glow Plugs Status,Engine Heater Glow Plugs,"rgb(152,78,163)"
400,2026-06-12 20:50:06.786990,can_tapper31,2026-06-12 20:50:06.786990,0.0,Engine starting command,Engine Status,status,"rgb(255,127,0)"
400,2026-06-12 20:50:06.786990,can_tapper31,2026-06-12 20:50:08.488042,1.701052,Engine running command,Engine Status,status,"rgb(255,127,0)"
400,2026-06-12 20:50:06.786990,can_tapper31,2026-06-12 20:50:08.885462,2.098472,Glow plugs preheating,Engine Heater Glow Plugs Status,Engine Heater Glow Plugs,"rgb(255,127,0)"
401,2026-06-12 20:52:14.890688,can_tapper31,2026-06-12 20:52:14.890688,0.0,Engine starting command,Engine Status,status,"rgb(255,255,51)"
401,2026-06-12 20:52:14.890688,can_tapper31,2026-06-12 20:52:16.426413,1.535725,Engine running command,Engine Status,status,"rgb(255,255,51)"
401,2026-06-12 20:52:14.890688,can_tapper31,2026-06-12 20:52:16.989213,2.098525,Glow plugs preheating,Engine Heater Glow Plugs Status,Engine Heater Glow Plugs,"rgb(255,255,51)"
402,2026-06-12 21:03:20.048336,can_tapper31,2026-06-12 21:03:20.048336,0.0,Engine starting command,Engine Status,status,"rgb(166,86,40)"
402,2026-06-12 21:03:20.048336,can_tapper31,2026-06-12 21:03:21.608554,1.560218,Engine running command,Engine Status,status,"rgb(166,86,40)"
402,2026-06-12 21:03:20.048336,can_tapper31,2026-06-12 21:03:22.148618,2.100282,Glow plugs preheating,Engine Heater Glow Plugs Status,Engine Heater Glow Plugs,"rgb(166,86,40)"
403,2026-06-12 21:37:33.259548,can_tapper31,2026-06-12 21:37:33.259548,0.0,Engine starting command,Engine Status,status,"rgb(247,129,191)"
403,2026-06-12 21:37:33.259548,can_tapper31,2026-06-12 21:37:34.824021,1.564473,Engine running command,Engine Status,status,"rgb(247,129,191)"
403,2026-06-12 21:37:33.259548,can_tapper31,2026-06-12 21:37:35.257429,1.997881,Glow plugs preheating,Engine Heater Glow Plugs Status,Engine Heater Glow Plugs,"rgb(247,129,191)"
404,2026-06-12 21:52:00.719875,can_tapper31,2026-06-12 21:52:00.719875,0.0,Engine starting command,Engine Status,status,"rgb(153,153,153)"
404,2026-06-12 21:52:00.719875,can_tapper31,2026-06-12 21:52:02.456975,1.7371,Engine running command,Engine Status,status,"rgb(153,153,153)"
404,2026-06-12 21:52:00.719875,can_tapper31,2026-06-12 21:52:02.618574,1.898699,Glow plugs preheating,Engine Heater Glow Plugs Status,Engine Heater Glow Plugs,"rgb(153,153,153)"
405,2026-06-13 16:23:00.480395,can_tapper31,2026-06-13 16:23:00.480395,0.0,Engine starting command,Engine Status,status,"rgb(228,26,28)"
405,2026-06-13 16:23:00.480395,can_tapper31,2026-06-13 16:23:02.200525,1.72013,Engine running command,Engine Status,status,"rgb(228,26,28)"
405,2026-06-13 16:23:00.480395,can_tapper31,2026-06-13 16:23:02.397470,1.917075,Glow plugs preheating,Engine Heater Glow Plugs Status,Engine Heater Glow Plugs,"rgb(228,26,28)"
406,2026-06-13 17:36:59.718993,can_tapper31,2026-06-13 17:36:59.718993,0.0,Engine starting command,Engine Status,status,"rgb(55,126,184)"
406,2026-06-13 17:36:59.718993,can_tapper31,2026-06-13 17:37:01.275765,1.556772,Engine running command,Engine Status,status,"rgb(55,126,184)"
406,2026-06-13 17:36:59.718993,can_tapper31,2026-06-13 17:37:01.716644,1.997651,Glow plugs preheating,Engine Heater Glow Plugs Status,Engine Heater Glow Plugs,"rgb(55,126,184)"
407,2026-06-13 19:28:06.289819,can_tapper31,2026-06-13 19:28:06.289819,0.0,Engine starting command,Engine Status,status,"rgb(77,175,74)"
407,2026-06-13 19:28:06.289819,can_tapper31,2026-06-13 19:28:08.178765,1.888946,Engine running command,Engine Status,status,"rgb(77,175,74)"
407,2026-06-13 19:28:06.289819,can_tapper31,2026-06-13 19:28:08.255889,1.96607,Glow plugs preheating,Engine Heater Glow Plugs Status,Engine Heater Glow Plugs,"rgb(77,175,74)"
408,2026-06-13 19:30:55.621818,can_tapper31,2026-06-13 19:30:55.621818,0.0,Engine starting command,Engine Status,status,"rgb(152,78,163)"
408,2026-06-13 19:30:55.621818,can_tapper31,2026-06-13 19:30:53.517519,-2.104299,Glow plugs preheating,Engine Heater Glow Plugs Status,Engine Heater Glow Plugs,"rgb(152,78,163)"
408,2026-06-13 19:30:55.621818,can_tapper31,2026-06-13 19:30:57.155610,1.533792,Engine running command,Engine Status,status,"rgb(152,78,163)"
409,2026-06-13 21:00:33.836446,can_tapper31,2026-06-13 21:00:33.836446,0.0,Engine starting command,Engine Status,status,"rgb(255,127,0)"
409,2026-06-13 21:00:33.836446,can_tapper31,2026-06-13 21:00:35.474120,1.637674,Engine running command,Engine Status,status,"rgb(255,127,0)"
409,2026-06-13 21:00:33.836446,can_tapper31,2026-06-13 21:00:37.462746,3.6263,Glow plugs preheating,Engine Heater Glow Plugs Status,Engine Heater Glow Plugs,"rgb(255,127,0)"
410,2026-06-13 22:04:27.936808,can_tapper31,2026-06-13 22:04:27.936808,0.0,Engine starting command,Engine Status,status,"rgb(255,255,51)"
410,2026-06-13 22:04:27.936808,can_tapper31,2026-06-13 22:04:29.735779,1.798971,Engine running command,Engine Status,status,"rgb(255,255,51)"
410,2026-06-13 22:04:27.936808,can_tapper31,2026-06-13 22:04:29.835107,1.898299,Glow plugs preheating,Engine Heater Glow Plugs Status,Engine Heater Glow Plugs,"rgb(255,255,51)"
411,2026-06-13 22:37:14.987099,can_tapper31,2026-06-13 22:37:14.987099,0.0,Engine starting command,Engine Status,status,"rgb(166,86,40)"
411,2026-06-13 22:37:14.987099,can_tapper31,2026-06-13 22:37:16.694579,1.70748,Engine running command,Engine Status,status,"rgb(166,86,40)"
411,2026-06-13 22:37:14.987099,can_tapper31,2026-06-13 22:37:16.988493,2.001394,Glow plugs preheating,Engine Heater Glow Plugs Status,Engine Heater Glow Plugs,"rgb(166,86,40)"
412,2026-06-13 22:47:07.300198,can_tapper31,2026-06-13 22:47:07.300198,0.0,Engine starting command,Engine Status,status,"rgb(247,129,191)"
412,2026-06-13 22:47:07.300198,can_tapper31,2026-06-13 22:47:08.997902,1.697704,Engine running command,Engine Status,status,"rgb(247,129,191)"
412,2026-06-13 22:47:07.300198,can_tapper31,2026-06-13 22:47:09.298423,1.998225,Glow plugs preheating,Engine Heater Glow Plugs Status,Engine Heater Glow Plugs,"rgb(247,129,191)"
413,2026-06-13 23:00:01.368435,can_tapper31,2026-06-13 23:00:01.368435,0.0,Engine starting command,Engine Status,status,"rgb(153,153,153)"
413,2026-06-13 23:00:01.368435,can_tapper31,2026-06-13 23:00:02.688545,1.32011,Engine running command,Engine Status,status,"rgb(153,153,153)"
413,2026-06-13 23:00:01.368435,can_tapper31,2026-06-13 23:00:03.464566,2.096131,Glow plugs preheating,Engine Heater Glow Plugs Status,Engine Heater Glow Plugs,"rgb(153,153,153)"
414,2026-06-13 23:22:11.680320,can_tapper31,2026-06-13 23:22:11.680320,0.0,Engine starting command,Engine Status,status,"rgb(228,26,28)"
414,2026-06-13 23:22:11.680320,can_tapper31,2026-06-13 23:22:09.870033,-1.810287,Glow plugs preheating,Engine Heater Glow Plugs Status,Engine Heater Glow Plugs,"rgb(228,26,28)"
414,2026-06-13 23:22:11.680320,can_tapper31,2026-06-13 23:22:13.011305,1.330985,Engine running command,Engine Status,status,"rgb(228,26,28)"
415,2026-06-14 07:42:44.343058,can_tapper31,2026-06-14 07:42:44.343058,0.0,Engine starting command,Engine Status,status,"rgb(55,126,184)"
415,2026-06-14 07:42:44.343058,can_tapper31,2026-06-14 07:42:46.082281,1.739223,Engine running command,Engine Status,status,"rgb(55,126,184)"
415,2026-06-14 07:42:44.343058,can_tapper31,2026-06-14 07:42:46.282008,1.93895,Glow plugs preheating,Engine Heater Glow Plugs Status,Engine Heater Glow Plugs,"rgb(55,126,184)"
416,2026-06-14 10:44:08.949916,can_tapper31,2026-06-14 10:44:08.949916,0.0,Engine starting command,Engine Status,status,"rgb(77,175,74)"
416,2026-06-14 10:44:08.949916,can_tapper31,2026-06-14 10:44:10.502990,1.553074,Engine running command,Engine Status,status,"rgb(77,175,74)"
416,2026-06-14 10:44:08.949916,can_tapper31,2026-06-14 10:44:10.952368,2.002452,Glow plugs preheating,Engine Heater Glow Plugs Status,Engine Heater Glow Plugs,"rgb(77,175,74)"
417,2026-06-14 13:25:14.984453,can_tapper31,2026-06-14 13:25:14.984453,0.0,Engine starting command,Engine Status,status,"rgb(152,78,163)"
417,2026-06-14 13:25:14.984453,can_tapper31,2026-06-14 13:25:16.632203,1.64775,Engine running command,Engine Status,status,"rgb(152,78,163)"
417,2026-06-14 13:25:14.984453,can_tapper31,2026-06-14 13:25:17.083484,2.099031,Glow plugs preheating,Engine Heater Glow Plugs Status,Engine Heater Glow Plugs,"rgb(152,78,163)"
418,2026-06-14 14:50:06.206308,can_tapper31,2026-06-14 14:50:06.206308,0.0,Engine starting command,Engine Status,status,"rgb(255,127,0)"
418,2026-06-14 14:50:06.206308,can_tapper31,2026-06-14 14:50:04.198188,-2.00812,Glow plugs preheating,Engine Heater Glow Plugs Status,Engine Heater Glow Plugs,"rgb(255,127,0)"
418,2026-06-14 14:50:06.206308,can_tapper31,2026-06-14 14:50:07.734257,1.527949,Engine running command,Engine Status,status,"rgb(255,127,0)"
419,2026-06-14 16:45:40.683457,can_tapper31,2026-06-14 16:45:40.683457,0.0,Engine starting command,Engine Status,status,"rgb(255,255,51)"
419,2026-06-14 16:45:40.683457,can_tapper31,2026-06-14 16:45:42.399730,1.716273,Engine running command,Engine Status,status,"rgb(255,255,51)"
419,2026-06-14 16:45:40.683457,can_tapper31,2026-06-14 16:45:42.681407,1.99795,Glow plugs preheating,Engine Heater Glow Plugs Status,Engine Heater Glow Plugs,"rgb(255,255,51)"
420,2026-06-14 17:06:46.402655,can_tapper31,2026-06-14 17:06:46.402655,0.0,Engine starting command,Engine Status,status,"rgb(166,86,40)"
420,2026-06-14 17:06:46.402655,can_tapper31,2026-06-14 17:06:48.364502,1.961847,Engine running command,Engine Status,status,"rgb(166,86,40)"
420,2026-06-14 17:06:46.402655,can_tapper31,2026-06-14 17:06:48.404648,2.001993,Glow plugs preheating,Engine Heater Glow Plugs Status,Engine Heater Glow Plugs,"rgb(166,86,40)"
421,2026-06-14 17:44:51.579994,can_tapper31,2026-06-14 17:44:51.579994,0.0,Engine starting command,Engine Status,status,"rgb(247,129,191)"
421,2026-06-14 17:44:51.579994,can_tapper31,2026-06-14 17:44:53.205445,1.625451,Engine running command,Engine Status,status,"rgb(247,129,191)"
421,2026-06-14 17:44:51.579994,can_tapper31,2026-06-14 17:44:53.677364,2.09737,Glow plugs preheating,Engine Heater Glow Plugs Status,Engine Heater Glow Plugs,"rgb(247,129,191)"
422,2026-06-14 17:56:16.296670,can_tapper31,2026-06-14 17:56:16.296670,0.0,Engine starting command,Engine Status,status,"rgb(153,153,153)"
422,2026-06-14 17:56:16.296670,can_tapper31,2026-06-14 17:56:18.047843,1.751173,Engine running command,Engine Status,status,"rgb(153,153,153)"
422,2026-06-14 17:56:16.296670,can_tapper31,2026-06-14 17:56:18.195597,1.898927,Glow plugs preheating,Engine Heater Glow Plugs Status,Engine Heater Glow Plugs,"rgb(153,153,153)"
423,2026-07-01 10:33:52.316871,can_tapper31,2026-07-01 10:33:52.316871,0.0,Engine starting command,Engine Status,status,"rgb(228,26,28)"
423,2026-07-01 10:33:52.316871,can_tapper31,2026-07-01 10:33:53.879927,1.563056,Engine running command,Engine Status,status,"rgb(228,26,28)"
423,2026-07-01 10:33:52.316871,can_tapper31,2026-07-01 10:33:54.418621,2.10175,Glow plugs preheating,Engine Heater Glow Plugs Status,Engine Heater Glow Plugs,"rgb(228,26,28)"
424,2026-07-01 11:01:09.536434,can_tapper31,2026-07-01 11:01:09.536434,0.0,Engine starting command,Engine Status,status,"rgb(55,126,184)"
424,2026-07-01 11:01:09.536434,can_tapper31,2026-07-01 11:01:11.294195,1.757761,Engine running command,Engine Status,status,"rgb(55,126,184)"
424,2026-07-01 11:01:09.536434,can_tapper31,2026-07-01 11:01:11.535190,1.998756,Glow plugs preheating,Engine Heater Glow Plugs Status,Engine Heater Glow Plugs,"rgb(55,126,184)"
425,2026-07-01 12:00:19.797607,can_tapper31,2026-07-01 12:00:19.797607,0.0,Engine starting command,Engine Status,status,"rgb(77,175,74)"
425,2026-07-01 12:00:19.797607,can_tapper31,2026-07-01 12:00:21.065601,1.267994,Engine running command,Engine Status,status,"rgb(77,175,74)"
425,2026-07-01 12:00:19.797607,can_tapper31,2026-07-01 12:00:21.698202,1.900595,Glow plugs preheating,Engine Heater Glow Plugs Status,Engine Heater Glow Plugs,"rgb(77,175,74)"
426,2026-07-02 08:28:50.719660,can_tapper31,2026-07-02 08:28:50.719660,0.0,Engine starting command,Engine Status,status,"rgb(152,78,163)"
426,2026-07-02 08:28:50.719660,can_tapper31,2026-07-02 08:28:52.616062,1.896402,Engine running command,Engine Status,status,"rgb(152,78,163)"
426,2026-07-02 08:28:50.719660,can_tapper31,2026-07-02 08:28:52.662759,1.943099,Glow plugs preheating,Engine Heater Glow Plugs Status,Engine Heater Glow Plugs,"rgb(152,78,163)"
427,2026-07-02 10:54:55.559904,can_tapper31,2026-07-02 10:54:55.559904,0.0,Engine starting command,Engine Status,status,"rgb(255,127,0)"
427,2026-07-02 10:54:55.559904,can_tapper31,2026-07-02 10:54:57.431580,1.871676,Engine running command,Engine Status,status,"rgb(255,127,0)"
427,2026-07-02 10:54:55.559904,can_tapper31,2026-07-02 10:54:57.467902,1.907998,Glow plugs preheating,Engine Heater Glow Plugs Status,Engine Heater Glow Plugs,"rgb(255,127,0)"
428,2026-07-02 12:28:58.908138,can_tapper31,2026-07-02 12:28:58.908138,0.0,Engine starting command,Engine Status,status,"rgb(255,255,51)"
428,2026-07-02 12:28:58.908138,can_tapper31,2026-07-02 12:29:00.709213,1.801075,Engine running command,Engine Status,status,"rgb(255,255,51)"
428,2026-07-02 12:28:58.908138,can_tapper31,2026-07-02 12:29:01.008852,2.100714,Glow plugs preheating,Engine Heater Glow Plugs Status,Engine Heater Glow Plugs,"rgb(255,255,51)"
429,2026-07-02 12:49:42.096698,can_tapper31,2026-07-02 12:49:42.096698,0.0,Engine starting command,Engine Status,status,"rgb(166,86,40)"
429,2026-07-02 12:49:42.096698,can_tapper31,2026-07-02 12:49:43.858106,1.761408,Engine running command,Engine Status,status,"rgb(166,86,40)"
429,2026-07-02 12:49:42.096698,can_tapper31,2026-07-02 12:49:44.092929,1.996231,Glow plugs preheating,Engine Heater Glow Plugs Status,Engine Heater Glow Plugs,"rgb(166,86,40)"
430,2026-07-02 15:36:07.663928,can_tapper31,2026-07-02 15:36:07.663928,0.0,Engine starting command,Engine Status,status,"rgb(247,129,191)"
430,2026-07-02 15:36:07.663928,can_tapper31,2026-07-02 15:36:09.397678,1.73375,Engine running command,Engine Status,status,"rgb(247,129,191)"
430,2026-07-02 15:36:07.663928,can_tapper31,2026-07-02 15:36:09.762428,2.0985,Glow plugs preheating,Engine Heater Glow Plugs Status,Engine Heater Glow Plugs,"rgb(247,129,191)"
431,2026-07-02 15:43:25.287684,can_tapper31,2026-07-02 15:43:25.287684,0.0,Engine starting command,Engine Status,status,"rgb(153,153,153)"
431,2026-07-02 15:43:25.287684,can_tapper31,2026-07-02 15:43:26.865282,1.577598,Engine running command,Engine Status,status,"rgb(153,153,153)"
431,2026-07-02 15:43:25.287684,can_tapper31,2026-07-02 15:43:27.192100,1.904416,Glow plugs preheating,Engine Heater Glow Plugs Status,Engine Heater Glow Plugs,"rgb(153,153,153)"
432,2026-07-03 07:34:17.498205,can_tapper31,2026-07-03 07:34:17.498205,0.0,Engine starting command,Engine Status,status,"rgb(228,26,28)"
432,2026-07-03 07:34:17.498205,can_tapper31,2026-07-03 07:34:19.355024,1.856819,Engine running command,Engine Status,status,"rgb(228,26,28)"
432,2026-07-03 07:34:17.498205,can_tapper31,2026-07-03 07:34:19.611575,2.11337,Glow plugs preheating,Engine Heater Glow Plugs Status,Engine Heater Glow Plugs,"rgb(228,26,28)"
433,2026-07-03 09:16:29.705779,can_tapper31,2026-07-03 09:16:29.705779,0.0,Engine starting command,Engine Status,status,"rgb(55,126,184)"
433,2026-07-03 09:16:29.705779,can_tapper31,2026-07-03 09:16:31.448424,1.742645,Engine running command,Engine Status,status,"rgb(55,126,184)"
433,2026-07-03 09:16:29.705779,can_tapper31,2026-07-03 09:16:31.802830,2.097051,Glow plugs preheating,Engine Heater Glow Plugs Status,Engine Heater Glow Plugs,"rgb(55,126,184)"
433,2026-07-03 09:16:29.705779,can_tapper31,2026-07-03 09:18:08.532700,98.826921,Engine running command,Engine Status,status,"rgb(55,126,184)"
433,2026-07-03 09:16:29.705779,can_tapper31,2026-07-03 09:18:08.972825,99.267046,Glow plugs preheating,Engine Heater Glow Plugs Status,Engine Heater Glow Plugs,"rgb(55,126,184)"
434,2026-07-03 09:18:06.974705,can_tapper31,2026-07-03 09:18:06.974705,0.0,Engine starting command,Engine Status,status,"rgb(77,175,74)"
434,2026-07-03 09:18:06.974705,can_tapper31,2026-07-03 09:18:08.532700,1.557995,Engine running command,Engine Status,status,"rgb(77,175,74)"
434,2026-07-03 09:18:06.974705,can_tapper31,2026-07-03 09:18:08.972825,1.99812,Glow plugs preheating,Engine Heater Glow Plugs Status,Engine Heater Glow Plugs,"rgb(77,175,74)"
435,2026-07-03 11:20:26.981457,can_tapper31,2026-07-03 11:20:26.981457,0.0,Engine starting command,Engine Status,status,"rgb(152,78,163)"
435,2026-07-03 11:20:26.981457,can_tapper31,2026-07-03 11:20:24.874811,-2.106646,Glow plugs preheating,Engine Heater Glow Plugs Status,Engine Heater Glow Plugs,"rgb(152,78,163)"
435,2026-07-03 11:20:26.981457,can_tapper31,2026-07-03 11:20:28.544587,1.56313,Engine running command,Engine Status,status,"rgb(152,78,163)"
436,2026-07-03 11:22:39.726437,can_tapper31,2026-07-03 11:22:39.726437,0.0,Engine starting command,Engine Status,status,"rgb(255,127,0)"
436,2026-07-03 11:22:39.726437,can_tapper31,2026-07-03 11:22:39.647536,-0.078901,Glow plugs preheating,Engine Heater Glow Plugs Status,Engine Heater Glow Plugs,"rgb(255,127,0)"
436,2026-07-03 11:22:39.726437,can_tapper31,2026-07-03 11:22:41.310119,1.583682,Engine running command,Engine Status,status,"rgb(255,127,0)"
437,2026-07-09 12:55:08.867734,can_tapper31,2026-07-09 12:55:08.867734,0.0,Engine starting command,Engine Status,status,"rgb(255,255,51)"
437,2026-07-09 12:55:08.867734,can_tapper31,2026-07-09 12:55:06.761679,-2.106055,Glow plugs preheating,Engine Heater Glow Plugs Status,Engine Heater Glow Plugs,"rgb(255,255,51)"
437,2026-07-09 12:55:08.867734,can_tapper31,2026-07-09 12:55:10.521954,1.65422,Engine running command,Engine Status,status,"rgb(255,255,51)"
438,2026-07-09 14:12:00.391889,can_tapper31,2026-07-09 14:12:00.391889,0.0,Engine starting command,Engine Status,status,"rgb(166,86,40)"
438,2026-07-09 14:12:00.391889,can_tapper31,2026-07-09 14:11:58.484911,-1.906978,Glow plugs preheating,Engine Heater Glow Plugs Status,Engine Heater Glow Plugs,"rgb(166,86,40)"
438,2026-07-09 14:12:00.391889,can_tapper31,2026-07-09 14:12:01.866266,1.474377,Engine running command,Engine Status,status,"rgb(166,86,40)"
439,2026-07-09 14:53:20.222532,can_tapper31,2026-07-09 14:53:20.222532,0.0,Engine starting command,Engine Status,status,"rgb(247,129,191)"
439,2026-07-09 14:53:20.222532,can_tapper31,2026-07-09 14:53:18.220612,-2.00192,Glow plugs preheating,Engine Heater Glow Plugs Status,Engine Heater Glow Plugs,"rgb(247,129,191)"
439,2026-07-09 14:53:20.222532,can_tapper31,2026-07-09 14:53:21.962232,1.7397,Engine running command,Engine Status,status,"rgb(247,129,191)"
